canonical_project_id,anchor_month,target,status,primary_reason,reasons,baseline_approved_date,event,event_month,event_approved_date,date_change_months,anchor_source_id,anchor_page,anchor_table,anchor_schema,future_source_id,future_page,future_table,future_schema,source_schema_transition,original_date_changed,possible_correction_flag
PRH-400005,2025-04,S1,ELIGIBLE,,,2023-06-01,1,2025-07,2025-12-01,30,SRC-2025-04,183,Project List: Ongoing Projects,PAIMANA_V1,SRC-2025-07-P01,44,All Ongoing Projects,PAIMANA,True,False,False
PRH-400005,2025-05,S1,ELIGIBLE,,,2023-06-01,1,2025-07,2025-12-01,30,SRC-2025-05,145,Project List: Ongoing Projects,PAIMANA_V1,SRC-2025-07-P01,44,All Ongoing Projects,PAIMANA,True,False,False
PRH-400005,2025-06,S1,ELIGIBLE,,,2023-06-01,1,2025-07,2025-12-01,30,SRC-2025-06,159,Project List: Ongoing Projects,PAIMANA_V1,SRC-2025-07-P01,44,All Ongoing Projects,PAIMANA,True,False,False
PRH-400019,2025-04,S1,ELIGIBLE,,,2026-12-01,1,2025-07,2027-09-01,9,SRC-2025-04,158,Project List: Ongoing Projects,PAIMANA_V1,SRC-2025-07-P01,57,All Ongoing Projects,PAIMANA,True,False,False
PRH-400019,2025-05,S1,ELIGIBLE,,,2026-12-01,1,2025-07,2027-09-01,9,SRC-2025-05,126,Project List: Ongoing Projects,PAIMANA_V1,SRC-2025-07-P01,57,All Ongoing Projects,PAIMANA,True,False,False
PRH-400019,2025-06,S1,ELIGIBLE,,,2026-12-01,1,2025-07,2027-09-01,9,SRC-2025-06,139,Project List: Ongoing Projects,PAIMANA_V1,SRC-2025-07-P01,57,All Ongoing Projects,PAIMANA,True,False,False
PRH-400023,2026-02,S1,ELIGIBLE,,,2028-04-01,1,2026-05,2030-03-01,23,SRC-2026-02,93,All Ongoing Projects,PAIMANA,SRC-2026-05,83,All Ongoing Projects,PAIMANA,False,False,False
PRH-400023,2026-03,S1,ELIGIBLE,,,2028-04-01,1,2026-05,2030-03-01,23,SRC-2026-03,82,All Ongoing Projects,PAIMANA,SRC-2026-05,83,All Ongoing Projects,PAIMANA,False,False,False
PRH-400035,2023-08,S1,ELIGIBLE,,,2025-08-01,1,2023-11,2025-09-01,1,SRC-2023-08,134,Detail of ongoing Projects Costing Rs 150 Crore and above,OCMS,SRC-2023-11,435,Detail of ongoing Projects Costing Rs 150 Crore and above,OCMS,False,False,False
PRH-400077,2023-08,S1,ELIGIBLE,,,2024-07-01,1,2023-09,2024-12-01,5,SRC-2023-08,136,Detail of ongoing Projects Costing Rs 150 Crore and above,OCMS,SRC-2023-09,107,Detail of ongoing Projects Costing Rs 150 Crore and above,OCMS,False,False,False
PRH-400087,2025-10,S1,ELIGIBLE,,,2026-02-01,1,2026-01,2027-03-01,13,SRC-2025-10,56,All Ongoing Projects,PAIMANA,SRC-2026-01,76,All Ongoing Projects,PAIMANA,False,True,True
PRH-400087,2025-11,S1,ELIGIBLE,,,2026-02-01,1,2026-01,2027-03-01,13,SRC-2025-11,56,All Ongoing Projects,PAIMANA,SRC-2026-01,76,All Ongoing Projects,PAIMANA,False,True,True
PRH-400087,2025-12,S1,ELIGIBLE,,,2026-02-01,1,2026-01,2027-03-01,13,SRC-2025-12,64,All Ongoing Projects,PAIMANA,SRC-2026-01,76,All Ongoing Projects,PAIMANA,False,True,True
PRH-400155,2025-06,S1,ELIGIBLE,,,2028-03-01,1,2025-09,2031-03-01,36,SRC-2025-06,107,Project List: Ongoing Projects,PAIMANA_V1,SRC-2025-09,44,All Ongoing Projects,PAIMANA,True,True,True
PRH-400155,2025-07,S1,ELIGIBLE,,,2028-03-01,1,2025-09,2031-03-01,36,SRC-2025-07-P01,39,All Ongoing Projects,PAIMANA,SRC-2025-09,44,All Ongoing Projects,PAIMANA,False,True,True
PRH-400155,2025-08,S1,ELIGIBLE,,,2028-03-01,1,2025-09,2031-03-01,36,SRC-2025-08,39,All Ongoing Projects,PAIMANA,SRC-2025-09,44,All Ongoing Projects,PAIMANA,False,True,True
PRH-400160,2025-04,S1,ELIGIBLE,,,2016-03-01,1,2025-07,2027-03-01,132,SRC-2025-04,119,Project List: Ongoing Projects,PAIMANA_V1,SRC-2025-07-P01,39,All Ongoing Projects,PAIMANA,True,False,True
PRH-400160,2025-05,S1,ELIGIBLE,,,2016-03-01,1,2025-07,2027-03-01,132,SRC-2025-05,98,Project List: Ongoing Projects,PAIMANA_V1,SRC-2025-07-P01,39,All Ongoing Projects,PAIMANA,True,False,True
PRH-400160,2025-06,S1,ELIGIBLE,,,2016-03-01,1,2025-07,2027-03-01,132,SRC-2025-06,106,Project List: Ongoing Projects,PAIMANA_V1,SRC-2025-07-P01,39,All Ongoing Projects,PAIMANA,True,False,True
PRH-400162,2025-04,S1,ELIGIBLE,,,2023-03-01,1,2025-07,2027-03-01,48,SRC-2025-04,143,Project List: Ongoing Projects,PAIMANA_V1,SRC-2025-07-P01,39,All Ongoing Projects,PAIMANA,True,False,False
PRH-400162,2025-05,S1,ELIGIBLE,,,2023-03-01,1,2025-07,2027-03-01,48,SRC-2025-05,117,Project List: Ongoing Projects,PAIMANA_V1,SRC-2025-07-P01,39,All Ongoing Projects,PAIMANA,True,False,False
PRH-400162,2025-06,S1,ELIGIBLE,,,2023-03-01,1,2025-07,2027-03-01,48,SRC-2025-06,127,Project List: Ongoing Projects,PAIMANA_V1,SRC-2025-07-P01,39,All Ongoing Projects,PAIMANA,True,False,False
PRH-400167,2025-12,S1,ELIGIBLE,,,2026-03-01,1,2026-03,2026-04-01,1,SRC-2025-12,64,All Ongoing Projects,PAIMANA,SRC-2026-03,72,All Ongoing Projects,PAIMANA,False,False,False
PRH-400167,2026-01,S1,ELIGIBLE,,,2026-03-01,1,2026-03,2026-04-01,1,SRC-2026-01,76,All Ongoing Projects,PAIMANA,SRC-2026-03,72,All Ongoing Projects,PAIMANA,False,False,False
PRH-400167,2026-02,S1,ELIGIBLE,,,2026-03-01,1,2026-03,2026-04-01,1,SRC-2026-02,83,All Ongoing Projects,PAIMANA,SRC-2026-03,72,All Ongoing Projects,PAIMANA,False,False,False
PRH-400169,2025-04,S1,ELIGIBLE,,,2025-03-01,1,2025-07,2025-10-01,7,SRC-2025-04,92,Project List: Ongoing Projects,PAIMANA_V1,SRC-2025-07-P01,50,All Ongoing Projects,PAIMANA,True,False,False
PRH-400169,2025-05,S1,ELIGIBLE,,,2025-03-01,1,2025-07,2025-10-01,7,SRC-2025-05,79,Project List: Ongoing Projects,PAIMANA_V1,SRC-2025-07-P01,50,All Ongoing Projects,PAIMANA,True,False,False
PRH-400169,2025-06,S1,ELIGIBLE,,,2025-03-01,1,2025-07,2025-10-01,7,SRC-2025-06,83,Project List: Ongoing Projects,PAIMANA_V1,SRC-2025-07-P01,50,All Ongoing Projects,PAIMANA,True,False,False
PRH-400172,2025-07,S1,ELIGIBLE,,,2026-03-01,1,2025-10,2028-03-01,24,SRC-2025-07-P01,39,All Ongoing Projects,PAIMANA,SRC-2025-10,44,All Ongoing Projects,PAIMANA,False,False,False
PRH-400172,2025-08,S1,ELIGIBLE,,,2026-03-01,1,2025-10,2028-03-01,24,SRC-2025-08,39,All Ongoing Projects,PAIMANA,SRC-2025-10,44,All Ongoing Projects,PAIMANA,False,False,False
PRH-400172,2025-09,S1,ELIGIBLE,,,2026-03-01,1,2025-10,2028-03-01,24,SRC-2025-09,44,All Ongoing Projects,PAIMANA,SRC-2025-10,44,All Ongoing Projects,PAIMANA,False,False,False
PRH-400173,2025-07,S1,ELIGIBLE,,,2026-03-01,1,2025-10,2030-03-01,48,SRC-2025-07-P01,41,All Ongoing Projects,PAIMANA,SRC-2025-10,46,All Ongoing Projects,PAIMANA,False,False,False
PRH-400173,2025-08,S1,ELIGIBLE,,,2026-03-01,1,2025-10,2030-03-01,48,SRC-2025-08,41,All Ongoing Projects,PAIMANA,SRC-2025-10,46,All Ongoing Projects,PAIMANA,False,False,False
PRH-400173,2025-09,S1,ELIGIBLE,,,2026-03-01,1,2025-10,2030-03-01,48,SRC-2025-09,46,All Ongoing Projects,PAIMANA,SRC-2025-10,46,All Ongoing Projects,PAIMANA,False,False,False
PRH-400177,2025-04,S1,ELIGIBLE,,,2025-03-01,1,2025-07,2026-03-01,12,SRC-2025-04,151,Project List: Ongoing Projects,PAIMANA_V1,SRC-2025-07-P01,40,All Ongoing Projects,PAIMANA,True,False,False
PRH-400177,2025-05,S1,ELIGIBLE,,,2025-03-01,1,2025-07,2026-03-01,12,SRC-2025-05,122,Project List: Ongoing Projects,PAIMANA_V1,SRC-2025-07-P01,40,All Ongoing Projects,PAIMANA,True,False,False
PRH-400177,2025-06,S1,ELIGIBLE,,,2025-03-01,1,2025-07,2026-03-01,12,SRC-2025-06,133,Project List: Ongoing Projects,PAIMANA_V1,SRC-2025-07-P01,40,All Ongoing Projects,PAIMANA,True,False,False
PRH-400180,2025-07,S1,ELIGIBLE,,,2026-03-01,1,2025-10,2030-03-01,48,SRC-2025-07-P01,41,All Ongoing Projects,PAIMANA,SRC-2025-10,46,All Ongoing Projects,PAIMANA,False,False,False
PRH-400180,2025-08,S1,ELIGIBLE,,,2026-03-01,1,2025-10,2030-03-01,48,SRC-2025-08,41,All Ongoing Projects,PAIMANA,SRC-2025-10,46,All Ongoing Projects,PAIMANA,False,False,False
PRH-400180,2025-09,S1,ELIGIBLE,,,2026-03-01,1,2025-10,2030-03-01,48,SRC-2025-09,46,All Ongoing Projects,PAIMANA,SRC-2025-10,46,All Ongoing Projects,PAIMANA,False,False,False
PRH-400182,2025-07,S1,ELIGIBLE,,,2027-03-01,1,2025-10,2030-03-01,36,SRC-2025-07-P01,41,All Ongoing Projects,PAIMANA,SRC-2025-10,46,All Ongoing Projects,PAIMANA,False,False,False
PRH-400182,2025-08,S1,ELIGIBLE,,,2027-03-01,1,2025-10,2030-03-01,36,SRC-2025-08,41,All Ongoing Projects,PAIMANA,SRC-2025-10,46,All Ongoing Projects,PAIMANA,False,False,False
PRH-400182,2025-09,S1,ELIGIBLE,,,2027-03-01,1,2025-10,2030-03-01,36,SRC-2025-09,46,All Ongoing Projects,PAIMANA,SRC-2025-10,46,All Ongoing Projects,PAIMANA,False,False,False
PRH-400185,2025-04,S1,ELIGIBLE,,,2028-03-01,1,2025-07,2030-03-01,24,SRC-2025-04,193,Project List: Ongoing Projects,PAIMANA_V1,SRC-2025-07-P01,41,All Ongoing Projects,PAIMANA,True,True,True
PRH-400185,2025-05,S1,ELIGIBLE,,,2028-03-01,1,2025-07,2030-03-01,24,SRC-2025-05,150,Project List: Ongoing Projects,PAIMANA_V1,SRC-2025-07-P01,41,All Ongoing Projects,PAIMANA,True,True,True
PRH-400185,2025-06,S1,ELIGIBLE,,,2028-03-01,1,2025-07,2030-03-01,24,SRC-2025-06,166,Project List: Ongoing Projects,PAIMANA_V1,SRC-2025-07-P01,41,All Ongoing Projects,PAIMANA,True,True,True
PRH-400220,2025-04,S1,ELIGIBLE,,,2018-09-01,1,2025-07,2026-03-01,90,SRC-2025-04,83,Project List: Ongoing Projects,PAIMANA_V1,SRC-2025-07-P01,54,All Ongoing Projects,PAIMANA,True,False,True
PRH-400220,2025-05,S1,ELIGIBLE,,,2018-09-01,1,2025-07,2026-03-01,90,SRC-2025-05,73,Project List: Ongoing Projects,PAIMANA_V1,SRC-2025-07-P01,54,All Ongoing Projects,PAIMANA,True,False,True
PRH-400220,2025-06,S1,ELIGIBLE,,,2018-09-01,1,2025-07,2026-03-01,90,SRC-2025-06,76,Project List: Ongoing Projects,PAIMANA_V1,SRC-2025-07-P01,54,All Ongoing Projects,PAIMANA,True,False,True
PRH-400253,2025-11,S1,ELIGIBLE,,,2025-12-01,1,2026-01,2026-12-01,12,SRC-2025-11,65,All Ongoing Projects,PAIMANA,SRC-2026-01,86,All Ongoing Projects,PAIMANA,False,False,False
PRH-400253,2025-12,S1,ELIGIBLE,,,2025-12-01,1,2026-01,2026-12-01,12,SRC-2025-12,72,All Ongoing Projects,PAIMANA,SRC-2026-01,86,All Ongoing Projects,PAIMANA,False,False,False
PRH-400261,2025-04,S1,ELIGIBLE,,,2023-03-01,1,2025-07,2026-11-01,44,SRC-2025-04,122,Project List: Ongoing Projects,PAIMANA_V1,SRC-2025-07-P01,42,All Ongoing Projects,PAIMANA,True,False,False
PRH-400261,2025-05,S1,ELIGIBLE,,,2023-03-01,1,2025-07,2026-11-01,44,SRC-2025-05,100,Project List: Ongoing Projects,PAIMANA_V1,SRC-2025-07-P01,42,All Ongoing Projects,PAIMANA,True,False,False
PRH-400261,2025-06,S1,ELIGIBLE,,,2023-03-01,1,2025-07,2026-11-01,44,SRC-2025-06,109,Project List: Ongoing Projects,PAIMANA_V1,SRC-2025-07-P01,42,All Ongoing Projects,PAIMANA,True,False,False
PRH-400271,2023-08,S1,ELIGIBLE,,,2023-03-01,1,2023-09,2026-12-01,45,SRC-2023-08,146,Detail of ongoing Projects Costing Rs 150 Crore and above,OCMS,SRC-2023-09,116,Detail of ongoing Projects Costing Rs 150 Crore and above,OCMS,False,False,False
PRH-400277,2025-04,S1,ELIGIBLE,,,2025-12-01,1,2025-07,2026-03-01,3,SRC-2025-04,264,Project List: Ongoing Projects,PAIMANA_V1,SRC-2025-07-P01,62,All Ongoing Projects,PAIMANA,True,False,False
PRH-400277,2025-05,S1,ELIGIBLE,,,2025-12-01,1,2025-07,2026-03-01,3,SRC-2025-05,204,Project List: Ongoing Projects,PAIMANA_V1,SRC-2025-07-P01,62,All Ongoing Projects,PAIMANA,True,False,False
PRH-400277,2025-06,S1,ELIGIBLE,,,2025-12-01,1,2025-07,2026-03-01,3,SRC-2025-06,226,Project List: Ongoing Projects,PAIMANA_V1,SRC-2025-07-P01,62,All Ongoing Projects,PAIMANA,True,False,False
PRH-400291,2025-04,S1,ELIGIBLE,,,2020-03-01,1,2025-07,2025-12-01,69,SRC-2025-04,83,Project List: Ongoing Projects,PAIMANA_V1,SRC-2025-07-P01,54,All Ongoing Projects,PAIMANA,True,False,True
PRH-400291,2025-05,S1,ELIGIBLE,,,2020-03-01,1,2025-07,2025-12-01,69,SRC-2025-05,72,Project List: Ongoing Projects,PAIMANA_V1,SRC-2025-07-P01,54,All Ongoing Projects,PAIMANA,True,False,True
PRH-400291,2025-06,S1,ELIGIBLE,,,2020-03-01,1,2025-07,2025-12-01,69,SRC-2025-06,75,Project List: Ongoing Projects,PAIMANA_V1,SRC-2025-07-P01,54,All Ongoing Projects,PAIMANA,True,False,True
PRH-400313,2025-04,S1,ELIGIBLE,,,2019-08-01,1,2025-07,2028-12-01,112,SRC-2025-04,261,Project List: Ongoing Projects,PAIMANA_V1,SRC-2025-07-P01,40,All Ongoing Projects,PAIMANA,True,False,True
PRH-400313,2025-05,S1,ELIGIBLE,,,2019-08-01,1,2025-07,2028-12-01,112,SRC-2025-05,202,Project List: Ongoing Projects,PAIMANA_V1,SRC-2025-07-P01,40,All Ongoing Projects,PAIMANA,True,False,True
PRH-400313,2025-06,S1,ELIGIBLE,,,2019-08-01,1,2025-07,2028-12-01,112,SRC-2025-06,223,Project List: Ongoing Projects,PAIMANA_V1,SRC-2025-07-P01,40,All Ongoing Projects,PAIMANA,True,False,True
PRH-400321,2025-04,S1,ELIGIBLE,,,2025-03-01,1,2025-07,2028-03-01,36,SRC-2025-04,143,Project List: Ongoing Projects,PAIMANA_V1,SRC-2025-07-P01,39,All Ongoing Projects,PAIMANA,True,False,False
PRH-400321,2025-05,S1,ELIGIBLE,,,2025-03-01,1,2025-07,2028-03-01,36,SRC-2025-05,117,Project List: Ongoing Projects,PAIMANA_V1,SRC-2025-07-P01,39,All Ongoing Projects,PAIMANA,True,False,False
PRH-400321,2025-06,S1,ELIGIBLE,,,2025-03-01,1,2025-07,2028-03-01,36,SRC-2025-06,127,Project List: Ongoing Projects,PAIMANA_V1,SRC-2025-07-P01,39,All Ongoing Projects,PAIMANA,True,False,False
PRH-400369,2025-04,S1,ELIGIBLE,,,2024-03-01,1,2025-07,2027-03-01,36,SRC-2025-04,181,Project List: Ongoing Projects,PAIMANA_V1,SRC-2025-07-P01,40,All Ongoing Projects,PAIMANA,True,False,False
PRH-400369,2025-05,S1,ELIGIBLE,,,2024-03-01,1,2025-07,2027-03-01,36,SRC-2025-05,143,Project List: Ongoing Projects,PAIMANA_V1,SRC-2025-07-P01,40,All Ongoing Projects,PAIMANA,True,False,False
PRH-400369,2025-06,S1,ELIGIBLE,,,2024-03-01,1,2025-07,2027-03-01,36,SRC-2025-06,157,Project List: Ongoing Projects,PAIMANA_V1,SRC-2025-07-P01,40,All Ongoing Projects,PAIMANA,True,False,False
PRH-400416,2025-08,S1,ELIGIBLE,,,2025-06-01,1,2025-09,2026-06-01,12,SRC-2025-08,42,All Ongoing Projects,PAIMANA,SRC-2025-09,47,All Ongoing Projects,PAIMANA,False,False,False
PRH-400425,2025-04,S1,ELIGIBLE,,,2019-03-01,1,2025-07,2026-05-01,86,SRC-2025-04,119,Project List: Ongoing Projects,PAIMANA_V1,SRC-2025-07-P01,39,All Ongoing Projects,PAIMANA,True,False,True
PRH-400425,2025-05,S1,ELIGIBLE,,,2019-03-01,1,2025-07,2026-05-01,86,SRC-2025-05,98,Project List: Ongoing Projects,PAIMANA_V1,SRC-2025-07-P01,39,All Ongoing Projects,PAIMANA,True,False,True
PRH-400425,2025-06,S1,ELIGIBLE,,,2019-03-01,1,2025-07,2026-05-01,86,SRC-2025-06,106,Project List: Ongoing Projects,PAIMANA_V1,SRC-2025-07-P01,39,All Ongoing Projects,PAIMANA,True,False,True
PRH-602195,2025-04,S1,ELIGIBLE,,,2013-06-01,1,2025-07,2027-03-01,165,SRC-2025-04,256,Project List: Ongoing Projects,PAIMANA_V1,SRC-2025-07-P01,43,All Ongoing Projects,PAIMANA,True,True,True
PRH-602195,2025-05,S1,ELIGIBLE,,,2013-06-01,1,2025-07,2027-03-01,165,SRC-2025-05,198,Project List: Ongoing Projects,PAIMANA_V1,SRC-2025-07-P01,43,All Ongoing Projects,PAIMANA,True,True,True
PRH-602195,2025-06,S1,ELIGIBLE,,,2013-06-01,1,2025-07,2027-03-01,165,SRC-2025-06,219,Project List: Ongoing Projects,PAIMANA_V1,SRC-2025-07-P01,43,All Ongoing Projects,PAIMANA,True,True,True
PRH-602532,2025-04,S1,ELIGIBLE,,,2024-08-01,1,2025-07,2026-03-01,19,SRC-2025-04,112,Project List: Ongoing Projects,PAIMANA_V1,SRC-2025-07-P01,42,All Ongoing Projects,PAIMANA,True,True,True
PRH-602532,2025-05,S1,ELIGIBLE,,,2024-08-01,1,2025-07,2026-03-01,19,SRC-2025-05,94,Project List: Ongoing Projects,PAIMANA_V1,SRC-2025-07-P01,42,All Ongoing Projects,PAIMANA,True,True,True
PRH-602532,2025-06,S1,ELIGIBLE,,,2024-08-01,1,2025-07,2026-03-01,19,SRC-2025-06,100,Project List: Ongoing Projects,PAIMANA_V1,SRC-2025-07-P01,42,All Ongoing Projects,PAIMANA,True,True,True
PRH-602579,2025-04,S1,ELIGIBLE,,,2024-01-01,1,2025-07,2025-11-01,22,SRC-2025-04,70,Project List: Ongoing Projects,PAIMANA_V1,SRC-2025-07-P01,42,All Ongoing Projects,PAIMANA,True,False,False
PRH-602579,2025-05,S1,ELIGIBLE,,,2024-01-01,1,2025-07,2025-11-01,22,SRC-2025-05,63,Project List: Ongoing Projects,PAIMANA_V1,SRC-2025-07-P01,42,All Ongoing Projects,PAIMANA,True,False,False
PRH-602579,2025-06,S1,ELIGIBLE,,,2024-01-01,1,2025-07,2025-11-01,22,SRC-2025-06,64,Project List: Ongoing Projects,PAIMANA_V1,SRC-2025-07-P01,42,All Ongoing Projects,PAIMANA,True,False,False
PRH-602582,2025-04,S1,ELIGIBLE,,,2025-11-01,1,2025-07,2027-03-01,16,SRC-2025-04,108,Project List: Ongoing Projects,PAIMANA_V1,SRC-2025-07-P01,42,All Ongoing Projects,PAIMANA,True,False,False
PRH-602582,2025-05,S1,ELIGIBLE,,,2025-11-01,1,2025-07,2027-03-01,16,SRC-2025-05,90,Project List: Ongoing Projects,PAIMANA_V1,SRC-2025-07-P01,42,All Ongoing Projects,PAIMANA,True,False,False
PRH-602582,2025-06,S1,ELIGIBLE,,,2025-11-01,1,2025-07,2027-03-01,16,SRC-2025-06,96,Project List: Ongoing Projects,PAIMANA_V1,SRC-2025-07-P01,42,All Ongoing Projects,PAIMANA,True,False,False
PRH-602593,2025-04,S1,ELIGIBLE,,,2026-01-01,1,2025-07,2029-08-01,43,SRC-2025-04,108,Project List: Ongoing Projects,PAIMANA_V1,SRC-2025-07-P01,42,All Ongoing Projects,PAIMANA,True,False,False
PRH-602593,2025-05,S1,ELIGIBLE,,,2026-01-01,1,2025-07,2029-08-01,43,SRC-2025-05,90,Project List: Ongoing Projects,PAIMANA_V1,SRC-2025-07-P01,42,All Ongoing Projects,PAIMANA,True,False,False
PRH-602593,2025-06,S1,ELIGIBLE,,,2026-01-01,1,2025-07,2029-08-01,43,SRC-2025-06,96,Project List: Ongoing Projects,PAIMANA_V1,SRC-2025-07-P01,42,All Ongoing Projects,PAIMANA,True,False,False
PRH-602792,2025-04,S1,ELIGIBLE,,,2024-10-01,1,2025-07,2025-11-01,13,SRC-2025-04,84,Project List: Ongoing Projects,PAIMANA_V1,SRC-2025-07-P01,55,All Ongoing Projects,PAIMANA,True,True,True
PRH-602792,2025-05,S1,ELIGIBLE,,,2024-10-01,1,2025-07,2025-11-01,13,SRC-2025-05,73,Project List: Ongoing Projects,PAIMANA_V1,SRC-2025-07-P01,55,All Ongoing Projects,PAIMANA,True,True,True
PRH-602792,2025-06,S1,ELIGIBLE,,,2024-10-01,1,2025-07,2025-11-01,13,SRC-2025-06,76,Project List: Ongoing Projects,PAIMANA_V1,SRC-2025-07-P01,55,All Ongoing Projects,PAIMANA,True,True,True
PRH-602961,2025-04,S1,ELIGIBLE,,,2027-05-01,1,2025-07,2028-03-01,10,SRC-2025-04,195,Project List: Ongoing Projects,PAIMANA_V1,SRC-2025-07-P01,43,All Ongoing Projects,PAIMANA,True,False,False
PRH-602961,2025-05,S1,ELIGIBLE,,,2027-05-01,1,2025-07,2028-03-01,10,SRC-2025-05,152,Project List: Ongoing Projects,PAIMANA_V1,SRC-2025-07-P01,43,All Ongoing Projects,PAIMANA,True,False,False
PRH-602961,2025-06,S1,ELIGIBLE,,,2027-05-01,1,2025-07,2028-03-01,10,SRC-2025-06,168,Project List: Ongoing Projects,PAIMANA_V1,SRC-2025-07-P01,43,All Ongoing Projects,PAIMANA,True,False,False
PRH-604791,2025-04,S1,ELIGIBLE,,,2024-10-01,1,2025-07,2025-12-01,14,SRC-2025-04,61,Project List: Ongoing Projects,PAIMANA_V1,SRC-2025-07-P01,50,All Ongoing Projects,PAIMANA,True,True,True
PRH-604791,2025-05,S1,ELIGIBLE,,,2024-10-01,1,2025-07,2025-12-01,14,SRC-2025-05,56,Project List: Ongoing Projects,PAIMANA_V1,SRC-2025-07-P01,50,All Ongoing Projects,PAIMANA,True,True,True
PRH-604791,2025-06,S1,ELIGIBLE,,,2024-10-01,1,2025-07,2025-12-01,14,SRC-2025-06,56,Project List: Ongoing Projects,PAIMANA_V1,SRC-2025-07-P01,50,All Ongoing Projects,PAIMANA,True,True,True
PRH-604795,2025-04,S1,ELIGIBLE,,,2025-06-01,1,2025-07,2028-10-01,40,SRC-2025-04,221,Project List: Ongoing Projects,PAIMANA_V1,SRC-2025-07-P01,52,All Ongoing Projects,PAIMANA,True,False,False
PRH-604795,2025-05,S1,ELIGIBLE,,,2025-06-01,1,2025-07,2028-10-01,40,SRC-2025-05,171,Project List: Ongoing Projects,PAIMANA_V1,SRC-2025-07-P01,52,All Ongoing Projects,PAIMANA,True,False,False
PRH-604795,2025-06,S1,ELIGIBLE,,,2025-06-01,1,2025-07,2028-10-01,40,SRC-2025-06,189,Project List: Ongoing Projects,PAIMANA_V1,SRC-2025-07-P01,52,All Ongoing Projects,PAIMANA,True,False,False
PRH-604852,2025-04,S1,ELIGIBLE,,,2026-06-01,1,2025-07,2026-11-01,5,SRC-2025-04,239,Project List: Ongoing Projects,PAIMANA_V1,SRC-2025-07-P01,49,All Ongoing Projects,PAIMANA,True,True,True
PRH-604852,2025-05,S1,ELIGIBLE,,,2026-06-01,1,2025-07,2026-11-01,5,SRC-2025-05,185,Project List: Ongoing Projects,PAIMANA_V1,SRC-2025-07-P01,49,All Ongoing Projects,PAIMANA,True,True,True
PRH-604852,2025-06,S1,ELIGIBLE,,,2026-06-01,1,2025-07,2026-11-01,5,SRC-2025-06,205,Project List: Ongoing Projects,PAIMANA_V1,SRC-2025-07-P01,49,All Ongoing Projects,PAIMANA,True,True,True
PRH-605155,2025-05,S1,ELIGIBLE,,,2026-11-01,1,2025-08,2028-03-01,16,SRC-2025-05,94,Project List: Ongoing Projects,PAIMANA_V1,SRC-2025-08,42,All Ongoing Projects,PAIMANA,True,False,False
PRH-605155,2025-06,S1,ELIGIBLE,,,2026-11-01,1,2025-08,2028-03-01,16,SRC-2025-06,100,Project List: Ongoing Projects,PAIMANA_V1,SRC-2025-08,42,All Ongoing Projects,PAIMANA,True,False,False
PRH-605155,2025-07,S1,ELIGIBLE,,,2026-11-01,1,2025-08,2028-03-01,16,SRC-2025-07-P01,42,All Ongoing Projects,PAIMANA,SRC-2025-08,42,All Ongoing Projects,PAIMANA,False,False,False
PRH-605292,2025-04,S1,ELIGIBLE,,,2022-05-01,1,2025-07,2025-12-01,43,SRC-2025-04,203,Project List: Ongoing Projects,PAIMANA_V1,SRC-2025-07-P01,48,All Ongoing Projects,PAIMANA,True,True,True
PRH-605292,2025-05,S1,ELIGIBLE,,,2022-05-01,1,2025-07,2025-12-01,43,SRC-2025-05,157,Project List: Ongoing Projects,PAIMANA_V1,SRC-2025-07-P01,48,All Ongoing Projects,PAIMANA,True,True,True
PRH-605292,2025-06,S1,ELIGIBLE,,,2022-05-01,1,2025-07,2025-12-01,43,SRC-2025-06,174,Project List: Ongoing Projects,PAIMANA_V1,SRC-2025-07-P01,48,All Ongoing Projects,PAIMANA,True,True,True
PRH-609019,2025-04,S1,ELIGIBLE,,,2020-06-01,1,2025-07,2026-03-01,69,SRC-2025-04,262,Project List: Ongoing Projects,PAIMANA_V1,SRC-2025-07-P01,49,All Ongoing Projects,PAIMANA,True,True,True
PRH-609019,2025-05,S1,ELIGIBLE,,,2020-06-01,1,2025-07,2026-03-01,69,SRC-2025-05,203,Project List: Ongoing Projects,PAIMANA_V1,SRC-2025-07-P01,49,All Ongoing Projects,PAIMANA,True,True,True
PRH-609019,2025-06,S1,ELIGIBLE,,,2020-06-01,1,2025-07,2026-03-01,69,SRC-2025-06,225,Project List: Ongoing Projects,PAIMANA_V1,SRC-2025-07-P01,49,All Ongoing Projects,PAIMANA,True,True,True
PRH-609424,2025-08,S1,ELIGIBLE,,,2026-12-01,1,2025-10,2027-03-01,3,SRC-2025-08,53,All Ongoing Projects,PAIMANA,SRC-2025-10,59,All Ongoing Projects,PAIMANA,False,True,True
PRH-609424,2025-09,S1,ELIGIBLE,,,2026-12-01,1,2025-10,2027-03-01,3,SRC-2025-09,59,All Ongoing Projects,PAIMANA,SRC-2025-10,59,All Ongoing Projects,PAIMANA,False,True,True
PRH-609424,2025-12,S1,ELIGIBLE,,,2027-03-01,1,2026-03,2027-09-01,6,SRC-2025-12,67,All Ongoing Projects,PAIMANA,SRC-2026-03,78,All Ongoing Projects,PAIMANA,False,False,False
PRH-609424,2026-01,S1,ELIGIBLE,,,2027-03-01,1,2026-03,2027-09-01,6,SRC-2026-01,80,All Ongoing Projects,PAIMANA,SRC-2026-03,78,All Ongoing Projects,PAIMANA,False,False,False
PRH-609424,2026-02,S1,ELIGIBLE,,,2027-03-01,1,2026-03,2027-09-01,6,SRC-2026-02,88,All Ongoing Projects,PAIMANA,SRC-2026-03,78,All Ongoing Projects,PAIMANA,False,False,False
PRH-609736,2025-04,S1,ELIGIBLE,,,2025-01-01,1,2025-07,2025-09-01,8,SRC-2025-04,217,Project List: Ongoing Projects,PAIMANA_V1,SRC-2025-07-P01,48,All Ongoing Projects,PAIMANA,True,False,False
PRH-609736,2025-05,S1,ELIGIBLE,,,2025-01-01,1,2025-07,2025-09-01,8,SRC-2025-05,169,Project List: Ongoing Projects,PAIMANA_V1,SRC-2025-07-P01,48,All Ongoing Projects,PAIMANA,True,False,False
PRH-609736,2025-06,S1,ELIGIBLE,,,2025-01-01,1,2025-07,2025-09-01,8,SRC-2025-06,186,Project List: Ongoing Projects,PAIMANA_V1,SRC-2025-07-P01,48,All Ongoing Projects,PAIMANA,True,False,False
PRH-610315,2025-04,S1,ELIGIBLE,,,2022-03-01,1,2025-07,2025-11-01,44,SRC-2025-04,194,Project List: Ongoing Projects,PAIMANA_V1,SRC-2025-07-P01,48,All Ongoing Projects,PAIMANA,True,True,True
PRH-610315,2025-05,S1,ELIGIBLE,,,2022-03-01,1,2025-07,2025-11-01,44,SRC-2025-05,151,Project List: Ongoing Projects,PAIMANA_V1,SRC-2025-07-P01,48,All Ongoing Projects,PAIMANA,True,True,True
PRH-610315,2025-06,S1,ELIGIBLE,,,2022-03-01,1,2025-07,2025-11-01,44,SRC-2025-06,167,Project List: Ongoing Projects,PAIMANA_V1,SRC-2025-07-P01,48,All Ongoing Projects,PAIMANA,True,True,True
PRH-611016,2025-04,S1,ELIGIBLE,,,2020-09-01,1,2025-07,2025-09-01,60,SRC-2025-04,261,Project List: Ongoing Projects,PAIMANA_V1,SRC-2025-07-P01,41,All Ongoing Projects,PAIMANA,True,False,False
PRH-611016,2025-05,S1,ELIGIBLE,,,2020-09-01,1,2025-07,2025-09-01,60,SRC-2025-05,202,Project List: Ongoing Projects,PAIMANA_V1,SRC-2025-07-P01,41,All Ongoing Projects,PAIMANA,True,False,False
PRH-611016,2025-06,S1,ELIGIBLE,,,2020-09-01,1,2025-07,2025-09-01,60,SRC-2025-06,224,Project List: Ongoing Projects,PAIMANA_V1,SRC-2025-07-P01,41,All Ongoing Projects,PAIMANA,True,False,False
PRH-611017,2025-04,S1,ELIGIBLE,,,2018-04-01,1,2025-07,2026-03-01,95,SRC-2025-04,119,Project List: Ongoing Projects,PAIMANA_V1,SRC-2025-07-P01,39,All Ongoing Projects,PAIMANA,True,False,True
PRH-611017,2025-05,S1,ELIGIBLE,,,2018-04-01,1,2025-07,2026-03-01,95,SRC-2025-05,99,Project List: Ongoing Projects,PAIMANA_V1,SRC-2025-07-P01,39,All Ongoing Projects,PAIMANA,True,False,True
PRH-611017,2025-06,S1,ELIGIBLE,,,2018-04-01,1,2025-07,2026-03-01,95,SRC-2025-06,106,Project List: Ongoing Projects,PAIMANA_V1,SRC-2025-07-P01,39,All Ongoing Projects,PAIMANA,True,False,True
PRH-611047,2025-12,S1,ELIGIBLE,,,2026-06-01,1,2026-03,2026-11-01,5,SRC-2025-12,50,All Ongoing Projects,PAIMANA,SRC-2026-03,55,All Ongoing Projects,PAIMANA,False,False,False
PRH-611047,2026-01,S1,ELIGIBLE,,,2026-06-01,1,2026-03,2026-11-01,5,SRC-2026-01,62,All Ongoing Projects,PAIMANA,SRC-2026-03,55,All Ongoing Projects,PAIMANA,False,False,False
PRH-611047,2026-02,S1,ELIGIBLE,,,2026-06-01,1,2026-03,2026-11-01,5,SRC-2026-02,65,All Ongoing Projects,PAIMANA,SRC-2026-03,55,All Ongoing Projects,PAIMANA,False,False,False
PRH-611452,2025-04,S1,ELIGIBLE,,,2024-10-01,1,2025-07,2025-06-01,8,SRC-2025-04,157,Project List: Ongoing Projects,PAIMANA_V1,SRC-2025-07-P01,59,All Ongoing Projects,PAIMANA,True,True,True
PRH-611452,2025-05,S1,ELIGIBLE,,,2024-10-01,1,2025-07,2025-06-01,8,SRC-2025-05,126,Project List: Ongoing Projects,PAIMANA_V1,SRC-2025-07-P01,59,All Ongoing Projects,PAIMANA,True,True,True
PRH-611452,2025-06,S1,ELIGIBLE,,,2024-10-01,1,2025-07,2025-06-01,8,SRC-2025-06,139,Project List: Ongoing Projects,PAIMANA_V1,SRC-2025-07-P01,59,All Ongoing Projects,PAIMANA,True,True,True
PRH-611452,2025-08,S1,ELIGIBLE,,,2025-12-01,1,2025-11,2026-12-01,12,SRC-2025-08,60,All Ongoing Projects,PAIMANA,SRC-2025-11,66,All Ongoing Projects,PAIMANA,False,False,False
PRH-611452,2025-09,S1,ELIGIBLE,,,2025-12-01,1,2025-11,2026-12-01,12,SRC-2025-09,65,All Ongoing Projects,PAIMANA,SRC-2025-11,66,All Ongoing Projects,PAIMANA,False,False,False
PRH-611452,2025-10,S1,ELIGIBLE,,,2025-12-01,1,2025-11,2026-12-01,12,SRC-2025-10,66,All Ongoing Projects,PAIMANA,SRC-2025-11,66,All Ongoing Projects,PAIMANA,False,False,False
PRH-611586,2025-04,S1,ELIGIBLE,,,2028-04-01,1,2025-07,2028-12-01,8,SRC-2025-04,108,Project List: Ongoing Projects,PAIMANA_V1,SRC-2025-07-P01,42,All Ongoing Projects,PAIMANA,True,False,False
PRH-611586,2025-05,S1,ELIGIBLE,,,2028-04-01,1,2025-07,2028-12-01,8,SRC-2025-05,90,Project List: Ongoing Projects,PAIMANA_V1,SRC-2025-07-P01,42,All Ongoing Projects,PAIMANA,True,False,False
PRH-611586,2025-06,S1,ELIGIBLE,,,2028-04-01,1,2025-07,2028-12-01,8,SRC-2025-06,96,Project List: Ongoing Projects,PAIMANA_V1,SRC-2025-07-P01,42,All Ongoing Projects,PAIMANA,True,False,False
PRH-611669,2025-09,S1,ELIGIBLE,,,2027-03-01,1,2025-12,2028-03-01,12,SRC-2025-09,65,All Ongoing Projects,PAIMANA,SRC-2025-12,73,All Ongoing Projects,PAIMANA,False,False,False
PRH-611669,2025-10,S1,ELIGIBLE,,,2027-03-01,1,2025-12,2028-03-01,12,SRC-2025-10,65,All Ongoing Projects,PAIMANA,SRC-2025-12,73,All Ongoing Projects,PAIMANA,False,False,False
PRH-611669,2025-11,S1,ELIGIBLE,,,2027-03-01,1,2025-12,2028-03-01,12,SRC-2025-11,66,All Ongoing Projects,PAIMANA,SRC-2025-12,73,All Ongoing Projects,PAIMANA,False,False,False
PRH-611930,2025-09,S1,ELIGIBLE,,,2028-06-01,1,2025-12,2028-09-01,3,SRC-2025-09,47,All Ongoing Projects,PAIMANA,SRC-2025-12,55,All Ongoing Projects,PAIMANA,False,False,False
PRH-611930,2025-10,S1,ELIGIBLE,,,2028-06-01,1,2025-12,2028-09-01,3,SRC-2025-10,47,All Ongoing Projects,PAIMANA,SRC-2025-12,55,All Ongoing Projects,PAIMANA,False,False,False
PRH-611930,2025-11,S1,ELIGIBLE,,,2028-06-01,1,2025-12,2028-09-01,3,SRC-2025-11,47,All Ongoing Projects,PAIMANA,SRC-2025-12,55,All Ongoing Projects,PAIMANA,False,False,False
PRH-611943,2026-01,S1,ELIGIBLE,,,2028-01-01,1,2026-04,2028-02-01,1,SRC-2026-01,83,All Ongoing Projects,PAIMANA,SRC-2026-04,83,All Ongoing Projects,PAIMANA,False,False,False
PRH-611943,2026-02,S1,ELIGIBLE,,,2028-01-01,1,2026-04,2028-02-01,1,SRC-2026-02,92,All Ongoing Projects,PAIMANA,SRC-2026-04,83,All Ongoing Projects,PAIMANA,False,False,False
PRH-611943,2026-03,S1,ELIGIBLE,,,2028-01-01,1,2026-04,2028-02-01,1,SRC-2026-03,81,All Ongoing Projects,PAIMANA,SRC-2026-04,83,All Ongoing Projects,PAIMANA,False,False,False
PRH-611947,2025-04,S1,ELIGIBLE,,,2025-06-01,1,2025-07,2025-09-01,3,SRC-2025-04,211,Project List: Ongoing Projects,PAIMANA_V1,SRC-2025-07-P01,45,All Ongoing Projects,PAIMANA,True,False,False
PRH-611947,2025-05,S1,ELIGIBLE,,,2025-06-01,1,2025-07,2025-09-01,3,SRC-2025-05,163,Project List: Ongoing Projects,PAIMANA_V1,SRC-2025-07-P01,45,All Ongoing Projects,PAIMANA,True,False,False
PRH-611947,2025-06,S1,ELIGIBLE,,,2025-06-01,1,2025-07,2025-09-01,3,SRC-2025-06,181,Project List: Ongoing Projects,PAIMANA_V1,SRC-2025-07-P01,45,All Ongoing Projects,PAIMANA,True,False,False
PRH-611948,2025-04,S1,ELIGIBLE,,,2025-04-01,1,2025-07,2025-12-01,8,SRC-2025-04,210,Project List: Ongoing Projects,PAIMANA_V1,SRC-2025-07-P01,45,All Ongoing Projects,PAIMANA,True,False,False
PRH-611948,2025-05,S1,ELIGIBLE,,,2025-04-01,1,2025-07,2025-12-01,8,SRC-2025-05,163,Project List: Ongoing Projects,PAIMANA_V1,SRC-2025-07-P01,45,All Ongoing Projects,PAIMANA,True,False,False
PRH-611948,2025-06,S1,ELIGIBLE,,,2025-04-01,1,2025-07,2025-12-01,8,SRC-2025-06,180,Project List: Ongoing Projects,PAIMANA_V1,SRC-2025-07-P01,45,All Ongoing Projects,PAIMANA,True,False,False
PRH-611951,2025-04,S1,ELIGIBLE,,,2025-02-01,1,2025-07,2025-09-01,7,SRC-2025-04,210,Project List: Ongoing Projects,PAIMANA_V1,SRC-2025-07-P01,45,All Ongoing Projects,PAIMANA,True,False,False
PRH-611951,2025-05,S1,ELIGIBLE,,,2025-02-01,1,2025-07,2025-09-01,7,SRC-2025-05,163,Project List: Ongoing Projects,PAIMANA_V1,SRC-2025-07-P01,45,All Ongoing Projects,PAIMANA,True,False,False
PRH-611951,2025-06,S1,ELIGIBLE,,,2025-02-01,1,2025-07,2025-09-01,7,SRC-2025-06,180,Project List: Ongoing Projects,PAIMANA_V1,SRC-2025-07-P01,45,All Ongoing Projects,PAIMANA,True,False,False
PRH-611957,2025-08,S1,ELIGIBLE,,,2026-12-01,1,2025-09,2027-02-01,2,SRC-2025-08,49,All Ongoing Projects,PAIMANA,SRC-2025-09,54,All Ongoing Projects,PAIMANA,False,True,True
PRH-611966,2025-04,S1,ELIGIBLE,,,2025-07-01,1,2025-07,2025-11-01,4,SRC-2025-04,156,Project List: Ongoing Projects,PAIMANA_V1,SRC-2025-07-P01,44,All Ongoing Projects,PAIMANA,True,False,False
PRH-611966,2025-05,S1,ELIGIBLE,,,2025-07-01,1,2025-07,2025-11-01,4,SRC-2025-05,125,Project List: Ongoing Projects,PAIMANA_V1,SRC-2025-07-P01,44,All Ongoing Projects,PAIMANA,True,False,False
PRH-611966,2025-06,S1,ELIGIBLE,,,2025-07-01,1,2025-07,2025-11-01,4,SRC-2025-06,137,Project List: Ongoing Projects,PAIMANA_V1,SRC-2025-07-P01,44,All Ongoing Projects,PAIMANA,True,False,False
PRH-611967,2025-04,S1,ELIGIBLE,,,2025-03-01,1,2025-07,2026-04-01,13,SRC-2025-04,45,Project List: Ongoing Projects,PAIMANA_V1,SRC-2025-07-P01,43,All Ongoing Projects,PAIMANA,True,True,True
PRH-611967,2025-05,S1,ELIGIBLE,,,2025-03-01,1,2025-07,2026-04-01,13,SRC-2025-05,45,Project List: Ongoing Projects,PAIMANA_V1,SRC-2025-07-P01,43,All Ongoing Projects,PAIMANA,True,True,True
PRH-611967,2025-06,S1,ELIGIBLE,,,2025-03-01,1,2025-07,2026-04-01,13,SRC-2025-06,43,Project List: Ongoing Projects,PAIMANA_V1,SRC-2025-07-P01,43,All Ongoing Projects,PAIMANA,True,True,True
PRH-611974,2025-08,S1,ELIGIBLE,,,2026-12-01,1,2025-10,2027-06-01,6,SRC-2025-08,57,All Ongoing Projects,PAIMANA,SRC-2025-10,63,All Ongoing Projects,PAIMANA,False,False,False
PRH-611974,2025-09,S1,ELIGIBLE,,,2026-12-01,1,2025-10,2027-06-01,6,SRC-2025-09,62,All Ongoing Projects,PAIMANA,SRC-2025-10,63,All Ongoing Projects,PAIMANA,False,False,False
PRH-611979,2025-08,S1,ELIGIBLE,,,2025-06-01,1,2025-11,2026-03-01,9,SRC-2025-08,57,All Ongoing Projects,PAIMANA,SRC-2025-11,63,All Ongoing Projects,PAIMANA,False,False,False
PRH-611979,2025-09,S1,ELIGIBLE,,,2025-06-01,1,2025-11,2026-03-01,9,SRC-2025-09,62,All Ongoing Projects,PAIMANA,SRC-2025-11,63,All Ongoing Projects,PAIMANA,False,False,False
PRH-611979,2025-10,S1,ELIGIBLE,,,2025-06-01,1,2025-11,2026-03-01,9,SRC-2025-10,63,All Ongoing Projects,PAIMANA,SRC-2025-11,63,All Ongoing Projects,PAIMANA,False,False,False
PRH-612072,2025-07,S1,ELIGIBLE,,,2027-03-01,1,2025-10,2028-07-01,16,SRC-2025-07-P01,56,All Ongoing Projects,PAIMANA,SRC-2025-10,63,All Ongoing Projects,PAIMANA,False,False,False
PRH-612072,2025-08,S1,ELIGIBLE,,,2027-03-01,1,2025-10,2028-07-01,16,SRC-2025-08,57,All Ongoing Projects,PAIMANA,SRC-2025-10,63,All Ongoing Projects,PAIMANA,False,False,False
PRH-612072,2025-09,S1,ELIGIBLE,,,2027-03-01,1,2025-10,2028-07-01,16,SRC-2025-09,62,All Ongoing Projects,PAIMANA,SRC-2025-10,63,All Ongoing Projects,PAIMANA,False,False,False
PRH-612128,2025-12,S1,ELIGIBLE,,,2026-03-01,1,2026-03,2026-07-01,4,SRC-2025-12,61,All Ongoing Projects,PAIMANA,SRC-2026-03,70,All Ongoing Projects,PAIMANA,False,False,False
PRH-612128,2026-01,S1,ELIGIBLE,,,2026-03-01,1,2026-03,2026-07-01,4,SRC-2026-01,74,All Ongoing Projects,PAIMANA,SRC-2026-03,70,All Ongoing Projects,PAIMANA,False,False,False
PRH-612128,2026-02,S1,ELIGIBLE,,,2026-03-01,1,2026-03,2026-07-01,4,SRC-2026-02,80,All Ongoing Projects,PAIMANA,SRC-2026-03,70,All Ongoing Projects,PAIMANA,False,False,False
PRH-612132,2025-04,S1,ELIGIBLE,,,2025-08-01,1,2025-07,2026-05-01,9,SRC-2025-04,211,Project List: Ongoing Projects,PAIMANA_V1,SRC-2025-07-P01,45,All Ongoing Projects,PAIMANA,True,False,False
PRH-612132,2025-05,S1,ELIGIBLE,,,2025-08-01,1,2025-07,2026-05-01,9,SRC-2025-05,164,Project List: Ongoing Projects,PAIMANA_V1,SRC-2025-07-P01,45,All Ongoing Projects,PAIMANA,True,False,False
PRH-612132,2025-06,S1,ELIGIBLE,,,2025-08-01,1,2025-07,2026-05-01,9,SRC-2025-06,181,Project List: Ongoing Projects,PAIMANA_V1,SRC-2025-07-P01,45,All Ongoing Projects,PAIMANA,True,False,False
PRH-612133,2025-04,S1,ELIGIBLE,,,2025-12-01,1,2025-07,2026-06-01,6,SRC-2025-04,211,Project List: Ongoing Projects,PAIMANA_V1,SRC-2025-07-P01,45,All Ongoing Projects,PAIMANA,True,False,False
PRH-612133,2025-05,S1,ELIGIBLE,,,2025-12-01,1,2025-07,2026-06-01,6,SRC-2025-05,164,Project List: Ongoing Projects,PAIMANA_V1,SRC-2025-07-P01,45,All Ongoing Projects,PAIMANA,True,False,False
PRH-612133,2025-06,S1,ELIGIBLE,,,2025-12-01,1,2025-07,2026-06-01,6,SRC-2025-06,181,Project List: Ongoing Projects,PAIMANA_V1,SRC-2025-07-P01,45,All Ongoing Projects,PAIMANA,True,False,False
PRH-612134,2025-04,S1,ELIGIBLE,,,2025-12-01,1,2025-07,2026-03-01,3,SRC-2025-04,211,Project List: Ongoing Projects,PAIMANA_V1,SRC-2025-07-P01,45,All Ongoing Projects,PAIMANA,True,False,False
PRH-612134,2025-05,S1,ELIGIBLE,,,2025-12-01,1,2025-07,2026-03-01,3,SRC-2025-05,164,Project List: Ongoing Projects,PAIMANA_V1,SRC-2025-07-P01,45,All Ongoing Projects,PAIMANA,True,False,False
PRH-612134,2025-06,S1,ELIGIBLE,,,2025-12-01,1,2025-07,2026-03-01,3,SRC-2025-06,181,Project List: Ongoing Projects,PAIMANA_V1,SRC-2025-07-P01,45,All Ongoing Projects,PAIMANA,True,False,False
PRH-612135,2025-08,S1,ELIGIBLE,,,2025-09-01,1,2025-10,2025-12-01,3,SRC-2025-08,49,All Ongoing Projects,PAIMANA,SRC-2025-10,54,All Ongoing Projects,PAIMANA,False,False,False
PRH-612138,2025-06,S1,ELIGIBLE,,,2026-02-01,1,2025-09,2026-06-01,4,SRC-2025-06,114,Project List: Ongoing Projects,PAIMANA_V1,SRC-2025-09,50,All Ongoing Projects,PAIMANA,True,False,False
PRH-612138,2025-07,S1,ELIGIBLE,,,2026-02-01,1,2025-09,2026-06-01,4,SRC-2025-07-P01,45,All Ongoing Projects,PAIMANA,SRC-2025-09,50,All Ongoing Projects,PAIMANA,False,False,False
PRH-612138,2025-08,S1,ELIGIBLE,,,2026-02-01,1,2025-09,2026-06-01,4,SRC-2025-08,45,All Ongoing Projects,PAIMANA,SRC-2025-09,50,All Ongoing Projects,PAIMANA,False,False,False
PRH-612139,2025-04,S1,ELIGIBLE,,,2025-12-01,1,2025-07,2026-06-01,6,SRC-2025-04,95,Project List: Ongoing Projects,PAIMANA_V1,SRC-2025-07-P01,43,All Ongoing Projects,PAIMANA,True,False,False
PRH-612139,2025-05,S1,ELIGIBLE,,,2025-12-01,1,2025-07,2026-06-01,6,SRC-2025-05,81,Project List: Ongoing Projects,PAIMANA_V1,SRC-2025-07-P01,43,All Ongoing Projects,PAIMANA,True,False,False
PRH-612139,2025-06,S1,ELIGIBLE,,,2025-12-01,1,2025-07,2026-06-01,6,SRC-2025-06,86,Project List: Ongoing Projects,PAIMANA_V1,SRC-2025-07-P01,43,All Ongoing Projects,PAIMANA,True,False,False
PRH-612140,2025-05,S1,ELIGIBLE,,,2025-12-01,1,2025-08,2026-03-01,3,SRC-2025-05,104,Project List: Ongoing Projects,PAIMANA_V1,SRC-2025-08,44,All Ongoing Projects,PAIMANA,True,False,False
PRH-612140,2025-06,S1,ELIGIBLE,,,2025-12-01,1,2025-08,2026-03-01,3,SRC-2025-06,114,Project List: Ongoing Projects,PAIMANA_V1,SRC-2025-08,44,All Ongoing Projects,PAIMANA,True,False,False
PRH-612140,2025-07,S1,ELIGIBLE,,,2025-12-01,1,2025-08,2026-03-01,3,SRC-2025-07-P01,44,All Ongoing Projects,PAIMANA,SRC-2025-08,44,All Ongoing Projects,PAIMANA,False,False,False
PRH-612142,2026-02,S1,ELIGIBLE,,,2030-02-01,1,2026-05,2030-04-01,2,SRC-2026-02,73,All Ongoing Projects,PAIMANA,SRC-2026-05,62,All Ongoing Projects,PAIMANA,False,False,False
PRH-612142,2026-03,S1,ELIGIBLE,,,2030-02-01,1,2026-05,2030-04-01,2,SRC-2026-03,62,All Ongoing Projects,PAIMANA,SRC-2026-05,62,All Ongoing Projects,PAIMANA,False,False,False
PRH-612151,2025-04,S1,ELIGIBLE,,,2025-07-01,1,2025-07,2025-10-01,3,SRC-2025-04,95,Project List: Ongoing Projects,PAIMANA_V1,SRC-2025-07-P01,43,All Ongoing Projects,PAIMANA,True,False,False
PRH-612151,2025-05,S1,ELIGIBLE,,,2025-07-01,1,2025-07,2025-10-01,3,SRC-2025-05,81,Project List: Ongoing Projects,PAIMANA_V1,SRC-2025-07-P01,43,All Ongoing Projects,PAIMANA,True,False,False
PRH-612151,2025-06,S1,ELIGIBLE,,,2025-07-01,1,2025-07,2025-10-01,3,SRC-2025-06,86,Project List: Ongoing Projects,PAIMANA_V1,SRC-2025-07-P01,43,All Ongoing Projects,PAIMANA,True,False,False
PRH-612194,2025-08,S1,ELIGIBLE,,,2026-01-01,1,2025-11,2026-07-01,6,SRC-2025-08,37,All Ongoing Projects,PAIMANA,SRC-2025-11,42,All Ongoing Projects,PAIMANA,False,True,True
PRH-612194,2025-09,S1,ELIGIBLE,,,2026-01-01,1,2025-11,2026-07-01,6,SRC-2025-09,42,All Ongoing Projects,PAIMANA,SRC-2025-11,42,All Ongoing Projects,PAIMANA,False,True,True
PRH-612194,2025-10,S1,ELIGIBLE,,,2026-01-01,1,2025-11,2026-07-01,6,SRC-2025-10,42,All Ongoing Projects,PAIMANA,SRC-2025-11,42,All Ongoing Projects,PAIMANA,False,True,True
PRH-612194,2026-01,S1,ELIGIBLE,,,2026-07-01,1,2026-04,2026-11-01,4,SRC-2026-01,62,All Ongoing Projects,PAIMANA,SRC-2026-04,55,All Ongoing Projects,PAIMANA,False,False,False
PRH-612194,2026-02,S1,ELIGIBLE,,,2026-07-01,1,2026-04,2026-11-01,4,SRC-2026-02,65,All Ongoing Projects,PAIMANA,SRC-2026-04,55,All Ongoing Projects,PAIMANA,False,False,False
PRH-612194,2026-03,S1,ELIGIBLE,,,2026-07-01,1,2026-04,2026-11-01,4,SRC-2026-03,55,All Ongoing Projects,PAIMANA,SRC-2026-04,55,All Ongoing Projects,PAIMANA,False,False,False
PRH-612745,2025-11,S1,ELIGIBLE,,,2027-01-01,1,2025-12,2027-05-01,4,SRC-2025-11,59,All Ongoing Projects,PAIMANA,SRC-2025-12,67,All Ongoing Projects,PAIMANA,False,False,False
PRH-612781,2025-12,S1,ELIGIBLE,,,2026-12-01,1,2026-03,2027-09-01,9,SRC-2025-12,68,All Ongoing Projects,PAIMANA,SRC-2026-03,79,All Ongoing Projects,PAIMANA,False,False,False
PRH-612781,2026-01,S1,ELIGIBLE,,,2026-12-01,1,2026-03,2027-09-01,9,SRC-2026-01,81,All Ongoing Projects,PAIMANA,SRC-2026-03,79,All Ongoing Projects,PAIMANA,False,False,False
PRH-612781,2026-02,S1,ELIGIBLE,,,2026-12-01,1,2026-03,2027-09-01,9,SRC-2026-02,90,All Ongoing Projects,PAIMANA,SRC-2026-03,79,All Ongoing Projects,PAIMANA,False,False,False
PRH-612786,2025-04,S1,ELIGIBLE,,,2026-01-01,1,2025-07,2026-03-01,2,SRC-2025-04,44,Project List: Ongoing Projects,PAIMANA_V1,SRC-2025-07-P01,37,All Ongoing Projects,PAIMANA,True,False,False
PRH-612786,2025-05,S1,ELIGIBLE,,,2026-01-01,1,2025-07,2026-03-01,2,SRC-2025-05,44,Project List: Ongoing Projects,PAIMANA_V1,SRC-2025-07-P01,37,All Ongoing Projects,PAIMANA,True,False,False
PRH-612786,2025-06,S1,ELIGIBLE,,,2026-01-01,1,2025-07,2026-03-01,2,SRC-2025-06,42,Project List: Ongoing Projects,PAIMANA_V1,SRC-2025-07-P01,37,All Ongoing Projects,PAIMANA,True,False,False
PRH-612787,2025-04,S1,ELIGIBLE,,,2026-02-01,1,2025-07,2026-03-01,1,SRC-2025-04,127,Project List: Ongoing Projects,PAIMANA_V1,SRC-2025-07-P01,37,All Ongoing Projects,PAIMANA,True,True,True
PRH-612787,2025-05,S1,ELIGIBLE,,,2026-02-01,1,2025-07,2026-03-01,1,SRC-2025-05,104,Project List: Ongoing Projects,PAIMANA_V1,SRC-2025-07-P01,37,All Ongoing Projects,PAIMANA,True,True,True
PRH-612787,2025-06,S1,ELIGIBLE,,,2026-02-01,1,2025-07,2026-03-01,1,SRC-2025-06,113,Project List: Ongoing Projects,PAIMANA_V1,SRC-2025-07-P01,37,All Ongoing Projects,PAIMANA,True,True,True
PRH-612788,2025-08,S1,ELIGIBLE,,,2026-01-01,1,2025-11,2026-02-01,1,SRC-2025-08,37,All Ongoing Projects,PAIMANA,SRC-2025-11,42,All Ongoing Projects,PAIMANA,False,False,False
PRH-612788,2025-09,S1,ELIGIBLE,,,2026-01-01,1,2025-11,2026-02-01,1,SRC-2025-09,42,All Ongoing Projects,PAIMANA,SRC-2025-11,42,All Ongoing Projects,PAIMANA,False,False,False
PRH-612788,2025-10,S1,ELIGIBLE,,,2026-01-01,1,2025-11,2026-02-01,1,SRC-2025-10,42,All Ongoing Projects,PAIMANA,SRC-2025-11,42,All Ongoing Projects,PAIMANA,False,False,False
PRH-612789,2025-04,S1,ELIGIBLE,,,2025-09-01,1,2025-07,2026-03-01,6,SRC-2025-04,138,Project List: Ongoing Projects,PAIMANA_V1,SRC-2025-07-P01,37,All Ongoing Projects,PAIMANA,True,False,False
PRH-612789,2025-05,S1,ELIGIBLE,,,2025-09-01,1,2025-07,2026-03-01,6,SRC-2025-05,112,Project List: Ongoing Projects,PAIMANA_V1,SRC-2025-07-P01,37,All Ongoing Projects,PAIMANA,True,False,False
PRH-612789,2025-06,S1,ELIGIBLE,,,2025-09-01,1,2025-07,2026-03-01,6,SRC-2025-06,122,Project List: Ongoing Projects,PAIMANA_V1,SRC-2025-07-P01,37,All Ongoing Projects,PAIMANA,True,False,False
PRH-612790,2025-05,S1,ELIGIBLE,,,2026-02-01,1,2025-08,2026-05-01,3,SRC-2025-05,104,Project List: Ongoing Projects,PAIMANA_V1,SRC-2025-08,51,All Ongoing Projects,PAIMANA,True,True,True
PRH-612790,2025-06,S1,ELIGIBLE,,,2026-02-01,1,2025-08,2026-05-01,3,SRC-2025-06,113,Project List: Ongoing Projects,PAIMANA_V1,SRC-2025-08,51,All Ongoing Projects,PAIMANA,True,True,True
PRH-612790,2025-07,S1,ELIGIBLE,,,2025-11-01,1,2025-08,2026-05-01,6,SRC-2025-07-P01,51,All Ongoing Projects,PAIMANA,SRC-2025-08,51,All Ongoing Projects,PAIMANA,False,False,False
PRH-612791,2025-04,S1,ELIGIBLE,,,2025-10-01,1,2025-07,2026-08-01,10,SRC-2025-04,261,Project List: Ongoing Projects,PAIMANA_V1,SRC-2025-07-P01,38,All Ongoing Projects,PAIMANA,True,True,True
PRH-612791,2025-05,S1,ELIGIBLE,,,2025-10-01,1,2025-07,2026-08-01,10,SRC-2025-05,202,Project List: Ongoing Projects,PAIMANA_V1,SRC-2025-07-P01,38,All Ongoing Projects,PAIMANA,True,True,True
PRH-612791,2025-06,S1,ELIGIBLE,,,2025-10-01,1,2025-07,2026-08-01,10,SRC-2025-06,223,Project List: Ongoing Projects,PAIMANA_V1,SRC-2025-07-P01,38,All Ongoing Projects,PAIMANA,True,True,True
PRH-612793,2025-10,S1,ELIGIBLE,,,2026-02-01,1,2026-01,2026-06-01,4,SRC-2025-10,42,All Ongoing Projects,PAIMANA,SRC-2026-01,62,All Ongoing Projects,PAIMANA,False,True,True
PRH-612793,2025-11,S1,ELIGIBLE,,,2026-02-01,1,2026-01,2026-06-01,4,SRC-2025-11,42,All Ongoing Projects,PAIMANA,SRC-2026-01,62,All Ongoing Projects,PAIMANA,False,True,True
PRH-612793,2025-12,S1,ELIGIBLE,,,2026-02-01,1,2026-01,2026-06-01,4,SRC-2025-12,50,All Ongoing Projects,PAIMANA,SRC-2026-01,62,All Ongoing Projects,PAIMANA,False,True,True
PRH-612793,2026-01,S1,ELIGIBLE,,,2026-06-01,1,2026-04,2027-06-01,12,SRC-2026-01,62,All Ongoing Projects,PAIMANA,SRC-2026-04,56,All Ongoing Projects,PAIMANA,False,False,False
PRH-612793,2026-02,S1,ELIGIBLE,,,2026-06-01,1,2026-04,2027-06-01,12,SRC-2026-02,66,All Ongoing Projects,PAIMANA,SRC-2026-04,56,All Ongoing Projects,PAIMANA,False,False,False
PRH-612793,2026-03,S1,ELIGIBLE,,,2026-06-01,1,2026-04,2027-06-01,12,SRC-2026-03,56,All Ongoing Projects,PAIMANA,SRC-2026-04,56,All Ongoing Projects,PAIMANA,False,False,False
PRH-612815,2025-04,S1,ELIGIBLE,,,2026-12-01,1,2025-07,2027-03-01,3,SRC-2025-04,84,Project List: Ongoing Projects,PAIMANA_V1,SRC-2025-07-P01,55,All Ongoing Projects,PAIMANA,True,True,True
PRH-612815,2025-05,S1,ELIGIBLE,,,2026-12-01,1,2025-07,2027-03-01,3,SRC-2025-05,73,Project List: Ongoing Projects,PAIMANA_V1,SRC-2025-07-P01,55,All Ongoing Projects,PAIMANA,True,True,True
PRH-612815,2025-06,S1,ELIGIBLE,,,2026-12-01,1,2025-07,2027-03-01,3,SRC-2025-06,76,Project List: Ongoing Projects,PAIMANA_V1,SRC-2025-07-P01,55,All Ongoing Projects,PAIMANA,True,True,True
PRH-612819,2025-04,S1,ELIGIBLE,,,2024-09-01,1,2025-07,2025-09-01,12,SRC-2025-04,208,Project List: Ongoing Projects,PAIMANA_V1,SRC-2025-07-P01,42,All Ongoing Projects,PAIMANA,True,False,False
PRH-612819,2025-05,S1,ELIGIBLE,,,2024-09-01,1,2025-07,2025-09-01,12,SRC-2025-05,162,Project List: Ongoing Projects,PAIMANA_V1,SRC-2025-07-P01,42,All Ongoing Projects,PAIMANA,True,False,False
PRH-612819,2025-06,S1,ELIGIBLE,,,2024-09-01,1,2025-07,2025-09-01,12,SRC-2025-06,179,Project List: Ongoing Projects,PAIMANA_V1,SRC-2025-07-P01,42,All Ongoing Projects,PAIMANA,True,False,False
PRH-612851,2025-08,S1,ELIGIBLE,,,2025-09-01,1,2025-11,2026-01-01,4,SRC-2025-08,48,All Ongoing Projects,PAIMANA,SRC-2025-11,53,All Ongoing Projects,PAIMANA,False,False,False
PRH-612851,2025-09,S1,ELIGIBLE,,,2025-09-01,1,2025-11,2026-01-01,4,SRC-2025-09,53,All Ongoing Projects,PAIMANA,SRC-2025-11,53,All Ongoing Projects,PAIMANA,False,False,False
PRH-612851,2025-10,S1,ELIGIBLE,,,2025-09-01,1,2025-11,2026-01-01,4,SRC-2025-10,53,All Ongoing Projects,PAIMANA,SRC-2025-11,53,All Ongoing Projects,PAIMANA,False,False,False
PRH-612855,2025-06,S1,ELIGIBLE,,,2026-05-01,1,2025-09,2026-06-01,1,SRC-2025-06,86,Project List: Ongoing Projects,PAIMANA_V1,SRC-2025-09,48,All Ongoing Projects,PAIMANA,True,False,False
PRH-612855,2025-07,S1,ELIGIBLE,,,2026-05-01,1,2025-09,2026-06-01,1,SRC-2025-07-P01,43,All Ongoing Projects,PAIMANA,SRC-2025-09,48,All Ongoing Projects,PAIMANA,False,False,False
PRH-612855,2025-08,S1,ELIGIBLE,,,2026-05-01,1,2025-09,2026-06-01,1,SRC-2025-08,43,All Ongoing Projects,PAIMANA,SRC-2025-09,48,All Ongoing Projects,PAIMANA,False,False,False
PRH-612856,2025-04,S1,ELIGIBLE,,,2025-09-01,1,2025-07,2025-11-01,2,SRC-2025-04,46,Project List: Ongoing Projects,PAIMANA_V1,SRC-2025-07-P01,43,All Ongoing Projects,PAIMANA,True,False,False
PRH-612856,2025-05,S1,ELIGIBLE,,,2025-09-01,1,2025-07,2025-11-01,2,SRC-2025-05,45,Project List: Ongoing Projects,PAIMANA_V1,SRC-2025-07-P01,43,All Ongoing Projects,PAIMANA,True,False,False
PRH-612856,2025-06,S1,ELIGIBLE,,,2025-09-01,1,2025-07,2025-11-01,2,SRC-2025-06,43,Project List: Ongoing Projects,PAIMANA_V1,SRC-2025-07-P01,43,All Ongoing Projects,PAIMANA,True,False,False
PRH-613793,2025-07,S1,ELIGIBLE,,,2026-03-01,1,2025-10,2028-03-01,24,SRC-2025-07-P01,41,All Ongoing Projects,PAIMANA,SRC-2025-10,46,All Ongoing Projects,PAIMANA,False,False,False
PRH-613793,2025-08,S1,ELIGIBLE,,,2026-03-01,1,2025-10,2028-03-01,24,SRC-2025-08,41,All Ongoing Projects,PAIMANA,SRC-2025-10,46,All Ongoing Projects,PAIMANA,False,False,False
PRH-613793,2025-09,S1,ELIGIBLE,,,2026-03-01,1,2025-10,2028-03-01,24,SRC-2025-09,46,All Ongoing Projects,PAIMANA,SRC-2025-10,46,All Ongoing Projects,PAIMANA,False,False,False
PRH-613801,2025-08,S1,ELIGIBLE,,,2026-03-01,1,2025-11,2028-03-01,24,SRC-2025-08,38,All Ongoing Projects,PAIMANA,SRC-2025-11,43,All Ongoing Projects,PAIMANA,False,False,False
PRH-613801,2025-09,S1,ELIGIBLE,,,2026-03-01,1,2025-11,2028-03-01,24,SRC-2025-09,43,All Ongoing Projects,PAIMANA,SRC-2025-11,43,All Ongoing Projects,PAIMANA,False,False,False
PRH-613801,2025-10,S1,ELIGIBLE,,,2026-03-01,1,2025-11,2028-03-01,24,SRC-2025-10,43,All Ongoing Projects,PAIMANA,SRC-2025-11,43,All Ongoing Projects,PAIMANA,False,False,False
PRH-613808,2025-04,S1,ELIGIBLE,,,2014-04-01,1,2025-07,2026-12-01,152,SRC-2025-04,119,Project List: Ongoing Projects,PAIMANA_V1,SRC-2025-07-P01,39,All Ongoing Projects,PAIMANA,True,False,True
PRH-613808,2025-05,S1,ELIGIBLE,,,2014-04-01,1,2025-07,2026-12-01,152,SRC-2025-05,98,Project List: Ongoing Projects,PAIMANA_V1,SRC-2025-07-P01,39,All Ongoing Projects,PAIMANA,True,False,True
PRH-613808,2025-06,S1,ELIGIBLE,,,2014-04-01,1,2025-07,2026-12-01,152,SRC-2025-06,106,Project List: Ongoing Projects,PAIMANA_V1,SRC-2025-07-P01,39,All Ongoing Projects,PAIMANA,True,False,True
PRH-615183,2025-04,S1,ELIGIBLE,,,2025-03-01,1,2025-07,2027-03-01,24,SRC-2025-04,239,Project List: Ongoing Projects,PAIMANA_V1,SRC-2025-07-P01,40,All Ongoing Projects,PAIMANA,True,False,False
PRH-615183,2025-05,S1,ELIGIBLE,,,2025-03-01,1,2025-07,2027-03-01,24,SRC-2025-05,185,Project List: Ongoing Projects,PAIMANA_V1,SRC-2025-07-P01,40,All Ongoing Projects,PAIMANA,True,False,False
PRH-615183,2025-06,S1,ELIGIBLE,,,2025-03-01,1,2025-07,2027-03-01,24,SRC-2025-06,204,Project List: Ongoing Projects,PAIMANA_V1,SRC-2025-07-P01,40,All Ongoing Projects,PAIMANA,True,False,False
PRH-615186,2026-03,S1,ELIGIBLE,,,2026-03-01,1,2026-06,2027-03-01,12,SRC-2026-03,58,All Ongoing Projects,PAIMANA,SRC-2026-06,63,All Ongoing Projects,PAIMANA,False,False,False
PRH-615189,2026-03,S1,ELIGIBLE,,,2026-03-01,1,2026-06,2027-03-01,12,SRC-2026-03,59,All Ongoing Projects,PAIMANA,SRC-2026-06,63,All Ongoing Projects,PAIMANA,False,False,False
PRH-615192,2026-03,S1,ELIGIBLE,,,2026-03-01,1,2026-06,2027-03-01,12,SRC-2026-03,59,All Ongoing Projects,PAIMANA,SRC-2026-06,63,All Ongoing Projects,PAIMANA,False,False,False
PRH-615193,2025-04,S1,ELIGIBLE,,,2019-03-01,1,2025-07,2027-03-01,96,SRC-2025-04,192,Project List: Ongoing Projects,PAIMANA_V1,SRC-2025-07-P01,41,All Ongoing Projects,PAIMANA,True,True,True
PRH-615193,2025-05,S1,ELIGIBLE,,,2019-03-01,1,2025-07,2027-03-01,96,SRC-2025-05,150,Project List: Ongoing Projects,PAIMANA_V1,SRC-2025-07-P01,41,All Ongoing Projects,PAIMANA,True,True,True
PRH-615193,2025-06,S1,ELIGIBLE,,,2019-03-01,1,2025-07,2027-03-01,96,SRC-2025-06,165,Project List: Ongoing Projects,PAIMANA_V1,SRC-2025-07-P01,41,All Ongoing Projects,PAIMANA,True,True,True
PRH-615193,2025-07,S1,ELIGIBLE,,,2027-03-01,1,2025-08,2029-03-01,24,SRC-2025-07-P01,41,All Ongoing Projects,PAIMANA,SRC-2025-08,41,All Ongoing Projects,PAIMANA,False,True,True
PRH-615206,2026-03,S1,ELIGIBLE,,,2026-03-01,1,2026-06,2027-03-01,12,SRC-2026-03,58,All Ongoing Projects,PAIMANA,SRC-2026-06,62,All Ongoing Projects,PAIMANA,False,False,False
PRH-615327,2025-04,S1,ELIGIBLE,,,2025-06-01,1,2025-07,2025-09-01,3,SRC-2025-04,220,Project List: Ongoing Projects,PAIMANA_V1,SRC-2025-07-P01,42,All Ongoing Projects,PAIMANA,True,True,True
PRH-615327,2025-05,S1,ELIGIBLE,,,2025-06-01,1,2025-07,2025-09-01,3,SRC-2025-05,171,Project List: Ongoing Projects,PAIMANA_V1,SRC-2025-07-P01,42,All Ongoing Projects,PAIMANA,True,True,True
PRH-615327,2025-06,S1,ELIGIBLE,,,2025-06-01,1,2025-07,2025-09-01,3,SRC-2025-06,189,Project List: Ongoing Projects,PAIMANA_V1,SRC-2025-07-P01,42,All Ongoing Projects,PAIMANA,True,True,True
PRH-615332,2025-06,S1,ELIGIBLE,,,2026-08-01,1,2025-09,2026-12-01,4,SRC-2025-06,181,Project List: Ongoing Projects,PAIMANA_V1,SRC-2025-09,50,All Ongoing Projects,PAIMANA,True,False,False
PRH-615332,2025-07,S1,ELIGIBLE,,,2026-08-01,1,2025-09,2026-12-01,4,SRC-2025-07-P01,45,All Ongoing Projects,PAIMANA,SRC-2025-09,50,All Ongoing Projects,PAIMANA,False,False,False
PRH-615332,2025-08,S1,ELIGIBLE,,,2026-08-01,1,2025-09,2026-12-01,4,SRC-2025-08,45,All Ongoing Projects,PAIMANA,SRC-2025-09,50,All Ongoing Projects,PAIMANA,False,False,False
PRH-615333,2025-12,S1,ELIGIBLE,,,2026-08-01,1,2026-03,2026-12-01,4,SRC-2025-12,58,All Ongoing Projects,PAIMANA,SRC-2026-03,65,All Ongoing Projects,PAIMANA,False,False,False
PRH-615333,2026-01,S1,ELIGIBLE,,,2026-08-01,1,2026-03,2026-12-01,4,SRC-2026-01,70,All Ongoing Projects,PAIMANA,SRC-2026-03,65,All Ongoing Projects,PAIMANA,False,False,False
PRH-615333,2026-02,S1,ELIGIBLE,,,2026-08-01,1,2026-03,2026-12-01,4,SRC-2026-02,76,All Ongoing Projects,PAIMANA,SRC-2026-03,65,All Ongoing Projects,PAIMANA,False,False,False
PRH-615334,2025-06,S1,ELIGIBLE,,,2026-08-01,1,2025-09,2027-03-01,7,SRC-2025-06,182,Project List: Ongoing Projects,PAIMANA_V1,SRC-2025-09,50,All Ongoing Projects,PAIMANA,True,False,False
PRH-615334,2025-07,S1,ELIGIBLE,,,2026-08-01,1,2025-09,2027-03-01,7,SRC-2025-07-P01,45,All Ongoing Projects,PAIMANA,SRC-2025-09,50,All Ongoing Projects,PAIMANA,False,False,False
PRH-615334,2025-08,S1,ELIGIBLE,,,2026-08-01,1,2025-09,2027-03-01,7,SRC-2025-08,45,All Ongoing Projects,PAIMANA,SRC-2025-09,50,All Ongoing Projects,PAIMANA,False,False,False
PRH-615335,2025-06,S1,ELIGIBLE,,,2026-08-01,1,2025-09,2026-12-01,4,SRC-2025-06,182,Project List: Ongoing Projects,PAIMANA_V1,SRC-2025-09,51,All Ongoing Projects,PAIMANA,True,False,False
PRH-615335,2025-07,S1,ELIGIBLE,,,2026-08-01,1,2025-09,2026-12-01,4,SRC-2025-07-P01,45,All Ongoing Projects,PAIMANA,SRC-2025-09,51,All Ongoing Projects,PAIMANA,False,False,False
PRH-615335,2025-08,S1,ELIGIBLE,,,2026-08-01,1,2025-09,2026-12-01,4,SRC-2025-08,45,All Ongoing Projects,PAIMANA,SRC-2025-09,51,All Ongoing Projects,PAIMANA,False,False,False
PRH-615337,2025-06,S1,ELIGIBLE,,,2026-02-01,1,2025-09,2026-03-01,1,SRC-2025-06,182,Project List: Ongoing Projects,PAIMANA_V1,SRC-2025-09,51,All Ongoing Projects,PAIMANA,True,False,False
PRH-615337,2025-07,S1,ELIGIBLE,,,2026-02-01,1,2025-09,2026-03-01,1,SRC-2025-07-P01,46,All Ongoing Projects,PAIMANA,SRC-2025-09,51,All Ongoing Projects,PAIMANA,False,False,False
PRH-615337,2025-08,S1,ELIGIBLE,,,2026-02-01,1,2025-09,2026-03-01,1,SRC-2025-08,45,All Ongoing Projects,PAIMANA,SRC-2025-09,51,All Ongoing Projects,PAIMANA,False,False,False
PRH-615338,2025-06,S1,ELIGIBLE,,,2026-11-01,1,2025-09,2027-06-01,7,SRC-2025-06,182,Project List: Ongoing Projects,PAIMANA_V1,SRC-2025-09,51,All Ongoing Projects,PAIMANA,True,False,False
PRH-615338,2025-07,S1,ELIGIBLE,,,2026-11-01,1,2025-09,2027-06-01,7,SRC-2025-07-P01,46,All Ongoing Projects,PAIMANA,SRC-2025-09,51,All Ongoing Projects,PAIMANA,False,False,False
PRH-615338,2025-08,S1,ELIGIBLE,,,2026-11-01,1,2025-09,2027-06-01,7,SRC-2025-08,45,All Ongoing Projects,PAIMANA,SRC-2025-09,51,All Ongoing Projects,PAIMANA,False,False,False
PRH-615339,2025-06,S1,ELIGIBLE,,,2026-11-01,1,2025-09,2027-03-01,4,SRC-2025-06,182,Project List: Ongoing Projects,PAIMANA_V1,SRC-2025-09,50,All Ongoing Projects,PAIMANA,True,False,False
PRH-615339,2025-07,S1,ELIGIBLE,,,2026-11-01,1,2025-09,2027-03-01,4,SRC-2025-07-P01,45,All Ongoing Projects,PAIMANA,SRC-2025-09,50,All Ongoing Projects,PAIMANA,False,False,False
PRH-615339,2025-08,S1,ELIGIBLE,,,2026-11-01,1,2025-09,2027-03-01,4,SRC-2025-08,45,All Ongoing Projects,PAIMANA,SRC-2025-09,50,All Ongoing Projects,PAIMANA,False,False,False
PRH-615340,2025-06,S1,ELIGIBLE,,,2026-11-01,1,2025-09,2027-03-01,4,SRC-2025-06,182,Project List: Ongoing Projects,PAIMANA_V1,SRC-2025-09,50,All Ongoing Projects,PAIMANA,True,False,False
PRH-615340,2025-07,S1,ELIGIBLE,,,2026-11-01,1,2025-09,2027-03-01,4,SRC-2025-07-P01,45,All Ongoing Projects,PAIMANA,SRC-2025-09,50,All Ongoing Projects,PAIMANA,False,False,False
PRH-615340,2025-08,S1,ELIGIBLE,,,2026-11-01,1,2025-09,2027-03-01,4,SRC-2025-08,45,All Ongoing Projects,PAIMANA,SRC-2025-09,50,All Ongoing Projects,PAIMANA,False,False,False
PRH-615342,2025-12,S1,ELIGIBLE,,,2026-07-01,1,2026-03,2027-04-01,9,SRC-2025-12,56,All Ongoing Projects,PAIMANA,SRC-2026-03,63,All Ongoing Projects,PAIMANA,False,False,False
PRH-615342,2026-01,S1,ELIGIBLE,,,2026-07-01,1,2026-03,2027-04-01,9,SRC-2026-01,68,All Ongoing Projects,PAIMANA,SRC-2026-03,63,All Ongoing Projects,PAIMANA,False,False,False
PRH-615342,2026-02,S1,ELIGIBLE,,,2026-07-01,1,2026-03,2027-04-01,9,SRC-2026-02,73,All Ongoing Projects,PAIMANA,SRC-2026-03,63,All Ongoing Projects,PAIMANA,False,False,False
PRH-615344,2025-06,S1,ELIGIBLE,,,2026-10-01,1,2025-09,2027-03-01,5,SRC-2025-06,128,Project List: Ongoing Projects,PAIMANA_V1,SRC-2025-09,49,All Ongoing Projects,PAIMANA,True,False,False
PRH-615344,2025-07,S1,ELIGIBLE,,,2026-10-01,1,2025-09,2027-03-01,5,SRC-2025-07-P01,44,All Ongoing Projects,PAIMANA,SRC-2025-09,49,All Ongoing Projects,PAIMANA,False,False,False
PRH-615344,2025-08,S1,ELIGIBLE,,,2026-10-01,1,2025-09,2027-03-01,5,SRC-2025-08,44,All Ongoing Projects,PAIMANA,SRC-2025-09,49,All Ongoing Projects,PAIMANA,False,False,False
PRH-615345,2025-06,S1,ELIGIBLE,,,2026-10-01,1,2025-09,2027-03-01,5,SRC-2025-06,86,Project List: Ongoing Projects,PAIMANA_V1,SRC-2025-09,48,All Ongoing Projects,PAIMANA,True,False,False
PRH-615345,2025-07,S1,ELIGIBLE,,,2026-10-01,1,2025-09,2027-03-01,5,SRC-2025-07-P01,44,All Ongoing Projects,PAIMANA,SRC-2025-09,48,All Ongoing Projects,PAIMANA,False,False,False
PRH-615345,2025-08,S1,ELIGIBLE,,,2026-10-01,1,2025-09,2027-03-01,5,SRC-2025-08,43,All Ongoing Projects,PAIMANA,SRC-2025-09,48,All Ongoing Projects,PAIMANA,False,False,False
PRH-615346,2025-06,S1,ELIGIBLE,,,2026-08-01,1,2025-09,2026-12-01,4,SRC-2025-06,128,Project List: Ongoing Projects,PAIMANA_V1,SRC-2025-09,49,All Ongoing Projects,PAIMANA,True,False,False
PRH-615346,2025-07,S1,ELIGIBLE,,,2026-08-01,1,2025-09,2026-12-01,4,SRC-2025-07-P01,44,All Ongoing Projects,PAIMANA,SRC-2025-09,49,All Ongoing Projects,PAIMANA,False,False,False
PRH-615346,2025-08,S1,ELIGIBLE,,,2026-08-01,1,2025-09,2026-12-01,4,SRC-2025-08,44,All Ongoing Projects,PAIMANA,SRC-2025-09,49,All Ongoing Projects,PAIMANA,False,False,False
PRH-615818,2025-04,S1,ELIGIBLE,,,2025-03-01,1,2025-07,2027-03-01,24,SRC-2025-04,220,Project List: Ongoing Projects,PAIMANA_V1,SRC-2025-07-P01,41,All Ongoing Projects,PAIMANA,True,False,False
PRH-615818,2025-05,S1,ELIGIBLE,,,2025-03-01,1,2025-07,2027-03-01,24,SRC-2025-05,171,Project List: Ongoing Projects,PAIMANA_V1,SRC-2025-07-P01,41,All Ongoing Projects,PAIMANA,True,False,False
PRH-615818,2025-06,S1,ELIGIBLE,,,2025-03-01,1,2025-07,2027-03-01,24,SRC-2025-06,189,Project List: Ongoing Projects,PAIMANA_V1,SRC-2025-07-P01,41,All Ongoing Projects,PAIMANA,True,False,False
PRH-615820,2025-04,S1,ELIGIBLE,,,2030-11-01,1,2025-07,2031-07-01,8,SRC-2025-04,60,Project List: Ongoing Projects,PAIMANA_V1,SRC-2025-07-P01,38,All Ongoing Projects,PAIMANA,True,True,True
PRH-615820,2025-05,S1,ELIGIBLE,,,2030-11-01,1,2025-07,2031-07-01,8,SRC-2025-05,56,Project List: Ongoing Projects,PAIMANA_V1,SRC-2025-07-P01,38,All Ongoing Projects,PAIMANA,True,True,True
PRH-615820,2025-06,S1,ELIGIBLE,,,2030-11-01,1,2025-07,2031-07-01,8,SRC-2025-06,56,Project List: Ongoing Projects,PAIMANA_V1,SRC-2025-07-P01,38,All Ongoing Projects,PAIMANA,True,True,True
PRH-615821,2025-04,S1,ELIGIBLE,,,2027-11-01,1,2025-07,2030-11-01,36,SRC-2025-04,60,Project List: Ongoing Projects,PAIMANA_V1,SRC-2025-07-P01,38,All Ongoing Projects,PAIMANA,True,True,True
PRH-615821,2025-05,S1,ELIGIBLE,,,2027-11-01,1,2025-07,2030-11-01,36,SRC-2025-05,56,Project List: Ongoing Projects,PAIMANA_V1,SRC-2025-07-P01,38,All Ongoing Projects,PAIMANA,True,True,True
PRH-615821,2025-06,S1,ELIGIBLE,,,2027-11-01,1,2025-07,2030-11-01,36,SRC-2025-06,56,Project List: Ongoing Projects,PAIMANA_V1,SRC-2025-07-P01,38,All Ongoing Projects,PAIMANA,True,True,True
PRH-615843,2025-04,S1,ELIGIBLE,,,2023-03-01,1,2025-07,2027-03-01,48,SRC-2025-04,119,Project List: Ongoing Projects,PAIMANA_V1,SRC-2025-07-P01,39,All Ongoing Projects,PAIMANA,True,True,True
PRH-615843,2025-05,S1,ELIGIBLE,,,2023-03-01,1,2025-07,2027-03-01,48,SRC-2025-05,99,Project List: Ongoing Projects,PAIMANA_V1,SRC-2025-07-P01,39,All Ongoing Projects,PAIMANA,True,True,True
PRH-615843,2025-06,S1,ELIGIBLE,,,2023-03-01,1,2025-07,2027-03-01,48,SRC-2025-06,106,Project List: Ongoing Projects,PAIMANA_V1,SRC-2025-07-P01,39,All Ongoing Projects,PAIMANA,True,True,True
PRH-615857,2025-04,S1,ELIGIBLE,,,2024-03-01,1,2025-07,2026-03-01,24,SRC-2025-04,193,Project List: Ongoing Projects,PAIMANA_V1,SRC-2025-07-P01,41,All Ongoing Projects,PAIMANA,True,True,True
PRH-615857,2025-05,S1,ELIGIBLE,,,2024-03-01,1,2025-07,2026-03-01,24,SRC-2025-05,150,Project List: Ongoing Projects,PAIMANA_V1,SRC-2025-07-P01,41,All Ongoing Projects,PAIMANA,True,True,True
PRH-615857,2025-06,S1,ELIGIBLE,,,2024-03-01,1,2025-07,2026-03-01,24,SRC-2025-06,166,Project List: Ongoing Projects,PAIMANA_V1,SRC-2025-07-P01,41,All Ongoing Projects,PAIMANA,True,True,True
PRH-615858,2025-04,S1,ELIGIBLE,,,2020-03-01,1,2025-07,2026-03-01,72,SRC-2025-04,229,Project List: Ongoing Projects,PAIMANA_V1,SRC-2025-07-P01,41,All Ongoing Projects,PAIMANA,True,True,True
PRH-615858,2025-05,S1,ELIGIBLE,,,2020-03-01,1,2025-07,2026-03-01,72,SRC-2025-05,178,Project List: Ongoing Projects,PAIMANA_V1,SRC-2025-07-P01,41,All Ongoing Projects,PAIMANA,True,True,True
PRH-615858,2025-06,S1,ELIGIBLE,,,2020-03-01,1,2025-07,2026-03-01,72,SRC-2025-06,196,Project List: Ongoing Projects,PAIMANA_V1,SRC-2025-07-P01,41,All Ongoing Projects,PAIMANA,True,True,True
PRH-615860,2025-04,S1,ELIGIBLE,,,2023-03-01,1,2025-07,2026-03-01,36,SRC-2025-04,229,Project List: Ongoing Projects,PAIMANA_V1,SRC-2025-07-P01,41,All Ongoing Projects,PAIMANA,True,True,True
PRH-615860,2025-05,S1,ELIGIBLE,,,2023-03-01,1,2025-07,2026-03-01,36,SRC-2025-05,177,Project List: Ongoing Projects,PAIMANA_V1,SRC-2025-07-P01,41,All Ongoing Projects,PAIMANA,True,True,True
PRH-615860,2025-06,S1,ELIGIBLE,,,2023-03-01,1,2025-07,2026-03-01,36,SRC-2025-06,196,Project List: Ongoing Projects,PAIMANA_V1,SRC-2025-07-P01,41,All Ongoing Projects,PAIMANA,True,True,True
PRH-615861,2025-04,S1,ELIGIBLE,,,2021-03-01,1,2025-07,2026-03-01,60,SRC-2025-04,229,Project List: Ongoing Projects,PAIMANA_V1,SRC-2025-07-P01,41,All Ongoing Projects,PAIMANA,True,True,True
PRH-615861,2025-05,S1,ELIGIBLE,,,2021-03-01,1,2025-07,2026-03-01,60,SRC-2025-05,177,Project List: Ongoing Projects,PAIMANA_V1,SRC-2025-07-P01,41,All Ongoing Projects,PAIMANA,True,True,True
PRH-615861,2025-06,S1,ELIGIBLE,,,2021-03-01,1,2025-07,2026-03-01,60,SRC-2025-06,196,Project List: Ongoing Projects,PAIMANA_V1,SRC-2025-07-P01,41,All Ongoing Projects,PAIMANA,True,True,True
PRH-615863,2025-04,S1,ELIGIBLE,,,2023-03-01,1,2025-07,2026-03-01,36,SRC-2025-04,229,Project List: Ongoing Projects,PAIMANA_V1,SRC-2025-07-P01,41,All Ongoing Projects,PAIMANA,True,True,True
PRH-615863,2025-05,S1,ELIGIBLE,,,2023-03-01,1,2025-07,2026-03-01,36,SRC-2025-05,177,Project List: Ongoing Projects,PAIMANA_V1,SRC-2025-07-P01,41,All Ongoing Projects,PAIMANA,True,True,True
PRH-615863,2025-06,S1,ELIGIBLE,,,2023-03-01,1,2025-07,2026-03-01,36,SRC-2025-06,196,Project List: Ongoing Projects,PAIMANA_V1,SRC-2025-07-P01,41,All Ongoing Projects,PAIMANA,True,True,True
PRH-615865,2025-04,S1,ELIGIBLE,,,2020-03-01,1,2025-07,2026-03-01,72,SRC-2025-04,229,Project List: Ongoing Projects,PAIMANA_V1,SRC-2025-07-P01,41,All Ongoing Projects,PAIMANA,True,True,True
PRH-615865,2025-05,S1,ELIGIBLE,,,2020-03-01,1,2025-07,2026-03-01,72,SRC-2025-05,178,Project List: Ongoing Projects,PAIMANA_V1,SRC-2025-07-P01,41,All Ongoing Projects,PAIMANA,True,True,True
PRH-615865,2025-06,S1,ELIGIBLE,,,2020-03-01,1,2025-07,2026-03-01,72,SRC-2025-06,196,Project List: Ongoing Projects,PAIMANA_V1,SRC-2025-07-P01,41,All Ongoing Projects,PAIMANA,True,True,True
PRH-615914,2025-04,S1,ELIGIBLE,,,2028-03-01,1,2025-07,2029-03-01,12,SRC-2025-04,151,Project List: Ongoing Projects,PAIMANA_V1,SRC-2025-07-P01,40,All Ongoing Projects,PAIMANA,True,True,True
PRH-615914,2025-05,S1,ELIGIBLE,,,2028-03-01,1,2025-07,2029-03-01,12,SRC-2025-05,122,Project List: Ongoing Projects,PAIMANA_V1,SRC-2025-07-P01,40,All Ongoing Projects,PAIMANA,True,True,True
PRH-615914,2025-06,S1,ELIGIBLE,,,2028-03-01,1,2025-07,2029-03-01,12,SRC-2025-06,133,Project List: Ongoing Projects,PAIMANA_V1,SRC-2025-07-P01,40,All Ongoing Projects,PAIMANA,True,True,True
PRH-615919,2025-04,S1,ELIGIBLE,,,2029-03-01,1,2025-07,2030-03-01,12,SRC-2025-04,153,Project List: Ongoing Projects,PAIMANA_V1,SRC-2025-07-P01,40,All Ongoing Projects,PAIMANA,True,True,True
PRH-615919,2025-05,S1,ELIGIBLE,,,2029-03-01,1,2025-07,2030-03-01,12,SRC-2025-05,123,Project List: Ongoing Projects,PAIMANA_V1,SRC-2025-07-P01,40,All Ongoing Projects,PAIMANA,True,True,True
PRH-615919,2025-06,S1,ELIGIBLE,,,2029-03-01,1,2025-07,2030-03-01,12,SRC-2025-06,135,Project List: Ongoing Projects,PAIMANA_V1,SRC-2025-07-P01,40,All Ongoing Projects,PAIMANA,True,True,True
PRH-616226,2025-04,S1,ELIGIBLE,,,2030-03-01,1,2025-07,2033-03-01,36,SRC-2025-04,193,Project List: Ongoing Projects,PAIMANA_V1,SRC-2025-07-P01,41,All Ongoing Projects,PAIMANA,True,True,True
PRH-616226,2025-05,S1,ELIGIBLE,,,2030-03-01,1,2025-07,2033-03-01,36,SRC-2025-05,151,Project List: Ongoing Projects,PAIMANA_V1,SRC-2025-07-P01,41,All Ongoing Projects,PAIMANA,True,True,True
PRH-616226,2025-06,S1,ELIGIBLE,,,2030-03-01,1,2025-07,2033-03-01,36,SRC-2025-06,167,Project List: Ongoing Projects,PAIMANA_V1,SRC-2025-07-P01,41,All Ongoing Projects,PAIMANA,True,True,True
PRH-616229,2025-04,S1,ELIGIBLE,,,2029-03-01,1,2025-07,2030-03-01,12,SRC-2025-04,153,Project List: Ongoing Projects,PAIMANA_V1,SRC-2025-07-P01,40,All Ongoing Projects,PAIMANA,True,True,True
PRH-616229,2025-05,S1,ELIGIBLE,,,2029-03-01,1,2025-07,2030-03-01,12,SRC-2025-05,123,Project List: Ongoing Projects,PAIMANA_V1,SRC-2025-07-P01,40,All Ongoing Projects,PAIMANA,True,True,True
PRH-616229,2025-06,S1,ELIGIBLE,,,2029-03-01,1,2025-07,2030-03-01,12,SRC-2025-06,135,Project List: Ongoing Projects,PAIMANA_V1,SRC-2025-07-P01,40,All Ongoing Projects,PAIMANA,True,True,True
PRH-616231,2025-04,S1,ELIGIBLE,,,2031-03-01,1,2025-07,2033-03-01,24,SRC-2025-04,193,Project List: Ongoing Projects,PAIMANA_V1,SRC-2025-07-P01,41,All Ongoing Projects,PAIMANA,True,True,True
PRH-616231,2025-05,S1,ELIGIBLE,,,2031-03-01,1,2025-07,2033-03-01,24,SRC-2025-05,151,Project List: Ongoing Projects,PAIMANA_V1,SRC-2025-07-P01,41,All Ongoing Projects,PAIMANA,True,True,True
PRH-616231,2025-06,S1,ELIGIBLE,,,2031-03-01,1,2025-07,2033-03-01,24,SRC-2025-06,166,Project List: Ongoing Projects,PAIMANA_V1,SRC-2025-07-P01,41,All Ongoing Projects,PAIMANA,True,True,True
PRH-616234,2025-04,S1,ELIGIBLE,,,2023-03-01,1,2025-07,2033-03-01,120,SRC-2025-04,82,Project List: Ongoing Projects,PAIMANA_V1,SRC-2025-07-P01,38,All Ongoing Projects,PAIMANA,True,True,True
PRH-616234,2025-05,S1,ELIGIBLE,,,2023-03-01,1,2025-07,2033-03-01,120,SRC-2025-05,71,Project List: Ongoing Projects,PAIMANA_V1,SRC-2025-07-P01,38,All Ongoing Projects,PAIMANA,True,True,True
PRH-616234,2025-06,S1,ELIGIBLE,,,2023-03-01,1,2025-07,2033-03-01,120,SRC-2025-06,74,Project List: Ongoing Projects,PAIMANA_V1,SRC-2025-07-P01,38,All Ongoing Projects,PAIMANA,True,True,True
PRH-616604,2025-04,S1,ELIGIBLE,,,2022-02-01,1,2025-07,2025-12-01,46,SRC-2025-04,268,Project List: Ongoing Projects,PAIMANA_V1,SRC-2025-07-P01,64,All Ongoing Projects,PAIMANA,True,True,True
PRH-616604,2025-05,S1,ELIGIBLE,,,2022-02-01,1,2025-07,2025-12-01,46,SRC-2025-05,207,Project List: Ongoing Projects,PAIMANA_V1,SRC-2025-07-P01,64,All Ongoing Projects,PAIMANA,True,True,True
PRH-616604,2025-06,S1,ELIGIBLE,,,2022-02-01,1,2025-07,2025-12-01,46,SRC-2025-06,229,Project List: Ongoing Projects,PAIMANA_V1,SRC-2025-07-P01,64,All Ongoing Projects,PAIMANA,True,True,True
PRH-616611,2025-04,S1,ELIGIBLE,,,2022-06-01,1,2025-07,2025-12-01,42,SRC-2025-04,81,Project List: Ongoing Projects,PAIMANA_V1,SRC-2025-07-P01,64,All Ongoing Projects,PAIMANA,True,True,True
PRH-616611,2025-05,S1,ELIGIBLE,,,2022-06-01,1,2025-07,2025-12-01,42,SRC-2025-05,71,Project List: Ongoing Projects,PAIMANA_V1,SRC-2025-07-P01,64,All Ongoing Projects,PAIMANA,True,True,True
PRH-616611,2025-06,S1,ELIGIBLE,,,2022-06-01,1,2025-07,2025-12-01,42,SRC-2025-06,74,Project List: Ongoing Projects,PAIMANA_V1,SRC-2025-07-P01,64,All Ongoing Projects,PAIMANA,True,True,True
PRH-616611,2025-12,S1,ELIGIBLE,,,2025-12-01,1,2026-03,2026-09-01,9,SRC-2025-12,105,All Ongoing Projects,PAIMANA,SRC-2026-03,154,All Ongoing Projects,PAIMANA,False,False,False
PRH-616611,2026-01,S1,ELIGIBLE,,,2025-12-01,1,2026-03,2026-09-01,9,SRC-2026-01,132,All Ongoing Projects,PAIMANA,SRC-2026-03,154,All Ongoing Projects,PAIMANA,False,False,False
PRH-616611,2026-02,S1,ELIGIBLE,,,2025-12-01,1,2026-03,2026-09-01,9,SRC-2026-02,165,All Ongoing Projects,PAIMANA,SRC-2026-03,154,All Ongoing Projects,PAIMANA,False,False,False
PRH-616612,2025-04,S1,ELIGIBLE,,,2022-06-01,1,2025-07,2025-12-01,42,SRC-2025-04,81,Project List: Ongoing Projects,PAIMANA_V1,SRC-2025-07-P01,64,All Ongoing Projects,PAIMANA,True,True,True
PRH-616612,2025-05,S1,ELIGIBLE,,,2022-06-01,1,2025-07,2025-12-01,42,SRC-2025-05,71,Project List: Ongoing Projects,PAIMANA_V1,SRC-2025-07-P01,64,All Ongoing Projects,PAIMANA,True,True,True
PRH-616612,2025-06,S1,ELIGIBLE,,,2022-06-01,1,2025-07,2025-12-01,42,SRC-2025-06,74,Project List: Ongoing Projects,PAIMANA_V1,SRC-2025-07-P01,64,All Ongoing Projects,PAIMANA,True,True,True
PRH-616615,2025-04,S1,ELIGIBLE,,,2021-07-01,1,2025-07,2025-12-01,53,SRC-2025-04,80,Project List: Ongoing Projects,PAIMANA_V1,SRC-2025-07-P01,64,All Ongoing Projects,PAIMANA,True,True,True
PRH-616615,2025-05,S1,ELIGIBLE,,,2021-07-01,1,2025-07,2025-12-01,53,SRC-2025-05,71,Project List: Ongoing Projects,PAIMANA_V1,SRC-2025-07-P01,64,All Ongoing Projects,PAIMANA,True,True,True
PRH-616615,2025-06,S1,ELIGIBLE,,,2021-07-01,1,2025-07,2025-12-01,53,SRC-2025-06,73,Project List: Ongoing Projects,PAIMANA_V1,SRC-2025-07-P01,64,All Ongoing Projects,PAIMANA,True,True,True
PRH-616616,2025-04,S1,ELIGIBLE,,,2021-08-01,1,2025-07,2025-12-01,52,SRC-2025-04,81,Project List: Ongoing Projects,PAIMANA_V1,SRC-2025-07-P01,64,All Ongoing Projects,PAIMANA,True,True,True
PRH-616616,2025-05,S1,ELIGIBLE,,,2021-08-01,1,2025-07,2025-12-01,52,SRC-2025-05,71,Project List: Ongoing Projects,PAIMANA_V1,SRC-2025-07-P01,64,All Ongoing Projects,PAIMANA,True,True,True
PRH-616616,2025-06,S1,ELIGIBLE,,,2021-08-01,1,2025-07,2025-12-01,52,SRC-2025-06,73,Project List: Ongoing Projects,PAIMANA_V1,SRC-2025-07-P01,64,All Ongoing Projects,PAIMANA,True,True,True
PRH-616670,2025-06,S1,ELIGIBLE,,,2026-12-01,1,2025-09,2027-03-01,3,SRC-2025-06,205,Project List: Ongoing Projects,PAIMANA_V1,SRC-2025-09,50,All Ongoing Projects,PAIMANA,True,False,False
PRH-616670,2025-07,S1,ELIGIBLE,,,2026-12-01,1,2025-09,2027-03-01,3,SRC-2025-07-P01,45,All Ongoing Projects,PAIMANA,SRC-2025-09,50,All Ongoing Projects,PAIMANA,False,False,False
PRH-616670,2025-08,S1,ELIGIBLE,,,2026-12-01,1,2025-09,2027-03-01,3,SRC-2025-08,45,All Ongoing Projects,PAIMANA,SRC-2025-09,50,All Ongoing Projects,PAIMANA,False,False,False
PRH-616671,2025-12,S1,ELIGIBLE,,,2026-12-01,1,2026-03,2027-03-01,3,SRC-2025-12,58,All Ongoing Projects,PAIMANA,SRC-2026-03,66,All Ongoing Projects,PAIMANA,False,False,False
PRH-616671,2026-01,S1,ELIGIBLE,,,2026-12-01,1,2026-03,2027-03-01,3,SRC-2026-01,71,All Ongoing Projects,PAIMANA,SRC-2026-03,66,All Ongoing Projects,PAIMANA,False,False,False
PRH-616671,2026-02,S1,ELIGIBLE,,,2026-12-01,1,2026-03,2027-03-01,3,SRC-2026-02,76,All Ongoing Projects,PAIMANA,SRC-2026-03,66,All Ongoing Projects,PAIMANA,False,False,False
PRH-616672,2025-05,S1,ELIGIBLE,,,2027-01-01,1,2025-07,2027-06-01,5,SRC-2025-05,105,Project List: Ongoing Projects,PAIMANA_V1,SRC-2025-07-P01,44,All Ongoing Projects,PAIMANA,True,True,True
PRH-616672,2025-06,S1,ELIGIBLE,,,2027-01-01,1,2025-07,2027-06-01,5,SRC-2025-06,114,Project List: Ongoing Projects,PAIMANA_V1,SRC-2025-07-P01,44,All Ongoing Projects,PAIMANA,True,True,True
PRH-616841,2026-02,S1,ELIGIBLE,,,2026-12-01,1,2026-05,2028-12-01,24,SRC-2026-02,99,All Ongoing Projects,PAIMANA,SRC-2026-05,89,All Ongoing Projects,PAIMANA,False,False,False
PRH-616841,2026-03,S1,ELIGIBLE,,,2026-12-01,1,2026-05,2028-12-01,24,SRC-2026-03,88,All Ongoing Projects,PAIMANA,SRC-2026-05,89,All Ongoing Projects,PAIMANA,False,False,False
PRH-616843,2026-02,S1,ELIGIBLE,,,2027-06-01,1,2026-05,2028-03-01,9,SRC-2026-02,99,All Ongoing Projects,PAIMANA,SRC-2026-05,89,All Ongoing Projects,PAIMANA,False,False,False
PRH-616843,2026-03,S1,ELIGIBLE,,,2027-06-01,1,2026-05,2028-03-01,9,SRC-2026-03,88,All Ongoing Projects,PAIMANA,SRC-2026-05,89,All Ongoing Projects,PAIMANA,False,False,False
PRH-616858,2025-04,S1,ELIGIBLE,,,2024-07-01,1,2025-07,2025-12-01,17,SRC-2025-04,62,Project List: Ongoing Projects,PAIMANA_V1,SRC-2025-07-P01,50,All Ongoing Projects,PAIMANA,True,True,True
PRH-616858,2025-05,S1,ELIGIBLE,,,2024-07-01,1,2025-07,2025-12-01,17,SRC-2025-05,57,Project List: Ongoing Projects,PAIMANA_V1,SRC-2025-07-P01,50,All Ongoing Projects,PAIMANA,True,True,True
PRH-616858,2025-06,S1,ELIGIBLE,,,2024-07-01,1,2025-07,2025-12-01,17,SRC-2025-06,57,Project List: Ongoing Projects,PAIMANA_V1,SRC-2025-07-P01,50,All Ongoing Projects,PAIMANA,True,True,True
PRH-616950,2025-08,S1,ELIGIBLE,,,2026-02-01,1,2025-11,2026-05-01,3,SRC-2025-08,52,All Ongoing Projects,PAIMANA,SRC-2025-11,58,All Ongoing Projects,PAIMANA,False,False,False
PRH-616950,2025-09,S1,ELIGIBLE,,,2026-02-01,1,2025-11,2026-05-01,3,SRC-2025-09,58,All Ongoing Projects,PAIMANA,SRC-2025-11,58,All Ongoing Projects,PAIMANA,False,False,False
PRH-616950,2025-10,S1,ELIGIBLE,,,2026-02-01,1,2025-11,2026-05-01,3,SRC-2025-10,58,All Ongoing Projects,PAIMANA,SRC-2025-11,58,All Ongoing Projects,PAIMANA,False,False,False
PRH-617068,2025-05,S1,ELIGIBLE,,,2027-02-01,1,2025-07,2027-06-01,4,SRC-2025-05,105,Project List: Ongoing Projects,PAIMANA_V1,SRC-2025-07-P01,44,All Ongoing Projects,PAIMANA,True,True,True
PRH-617068,2025-06,S1,ELIGIBLE,,,2027-02-01,1,2025-07,2027-06-01,4,SRC-2025-06,114,Project List: Ongoing Projects,PAIMANA_V1,SRC-2025-07-P01,44,All Ongoing Projects,PAIMANA,True,True,True
PRH-617179,2025-07,S1,ELIGIBLE,,,2026-07-01,1,2025-09,2027-03-01,8,SRC-2025-07-P01,44,All Ongoing Projects,PAIMANA,SRC-2025-09,49,All Ongoing Projects,PAIMANA,False,False,False
PRH-617179,2025-08,S1,ELIGIBLE,,,2026-07-01,1,2025-09,2027-03-01,8,SRC-2025-08,44,All Ongoing Projects,PAIMANA,SRC-2025-09,49,All Ongoing Projects,PAIMANA,False,False,False
PRH-617181,2025-06,S1,ELIGIBLE,,,2026-12-01,1,2025-09,2027-03-01,3,SRC-2025-06,182,Project List: Ongoing Projects,PAIMANA_V1,SRC-2025-09,51,All Ongoing Projects,PAIMANA,True,False,False
PRH-617181,2025-07,S1,ELIGIBLE,,,2026-12-01,1,2025-09,2027-03-01,3,SRC-2025-07-P01,46,All Ongoing Projects,PAIMANA,SRC-2025-09,51,All Ongoing Projects,PAIMANA,False,False,False
PRH-617181,2025-08,S1,ELIGIBLE,,,2026-12-01,1,2025-09,2027-03-01,3,SRC-2025-08,45,All Ongoing Projects,PAIMANA,SRC-2025-09,51,All Ongoing Projects,PAIMANA,False,False,False
PRH-617183,2025-05,S1,ELIGIBLE,,,2027-03-01,1,2025-07,2027-12-01,9,SRC-2025-05,45,Project List: Ongoing Projects,PAIMANA_V1,SRC-2025-07-P01,43,All Ongoing Projects,PAIMANA,True,True,True
PRH-617183,2025-06,S1,ELIGIBLE,,,2027-03-01,1,2025-07,2027-12-01,9,SRC-2025-06,44,Project List: Ongoing Projects,PAIMANA_V1,SRC-2025-07-P01,43,All Ongoing Projects,PAIMANA,True,True,True
PRH-617184,2025-06,S1,ELIGIBLE,,,2027-03-01,1,2025-07,2027-09-01,6,SRC-2025-06,114,Project List: Ongoing Projects,PAIMANA_V1,SRC-2025-07-P01,44,All Ongoing Projects,PAIMANA,True,True,True
PRH-617185,2025-12,S1,ELIGIBLE,,,2027-03-01,1,2026-03,2027-09-01,6,SRC-2025-12,57,All Ongoing Projects,PAIMANA,SRC-2026-03,64,All Ongoing Projects,PAIMANA,False,False,False
PRH-617185,2026-01,S1,ELIGIBLE,,,2027-03-01,1,2026-03,2027-09-01,6,SRC-2026-01,69,All Ongoing Projects,PAIMANA,SRC-2026-03,64,All Ongoing Projects,PAIMANA,False,False,False
PRH-617185,2026-02,S1,ELIGIBLE,,,2027-03-01,1,2026-03,2027-09-01,6,SRC-2026-02,75,All Ongoing Projects,PAIMANA,SRC-2026-03,64,All Ongoing Projects,PAIMANA,False,False,False
PRH-617186,2025-12,S1,ELIGIBLE,,,2027-03-01,1,2026-03,2027-06-01,3,SRC-2025-12,58,All Ongoing Projects,PAIMANA,SRC-2026-03,65,All Ongoing Projects,PAIMANA,False,False,False
PRH-617186,2026-01,S1,ELIGIBLE,,,2027-03-01,1,2026-03,2027-06-01,3,SRC-2026-01,70,All Ongoing Projects,PAIMANA,SRC-2026-03,65,All Ongoing Projects,PAIMANA,False,False,False
PRH-617186,2026-02,S1,ELIGIBLE,,,2027-03-01,1,2026-03,2027-06-01,3,SRC-2026-02,76,All Ongoing Projects,PAIMANA,SRC-2026-03,65,All Ongoing Projects,PAIMANA,False,False,False
PRH-617188,2026-02,S1,ELIGIBLE,,,2029-09-01,1,2026-05,2029-11-01,2,SRC-2026-02,72,All Ongoing Projects,PAIMANA,SRC-2026-05,61,All Ongoing Projects,PAIMANA,False,False,False
PRH-617188,2026-03,S1,ELIGIBLE,,,2029-09-01,1,2026-05,2029-11-01,2,SRC-2026-03,62,All Ongoing Projects,PAIMANA,SRC-2026-05,61,All Ongoing Projects,PAIMANA,False,False,False
PRH-617212,2026-02,S1,ELIGIBLE,,,2029-03-01,1,2026-05,2029-08-01,5,SRC-2026-02,95,All Ongoing Projects,PAIMANA,SRC-2026-05,85,All Ongoing Projects,PAIMANA,False,False,False
PRH-617212,2026-03,S1,ELIGIBLE,,,2029-03-01,1,2026-05,2029-08-01,5,SRC-2026-03,84,All Ongoing Projects,PAIMANA,SRC-2026-05,85,All Ongoing Projects,PAIMANA,False,False,False
PRH-617246,2025-12,S1,ELIGIBLE,,,2026-06-01,1,2026-03,2027-10-01,16,SRC-2025-12,68,All Ongoing Projects,PAIMANA,SRC-2026-03,79,All Ongoing Projects,PAIMANA,False,False,False
PRH-617246,2026-01,S1,ELIGIBLE,,,2026-06-01,1,2026-03,2027-10-01,16,SRC-2026-01,81,All Ongoing Projects,PAIMANA,SRC-2026-03,79,All Ongoing Projects,PAIMANA,False,False,False
PRH-617246,2026-02,S1,ELIGIBLE,,,2026-06-01,1,2026-03,2027-10-01,16,SRC-2026-02,90,All Ongoing Projects,PAIMANA,SRC-2026-03,79,All Ongoing Projects,PAIMANA,False,False,False
PRH-617248,2026-02,S1,ELIGIBLE,,,2026-07-01,1,2026-05,2026-11-01,4,SRC-2026-02,90,All Ongoing Projects,PAIMANA,SRC-2026-05,79,All Ongoing Projects,PAIMANA,False,False,False
PRH-617248,2026-03,S1,ELIGIBLE,,,2026-07-01,1,2026-05,2026-11-01,4,SRC-2026-03,79,All Ongoing Projects,PAIMANA,SRC-2026-05,79,All Ongoing Projects,PAIMANA,False,False,False
PRH-617250,2026-02,S1,ELIGIBLE,,,2026-10-01,1,2026-05,2027-04-01,6,SRC-2026-02,89,All Ongoing Projects,PAIMANA,SRC-2026-05,79,All Ongoing Projects,PAIMANA,False,False,False
PRH-617250,2026-03,S1,ELIGIBLE,,,2026-10-01,1,2026-05,2027-04-01,6,SRC-2026-03,79,All Ongoing Projects,PAIMANA,SRC-2026-05,79,All Ongoing Projects,PAIMANA,False,False,False
PRH-617251,2026-03,S1,ELIGIBLE,,,2026-05-01,1,2026-06,2026-08-01,3,SRC-2026-03,79,All Ongoing Projects,PAIMANA,SRC-2026-06,84,All Ongoing Projects,PAIMANA,False,False,False
PRH-617254,2025-11,S1,ELIGIBLE,,,2026-06-01,1,2026-02,2027-04-01,10,SRC-2025-11,60,All Ongoing Projects,PAIMANA,SRC-2026-02,89,All Ongoing Projects,PAIMANA,False,False,False
PRH-617254,2025-12,S1,ELIGIBLE,,,2026-06-01,1,2026-02,2027-04-01,10,SRC-2025-12,68,All Ongoing Projects,PAIMANA,SRC-2026-02,89,All Ongoing Projects,PAIMANA,False,False,False
PRH-617254,2026-01,S1,ELIGIBLE,,,2026-06-01,1,2026-02,2027-04-01,10,SRC-2026-01,81,All Ongoing Projects,PAIMANA,SRC-2026-02,89,All Ongoing Projects,PAIMANA,False,False,False
PRH-617255,2026-02,S1,ELIGIBLE,,,2026-06-01,1,2026-05,2026-09-01,3,SRC-2026-02,89,All Ongoing Projects,PAIMANA,SRC-2026-05,79,All Ongoing Projects,PAIMANA,False,False,False
PRH-617255,2026-03,S1,ELIGIBLE,,,2026-06-01,1,2026-05,2026-09-01,3,SRC-2026-03,78,All Ongoing Projects,PAIMANA,SRC-2026-05,79,All Ongoing Projects,PAIMANA,False,False,False
PRH-617256,2025-08,S1,ELIGIBLE,,,2025-10-01,1,2025-11,2026-03-01,5,SRC-2025-08,54,All Ongoing Projects,PAIMANA,SRC-2025-11,60,All Ongoing Projects,PAIMANA,False,False,False
PRH-617256,2025-09,S1,ELIGIBLE,,,2025-10-01,1,2025-11,2026-03-01,5,SRC-2025-09,59,All Ongoing Projects,PAIMANA,SRC-2025-11,60,All Ongoing Projects,PAIMANA,False,False,False
PRH-617256,2025-10,S1,ELIGIBLE,,,2025-10-01,1,2025-11,2026-03-01,5,SRC-2025-10,60,All Ongoing Projects,PAIMANA,SRC-2025-11,60,All Ongoing Projects,PAIMANA,False,False,False
PRH-617257,2026-03,S1,ELIGIBLE,,,2026-11-01,1,2026-06,2027-11-01,12,SRC-2026-03,79,All Ongoing Projects,PAIMANA,SRC-2026-06,84,All Ongoing Projects,PAIMANA,False,False,False
PRH-617269,2025-06,S1,ELIGIBLE,,,2026-06-01,1,2025-09,2026-08-01,2,SRC-2025-06,205,Project List: Ongoing Projects,PAIMANA_V1,SRC-2025-09,51,All Ongoing Projects,PAIMANA,True,False,False
PRH-617269,2025-07,S1,ELIGIBLE,,,2026-06-01,1,2025-09,2026-08-01,2,SRC-2025-07-P01,46,All Ongoing Projects,PAIMANA,SRC-2025-09,51,All Ongoing Projects,PAIMANA,False,False,False
PRH-617269,2025-08,S1,ELIGIBLE,,,2026-06-01,1,2025-09,2026-08-01,2,SRC-2025-08,46,All Ongoing Projects,PAIMANA,SRC-2025-09,51,All Ongoing Projects,PAIMANA,False,False,False
PRH-617270,2025-06,S1,ELIGIBLE,,,2026-05-01,1,2025-09,2027-03-01,10,SRC-2025-06,65,Project List: Ongoing Projects,PAIMANA_V1,SRC-2025-09,49,All Ongoing Projects,PAIMANA,True,False,False
PRH-617270,2025-07,S1,ELIGIBLE,,,2026-05-01,1,2025-09,2027-03-01,10,SRC-2025-07-P01,44,All Ongoing Projects,PAIMANA,SRC-2025-09,49,All Ongoing Projects,PAIMANA,False,False,False
PRH-617270,2025-08,S1,ELIGIBLE,,,2026-05-01,1,2025-09,2027-03-01,10,SRC-2025-08,44,All Ongoing Projects,PAIMANA,SRC-2025-09,49,All Ongoing Projects,PAIMANA,False,False,False
PRH-617271,2025-06,S1,ELIGIBLE,,,2026-05-01,1,2025-09,2026-06-01,1,SRC-2025-06,65,Project List: Ongoing Projects,PAIMANA_V1,SRC-2025-09,49,All Ongoing Projects,PAIMANA,True,True,True
PRH-617271,2025-07,S1,ELIGIBLE,,,2026-03-01,1,2025-09,2026-06-01,3,SRC-2025-07-P01,44,All Ongoing Projects,PAIMANA,SRC-2025-09,49,All Ongoing Projects,PAIMANA,False,False,False
PRH-617271,2025-08,S1,ELIGIBLE,,,2026-03-01,1,2025-09,2026-06-01,3,SRC-2025-08,44,All Ongoing Projects,PAIMANA,SRC-2025-09,49,All Ongoing Projects,PAIMANA,False,False,False
PRH-617280,2025-04,S1,ELIGIBLE,,,2022-04-01,1,2025-07,2026-08-01,52,SRC-2025-04,263,Project List: Ongoing Projects,PAIMANA_V1,SRC-2025-07-P01,47,All Ongoing Projects,PAIMANA,True,True,True
PRH-617280,2025-05,S1,ELIGIBLE,,,2022-04-01,1,2025-07,2026-08-01,52,SRC-2025-05,203,Project List: Ongoing Projects,PAIMANA_V1,SRC-2025-07-P01,47,All Ongoing Projects,PAIMANA,True,True,True
PRH-617280,2025-06,S1,ELIGIBLE,,,2022-04-01,1,2025-07,2026-08-01,52,SRC-2025-06,225,Project List: Ongoing Projects,PAIMANA_V1,SRC-2025-07-P01,47,All Ongoing Projects,PAIMANA,True,True,True
PRH-617299,2025-06,S1,ELIGIBLE,,,2025-06-01,1,2025-07,2026-01-01,7,SRC-2025-06,83,Project List: Ongoing Projects,PAIMANA_V1,SRC-2025-07-P01,42,All Ongoing Projects,PAIMANA,True,False,False
PRH-617326,2025-10,S1,ELIGIBLE,,,2026-03-01,1,2025-12,2026-08-01,5,SRC-2025-10,49,All Ongoing Projects,PAIMANA,SRC-2025-12,57,All Ongoing Projects,PAIMANA,False,False,False
PRH-617326,2025-11,S1,ELIGIBLE,,,2026-03-01,1,2025-12,2026-08-01,5,SRC-2025-11,49,All Ongoing Projects,PAIMANA,SRC-2025-12,57,All Ongoing Projects,PAIMANA,False,False,False
PRH-617372,2025-10,S1,ELIGIBLE,,,2025-12-01,1,2026-01,2026-03-01,3,SRC-2025-10,63,All Ongoing Projects,PAIMANA,SRC-2026-01,84,All Ongoing Projects,PAIMANA,False,False,False
PRH-617372,2025-11,S1,ELIGIBLE,,,2025-12-01,1,2026-01,2026-03-01,3,SRC-2025-11,63,All Ongoing Projects,PAIMANA,SRC-2026-01,84,All Ongoing Projects,PAIMANA,False,False,False
PRH-617372,2025-12,S1,ELIGIBLE,,,2025-12-01,1,2026-01,2026-03-01,3,SRC-2025-12,71,All Ongoing Projects,PAIMANA,SRC-2026-01,84,All Ongoing Projects,PAIMANA,False,False,False
PRH-617374,2025-10,S1,ELIGIBLE,,,2025-03-01,1,2025-11,2026-02-01,11,SRC-2025-10,62,All Ongoing Projects,PAIMANA,SRC-2025-11,62,All Ongoing Projects,PAIMANA,False,False,False
PRH-617379,2025-10,S1,ELIGIBLE,,,2020-03-01,1,2025-11,2025-12-01,69,SRC-2025-10,62,All Ongoing Projects,PAIMANA,SRC-2025-11,62,All Ongoing Projects,PAIMANA,False,False,True
PRH-617730,2026-03,S1,ELIGIBLE,,,2026-06-01,1,2026-06,2026-12-01,6,SRC-2026-03,61,All Ongoing Projects,PAIMANA,SRC-2026-06,65,All Ongoing Projects,PAIMANA,False,False,False
PRH-617818,2025-12,S1,ELIGIBLE,,,2030-02-01,1,2026-03,2031-12-01,22,SRC-2025-12,65,All Ongoing Projects,PAIMANA,SRC-2026-03,75,All Ongoing Projects,PAIMANA,False,False,False
PRH-617818,2026-01,S1,ELIGIBLE,,,2030-02-01,1,2026-03,2031-12-01,22,SRC-2026-01,78,All Ongoing Projects,PAIMANA,SRC-2026-03,75,All Ongoing Projects,PAIMANA,False,False,False
PRH-617818,2026-02,S1,ELIGIBLE,,,2030-02-01,1,2026-03,2031-12-01,22,SRC-2026-02,85,All Ongoing Projects,PAIMANA,SRC-2026-03,75,All Ongoing Projects,PAIMANA,False,False,False
PRH-617828,2026-01,S1,ELIGIBLE,,,2029-03-01,1,2026-04,2029-08-01,5,SRC-2026-01,78,All Ongoing Projects,PAIMANA,SRC-2026-04,77,All Ongoing Projects,PAIMANA,False,False,False
PRH-617828,2026-02,S1,ELIGIBLE,,,2029-03-01,1,2026-04,2029-08-01,5,SRC-2026-02,86,All Ongoing Projects,PAIMANA,SRC-2026-04,77,All Ongoing Projects,PAIMANA,False,False,False
PRH-617828,2026-03,S1,ELIGIBLE,,,2029-03-01,1,2026-04,2029-08-01,5,SRC-2026-03,75,All Ongoing Projects,PAIMANA,SRC-2026-04,77,All Ongoing Projects,PAIMANA,False,False,False
PRH-617895,2026-01,S1,ELIGIBLE,,,2025-04-01,1,2026-03,2026-12-01,20,SRC-2026-01,93,All Ongoing Projects,PAIMANA,SRC-2026-03,95,All Ongoing Projects,PAIMANA,False,False,False
PRH-617895,2026-02,S1,ELIGIBLE,,,2025-04-01,1,2026-03,2026-12-01,20,SRC-2026-02,106,All Ongoing Projects,PAIMANA,SRC-2026-03,95,All Ongoing Projects,PAIMANA,False,False,False
PRH-617897,2026-01,S1,ELIGIBLE,,,2025-07-01,1,2026-03,2026-06-01,11,SRC-2026-01,96,All Ongoing Projects,PAIMANA,SRC-2026-03,98,All Ongoing Projects,PAIMANA,False,False,False
PRH-617897,2026-02,S1,ELIGIBLE,,,2025-07-01,1,2026-03,2026-06-01,11,SRC-2026-02,109,All Ongoing Projects,PAIMANA,SRC-2026-03,98,All Ongoing Projects,PAIMANA,False,False,False
PRH-617899,2026-01,S1,ELIGIBLE,,,2026-02-01,1,2026-03,2026-11-01,9,SRC-2026-01,118,All Ongoing Projects,PAIMANA,SRC-2026-03,133,All Ongoing Projects,PAIMANA,False,False,False
PRH-617899,2026-02,S1,ELIGIBLE,,,2026-02-01,1,2026-03,2026-11-01,9,SRC-2026-02,144,All Ongoing Projects,PAIMANA,SRC-2026-03,133,All Ongoing Projects,PAIMANA,False,False,False
PRH-617907,2026-01,S1,ELIGIBLE,,,2024-09-01,1,2026-03,2026-04-01,19,SRC-2026-01,90,All Ongoing Projects,PAIMANA,SRC-2026-03,90,All Ongoing Projects,PAIMANA,False,False,False
PRH-617907,2026-02,S1,ELIGIBLE,,,2024-09-01,1,2026-03,2026-04-01,19,SRC-2026-02,101,All Ongoing Projects,PAIMANA,SRC-2026-03,90,All Ongoing Projects,PAIMANA,False,False,False
PRH-617914,2026-02,S1,ELIGIBLE,,,2025-12-01,1,2026-03,2026-06-01,6,SRC-2026-02,127,All Ongoing Projects,PAIMANA,SRC-2026-03,116,All Ongoing Projects,PAIMANA,False,False,False
PRH-617915,2026-01,S1,ELIGIBLE,,,2025-09-01,1,2026-03,2026-03-01,6,SRC-2026-01,107,All Ongoing Projects,PAIMANA,SRC-2026-03,116,All Ongoing Projects,PAIMANA,False,False,False
PRH-617915,2026-02,S1,ELIGIBLE,,,2025-09-01,1,2026-03,2026-03-01,6,SRC-2026-02,127,All Ongoing Projects,PAIMANA,SRC-2026-03,116,All Ongoing Projects,PAIMANA,False,False,False
PRH-617919,2026-01,S1,ELIGIBLE,,,2021-01-01,1,2026-03,2025-08-01,55,SRC-2026-01,99,All Ongoing Projects,PAIMANA,SRC-2026-03,102,All Ongoing Projects,PAIMANA,False,False,False
PRH-617919,2026-02,S1,ELIGIBLE,,,2021-01-01,1,2026-03,2025-08-01,55,SRC-2026-02,113,All Ongoing Projects,PAIMANA,SRC-2026-03,102,All Ongoing Projects,PAIMANA,False,False,False
PRH-617921,2026-01,S1,ELIGIBLE,,,2025-06-01,1,2026-03,2026-05-01,11,SRC-2026-01,118,All Ongoing Projects,PAIMANA,SRC-2026-03,134,All Ongoing Projects,PAIMANA,False,False,False
PRH-617921,2026-02,S1,ELIGIBLE,,,2025-06-01,1,2026-03,2026-05-01,11,SRC-2026-02,145,All Ongoing Projects,PAIMANA,SRC-2026-03,134,All Ongoing Projects,PAIMANA,False,False,False
PRH-617927,2026-02,S1,ELIGIBLE,,,2026-08-01,1,2026-03,2027-09-01,13,SRC-2026-02,114,All Ongoing Projects,PAIMANA,SRC-2026-03,104,All Ongoing Projects,PAIMANA,False,True,True
PRH-617928,2026-01,S1,ELIGIBLE,,,2026-03-01,1,2026-03,2026-04-01,1,SRC-2026-01,100,All Ongoing Projects,PAIMANA,SRC-2026-03,104,All Ongoing Projects,PAIMANA,False,False,False
PRH-617928,2026-02,S1,ELIGIBLE,,,2026-03-01,1,2026-03,2026-04-01,1,SRC-2026-02,115,All Ongoing Projects,PAIMANA,SRC-2026-03,104,All Ongoing Projects,PAIMANA,False,False,False
PRH-617939,2026-03,S1,ELIGIBLE,,,2026-07-01,1,2026-06,2026-08-01,1,SRC-2026-03,141,All Ongoing Projects,PAIMANA,SRC-2026-06,145,All Ongoing Projects,PAIMANA,False,False,False
PRH-617942,2026-01,S1,ELIGIBLE,,,2026-04-01,1,2026-03,2026-10-01,6,SRC-2026-01,99,All Ongoing Projects,PAIMANA,SRC-2026-03,103,All Ongoing Projects,PAIMANA,False,False,False
PRH-617942,2026-02,S1,ELIGIBLE,,,2026-04-01,1,2026-03,2026-10-01,6,SRC-2026-02,114,All Ongoing Projects,PAIMANA,SRC-2026-03,103,All Ongoing Projects,PAIMANA,False,False,False
PRH-617955,2026-01,S1,ELIGIBLE,,,2025-03-01,1,2026-03,2026-12-01,21,SRC-2026-01,105,All Ongoing Projects,PAIMANA,SRC-2026-03,111,All Ongoing Projects,PAIMANA,False,False,False
PRH-617955,2026-02,S1,ELIGIBLE,,,2025-03-01,1,2026-03,2026-12-01,21,SRC-2026-02,122,All Ongoing Projects,PAIMANA,SRC-2026-03,111,All Ongoing Projects,PAIMANA,False,False,False
PRH-617958,2026-01,S1,ELIGIBLE,,,2024-11-01,1,2026-03,2026-05-01,18,SRC-2026-01,96,All Ongoing Projects,PAIMANA,SRC-2026-03,98,All Ongoing Projects,PAIMANA,False,False,False
PRH-617958,2026-02,S1,ELIGIBLE,,,2024-11-01,1,2026-03,2026-05-01,18,SRC-2026-02,109,All Ongoing Projects,PAIMANA,SRC-2026-03,98,All Ongoing Projects,PAIMANA,False,False,False
PRH-617963,2026-02,S1,ELIGIBLE,,,2027-01-01,1,2026-04,2027-07-01,6,SRC-2026-02,155,All Ongoing Projects,PAIMANA,SRC-2026-04,150,All Ongoing Projects,PAIMANA,False,False,False
PRH-617963,2026-03,S1,ELIGIBLE,,,2027-01-01,1,2026-04,2027-07-01,6,SRC-2026-03,145,All Ongoing Projects,PAIMANA,SRC-2026-04,150,All Ongoing Projects,PAIMANA,False,False,False
PRH-617969,2026-02,S1,ELIGIBLE,,,2026-07-01,1,2026-05,2026-09-01,2,SRC-2026-02,110,All Ongoing Projects,PAIMANA,SRC-2026-05,101,All Ongoing Projects,PAIMANA,False,False,False
PRH-617969,2026-03,S1,ELIGIBLE,,,2026-07-01,1,2026-05,2026-09-01,2,SRC-2026-03,99,All Ongoing Projects,PAIMANA,SRC-2026-05,101,All Ongoing Projects,PAIMANA,False,False,False
PRH-617973,2026-01,S1,ELIGIBLE,,,2020-11-01,1,2026-03,2026-02-01,63,SRC-2026-01,99,All Ongoing Projects,PAIMANA,SRC-2026-03,102,All Ongoing Projects,PAIMANA,False,False,True
PRH-617973,2026-02,S1,ELIGIBLE,,,2020-11-01,1,2026-03,2026-02-01,63,SRC-2026-02,113,All Ongoing Projects,PAIMANA,SRC-2026-03,102,All Ongoing Projects,PAIMANA,False,False,True
PRH-617976,2026-03,S1,ELIGIBLE,,,2026-06-01,1,2026-06,2026-08-01,2,SRC-2026-03,104,All Ongoing Projects,PAIMANA,SRC-2026-06,109,All Ongoing Projects,PAIMANA,False,False,False
PRH-617984,2026-01,S1,ELIGIBLE,,,2025-05-01,1,2026-03,2026-06-01,13,SRC-2026-01,90,All Ongoing Projects,PAIMANA,SRC-2026-03,90,All Ongoing Projects,PAIMANA,False,False,False
PRH-617984,2026-02,S1,ELIGIBLE,,,2025-05-01,1,2026-03,2026-06-01,13,SRC-2026-02,101,All Ongoing Projects,PAIMANA,SRC-2026-03,90,All Ongoing Projects,PAIMANA,False,False,False
PRH-617992,2026-01,S1,ELIGIBLE,,,2020-09-01,1,2026-03,2026-06-01,69,SRC-2026-01,123,All Ongoing Projects,PAIMANA,SRC-2026-03,142,All Ongoing Projects,PAIMANA,False,False,True
PRH-617992,2026-02,S1,ELIGIBLE,,,2020-09-01,1,2026-03,2026-06-01,69,SRC-2026-02,152,All Ongoing Projects,PAIMANA,SRC-2026-03,142,All Ongoing Projects,PAIMANA,False,False,True
PRH-617998,2026-01,S1,ELIGIBLE,,,2025-02-01,1,2026-03,2026-03-01,13,SRC-2026-01,105,All Ongoing Projects,PAIMANA,SRC-2026-03,112,All Ongoing Projects,PAIMANA,False,False,False
PRH-617998,2026-02,S1,ELIGIBLE,,,2025-02-01,1,2026-03,2026-03-01,13,SRC-2026-02,123,All Ongoing Projects,PAIMANA,SRC-2026-03,112,All Ongoing Projects,PAIMANA,False,False,False
PRH-618000,2026-01,S1,ELIGIBLE,,,2024-02-01,1,2026-03,2026-04-01,26,SRC-2026-01,105,All Ongoing Projects,PAIMANA,SRC-2026-03,112,All Ongoing Projects,PAIMANA,False,False,False
PRH-618000,2026-02,S1,ELIGIBLE,,,2024-02-01,1,2026-03,2026-04-01,26,SRC-2026-02,123,All Ongoing Projects,PAIMANA,SRC-2026-03,112,All Ongoing Projects,PAIMANA,False,False,False
PRH-618003,2026-01,S1,ELIGIBLE,,,2024-12-01,1,2026-03,2026-06-01,18,SRC-2026-01,119,All Ongoing Projects,PAIMANA,SRC-2026-03,134,All Ongoing Projects,PAIMANA,False,False,False
PRH-618003,2026-02,S1,ELIGIBLE,,,2024-12-01,1,2026-03,2026-06-01,18,SRC-2026-02,145,All Ongoing Projects,PAIMANA,SRC-2026-03,134,All Ongoing Projects,PAIMANA,False,False,False
PRH-618004,2026-01,S1,ELIGIBLE,,,2026-07-01,1,2026-03,2027-04-01,9,SRC-2026-01,97,All Ongoing Projects,PAIMANA,SRC-2026-03,99,All Ongoing Projects,PAIMANA,False,False,False
PRH-618004,2026-02,S1,ELIGIBLE,,,2026-07-01,1,2026-03,2027-04-01,9,SRC-2026-02,110,All Ongoing Projects,PAIMANA,SRC-2026-03,99,All Ongoing Projects,PAIMANA,False,False,False
PRH-618012,2026-01,S1,ELIGIBLE,,,2026-02-01,1,2026-03,2026-06-01,4,SRC-2026-01,119,All Ongoing Projects,PAIMANA,SRC-2026-03,134,All Ongoing Projects,PAIMANA,False,False,False
PRH-618012,2026-02,S1,ELIGIBLE,,,2026-02-01,1,2026-03,2026-06-01,4,SRC-2026-02,145,All Ongoing Projects,PAIMANA,SRC-2026-03,134,All Ongoing Projects,PAIMANA,False,False,False
PRH-618019,2026-01,S1,ELIGIBLE,,,2025-05-01,1,2026-03,2026-06-01,13,SRC-2026-01,107,All Ongoing Projects,PAIMANA,SRC-2026-03,116,All Ongoing Projects,PAIMANA,False,False,False
PRH-618019,2026-02,S1,ELIGIBLE,,,2025-05-01,1,2026-03,2026-06-01,13,SRC-2026-02,127,All Ongoing Projects,PAIMANA,SRC-2026-03,116,All Ongoing Projects,PAIMANA,False,False,False
PRH-618021,2026-02,S1,ELIGIBLE,,,2025-07-01,1,2026-03,2027-06-01,23,SRC-2026-02,127,All Ongoing Projects,PAIMANA,SRC-2026-03,116,All Ongoing Projects,PAIMANA,False,True,True
PRH-618022,2026-02,S1,ELIGIBLE,,,2025-08-01,1,2026-03,2026-05-01,9,SRC-2026-02,115,All Ongoing Projects,PAIMANA,SRC-2026-03,104,All Ongoing Projects,PAIMANA,False,False,False
PRH-618023,2026-01,S1,ELIGIBLE,,,2025-04-01,1,2026-03,2026-03-01,11,SRC-2026-01,119,All Ongoing Projects,PAIMANA,SRC-2026-03,136,All Ongoing Projects,PAIMANA,False,False,False
PRH-618023,2026-02,S1,ELIGIBLE,,,2025-04-01,1,2026-03,2026-03-01,11,SRC-2026-02,146,All Ongoing Projects,PAIMANA,SRC-2026-03,136,All Ongoing Projects,PAIMANA,False,False,False
PRH-618024,2026-01,S1,ELIGIBLE,,,2025-04-01,1,2026-03,2026-04-01,12,SRC-2026-01,120,All Ongoing Projects,PAIMANA,SRC-2026-03,136,All Ongoing Projects,PAIMANA,False,False,False
PRH-618024,2026-02,S1,ELIGIBLE,,,2025-04-01,1,2026-03,2026-04-01,12,SRC-2026-02,146,All Ongoing Projects,PAIMANA,SRC-2026-03,136,All Ongoing Projects,PAIMANA,False,False,False
PRH-618026,2026-01,S1,ELIGIBLE,,,2019-10-01,1,2026-03,2026-04-01,78,SRC-2026-01,124,All Ongoing Projects,PAIMANA,SRC-2026-03,142,All Ongoing Projects,PAIMANA,False,False,True
PRH-618026,2026-02,S1,ELIGIBLE,,,2019-10-01,1,2026-03,2026-04-01,78,SRC-2026-02,153,All Ongoing Projects,PAIMANA,SRC-2026-03,142,All Ongoing Projects,PAIMANA,False,False,True
PRH-618027,2026-03,S1,ELIGIBLE,,,2026-03-01,1,2026-05,2026-12-01,9,SRC-2026-03,112,All Ongoing Projects,PAIMANA,SRC-2026-05,115,All Ongoing Projects,PAIMANA,False,False,False
PRH-618029,2026-01,S1,ELIGIBLE,,,2025-01-01,1,2026-03,2027-01-01,24,SRC-2026-01,105,All Ongoing Projects,PAIMANA,SRC-2026-03,112,All Ongoing Projects,PAIMANA,False,False,False
PRH-618029,2026-02,S1,ELIGIBLE,,,2025-01-01,1,2026-03,2027-01-01,24,SRC-2026-02,123,All Ongoing Projects,PAIMANA,SRC-2026-03,112,All Ongoing Projects,PAIMANA,False,False,False
PRH-618030,2026-01,S1,ELIGIBLE,,,2024-05-01,1,2026-03,2026-12-01,31,SRC-2026-01,105,All Ongoing Projects,PAIMANA,SRC-2026-03,112,All Ongoing Projects,PAIMANA,False,False,False
PRH-618030,2026-02,S1,ELIGIBLE,,,2024-05-01,1,2026-03,2026-12-01,31,SRC-2026-02,123,All Ongoing Projects,PAIMANA,SRC-2026-03,112,All Ongoing Projects,PAIMANA,False,False,False
PRH-618033,2026-01,S1,ELIGIBLE,,,2024-12-01,1,2026-03,2026-07-01,19,SRC-2026-01,93,All Ongoing Projects,PAIMANA,SRC-2026-03,94,All Ongoing Projects,PAIMANA,False,False,False
PRH-618033,2026-02,S1,ELIGIBLE,,,2024-12-01,1,2026-03,2026-07-01,19,SRC-2026-02,105,All Ongoing Projects,PAIMANA,SRC-2026-03,94,All Ongoing Projects,PAIMANA,False,False,False
PRH-618035,2026-03,S1,ELIGIBLE,,,2026-05-01,1,2026-04,2026-12-01,7,SRC-2026-03,116,All Ongoing Projects,PAIMANA,SRC-2026-04,120,All Ongoing Projects,PAIMANA,False,False,False
PRH-618036,2026-03,S1,ELIGIBLE,,,2026-11-01,1,2026-06,2027-03-01,4,SRC-2026-03,116,All Ongoing Projects,PAIMANA,SRC-2026-06,122,All Ongoing Projects,PAIMANA,False,False,False
PRH-618037,2026-01,S1,ELIGIBLE,,,2024-05-01,1,2026-03,2026-06-01,25,SRC-2026-01,90,All Ongoing Projects,PAIMANA,SRC-2026-03,91,All Ongoing Projects,PAIMANA,False,False,False
PRH-618037,2026-02,S1,ELIGIBLE,,,2024-05-01,1,2026-03,2026-06-01,25,SRC-2026-02,101,All Ongoing Projects,PAIMANA,SRC-2026-03,91,All Ongoing Projects,PAIMANA,False,False,False
PRH-618042,2026-01,S1,ELIGIBLE,,,2025-05-01,1,2026-03,2026-03-01,10,SRC-2026-01,109,All Ongoing Projects,PAIMANA,SRC-2026-03,120,All Ongoing Projects,PAIMANA,False,False,False
PRH-618042,2026-02,S1,ELIGIBLE,,,2025-05-01,1,2026-03,2026-03-01,10,SRC-2026-02,131,All Ongoing Projects,PAIMANA,SRC-2026-03,120,All Ongoing Projects,PAIMANA,False,False,False
PRH-618043,2026-03,S1,ELIGIBLE,,,2026-07-01,1,2026-06,2026-09-01,2,SRC-2026-03,116,All Ongoing Projects,PAIMANA,SRC-2026-06,122,All Ongoing Projects,PAIMANA,False,False,False
PRH-618049,2026-03,S1,ELIGIBLE,,,2026-07-01,1,2026-06,2026-08-01,1,SRC-2026-03,120,All Ongoing Projects,PAIMANA,SRC-2026-06,125,All Ongoing Projects,PAIMANA,False,False,False
PRH-618054,2026-01,S1,ELIGIBLE,,,2026-02-01,1,2026-03,2026-08-01,6,SRC-2026-01,126,All Ongoing Projects,PAIMANA,SRC-2026-03,145,All Ongoing Projects,PAIMANA,False,False,False
PRH-618054,2026-02,S1,ELIGIBLE,,,2026-02-01,1,2026-03,2026-08-01,6,SRC-2026-02,155,All Ongoing Projects,PAIMANA,SRC-2026-03,145,All Ongoing Projects,PAIMANA,False,False,False
PRH-618055,2026-01,S1,ELIGIBLE,,,2025-06-01,1,2026-04,2026-06-01,12,SRC-2026-01,126,All Ongoing Projects,PAIMANA,SRC-2026-04,150,All Ongoing Projects,PAIMANA,False,False,False
PRH-618055,2026-02,S1,ELIGIBLE,,,2025-06-01,1,2026-04,2026-06-01,12,SRC-2026-02,156,All Ongoing Projects,PAIMANA,SRC-2026-04,150,All Ongoing Projects,PAIMANA,False,False,False
PRH-618055,2026-03,S1,ELIGIBLE,,,2025-06-01,1,2026-04,2026-06-01,12,SRC-2026-03,145,All Ongoing Projects,PAIMANA,SRC-2026-04,150,All Ongoing Projects,PAIMANA,False,False,False
PRH-618057,2026-01,S1,ELIGIBLE,,,2025-05-01,1,2026-03,2026-12-01,19,SRC-2026-01,126,All Ongoing Projects,PAIMANA,SRC-2026-03,145,All Ongoing Projects,PAIMANA,False,False,False
PRH-618057,2026-02,S1,ELIGIBLE,,,2025-05-01,1,2026-03,2026-12-01,19,SRC-2026-02,156,All Ongoing Projects,PAIMANA,SRC-2026-03,145,All Ongoing Projects,PAIMANA,False,False,False
PRH-618059,2026-01,S1,ELIGIBLE,,,2025-08-01,1,2026-03,2026-07-01,11,SRC-2026-01,109,All Ongoing Projects,PAIMANA,SRC-2026-03,120,All Ongoing Projects,PAIMANA,False,False,False
PRH-618059,2026-02,S1,ELIGIBLE,,,2025-08-01,1,2026-03,2026-07-01,11,SRC-2026-02,131,All Ongoing Projects,PAIMANA,SRC-2026-03,120,All Ongoing Projects,PAIMANA,False,False,False
PRH-618060,2026-01,S1,ELIGIBLE,,,2024-07-01,1,2026-03,2026-04-01,21,SRC-2026-01,104,All Ongoing Projects,PAIMANA,SRC-2026-03,110,All Ongoing Projects,PAIMANA,False,False,False
PRH-618060,2026-02,S1,ELIGIBLE,,,2024-07-01,1,2026-03,2026-04-01,21,SRC-2026-02,121,All Ongoing Projects,PAIMANA,SRC-2026-03,110,All Ongoing Projects,PAIMANA,False,False,False
PRH-618062,2026-01,S1,ELIGIBLE,,,2025-09-01,1,2026-03,2026-01-01,4,SRC-2026-01,91,All Ongoing Projects,PAIMANA,SRC-2026-03,91,All Ongoing Projects,PAIMANA,False,False,False
PRH-618062,2026-02,S1,ELIGIBLE,,,2025-09-01,1,2026-03,2026-01-01,4,SRC-2026-02,101,All Ongoing Projects,PAIMANA,SRC-2026-03,91,All Ongoing Projects,PAIMANA,False,False,False
PRH-618065,2026-01,S1,ELIGIBLE,,,2025-09-01,1,2026-03,2026-08-01,11,SRC-2026-01,110,All Ongoing Projects,PAIMANA,SRC-2026-03,120,All Ongoing Projects,PAIMANA,False,False,False
PRH-618065,2026-02,S1,ELIGIBLE,,,2025-09-01,1,2026-03,2026-08-01,11,SRC-2026-02,131,All Ongoing Projects,PAIMANA,SRC-2026-03,120,All Ongoing Projects,PAIMANA,False,False,False
PRH-618068,2026-01,S1,ELIGIBLE,,,2025-10-01,1,2026-03,2026-12-01,14,SRC-2026-01,108,All Ongoing Projects,PAIMANA,SRC-2026-03,117,All Ongoing Projects,PAIMANA,False,False,False
PRH-618068,2026-02,S1,ELIGIBLE,,,2025-10-01,1,2026-03,2026-12-01,14,SRC-2026-02,128,All Ongoing Projects,PAIMANA,SRC-2026-03,117,All Ongoing Projects,PAIMANA,False,False,False
PRH-618073,2026-01,S1,ELIGIBLE,,,2026-02-01,1,2026-03,2026-12-01,10,SRC-2026-01,97,All Ongoing Projects,PAIMANA,SRC-2026-03,99,All Ongoing Projects,PAIMANA,False,False,False
PRH-618073,2026-02,S1,ELIGIBLE,,,2026-02-01,1,2026-03,2026-12-01,10,SRC-2026-02,110,All Ongoing Projects,PAIMANA,SRC-2026-03,99,All Ongoing Projects,PAIMANA,False,False,False
PRH-618074,2026-01,S1,ELIGIBLE,,,2024-11-01,1,2026-03,2026-06-01,19,SRC-2026-01,97,All Ongoing Projects,PAIMANA,SRC-2026-03,99,All Ongoing Projects,PAIMANA,False,False,False
PRH-618074,2026-02,S1,ELIGIBLE,,,2024-11-01,1,2026-03,2026-06-01,19,SRC-2026-02,110,All Ongoing Projects,PAIMANA,SRC-2026-03,99,All Ongoing Projects,PAIMANA,False,False,False
PRH-618075,2026-01,S1,ELIGIBLE,,,2026-02-01,1,2026-03,2026-06-01,4,SRC-2026-01,126,All Ongoing Projects,PAIMANA,SRC-2026-03,145,All Ongoing Projects,PAIMANA,False,False,False
PRH-618075,2026-02,S1,ELIGIBLE,,,2026-02-01,1,2026-03,2026-06-01,4,SRC-2026-02,156,All Ongoing Projects,PAIMANA,SRC-2026-03,145,All Ongoing Projects,PAIMANA,False,False,False
PRH-618080,2026-03,S1,ELIGIBLE,,,2026-03-01,1,2026-06,2027-06-01,15,SRC-2026-03,99,All Ongoing Projects,PAIMANA,SRC-2026-06,104,All Ongoing Projects,PAIMANA,False,True,True
PRH-618081,2026-01,S1,ELIGIBLE,,,2026-02-01,1,2026-03,2026-06-01,4,SRC-2026-01,126,All Ongoing Projects,PAIMANA,SRC-2026-03,145,All Ongoing Projects,PAIMANA,False,False,False
PRH-618081,2026-02,S1,ELIGIBLE,,,2026-02-01,1,2026-03,2026-06-01,4,SRC-2026-02,156,All Ongoing Projects,PAIMANA,SRC-2026-03,145,All Ongoing Projects,PAIMANA,False,False,False
PRH-618082,2026-01,S1,ELIGIBLE,,,2024-05-01,1,2026-03,2026-06-01,25,SRC-2026-01,126,All Ongoing Projects,PAIMANA,SRC-2026-03,145,All Ongoing Projects,PAIMANA,False,False,False
PRH-618082,2026-02,S1,ELIGIBLE,,,2024-05-01,1,2026-03,2026-06-01,25,SRC-2026-02,156,All Ongoing Projects,PAIMANA,SRC-2026-03,145,All Ongoing Projects,PAIMANA,False,False,False
PRH-618089,2026-01,S1,ELIGIBLE,,,2025-04-01,1,2026-03,2026-06-01,14,SRC-2026-01,110,All Ongoing Projects,PAIMANA,SRC-2026-03,120,All Ongoing Projects,PAIMANA,False,False,False
PRH-618089,2026-02,S1,ELIGIBLE,,,2025-04-01,1,2026-03,2026-06-01,14,SRC-2026-02,131,All Ongoing Projects,PAIMANA,SRC-2026-03,120,All Ongoing Projects,PAIMANA,False,False,False
PRH-618095,2026-03,S1,ELIGIBLE,,,2026-03-01,1,2026-05,2027-03-01,12,SRC-2026-03,112,All Ongoing Projects,PAIMANA,SRC-2026-05,116,All Ongoing Projects,PAIMANA,False,False,False
PRH-618096,2026-03,S1,ELIGIBLE,,,2026-04-01,1,2026-04,2026-07-01,3,SRC-2026-03,120,All Ongoing Projects,PAIMANA,SRC-2026-04,125,All Ongoing Projects,PAIMANA,False,False,False
PRH-618103,2026-03,S1,ELIGIBLE,,,2026-04-01,1,2026-04,2026-06-01,2,SRC-2026-03,91,All Ongoing Projects,PAIMANA,SRC-2026-04,93,All Ongoing Projects,PAIMANA,False,False,False
PRH-618104,2026-01,S1,ELIGIBLE,,,2025-07-01,1,2026-03,2026-06-01,11,SRC-2026-01,124,All Ongoing Projects,PAIMANA,SRC-2026-03,142,All Ongoing Projects,PAIMANA,False,False,False
PRH-618104,2026-02,S1,ELIGIBLE,,,2025-07-01,1,2026-03,2026-06-01,11,SRC-2026-02,153,All Ongoing Projects,PAIMANA,SRC-2026-03,142,All Ongoing Projects,PAIMANA,False,False,False
PRH-618105,2026-01,S1,ELIGIBLE,,,2025-10-01,1,2026-03,2026-11-01,13,SRC-2026-01,124,All Ongoing Projects,PAIMANA,SRC-2026-03,142,All Ongoing Projects,PAIMANA,False,False,False
PRH-618105,2026-02,S1,ELIGIBLE,,,2025-10-01,1,2026-03,2026-11-01,13,SRC-2026-02,153,All Ongoing Projects,PAIMANA,SRC-2026-03,142,All Ongoing Projects,PAIMANA,False,False,False
PRH-618106,2026-01,S1,ELIGIBLE,,,2025-01-01,1,2026-03,2026-03-01,14,SRC-2026-01,124,All Ongoing Projects,PAIMANA,SRC-2026-03,142,All Ongoing Projects,PAIMANA,False,False,False
PRH-618106,2026-02,S1,ELIGIBLE,,,2025-01-01,1,2026-03,2026-03-01,14,SRC-2026-02,153,All Ongoing Projects,PAIMANA,SRC-2026-03,142,All Ongoing Projects,PAIMANA,False,False,False
PRH-618111,2026-01,S1,ELIGIBLE,,,2025-06-01,1,2026-03,2026-04-01,10,SRC-2026-01,126,All Ongoing Projects,PAIMANA,SRC-2026-03,145,All Ongoing Projects,PAIMANA,False,False,False
PRH-618111,2026-02,S1,ELIGIBLE,,,2025-06-01,1,2026-03,2026-04-01,10,SRC-2026-02,156,All Ongoing Projects,PAIMANA,SRC-2026-03,145,All Ongoing Projects,PAIMANA,False,False,False
PRH-618117,2026-03,S1,ELIGIBLE,,,2026-05-01,1,2026-06,2026-08-01,3,SRC-2026-03,138,All Ongoing Projects,PAIMANA,SRC-2026-06,142,All Ongoing Projects,PAIMANA,False,False,False
PRH-618121,2026-01,S1,ELIGIBLE,,,2024-12-01,1,2026-03,2026-07-01,19,SRC-2026-01,97,All Ongoing Projects,PAIMANA,SRC-2026-03,99,All Ongoing Projects,PAIMANA,False,False,False
PRH-618121,2026-02,S1,ELIGIBLE,,,2024-12-01,1,2026-03,2026-07-01,19,SRC-2026-02,110,All Ongoing Projects,PAIMANA,SRC-2026-03,99,All Ongoing Projects,PAIMANA,False,False,False
PRH-618124,2026-01,S1,ELIGIBLE,,,2025-08-01,1,2026-03,2026-06-01,10,SRC-2026-01,126,All Ongoing Projects,PAIMANA,SRC-2026-03,146,All Ongoing Projects,PAIMANA,False,False,False
PRH-618124,2026-02,S1,ELIGIBLE,,,2025-08-01,1,2026-03,2026-06-01,10,SRC-2026-02,156,All Ongoing Projects,PAIMANA,SRC-2026-03,146,All Ongoing Projects,PAIMANA,False,False,False
PRH-618126,2026-03,S1,ELIGIBLE,,,2026-12-01,1,2026-06,2027-03-01,3,SRC-2026-03,99,All Ongoing Projects,PAIMANA,SRC-2026-06,105,All Ongoing Projects,PAIMANA,False,False,False
PRH-618130,2026-03,S1,ELIGIBLE,,,2026-05-01,1,2026-05,2026-06-01,1,SRC-2026-03,142,All Ongoing Projects,PAIMANA,SRC-2026-05,147,All Ongoing Projects,PAIMANA,False,False,False
PRH-618142,2026-01,S1,ELIGIBLE,,,2019-05-01,1,2026-03,2019-09-01,4,SRC-2026-01,124,All Ongoing Projects,PAIMANA,SRC-2026-03,143,All Ongoing Projects,PAIMANA,False,False,False
PRH-618142,2026-02,S1,ELIGIBLE,,,2019-05-01,1,2026-03,2019-09-01,4,SRC-2026-02,153,All Ongoing Projects,PAIMANA,SRC-2026-03,143,All Ongoing Projects,PAIMANA,False,False,False
PRH-618145,2026-01,S1,ELIGIBLE,,,2025-01-01,1,2026-03,2026-04-01,15,SRC-2026-01,91,All Ongoing Projects,PAIMANA,SRC-2026-03,91,All Ongoing Projects,PAIMANA,False,False,False
PRH-618145,2026-02,S1,ELIGIBLE,,,2025-01-01,1,2026-03,2026-04-01,15,SRC-2026-02,102,All Ongoing Projects,PAIMANA,SRC-2026-03,91,All Ongoing Projects,PAIMANA,False,False,False
PRH-618146,2026-01,S1,ELIGIBLE,,,2026-04-01,1,2026-03,2027-04-01,12,SRC-2026-01,97,All Ongoing Projects,PAIMANA,SRC-2026-03,99,All Ongoing Projects,PAIMANA,False,False,False
PRH-618146,2026-02,S1,ELIGIBLE,,,2026-04-01,1,2026-03,2027-04-01,12,SRC-2026-02,110,All Ongoing Projects,PAIMANA,SRC-2026-03,99,All Ongoing Projects,PAIMANA,False,False,False
PRH-618152,2026-01,S1,ELIGIBLE,,,2019-07-01,1,2026-03,2025-12-01,77,SRC-2026-01,110,All Ongoing Projects,PAIMANA,SRC-2026-03,121,All Ongoing Projects,PAIMANA,False,False,True
PRH-618152,2026-02,S1,ELIGIBLE,,,2019-07-01,1,2026-03,2025-12-01,77,SRC-2026-02,132,All Ongoing Projects,PAIMANA,SRC-2026-03,121,All Ongoing Projects,PAIMANA,False,False,True
PRH-618153,2026-01,S1,ELIGIBLE,,,2019-08-01,1,2026-03,2025-07-01,71,SRC-2026-01,110,All Ongoing Projects,PAIMANA,SRC-2026-03,121,All Ongoing Projects,PAIMANA,False,False,True
PRH-618153,2026-02,S1,ELIGIBLE,,,2019-08-01,1,2026-03,2025-07-01,71,SRC-2026-02,132,All Ongoing Projects,PAIMANA,SRC-2026-03,121,All Ongoing Projects,PAIMANA,False,False,True
PRH-618154,2026-01,S1,ELIGIBLE,,,2024-07-01,1,2026-03,2026-06-01,23,SRC-2026-01,110,All Ongoing Projects,PAIMANA,SRC-2026-03,121,All Ongoing Projects,PAIMANA,False,False,False
PRH-618154,2026-02,S1,ELIGIBLE,,,2024-07-01,1,2026-03,2026-06-01,23,SRC-2026-02,132,All Ongoing Projects,PAIMANA,SRC-2026-03,121,All Ongoing Projects,PAIMANA,False,False,False
PRH-618155,2026-03,S1,ELIGIBLE,,,2026-07-01,1,2026-06,2026-09-01,2,SRC-2026-03,121,All Ongoing Projects,PAIMANA,SRC-2026-06,126,All Ongoing Projects,PAIMANA,False,False,False
PRH-618157,2026-03,S1,ELIGIBLE,,,2026-06-01,1,2026-04,2026-12-01,6,SRC-2026-03,117,All Ongoing Projects,PAIMANA,SRC-2026-04,121,All Ongoing Projects,PAIMANA,False,False,False
PRH-618161,2026-01,S1,ELIGIBLE,,,2025-12-01,1,2026-03,2026-04-01,4,SRC-2026-01,91,All Ongoing Projects,PAIMANA,SRC-2026-03,91,All Ongoing Projects,PAIMANA,False,False,False
PRH-618161,2026-02,S1,ELIGIBLE,,,2025-12-01,1,2026-03,2026-04-01,4,SRC-2026-02,102,All Ongoing Projects,PAIMANA,SRC-2026-03,91,All Ongoing Projects,PAIMANA,False,False,False
PRH-618163,2026-01,S1,ELIGIBLE,,,2025-12-01,1,2026-03,2026-12-01,12,SRC-2026-01,126,All Ongoing Projects,PAIMANA,SRC-2026-03,146,All Ongoing Projects,PAIMANA,False,False,False
PRH-618163,2026-02,S1,ELIGIBLE,,,2025-12-01,1,2026-03,2026-12-01,12,SRC-2026-02,156,All Ongoing Projects,PAIMANA,SRC-2026-03,146,All Ongoing Projects,PAIMANA,False,False,False
PRH-618164,2026-02,S1,ELIGIBLE,,,2026-06-01,1,2026-05,2026-07-01,1,SRC-2026-02,156,All Ongoing Projects,PAIMANA,SRC-2026-05,151,All Ongoing Projects,PAIMANA,False,False,False
PRH-618164,2026-03,S1,ELIGIBLE,,,2026-06-01,1,2026-05,2026-07-01,1,SRC-2026-03,146,All Ongoing Projects,PAIMANA,SRC-2026-05,151,All Ongoing Projects,PAIMANA,False,False,False
PRH-618165,2026-01,S1,ELIGIBLE,,,2026-01-01,1,2026-03,2026-06-01,5,SRC-2026-01,126,All Ongoing Projects,PAIMANA,SRC-2026-03,146,All Ongoing Projects,PAIMANA,False,False,False
PRH-618165,2026-02,S1,ELIGIBLE,,,2026-01-01,1,2026-03,2026-06-01,5,SRC-2026-02,157,All Ongoing Projects,PAIMANA,SRC-2026-03,146,All Ongoing Projects,PAIMANA,False,False,False
PRH-618166,2026-01,S1,ELIGIBLE,,,2025-10-01,1,2026-03,2026-04-01,6,SRC-2026-01,126,All Ongoing Projects,PAIMANA,SRC-2026-03,146,All Ongoing Projects,PAIMANA,False,False,False
PRH-618166,2026-02,S1,ELIGIBLE,,,2025-10-01,1,2026-03,2026-04-01,6,SRC-2026-02,157,All Ongoing Projects,PAIMANA,SRC-2026-03,146,All Ongoing Projects,PAIMANA,False,False,False
PRH-618167,2026-01,S1,ELIGIBLE,,,2023-08-01,1,2026-04,2026-05-01,33,SRC-2026-01,127,All Ongoing Projects,PAIMANA,SRC-2026-04,151,All Ongoing Projects,PAIMANA,False,False,False
PRH-618167,2026-02,S1,ELIGIBLE,,,2023-08-01,1,2026-04,2026-05-01,33,SRC-2026-02,157,All Ongoing Projects,PAIMANA,SRC-2026-04,151,All Ongoing Projects,PAIMANA,False,False,False
PRH-618168,2026-01,S1,ELIGIBLE,,,2026-01-01,1,2026-03,2027-01-01,12,SRC-2026-01,127,All Ongoing Projects,PAIMANA,SRC-2026-03,146,All Ongoing Projects,PAIMANA,False,False,False
PRH-618168,2026-02,S1,ELIGIBLE,,,2026-01-01,1,2026-03,2027-01-01,12,SRC-2026-02,157,All Ongoing Projects,PAIMANA,SRC-2026-03,146,All Ongoing Projects,PAIMANA,False,False,False
PRH-618169,2026-01,S1,ELIGIBLE,,,2025-11-01,1,2026-03,2026-07-01,8,SRC-2026-01,127,All Ongoing Projects,PAIMANA,SRC-2026-03,146,All Ongoing Projects,PAIMANA,False,False,False
PRH-618169,2026-02,S1,ELIGIBLE,,,2025-11-01,1,2026-03,2026-07-01,8,SRC-2026-02,157,All Ongoing Projects,PAIMANA,SRC-2026-03,146,All Ongoing Projects,PAIMANA,False,False,False
PRH-618175,2026-01,S1,ELIGIBLE,,,2025-05-01,1,2026-03,2026-06-01,13,SRC-2026-01,110,All Ongoing Projects,PAIMANA,SRC-2026-03,122,All Ongoing Projects,PAIMANA,False,False,False
PRH-618175,2026-02,S1,ELIGIBLE,,,2025-05-01,1,2026-03,2026-06-01,13,SRC-2026-02,133,All Ongoing Projects,PAIMANA,SRC-2026-03,122,All Ongoing Projects,PAIMANA,False,False,False
PRH-618178,2026-03,S1,ELIGIBLE,,,2026-06-01,1,2026-06,2026-10-01,4,SRC-2026-03,122,All Ongoing Projects,PAIMANA,SRC-2026-06,127,All Ongoing Projects,PAIMANA,False,False,False
PRH-618179,2026-03,S1,ELIGIBLE,,,2026-02-01,1,2026-06,2026-07-01,5,SRC-2026-03,122,All Ongoing Projects,PAIMANA,SRC-2026-06,127,All Ongoing Projects,PAIMANA,False,False,False
PRH-618180,2026-01,S1,ELIGIBLE,,,2019-12-01,1,2026-03,2024-06-01,54,SRC-2026-01,110,All Ongoing Projects,PAIMANA,SRC-2026-03,122,All Ongoing Projects,PAIMANA,False,False,False
PRH-618180,2026-02,S1,ELIGIBLE,,,2019-12-01,1,2026-03,2024-06-01,54,SRC-2026-02,133,All Ongoing Projects,PAIMANA,SRC-2026-03,122,All Ongoing Projects,PAIMANA,False,False,False
PRH-618184,2026-02,S1,ELIGIBLE,,,2026-02-01,1,2026-03,2027-12-01,22,SRC-2026-02,124,All Ongoing Projects,PAIMANA,SRC-2026-03,113,All Ongoing Projects,PAIMANA,False,False,False
PRH-618188,2026-01,S1,ELIGIBLE,,,2025-05-01,1,2026-03,2026-06-01,13,SRC-2026-01,111,All Ongoing Projects,PAIMANA,SRC-2026-03,122,All Ongoing Projects,PAIMANA,False,False,False
PRH-618188,2026-02,S1,ELIGIBLE,,,2025-05-01,1,2026-03,2026-06-01,13,SRC-2026-02,133,All Ongoing Projects,PAIMANA,SRC-2026-03,122,All Ongoing Projects,PAIMANA,False,False,False
PRH-618190,2026-01,S1,ELIGIBLE,,,2025-03-01,1,2026-03,2026-04-01,13,SRC-2026-01,124,All Ongoing Projects,PAIMANA,SRC-2026-03,143,All Ongoing Projects,PAIMANA,False,False,False
PRH-618190,2026-02,S1,ELIGIBLE,,,2025-03-01,1,2026-03,2026-04-01,13,SRC-2026-02,153,All Ongoing Projects,PAIMANA,SRC-2026-03,143,All Ongoing Projects,PAIMANA,False,False,False
PRH-618191,2026-01,S1,ELIGIBLE,,,2025-01-01,1,2026-03,2026-03-01,14,SRC-2026-01,91,All Ongoing Projects,PAIMANA,SRC-2026-03,91,All Ongoing Projects,PAIMANA,False,False,False
PRH-618191,2026-02,S1,ELIGIBLE,,,2025-01-01,1,2026-03,2026-03-01,14,SRC-2026-02,102,All Ongoing Projects,PAIMANA,SRC-2026-03,91,All Ongoing Projects,PAIMANA,False,False,False
PRH-618192,2026-01,S1,ELIGIBLE,,,2024-07-01,1,2026-03,2026-04-01,21,SRC-2026-01,91,All Ongoing Projects,PAIMANA,SRC-2026-03,91,All Ongoing Projects,PAIMANA,False,False,False
PRH-618192,2026-02,S1,ELIGIBLE,,,2024-07-01,1,2026-03,2026-04-01,21,SRC-2026-02,102,All Ongoing Projects,PAIMANA,SRC-2026-03,91,All Ongoing Projects,PAIMANA,False,False,False
PRH-618198,2026-01,S1,ELIGIBLE,,,2024-01-01,1,2026-03,2026-06-01,29,SRC-2026-01,111,All Ongoing Projects,PAIMANA,SRC-2026-03,122,All Ongoing Projects,PAIMANA,False,False,False
PRH-618198,2026-02,S1,ELIGIBLE,,,2024-01-01,1,2026-03,2026-06-01,29,SRC-2026-02,133,All Ongoing Projects,PAIMANA,SRC-2026-03,122,All Ongoing Projects,PAIMANA,False,False,False
PRH-618199,2026-03,S1,ELIGIBLE,,,2026-07-01,1,2026-06,2026-10-01,3,SRC-2026-03,122,All Ongoing Projects,PAIMANA,SRC-2026-06,127,All Ongoing Projects,PAIMANA,False,False,False
PRH-618201,2026-03,S1,ELIGIBLE,,,2026-11-01,1,2026-05,2027-06-01,7,SRC-2026-03,108,All Ongoing Projects,PAIMANA,SRC-2026-05,111,All Ongoing Projects,PAIMANA,False,False,False
PRH-618202,2026-02,S1,ELIGIBLE,,,2026-09-01,1,2026-05,2027-07-01,10,SRC-2026-02,119,All Ongoing Projects,PAIMANA,SRC-2026-05,111,All Ongoing Projects,PAIMANA,False,False,False
PRH-618202,2026-03,S1,ELIGIBLE,,,2026-09-01,1,2026-05,2027-07-01,10,SRC-2026-03,108,All Ongoing Projects,PAIMANA,SRC-2026-05,111,All Ongoing Projects,PAIMANA,False,False,False
PRH-618203,2026-02,S1,ELIGIBLE,,,2026-07-01,1,2026-05,2027-02-01,7,SRC-2026-02,119,All Ongoing Projects,PAIMANA,SRC-2026-05,111,All Ongoing Projects,PAIMANA,False,False,False
PRH-618203,2026-03,S1,ELIGIBLE,,,2026-07-01,1,2026-05,2027-02-01,7,SRC-2026-03,108,All Ongoing Projects,PAIMANA,SRC-2026-05,111,All Ongoing Projects,PAIMANA,False,False,False
PRH-618204,2026-02,S1,ELIGIBLE,,,2025-06-01,1,2026-03,2026-07-01,13,SRC-2026-02,119,All Ongoing Projects,PAIMANA,SRC-2026-03,108,All Ongoing Projects,PAIMANA,False,False,False
PRH-618205,2026-02,S1,ELIGIBLE,,,2025-08-01,1,2026-03,2026-08-01,12,SRC-2026-02,119,All Ongoing Projects,PAIMANA,SRC-2026-03,108,All Ongoing Projects,PAIMANA,False,False,False
PRH-618216,2026-01,S1,ELIGIBLE,,,2026-06-01,1,2026-04,2027-09-01,15,SRC-2026-01,101,All Ongoing Projects,PAIMANA,SRC-2026-04,110,All Ongoing Projects,PAIMANA,False,False,False
PRH-618216,2026-02,S1,ELIGIBLE,,,2026-06-01,1,2026-04,2027-09-01,15,SRC-2026-02,117,All Ongoing Projects,PAIMANA,SRC-2026-04,110,All Ongoing Projects,PAIMANA,False,False,False
PRH-618216,2026-03,S1,ELIGIBLE,,,2026-06-01,1,2026-04,2027-09-01,15,SRC-2026-03,107,All Ongoing Projects,PAIMANA,SRC-2026-04,110,All Ongoing Projects,PAIMANA,False,False,False
PRH-618217,2026-01,S1,ELIGIBLE,,,2026-05-01,1,2026-04,2027-08-01,15,SRC-2026-01,101,All Ongoing Projects,PAIMANA,SRC-2026-04,110,All Ongoing Projects,PAIMANA,False,False,False
PRH-618217,2026-02,S1,ELIGIBLE,,,2026-05-01,1,2026-04,2027-08-01,15,SRC-2026-02,117,All Ongoing Projects,PAIMANA,SRC-2026-04,110,All Ongoing Projects,PAIMANA,False,False,False
PRH-618217,2026-03,S1,ELIGIBLE,,,2026-05-01,1,2026-04,2027-08-01,15,SRC-2026-03,107,All Ongoing Projects,PAIMANA,SRC-2026-04,110,All Ongoing Projects,PAIMANA,False,False,False
PRH-618221,2026-02,S1,ELIGIBLE,,,2026-07-01,1,2026-05,2027-07-01,12,SRC-2026-02,119,All Ongoing Projects,PAIMANA,SRC-2026-05,111,All Ongoing Projects,PAIMANA,False,False,False
PRH-618221,2026-03,S1,ELIGIBLE,,,2026-07-01,1,2026-05,2027-07-01,12,SRC-2026-03,108,All Ongoing Projects,PAIMANA,SRC-2026-05,111,All Ongoing Projects,PAIMANA,False,False,False
PRH-618222,2026-02,S1,ELIGIBLE,,,2026-01-01,1,2026-03,2026-09-01,8,SRC-2026-02,119,All Ongoing Projects,PAIMANA,SRC-2026-03,108,All Ongoing Projects,PAIMANA,False,False,False
PRH-618223,2026-02,S1,ELIGIBLE,,,2023-09-01,1,2026-03,2026-05-01,32,SRC-2026-02,119,All Ongoing Projects,PAIMANA,SRC-2026-03,108,All Ongoing Projects,PAIMANA,False,False,False
PRH-618224,2026-02,S1,ELIGIBLE,,,2024-08-01,1,2026-03,2026-05-01,21,SRC-2026-02,119,All Ongoing Projects,PAIMANA,SRC-2026-03,108,All Ongoing Projects,PAIMANA,False,False,False
PRH-618225,2026-02,S1,ELIGIBLE,,,2024-07-01,1,2026-03,2026-06-01,23,SRC-2026-02,119,All Ongoing Projects,PAIMANA,SRC-2026-03,109,All Ongoing Projects,PAIMANA,False,False,False
PRH-618226,2026-02,S1,ELIGIBLE,,,2024-11-01,1,2026-03,2026-06-01,19,SRC-2026-02,120,All Ongoing Projects,PAIMANA,SRC-2026-03,109,All Ongoing Projects,PAIMANA,False,False,False
PRH-618227,2026-01,S1,ELIGIBLE,,,2025-09-01,1,2026-03,2027-03-01,18,SRC-2026-01,130,All Ongoing Projects,PAIMANA,SRC-2026-03,153,All Ongoing Projects,PAIMANA,False,False,False
PRH-618227,2026-02,S1,ELIGIBLE,,,2025-09-01,1,2026-03,2027-03-01,18,SRC-2026-02,163,All Ongoing Projects,PAIMANA,SRC-2026-03,153,All Ongoing Projects,PAIMANA,False,False,False
PRH-618230,2026-01,S1,ELIGIBLE,,,2025-04-01,1,2026-03,2026-06-01,14,SRC-2026-01,101,All Ongoing Projects,PAIMANA,SRC-2026-03,107,All Ongoing Projects,PAIMANA,False,False,False
PRH-618230,2026-02,S1,ELIGIBLE,,,2025-04-01,1,2026-03,2026-06-01,14,SRC-2026-02,118,All Ongoing Projects,PAIMANA,SRC-2026-03,107,All Ongoing Projects,PAIMANA,False,False,False
PRH-618231,2026-01,S1,ELIGIBLE,,,2024-12-01,1,2026-03,2026-03-01,15,SRC-2026-01,101,All Ongoing Projects,PAIMANA,SRC-2026-03,107,All Ongoing Projects,PAIMANA,False,False,False
PRH-618231,2026-02,S1,ELIGIBLE,,,2024-12-01,1,2026-03,2026-03-01,15,SRC-2026-02,118,All Ongoing Projects,PAIMANA,SRC-2026-03,107,All Ongoing Projects,PAIMANA,False,False,False
PRH-618246,2026-03,S1,ELIGIBLE,,,2027-05-01,1,2026-06,2029-03-01,22,SRC-2026-03,100,All Ongoing Projects,PAIMANA,SRC-2026-06,105,All Ongoing Projects,PAIMANA,False,False,False
PRH-618250,2026-01,S1,ELIGIBLE,,,2027-11-01,1,2026-03,2028-12-01,13,SRC-2026-01,97,All Ongoing Projects,PAIMANA,SRC-2026-03,100,All Ongoing Projects,PAIMANA,False,False,False
PRH-618250,2026-02,S1,ELIGIBLE,,,2027-11-01,1,2026-03,2028-12-01,13,SRC-2026-02,110,All Ongoing Projects,PAIMANA,SRC-2026-03,100,All Ongoing Projects,PAIMANA,False,False,False
PRH-618254,2026-01,S1,ELIGIBLE,,,2026-07-01,1,2026-03,2026-12-01,5,SRC-2026-01,91,All Ongoing Projects,PAIMANA,SRC-2026-03,92,All Ongoing Projects,PAIMANA,False,False,False
PRH-618254,2026-02,S1,ELIGIBLE,,,2026-07-01,1,2026-03,2026-12-01,5,SRC-2026-02,102,All Ongoing Projects,PAIMANA,SRC-2026-03,92,All Ongoing Projects,PAIMANA,False,False,False
PRH-618255,2026-01,S1,ELIGIBLE,,,2025-11-01,1,2026-03,2026-11-01,12,SRC-2026-01,91,All Ongoing Projects,PAIMANA,SRC-2026-03,92,All Ongoing Projects,PAIMANA,False,False,False
PRH-618255,2026-02,S1,ELIGIBLE,,,2025-11-01,1,2026-03,2026-11-01,12,SRC-2026-02,102,All Ongoing Projects,PAIMANA,SRC-2026-03,92,All Ongoing Projects,PAIMANA,False,False,False
PRH-618256,2026-01,S1,ELIGIBLE,,,2024-10-01,1,2026-03,2026-04-01,18,SRC-2026-01,91,All Ongoing Projects,PAIMANA,SRC-2026-03,92,All Ongoing Projects,PAIMANA,False,False,False
PRH-618256,2026-02,S1,ELIGIBLE,,,2024-10-01,1,2026-03,2026-04-01,18,SRC-2026-02,102,All Ongoing Projects,PAIMANA,SRC-2026-03,92,All Ongoing Projects,PAIMANA,False,False,False
PRH-618263,2026-03,S1,ELIGIBLE,,,2026-07-01,1,2026-06,2026-08-01,1,SRC-2026-03,147,All Ongoing Projects,PAIMANA,SRC-2026-06,150,All Ongoing Projects,PAIMANA,False,False,False
PRH-618266,2026-01,S1,ELIGIBLE,,,2024-11-01,1,2026-03,2026-04-01,17,SRC-2026-01,127,All Ongoing Projects,PAIMANA,SRC-2026-03,147,All Ongoing Projects,PAIMANA,False,False,False
PRH-618266,2026-02,S1,ELIGIBLE,,,2024-11-01,1,2026-03,2026-04-01,17,SRC-2026-02,158,All Ongoing Projects,PAIMANA,SRC-2026-03,147,All Ongoing Projects,PAIMANA,False,False,False
PRH-618282,2026-01,S1,ELIGIBLE,,,2026-06-01,1,2026-03,2027-03-01,9,SRC-2026-01,94,All Ongoing Projects,PAIMANA,SRC-2026-03,95,All Ongoing Projects,PAIMANA,False,False,False
PRH-618282,2026-02,S1,ELIGIBLE,,,2026-06-01,1,2026-03,2027-03-01,9,SRC-2026-02,106,All Ongoing Projects,PAIMANA,SRC-2026-03,95,All Ongoing Projects,PAIMANA,False,False,False
PRH-618283,2026-01,S1,ELIGIBLE,,,2026-06-01,1,2026-03,2027-03-01,9,SRC-2026-01,94,All Ongoing Projects,PAIMANA,SRC-2026-03,95,All Ongoing Projects,PAIMANA,False,False,False
PRH-618283,2026-02,S1,ELIGIBLE,,,2026-06-01,1,2026-03,2027-03-01,9,SRC-2026-02,106,All Ongoing Projects,PAIMANA,SRC-2026-03,95,All Ongoing Projects,PAIMANA,False,False,False
PRH-618299,2026-03,S1,ELIGIBLE,,,2026-06-01,1,2026-05,2027-01-01,7,SRC-2026-03,124,All Ongoing Projects,PAIMANA,SRC-2026-05,128,All Ongoing Projects,PAIMANA,False,False,False
PRH-618304,2026-02,S1,ELIGIBLE,,,2026-06-01,1,2026-03,2026-10-01,4,SRC-2026-02,136,All Ongoing Projects,PAIMANA,SRC-2026-03,125,All Ongoing Projects,PAIMANA,False,False,False
PRH-618305,2026-03,S1,ELIGIBLE,,,2026-12-01,1,2026-06,2027-08-01,8,SRC-2026-03,125,All Ongoing Projects,PAIMANA,SRC-2026-06,130,All Ongoing Projects,PAIMANA,False,False,False
PRH-618306,2026-02,S1,ELIGIBLE,,,2027-03-01,1,2026-03,2027-05-01,2,SRC-2026-02,136,All Ongoing Projects,PAIMANA,SRC-2026-03,125,All Ongoing Projects,PAIMANA,False,False,False
PRH-618326,2026-01,S1,ELIGIBLE,,,2025-11-01,1,2026-03,2026-04-01,5,SRC-2026-01,95,All Ongoing Projects,PAIMANA,SRC-2026-03,96,All Ongoing Projects,PAIMANA,False,False,False
PRH-618326,2026-02,S1,ELIGIBLE,,,2025-11-01,1,2026-03,2026-04-01,5,SRC-2026-02,107,All Ongoing Projects,PAIMANA,SRC-2026-03,96,All Ongoing Projects,PAIMANA,False,False,False
PRH-618328,2026-03,S1,ELIGIBLE,,,2025-09-01,1,2026-06,2026-07-01,10,SRC-2026-03,133,All Ongoing Projects,PAIMANA,SRC-2026-06,137,All Ongoing Projects,PAIMANA,False,False,False
PRH-618333,2026-01,S1,ELIGIBLE,,,2025-12-01,1,2026-03,2026-06-01,6,SRC-2026-01,112,All Ongoing Projects,PAIMANA,SRC-2026-03,125,All Ongoing Projects,PAIMANA,False,False,False
PRH-618333,2026-02,S1,ELIGIBLE,,,2025-12-01,1,2026-03,2026-06-01,6,SRC-2026-02,136,All Ongoing Projects,PAIMANA,SRC-2026-03,125,All Ongoing Projects,PAIMANA,False,False,False
PRH-618338,2026-02,S1,ELIGIBLE,,,2026-03-01,1,2026-03,2026-05-01,2,SRC-2026-02,136,All Ongoing Projects,PAIMANA,SRC-2026-03,125,All Ongoing Projects,PAIMANA,False,False,False
PRH-618340,2026-01,S1,ELIGIBLE,,,2025-05-01,1,2026-03,2026-05-01,12,SRC-2026-01,95,All Ongoing Projects,PAIMANA,SRC-2026-03,97,All Ongoing Projects,PAIMANA,False,False,False
PRH-618340,2026-02,S1,ELIGIBLE,,,2025-05-01,1,2026-03,2026-05-01,12,SRC-2026-02,108,All Ongoing Projects,PAIMANA,SRC-2026-03,97,All Ongoing Projects,PAIMANA,False,False,False
PRH-618350,2026-02,S1,ELIGIBLE,,,2026-09-01,1,2026-03,2027-03-01,6,SRC-2026-02,155,All Ongoing Projects,PAIMANA,SRC-2026-03,144,All Ongoing Projects,PAIMANA,False,False,False
PRH-618351,2026-01,S1,ELIGIBLE,,,2025-08-01,1,2026-03,2026-06-01,10,SRC-2026-01,95,All Ongoing Projects,PAIMANA,SRC-2026-03,97,All Ongoing Projects,PAIMANA,False,False,False
PRH-618351,2026-02,S1,ELIGIBLE,,,2025-08-01,1,2026-03,2026-06-01,10,SRC-2026-02,108,All Ongoing Projects,PAIMANA,SRC-2026-03,97,All Ongoing Projects,PAIMANA,False,False,False
PRH-618352,2026-01,S1,ELIGIBLE,,,2025-08-01,1,2026-03,2026-06-01,10,SRC-2026-01,95,All Ongoing Projects,PAIMANA,SRC-2026-03,97,All Ongoing Projects,PAIMANA,False,False,False
PRH-618352,2026-02,S1,ELIGIBLE,,,2025-08-01,1,2026-03,2026-06-01,10,SRC-2026-02,108,All Ongoing Projects,PAIMANA,SRC-2026-03,97,All Ongoing Projects,PAIMANA,False,False,False
PRH-618354,2026-01,S1,ELIGIBLE,,,2026-03-01,1,2026-03,2026-06-01,3,SRC-2026-01,95,All Ongoing Projects,PAIMANA,SRC-2026-03,97,All Ongoing Projects,PAIMANA,False,False,False
PRH-618354,2026-02,S1,ELIGIBLE,,,2026-03-01,1,2026-03,2026-06-01,3,SRC-2026-02,108,All Ongoing Projects,PAIMANA,SRC-2026-03,97,All Ongoing Projects,PAIMANA,False,False,False
PRH-618367,2026-02,S1,ELIGIBLE,,,2026-12-01,1,2026-05,2027-06-01,6,SRC-2026-02,155,All Ongoing Projects,PAIMANA,SRC-2026-05,149,All Ongoing Projects,PAIMANA,False,False,False
PRH-618367,2026-03,S1,ELIGIBLE,,,2026-12-01,1,2026-05,2027-06-01,6,SRC-2026-03,144,All Ongoing Projects,PAIMANA,SRC-2026-05,149,All Ongoing Projects,PAIMANA,False,False,False
PRH-618368,2026-02,S1,ELIGIBLE,,,2026-09-01,1,2026-05,2027-05-01,8,SRC-2026-02,155,All Ongoing Projects,PAIMANA,SRC-2026-05,149,All Ongoing Projects,PAIMANA,False,False,False
PRH-618368,2026-03,S1,ELIGIBLE,,,2026-09-01,1,2026-05,2027-05-01,8,SRC-2026-03,144,All Ongoing Projects,PAIMANA,SRC-2026-05,149,All Ongoing Projects,PAIMANA,False,False,False
PRH-618369,2026-02,S1,ELIGIBLE,,,2026-09-01,1,2026-05,2027-03-01,6,SRC-2026-02,155,All Ongoing Projects,PAIMANA,SRC-2026-05,149,All Ongoing Projects,PAIMANA,False,False,False
PRH-618369,2026-03,S1,ELIGIBLE,,,2026-09-01,1,2026-05,2027-03-01,6,SRC-2026-03,144,All Ongoing Projects,PAIMANA,SRC-2026-05,149,All Ongoing Projects,PAIMANA,False,False,False
PRH-618370,2026-01,S1,ELIGIBLE,,,2026-07-01,1,2026-03,2026-12-01,5,SRC-2026-01,125,All Ongoing Projects,PAIMANA,SRC-2026-03,144,All Ongoing Projects,PAIMANA,False,False,False
PRH-618370,2026-02,S1,ELIGIBLE,,,2026-07-01,1,2026-03,2026-12-01,5,SRC-2026-02,155,All Ongoing Projects,PAIMANA,SRC-2026-03,144,All Ongoing Projects,PAIMANA,False,False,False
PRH-618376,2026-01,S1,ELIGIBLE,,,2026-08-01,1,2026-03,2026-12-01,4,SRC-2026-01,113,All Ongoing Projects,PAIMANA,SRC-2026-03,126,All Ongoing Projects,PAIMANA,False,False,False
PRH-618376,2026-02,S1,ELIGIBLE,,,2026-08-01,1,2026-03,2026-12-01,4,SRC-2026-02,137,All Ongoing Projects,PAIMANA,SRC-2026-03,126,All Ongoing Projects,PAIMANA,False,False,False
PRH-618377,2023-08,S1,ELIGIBLE,,,2023-12-01,1,2023-10,2025-10-01,22,SRC-2023-08,190,Detail of ongoing Projects Costing Rs 150 Crore and above,OCMS,SRC-2023-10,166,Detail of ongoing Projects Costing Rs 150 Crore and above,OCMS,False,False,False
PRH-618385,2026-01,S1,ELIGIBLE,,,2025-09-01,1,2026-03,2026-03-01,6,SRC-2026-01,125,All Ongoing Projects,PAIMANA,SRC-2026-03,144,All Ongoing Projects,PAIMANA,False,True,True
PRH-618385,2026-02,S1,ELIGIBLE,,,2025-09-01,1,2026-03,2026-03-01,6,SRC-2026-02,155,All Ongoing Projects,PAIMANA,SRC-2026-03,144,All Ongoing Projects,PAIMANA,False,True,True
PRH-618391,2026-01,S1,ELIGIBLE,,,2025-12-01,1,2026-03,2026-12-01,12,SRC-2026-01,130,All Ongoing Projects,PAIMANA,SRC-2026-03,152,All Ongoing Projects,PAIMANA,False,False,False
PRH-618391,2026-02,S1,ELIGIBLE,,,2025-12-01,1,2026-03,2026-12-01,12,SRC-2026-02,162,All Ongoing Projects,PAIMANA,SRC-2026-03,152,All Ongoing Projects,PAIMANA,False,False,False
PRH-618392,2026-02,S1,ELIGIBLE,,,2026-06-01,1,2026-05,2027-01-01,7,SRC-2026-02,162,All Ongoing Projects,PAIMANA,SRC-2026-05,157,All Ongoing Projects,PAIMANA,False,False,False
PRH-618392,2026-03,S1,ELIGIBLE,,,2026-06-01,1,2026-05,2027-01-01,7,SRC-2026-03,152,All Ongoing Projects,PAIMANA,SRC-2026-05,157,All Ongoing Projects,PAIMANA,False,False,False
PRH-618399,2023-08,S1,ELIGIBLE,,,2023-08-01,1,2023-09,2024-09-01,13,SRC-2023-08,192,Detail of ongoing Projects Costing Rs 150 Crore and above,OCMS,SRC-2023-09,161,Detail of ongoing Projects Costing Rs 150 Crore and above,OCMS,False,False,False
PRH-618400,2023-08,S1,ELIGIBLE,,,2022-12-01,1,2023-09,2023-11-01,11,SRC-2023-08,194,Detail of ongoing Projects Costing Rs 150 Crore and above,OCMS,SRC-2023-09,164,Detail of ongoing Projects Costing Rs 150 Crore and above,OCMS,False,False,False
PRH-618402,2026-02,S1,ELIGIBLE,,,2028-02-01,1,2026-03,2028-03-01,1,SRC-2026-02,105,All Ongoing Projects,PAIMANA,SRC-2026-03,94,All Ongoing Projects,PAIMANA,False,False,False
PRH-618422,2026-01,S1,ELIGIBLE,,,2025-09-01,1,2026-03,2026-04-01,7,SRC-2026-01,118,All Ongoing Projects,PAIMANA,SRC-2026-03,133,All Ongoing Projects,PAIMANA,False,False,False
PRH-618422,2026-02,S1,ELIGIBLE,,,2025-09-01,1,2026-03,2026-04-01,7,SRC-2026-02,144,All Ongoing Projects,PAIMANA,SRC-2026-03,133,All Ongoing Projects,PAIMANA,False,False,False
PRH-618427,2023-08,S1,ELIGIBLE,,,2023-04-01,1,2023-09,2024-01-01,9,SRC-2023-08,190,Detail of ongoing Projects Costing Rs 150 Crore and above,OCMS,SRC-2023-09,159,Detail of ongoing Projects Costing Rs 150 Crore and above,OCMS,False,False,False
PRH-618429,2023-08,S1,ELIGIBLE,,,2023-04-01,1,2023-09,2023-10-01,6,SRC-2023-08,185,Detail of ongoing Projects Costing Rs 150 Crore and above,OCMS,SRC-2023-09,155,Detail of ongoing Projects Costing Rs 150 Crore and above,OCMS,False,False,False
PRH-618430,2023-08,S1,ELIGIBLE,,,2022-04-01,1,2023-09,2024-02-01,22,SRC-2023-08,195,Detail of ongoing Projects Costing Rs 150 Crore and above,OCMS,SRC-2023-09,166,Detail of ongoing Projects Costing Rs 150 Crore and above,OCMS,False,False,False
PRH-618439,2026-03,S1,ELIGIBLE,,,2024-08-01,1,2026-06,2026-06-01,22,SRC-2026-03,98,All Ongoing Projects,PAIMANA,SRC-2026-06,103,All Ongoing Projects,PAIMANA,False,False,False
PRH-618440,2026-03,S1,ELIGIBLE,,,2025-10-01,1,2026-06,2026-07-01,9,SRC-2026-03,98,All Ongoing Projects,PAIMANA,SRC-2026-06,103,All Ongoing Projects,PAIMANA,False,False,False
PRH-618441,2026-03,S1,ELIGIBLE,,,2025-09-01,1,2026-06,2026-07-01,10,SRC-2026-03,98,All Ongoing Projects,PAIMANA,SRC-2026-06,103,All Ongoing Projects,PAIMANA,False,False,False
PRH-618442,2026-03,S1,ELIGIBLE,,,2024-08-01,1,2026-06,2026-06-01,22,SRC-2026-03,98,All Ongoing Projects,PAIMANA,SRC-2026-06,103,All Ongoing Projects,PAIMANA,False,False,False
PRH-618443,2026-03,S1,ELIGIBLE,,,2024-08-01,1,2026-06,2026-03-01,19,SRC-2026-03,98,All Ongoing Projects,PAIMANA,SRC-2026-06,103,All Ongoing Projects,PAIMANA,False,False,False
PRH-618444,2026-03,S1,ELIGIBLE,,,2024-08-01,1,2026-06,2026-07-01,23,SRC-2026-03,98,All Ongoing Projects,PAIMANA,SRC-2026-06,103,All Ongoing Projects,PAIMANA,False,False,False
PRH-618452,2026-02,S1,ELIGIBLE,,,2026-12-01,1,2026-03,2027-07-01,7,SRC-2026-02,139,All Ongoing Projects,PAIMANA,SRC-2026-03,128,All Ongoing Projects,PAIMANA,False,False,False
PRH-618459,2026-01,S1,ELIGIBLE,,,2024-08-01,1,2026-03,2026-04-01,20,SRC-2026-01,100,All Ongoing Projects,PAIMANA,SRC-2026-03,104,All Ongoing Projects,PAIMANA,False,False,False
PRH-618459,2026-02,S1,ELIGIBLE,,,2024-08-01,1,2026-03,2026-04-01,20,SRC-2026-02,115,All Ongoing Projects,PAIMANA,SRC-2026-03,104,All Ongoing Projects,PAIMANA,False,False,False
PRH-618462,2026-01,S1,ELIGIBLE,,,2023-05-01,1,2026-03,2026-04-01,35,SRC-2026-01,100,All Ongoing Projects,PAIMANA,SRC-2026-03,104,All Ongoing Projects,PAIMANA,False,False,False
PRH-618462,2026-02,S1,ELIGIBLE,,,2023-05-01,1,2026-03,2026-04-01,35,SRC-2026-02,115,All Ongoing Projects,PAIMANA,SRC-2026-03,104,All Ongoing Projects,PAIMANA,False,False,False
PRH-618473,2026-01,S1,ELIGIBLE,,,2025-07-01,1,2026-03,2026-05-01,10,SRC-2026-01,111,All Ongoing Projects,PAIMANA,SRC-2026-03,122,All Ongoing Projects,PAIMANA,False,False,False
PRH-618473,2026-02,S1,ELIGIBLE,,,2025-07-01,1,2026-03,2026-05-01,10,SRC-2026-02,133,All Ongoing Projects,PAIMANA,SRC-2026-03,122,All Ongoing Projects,PAIMANA,False,False,False
PRH-618476,2026-01,S1,ELIGIBLE,,,2024-10-01,1,2026-03,2026-04-01,18,SRC-2026-01,91,All Ongoing Projects,PAIMANA,SRC-2026-03,92,All Ongoing Projects,PAIMANA,False,False,False
PRH-618476,2026-02,S1,ELIGIBLE,,,2024-10-01,1,2026-03,2026-04-01,18,SRC-2026-02,103,All Ongoing Projects,PAIMANA,SRC-2026-03,92,All Ongoing Projects,PAIMANA,False,False,False
PRH-618478,2026-01,S1,ELIGIBLE,,,2024-07-01,1,2026-03,2026-04-01,21,SRC-2026-01,122,All Ongoing Projects,PAIMANA,SRC-2026-03,139,All Ongoing Projects,PAIMANA,False,False,False
PRH-618478,2026-02,S1,ELIGIBLE,,,2024-07-01,1,2026-03,2026-04-01,21,SRC-2026-02,150,All Ongoing Projects,PAIMANA,SRC-2026-03,139,All Ongoing Projects,PAIMANA,False,False,False
PRH-618481,2026-01,S1,ELIGIBLE,,,2024-07-01,1,2026-03,2026-07-01,24,SRC-2026-01,122,All Ongoing Projects,PAIMANA,SRC-2026-03,139,All Ongoing Projects,PAIMANA,False,False,False
PRH-618481,2026-02,S1,ELIGIBLE,,,2024-07-01,1,2026-03,2026-07-01,24,SRC-2026-02,150,All Ongoing Projects,PAIMANA,SRC-2026-03,139,All Ongoing Projects,PAIMANA,False,False,False
PRH-618488,2026-03,S1,ELIGIBLE,,,2025-03-01,1,2026-06,2026-12-01,21,SRC-2026-03,136,All Ongoing Projects,PAIMANA,SRC-2026-06,140,All Ongoing Projects,PAIMANA,False,False,False
PRH-618491,2026-03,S1,ELIGIBLE,,,2024-11-01,1,2026-06,2026-12-01,25,SRC-2026-03,136,All Ongoing Projects,PAIMANA,SRC-2026-06,140,All Ongoing Projects,PAIMANA,False,False,False
PRH-618493,2026-01,S1,ELIGIBLE,,,2026-04-01,1,2026-03,2028-03-01,23,SRC-2026-01,120,All Ongoing Projects,PAIMANA,SRC-2026-03,136,All Ongoing Projects,PAIMANA,False,False,False
PRH-618493,2026-02,S1,ELIGIBLE,,,2026-04-01,1,2026-03,2028-03-01,23,SRC-2026-02,147,All Ongoing Projects,PAIMANA,SRC-2026-03,136,All Ongoing Projects,PAIMANA,False,False,False
PRH-618497,2026-01,S1,ELIGIBLE,,,2025-11-01,1,2026-03,2027-03-01,16,SRC-2026-01,103,All Ongoing Projects,PAIMANA,SRC-2026-03,109,All Ongoing Projects,PAIMANA,False,False,False
PRH-618497,2026-02,S1,ELIGIBLE,,,2025-11-01,1,2026-03,2027-03-01,16,SRC-2026-02,120,All Ongoing Projects,PAIMANA,SRC-2026-03,109,All Ongoing Projects,PAIMANA,False,False,False
PRH-618498,2026-01,S1,ELIGIBLE,,,2025-05-01,1,2026-02,2026-02-01,9,SRC-2026-01,128,All Ongoing Projects,PAIMANA,SRC-2026-02,158,All Ongoing Projects,PAIMANA,False,False,False
PRH-618499,2026-01,S1,ELIGIBLE,,,2025-07-01,1,2026-03,2026-04-01,9,SRC-2026-01,128,All Ongoing Projects,PAIMANA,SRC-2026-03,147,All Ongoing Projects,PAIMANA,False,False,False
PRH-618499,2026-02,S1,ELIGIBLE,,,2025-07-01,1,2026-03,2026-04-01,9,SRC-2026-02,158,All Ongoing Projects,PAIMANA,SRC-2026-03,147,All Ongoing Projects,PAIMANA,False,False,False
PRH-618508,2026-03,S1,ELIGIBLE,,,2027-01-01,1,2026-05,2027-06-01,5,SRC-2026-03,105,All Ongoing Projects,PAIMANA,SRC-2026-05,107,All Ongoing Projects,PAIMANA,False,False,False
PRH-618514,2026-01,S1,ELIGIBLE,,,2024-12-01,1,2026-03,2026-05-01,17,SRC-2026-01,111,All Ongoing Projects,PAIMANA,SRC-2026-03,123,All Ongoing Projects,PAIMANA,False,False,False
PRH-618514,2026-02,S1,ELIGIBLE,,,2024-12-01,1,2026-03,2026-05-01,17,SRC-2026-02,134,All Ongoing Projects,PAIMANA,SRC-2026-03,123,All Ongoing Projects,PAIMANA,False,False,False
PRH-618517,2026-01,S1,ELIGIBLE,,,2025-09-01,1,2026-03,2026-11-01,14,SRC-2026-01,105,All Ongoing Projects,PAIMANA,SRC-2026-03,113,All Ongoing Projects,PAIMANA,False,False,False
PRH-618517,2026-02,S1,ELIGIBLE,,,2025-09-01,1,2026-03,2026-11-01,14,SRC-2026-02,124,All Ongoing Projects,PAIMANA,SRC-2026-03,113,All Ongoing Projects,PAIMANA,False,False,False
PRH-618519,2026-01,S1,ELIGIBLE,,,2025-05-01,1,2026-03,2026-09-01,16,SRC-2026-01,117,All Ongoing Projects,PAIMANA,SRC-2026-03,131,All Ongoing Projects,PAIMANA,False,False,False
PRH-618519,2026-02,S1,ELIGIBLE,,,2025-05-01,1,2026-03,2026-09-01,16,SRC-2026-02,142,All Ongoing Projects,PAIMANA,SRC-2026-03,131,All Ongoing Projects,PAIMANA,False,False,False
PRH-618522,2026-03,S1,ELIGIBLE,,,2026-10-01,1,2026-04,2027-02-01,4,SRC-2026-03,139,All Ongoing Projects,PAIMANA,SRC-2026-04,144,All Ongoing Projects,PAIMANA,False,False,False
PRH-618523,2026-01,S1,ELIGIBLE,,,2021-09-01,1,2026-03,2026-06-01,57,SRC-2026-01,119,All Ongoing Projects,PAIMANA,SRC-2026-03,134,All Ongoing Projects,PAIMANA,False,False,False
PRH-618523,2026-02,S1,ELIGIBLE,,,2021-09-01,1,2026-03,2026-06-01,57,SRC-2026-02,145,All Ongoing Projects,PAIMANA,SRC-2026-03,134,All Ongoing Projects,PAIMANA,False,False,False
PRH-618524,2026-03,S1,ELIGIBLE,,,2027-03-01,1,2026-05,2027-08-01,5,SRC-2026-03,92,All Ongoing Projects,PAIMANA,SRC-2026-05,94,All Ongoing Projects,PAIMANA,False,False,False
PRH-618527,2026-01,S1,ELIGIBLE,,,2024-01-01,1,2026-03,2026-04-01,27,SRC-2026-01,91,All Ongoing Projects,PAIMANA,SRC-2026-03,92,All Ongoing Projects,PAIMANA,False,False,False
PRH-618527,2026-02,S1,ELIGIBLE,,,2024-01-01,1,2026-03,2026-04-01,27,SRC-2026-02,103,All Ongoing Projects,PAIMANA,SRC-2026-03,92,All Ongoing Projects,PAIMANA,False,False,False
PRH-618537,2026-02,S1,ELIGIBLE,,,2026-06-01,1,2026-05,2027-02-01,8,SRC-2026-02,158,All Ongoing Projects,PAIMANA,SRC-2026-05,153,All Ongoing Projects,PAIMANA,False,False,False
PRH-618537,2026-03,S1,ELIGIBLE,,,2026-06-01,1,2026-05,2027-02-01,8,SRC-2026-03,147,All Ongoing Projects,PAIMANA,SRC-2026-05,153,All Ongoing Projects,PAIMANA,False,False,False
PRH-618540,2026-02,S1,ELIGIBLE,,,2027-10-01,1,2026-03,2028-04-01,6,SRC-2026-02,158,All Ongoing Projects,PAIMANA,SRC-2026-03,148,All Ongoing Projects,PAIMANA,False,False,False
PRH-618547,2026-01,S1,ELIGIBLE,,,2026-06-01,1,2026-03,2026-12-01,6,SRC-2026-01,104,All Ongoing Projects,PAIMANA,SRC-2026-03,110,All Ongoing Projects,PAIMANA,False,False,False
PRH-618547,2026-02,S1,ELIGIBLE,,,2026-06-01,1,2026-03,2026-12-01,6,SRC-2026-02,121,All Ongoing Projects,PAIMANA,SRC-2026-03,110,All Ongoing Projects,PAIMANA,False,False,False
PRH-618553,2026-01,S1,ELIGIBLE,,,2025-02-01,1,2026-04,2026-05-01,15,SRC-2026-01,128,All Ongoing Projects,PAIMANA,SRC-2026-04,153,All Ongoing Projects,PAIMANA,False,False,False
PRH-618553,2026-02,S1,ELIGIBLE,,,2025-02-01,1,2026-04,2026-05-01,15,SRC-2026-02,158,All Ongoing Projects,PAIMANA,SRC-2026-04,153,All Ongoing Projects,PAIMANA,False,False,False
PRH-618557,2026-01,S1,ELIGIBLE,,,2026-06-01,1,2026-04,2026-07-01,1,SRC-2026-01,111,All Ongoing Projects,PAIMANA,SRC-2026-04,127,All Ongoing Projects,PAIMANA,False,False,False
PRH-618557,2026-02,S1,ELIGIBLE,,,2026-06-01,1,2026-04,2026-07-01,1,SRC-2026-02,134,All Ongoing Projects,PAIMANA,SRC-2026-04,127,All Ongoing Projects,PAIMANA,False,False,False
PRH-618557,2026-03,S1,ELIGIBLE,,,2026-06-01,1,2026-04,2026-07-01,1,SRC-2026-03,123,All Ongoing Projects,PAIMANA,SRC-2026-04,127,All Ongoing Projects,PAIMANA,False,False,False
PRH-618560,2026-03,S1,ELIGIBLE,,,2024-09-01,1,2026-06,2026-09-01,24,SRC-2026-03,143,All Ongoing Projects,PAIMANA,SRC-2026-06,146,All Ongoing Projects,PAIMANA,False,False,False
PRH-618566,2026-01,S1,ELIGIBLE,,,2026-01-01,1,2026-02,2026-09-01,8,SRC-2026-01,128,All Ongoing Projects,PAIMANA,SRC-2026-02,158,All Ongoing Projects,PAIMANA,False,False,False
PRH-618569,2026-01,S1,ELIGIBLE,,,2024-01-01,1,2026-03,2026-12-01,35,SRC-2026-01,97,All Ongoing Projects,PAIMANA,SRC-2026-03,100,All Ongoing Projects,PAIMANA,False,False,False
PRH-618569,2026-02,S1,ELIGIBLE,,,2024-01-01,1,2026-03,2026-12-01,35,SRC-2026-02,111,All Ongoing Projects,PAIMANA,SRC-2026-03,100,All Ongoing Projects,PAIMANA,False,False,False
PRH-618570,2026-01,S1,ELIGIBLE,,,2024-08-01,1,2026-03,2026-04-01,20,SRC-2026-01,97,All Ongoing Projects,PAIMANA,SRC-2026-03,100,All Ongoing Projects,PAIMANA,False,False,False
PRH-618570,2026-02,S1,ELIGIBLE,,,2024-08-01,1,2026-03,2026-04-01,20,SRC-2026-02,111,All Ongoing Projects,PAIMANA,SRC-2026-03,100,All Ongoing Projects,PAIMANA,False,False,False
PRH-618571,2026-01,S1,ELIGIBLE,,,2025-12-01,1,2026-03,2026-07-01,7,SRC-2026-01,97,All Ongoing Projects,PAIMANA,SRC-2026-03,100,All Ongoing Projects,PAIMANA,False,False,False
PRH-618571,2026-02,S1,ELIGIBLE,,,2025-12-01,1,2026-03,2026-07-01,7,SRC-2026-02,111,All Ongoing Projects,PAIMANA,SRC-2026-03,100,All Ongoing Projects,PAIMANA,False,False,False
PRH-618586,2026-03,S1,ELIGIBLE,,,2026-06-01,1,2026-05,2026-08-01,2,SRC-2026-03,123,All Ongoing Projects,PAIMANA,SRC-2026-05,127,All Ongoing Projects,PAIMANA,False,False,False
PRH-618589,2026-01,S1,ELIGIBLE,,,2025-07-01,1,2026-03,2026-12-01,17,SRC-2026-01,99,All Ongoing Projects,PAIMANA,SRC-2026-03,103,All Ongoing Projects,PAIMANA,False,False,False
PRH-618589,2026-02,S1,ELIGIBLE,,,2025-07-01,1,2026-03,2026-12-01,17,SRC-2026-02,113,All Ongoing Projects,PAIMANA,SRC-2026-03,103,All Ongoing Projects,PAIMANA,False,False,False
PRH-618590,2026-01,S1,ELIGIBLE,,,2025-05-01,1,2026-03,2026-12-01,19,SRC-2026-01,99,All Ongoing Projects,PAIMANA,SRC-2026-03,103,All Ongoing Projects,PAIMANA,False,False,False
PRH-618590,2026-02,S1,ELIGIBLE,,,2025-05-01,1,2026-03,2026-12-01,19,SRC-2026-02,113,All Ongoing Projects,PAIMANA,SRC-2026-03,103,All Ongoing Projects,PAIMANA,False,False,False
PRH-618592,2026-02,S1,ELIGIBLE,,,2026-05-01,1,2026-03,2027-03-01,10,SRC-2026-02,145,All Ongoing Projects,PAIMANA,SRC-2026-03,134,All Ongoing Projects,PAIMANA,False,False,False
PRH-618595,2026-01,S1,ELIGIBLE,,,2024-04-01,1,2026-02,2024-12-01,8,SRC-2026-01,107,All Ongoing Projects,PAIMANA,SRC-2026-02,126,All Ongoing Projects,PAIMANA,False,False,False
PRH-618603,2026-01,S1,ELIGIBLE,,,2025-04-01,1,2026-03,2026-12-01,20,SRC-2026-01,107,All Ongoing Projects,PAIMANA,SRC-2026-03,115,All Ongoing Projects,PAIMANA,False,False,False
PRH-618603,2026-02,S1,ELIGIBLE,,,2025-04-01,1,2026-03,2026-12-01,20,SRC-2026-02,126,All Ongoing Projects,PAIMANA,SRC-2026-03,115,All Ongoing Projects,PAIMANA,False,False,False
PRH-618604,2026-01,S1,ELIGIBLE,,,2026-01-01,1,2026-03,2026-06-01,5,SRC-2026-01,107,All Ongoing Projects,PAIMANA,SRC-2026-03,115,All Ongoing Projects,PAIMANA,False,False,False
PRH-618604,2026-02,S1,ELIGIBLE,,,2026-01-01,1,2026-03,2026-06-01,5,SRC-2026-02,126,All Ongoing Projects,PAIMANA,SRC-2026-03,115,All Ongoing Projects,PAIMANA,False,False,False
PRH-618606,2026-01,S1,ELIGIBLE,,,2025-02-01,1,2026-03,2026-08-01,18,SRC-2026-01,107,All Ongoing Projects,PAIMANA,SRC-2026-03,115,All Ongoing Projects,PAIMANA,False,False,False
PRH-618606,2026-02,S1,ELIGIBLE,,,2025-02-01,1,2026-03,2026-08-01,18,SRC-2026-02,126,All Ongoing Projects,PAIMANA,SRC-2026-03,115,All Ongoing Projects,PAIMANA,False,False,False
PRH-618607,2023-08,S1,ELIGIBLE,,,2024-10-01,1,2023-11,2025-12-01,14,SRC-2023-08,208,Detail of ongoing Projects Costing Rs 150 Crore and above,OCMS,SRC-2023-11,511,Detail of ongoing Projects Costing Rs 150 Crore and above,OCMS,False,False,False
PRH-618609,2026-03,S1,ELIGIBLE,,,2026-07-01,1,2026-04,2027-05-01,10,SRC-2026-03,104,All Ongoing Projects,PAIMANA,SRC-2026-04,107,All Ongoing Projects,PAIMANA,False,False,False
PRH-618610,2026-01,S1,ELIGIBLE,,,2025-08-01,1,2026-03,2026-04-01,8,SRC-2026-01,120,All Ongoing Projects,PAIMANA,SRC-2026-03,136,All Ongoing Projects,PAIMANA,False,False,False
PRH-618610,2026-02,S1,ELIGIBLE,,,2025-08-01,1,2026-03,2026-04-01,8,SRC-2026-02,147,All Ongoing Projects,PAIMANA,SRC-2026-03,136,All Ongoing Projects,PAIMANA,False,False,False
PRH-618621,2026-01,S1,ELIGIBLE,,,2025-01-01,1,2026-03,2026-05-01,16,SRC-2026-01,108,All Ongoing Projects,PAIMANA,SRC-2026-03,117,All Ongoing Projects,PAIMANA,False,False,False
PRH-618621,2026-02,S1,ELIGIBLE,,,2025-01-01,1,2026-03,2026-05-01,16,SRC-2026-02,128,All Ongoing Projects,PAIMANA,SRC-2026-03,117,All Ongoing Projects,PAIMANA,False,False,False
PRH-618634,2026-01,S1,ELIGIBLE,,,2025-01-01,1,2026-03,2026-04-01,15,SRC-2026-01,115,All Ongoing Projects,PAIMANA,SRC-2026-03,128,All Ongoing Projects,PAIMANA,False,False,False
PRH-618634,2026-02,S1,ELIGIBLE,,,2025-01-01,1,2026-03,2026-04-01,15,SRC-2026-02,139,All Ongoing Projects,PAIMANA,SRC-2026-03,128,All Ongoing Projects,PAIMANA,False,False,False
PRH-618636,2026-03,S1,ELIGIBLE,,,2026-10-01,1,2026-04,2027-06-01,8,SRC-2026-03,131,All Ongoing Projects,PAIMANA,SRC-2026-04,136,All Ongoing Projects,PAIMANA,False,False,False
PRH-618639,2026-02,S1,ELIGIBLE,,,2024-03-01,1,2026-03,2026-07-01,28,SRC-2026-02,113,All Ongoing Projects,PAIMANA,SRC-2026-03,103,All Ongoing Projects,PAIMANA,False,False,False
PRH-618644,2026-01,S1,ELIGIBLE,,,2025-06-01,1,2026-03,2026-07-01,13,SRC-2026-01,104,All Ongoing Projects,PAIMANA,SRC-2026-03,111,All Ongoing Projects,PAIMANA,False,False,False
PRH-618644,2026-02,S1,ELIGIBLE,,,2025-06-01,1,2026-03,2026-07-01,13,SRC-2026-02,122,All Ongoing Projects,PAIMANA,SRC-2026-03,111,All Ongoing Projects,PAIMANA,False,False,False
PRH-618649,2026-03,S1,ELIGIBLE,,,2026-11-01,1,2026-04,2027-06-01,7,SRC-2026-03,113,All Ongoing Projects,PAIMANA,SRC-2026-04,117,All Ongoing Projects,PAIMANA,False,False,False
PRH-618650,2026-03,S1,ELIGIBLE,,,2027-04-01,1,2026-04,2027-12-01,8,SRC-2026-03,113,All Ongoing Projects,PAIMANA,SRC-2026-04,117,All Ongoing Projects,PAIMANA,False,False,False
PRH-618651,2026-02,S1,ELIGIBLE,,,2027-02-01,1,2026-04,2027-06-01,4,SRC-2026-02,124,All Ongoing Projects,PAIMANA,SRC-2026-04,117,All Ongoing Projects,PAIMANA,False,False,False
PRH-618651,2026-03,S1,ELIGIBLE,,,2027-02-01,1,2026-04,2027-06-01,4,SRC-2026-03,113,All Ongoing Projects,PAIMANA,SRC-2026-04,117,All Ongoing Projects,PAIMANA,False,False,False
PRH-618673,2026-01,S1,ELIGIBLE,,,2024-09-01,1,2026-03,2026-12-01,27,SRC-2026-01,99,All Ongoing Projects,PAIMANA,SRC-2026-03,103,All Ongoing Projects,PAIMANA,False,False,False
PRH-618673,2026-02,S1,ELIGIBLE,,,2024-09-01,1,2026-03,2026-12-01,27,SRC-2026-02,113,All Ongoing Projects,PAIMANA,SRC-2026-03,103,All Ongoing Projects,PAIMANA,False,False,False
PRH-618687,2026-02,S1,ELIGIBLE,,,2025-03-01,1,2026-03,2026-04-01,13,SRC-2026-02,129,All Ongoing Projects,PAIMANA,SRC-2026-03,118,All Ongoing Projects,PAIMANA,False,False,False
PRH-618697,2026-02,S1,ELIGIBLE,,,2026-07-01,1,2026-03,2027-07-01,12,SRC-2026-02,124,All Ongoing Projects,PAIMANA,SRC-2026-03,113,All Ongoing Projects,PAIMANA,False,False,False
PRH-618707,2026-02,S1,ELIGIBLE,,,2028-01-01,1,2026-05,2028-12-01,11,SRC-2026-02,124,All Ongoing Projects,PAIMANA,SRC-2026-05,117,All Ongoing Projects,PAIMANA,False,False,False
PRH-618707,2026-03,S1,ELIGIBLE,,,2028-01-01,1,2026-05,2028-12-01,11,SRC-2026-03,113,All Ongoing Projects,PAIMANA,SRC-2026-05,117,All Ongoing Projects,PAIMANA,False,False,False
PRH-618708,2026-01,S1,ELIGIBLE,,,2025-06-01,1,2026-03,2026-05-01,11,SRC-2026-01,107,All Ongoing Projects,PAIMANA,SRC-2026-03,115,All Ongoing Projects,PAIMANA,False,False,False
PRH-618708,2026-02,S1,ELIGIBLE,,,2025-06-01,1,2026-03,2026-05-01,11,SRC-2026-02,126,All Ongoing Projects,PAIMANA,SRC-2026-03,115,All Ongoing Projects,PAIMANA,False,False,False
PRH-618712,2026-01,S1,ELIGIBLE,,,2026-02-01,1,2026-03,2026-07-01,5,SRC-2026-01,92,All Ongoing Projects,PAIMANA,SRC-2026-03,93,All Ongoing Projects,PAIMANA,False,False,False
PRH-618712,2026-02,S1,ELIGIBLE,,,2026-02-01,1,2026-03,2026-07-01,5,SRC-2026-02,103,All Ongoing Projects,PAIMANA,SRC-2026-03,93,All Ongoing Projects,PAIMANA,False,False,False
PRH-618713,2026-01,S1,ELIGIBLE,,,2026-02-01,1,2026-03,2027-02-01,12,SRC-2026-01,92,All Ongoing Projects,PAIMANA,SRC-2026-03,93,All Ongoing Projects,PAIMANA,False,False,False
PRH-618713,2026-02,S1,ELIGIBLE,,,2026-02-01,1,2026-03,2027-02-01,12,SRC-2026-02,103,All Ongoing Projects,PAIMANA,SRC-2026-03,93,All Ongoing Projects,PAIMANA,False,False,False
PRH-618714,2026-01,S1,ELIGIBLE,,,2026-02-01,1,2026-03,2026-11-01,9,SRC-2026-01,92,All Ongoing Projects,PAIMANA,SRC-2026-03,93,All Ongoing Projects,PAIMANA,False,False,False
PRH-618714,2026-02,S1,ELIGIBLE,,,2026-02-01,1,2026-03,2026-11-01,9,SRC-2026-02,103,All Ongoing Projects,PAIMANA,SRC-2026-03,93,All Ongoing Projects,PAIMANA,False,False,False
PRH-618715,2026-01,S1,ELIGIBLE,,,2026-02-01,1,2026-03,2026-08-01,6,SRC-2026-01,92,All Ongoing Projects,PAIMANA,SRC-2026-03,93,All Ongoing Projects,PAIMANA,False,False,False
PRH-618715,2026-02,S1,ELIGIBLE,,,2026-02-01,1,2026-03,2026-08-01,6,SRC-2026-02,103,All Ongoing Projects,PAIMANA,SRC-2026-03,93,All Ongoing Projects,PAIMANA,False,False,False
PRH-618716,2026-01,S1,ELIGIBLE,,,2026-03-01,1,2026-03,2026-07-01,4,SRC-2026-01,92,All Ongoing Projects,PAIMANA,SRC-2026-03,93,All Ongoing Projects,PAIMANA,False,False,False
PRH-618716,2026-02,S1,ELIGIBLE,,,2026-03-01,1,2026-03,2026-07-01,4,SRC-2026-02,103,All Ongoing Projects,PAIMANA,SRC-2026-03,93,All Ongoing Projects,PAIMANA,False,False,False
PRH-618717,2026-01,S1,ELIGIBLE,,,2026-03-01,1,2026-03,2026-07-01,4,SRC-2026-01,92,All Ongoing Projects,PAIMANA,SRC-2026-03,93,All Ongoing Projects,PAIMANA,False,False,False
PRH-618717,2026-02,S1,ELIGIBLE,,,2026-03-01,1,2026-03,2026-07-01,4,SRC-2026-02,103,All Ongoing Projects,PAIMANA,SRC-2026-03,93,All Ongoing Projects,PAIMANA,False,False,False
PRH-618718,2026-02,S1,ELIGIBLE,,,2027-02-01,1,2026-04,2027-04-01,2,SRC-2026-02,104,All Ongoing Projects,PAIMANA,SRC-2026-04,95,All Ongoing Projects,PAIMANA,False,False,False
PRH-618718,2026-03,S1,ELIGIBLE,,,2027-02-01,1,2026-04,2027-04-01,2,SRC-2026-03,93,All Ongoing Projects,PAIMANA,SRC-2026-04,95,All Ongoing Projects,PAIMANA,False,False,False
PRH-618719,2026-01,S1,ELIGIBLE,,,2026-02-01,1,2026-03,2026-11-01,9,SRC-2026-01,92,All Ongoing Projects,PAIMANA,SRC-2026-03,93,All Ongoing Projects,PAIMANA,False,False,False
PRH-618719,2026-02,S1,ELIGIBLE,,,2026-02-01,1,2026-03,2026-11-01,9,SRC-2026-02,104,All Ongoing Projects,PAIMANA,SRC-2026-03,93,All Ongoing Projects,PAIMANA,False,False,False
PRH-618720,2026-01,S1,ELIGIBLE,,,2026-03-01,1,2026-03,2026-12-01,9,SRC-2026-01,92,All Ongoing Projects,PAIMANA,SRC-2026-03,93,All Ongoing Projects,PAIMANA,False,False,False
PRH-618720,2026-02,S1,ELIGIBLE,,,2026-03-01,1,2026-03,2026-12-01,9,SRC-2026-02,104,All Ongoing Projects,PAIMANA,SRC-2026-03,93,All Ongoing Projects,PAIMANA,False,False,False
PRH-618738,2026-01,S1,ELIGIBLE,,,2027-09-01,1,2026-03,2028-09-01,12,SRC-2026-01,98,All Ongoing Projects,PAIMANA,SRC-2026-03,100,All Ongoing Projects,PAIMANA,False,False,False
PRH-618738,2026-02,S1,ELIGIBLE,,,2027-09-01,1,2026-03,2028-09-01,12,SRC-2026-02,111,All Ongoing Projects,PAIMANA,SRC-2026-03,100,All Ongoing Projects,PAIMANA,False,False,False
PRH-618741,2026-01,S1,ELIGIBLE,,,2025-02-01,1,2026-02,2025-12-01,10,SRC-2026-01,98,All Ongoing Projects,PAIMANA,SRC-2026-02,111,All Ongoing Projects,PAIMANA,False,False,False
PRH-618744,2026-01,S1,ELIGIBLE,,,2025-02-01,1,2026-03,2026-05-01,15,SRC-2026-01,122,All Ongoing Projects,PAIMANA,SRC-2026-03,140,All Ongoing Projects,PAIMANA,False,False,False
PRH-618744,2026-02,S1,ELIGIBLE,,,2025-02-01,1,2026-03,2026-05-01,15,SRC-2026-02,151,All Ongoing Projects,PAIMANA,SRC-2026-03,140,All Ongoing Projects,PAIMANA,False,False,False
PRH-618745,2026-01,S1,ELIGIBLE,,,2025-04-01,1,2026-03,2026-04-01,12,SRC-2026-01,122,All Ongoing Projects,PAIMANA,SRC-2026-03,140,All Ongoing Projects,PAIMANA,False,False,False
PRH-618745,2026-02,S1,ELIGIBLE,,,2025-04-01,1,2026-03,2026-04-01,12,SRC-2026-02,151,All Ongoing Projects,PAIMANA,SRC-2026-03,140,All Ongoing Projects,PAIMANA,False,False,False
PRH-618759,2026-02,S1,ELIGIBLE,,,2025-09-01,1,2026-03,2026-04-01,7,SRC-2026-02,104,All Ongoing Projects,PAIMANA,SRC-2026-03,93,All Ongoing Projects,PAIMANA,False,False,False
PRH-618772,2026-01,S1,ELIGIBLE,,,2025-10-01,1,2026-03,2026-04-01,6,SRC-2026-01,115,All Ongoing Projects,PAIMANA,SRC-2026-03,129,All Ongoing Projects,PAIMANA,False,False,False
PRH-618772,2026-02,S1,ELIGIBLE,,,2025-10-01,1,2026-03,2026-04-01,6,SRC-2026-02,139,All Ongoing Projects,PAIMANA,SRC-2026-03,129,All Ongoing Projects,PAIMANA,False,False,False
PRH-618777,2026-01,S1,ELIGIBLE,,,2025-11-01,1,2026-03,2026-06-01,7,SRC-2026-01,92,All Ongoing Projects,PAIMANA,SRC-2026-03,93,All Ongoing Projects,PAIMANA,False,False,False
PRH-618777,2026-02,S1,ELIGIBLE,,,2025-11-01,1,2026-03,2026-06-01,7,SRC-2026-02,104,All Ongoing Projects,PAIMANA,SRC-2026-03,93,All Ongoing Projects,PAIMANA,False,False,False
PRH-618784,2026-03,S1,ELIGIBLE,,,2026-04-01,1,2026-04,2026-10-01,6,SRC-2026-03,118,All Ongoing Projects,PAIMANA,SRC-2026-04,122,All Ongoing Projects,PAIMANA,False,False,False
PRH-618785,2026-01,S1,ELIGIBLE,,,2025-02-01,1,2026-03,2026-05-01,15,SRC-2026-01,120,All Ongoing Projects,PAIMANA,SRC-2026-03,137,All Ongoing Projects,PAIMANA,False,False,False
PRH-618785,2026-02,S1,ELIGIBLE,,,2025-02-01,1,2026-03,2026-05-01,15,SRC-2026-02,147,All Ongoing Projects,PAIMANA,SRC-2026-03,137,All Ongoing Projects,PAIMANA,False,False,False
PRH-618786,2026-03,S1,ELIGIBLE,,,2027-03-01,1,2026-04,2027-07-01,4,SRC-2026-03,137,All Ongoing Projects,PAIMANA,SRC-2026-04,141,All Ongoing Projects,PAIMANA,False,False,False
PRH-618787,2026-01,S1,ELIGIBLE,,,2025-06-01,1,2026-03,2026-09-01,15,SRC-2026-01,100,All Ongoing Projects,PAIMANA,SRC-2026-03,105,All Ongoing Projects,PAIMANA,False,False,False
PRH-618787,2026-02,S1,ELIGIBLE,,,2025-06-01,1,2026-03,2026-09-01,15,SRC-2026-02,116,All Ongoing Projects,PAIMANA,SRC-2026-03,105,All Ongoing Projects,PAIMANA,False,False,False
PRH-618788,2026-02,S1,ELIGIBLE,,,2025-05-01,1,2026-03,2026-04-01,11,SRC-2026-02,117,All Ongoing Projects,PAIMANA,SRC-2026-03,106,All Ongoing Projects,PAIMANA,False,False,False
PRH-618792,2026-02,S1,ELIGIBLE,,,2025-12-01,1,2026-03,2026-04-01,4,SRC-2026-02,117,All Ongoing Projects,PAIMANA,SRC-2026-03,106,All Ongoing Projects,PAIMANA,False,False,False
PRH-618793,2026-03,S1,ELIGIBLE,,,2026-04-01,1,2026-04,2027-07-01,15,SRC-2026-03,137,All Ongoing Projects,PAIMANA,SRC-2026-04,142,All Ongoing Projects,PAIMANA,False,False,False
PRH-618800,2026-01,S1,ELIGIBLE,,,2026-05-01,1,2026-03,2027-11-01,18,SRC-2026-01,122,All Ongoing Projects,PAIMANA,SRC-2026-03,140,All Ongoing Projects,PAIMANA,False,False,False
PRH-618800,2026-02,S1,ELIGIBLE,,,2026-05-01,1,2026-03,2027-11-01,18,SRC-2026-02,151,All Ongoing Projects,PAIMANA,SRC-2026-03,140,All Ongoing Projects,PAIMANA,False,False,False
PRH-618801,2026-01,S1,ELIGIBLE,,,2026-05-01,1,2026-03,2027-11-01,18,SRC-2026-01,122,All Ongoing Projects,PAIMANA,SRC-2026-03,140,All Ongoing Projects,PAIMANA,False,False,False
PRH-618801,2026-02,S1,ELIGIBLE,,,2026-05-01,1,2026-03,2027-11-01,18,SRC-2026-02,151,All Ongoing Projects,PAIMANA,SRC-2026-03,140,All Ongoing Projects,PAIMANA,False,False,False
PRH-618803,2026-01,S1,ELIGIBLE,,,2025-08-01,1,2026-03,2026-05-01,9,SRC-2026-01,92,All Ongoing Projects,PAIMANA,SRC-2026-03,93,All Ongoing Projects,PAIMANA,False,False,False
PRH-618803,2026-02,S1,ELIGIBLE,,,2025-08-01,1,2026-03,2026-05-01,9,SRC-2026-02,104,All Ongoing Projects,PAIMANA,SRC-2026-03,93,All Ongoing Projects,PAIMANA,False,False,False
PRH-618807,2026-01,S1,ELIGIBLE,,,2025-09-01,1,2026-03,2026-06-01,9,SRC-2026-01,92,All Ongoing Projects,PAIMANA,SRC-2026-03,93,All Ongoing Projects,PAIMANA,False,False,False
PRH-618807,2026-02,S1,ELIGIBLE,,,2025-09-01,1,2026-03,2026-06-01,9,SRC-2026-02,104,All Ongoing Projects,PAIMANA,SRC-2026-03,93,All Ongoing Projects,PAIMANA,False,False,False
PRH-618810,2026-01,S1,ELIGIBLE,,,2025-06-01,1,2026-03,2026-11-01,17,SRC-2026-01,120,All Ongoing Projects,PAIMANA,SRC-2026-03,137,All Ongoing Projects,PAIMANA,False,False,False
PRH-618810,2026-02,S1,ELIGIBLE,,,2025-06-01,1,2026-03,2026-11-01,17,SRC-2026-02,148,All Ongoing Projects,PAIMANA,SRC-2026-03,137,All Ongoing Projects,PAIMANA,False,False,False
PRH-618811,2026-03,S1,ELIGIBLE,,,2027-06-01,1,2026-06,2028-01-01,7,SRC-2026-03,143,All Ongoing Projects,PAIMANA,SRC-2026-06,147,All Ongoing Projects,PAIMANA,False,True,True
PRH-618812,2026-03,S1,ELIGIBLE,,,2027-06-01,1,2026-04,2027-12-01,6,SRC-2026-03,143,All Ongoing Projects,PAIMANA,SRC-2026-04,148,All Ongoing Projects,PAIMANA,False,False,False
PRH-618817,2026-02,S1,ELIGIBLE,,,2027-03-01,1,2026-04,2027-06-01,3,SRC-2026-02,154,All Ongoing Projects,PAIMANA,SRC-2026-04,149,All Ongoing Projects,PAIMANA,False,False,False
PRH-618817,2026-03,S1,ELIGIBLE,,,2027-03-01,1,2026-04,2027-06-01,3,SRC-2026-03,144,All Ongoing Projects,PAIMANA,SRC-2026-04,149,All Ongoing Projects,PAIMANA,False,False,False
PRH-618818,2026-03,S1,ELIGIBLE,,,2027-05-01,1,2026-04,2027-12-01,7,SRC-2026-03,129,All Ongoing Projects,PAIMANA,SRC-2026-04,133,All Ongoing Projects,PAIMANA,False,False,False
PRH-618820,2026-01,S1,ELIGIBLE,,,2025-12-01,1,2026-03,2026-06-01,6,SRC-2026-01,119,All Ongoing Projects,PAIMANA,SRC-2026-03,135,All Ongoing Projects,PAIMANA,False,False,False
PRH-618820,2026-02,S1,ELIGIBLE,,,2025-12-01,1,2026-03,2026-06-01,6,SRC-2026-02,146,All Ongoing Projects,PAIMANA,SRC-2026-03,135,All Ongoing Projects,PAIMANA,False,False,False
PRH-618821,2026-01,S1,ELIGIBLE,,,2025-12-01,1,2026-03,2026-06-01,6,SRC-2026-01,119,All Ongoing Projects,PAIMANA,SRC-2026-03,135,All Ongoing Projects,PAIMANA,False,False,False
PRH-618821,2026-02,S1,ELIGIBLE,,,2025-12-01,1,2026-03,2026-06-01,6,SRC-2026-02,146,All Ongoing Projects,PAIMANA,SRC-2026-03,135,All Ongoing Projects,PAIMANA,False,False,False
PRH-618826,2026-01,S1,ELIGIBLE,,,2025-07-01,1,2026-03,2026-05-01,10,SRC-2026-01,92,All Ongoing Projects,PAIMANA,SRC-2026-03,94,All Ongoing Projects,PAIMANA,False,False,False
PRH-618826,2026-02,S1,ELIGIBLE,,,2025-07-01,1,2026-03,2026-05-01,10,SRC-2026-02,104,All Ongoing Projects,PAIMANA,SRC-2026-03,94,All Ongoing Projects,PAIMANA,False,False,False
PRH-618827,2026-01,S1,ELIGIBLE,,,2025-08-01,1,2026-03,2026-07-01,11,SRC-2026-01,92,All Ongoing Projects,PAIMANA,SRC-2026-03,94,All Ongoing Projects,PAIMANA,False,False,False
PRH-618827,2026-02,S1,ELIGIBLE,,,2025-08-01,1,2026-03,2026-07-01,11,SRC-2026-02,104,All Ongoing Projects,PAIMANA,SRC-2026-03,94,All Ongoing Projects,PAIMANA,False,False,False
PRH-618828,2026-01,S1,ELIGIBLE,,,2025-09-01,1,2026-03,2026-04-01,7,SRC-2026-01,116,All Ongoing Projects,PAIMANA,SRC-2026-03,130,All Ongoing Projects,PAIMANA,False,False,False
PRH-618828,2026-02,S1,ELIGIBLE,,,2025-09-01,1,2026-03,2026-04-01,7,SRC-2026-02,141,All Ongoing Projects,PAIMANA,SRC-2026-03,130,All Ongoing Projects,PAIMANA,False,False,False
PRH-618830,2026-01,S1,ELIGIBLE,,,2025-11-01,1,2026-03,2026-06-01,7,SRC-2026-01,104,All Ongoing Projects,PAIMANA,SRC-2026-03,111,All Ongoing Projects,PAIMANA,False,False,False
PRH-618830,2026-02,S1,ELIGIBLE,,,2025-11-01,1,2026-03,2026-06-01,7,SRC-2026-02,122,All Ongoing Projects,PAIMANA,SRC-2026-03,111,All Ongoing Projects,PAIMANA,False,False,False
PRH-618836,2026-01,S1,ELIGIBLE,,,2025-05-01,1,2026-02,2026-05-01,12,SRC-2026-01,111,All Ongoing Projects,PAIMANA,SRC-2026-02,134,All Ongoing Projects,PAIMANA,False,False,False
PRH-618843,2026-02,S1,ELIGIBLE,,,2027-03-01,1,2026-04,2027-09-01,6,SRC-2026-02,159,All Ongoing Projects,PAIMANA,SRC-2026-04,154,All Ongoing Projects,PAIMANA,False,False,False
PRH-618843,2026-03,S1,ELIGIBLE,,,2027-03-01,1,2026-04,2027-09-01,6,SRC-2026-03,148,All Ongoing Projects,PAIMANA,SRC-2026-04,154,All Ongoing Projects,PAIMANA,False,False,False
PRH-618845,2023-08,S1,ELIGIBLE,,,2021-11-01,1,2023-11,2024-06-01,31,SRC-2023-08,223,Detail of ongoing Projects Costing Rs 150 Crore and above,OCMS,SRC-2023-11,520,Detail of ongoing Projects Costing Rs 150 Crore and above,OCMS,False,False,False
PRH-618847,2023-08,S1,ELIGIBLE,,,2020-10-01,1,2023-11,2025-01-01,51,SRC-2023-08,221,Detail of ongoing Projects Costing Rs 150 Crore and above,OCMS,SRC-2023-11,523,Detail of ongoing Projects Costing Rs 150 Crore and above,OCMS,False,False,False
PRH-618867,2026-02,S1,ELIGIBLE,,,2027-05-01,1,2026-05,2027-12-01,7,SRC-2026-02,160,All Ongoing Projects,PAIMANA,SRC-2026-05,155,All Ongoing Projects,PAIMANA,False,False,False
PRH-618867,2026-03,S1,ELIGIBLE,,,2027-05-01,1,2026-05,2027-12-01,7,SRC-2026-03,149,All Ongoing Projects,PAIMANA,SRC-2026-05,155,All Ongoing Projects,PAIMANA,False,False,False
PRH-618868,2026-03,S1,ELIGIBLE,,,2026-06-01,1,2026-05,2026-12-01,6,SRC-2026-03,149,All Ongoing Projects,PAIMANA,SRC-2026-05,155,All Ongoing Projects,PAIMANA,False,False,False
PRH-618870,2026-03,S1,ELIGIBLE,,,2027-04-01,1,2026-04,2027-07-01,3,SRC-2026-03,113,All Ongoing Projects,PAIMANA,SRC-2026-04,117,All Ongoing Projects,PAIMANA,False,False,False
PRH-618871,2026-02,S1,ELIGIBLE,,,2027-12-01,1,2026-05,2028-11-01,11,SRC-2026-02,125,All Ongoing Projects,PAIMANA,SRC-2026-05,117,All Ongoing Projects,PAIMANA,False,False,False
PRH-618871,2026-03,S1,ELIGIBLE,,,2027-12-01,1,2026-05,2028-11-01,11,SRC-2026-03,114,All Ongoing Projects,PAIMANA,SRC-2026-05,117,All Ongoing Projects,PAIMANA,False,False,False
PRH-618872,2026-03,S1,ELIGIBLE,,,2027-04-01,1,2026-04,2027-09-01,5,SRC-2026-03,114,All Ongoing Projects,PAIMANA,SRC-2026-04,117,All Ongoing Projects,PAIMANA,False,False,False
PRH-618873,2026-03,S1,ELIGIBLE,,,2027-04-01,1,2026-04,2027-10-01,6,SRC-2026-03,114,All Ongoing Projects,PAIMANA,SRC-2026-04,117,All Ongoing Projects,PAIMANA,False,False,False
PRH-618878,2026-01,S1,ELIGIBLE,,,2025-09-01,1,2026-03,2026-06-01,9,SRC-2026-01,102,All Ongoing Projects,PAIMANA,SRC-2026-03,107,All Ongoing Projects,PAIMANA,False,False,False
PRH-618878,2026-02,S1,ELIGIBLE,,,2025-09-01,1,2026-03,2026-06-01,9,SRC-2026-02,118,All Ongoing Projects,PAIMANA,SRC-2026-03,107,All Ongoing Projects,PAIMANA,False,False,False
PRH-618884,2026-01,S1,ELIGIBLE,,,2025-10-01,1,2026-03,2026-07-01,9,SRC-2026-01,129,All Ongoing Projects,PAIMANA,SRC-2026-03,149,All Ongoing Projects,PAIMANA,False,False,False
PRH-618884,2026-02,S1,ELIGIBLE,,,2025-10-01,1,2026-03,2026-07-01,9,SRC-2026-02,160,All Ongoing Projects,PAIMANA,SRC-2026-03,149,All Ongoing Projects,PAIMANA,False,False,False
PRH-618885,2026-01,S1,ELIGIBLE,,,2025-06-01,1,2026-02,2026-03-01,9,SRC-2026-01,129,All Ongoing Projects,PAIMANA,SRC-2026-02,160,All Ongoing Projects,PAIMANA,False,False,False
PRH-618888,2026-01,S1,ELIGIBLE,,,2025-04-01,1,2026-03,2026-06-01,14,SRC-2026-01,102,All Ongoing Projects,PAIMANA,SRC-2026-03,107,All Ongoing Projects,PAIMANA,False,False,False
PRH-618888,2026-02,S1,ELIGIBLE,,,2025-04-01,1,2026-03,2026-06-01,14,SRC-2026-02,118,All Ongoing Projects,PAIMANA,SRC-2026-03,107,All Ongoing Projects,PAIMANA,False,False,False
PRH-618889,2026-01,S1,ELIGIBLE,,,2024-12-01,1,2026-03,2026-06-01,18,SRC-2026-01,102,All Ongoing Projects,PAIMANA,SRC-2026-03,107,All Ongoing Projects,PAIMANA,False,False,False
PRH-618889,2026-02,S1,ELIGIBLE,,,2024-12-01,1,2026-03,2026-06-01,18,SRC-2026-02,118,All Ongoing Projects,PAIMANA,SRC-2026-03,107,All Ongoing Projects,PAIMANA,False,False,False
PRH-618890,2026-01,S1,ELIGIBLE,,,2025-10-01,1,2026-03,2026-06-01,8,SRC-2026-01,102,All Ongoing Projects,PAIMANA,SRC-2026-03,107,All Ongoing Projects,PAIMANA,False,False,False
PRH-618890,2026-02,S1,ELIGIBLE,,,2025-10-01,1,2026-03,2026-06-01,8,SRC-2026-02,118,All Ongoing Projects,PAIMANA,SRC-2026-03,107,All Ongoing Projects,PAIMANA,False,False,False
PRH-618894,2023-08,S1,ELIGIBLE,,,2022-12-01,1,2023-11,2024-02-01,14,SRC-2023-08,218,Detail of ongoing Projects Costing Rs 150 Crore and above,OCMS,SRC-2023-11,527,Detail of ongoing Projects Costing Rs 150 Crore and above,OCMS,False,False,False
PRH-618905,2026-03,S1,ELIGIBLE,,,2026-08-01,1,2026-06,2026-10-01,2,SRC-2026-03,101,All Ongoing Projects,PAIMANA,SRC-2026-06,106,All Ongoing Projects,PAIMANA,False,False,False
PRH-618908,2026-01,S1,ELIGIBLE,,,2025-01-01,1,2026-03,2026-12-01,23,SRC-2026-01,119,All Ongoing Projects,PAIMANA,SRC-2026-03,135,All Ongoing Projects,PAIMANA,False,False,False
PRH-618908,2026-02,S1,ELIGIBLE,,,2025-01-01,1,2026-03,2026-12-01,23,SRC-2026-02,146,All Ongoing Projects,PAIMANA,SRC-2026-03,135,All Ongoing Projects,PAIMANA,False,False,False
PRH-618920,2026-03,S1,ELIGIBLE,,,2026-12-01,1,2026-04,2027-02-01,2,SRC-2026-03,94,All Ongoing Projects,PAIMANA,SRC-2026-04,96,All Ongoing Projects,PAIMANA,False,False,False
PRH-618921,2026-01,S1,ELIGIBLE,,,2026-04-01,1,2026-04,2027-12-01,20,SRC-2026-01,102,All Ongoing Projects,PAIMANA,SRC-2026-04,111,All Ongoing Projects,PAIMANA,False,False,False
PRH-618921,2026-02,S1,ELIGIBLE,,,2026-04-01,1,2026-04,2027-12-01,20,SRC-2026-02,118,All Ongoing Projects,PAIMANA,SRC-2026-04,111,All Ongoing Projects,PAIMANA,False,False,False
PRH-618921,2026-03,S1,ELIGIBLE,,,2026-04-01,1,2026-04,2027-12-01,20,SRC-2026-03,107,All Ongoing Projects,PAIMANA,SRC-2026-04,111,All Ongoing Projects,PAIMANA,False,False,False
PRH-618922,2026-03,S1,ELIGIBLE,,,2027-03-01,1,2026-04,2027-12-01,9,SRC-2026-03,107,All Ongoing Projects,PAIMANA,SRC-2026-04,111,All Ongoing Projects,PAIMANA,False,False,False
PRH-618923,2026-03,S1,ELIGIBLE,,,2026-05-01,1,2026-05,2026-12-01,7,SRC-2026-03,149,All Ongoing Projects,PAIMANA,SRC-2026-05,155,All Ongoing Projects,PAIMANA,False,False,False
PRH-618937,2026-01,S1,ELIGIBLE,,,2023-10-01,1,2026-03,2026-06-01,32,SRC-2026-01,111,All Ongoing Projects,PAIMANA,SRC-2026-03,124,All Ongoing Projects,PAIMANA,False,False,False
PRH-618937,2026-02,S1,ELIGIBLE,,,2023-10-01,1,2026-03,2026-06-01,32,SRC-2026-02,135,All Ongoing Projects,PAIMANA,SRC-2026-03,124,All Ongoing Projects,PAIMANA,False,False,False
PRH-618944,2026-03,S1,ELIGIBLE,,,2026-11-01,1,2026-04,2027-05-01,6,SRC-2026-03,144,All Ongoing Projects,PAIMANA,SRC-2026-04,149,All Ongoing Projects,PAIMANA,False,False,False
PRH-618949,2026-01,S1,ELIGIBLE,,,2025-12-01,1,2026-03,2026-07-01,7,SRC-2026-01,104,All Ongoing Projects,PAIMANA,SRC-2026-03,111,All Ongoing Projects,PAIMANA,False,False,False
PRH-618949,2026-02,S1,ELIGIBLE,,,2025-12-01,1,2026-03,2026-07-01,7,SRC-2026-02,122,All Ongoing Projects,PAIMANA,SRC-2026-03,111,All Ongoing Projects,PAIMANA,False,False,False
PRH-618950,2026-02,S1,ELIGIBLE,,,2028-01-01,1,2026-03,2028-03-01,2,SRC-2026-02,122,All Ongoing Projects,PAIMANA,SRC-2026-03,111,All Ongoing Projects,PAIMANA,False,False,False
PRH-618955,2023-08,S1,ELIGIBLE,,,2021-11-01,1,2023-09,2024-06-01,31,SRC-2023-08,212,Detail of ongoing Projects Costing Rs 150 Crore and above,OCMS,SRC-2023-09,182,Detail of ongoing Projects Costing Rs 150 Crore and above,OCMS,False,False,False
PRH-618956,2026-03,S1,ELIGIBLE,,,2027-04-01,1,2026-06,2028-03-01,11,SRC-2026-03,101,All Ongoing Projects,PAIMANA,SRC-2026-06,106,All Ongoing Projects,PAIMANA,False,False,False
PRH-618960,2026-01,S1,ELIGIBLE,,,2026-06-01,1,2026-04,2027-06-01,12,SRC-2026-01,129,All Ongoing Projects,PAIMANA,SRC-2026-04,155,All Ongoing Projects,PAIMANA,False,False,False
PRH-618960,2026-02,S1,ELIGIBLE,,,2026-06-01,1,2026-04,2027-06-01,12,SRC-2026-02,160,All Ongoing Projects,PAIMANA,SRC-2026-04,155,All Ongoing Projects,PAIMANA,False,False,False
PRH-618960,2026-03,S1,ELIGIBLE,,,2026-06-01,1,2026-04,2027-06-01,12,SRC-2026-03,150,All Ongoing Projects,PAIMANA,SRC-2026-04,155,All Ongoing Projects,PAIMANA,False,False,False
PRH-618967,2026-02,S1,ELIGIBLE,,,2026-08-01,1,2026-05,2027-03-01,7,SRC-2026-02,121,All Ongoing Projects,PAIMANA,SRC-2026-05,113,All Ongoing Projects,PAIMANA,False,False,False
PRH-618967,2026-03,S1,ELIGIBLE,,,2026-08-01,1,2026-05,2027-03-01,7,SRC-2026-03,110,All Ongoing Projects,PAIMANA,SRC-2026-05,113,All Ongoing Projects,PAIMANA,False,False,False
PRH-618968,2026-01,S1,ELIGIBLE,,,2024-09-01,1,2026-03,2026-04-01,19,SRC-2026-01,129,All Ongoing Projects,PAIMANA,SRC-2026-03,150,All Ongoing Projects,PAIMANA,False,False,False
PRH-618968,2026-02,S1,ELIGIBLE,,,2024-09-01,1,2026-03,2026-04-01,19,SRC-2026-02,161,All Ongoing Projects,PAIMANA,SRC-2026-03,150,All Ongoing Projects,PAIMANA,False,False,False
PRH-618970,2026-01,S1,ELIGIBLE,,,2024-09-01,1,2026-03,2026-04-01,19,SRC-2026-01,129,All Ongoing Projects,PAIMANA,SRC-2026-03,150,All Ongoing Projects,PAIMANA,False,False,False
PRH-618970,2026-02,S1,ELIGIBLE,,,2024-09-01,1,2026-03,2026-04-01,19,SRC-2026-02,161,All Ongoing Projects,PAIMANA,SRC-2026-03,150,All Ongoing Projects,PAIMANA,False,False,False
PRH-618976,2026-02,S1,ELIGIBLE,,,2030-03-01,1,2026-05,2030-05-01,2,SRC-2026-02,72,All Ongoing Projects,PAIMANA,SRC-2026-05,61,All Ongoing Projects,PAIMANA,False,False,False
PRH-618976,2026-03,S1,ELIGIBLE,,,2030-03-01,1,2026-05,2030-05-01,2,SRC-2026-03,62,All Ongoing Projects,PAIMANA,SRC-2026-05,61,All Ongoing Projects,PAIMANA,False,False,False
PRH-618977,2026-01,S1,ELIGIBLE,,,2027-10-01,1,2026-04,2027-11-01,1,SRC-2026-01,62,All Ongoing Projects,PAIMANA,SRC-2026-04,55,All Ongoing Projects,PAIMANA,False,False,False
PRH-618977,2026-02,S1,ELIGIBLE,,,2027-10-01,1,2026-04,2027-11-01,1,SRC-2026-02,65,All Ongoing Projects,PAIMANA,SRC-2026-04,55,All Ongoing Projects,PAIMANA,False,False,False
PRH-618977,2026-03,S1,ELIGIBLE,,,2027-10-01,1,2026-04,2027-11-01,1,SRC-2026-03,55,All Ongoing Projects,PAIMANA,SRC-2026-04,55,All Ongoing Projects,PAIMANA,False,False,False
PRH-618982,2026-02,S1,ELIGIBLE,,,2026-06-01,1,2026-05,2026-12-01,6,SRC-2026-02,70,All Ongoing Projects,PAIMANA,SRC-2026-05,59,All Ongoing Projects,PAIMANA,False,False,False
PRH-618982,2026-03,S1,ELIGIBLE,,,2026-06-01,1,2026-05,2026-12-01,6,SRC-2026-03,60,All Ongoing Projects,PAIMANA,SRC-2026-05,59,All Ongoing Projects,PAIMANA,False,False,False
PRH-619013,2026-02,S1,ELIGIBLE,,,2025-10-01,1,2026-03,2026-01-01,3,SRC-2026-02,109,All Ongoing Projects,PAIMANA,SRC-2026-03,98,All Ongoing Projects,PAIMANA,False,True,True
PRH-619013,2026-03,S1,ELIGIBLE,,,2026-01-01,1,2026-06,2026-07-01,6,SRC-2026-03,98,All Ongoing Projects,PAIMANA,SRC-2026-06,104,All Ongoing Projects,PAIMANA,False,False,False
PRH-619038,2023-08,S1,ELIGIBLE,,,2023-02-01,1,2023-09,2024-01-01,11,SRC-2023-08,185,Detail of ongoing Projects Costing Rs 150 Crore and above,OCMS,SRC-2023-09,155,Detail of ongoing Projects Costing Rs 150 Crore and above,OCMS,False,False,False
PRH-619051,2026-02,S1,ELIGIBLE,,,2030-07-01,1,2026-05,2030-09-01,2,SRC-2026-02,72,All Ongoing Projects,PAIMANA,SRC-2026-05,61,All Ongoing Projects,PAIMANA,False,False,False
PRH-619051,2026-03,S1,ELIGIBLE,,,2030-07-01,1,2026-05,2030-09-01,2,SRC-2026-03,62,All Ongoing Projects,PAIMANA,SRC-2026-05,61,All Ongoing Projects,PAIMANA,False,False,False
PRH-619060,2026-03,S1,ELIGIBLE,,,2025-09-01,1,2026-06,2026-07-01,10,SRC-2026-03,98,All Ongoing Projects,PAIMANA,SRC-2026-06,104,All Ongoing Projects,PAIMANA,False,False,False
PRH-619069,2026-02,S1,ELIGIBLE,,,2022-05-01,1,2026-03,2026-06-01,49,SRC-2026-02,135,All Ongoing Projects,PAIMANA,SRC-2026-03,124,All Ongoing Projects,PAIMANA,False,False,False
PRH-619073,2026-02,S1,ELIGIBLE,,,2023-02-01,1,2026-03,2026-04-01,38,SRC-2026-02,125,All Ongoing Projects,PAIMANA,SRC-2026-03,114,All Ongoing Projects,PAIMANA,False,False,False
PRH-619074,2026-02,S1,ELIGIBLE,,,2013-12-01,1,2026-03,2026-06-01,150,SRC-2026-02,151,All Ongoing Projects,PAIMANA,SRC-2026-03,141,All Ongoing Projects,PAIMANA,False,False,True
PRH-619075,2026-02,S1,ELIGIBLE,,,2014-06-01,1,2026-03,2026-04-01,142,SRC-2026-02,146,All Ongoing Projects,PAIMANA,SRC-2026-03,135,All Ongoing Projects,PAIMANA,False,False,True
PRH-619078,2023-08,S1,ELIGIBLE,,,2021-11-01,1,2023-09,2022-09-01,10,SRC-2023-08,211,Detail of ongoing Projects Costing Rs 150 Crore and above,OCMS,SRC-2023-09,181,Detail of ongoing Projects Costing Rs 150 Crore and above,OCMS,False,False,False
PRH-619080,2026-02,S1,ELIGIBLE,,,2025-10-01,1,2026-03,2026-09-01,11,SRC-2026-02,117,All Ongoing Projects,PAIMANA,SRC-2026-03,106,All Ongoing Projects,PAIMANA,False,False,False
PRH-619089,2026-02,S1,ELIGIBLE,,,2026-01-01,1,2026-03,2026-06-01,5,SRC-2026-02,109,All Ongoing Projects,PAIMANA,SRC-2026-03,98,All Ongoing Projects,PAIMANA,False,False,False
PRH-619092,2026-02,S1,ELIGIBLE,,,2022-07-01,1,2026-03,2026-04-01,45,SRC-2026-02,117,All Ongoing Projects,PAIMANA,SRC-2026-03,106,All Ongoing Projects,PAIMANA,False,False,False
PRH-619093,2026-02,S1,ELIGIBLE,,,2025-12-01,1,2026-03,2026-12-01,12,SRC-2026-02,141,All Ongoing Projects,PAIMANA,SRC-2026-03,130,All Ongoing Projects,PAIMANA,False,False,False
PRH-619098,2023-08,S1,ELIGIBLE,,,2023-02-01,1,2023-10,2024-01-01,11,SRC-2023-08,218,Detail of ongoing Projects Costing Rs 150 Crore and above,OCMS,SRC-2023-10,197,Detail of ongoing Projects Costing Rs 150 Crore and above,OCMS,False,False,False
PRH-619099,2026-02,S1,ELIGIBLE,,,2026-06-01,1,2026-03,2026-12-01,6,SRC-2026-02,148,All Ongoing Projects,PAIMANA,SRC-2026-03,137,All Ongoing Projects,PAIMANA,False,False,False
PRH-619101,2026-02,S1,ELIGIBLE,,,2026-03-01,1,2026-03,2026-09-01,6,SRC-2026-02,142,All Ongoing Projects,PAIMANA,SRC-2026-03,131,All Ongoing Projects,PAIMANA,False,False,False
PRH-619106,2026-02,S1,ELIGIBLE,,,2026-11-01,1,2026-04,2027-07-01,8,SRC-2026-02,125,All Ongoing Projects,PAIMANA,SRC-2026-04,118,All Ongoing Projects,PAIMANA,False,False,False
PRH-619106,2026-03,S1,ELIGIBLE,,,2026-11-01,1,2026-04,2027-07-01,8,SRC-2026-03,114,All Ongoing Projects,PAIMANA,SRC-2026-04,118,All Ongoing Projects,PAIMANA,False,False,False
PRH-619107,2026-02,S1,ELIGIBLE,,,2027-09-01,1,2026-04,2028-03-01,6,SRC-2026-02,125,All Ongoing Projects,PAIMANA,SRC-2026-04,118,All Ongoing Projects,PAIMANA,False,False,False
PRH-619107,2026-03,S1,ELIGIBLE,,,2027-09-01,1,2026-04,2028-03-01,6,SRC-2026-03,114,All Ongoing Projects,PAIMANA,SRC-2026-04,118,All Ongoing Projects,PAIMANA,False,False,False
PRH-619108,2026-02,S1,ELIGIBLE,,,2027-06-01,1,2026-04,2027-09-01,3,SRC-2026-02,125,All Ongoing Projects,PAIMANA,SRC-2026-04,118,All Ongoing Projects,PAIMANA,False,False,False
PRH-619108,2026-03,S1,ELIGIBLE,,,2027-06-01,1,2026-04,2027-09-01,3,SRC-2026-03,114,All Ongoing Projects,PAIMANA,SRC-2026-04,118,All Ongoing Projects,PAIMANA,False,False,False
PRH-619112,2026-02,S1,ELIGIBLE,,,2024-10-01,1,2026-03,2026-12-01,26,SRC-2026-02,105,All Ongoing Projects,PAIMANA,SRC-2026-03,94,All Ongoing Projects,PAIMANA,False,False,False
PRH-619114,2026-02,S1,ELIGIBLE,,,2026-03-01,1,2026-03,2026-12-01,9,SRC-2026-02,130,All Ongoing Projects,PAIMANA,SRC-2026-03,119,All Ongoing Projects,PAIMANA,False,False,False
PRH-619126,2026-02,S1,ELIGIBLE,,,2026-02-01,1,2026-03,2026-07-01,5,SRC-2026-02,105,All Ongoing Projects,PAIMANA,SRC-2026-03,94,All Ongoing Projects,PAIMANA,False,False,False
PRH-619127,2026-02,S1,ELIGIBLE,,,2026-03-01,1,2026-03,2027-08-01,17,SRC-2026-02,112,All Ongoing Projects,PAIMANA,SRC-2026-03,101,All Ongoing Projects,PAIMANA,False,False,False
PRH-619130,2026-02,S1,ELIGIBLE,,,2025-12-01,1,2026-03,2026-08-01,8,SRC-2026-02,152,All Ongoing Projects,PAIMANA,SRC-2026-03,141,All Ongoing Projects,PAIMANA,False,False,False
PRH-619136,2026-02,S1,ELIGIBLE,,,2026-01-01,1,2026-03,2026-04-01,3,SRC-2026-02,112,All Ongoing Projects,PAIMANA,SRC-2026-03,101,All Ongoing Projects,PAIMANA,False,False,False
PRH-619139,2026-02,S1,ELIGIBLE,,,2026-05-01,1,2026-03,2027-11-01,18,SRC-2026-02,152,All Ongoing Projects,PAIMANA,SRC-2026-03,141,All Ongoing Projects,PAIMANA,False,False,False
PRH-619140,2026-02,S1,ELIGIBLE,,,2025-10-01,1,2026-03,2027-02-01,16,SRC-2026-02,105,All Ongoing Projects,PAIMANA,SRC-2026-03,94,All Ongoing Projects,PAIMANA,False,False,False
PRH-619141,2026-02,S1,ELIGIBLE,,,2025-12-01,1,2026-03,2026-11-01,11,SRC-2026-02,105,All Ongoing Projects,PAIMANA,SRC-2026-03,94,All Ongoing Projects,PAIMANA,False,False,False
PRH-619143,2026-02,S1,ELIGIBLE,,,2027-03-01,1,2026-04,2027-06-01,3,SRC-2026-02,140,All Ongoing Projects,PAIMANA,SRC-2026-04,133,All Ongoing Projects,PAIMANA,False,False,False
PRH-619143,2026-03,S1,ELIGIBLE,,,2027-03-01,1,2026-04,2027-06-01,3,SRC-2026-03,129,All Ongoing Projects,PAIMANA,SRC-2026-04,133,All Ongoing Projects,PAIMANA,False,False,False
PRH-619147,2026-02,S1,ELIGIBLE,,,2022-09-01,1,2026-03,2026-01-01,40,SRC-2026-02,116,All Ongoing Projects,PAIMANA,SRC-2026-03,106,All Ongoing Projects,PAIMANA,False,False,False
PRH-619157,2026-02,S1,ELIGIBLE,,,2021-08-01,1,2026-03,2026-04-01,56,SRC-2026-02,146,All Ongoing Projects,PAIMANA,SRC-2026-03,135,All Ongoing Projects,PAIMANA,False,False,False
PRH-619158,2026-02,S1,ELIGIBLE,,,2022-08-01,1,2026-03,2026-06-01,46,SRC-2026-02,146,All Ongoing Projects,PAIMANA,SRC-2026-03,135,All Ongoing Projects,PAIMANA,False,False,False
PRH-619161,2026-02,S1,ELIGIBLE,,,2026-12-01,1,2026-04,2027-02-01,2,SRC-2026-02,152,All Ongoing Projects,PAIMANA,SRC-2026-04,146,All Ongoing Projects,PAIMANA,False,False,False
PRH-619161,2026-03,S1,ELIGIBLE,,,2026-12-01,1,2026-04,2027-02-01,2,SRC-2026-03,141,All Ongoing Projects,PAIMANA,SRC-2026-04,146,All Ongoing Projects,PAIMANA,False,False,False
PRH-619166,2026-02,S1,ELIGIBLE,,,2025-12-01,1,2026-03,2026-04-01,4,SRC-2026-02,112,All Ongoing Projects,PAIMANA,SRC-2026-03,102,All Ongoing Projects,PAIMANA,False,False,False
PRH-619168,2026-02,S1,ELIGIBLE,,,2024-09-01,1,2026-03,2026-04-01,19,SRC-2026-02,161,All Ongoing Projects,PAIMANA,SRC-2026-03,150,All Ongoing Projects,PAIMANA,False,False,False
PRH-619172,2026-03,S1,ELIGIBLE,,,2029-03-01,1,2026-05,2033-03-01,48,SRC-2026-03,57,All Ongoing Projects,PAIMANA,SRC-2026-05,56,All Ongoing Projects,PAIMANA,False,True,True
PRH-619183,2026-03,S1,ELIGIBLE,,,2026-02-01,1,2026-06,2026-07-01,5,SRC-2026-03,103,All Ongoing Projects,PAIMANA,SRC-2026-06,108,All Ongoing Projects,PAIMANA,False,True,True
PRH-701101,2023-08,S1,ELIGIBLE,,,2022-10-01,1,2023-11,2024-12-01,26,SRC-2023-08,119,Detail of ongoing Projects Costing Rs 150 Crore and above,OCMS,SRC-2023-11,418,Detail of ongoing Projects Costing Rs 150 Crore and above,OCMS,False,False,False
PRH-701121,2025-04,S1,ELIGIBLE,,,2025-08-01,1,2025-07,2025-12-01,4,SRC-2025-04,44,Project List: Ongoing Projects,PAIMANA_V1,SRC-2025-07-P01,37,All Ongoing Projects,PAIMANA,True,False,False
PRH-701121,2025-05,S1,ELIGIBLE,,,2025-08-01,1,2025-07,2025-12-01,4,SRC-2025-05,44,Project List: Ongoing Projects,PAIMANA_V1,SRC-2025-07-P01,37,All Ongoing Projects,PAIMANA,True,False,False
PRH-701121,2025-06,S1,ELIGIBLE,,,2025-08-01,1,2025-07,2025-12-01,4,SRC-2025-06,42,Project List: Ongoing Projects,PAIMANA_V1,SRC-2025-07-P01,37,All Ongoing Projects,PAIMANA,True,False,False
PRH-701122,2025-12,S1,ELIGIBLE,,,2026-07-01,1,2026-03,2026-11-01,4,SRC-2025-12,50,All Ongoing Projects,PAIMANA,SRC-2026-03,56,All Ongoing Projects,PAIMANA,False,False,False
PRH-701122,2026-01,S1,ELIGIBLE,,,2026-07-01,1,2026-03,2026-11-01,4,SRC-2026-01,62,All Ongoing Projects,PAIMANA,SRC-2026-03,56,All Ongoing Projects,PAIMANA,False,False,False
PRH-701122,2026-02,S1,ELIGIBLE,,,2026-07-01,1,2026-03,2026-11-01,4,SRC-2026-02,66,All Ongoing Projects,PAIMANA,SRC-2026-03,56,All Ongoing Projects,PAIMANA,False,False,False
PRH-701126,2025-04,S1,ELIGIBLE,,,2025-12-01,1,2025-07,2026-06-01,6,SRC-2025-04,91,Project List: Ongoing Projects,PAIMANA_V1,SRC-2025-07-P01,37,All Ongoing Projects,PAIMANA,True,True,True
PRH-701126,2025-05,S1,ELIGIBLE,,,2025-12-01,1,2025-07,2026-06-01,6,SRC-2025-05,79,Project List: Ongoing Projects,PAIMANA_V1,SRC-2025-07-P01,37,All Ongoing Projects,PAIMANA,True,True,True
PRH-701126,2025-06,S1,ELIGIBLE,,,2025-12-01,1,2025-07,2026-06-01,6,SRC-2025-06,83,Project List: Ongoing Projects,PAIMANA_V1,SRC-2025-07-P01,37,All Ongoing Projects,PAIMANA,True,True,True
PRH-701126,2026-02,S1,ELIGIBLE,,,2026-06-01,1,2026-05,2026-09-01,3,SRC-2026-02,65,All Ongoing Projects,PAIMANA,SRC-2026-05,54,All Ongoing Projects,PAIMANA,False,False,False
PRH-701126,2026-03,S1,ELIGIBLE,,,2026-06-01,1,2026-05,2026-09-01,3,SRC-2026-03,55,All Ongoing Projects,PAIMANA,SRC-2026-05,54,All Ongoing Projects,PAIMANA,False,False,False
PRH-701128,2025-04,S1,ELIGIBLE,,,2026-03-01,1,2025-07,2026-10-01,7,SRC-2025-04,208,Project List: Ongoing Projects,PAIMANA_V1,SRC-2025-07-P01,37,All Ongoing Projects,PAIMANA,True,False,False
PRH-701128,2025-05,S1,ELIGIBLE,,,2026-03-01,1,2025-07,2026-10-01,7,SRC-2025-05,162,Project List: Ongoing Projects,PAIMANA_V1,SRC-2025-07-P01,37,All Ongoing Projects,PAIMANA,True,False,False
PRH-701128,2025-06,S1,ELIGIBLE,,,2026-03-01,1,2025-07,2026-10-01,7,SRC-2025-06,179,Project List: Ongoing Projects,PAIMANA_V1,SRC-2025-07-P01,37,All Ongoing Projects,PAIMANA,True,False,False
PRH-701167,2025-04,S1,ELIGIBLE,,,2025-09-01,1,2025-07,2025-12-01,3,SRC-2025-04,112,Project List: Ongoing Projects,PAIMANA_V1,SRC-2025-07-P01,53,All Ongoing Projects,PAIMANA,True,True,True
PRH-701167,2025-05,S1,ELIGIBLE,,,2025-09-01,1,2025-07,2025-12-01,3,SRC-2025-05,93,Project List: Ongoing Projects,PAIMANA_V1,SRC-2025-07-P01,53,All Ongoing Projects,PAIMANA,True,True,True
PRH-701167,2025-06,S1,ELIGIBLE,,,2025-09-01,1,2025-07,2025-12-01,3,SRC-2025-06,99,Project List: Ongoing Projects,PAIMANA_V1,SRC-2025-07-P01,53,All Ongoing Projects,PAIMANA,True,True,True
PRH-701170,2026-02,S1,ELIGIBLE,,,2026-03-01,1,2026-05,2026-12-01,9,SRC-2026-02,87,All Ongoing Projects,PAIMANA,SRC-2026-05,76,All Ongoing Projects,PAIMANA,False,False,False
PRH-701170,2026-03,S1,ELIGIBLE,,,2026-03-01,1,2026-05,2026-12-01,9,SRC-2026-03,76,All Ongoing Projects,PAIMANA,SRC-2026-05,76,All Ongoing Projects,PAIMANA,False,False,False
PRH-701289,2023-08,S1,ELIGIBLE,,,2024-09-01,1,2023-11,2025-12-01,15,SRC-2023-08,136,Detail of ongoing Projects Costing Rs 150 Crore and above,OCMS,SRC-2023-11,436,Detail of ongoing Projects Costing Rs 150 Crore and above,OCMS,False,False,False
PRH-701346,2023-08,S1,ELIGIBLE,,,2024-03-01,1,2023-10,2025-03-01,12,SRC-2023-08,138,Detail of ongoing Projects Costing Rs 150 Crore and above,OCMS,SRC-2023-10,113,Detail of ongoing Projects Costing Rs 150 Crore and above,OCMS,False,False,False
PRH-701349,2025-04,S1,ELIGIBLE,,,2024-10-01,1,2025-07,2025-09-01,11,SRC-2025-04,61,Project List: Ongoing Projects,PAIMANA_V1,SRC-2025-07-P01,49,All Ongoing Projects,PAIMANA,True,True,True
PRH-701349,2025-05,S1,ELIGIBLE,,,2024-10-01,1,2025-07,2025-09-01,11,SRC-2025-05,56,Project List: Ongoing Projects,PAIMANA_V1,SRC-2025-07-P01,49,All Ongoing Projects,PAIMANA,True,True,True
PRH-701349,2025-06,S1,ELIGIBLE,,,2024-10-01,1,2025-07,2025-09-01,11,SRC-2025-06,56,Project List: Ongoing Projects,PAIMANA_V1,SRC-2025-07-P01,49,All Ongoing Projects,PAIMANA,True,True,True
PRH-701399,2025-10,S1,ELIGIBLE,,,2025-12-01,1,2026-01,2026-03-01,3,SRC-2025-10,71,All Ongoing Projects,PAIMANA,SRC-2026-01,132,All Ongoing Projects,PAIMANA,False,False,False
PRH-701399,2025-11,S1,ELIGIBLE,,,2025-12-01,1,2026-01,2026-03-01,3,SRC-2025-11,71,All Ongoing Projects,PAIMANA,SRC-2026-01,132,All Ongoing Projects,PAIMANA,False,False,False
PRH-701399,2025-12,S1,ELIGIBLE,,,2025-12-01,1,2026-01,2026-03-01,3,SRC-2025-12,106,All Ongoing Projects,PAIMANA,SRC-2026-01,132,All Ongoing Projects,PAIMANA,False,False,False
PRH-701657,2026-02,S1,ELIGIBLE,,,2026-09-01,1,2026-05,2027-09-01,12,SRC-2026-02,89,All Ongoing Projects,PAIMANA,SRC-2026-05,78,All Ongoing Projects,PAIMANA,False,False,False
PRH-701657,2026-03,S1,ELIGIBLE,,,2026-09-01,1,2026-05,2027-09-01,12,SRC-2026-03,78,All Ongoing Projects,PAIMANA,SRC-2026-05,78,All Ongoing Projects,PAIMANA,False,False,False
PRH-701719,2026-01,S1,ELIGIBLE,,,2022-07-01,1,2026-04,2026-05-01,46,SRC-2026-01,71,All Ongoing Projects,PAIMANA,SRC-2026-04,67,All Ongoing Projects,PAIMANA,False,False,False
PRH-701719,2026-02,S1,ELIGIBLE,,,2022-07-01,1,2026-04,2026-05-01,46,SRC-2026-02,77,All Ongoing Projects,PAIMANA,SRC-2026-04,67,All Ongoing Projects,PAIMANA,False,False,False
PRH-701719,2026-03,S1,ELIGIBLE,,,2022-07-01,1,2026-04,2026-05-01,46,SRC-2026-03,67,All Ongoing Projects,PAIMANA,SRC-2026-04,67,All Ongoing Projects,PAIMANA,False,False,False
PRH-701766,2026-01,S1,ELIGIBLE,,,2023-11-01,1,2026-04,2026-12-01,37,SRC-2026-01,71,All Ongoing Projects,PAIMANA,SRC-2026-04,67,All Ongoing Projects,PAIMANA,False,False,False
PRH-701766,2026-02,S1,ELIGIBLE,,,2023-11-01,1,2026-04,2026-12-01,37,SRC-2026-02,77,All Ongoing Projects,PAIMANA,SRC-2026-04,67,All Ongoing Projects,PAIMANA,False,False,False
PRH-701766,2026-03,S1,ELIGIBLE,,,2023-11-01,1,2026-04,2026-12-01,37,SRC-2026-03,67,All Ongoing Projects,PAIMANA,SRC-2026-04,67,All Ongoing Projects,PAIMANA,False,False,False
PRH-701991,2026-01,S1,ELIGIBLE,,,2023-07-01,1,2026-04,2026-06-01,35,SRC-2026-01,72,All Ongoing Projects,PAIMANA,SRC-2026-04,68,All Ongoing Projects,PAIMANA,False,False,False
PRH-701991,2026-02,S1,ELIGIBLE,,,2023-07-01,1,2026-04,2026-06-01,35,SRC-2026-02,78,All Ongoing Projects,PAIMANA,SRC-2026-04,68,All Ongoing Projects,PAIMANA,False,False,False
PRH-701991,2026-03,S1,ELIGIBLE,,,2023-07-01,1,2026-04,2026-06-01,35,SRC-2026-03,68,All Ongoing Projects,PAIMANA,SRC-2026-04,68,All Ongoing Projects,PAIMANA,False,False,False
PRH-702627,2025-04,S1,ELIGIBLE,,,2024-06-01,1,2025-07,2027-06-01,36,SRC-2025-04,80,Project List: Ongoing Projects,PAIMANA_V1,SRC-2025-07-P01,46,All Ongoing Projects,PAIMANA,True,True,True
PRH-702627,2025-05,S1,ELIGIBLE,,,2024-06-01,1,2025-07,2027-06-01,36,SRC-2025-05,71,Project List: Ongoing Projects,PAIMANA_V1,SRC-2025-07-P01,46,All Ongoing Projects,PAIMANA,True,True,True
PRH-702627,2025-06,S1,ELIGIBLE,,,2024-06-01,1,2025-07,2027-06-01,36,SRC-2025-06,73,Project List: Ongoing Projects,PAIMANA_V1,SRC-2025-07-P01,46,All Ongoing Projects,PAIMANA,True,True,True
PRH-702628,2025-04,S1,ELIGIBLE,,,2024-03-01,1,2025-07,2027-03-01,36,SRC-2025-04,255,Project List: Ongoing Projects,PAIMANA_V1,SRC-2025-07-P01,47,All Ongoing Projects,PAIMANA,True,True,True
PRH-702628,2025-05,S1,ELIGIBLE,,,2024-03-01,1,2025-07,2027-03-01,36,SRC-2025-05,198,Project List: Ongoing Projects,PAIMANA_V1,SRC-2025-07-P01,47,All Ongoing Projects,PAIMANA,True,True,True
PRH-702628,2025-06,S1,ELIGIBLE,,,2024-03-01,1,2025-07,2027-03-01,36,SRC-2025-06,219,Project List: Ongoing Projects,PAIMANA_V1,SRC-2025-07-P01,47,All Ongoing Projects,PAIMANA,True,True,True
PRH-702629,2025-04,S1,ELIGIBLE,,,2024-03-01,1,2025-07,2027-06-01,39,SRC-2025-04,255,Project List: Ongoing Projects,PAIMANA_V1,SRC-2025-07-P01,47,All Ongoing Projects,PAIMANA,True,True,True
PRH-702629,2025-05,S1,ELIGIBLE,,,2024-03-01,1,2025-07,2027-06-01,39,SRC-2025-05,198,Project List: Ongoing Projects,PAIMANA_V1,SRC-2025-07-P01,47,All Ongoing Projects,PAIMANA,True,True,True
PRH-702629,2025-06,S1,ELIGIBLE,,,2024-03-01,1,2025-07,2027-06-01,39,SRC-2025-06,219,Project List: Ongoing Projects,PAIMANA_V1,SRC-2025-07-P01,47,All Ongoing Projects,PAIMANA,True,True,True
PRH-702630,2025-04,S1,ELIGIBLE,,,2024-03-01,1,2025-07,2026-06-01,27,SRC-2025-04,103,Project List: Ongoing Projects,PAIMANA_V1,SRC-2025-07-P01,46,All Ongoing Projects,PAIMANA,True,False,False
PRH-702630,2025-05,S1,ELIGIBLE,,,2024-03-01,1,2025-07,2026-06-01,27,SRC-2025-05,87,Project List: Ongoing Projects,PAIMANA_V1,SRC-2025-07-P01,46,All Ongoing Projects,PAIMANA,True,False,False
PRH-702630,2025-06,S1,ELIGIBLE,,,2024-03-01,1,2025-07,2026-06-01,27,SRC-2025-06,93,Project List: Ongoing Projects,PAIMANA_V1,SRC-2025-07-P01,46,All Ongoing Projects,PAIMANA,True,False,False
PRH-702631,2025-04,S1,ELIGIBLE,,,2024-03-01,1,2025-07,2025-12-01,21,SRC-2025-04,103,Project List: Ongoing Projects,PAIMANA_V1,SRC-2025-07-P01,46,All Ongoing Projects,PAIMANA,True,False,False
PRH-702631,2025-05,S1,ELIGIBLE,,,2024-03-01,1,2025-07,2025-12-01,21,SRC-2025-05,87,Project List: Ongoing Projects,PAIMANA_V1,SRC-2025-07-P01,46,All Ongoing Projects,PAIMANA,True,False,False
PRH-702631,2025-06,S1,ELIGIBLE,,,2024-03-01,1,2025-07,2025-12-01,21,SRC-2025-06,93,Project List: Ongoing Projects,PAIMANA_V1,SRC-2025-07-P01,46,All Ongoing Projects,PAIMANA,True,False,False
PRH-702632,2025-04,S1,ELIGIBLE,,,2025-03-01,1,2025-07,2026-03-01,12,SRC-2025-04,90,Project List: Ongoing Projects,PAIMANA_V1,SRC-2025-07-P01,46,All Ongoing Projects,PAIMANA,True,False,False
PRH-702632,2025-05,S1,ELIGIBLE,,,2025-03-01,1,2025-07,2026-03-01,12,SRC-2025-05,78,Project List: Ongoing Projects,PAIMANA_V1,SRC-2025-07-P01,46,All Ongoing Projects,PAIMANA,True,False,False
PRH-702632,2025-06,S1,ELIGIBLE,,,2025-03-01,1,2025-07,2026-03-01,12,SRC-2025-06,82,Project List: Ongoing Projects,PAIMANA_V1,SRC-2025-07-P01,46,All Ongoing Projects,PAIMANA,True,False,False
PRH-702633,2025-05,S1,ELIGIBLE,,,2025-06-01,1,2025-08,2025-08-01,2,SRC-2025-05,147,Project List: Ongoing Projects,PAIMANA_V1,SRC-2025-08,47,All Ongoing Projects,PAIMANA,True,False,False
PRH-702633,2025-06,S1,ELIGIBLE,,,2025-06-01,1,2025-08,2025-08-01,2,SRC-2025-06,163,Project List: Ongoing Projects,PAIMANA_V1,SRC-2025-08,47,All Ongoing Projects,PAIMANA,True,False,False
PRH-702633,2025-07,S1,ELIGIBLE,,,2025-06-01,1,2025-08,2025-08-01,2,SRC-2025-07-P01,47,All Ongoing Projects,PAIMANA,SRC-2025-08,47,All Ongoing Projects,PAIMANA,False,False,False
PRH-702635,2025-04,S1,ELIGIBLE,,,2021-02-01,1,2025-07,2026-09-01,67,SRC-2025-04,137,Project List: Ongoing Projects,PAIMANA_V1,SRC-2025-07-P01,46,All Ongoing Projects,PAIMANA,True,True,True
PRH-702635,2025-05,S1,ELIGIBLE,,,2021-02-01,1,2025-07,2026-09-01,67,SRC-2025-05,112,Project List: Ongoing Projects,PAIMANA_V1,SRC-2025-07-P01,46,All Ongoing Projects,PAIMANA,True,True,True
PRH-702635,2025-06,S1,ELIGIBLE,,,2021-02-01,1,2025-07,2026-09-01,67,SRC-2025-06,122,Project List: Ongoing Projects,PAIMANA_V1,SRC-2025-07-P01,46,All Ongoing Projects,PAIMANA,True,True,True
PRH-702639,2025-04,S1,ELIGIBLE,,,2018-12-01,1,2025-07,2025-08-01,80,SRC-2025-04,103,Project List: Ongoing Projects,PAIMANA_V1,SRC-2025-07-P01,46,All Ongoing Projects,PAIMANA,True,True,True
PRH-702639,2025-05,S1,ELIGIBLE,,,2018-12-01,1,2025-07,2025-08-01,80,SRC-2025-05,87,Project List: Ongoing Projects,PAIMANA_V1,SRC-2025-07-P01,46,All Ongoing Projects,PAIMANA,True,True,True
PRH-702639,2025-06,S1,ELIGIBLE,,,2018-12-01,1,2025-07,2025-08-01,80,SRC-2025-06,92,Project List: Ongoing Projects,PAIMANA_V1,SRC-2025-07-P01,46,All Ongoing Projects,PAIMANA,True,True,True
PRH-703585,2025-04,S1,ELIGIBLE,,,2026-03-01,1,2025-07,2026-06-01,3,SRC-2025-04,129,Project List: Ongoing Projects,PAIMANA_V1,SRC-2025-07-P01,56,All Ongoing Projects,PAIMANA,True,True,True
PRH-703585,2025-05,S1,ELIGIBLE,,,2026-03-01,1,2025-07,2026-06-01,3,SRC-2025-05,105,Project List: Ongoing Projects,PAIMANA_V1,SRC-2025-07-P01,56,All Ongoing Projects,PAIMANA,True,True,True
PRH-703585,2025-06,S1,ELIGIBLE,,,2026-03-01,1,2025-07,2026-06-01,3,SRC-2025-06,115,Project List: Ongoing Projects,PAIMANA_V1,SRC-2025-07-P01,56,All Ongoing Projects,PAIMANA,True,True,True
PRH-705237,2025-04,S1,ELIGIBLE,,,2022-03-01,1,2025-07,2025-12-01,45,SRC-2025-04,186,Project List: Ongoing Projects,PAIMANA_V1,SRC-2025-07-P01,59,All Ongoing Projects,PAIMANA,True,False,False
PRH-705237,2025-05,S1,ELIGIBLE,,,2022-03-01,1,2025-07,2025-12-01,45,SRC-2025-05,146,Project List: Ongoing Projects,PAIMANA_V1,SRC-2025-07-P01,59,All Ongoing Projects,PAIMANA,True,False,False
PRH-705237,2025-06,S1,ELIGIBLE,,,2022-03-01,1,2025-07,2025-12-01,45,SRC-2025-06,161,Project List: Ongoing Projects,PAIMANA_V1,SRC-2025-07-P01,59,All Ongoing Projects,PAIMANA,True,False,False
PRH-705253,2026-01,S1,ELIGIBLE,,,2020-12-01,1,2026-04,2026-12-01,72,SRC-2026-01,82,All Ongoing Projects,PAIMANA,SRC-2026-04,81,All Ongoing Projects,PAIMANA,False,False,True
PRH-705253,2026-02,S1,ELIGIBLE,,,2020-12-01,1,2026-04,2026-12-01,72,SRC-2026-02,90,All Ongoing Projects,PAIMANA,SRC-2026-04,81,All Ongoing Projects,PAIMANA,False,False,True
PRH-705253,2026-03,S1,ELIGIBLE,,,2020-12-01,1,2026-04,2026-12-01,72,SRC-2026-03,80,All Ongoing Projects,PAIMANA,SRC-2026-04,81,All Ongoing Projects,PAIMANA,False,False,True
PRH-705358,2023-08,S1,ELIGIBLE,,,2009-03-01,1,2023-09,2026-12-01,213,SRC-2023-08,148,Detail of ongoing Projects Costing Rs 150 Crore and above,OCMS,SRC-2023-09,119,Detail of ongoing Projects Costing Rs 150 Crore and above,OCMS,False,False,True
PRH-705359,2025-04,S1,ELIGIBLE,,,2025-03-01,1,2025-07,2027-03-01,24,SRC-2025-04,195,Project List: Ongoing Projects,PAIMANA_V1,SRC-2025-07-P01,60,All Ongoing Projects,PAIMANA,True,False,False
PRH-705359,2025-05,S1,ELIGIBLE,,,2025-03-01,1,2025-07,2027-03-01,24,SRC-2025-05,152,Project List: Ongoing Projects,PAIMANA_V1,SRC-2025-07-P01,60,All Ongoing Projects,PAIMANA,True,False,False
PRH-705359,2025-06,S1,ELIGIBLE,,,2025-03-01,1,2025-07,2027-03-01,24,SRC-2025-06,168,Project List: Ongoing Projects,PAIMANA_V1,SRC-2025-07-P01,60,All Ongoing Projects,PAIMANA,True,False,False
PRH-705362,2025-04,S1,ELIGIBLE,,,2022-03-01,1,2025-07,2026-03-01,48,SRC-2025-04,71,Project List: Ongoing Projects,PAIMANA_V1,SRC-2025-07-P01,60,All Ongoing Projects,PAIMANA,True,False,False
PRH-705362,2025-05,S1,ELIGIBLE,,,2022-03-01,1,2025-07,2026-03-01,48,SRC-2025-05,64,Project List: Ongoing Projects,PAIMANA_V1,SRC-2025-07-P01,60,All Ongoing Projects,PAIMANA,True,False,False
PRH-705362,2025-06,S1,ELIGIBLE,,,2022-03-01,1,2025-07,2026-03-01,48,SRC-2025-06,65,Project List: Ongoing Projects,PAIMANA_V1,SRC-2025-07-P01,60,All Ongoing Projects,PAIMANA,True,False,False
PRH-705364,2025-04,S1,ELIGIBLE,,,2024-12-01,1,2025-07,2027-03-01,27,SRC-2025-04,70,Project List: Ongoing Projects,PAIMANA_V1,SRC-2025-07-P01,54,All Ongoing Projects,PAIMANA,True,False,False
PRH-705364,2025-05,S1,ELIGIBLE,,,2024-12-01,1,2025-07,2027-03-01,27,SRC-2025-05,63,Project List: Ongoing Projects,PAIMANA_V1,SRC-2025-07-P01,54,All Ongoing Projects,PAIMANA,True,False,False
PRH-705364,2025-06,S1,ELIGIBLE,,,2024-12-01,1,2025-07,2027-03-01,27,SRC-2025-06,65,Project List: Ongoing Projects,PAIMANA_V1,SRC-2025-07-P01,54,All Ongoing Projects,PAIMANA,True,False,False
PRH-705366,2025-04,S1,ELIGIBLE,,,2014-12-01,1,2025-07,2026-12-01,144,SRC-2025-04,70,Project List: Ongoing Projects,PAIMANA_V1,SRC-2025-07-P01,54,All Ongoing Projects,PAIMANA,True,True,True
PRH-705366,2025-05,S1,ELIGIBLE,,,2014-12-01,1,2025-07,2026-12-01,144,SRC-2025-05,63,Project List: Ongoing Projects,PAIMANA_V1,SRC-2025-07-P01,54,All Ongoing Projects,PAIMANA,True,True,True
PRH-705366,2025-06,S1,ELIGIBLE,,,2014-12-01,1,2025-07,2026-12-01,144,SRC-2025-06,65,Project List: Ongoing Projects,PAIMANA_V1,SRC-2025-07-P01,54,All Ongoing Projects,PAIMANA,True,True,True
PRH-705368,2025-04,S1,ELIGIBLE,,,2024-03-01,1,2025-07,2027-01-01,34,SRC-2025-04,71,Project List: Ongoing Projects,PAIMANA_V1,SRC-2025-07-P01,54,All Ongoing Projects,PAIMANA,True,False,False
PRH-705368,2025-05,S1,ELIGIBLE,,,2024-03-01,1,2025-07,2027-01-01,34,SRC-2025-05,63,Project List: Ongoing Projects,PAIMANA_V1,SRC-2025-07-P01,54,All Ongoing Projects,PAIMANA,True,False,False
PRH-705368,2025-06,S1,ELIGIBLE,,,2024-03-01,1,2025-07,2027-01-01,34,SRC-2025-06,65,Project List: Ongoing Projects,PAIMANA_V1,SRC-2025-07-P01,54,All Ongoing Projects,PAIMANA,True,False,False
PRH-705373,2025-04,S1,ELIGIBLE,,,2023-03-01,1,2025-07,2025-08-01,29,SRC-2025-04,72,Project List: Ongoing Projects,PAIMANA_V1,SRC-2025-07-P01,54,All Ongoing Projects,PAIMANA,True,False,False
PRH-705373,2025-05,S1,ELIGIBLE,,,2023-03-01,1,2025-07,2025-08-01,29,SRC-2025-05,64,Project List: Ongoing Projects,PAIMANA_V1,SRC-2025-07-P01,54,All Ongoing Projects,PAIMANA,True,False,False
PRH-705373,2025-06,S1,ELIGIBLE,,,2023-03-01,1,2025-07,2025-08-01,29,SRC-2025-06,66,Project List: Ongoing Projects,PAIMANA_V1,SRC-2025-07-P01,54,All Ongoing Projects,PAIMANA,True,False,False
PRH-705375,2025-04,S1,ELIGIBLE,,,2023-03-01,1,2025-07,2026-02-01,35,SRC-2025-04,122,Project List: Ongoing Projects,PAIMANA_V1,SRC-2025-07-P01,58,All Ongoing Projects,PAIMANA,True,True,True
PRH-705375,2025-05,S1,ELIGIBLE,,,2023-03-01,1,2025-07,2026-02-01,35,SRC-2025-05,100,Project List: Ongoing Projects,PAIMANA_V1,SRC-2025-07-P01,58,All Ongoing Projects,PAIMANA,True,True,True
PRH-705375,2025-06,S1,ELIGIBLE,,,2023-03-01,1,2025-07,2026-02-01,35,SRC-2025-06,109,Project List: Ongoing Projects,PAIMANA_V1,SRC-2025-07-P01,58,All Ongoing Projects,PAIMANA,True,True,True
PRH-705401,2025-04,S1,ELIGIBLE,,,2025-03-01,1,2025-07,2025-12-01,9,SRC-2025-04,185,Project List: Ongoing Projects,PAIMANA_V1,SRC-2025-07-P01,58,All Ongoing Projects,PAIMANA,True,False,False
PRH-705401,2025-05,S1,ELIGIBLE,,,2025-03-01,1,2025-07,2025-12-01,9,SRC-2025-05,146,Project List: Ongoing Projects,PAIMANA_V1,SRC-2025-07-P01,58,All Ongoing Projects,PAIMANA,True,False,False
PRH-705401,2025-06,S1,ELIGIBLE,,,2025-03-01,1,2025-07,2025-12-01,9,SRC-2025-06,160,Project List: Ongoing Projects,PAIMANA_V1,SRC-2025-07-P01,58,All Ongoing Projects,PAIMANA,True,False,False
PRH-705419,2025-04,S1,ELIGIBLE,,,2025-03-01,1,2025-07,2026-02-01,11,SRC-2025-04,185,Project List: Ongoing Projects,PAIMANA_V1,SRC-2025-07-P01,59,All Ongoing Projects,PAIMANA,True,False,False
PRH-705419,2025-05,S1,ELIGIBLE,,,2025-03-01,1,2025-07,2026-02-01,11,SRC-2025-05,145,Project List: Ongoing Projects,PAIMANA_V1,SRC-2025-07-P01,59,All Ongoing Projects,PAIMANA,True,False,False
PRH-705419,2025-06,S1,ELIGIBLE,,,2025-03-01,1,2025-07,2026-02-01,11,SRC-2025-06,160,Project List: Ongoing Projects,PAIMANA_V1,SRC-2025-07-P01,59,All Ongoing Projects,PAIMANA,True,False,False
PRH-705428,2025-04,S1,ELIGIBLE,,,2026-12-01,1,2025-07,2027-12-01,12,SRC-2025-04,108,Project List: Ongoing Projects,PAIMANA_V1,SRC-2025-07-P01,59,All Ongoing Projects,PAIMANA,True,False,False
PRH-705428,2025-05,S1,ELIGIBLE,,,2026-12-01,1,2025-07,2027-12-01,12,SRC-2025-05,90,Project List: Ongoing Projects,PAIMANA_V1,SRC-2025-07-P01,59,All Ongoing Projects,PAIMANA,True,False,False
PRH-705428,2025-06,S1,ELIGIBLE,,,2026-12-01,1,2025-07,2027-12-01,12,SRC-2025-06,96,Project List: Ongoing Projects,PAIMANA_V1,SRC-2025-07-P01,59,All Ongoing Projects,PAIMANA,True,False,False
PRH-705429,2025-04,S1,ELIGIBLE,,,2025-12-01,1,2025-07,2027-03-01,15,SRC-2025-04,256,Project List: Ongoing Projects,PAIMANA_V1,SRC-2025-07-P01,62,All Ongoing Projects,PAIMANA,True,False,False
PRH-705429,2025-05,S1,ELIGIBLE,,,2025-12-01,1,2025-07,2027-03-01,15,SRC-2025-05,199,Project List: Ongoing Projects,PAIMANA_V1,SRC-2025-07-P01,62,All Ongoing Projects,PAIMANA,True,False,False
PRH-705429,2025-06,S1,ELIGIBLE,,,2025-12-01,1,2025-07,2027-03-01,15,SRC-2025-06,220,Project List: Ongoing Projects,PAIMANA_V1,SRC-2025-07-P01,62,All Ongoing Projects,PAIMANA,True,False,False
PRH-705437,2025-04,S1,ELIGIBLE,,,2027-03-01,1,2025-07,2027-12-01,9,SRC-2025-04,230,Project List: Ongoing Projects,PAIMANA_V1,SRC-2025-07-P01,61,All Ongoing Projects,PAIMANA,True,False,False
PRH-705437,2025-05,S1,ELIGIBLE,,,2027-03-01,1,2025-07,2027-12-01,9,SRC-2025-05,178,Project List: Ongoing Projects,PAIMANA_V1,SRC-2025-07-P01,61,All Ongoing Projects,PAIMANA,True,False,False
PRH-705437,2025-06,S1,ELIGIBLE,,,2027-03-01,1,2025-07,2027-12-01,9,SRC-2025-06,197,Project List: Ongoing Projects,PAIMANA_V1,SRC-2025-07-P01,61,All Ongoing Projects,PAIMANA,True,False,False
PRH-705480,2023-08,S1,ELIGIBLE,,,2008-05-01,1,2023-09,2027-03-01,226,SRC-2023-08,158,Detail of ongoing Projects Costing Rs 150 Crore and above,OCMS,SRC-2023-09,128,Detail of ongoing Projects Costing Rs 150 Crore and above,OCMS,False,False,True
PRH-705482,2025-04,S1,ELIGIBLE,,,2019-02-01,1,2025-07,2027-02-01,96,SRC-2025-04,185,Project List: Ongoing Projects,PAIMANA_V1,SRC-2025-07-P01,61,All Ongoing Projects,PAIMANA,True,False,True
PRH-705482,2025-05,S1,ELIGIBLE,,,2019-02-01,1,2025-07,2027-02-01,96,SRC-2025-05,145,Project List: Ongoing Projects,PAIMANA_V1,SRC-2025-07-P01,61,All Ongoing Projects,PAIMANA,True,False,True
PRH-705482,2025-06,S1,ELIGIBLE,,,2019-02-01,1,2025-07,2027-02-01,96,SRC-2025-06,160,Project List: Ongoing Projects,PAIMANA_V1,SRC-2025-07-P01,61,All Ongoing Projects,PAIMANA,True,False,True
PRH-705490,2025-04,S1,ELIGIBLE,,,2027-03-01,1,2025-07,2027-12-01,9,SRC-2025-04,129,Project List: Ongoing Projects,PAIMANA_V1,SRC-2025-07-P01,56,All Ongoing Projects,PAIMANA,True,False,False
PRH-705490,2025-05,S1,ELIGIBLE,,,2027-03-01,1,2025-07,2027-12-01,9,SRC-2025-05,105,Project List: Ongoing Projects,PAIMANA_V1,SRC-2025-07-P01,56,All Ongoing Projects,PAIMANA,True,False,False
PRH-705490,2025-06,S1,ELIGIBLE,,,2027-03-01,1,2025-07,2027-12-01,9,SRC-2025-06,114,Project List: Ongoing Projects,PAIMANA_V1,SRC-2025-07-P01,56,All Ongoing Projects,PAIMANA,True,False,False
PRH-705491,2025-04,S1,ELIGIBLE,,,2016-03-01,1,2025-07,2026-06-01,123,SRC-2025-04,129,Project List: Ongoing Projects,PAIMANA_V1,SRC-2025-07-P01,58,All Ongoing Projects,PAIMANA,True,True,True
PRH-705491,2025-05,S1,ELIGIBLE,,,2016-03-01,1,2025-07,2026-06-01,123,SRC-2025-05,105,Project List: Ongoing Projects,PAIMANA_V1,SRC-2025-07-P01,58,All Ongoing Projects,PAIMANA,True,True,True
PRH-705491,2025-06,S1,ELIGIBLE,,,2016-03-01,1,2025-07,2026-06-01,123,SRC-2025-06,115,Project List: Ongoing Projects,PAIMANA_V1,SRC-2025-07-P01,58,All Ongoing Projects,PAIMANA,True,True,True
PRH-705492,2025-04,S1,ELIGIBLE,,,2025-06-01,1,2025-07,2025-12-01,6,SRC-2025-04,129,Project List: Ongoing Projects,PAIMANA_V1,SRC-2025-07-P01,56,All Ongoing Projects,PAIMANA,True,False,False
PRH-705492,2025-05,S1,ELIGIBLE,,,2025-06-01,1,2025-07,2025-12-01,6,SRC-2025-05,105,Project List: Ongoing Projects,PAIMANA_V1,SRC-2025-07-P01,56,All Ongoing Projects,PAIMANA,True,False,False
PRH-705492,2025-06,S1,ELIGIBLE,,,2025-06-01,1,2025-07,2025-12-01,6,SRC-2025-06,115,Project List: Ongoing Projects,PAIMANA_V1,SRC-2025-07-P01,56,All Ongoing Projects,PAIMANA,True,False,False
PRH-705494,2025-04,S1,ELIGIBLE,,,2015-09-01,1,2025-07,2028-02-01,149,SRC-2025-04,186,Project List: Ongoing Projects,PAIMANA_V1,SRC-2025-07-P01,58,All Ongoing Projects,PAIMANA,True,False,True
PRH-705494,2025-05,S1,ELIGIBLE,,,2015-09-01,1,2025-07,2028-02-01,149,SRC-2025-05,146,Project List: Ongoing Projects,PAIMANA_V1,SRC-2025-07-P01,58,All Ongoing Projects,PAIMANA,True,False,True
PRH-705494,2025-06,S1,ELIGIBLE,,,2015-09-01,1,2025-07,2028-02-01,149,SRC-2025-06,161,Project List: Ongoing Projects,PAIMANA_V1,SRC-2025-07-P01,58,All Ongoing Projects,PAIMANA,True,False,True
PRH-705496,2025-04,S1,ELIGIBLE,,,2019-03-01,1,2025-07,2027-12-01,105,SRC-2025-04,128,Project List: Ongoing Projects,PAIMANA_V1,SRC-2025-07-P01,56,All Ongoing Projects,PAIMANA,True,False,True
PRH-705496,2025-05,S1,ELIGIBLE,,,2019-03-01,1,2025-07,2027-12-01,105,SRC-2025-05,105,Project List: Ongoing Projects,PAIMANA_V1,SRC-2025-07-P01,56,All Ongoing Projects,PAIMANA,True,False,True
PRH-705496,2025-06,S1,ELIGIBLE,,,2019-03-01,1,2025-07,2027-12-01,105,SRC-2025-06,114,Project List: Ongoing Projects,PAIMANA_V1,SRC-2025-07-P01,56,All Ongoing Projects,PAIMANA,True,False,True
PRH-705498,2023-08,S1,ELIGIBLE,,,2021-03-01,1,2023-09,2025-12-01,57,SRC-2023-08,146,Detail of ongoing Projects Costing Rs 150 Crore and above,OCMS,SRC-2023-09,117,Detail of ongoing Projects Costing Rs 150 Crore and above,OCMS,False,False,False
PRH-705500,2023-08,S1,ELIGIBLE,,,2022-03-01,1,2023-09,2025-03-01,36,SRC-2023-08,146,Detail of ongoing Projects Costing Rs 150 Crore and above,OCMS,SRC-2023-09,116,Detail of ongoing Projects Costing Rs 150 Crore and above,OCMS,False,False,False
PRH-705505,2023-08,S1,ELIGIBLE,,,2023-03-01,1,2023-09,2025-03-01,24,SRC-2023-08,146,Detail of ongoing Projects Costing Rs 150 Crore and above,OCMS,SRC-2023-09,116,Detail of ongoing Projects Costing Rs 150 Crore and above,OCMS,False,False,False
PRH-705510,2023-08,S1,ELIGIBLE,,,2020-10-01,1,2023-09,2024-07-01,45,SRC-2023-08,149,Detail of ongoing Projects Costing Rs 150 Crore and above,OCMS,SRC-2023-09,119,Detail of ongoing Projects Costing Rs 150 Crore and above,OCMS,False,False,False
PRH-705511,2025-04,S1,ELIGIBLE,,,2024-03-01,1,2025-07,2026-12-01,33,SRC-2025-04,195,Project List: Ongoing Projects,PAIMANA_V1,SRC-2025-07-P01,59,All Ongoing Projects,PAIMANA,True,False,False
PRH-705511,2025-05,S1,ELIGIBLE,,,2024-03-01,1,2025-07,2026-12-01,33,SRC-2025-05,152,Project List: Ongoing Projects,PAIMANA_V1,SRC-2025-07-P01,59,All Ongoing Projects,PAIMANA,True,False,False
PRH-705511,2025-06,S1,ELIGIBLE,,,2024-03-01,1,2025-07,2026-12-01,33,SRC-2025-06,168,Project List: Ongoing Projects,PAIMANA_V1,SRC-2025-07-P01,59,All Ongoing Projects,PAIMANA,True,False,False
PRH-705512,2025-04,S1,ELIGIBLE,,,2022-03-01,1,2025-07,2028-03-01,72,SRC-2025-04,46,Project List: Ongoing Projects,PAIMANA_V1,SRC-2025-07-P01,58,All Ongoing Projects,PAIMANA,True,False,True
PRH-705512,2025-05,S1,ELIGIBLE,,,2022-03-01,1,2025-07,2028-03-01,72,SRC-2025-05,45,Project List: Ongoing Projects,PAIMANA_V1,SRC-2025-07-P01,58,All Ongoing Projects,PAIMANA,True,False,True
PRH-705512,2025-06,S1,ELIGIBLE,,,2022-03-01,1,2025-07,2028-03-01,72,SRC-2025-06,44,Project List: Ongoing Projects,PAIMANA_V1,SRC-2025-07-P01,58,All Ongoing Projects,PAIMANA,True,False,True
PRH-705526,2025-04,S1,ELIGIBLE,,,2025-03-01,1,2025-07,2025-10-01,7,SRC-2025-04,71,Project List: Ongoing Projects,PAIMANA_V1,SRC-2025-07-P01,54,All Ongoing Projects,PAIMANA,True,False,False
PRH-705526,2025-05,S1,ELIGIBLE,,,2025-03-01,1,2025-07,2025-10-01,7,SRC-2025-05,64,Project List: Ongoing Projects,PAIMANA_V1,SRC-2025-07-P01,54,All Ongoing Projects,PAIMANA,True,False,False
PRH-705526,2025-06,S1,ELIGIBLE,,,2025-03-01,1,2025-07,2025-10-01,7,SRC-2025-06,65,Project List: Ongoing Projects,PAIMANA_V1,SRC-2025-07-P01,54,All Ongoing Projects,PAIMANA,True,False,False
PRH-705527,2025-04,S1,ELIGIBLE,,,2024-12-01,1,2025-07,2025-12-01,12,SRC-2025-04,71,Project List: Ongoing Projects,PAIMANA_V1,SRC-2025-07-P01,54,All Ongoing Projects,PAIMANA,True,True,True
PRH-705527,2025-05,S1,ELIGIBLE,,,2024-12-01,1,2025-07,2025-12-01,12,SRC-2025-05,64,Project List: Ongoing Projects,PAIMANA_V1,SRC-2025-07-P01,54,All Ongoing Projects,PAIMANA,True,True,True
PRH-705527,2025-06,S1,ELIGIBLE,,,2024-12-01,1,2025-07,2025-12-01,12,SRC-2025-06,66,Project List: Ongoing Projects,PAIMANA_V1,SRC-2025-07-P01,54,All Ongoing Projects,PAIMANA,True,True,True
PRH-705528,2025-04,S1,ELIGIBLE,,,2024-06-01,1,2025-07,2025-08-01,14,SRC-2025-04,72,Project List: Ongoing Projects,PAIMANA_V1,SRC-2025-07-P01,54,All Ongoing Projects,PAIMANA,True,False,False
PRH-705528,2025-05,S1,ELIGIBLE,,,2024-06-01,1,2025-07,2025-08-01,14,SRC-2025-05,64,Project List: Ongoing Projects,PAIMANA_V1,SRC-2025-07-P01,54,All Ongoing Projects,PAIMANA,True,False,False
PRH-705528,2025-06,S1,ELIGIBLE,,,2024-06-01,1,2025-07,2025-08-01,14,SRC-2025-06,66,Project List: Ongoing Projects,PAIMANA_V1,SRC-2025-07-P01,54,All Ongoing Projects,PAIMANA,True,False,False
PRH-705562,2025-04,S1,ELIGIBLE,,,2025-02-01,1,2025-07,2026-03-01,13,SRC-2025-04,184,Project List: Ongoing Projects,PAIMANA_V1,SRC-2025-07-P01,58,All Ongoing Projects,PAIMANA,True,False,False
PRH-705562,2025-05,S1,ELIGIBLE,,,2025-02-01,1,2025-07,2026-03-01,13,SRC-2025-05,145,Project List: Ongoing Projects,PAIMANA_V1,SRC-2025-07-P01,58,All Ongoing Projects,PAIMANA,True,False,False
PRH-705562,2025-06,S1,ELIGIBLE,,,2025-02-01,1,2025-07,2026-03-01,13,SRC-2025-06,160,Project List: Ongoing Projects,PAIMANA_V1,SRC-2025-07-P01,58,All Ongoing Projects,PAIMANA,True,False,False
PRH-705567,2025-04,S1,ELIGIBLE,,,2025-03-01,1,2025-07,2025-09-01,6,SRC-2025-04,240,Project List: Ongoing Projects,PAIMANA_V1,SRC-2025-07-P01,61,All Ongoing Projects,PAIMANA,True,False,False
PRH-705567,2025-05,S1,ELIGIBLE,,,2025-03-01,1,2025-07,2025-09-01,6,SRC-2025-05,186,Project List: Ongoing Projects,PAIMANA_V1,SRC-2025-07-P01,61,All Ongoing Projects,PAIMANA,True,False,False
PRH-705567,2025-06,S1,ELIGIBLE,,,2025-03-01,1,2025-07,2025-09-01,6,SRC-2025-06,205,Project List: Ongoing Projects,PAIMANA_V1,SRC-2025-07-P01,61,All Ongoing Projects,PAIMANA,True,False,False
PRH-705588,2025-04,S1,ELIGIBLE,,,2025-03-01,1,2025-07,2026-03-01,12,SRC-2025-04,242,Project List: Ongoing Projects,PAIMANA_V1,SRC-2025-07-P01,61,All Ongoing Projects,PAIMANA,True,False,False
PRH-705588,2025-05,S1,ELIGIBLE,,,2025-03-01,1,2025-07,2026-03-01,12,SRC-2025-05,187,Project List: Ongoing Projects,PAIMANA_V1,SRC-2025-07-P01,61,All Ongoing Projects,PAIMANA,True,False,False
PRH-705588,2025-06,S1,ELIGIBLE,,,2025-03-01,1,2025-07,2026-03-01,12,SRC-2025-06,207,Project List: Ongoing Projects,PAIMANA_V1,SRC-2025-07-P01,61,All Ongoing Projects,PAIMANA,True,False,False
PRH-705598,2025-04,S1,ELIGIBLE,,,2022-03-01,1,2025-07,2026-03-01,48,SRC-2025-04,241,Project List: Ongoing Projects,PAIMANA_V1,SRC-2025-07-P01,60,All Ongoing Projects,PAIMANA,True,False,False
PRH-705598,2025-05,S1,ELIGIBLE,,,2022-03-01,1,2025-07,2026-03-01,48,SRC-2025-05,186,Project List: Ongoing Projects,PAIMANA_V1,SRC-2025-07-P01,60,All Ongoing Projects,PAIMANA,True,False,False
PRH-705598,2025-06,S1,ELIGIBLE,,,2022-03-01,1,2025-07,2026-03-01,48,SRC-2025-06,206,Project List: Ongoing Projects,PAIMANA_V1,SRC-2025-07-P01,60,All Ongoing Projects,PAIMANA,True,False,False
PRH-705610,2025-10,S1,ELIGIBLE,,,2025-12-01,1,2026-01,2026-03-01,3,SRC-2025-10,65,All Ongoing Projects,PAIMANA,SRC-2026-01,85,All Ongoing Projects,PAIMANA,False,False,False
PRH-705610,2025-11,S1,ELIGIBLE,,,2025-12-01,1,2026-01,2026-03-01,3,SRC-2025-11,65,All Ongoing Projects,PAIMANA,SRC-2026-01,85,All Ongoing Projects,PAIMANA,False,False,False
PRH-705610,2025-12,S1,ELIGIBLE,,,2025-12-01,1,2026-01,2026-03-01,3,SRC-2025-12,72,All Ongoing Projects,PAIMANA,SRC-2026-01,85,All Ongoing Projects,PAIMANA,False,False,False
PRH-705612,2025-04,S1,ELIGIBLE,,,2025-02-01,1,2025-07,2025-12-01,10,SRC-2025-04,185,Project List: Ongoing Projects,PAIMANA_V1,SRC-2025-07-P01,58,All Ongoing Projects,PAIMANA,True,False,False
PRH-705612,2025-05,S1,ELIGIBLE,,,2025-02-01,1,2025-07,2025-12-01,10,SRC-2025-05,146,Project List: Ongoing Projects,PAIMANA_V1,SRC-2025-07-P01,58,All Ongoing Projects,PAIMANA,True,False,False
PRH-705612,2025-06,S1,ELIGIBLE,,,2025-02-01,1,2025-07,2025-12-01,10,SRC-2025-06,161,Project List: Ongoing Projects,PAIMANA_V1,SRC-2025-07-P01,58,All Ongoing Projects,PAIMANA,True,False,False
PRH-705613,2025-04,S1,ELIGIBLE,,,2025-01-01,1,2025-07,2025-11-01,10,SRC-2025-04,186,Project List: Ongoing Projects,PAIMANA_V1,SRC-2025-07-P01,60,All Ongoing Projects,PAIMANA,True,False,False
PRH-705613,2025-05,S1,ELIGIBLE,,,2025-01-01,1,2025-07,2025-11-01,10,SRC-2025-05,146,Project List: Ongoing Projects,PAIMANA_V1,SRC-2025-07-P01,60,All Ongoing Projects,PAIMANA,True,False,False
PRH-705613,2025-06,S1,ELIGIBLE,,,2025-01-01,1,2025-07,2025-11-01,10,SRC-2025-06,161,Project List: Ongoing Projects,PAIMANA_V1,SRC-2025-07-P01,60,All Ongoing Projects,PAIMANA,True,False,False
PRH-705628,2025-04,S1,ELIGIBLE,,,2024-06-01,1,2025-07,2026-06-01,24,SRC-2025-04,122,Project List: Ongoing Projects,PAIMANA_V1,SRC-2025-07-P01,59,All Ongoing Projects,PAIMANA,True,True,True
PRH-705628,2025-05,S1,ELIGIBLE,,,2024-06-01,1,2025-07,2026-06-01,24,SRC-2025-05,100,Project List: Ongoing Projects,PAIMANA_V1,SRC-2025-07-P01,59,All Ongoing Projects,PAIMANA,True,True,True
PRH-705628,2025-06,S1,ELIGIBLE,,,2024-06-01,1,2025-07,2026-06-01,24,SRC-2025-06,109,Project List: Ongoing Projects,PAIMANA_V1,SRC-2025-07-P01,59,All Ongoing Projects,PAIMANA,True,True,True
PRH-705629,2025-04,S1,ELIGIBLE,,,2024-12-01,1,2025-07,2026-06-01,18,SRC-2025-04,186,Project List: Ongoing Projects,PAIMANA_V1,SRC-2025-07-P01,60,All Ongoing Projects,PAIMANA,True,True,True
PRH-705629,2025-05,S1,ELIGIBLE,,,2024-12-01,1,2025-07,2026-06-01,18,SRC-2025-05,146,Project List: Ongoing Projects,PAIMANA_V1,SRC-2025-07-P01,60,All Ongoing Projects,PAIMANA,True,True,True
PRH-705629,2025-06,S1,ELIGIBLE,,,2024-12-01,1,2025-07,2026-06-01,18,SRC-2025-06,161,Project List: Ongoing Projects,PAIMANA_V1,SRC-2025-07-P01,60,All Ongoing Projects,PAIMANA,True,True,True
PRH-705633,2025-04,S1,ELIGIBLE,,,2025-12-01,1,2025-07,2026-12-01,12,SRC-2025-04,46,Project List: Ongoing Projects,PAIMANA_V1,SRC-2025-07-P01,54,All Ongoing Projects,PAIMANA,True,False,False
PRH-705633,2025-05,S1,ELIGIBLE,,,2025-12-01,1,2025-07,2026-12-01,12,SRC-2025-05,45,Project List: Ongoing Projects,PAIMANA_V1,SRC-2025-07-P01,54,All Ongoing Projects,PAIMANA,True,False,False
PRH-705633,2025-06,S1,ELIGIBLE,,,2025-12-01,1,2025-07,2026-12-01,12,SRC-2025-06,44,Project List: Ongoing Projects,PAIMANA_V1,SRC-2025-07-P01,54,All Ongoing Projects,PAIMANA,True,False,False
PRH-705635,2025-04,S1,ELIGIBLE,,,2024-03-01,1,2025-07,2027-12-01,45,SRC-2025-04,138,Project List: Ongoing Projects,PAIMANA_V1,SRC-2025-07-P01,59,All Ongoing Projects,PAIMANA,True,False,False
PRH-705635,2025-05,S1,ELIGIBLE,,,2024-03-01,1,2025-07,2027-12-01,45,SRC-2025-05,113,Project List: Ongoing Projects,PAIMANA_V1,SRC-2025-07-P01,59,All Ongoing Projects,PAIMANA,True,False,False
PRH-705635,2025-06,S1,ELIGIBLE,,,2024-03-01,1,2025-07,2027-12-01,45,SRC-2025-06,123,Project List: Ongoing Projects,PAIMANA_V1,SRC-2025-07-P01,59,All Ongoing Projects,PAIMANA,True,False,False
PRH-705648,2023-08,S1,ELIGIBLE,,,2023-12-01,1,2023-10,2024-03-01,3,SRC-2023-08,154,Detail of ongoing Projects Costing Rs 150 Crore and above,OCMS,SRC-2023-10,129,Detail of ongoing Projects Costing Rs 150 Crore and above,OCMS,False,False,False
PRH-705650,2025-04,S1,ELIGIBLE,,,2027-03-01,1,2025-07,2027-12-01,9,SRC-2025-04,128,Project List: Ongoing Projects,PAIMANA_V1,SRC-2025-07-P01,59,All Ongoing Projects,PAIMANA,True,False,False
PRH-705650,2025-05,S1,ELIGIBLE,,,2027-03-01,1,2025-07,2027-12-01,9,SRC-2025-05,105,Project List: Ongoing Projects,PAIMANA_V1,SRC-2025-07-P01,59,All Ongoing Projects,PAIMANA,True,False,False
PRH-705650,2025-06,S1,ELIGIBLE,,,2027-03-01,1,2025-07,2027-12-01,9,SRC-2025-06,114,Project List: Ongoing Projects,PAIMANA_V1,SRC-2025-07-P01,59,All Ongoing Projects,PAIMANA,True,False,False
PRH-705662,2025-04,S1,ELIGIBLE,,,2024-12-01,1,2025-07,2026-03-01,15,SRC-2025-04,186,Project List: Ongoing Projects,PAIMANA_V1,SRC-2025-07-P01,59,All Ongoing Projects,PAIMANA,True,False,False
PRH-705662,2025-05,S1,ELIGIBLE,,,2024-12-01,1,2025-07,2026-03-01,15,SRC-2025-05,146,Project List: Ongoing Projects,PAIMANA_V1,SRC-2025-07-P01,59,All Ongoing Projects,PAIMANA,True,False,False
PRH-705662,2025-06,S1,ELIGIBLE,,,2024-12-01,1,2025-07,2026-03-01,15,SRC-2025-06,161,Project List: Ongoing Projects,PAIMANA_V1,SRC-2025-07-P01,59,All Ongoing Projects,PAIMANA,True,False,False
PRH-705663,2025-04,S1,ELIGIBLE,,,2025-06-01,1,2025-07,2026-02-01,8,SRC-2025-04,130,Project List: Ongoing Projects,PAIMANA_V1,SRC-2025-07-P01,62,All Ongoing Projects,PAIMANA,True,True,True
PRH-705663,2025-05,S1,ELIGIBLE,,,2025-06-01,1,2025-07,2026-02-01,8,SRC-2025-05,106,Project List: Ongoing Projects,PAIMANA_V1,SRC-2025-07-P01,62,All Ongoing Projects,PAIMANA,True,True,True
PRH-705663,2025-06,S1,ELIGIBLE,,,2025-06-01,1,2025-07,2026-02-01,8,SRC-2025-06,115,Project List: Ongoing Projects,PAIMANA_V1,SRC-2025-07-P01,62,All Ongoing Projects,PAIMANA,True,True,True
PRH-705668,2025-04,S1,ELIGIBLE,,,2025-03-01,1,2025-07,2025-12-01,9,SRC-2025-04,123,Project List: Ongoing Projects,PAIMANA_V1,SRC-2025-07-P01,59,All Ongoing Projects,PAIMANA,True,False,False
PRH-705668,2025-05,S1,ELIGIBLE,,,2025-03-01,1,2025-07,2025-12-01,9,SRC-2025-05,101,Project List: Ongoing Projects,PAIMANA_V1,SRC-2025-07-P01,59,All Ongoing Projects,PAIMANA,True,False,False
PRH-705668,2025-06,S1,ELIGIBLE,,,2025-03-01,1,2025-07,2025-12-01,9,SRC-2025-06,109,Project List: Ongoing Projects,PAIMANA_V1,SRC-2025-07-P01,59,All Ongoing Projects,PAIMANA,True,False,False
PRH-705728,2025-04,S1,ELIGIBLE,,,2027-08-01,1,2025-07,2029-12-01,28,SRC-2025-04,186,Project List: Ongoing Projects,PAIMANA_V1,SRC-2025-07-P01,59,All Ongoing Projects,PAIMANA,True,False,False
PRH-705728,2025-05,S1,ELIGIBLE,,,2027-08-01,1,2025-07,2029-12-01,28,SRC-2025-05,146,Project List: Ongoing Projects,PAIMANA_V1,SRC-2025-07-P01,59,All Ongoing Projects,PAIMANA,True,False,False
PRH-705728,2025-06,S1,ELIGIBLE,,,2027-08-01,1,2025-07,2029-12-01,28,SRC-2025-06,161,Project List: Ongoing Projects,PAIMANA_V1,SRC-2025-07-P01,59,All Ongoing Projects,PAIMANA,True,False,False
PRH-705730,2025-04,S1,ELIGIBLE,,,2026-12-01,1,2025-07,2028-12-01,24,SRC-2025-04,264,Project List: Ongoing Projects,PAIMANA_V1,SRC-2025-07-P01,62,All Ongoing Projects,PAIMANA,True,False,False
PRH-705730,2025-05,S1,ELIGIBLE,,,2026-12-01,1,2025-07,2028-12-01,24,SRC-2025-05,204,Project List: Ongoing Projects,PAIMANA_V1,SRC-2025-07-P01,62,All Ongoing Projects,PAIMANA,True,False,False
PRH-705730,2025-06,S1,ELIGIBLE,,,2026-12-01,1,2025-07,2028-12-01,24,SRC-2025-06,226,Project List: Ongoing Projects,PAIMANA_V1,SRC-2025-07-P01,62,All Ongoing Projects,PAIMANA,True,False,False
PRH-705741,2025-04,S1,ELIGIBLE,,,2028-07-01,1,2025-07,2029-12-01,17,SRC-2025-04,196,Project List: Ongoing Projects,PAIMANA_V1,SRC-2025-07-P01,53,All Ongoing Projects,PAIMANA,True,False,False
PRH-705741,2025-05,S1,ELIGIBLE,,,2028-07-01,1,2025-07,2029-12-01,17,SRC-2025-05,152,Project List: Ongoing Projects,PAIMANA_V1,SRC-2025-07-P01,53,All Ongoing Projects,PAIMANA,True,False,False
PRH-705741,2025-06,S1,ELIGIBLE,,,2028-07-01,1,2025-07,2029-12-01,17,SRC-2025-06,169,Project List: Ongoing Projects,PAIMANA_V1,SRC-2025-07-P01,53,All Ongoing Projects,PAIMANA,True,False,False
PRH-705752,2025-04,S1,ELIGIBLE,,,2025-03-01,1,2025-07,2026-11-01,20,SRC-2025-04,213,Project List: Ongoing Projects,PAIMANA_V1,SRC-2025-07-P01,61,All Ongoing Projects,PAIMANA,True,True,True
PRH-705752,2025-05,S1,ELIGIBLE,,,2025-03-01,1,2025-07,2026-11-01,20,SRC-2025-05,165,Project List: Ongoing Projects,PAIMANA_V1,SRC-2025-07-P01,61,All Ongoing Projects,PAIMANA,True,True,True
PRH-705752,2025-06,S1,ELIGIBLE,,,2025-03-01,1,2025-07,2026-11-01,20,SRC-2025-06,183,Project List: Ongoing Projects,PAIMANA_V1,SRC-2025-07-P01,61,All Ongoing Projects,PAIMANA,True,True,True
PRH-705761,2025-04,S1,ELIGIBLE,,,2027-12-01,1,2025-07,2028-06-01,6,SRC-2025-04,129,Project List: Ongoing Projects,PAIMANA_V1,SRC-2025-07-P01,56,All Ongoing Projects,PAIMANA,True,False,False
PRH-705761,2025-05,S1,ELIGIBLE,,,2027-12-01,1,2025-07,2028-06-01,6,SRC-2025-05,106,Project List: Ongoing Projects,PAIMANA_V1,SRC-2025-07-P01,56,All Ongoing Projects,PAIMANA,True,False,False
PRH-705761,2025-06,S1,ELIGIBLE,,,2027-12-01,1,2025-07,2028-06-01,6,SRC-2025-06,115,Project List: Ongoing Projects,PAIMANA_V1,SRC-2025-07-P01,56,All Ongoing Projects,PAIMANA,True,False,False
PRH-705765,2025-04,S1,ELIGIBLE,,,2023-03-01,1,2025-07,2026-03-01,36,SRC-2025-04,123,Project List: Ongoing Projects,PAIMANA_V1,SRC-2025-07-P01,56,All Ongoing Projects,PAIMANA,True,True,True
PRH-705765,2025-05,S1,ELIGIBLE,,,2023-03-01,1,2025-07,2026-03-01,36,SRC-2025-05,101,Project List: Ongoing Projects,PAIMANA_V1,SRC-2025-07-P01,56,All Ongoing Projects,PAIMANA,True,True,True
PRH-705765,2025-06,S1,ELIGIBLE,,,2023-03-01,1,2025-07,2026-03-01,36,SRC-2025-06,110,Project List: Ongoing Projects,PAIMANA_V1,SRC-2025-07-P01,56,All Ongoing Projects,PAIMANA,True,True,True
PRH-705766,2025-04,S1,ELIGIBLE,,,2024-12-01,1,2025-07,2025-11-01,11,SRC-2025-04,241,Project List: Ongoing Projects,PAIMANA_V1,SRC-2025-07-P01,61,All Ongoing Projects,PAIMANA,True,False,False
PRH-705766,2025-05,S1,ELIGIBLE,,,2024-12-01,1,2025-07,2025-11-01,11,SRC-2025-05,186,Project List: Ongoing Projects,PAIMANA_V1,SRC-2025-07-P01,61,All Ongoing Projects,PAIMANA,True,False,False
PRH-705766,2025-06,S1,ELIGIBLE,,,2024-12-01,1,2025-07,2025-11-01,11,SRC-2025-06,206,Project List: Ongoing Projects,PAIMANA_V1,SRC-2025-07-P01,61,All Ongoing Projects,PAIMANA,True,False,False
PRH-705772,2025-04,S1,ELIGIBLE,,,2026-12-01,1,2025-07,2027-03-01,3,SRC-2025-04,241,Project List: Ongoing Projects,PAIMANA_V1,SRC-2025-07-P01,61,All Ongoing Projects,PAIMANA,True,False,False
PRH-705772,2025-05,S1,ELIGIBLE,,,2026-12-01,1,2025-07,2027-03-01,3,SRC-2025-05,186,Project List: Ongoing Projects,PAIMANA_V1,SRC-2025-07-P01,61,All Ongoing Projects,PAIMANA,True,False,False
PRH-705772,2025-06,S1,ELIGIBLE,,,2026-12-01,1,2025-07,2027-03-01,3,SRC-2025-06,206,Project List: Ongoing Projects,PAIMANA_V1,SRC-2025-07-P01,61,All Ongoing Projects,PAIMANA,True,False,False
PRH-705774,2025-04,S1,ELIGIBLE,,,2025-12-01,1,2025-07,2027-03-01,15,SRC-2025-04,241,Project List: Ongoing Projects,PAIMANA_V1,SRC-2025-07-P01,61,All Ongoing Projects,PAIMANA,True,True,True
PRH-705774,2025-05,S1,ELIGIBLE,,,2025-12-01,1,2025-07,2027-03-01,15,SRC-2025-05,187,Project List: Ongoing Projects,PAIMANA_V1,SRC-2025-07-P01,61,All Ongoing Projects,PAIMANA,True,True,True
PRH-705774,2025-06,S1,ELIGIBLE,,,2025-12-01,1,2025-07,2027-03-01,15,SRC-2025-06,206,Project List: Ongoing Projects,PAIMANA_V1,SRC-2025-07-P01,61,All Ongoing Projects,PAIMANA,True,True,True
PRH-705780,2025-04,S1,ELIGIBLE,,,2024-12-01,1,2025-07,2025-10-01,10,SRC-2025-04,243,Project List: Ongoing Projects,PAIMANA_V1,SRC-2025-07-P01,62,All Ongoing Projects,PAIMANA,True,False,False
PRH-705780,2025-05,S1,ELIGIBLE,,,2024-12-01,1,2025-07,2025-10-01,10,SRC-2025-05,187,Project List: Ongoing Projects,PAIMANA_V1,SRC-2025-07-P01,62,All Ongoing Projects,PAIMANA,True,False,False
PRH-705780,2025-06,S1,ELIGIBLE,,,2024-12-01,1,2025-07,2025-10-01,10,SRC-2025-06,207,Project List: Ongoing Projects,PAIMANA_V1,SRC-2025-07-P01,62,All Ongoing Projects,PAIMANA,True,False,False
PRH-705785,2025-04,S1,ELIGIBLE,,,2026-06-01,1,2025-07,2027-05-01,11,SRC-2025-04,122,Project List: Ongoing Projects,PAIMANA_V1,SRC-2025-07-P01,56,All Ongoing Projects,PAIMANA,True,False,False
PRH-705785,2025-05,S1,ELIGIBLE,,,2026-06-01,1,2025-07,2027-05-01,11,SRC-2025-05,101,Project List: Ongoing Projects,PAIMANA_V1,SRC-2025-07-P01,56,All Ongoing Projects,PAIMANA,True,False,False
PRH-705785,2025-06,S1,ELIGIBLE,,,2026-06-01,1,2025-07,2027-05-01,11,SRC-2025-06,109,Project List: Ongoing Projects,PAIMANA_V1,SRC-2025-07-P01,56,All Ongoing Projects,PAIMANA,True,False,False
PRH-705793,2025-10,S1,ELIGIBLE,,,2024-03-01,1,2026-01,2026-03-01,24,SRC-2025-10,66,All Ongoing Projects,PAIMANA,SRC-2026-01,86,All Ongoing Projects,PAIMANA,False,False,False
PRH-705793,2025-11,S1,ELIGIBLE,,,2024-03-01,1,2026-01,2026-03-01,24,SRC-2025-11,66,All Ongoing Projects,PAIMANA,SRC-2026-01,86,All Ongoing Projects,PAIMANA,False,False,False
PRH-705793,2025-12,S1,ELIGIBLE,,,2024-03-01,1,2026-01,2026-03-01,24,SRC-2025-12,73,All Ongoing Projects,PAIMANA,SRC-2026-01,86,All Ongoing Projects,PAIMANA,False,False,False
PRH-705799,2025-04,S1,ELIGIBLE,,,2024-06-01,1,2025-07,2025-12-01,18,SRC-2025-04,158,Project List: Ongoing Projects,PAIMANA_V1,SRC-2025-07-P01,57,All Ongoing Projects,PAIMANA,True,True,True
PRH-705799,2025-05,S1,ELIGIBLE,,,2024-06-01,1,2025-07,2025-12-01,18,SRC-2025-05,127,Project List: Ongoing Projects,PAIMANA_V1,SRC-2025-07-P01,57,All Ongoing Projects,PAIMANA,True,True,True
PRH-705799,2025-06,S1,ELIGIBLE,,,2024-06-01,1,2025-07,2025-12-01,18,SRC-2025-06,140,Project List: Ongoing Projects,PAIMANA_V1,SRC-2025-07-P01,57,All Ongoing Projects,PAIMANA,True,True,True
PRH-705918,2025-04,S1,ELIGIBLE,,,2026-06-01,1,2025-07,2027-03-01,9,SRC-2025-04,241,Project List: Ongoing Projects,PAIMANA_V1,SRC-2025-07-P01,62,All Ongoing Projects,PAIMANA,True,False,False
PRH-705918,2025-05,S1,ELIGIBLE,,,2026-06-01,1,2025-07,2027-03-01,9,SRC-2025-05,186,Project List: Ongoing Projects,PAIMANA_V1,SRC-2025-07-P01,62,All Ongoing Projects,PAIMANA,True,False,False
PRH-706759,2025-04,S1,ELIGIBLE,,,2024-12-01,1,2025-07,2025-12-01,12,SRC-2025-04,71,Project List: Ongoing Projects,PAIMANA_V1,SRC-2025-07-P01,54,All Ongoing Projects,PAIMANA,True,False,False
PRH-706759,2025-05,S1,ELIGIBLE,,,2024-12-01,1,2025-07,2025-12-01,12,SRC-2025-05,64,Project List: Ongoing Projects,PAIMANA_V1,SRC-2025-07-P01,54,All Ongoing Projects,PAIMANA,True,False,False
PRH-706759,2025-06,S1,ELIGIBLE,,,2024-12-01,1,2025-07,2025-12-01,12,SRC-2025-06,66,Project List: Ongoing Projects,PAIMANA_V1,SRC-2025-07-P01,54,All Ongoing Projects,PAIMANA,True,False,False
PRH-706776,2025-04,S1,ELIGIBLE,,,2026-08-01,1,2025-07,2029-03-01,31,SRC-2025-04,264,Project List: Ongoing Projects,PAIMANA_V1,SRC-2025-07-P01,62,All Ongoing Projects,PAIMANA,True,False,False
PRH-706776,2025-05,S1,ELIGIBLE,,,2026-08-01,1,2025-07,2029-03-01,31,SRC-2025-05,204,Project List: Ongoing Projects,PAIMANA_V1,SRC-2025-07-P01,62,All Ongoing Projects,PAIMANA,True,False,False
PRH-706776,2025-06,S1,ELIGIBLE,,,2026-08-01,1,2025-07,2029-03-01,31,SRC-2025-06,226,Project List: Ongoing Projects,PAIMANA_V1,SRC-2025-07-P01,62,All Ongoing Projects,PAIMANA,True,False,False
PRH-706779,2025-04,S1,ELIGIBLE,,,2014-03-01,1,2025-07,2027-12-01,165,SRC-2025-04,156,Project List: Ongoing Projects,PAIMANA_V1,SRC-2025-07-P01,58,All Ongoing Projects,PAIMANA,True,False,True
PRH-706779,2025-05,S1,ELIGIBLE,,,2014-03-01,1,2025-07,2027-12-01,165,SRC-2025-05,125,Project List: Ongoing Projects,PAIMANA_V1,SRC-2025-07-P01,58,All Ongoing Projects,PAIMANA,True,False,True
PRH-706779,2025-06,S1,ELIGIBLE,,,2014-03-01,1,2025-07,2027-12-01,165,SRC-2025-06,138,Project List: Ongoing Projects,PAIMANA_V1,SRC-2025-07-P01,58,All Ongoing Projects,PAIMANA,True,False,True
PRH-706835,2025-04,S1,ELIGIBLE,,,2027-12-01,1,2025-07,2029-03-01,15,SRC-2025-04,129,Project List: Ongoing Projects,PAIMANA_V1,SRC-2025-07-P01,56,All Ongoing Projects,PAIMANA,True,False,False
PRH-706835,2025-05,S1,ELIGIBLE,,,2027-12-01,1,2025-07,2029-03-01,15,SRC-2025-05,106,Project List: Ongoing Projects,PAIMANA_V1,SRC-2025-07-P01,56,All Ongoing Projects,PAIMANA,True,False,False
PRH-706866,2025-04,S1,ELIGIBLE,,,2026-06-01,1,2025-07,2027-05-01,11,SRC-2025-04,213,Project List: Ongoing Projects,PAIMANA_V1,SRC-2025-07-P01,61,All Ongoing Projects,PAIMANA,True,True,True
PRH-706866,2025-05,S1,ELIGIBLE,,,2026-06-01,1,2025-07,2027-05-01,11,SRC-2025-05,165,Project List: Ongoing Projects,PAIMANA_V1,SRC-2025-07-P01,61,All Ongoing Projects,PAIMANA,True,True,True
PRH-706866,2025-06,S1,ELIGIBLE,,,2026-06-01,1,2025-07,2027-05-01,11,SRC-2025-06,183,Project List: Ongoing Projects,PAIMANA_V1,SRC-2025-07-P01,61,All Ongoing Projects,PAIMANA,True,True,True
PRH-707229,2026-02,S1,ELIGIBLE,,,2023-05-01,1,2026-05,2025-10-01,29,SRC-2026-02,77,All Ongoing Projects,PAIMANA,SRC-2026-05,66,All Ongoing Projects,PAIMANA,False,False,False
PRH-707229,2026-03,S1,ELIGIBLE,,,2023-05-01,1,2026-05,2025-10-01,29,SRC-2026-03,67,All Ongoing Projects,PAIMANA,SRC-2026-05,66,All Ongoing Projects,PAIMANA,False,False,False
PRH-709747,2025-04,S1,ELIGIBLE,,,2022-10-01,1,2025-07,2025-12-01,38,SRC-2025-04,93,Project List: Ongoing Projects,PAIMANA_V1,SRC-2025-07-P01,42,All Ongoing Projects,PAIMANA,True,True,True
PRH-709747,2025-05,S1,ELIGIBLE,,,2022-10-01,1,2025-07,2025-12-01,38,SRC-2025-05,80,Project List: Ongoing Projects,PAIMANA_V1,SRC-2025-07-P01,42,All Ongoing Projects,PAIMANA,True,True,True
PRH-709747,2025-06,S1,ELIGIBLE,,,2022-10-01,1,2025-07,2025-12-01,38,SRC-2025-06,84,Project List: Ongoing Projects,PAIMANA_V1,SRC-2025-07-P01,42,All Ongoing Projects,PAIMANA,True,True,True
PRH-709753,2025-07,S1,ELIGIBLE,,,2025-11-01,1,2025-10,2026-05-01,6,SRC-2025-07-P01,53,All Ongoing Projects,PAIMANA,SRC-2025-10,58,All Ongoing Projects,PAIMANA,False,False,False
PRH-709753,2025-08,S1,ELIGIBLE,,,2025-11-01,1,2025-10,2026-05-01,6,SRC-2025-08,53,All Ongoing Projects,PAIMANA,SRC-2025-10,58,All Ongoing Projects,PAIMANA,False,False,False
PRH-709753,2025-09,S1,ELIGIBLE,,,2025-11-01,1,2025-10,2026-05-01,6,SRC-2025-09,58,All Ongoing Projects,PAIMANA,SRC-2025-10,58,All Ongoing Projects,PAIMANA,False,False,False
PRH-709760,2025-12,S1,ELIGIBLE,,,2026-04-01,1,2026-03,2026-06-01,2,SRC-2025-12,64,All Ongoing Projects,PAIMANA,SRC-2026-03,74,All Ongoing Projects,PAIMANA,False,False,False
PRH-709760,2026-01,S1,ELIGIBLE,,,2026-04-01,1,2026-03,2026-06-01,2,SRC-2026-01,77,All Ongoing Projects,PAIMANA,SRC-2026-03,74,All Ongoing Projects,PAIMANA,False,False,False
PRH-709760,2026-02,S1,ELIGIBLE,,,2026-04-01,1,2026-03,2026-06-01,2,SRC-2026-02,84,All Ongoing Projects,PAIMANA,SRC-2026-03,74,All Ongoing Projects,PAIMANA,False,False,False
PRH-709771,2025-04,S1,ELIGIBLE,,,2030-03-01,1,2025-07,2031-09-01,18,SRC-2025-04,154,Project List: Ongoing Projects,PAIMANA_V1,SRC-2025-07-P01,51,All Ongoing Projects,PAIMANA,True,True,True
PRH-709771,2025-05,S1,ELIGIBLE,,,2030-03-01,1,2025-07,2031-09-01,18,SRC-2025-05,124,Project List: Ongoing Projects,PAIMANA_V1,SRC-2025-07-P01,51,All Ongoing Projects,PAIMANA,True,True,True
PRH-709771,2025-06,S1,ELIGIBLE,,,2030-03-01,1,2025-07,2031-09-01,18,SRC-2025-06,136,Project List: Ongoing Projects,PAIMANA_V1,SRC-2025-07-P01,51,All Ongoing Projects,PAIMANA,True,True,True
PRH-709772,2025-04,S1,ELIGIBLE,,,2030-03-01,1,2025-07,2031-06-01,15,SRC-2025-04,263,Project List: Ongoing Projects,PAIMANA_V1,SRC-2025-07-P01,53,All Ongoing Projects,PAIMANA,True,True,True
PRH-709772,2025-05,S1,ELIGIBLE,,,2030-03-01,1,2025-07,2031-06-01,15,SRC-2025-05,203,Project List: Ongoing Projects,PAIMANA_V1,SRC-2025-07-P01,53,All Ongoing Projects,PAIMANA,True,True,True
PRH-709772,2025-06,S1,ELIGIBLE,,,2030-03-01,1,2025-07,2031-06-01,15,SRC-2025-06,225,Project List: Ongoing Projects,PAIMANA_V1,SRC-2025-07-P01,53,All Ongoing Projects,PAIMANA,True,True,True
PRH-709777,2025-04,S1,ELIGIBLE,,,2025-04-01,1,2025-07,2026-10-01,18,SRC-2025-04,70,Project List: Ongoing Projects,PAIMANA_V1,SRC-2025-07-P01,50,All Ongoing Projects,PAIMANA,True,False,False
PRH-709777,2025-05,S1,ELIGIBLE,,,2025-04-01,1,2025-07,2026-10-01,18,SRC-2025-05,63,Project List: Ongoing Projects,PAIMANA_V1,SRC-2025-07-P01,50,All Ongoing Projects,PAIMANA,True,False,False
PRH-709777,2025-06,S1,ELIGIBLE,,,2025-04-01,1,2025-07,2026-10-01,18,SRC-2025-06,64,Project List: Ongoing Projects,PAIMANA_V1,SRC-2025-07-P01,50,All Ongoing Projects,PAIMANA,True,False,False
PRH-709778,2025-04,S1,ELIGIBLE,,,2024-09-01,1,2025-07,2026-09-01,24,SRC-2025-04,92,Project List: Ongoing Projects,PAIMANA_V1,SRC-2025-07-P01,50,All Ongoing Projects,PAIMANA,True,True,True
PRH-709778,2025-05,S1,ELIGIBLE,,,2024-09-01,1,2025-07,2026-09-01,24,SRC-2025-05,79,Project List: Ongoing Projects,PAIMANA_V1,SRC-2025-07-P01,50,All Ongoing Projects,PAIMANA,True,True,True
PRH-709778,2025-06,S1,ELIGIBLE,,,2024-09-01,1,2025-07,2026-09-01,24,SRC-2025-06,84,Project List: Ongoing Projects,PAIMANA_V1,SRC-2025-07-P01,50,All Ongoing Projects,PAIMANA,True,True,True
PRH-709779,2025-04,S1,ELIGIBLE,,,2025-10-01,1,2025-07,2026-03-01,5,SRC-2025-04,62,Project List: Ongoing Projects,PAIMANA_V1,SRC-2025-07-P01,50,All Ongoing Projects,PAIMANA,True,True,True
PRH-709779,2025-05,S1,ELIGIBLE,,,2025-10-01,1,2025-07,2026-03-01,5,SRC-2025-05,57,Project List: Ongoing Projects,PAIMANA_V1,SRC-2025-07-P01,50,All Ongoing Projects,PAIMANA,True,True,True
PRH-709779,2025-06,S1,ELIGIBLE,,,2025-10-01,1,2025-07,2026-03-01,5,SRC-2025-06,57,Project List: Ongoing Projects,PAIMANA_V1,SRC-2025-07-P01,50,All Ongoing Projects,PAIMANA,True,True,True
PRH-709779,2025-07,S1,ELIGIBLE,,,2026-03-01,1,2025-09,2027-07-01,16,SRC-2025-07-P01,50,All Ongoing Projects,PAIMANA,SRC-2025-09,55,All Ongoing Projects,PAIMANA,False,False,False
PRH-709779,2025-08,S1,ELIGIBLE,,,2026-03-01,1,2025-09,2027-07-01,16,SRC-2025-08,50,All Ongoing Projects,PAIMANA,SRC-2025-09,55,All Ongoing Projects,PAIMANA,False,False,False
PRH-709782,2025-04,S1,ELIGIBLE,,,2025-08-01,1,2025-07,2026-03-01,7,SRC-2025-04,154,Project List: Ongoing Projects,PAIMANA_V1,SRC-2025-07-P01,51,All Ongoing Projects,PAIMANA,True,False,False
PRH-709782,2025-05,S1,ELIGIBLE,,,2025-08-01,1,2025-07,2026-03-01,7,SRC-2025-05,124,Project List: Ongoing Projects,PAIMANA_V1,SRC-2025-07-P01,51,All Ongoing Projects,PAIMANA,True,False,False
PRH-709782,2025-06,S1,ELIGIBLE,,,2025-08-01,1,2025-07,2026-03-01,7,SRC-2025-06,136,Project List: Ongoing Projects,PAIMANA_V1,SRC-2025-07-P01,51,All Ongoing Projects,PAIMANA,True,False,False
PRH-709785,2025-09,S1,ELIGIBLE,,,2026-02-01,1,2025-12,2027-03-01,13,SRC-2025-09,56,All Ongoing Projects,PAIMANA,SRC-2025-12,64,All Ongoing Projects,PAIMANA,False,False,False
PRH-709785,2025-10,S1,ELIGIBLE,,,2026-02-01,1,2025-12,2027-03-01,13,SRC-2025-10,56,All Ongoing Projects,PAIMANA,SRC-2025-12,64,All Ongoing Projects,PAIMANA,False,False,False
PRH-709785,2025-11,S1,ELIGIBLE,,,2026-02-01,1,2025-12,2027-03-01,13,SRC-2025-11,56,All Ongoing Projects,PAIMANA,SRC-2025-12,64,All Ongoing Projects,PAIMANA,False,False,False
PRH-709797,2026-02,S1,ELIGIBLE,,,2026-05-01,1,2026-05,2026-09-01,4,SRC-2026-02,84,All Ongoing Projects,PAIMANA,SRC-2026-05,74,All Ongoing Projects,PAIMANA,False,False,False
PRH-709797,2026-03,S1,ELIGIBLE,,,2026-05-01,1,2026-05,2026-09-01,4,SRC-2026-03,74,All Ongoing Projects,PAIMANA,SRC-2026-05,74,All Ongoing Projects,PAIMANA,False,False,False
PRH-709800,2025-12,S1,ELIGIBLE,,,2026-03-01,1,2026-03,2026-06-01,3,SRC-2025-12,65,All Ongoing Projects,PAIMANA,SRC-2026-03,75,All Ongoing Projects,PAIMANA,False,False,False
PRH-709800,2026-01,S1,ELIGIBLE,,,2026-03-01,1,2026-03,2026-06-01,3,SRC-2026-01,78,All Ongoing Projects,PAIMANA,SRC-2026-03,75,All Ongoing Projects,PAIMANA,False,False,False
PRH-709800,2026-02,S1,ELIGIBLE,,,2026-03-01,1,2026-03,2026-06-01,3,SRC-2026-02,85,All Ongoing Projects,PAIMANA,SRC-2026-03,75,All Ongoing Projects,PAIMANA,False,False,False
PRH-709815,2025-04,S1,ELIGIBLE,,,2026-12-01,1,2025-07,2027-12-01,12,SRC-2025-04,84,Project List: Ongoing Projects,PAIMANA_V1,SRC-2025-07-P01,55,All Ongoing Projects,PAIMANA,True,True,True
PRH-709815,2025-05,S1,ELIGIBLE,,,2026-12-01,1,2025-07,2027-12-01,12,SRC-2025-05,73,Project List: Ongoing Projects,PAIMANA_V1,SRC-2025-07-P01,55,All Ongoing Projects,PAIMANA,True,True,True
PRH-709815,2025-06,S1,ELIGIBLE,,,2026-12-01,1,2025-07,2027-12-01,12,SRC-2025-06,76,Project List: Ongoing Projects,PAIMANA_V1,SRC-2025-07-P01,55,All Ongoing Projects,PAIMANA,True,True,True
PRH-709816,2025-04,S1,ELIGIBLE,,,2026-09-01,1,2025-07,2027-02-01,5,SRC-2025-04,84,Project List: Ongoing Projects,PAIMANA_V1,SRC-2025-07-P01,55,All Ongoing Projects,PAIMANA,True,True,True
PRH-709816,2025-05,S1,ELIGIBLE,,,2026-09-01,1,2025-07,2027-02-01,5,SRC-2025-05,73,Project List: Ongoing Projects,PAIMANA_V1,SRC-2025-07-P01,55,All Ongoing Projects,PAIMANA,True,True,True
PRH-709816,2025-06,S1,ELIGIBLE,,,2026-09-01,1,2025-07,2027-02-01,5,SRC-2025-06,76,Project List: Ongoing Projects,PAIMANA_V1,SRC-2025-07-P01,55,All Ongoing Projects,PAIMANA,True,True,True
PRH-709817,2025-04,S1,ELIGIBLE,,,2026-09-01,1,2025-07,2026-11-01,2,SRC-2025-04,84,Project List: Ongoing Projects,PAIMANA_V1,SRC-2025-07-P01,55,All Ongoing Projects,PAIMANA,True,True,True
PRH-709817,2025-05,S1,ELIGIBLE,,,2026-09-01,1,2025-07,2026-11-01,2,SRC-2025-05,73,Project List: Ongoing Projects,PAIMANA_V1,SRC-2025-07-P01,55,All Ongoing Projects,PAIMANA,True,True,True
PRH-709817,2025-06,S1,ELIGIBLE,,,2026-09-01,1,2025-07,2026-11-01,2,SRC-2025-06,76,Project List: Ongoing Projects,PAIMANA_V1,SRC-2025-07-P01,55,All Ongoing Projects,PAIMANA,True,True,True
PRH-709818,2025-04,S1,ELIGIBLE,,,2026-09-01,1,2025-07,2027-01-01,4,SRC-2025-04,84,Project List: Ongoing Projects,PAIMANA_V1,SRC-2025-07-P01,55,All Ongoing Projects,PAIMANA,True,True,True
PRH-709818,2025-05,S1,ELIGIBLE,,,2026-09-01,1,2025-07,2027-01-01,4,SRC-2025-05,73,Project List: Ongoing Projects,PAIMANA_V1,SRC-2025-07-P01,55,All Ongoing Projects,PAIMANA,True,True,True
PRH-709818,2025-06,S1,ELIGIBLE,,,2026-09-01,1,2025-07,2027-01-01,4,SRC-2025-06,76,Project List: Ongoing Projects,PAIMANA_V1,SRC-2025-07-P01,55,All Ongoing Projects,PAIMANA,True,True,True
PRH-709819,2025-04,S1,ELIGIBLE,,,2026-09-01,1,2025-07,2026-12-01,3,SRC-2025-04,84,Project List: Ongoing Projects,PAIMANA_V1,SRC-2025-07-P01,55,All Ongoing Projects,PAIMANA,True,True,True
PRH-709819,2025-05,S1,ELIGIBLE,,,2026-09-01,1,2025-07,2026-12-01,3,SRC-2025-05,73,Project List: Ongoing Projects,PAIMANA_V1,SRC-2025-07-P01,55,All Ongoing Projects,PAIMANA,True,True,True
PRH-709819,2025-06,S1,ELIGIBLE,,,2026-09-01,1,2025-07,2026-12-01,3,SRC-2025-06,76,Project List: Ongoing Projects,PAIMANA_V1,SRC-2025-07-P01,55,All Ongoing Projects,PAIMANA,True,True,True
PRH-709826,2025-04,S1,ELIGIBLE,,,2024-08-01,1,2025-07,2026-01-01,17,SRC-2025-04,87,Project List: Ongoing Projects,PAIMANA_V1,SRC-2025-07-P01,62,All Ongoing Projects,PAIMANA,True,True,True
PRH-709826,2025-05,S1,ELIGIBLE,,,2024-08-01,1,2025-07,2026-01-01,17,SRC-2025-05,75,Project List: Ongoing Projects,PAIMANA_V1,SRC-2025-07-P01,62,All Ongoing Projects,PAIMANA,True,True,True
PRH-709826,2025-06,S1,ELIGIBLE,,,2024-08-01,1,2025-07,2026-01-01,17,SRC-2025-06,79,Project List: Ongoing Projects,PAIMANA_V1,SRC-2025-07-P01,62,All Ongoing Projects,PAIMANA,True,True,True
PRH-709826,2025-10,S1,ELIGIBLE,,,2026-01-01,1,2026-01,2027-07-01,18,SRC-2025-10,60,All Ongoing Projects,PAIMANA,SRC-2026-01,81,All Ongoing Projects,PAIMANA,False,False,False
PRH-709826,2025-11,S1,ELIGIBLE,,,2026-01-01,1,2026-01,2027-07-01,18,SRC-2025-11,60,All Ongoing Projects,PAIMANA,SRC-2026-01,81,All Ongoing Projects,PAIMANA,False,False,False
PRH-709826,2025-12,S1,ELIGIBLE,,,2026-01-01,1,2026-01,2027-07-01,18,SRC-2025-12,68,All Ongoing Projects,PAIMANA,SRC-2026-01,81,All Ongoing Projects,PAIMANA,False,False,False
PRH-709827,2025-04,S1,ELIGIBLE,,,2024-11-01,1,2025-07,2025-12-01,13,SRC-2025-04,87,Project List: Ongoing Projects,PAIMANA_V1,SRC-2025-07-P01,62,All Ongoing Projects,PAIMANA,True,True,True
PRH-709827,2025-05,S1,ELIGIBLE,,,2024-11-01,1,2025-07,2025-12-01,13,SRC-2025-05,75,Project List: Ongoing Projects,PAIMANA_V1,SRC-2025-07-P01,62,All Ongoing Projects,PAIMANA,True,True,True
PRH-709827,2025-06,S1,ELIGIBLE,,,2024-11-01,1,2025-07,2025-12-01,13,SRC-2025-06,79,Project List: Ongoing Projects,PAIMANA_V1,SRC-2025-07-P01,62,All Ongoing Projects,PAIMANA,True,True,True
PRH-709827,2025-10,S1,ELIGIBLE,,,2025-12-01,1,2026-01,2026-02-01,2,SRC-2025-10,60,All Ongoing Projects,PAIMANA,SRC-2026-01,81,All Ongoing Projects,PAIMANA,False,False,False
PRH-709827,2025-11,S1,ELIGIBLE,,,2025-12-01,1,2026-01,2026-02-01,2,SRC-2025-11,60,All Ongoing Projects,PAIMANA,SRC-2026-01,81,All Ongoing Projects,PAIMANA,False,False,False
PRH-709838,2025-04,S1,ELIGIBLE,,,2024-11-01,1,2025-07,2025-11-01,12,SRC-2025-04,92,Project List: Ongoing Projects,PAIMANA_V1,SRC-2025-07-P01,50,All Ongoing Projects,PAIMANA,True,False,False
PRH-709838,2025-05,S1,ELIGIBLE,,,2024-11-01,1,2025-07,2025-11-01,12,SRC-2025-05,79,Project List: Ongoing Projects,PAIMANA_V1,SRC-2025-07-P01,50,All Ongoing Projects,PAIMANA,True,False,False
PRH-709838,2025-06,S1,ELIGIBLE,,,2024-11-01,1,2025-07,2025-11-01,12,SRC-2025-06,84,Project List: Ongoing Projects,PAIMANA_V1,SRC-2025-07-P01,50,All Ongoing Projects,PAIMANA,True,False,False
PRH-709839,2025-04,S1,ELIGIBLE,,,2025-10-01,1,2025-07,2026-02-01,4,SRC-2025-04,154,Project List: Ongoing Projects,PAIMANA_V1,SRC-2025-07-P01,52,All Ongoing Projects,PAIMANA,True,False,False
PRH-709839,2025-05,S1,ELIGIBLE,,,2025-10-01,1,2025-07,2026-02-01,4,SRC-2025-05,124,Project List: Ongoing Projects,PAIMANA_V1,SRC-2025-07-P01,52,All Ongoing Projects,PAIMANA,True,False,False
PRH-709839,2025-06,S1,ELIGIBLE,,,2025-10-01,1,2025-07,2026-02-01,4,SRC-2025-06,136,Project List: Ongoing Projects,PAIMANA_V1,SRC-2025-07-P01,52,All Ongoing Projects,PAIMANA,True,False,False
PRH-709840,2025-04,S1,ELIGIBLE,,,2025-02-01,1,2025-07,2025-12-01,10,SRC-2025-04,92,Project List: Ongoing Projects,PAIMANA_V1,SRC-2025-07-P01,50,All Ongoing Projects,PAIMANA,True,False,False
PRH-709840,2025-05,S1,ELIGIBLE,,,2025-02-01,1,2025-07,2025-12-01,10,SRC-2025-05,79,Project List: Ongoing Projects,PAIMANA_V1,SRC-2025-07-P01,50,All Ongoing Projects,PAIMANA,True,False,False
PRH-709840,2025-06,S1,ELIGIBLE,,,2025-02-01,1,2025-07,2025-12-01,10,SRC-2025-06,84,Project List: Ongoing Projects,PAIMANA_V1,SRC-2025-07-P01,50,All Ongoing Projects,PAIMANA,True,False,False
PRH-709841,2025-04,S1,ELIGIBLE,,,2025-07-01,1,2025-07,2026-03-01,8,SRC-2025-04,93,Project List: Ongoing Projects,PAIMANA_V1,SRC-2025-07-P01,50,All Ongoing Projects,PAIMANA,True,False,False
PRH-709841,2025-05,S1,ELIGIBLE,,,2025-07-01,1,2025-07,2026-03-01,8,SRC-2025-05,80,Project List: Ongoing Projects,PAIMANA_V1,SRC-2025-07-P01,50,All Ongoing Projects,PAIMANA,True,False,False
PRH-709841,2025-06,S1,ELIGIBLE,,,2025-07-01,1,2025-07,2026-03-01,8,SRC-2025-06,84,Project List: Ongoing Projects,PAIMANA_V1,SRC-2025-07-P01,50,All Ongoing Projects,PAIMANA,True,False,False
PRH-709847,2025-12,S1,ELIGIBLE,,,2026-04-01,1,2026-03,2027-04-01,12,SRC-2025-12,63,All Ongoing Projects,PAIMANA,SRC-2026-03,72,All Ongoing Projects,PAIMANA,False,False,False
PRH-709847,2026-01,S1,ELIGIBLE,,,2026-04-01,1,2026-03,2027-04-01,12,SRC-2026-01,76,All Ongoing Projects,PAIMANA,SRC-2026-03,72,All Ongoing Projects,PAIMANA,False,False,False
PRH-709847,2026-02,S1,ELIGIBLE,,,2026-04-01,1,2026-03,2027-04-01,12,SRC-2026-02,82,All Ongoing Projects,PAIMANA,SRC-2026-03,72,All Ongoing Projects,PAIMANA,False,False,False
PRH-709848,2026-02,S1,ELIGIBLE,,,2026-05-01,1,2026-05,2026-12-01,7,SRC-2026-02,85,All Ongoing Projects,PAIMANA,SRC-2026-05,74,All Ongoing Projects,PAIMANA,False,False,False
PRH-709848,2026-03,S1,ELIGIBLE,,,2026-05-01,1,2026-05,2026-12-01,7,SRC-2026-03,75,All Ongoing Projects,PAIMANA,SRC-2026-05,74,All Ongoing Projects,PAIMANA,False,False,False
PRH-709849,2025-08,S1,ELIGIBLE,,,2026-02-01,1,2025-11,2026-05-01,3,SRC-2025-08,52,All Ongoing Projects,PAIMANA,SRC-2025-11,58,All Ongoing Projects,PAIMANA,False,False,False
PRH-709849,2025-09,S1,ELIGIBLE,,,2026-02-01,1,2025-11,2026-05-01,3,SRC-2025-09,58,All Ongoing Projects,PAIMANA,SRC-2025-11,58,All Ongoing Projects,PAIMANA,False,False,False
PRH-709849,2025-10,S1,ELIGIBLE,,,2026-02-01,1,2025-11,2026-05-01,3,SRC-2025-10,58,All Ongoing Projects,PAIMANA,SRC-2025-11,58,All Ongoing Projects,PAIMANA,False,False,False
PRH-709850,2025-12,S1,ELIGIBLE,,,2026-05-01,1,2026-03,2026-09-01,4,SRC-2025-12,63,All Ongoing Projects,PAIMANA,SRC-2026-03,72,All Ongoing Projects,PAIMANA,False,False,False
PRH-709850,2026-01,S1,ELIGIBLE,,,2026-05-01,1,2026-03,2026-09-01,4,SRC-2026-01,76,All Ongoing Projects,PAIMANA,SRC-2026-03,72,All Ongoing Projects,PAIMANA,False,False,False
PRH-709850,2026-02,S1,ELIGIBLE,,,2026-05-01,1,2026-03,2026-09-01,4,SRC-2026-02,82,All Ongoing Projects,PAIMANA,SRC-2026-03,72,All Ongoing Projects,PAIMANA,False,False,False
PRH-709857,2025-04,S1,ELIGIBLE,,,2025-06-01,1,2025-07,2026-03-01,9,SRC-2025-04,187,Project List: Ongoing Projects,PAIMANA_V1,SRC-2025-07-P01,64,All Ongoing Projects,PAIMANA,True,False,False
PRH-709857,2025-05,S1,ELIGIBLE,,,2025-06-01,1,2025-07,2026-03-01,9,SRC-2025-05,147,Project List: Ongoing Projects,PAIMANA_V1,SRC-2025-07-P01,64,All Ongoing Projects,PAIMANA,True,False,False
PRH-709857,2025-06,S1,ELIGIBLE,,,2025-06-01,1,2025-07,2026-03-01,9,SRC-2025-06,162,Project List: Ongoing Projects,PAIMANA_V1,SRC-2025-07-P01,64,All Ongoing Projects,PAIMANA,True,False,False
PRH-709859,2025-04,S1,ELIGIBLE,,,2018-03-01,1,2025-07,2025-10-01,91,SRC-2025-04,89,Project List: Ongoing Projects,PAIMANA_V1,SRC-2025-07-P01,63,All Ongoing Projects,PAIMANA,True,True,True
PRH-709859,2025-05,S1,ELIGIBLE,,,2018-03-01,1,2025-07,2025-10-01,91,SRC-2025-05,77,Project List: Ongoing Projects,PAIMANA_V1,SRC-2025-07-P01,63,All Ongoing Projects,PAIMANA,True,True,True
PRH-709859,2025-06,S1,ELIGIBLE,,,2018-03-01,1,2025-07,2025-10-01,91,SRC-2025-06,81,Project List: Ongoing Projects,PAIMANA_V1,SRC-2025-07-P01,63,All Ongoing Projects,PAIMANA,True,True,True
PRH-709864,2025-04,S1,ELIGIBLE,,,2025-03-01,1,2025-07,2025-10-01,7,SRC-2025-04,62,Project List: Ongoing Projects,PAIMANA_V1,SRC-2025-07-P01,50,All Ongoing Projects,PAIMANA,True,True,True
PRH-709864,2025-05,S1,ELIGIBLE,,,2025-03-01,1,2025-07,2025-10-01,7,SRC-2025-05,57,Project List: Ongoing Projects,PAIMANA_V1,SRC-2025-07-P01,50,All Ongoing Projects,PAIMANA,True,True,True
PRH-709864,2025-06,S1,ELIGIBLE,,,2025-03-01,1,2025-07,2025-10-01,7,SRC-2025-06,57,Project List: Ongoing Projects,PAIMANA_V1,SRC-2025-07-P01,50,All Ongoing Projects,PAIMANA,True,True,True
PRH-709865,2025-04,S1,ELIGIBLE,,,2025-07-01,1,2025-07,2025-10-01,3,SRC-2025-04,62,Project List: Ongoing Projects,PAIMANA_V1,SRC-2025-07-P01,50,All Ongoing Projects,PAIMANA,True,True,True
PRH-709865,2025-05,S1,ELIGIBLE,,,2025-07-01,1,2025-07,2025-10-01,3,SRC-2025-05,57,Project List: Ongoing Projects,PAIMANA_V1,SRC-2025-07-P01,50,All Ongoing Projects,PAIMANA,True,True,True
PRH-709865,2025-06,S1,ELIGIBLE,,,2025-07-01,1,2025-07,2025-10-01,3,SRC-2025-06,57,Project List: Ongoing Projects,PAIMANA_V1,SRC-2025-07-P01,50,All Ongoing Projects,PAIMANA,True,True,True
PRH-900808,2025-04,S1,ELIGIBLE,,,2024-11-01,1,2025-07,2025-12-01,13,SRC-2025-04,184,Project List: Ongoing Projects,PAIMANA_V1,SRC-2025-07-P01,44,All Ongoing Projects,PAIMANA,True,False,False
PRH-900808,2025-05,S1,ELIGIBLE,,,2024-11-01,1,2025-07,2025-12-01,13,SRC-2025-05,145,Project List: Ongoing Projects,PAIMANA_V1,SRC-2025-07-P01,44,All Ongoing Projects,PAIMANA,True,False,False
PRH-900808,2025-06,S1,ELIGIBLE,,,2024-11-01,1,2025-07,2025-12-01,13,SRC-2025-06,159,Project List: Ongoing Projects,PAIMANA_V1,SRC-2025-07-P01,44,All Ongoing Projects,PAIMANA,True,False,False
PRH-N06000138,2023-08,S1,ELIGIBLE,,,2015-06-01,1,2023-11,2027-09-01,147,SRC-2023-08,122,Detail of ongoing Projects Costing Rs 150 Crore and above,OCMS,SRC-2023-11,421,Detail of ongoing Projects Costing Rs 150 Crore and above,OCMS,False,False,True
PRH-N16000403,2023-08,S1,ELIGIBLE,,,2023-09-01,1,2023-09,2024-12-01,15,SRC-2023-08,135,Detail of ongoing Projects Costing Rs 150 Crore and above,OCMS,SRC-2023-09,105,Detail of ongoing Projects Costing Rs 150 Crore and above,OCMS,False,False,False
PRH-N16000427,2023-08,S1,ELIGIBLE,,,2028-02-01,1,2023-11,2029-08-01,18,SRC-2023-08,137,Detail of ongoing Projects Costing Rs 150 Crore and above,OCMS,SRC-2023-11,433,Detail of ongoing Projects Costing Rs 150 Crore and above,OCMS,False,False,False
PRH-N16000433,2023-08,S1,ELIGIBLE,,,2023-02-01,1,2023-11,2024-06-01,16,SRC-2023-08,138,Detail of ongoing Projects Costing Rs 150 Crore and above,OCMS,SRC-2023-11,437,Detail of ongoing Projects Costing Rs 150 Crore and above,OCMS,False,False,False
PRH-N16000469,2023-08,S1,ELIGIBLE,,,2023-06-01,1,2023-11,2023-12-01,6,SRC-2023-08,139,Detail of ongoing Projects Costing Rs 150 Crore and above,OCMS,SRC-2023-11,438,Detail of ongoing Projects Costing Rs 150 Crore and above,OCMS,False,False,False
PRH-N22000123,2023-08,S1,ELIGIBLE,,,2012-03-01,1,2023-11,2024-03-01,144,SRC-2023-08,159,Detail of ongoing Projects Costing Rs 150 Crore and above,OCMS,SRC-2023-11,457,Detail of ongoing Projects Costing Rs 150 Crore and above,OCMS,False,False,True
PRH-N22000493,2023-08,S1,ELIGIBLE,,,2020-06-01,1,2023-09,2023-12-01,42,SRC-2023-08,160,Detail of ongoing Projects Costing Rs 150 Crore and above,OCMS,SRC-2023-09,130,Detail of ongoing Projects Costing Rs 150 Crore and above,OCMS,False,False,False
PRH-N24000683,2023-08,S1,ELIGIBLE,,,2023-11-01,1,2023-11,2024-03-01,4,SRC-2023-08,191,Detail of ongoing Projects Costing Rs 150 Crore and above,OCMS,SRC-2023-11,492,Detail of ongoing Projects Costing Rs 150 Crore and above,OCMS,False,False,False
PRH-N24000711,2023-08,S1,ELIGIBLE,,,2020-12-01,1,2023-09,2024-03-01,39,SRC-2023-08,207,Detail of ongoing Projects Costing Rs 150 Crore and above,OCMS,SRC-2023-09,176,Detail of ongoing Projects Costing Rs 150 Crore and above,OCMS,False,False,False
PRH-N24000725,2023-08,S1,ELIGIBLE,,,2021-11-01,1,2023-09,2022-08-01,9,SRC-2023-08,231,Detail of ongoing Projects Costing Rs 150 Crore and above,OCMS,SRC-2023-09,201,Detail of ongoing Projects Costing Rs 150 Crore and above,OCMS,False,False,False
PRH-N24000828,2023-08,S1,ELIGIBLE,,,2023-09-01,1,2023-11,2023-12-01,3,SRC-2023-08,206,Detail of ongoing Projects Costing Rs 150 Crore and above,OCMS,SRC-2023-11,508,Detail of ongoing Projects Costing Rs 150 Crore and above,OCMS,False,False,False
PRH-N24001254,2023-08,S1,ELIGIBLE,,,2022-06-01,1,2023-09,2023-07-01,13,SRC-2023-08,188,Detail of ongoing Projects Costing Rs 150 Crore and above,OCMS,SRC-2023-09,158,Detail of ongoing Projects Costing Rs 150 Crore and above,OCMS,False,False,False
PRH-N24001316,2023-08,S1,ELIGIBLE,,,2023-04-01,1,2023-10,2024-02-01,10,SRC-2023-08,187,Detail of ongoing Projects Costing Rs 150 Crore and above,OCMS,SRC-2023-10,163,Detail of ongoing Projects Costing Rs 150 Crore and above,OCMS,False,False,False
PRH-N24001321,2023-08,S1,ELIGIBLE,,,2023-03-01,1,2023-10,2024-03-01,12,SRC-2023-08,189,Detail of ongoing Projects Costing Rs 150 Crore and above,OCMS,SRC-2023-10,166,Detail of ongoing Projects Costing Rs 150 Crore and above,OCMS,False,False,False
PRH-N24001339,2023-08,S1,ELIGIBLE,,,2022-04-01,1,2023-09,2024-01-01,21,SRC-2023-08,195,Detail of ongoing Projects Costing Rs 150 Crore and above,OCMS,SRC-2023-09,166,Detail of ongoing Projects Costing Rs 150 Crore and above,OCMS,False,False,False
PRH-N24001360,2023-08,S1,ELIGIBLE,,,2022-12-01,1,2023-09,2023-11-01,11,SRC-2023-08,189,Detail of ongoing Projects Costing Rs 150 Crore and above,OCMS,SRC-2023-09,159,Detail of ongoing Projects Costing Rs 150 Crore and above,OCMS,False,False,False
PRH-N24001428,2023-08,S1,ELIGIBLE,,,2021-11-01,1,2023-11,2024-03-01,28,SRC-2023-08,226,Detail of ongoing Projects Costing Rs 150 Crore and above,OCMS,SRC-2023-11,530,Detail of ongoing Projects Costing Rs 150 Crore and above,OCMS,False,False,False
PRH-N24001430,2023-08,S1,ELIGIBLE,,,2022-01-01,1,2023-11,2024-03-01,26,SRC-2023-08,219,Detail of ongoing Projects Costing Rs 150 Crore and above,OCMS,SRC-2023-11,522,Detail of ongoing Projects Costing Rs 150 Crore and above,OCMS,False,False,False
PRH-N24001488,2023-08,S1,ELIGIBLE,,,2023-09-01,1,2023-09,2024-02-01,5,SRC-2023-08,207,Detail of ongoing Projects Costing Rs 150 Crore and above,OCMS,SRC-2023-09,176,Detail of ongoing Projects Costing Rs 150 Crore and above,OCMS,False,False,False
PRH-N24001532,2023-08,S1,ELIGIBLE,,,2023-11-01,1,2023-11,2024-01-01,2,SRC-2023-08,229,Detail of ongoing Projects Costing Rs 150 Crore and above,OCMS,SRC-2023-11,533,Detail of ongoing Projects Costing Rs 150 Crore and above,OCMS,False,False,False
PRH-N24001561,2023-08,S1,ELIGIBLE,,,2023-10-01,1,2023-09,2024-02-01,4,SRC-2023-08,208,Detail of ongoing Projects Costing Rs 150 Crore and above,OCMS,SRC-2023-09,177,Detail of ongoing Projects Costing Rs 150 Crore and above,OCMS,False,False,False
PRH-N24001571,2023-08,S1,ELIGIBLE,,,2023-12-01,1,2023-09,2024-02-01,2,SRC-2023-08,214,Detail of ongoing Projects Costing Rs 150 Crore and above,OCMS,SRC-2023-09,184,Detail of ongoing Projects Costing Rs 150 Crore and above,OCMS,False,False,False
PRH-N24001603,2023-08,S1,ELIGIBLE,,,2022-10-01,1,2023-11,2024-01-01,15,SRC-2023-08,222,Detail of ongoing Projects Costing Rs 150 Crore and above,OCMS,SRC-2023-11,524,Detail of ongoing Projects Costing Rs 150 Crore and above,OCMS,False,False,False
PRH-N24001623,2023-08,S1,ELIGIBLE,,,2024-01-01,1,2023-11,2024-07-01,6,SRC-2023-08,198,Detail of ongoing Projects Costing Rs 150 Crore and above,OCMS,SRC-2023-11,525,Detail of ongoing Projects Costing Rs 150 Crore and above,OCMS,False,False,False
PRH-N24001650,2023-08,S1,ELIGIBLE,,,2025-01-01,1,2023-11,2025-11-01,10,SRC-2023-08,221,Detail of ongoing Projects Costing Rs 150 Crore and above,OCMS,SRC-2023-11,524,Detail of ongoing Projects Costing Rs 150 Crore and above,OCMS,False,False,False
PRH-N24001683,2023-08,S1,ELIGIBLE,,,2023-04-01,1,2023-10,2024-03-01,11,SRC-2023-08,204,Detail of ongoing Projects Costing Rs 150 Crore and above,OCMS,SRC-2023-10,182,Detail of ongoing Projects Costing Rs 150 Crore and above,OCMS,False,False,False
PRH-N24001688,2023-08,S1,ELIGIBLE,,,2023-09-01,1,2023-11,2024-03-01,6,SRC-2023-08,209,Detail of ongoing Projects Costing Rs 150 Crore and above,OCMS,SRC-2023-11,511,Detail of ongoing Projects Costing Rs 150 Crore and above,OCMS,False,False,False
PRH-N24001689,2023-08,S1,ELIGIBLE,,,2023-09-01,1,2023-11,2024-03-01,6,SRC-2023-08,227,Detail of ongoing Projects Costing Rs 150 Crore and above,OCMS,SRC-2023-11,531,Detail of ongoing Projects Costing Rs 150 Crore and above,OCMS,False,False,False
PRH-N24001695,2023-08,S1,ELIGIBLE,,,2022-02-01,1,2023-11,2023-07-01,17,SRC-2023-08,200,Detail of ongoing Projects Costing Rs 150 Crore and above,OCMS,SRC-2023-11,531,Detail of ongoing Projects Costing Rs 150 Crore and above,OCMS,False,False,False
PRH-N24001769,2023-08,S1,ELIGIBLE,,,2023-08-01,1,2023-10,2023-11-01,3,SRC-2023-08,217,Detail of ongoing Projects Costing Rs 150 Crore and above,OCMS,SRC-2023-10,189,Detail of ongoing Projects Costing Rs 150 Crore and above,OCMS,False,False,False
PRH-N24001787,2023-08,S1,ELIGIBLE,,,2023-10-01,1,2023-11,2023-12-01,2,SRC-2023-08,209,Detail of ongoing Projects Costing Rs 150 Crore and above,OCMS,SRC-2023-11,512,Detail of ongoing Projects Costing Rs 150 Crore and above,OCMS,False,False,False
PRH-N24001791,2023-08,S1,ELIGIBLE,,,2023-06-01,1,2023-11,2023-12-01,6,SRC-2023-08,197,Detail of ongoing Projects Costing Rs 150 Crore and above,OCMS,SRC-2023-11,509,Detail of ongoing Projects Costing Rs 150 Crore and above,OCMS,False,False,False
PRH-N24001805,2023-08,S1,ELIGIBLE,,,2021-03-01,1,2023-09,2023-06-01,27,SRC-2023-08,229,Detail of ongoing Projects Costing Rs 150 Crore and above,OCMS,SRC-2023-09,199,Detail of ongoing Projects Costing Rs 150 Crore and above,OCMS,False,False,False
PRH-N24001806,2023-08,S1,ELIGIBLE,,,2023-03-01,1,2023-09,2023-06-01,3,SRC-2023-08,226,Detail of ongoing Projects Costing Rs 150 Crore and above,OCMS,SRC-2023-09,196,Detail of ongoing Projects Costing Rs 150 Crore and above,OCMS,False,False,False
PRH-N28000127,2023-08,S1,ELIGIBLE,,,2021-06-01,1,2023-09,2023-12-01,30,SRC-2023-08,129,Detail of ongoing Projects Costing Rs 150 Crore and above,OCMS,SRC-2023-09,100,Detail of ongoing Projects Costing Rs 150 Crore and above,OCMS,False,False,False
PRH-N28000139,2023-08,S1,ELIGIBLE,,,2020-09-01,1,2023-09,2023-10-01,37,SRC-2023-08,129,Detail of ongoing Projects Costing Rs 150 Crore and above,OCMS,SRC-2023-09,100,Detail of ongoing Projects Costing Rs 150 Crore and above,OCMS,False,False,False
PRH-N30000034,2023-08,S1,ELIGIBLE,,,2022-09-01,1,2023-10,2023-01-01,4,SRC-2023-08,236,Detail of ongoing Projects Costing Rs 150 Crore and above,OCMS,SRC-2023-10,213,Detail of ongoing Projects Costing Rs 150 Crore and above,OCMS,False,False,False
