observation_id,reporting_month,serial_number_raw,project_name_raw,agency_raw,project_code_raw,legacy_ocms_code_raw,pmgid_raw,state_raw,approval_date_raw,start_date_raw,original_target_doc_raw,revised_doc_raw,original_cost_raw,revised_cost_raw,cumulative_expenditure_raw,physical_progress_raw,project_identity_cell_raw,approval_start_cell_raw,doc_cell_raw,cost_cell_raw,source_id,source_sha256,pdf_page_index,printed_page_number,source_table,source_table_number,extraction_method,extractor_version,raw_row_locator
OBS-202512-00001,2025-12,1,"Construction of New Domestic Terminal Building Building and miscellaneous works
including maintenance, operations and AICMC at Kadapa Airport",Airport Authority of India [AAI],612786,-,-,Andhra Pradesh,03/2023,01/2024,01/2026,03/2026,265.91,265.91,88.87,46,"Construction of New Domestic Terminal Building Building and miscellaneous works
including maintenance, operations and AICMC at Kadapa Airport
(Airport Authority of India [AAI])
(612786)","03/2023
(01/2024)","01/2026
(03/2026)","265.91
(265.91)",SRC-2025-12,07f56e5457c63192ae7b5b4036f975f7eb058a3364a25a87cdc6ce2369082401,50,49,All Ongoing Projects,6,pdfplumber_table,twelve_month_gate2:0.1.0,"pdf_page_index=50,table_index=logical8,row_index=3"
OBS-202512-00002,2025-12,2,"Construction of New Integrated Terminal Building and associated works including
apron to park 3 code E type of aircraft or 6 code C type of aircraft at Vijayawada
Airport.",Airport Authority of India [AAI],701107,-,-,Andhra Pradesh,06/2020,09/2020,09/2022,03/2026,611.8,611.8,523.14,87,"Construction of New Integrated Terminal Building and associated works including
apron to park 3 code E type of aircraft or 6 code C type of aircraft at Vijayawada
Airport.
(Airport Authority of India [AAI])
(701107)","06/2020
(09/2020)","09/2022
(03/2026)","611.8
(611.8)",SRC-2025-12,07f56e5457c63192ae7b5b4036f975f7eb058a3364a25a87cdc6ce2369082401,50,49,All Ongoing Projects,6,pdfplumber_table,twelve_month_gate2:0.1.0,"pdf_page_index=50,table_index=logical8,row_index=4"
OBS-202512-00003,2025-12,3,Construction of New Domestic Terminal Building at Rajahmundry Airport.,Airport Authority of India [AAI],701121,-,-,Andhra Pradesh,12/2022,08/2023,08/2025,03/2026,347.15,347.15,129.31,68,"Construction of New Domestic Terminal Building at Rajahmundry Airport.
(Airport Authority of India [AAI])
(701121)","12/2022
(08/2023)","08/2025
(03/2026)","347.15
(347.15)",SRC-2025-12,07f56e5457c63192ae7b5b4036f975f7eb058a3364a25a87cdc6ce2369082401,50,49,All Ongoing Projects,6,pdfplumber_table,twelve_month_gate2:0.1.0,"pdf_page_index=50,table_index=logical8,row_index=5"
OBS-202512-00004,2025-12,4,Guwahati Airport New Integrated Terminal Building Construction Project,Adani Airport Holdings Limited,706724,-,-,Assam,12/2016,03/2018,03/2025,03/2026,1712,2520,2514.59,96,"Guwahati Airport New Integrated Terminal Building Construction Project
(Adani Airport Holdings Limited)
(706724)","12/2016
(03/2018)","03/2025
(03/2026)","1712
(2520)",SRC-2025-12,07f56e5457c63192ae7b5b4036f975f7eb058a3364a25a87cdc6ce2369082401,50,49,All Ongoing Projects,6,pdfplumber_table,twelve_month_gate2:0.1.0,"pdf_page_index=50,table_index=logical8,row_index=6"
OBS-202512-00005,2025-12,5,Development of New Civil Enclave at Bihta,Airport Authority of India [AAI],612183,-,-,Bihar,08/2024,03/2025,03/2027,-,1413,1413,0,1,"Development of New Civil Enclave at Bihta
(Airport Authority of India [AAI])
(612183)","08/2024
(03/2025)","03/2027
(-)","1413
(1413)",SRC-2025-12,07f56e5457c63192ae7b5b4036f975f7eb058a3364a25a87cdc6ce2369082401,50,49,All Ongoing Projects,6,pdfplumber_table,twelve_month_gate2:0.1.0,"pdf_page_index=50,table_index=logical8,row_index=7"
OBS-202512-00006,2025-12,6,Development of New Civil Enclave and associated works at Darbhanga Airport,Airport Authority of India [AAI],612194,-,-,Bihar,07/2024,07/2024,07/2026,-,911.66,911.66,258.93,48,"Development of New Civil Enclave and associated works at Darbhanga Airport
(Airport Authority of India [AAI])
(612194)","07/2024
(07/2024)","07/2026
(-)","911.66
(911.66)",SRC-2025-12,07f56e5457c63192ae7b5b4036f975f7eb058a3364a25a87cdc6ce2369082401,50,49,All Ongoing Projects,6,pdfplumber_table,twelve_month_gate2:0.1.0,"pdf_page_index=50,table_index=logical8,row_index=8"
OBS-202512-00007,2025-12,7,"Construction of New Domestic Terminal Building [Phase-I and II] and other allied
structures at JPNI Airport, Patna",Airport Authority of India [AAI],701101,-,-,Bihar,12/2018,10/2018,07/2023,05/2026,1216.9,1216.9,1166.71,97,"Construction of New Domestic Terminal Building [Phase-I and II] and other allied
structures at JPNI Airport, Patna
(Airport Authority of India [AAI])
(701101)","12/2018
(10/2018)","07/2023
(05/2026)","1216.9
(1216.9)",SRC-2025-12,07f56e5457c63192ae7b5b4036f975f7eb058a3364a25a87cdc6ce2369082401,50,49,All Ongoing Projects,6,pdfplumber_table,twelve_month_gate2:0.1.0,"pdf_page_index=50,table_index=logical8,row_index=9"
OBS-202512-00008,2025-12,8,Goa Airport Terminal Building Extension Project,Airport Authority of India [AAI],701105,-,-,Goa,11/2017,12/2019,12/2021,01/2026,255.69,255.69,154.3,98,"Goa Airport Terminal Building Extension Project
(Airport Authority of India [AAI])
(701105)","11/2017
(12/2019)","12/2021
(01/2026)","255.69
(255.69)",SRC-2025-12,07f56e5457c63192ae7b5b4036f975f7eb058a3364a25a87cdc6ce2369082401,50,49,All Ongoing Projects,6,pdfplumber_table,twelve_month_gate2:0.1.0,"pdf_page_index=50,table_index=logical8,row_index=10"
OBS-202512-00009,2025-12,9,"Development of Dholera International Greenfield Airport , Gujarat",Airport Authority of India [AAI],701126,-,-,Gujarat,06/2022,07/2022,06/2026,06/2026,1305,1551,739.77,72,"Development of Dholera International Greenfield Airport , Gujarat
(Airport Authority of India [AAI])
(701126)","06/2022
(07/2022)","06/2026
(06/2026)","1305
(1551)",SRC-2025-12,07f56e5457c63192ae7b5b4036f975f7eb058a3364a25a87cdc6ce2369082401,50,49,All Ongoing Projects,6,pdfplumber_table,twelve_month_gate2:0.1.0,"pdf_page_index=50,table_index=logical8,row_index=11"
OBS-202512-00010,2025-12,10,"Construction of NTB complex including apron, taxi track and other associated civil
works and electrical & mechanical installations towards Tawi River side at CA Jammu.",Airport Authority of India [AAI],611047,-,-,"Jammu and
Kashmir",07/2022,07/2023,06/2026,06/2026,861.37,861.37,248.88,42,"Construction of NTB complex including apron, taxi track and other associated civil
works and electrical & mechanical installations towards Tawi River side at CA Jammu.
(Airport Authority of India [AAI])
(611047)","07/2022
(07/2023)","06/2026
(06/2026)","861.37
(861.37)",SRC-2025-12,07f56e5457c63192ae7b5b4036f975f7eb058a3364a25a87cdc6ce2369082401,50,49,All Ongoing Projects,6,pdfplumber_table,twelve_month_gate2:0.1.0,"pdf_page_index=50,table_index=logical8,row_index=12"
OBS-202512-00011,2025-12,11,"Construction of New Domestic Terminal Building and Miscellaneous works at Hubli
Airport",Airport Authority of India [AAI],612787,-,-,Karnataka,06/2023,01/2024,01/2026,03/2026,320.47,320.47,99.39,59,"Construction of New Domestic Terminal Building and Miscellaneous works at Hubli
Airport
(Airport Authority of India [AAI])
(612787)","06/2023
(01/2024)","01/2026
(03/2026)","320.47
(320.47)",SRC-2025-12,07f56e5457c63192ae7b5b4036f975f7eb058a3364a25a87cdc6ce2369082401,50,49,All Ongoing Projects,6,pdfplumber_table,twelve_month_gate2:0.1.0,"pdf_page_index=50,table_index=logical8,row_index=13"
OBS-202512-00012,2025-12,12,"Construction of New Domestic Terminal Building and Miscellaneous Works at
Belagavi Airport.",Airport Authority of India [AAI],612788,-,-,Karnataka,06/2023,02/2024,01/2026,04/2026,322.45,322.45,152.09,67,"Construction of New Domestic Terminal Building and Miscellaneous Works at
Belagavi Airport.
(Airport Authority of India [AAI])
(612788)","06/2023
(02/2024)","01/2026
(04/2026)","322.45
(322.45)",SRC-2025-12,07f56e5457c63192ae7b5b4036f975f7eb058a3364a25a87cdc6ce2369082401,50,49,All Ongoing Projects,6,pdfplumber_table,twelve_month_gate2:0.1.0,"pdf_page_index=50,table_index=logical8,row_index=14"
OBS-202512-00013,2025-12,13,"Development of additional RESA on either end on Runway 10-28 at Calicut Airport.
Construction of embankment with slope protection, drainage system and associated
works for additional RESA on either end on Runway 10-28",Airport Authority of India [AAI],612789,-,-,Kerala,06/2023,02/2024,09/2025,06/2026,484.57,484.57,116.14,31,"Development of additional RESA on either end on Runway 10-28 at Calicut Airport.
Construction of embankment with slope protection, drainage system and associated
works for additional RESA on either end on Runway 10-28
(Airport Authority of India [AAI])
(612789)","06/2023
(02/2024)","09/2025
(06/2026)","484.57
(484.57)",SRC-2025-12,07f56e5457c63192ae7b5b4036f975f7eb058a3364a25a87cdc6ce2369082401,50,49,All Ongoing Projects,6,pdfplumber_table,twelve_month_gate2:0.1.0,"pdf_page_index=50,table_index=logical8,row_index=15"
OBS-202512-00014,2025-12,14,"Construction of Terminal Building & Associated works at Leh Airport, Ladakh",Airport Authority of India [AAI],400010,-,-,Ladakh,07/2018,09/2018,09/2021,07/2026,480,640,484.6,78,"Construction of Terminal Building & Associated works at Leh Airport, Ladakh
(Airport Authority of India [AAI])
(400010)","07/2018
(09/2018)","09/2021
(07/2026)","480
(640)",SRC-2025-12,07f56e5457c63192ae7b5b4036f975f7eb058a3364a25a87cdc6ce2369082401,50,49,All Ongoing Projects,6,pdfplumber_table,twelve_month_gate2:0.1.0,"pdf_page_index=50,table_index=logical8,row_index=16"
OBS-202512-00015,2025-12,15,C/o NITB Imphal Airport,Airport Authority of India [AAI],706718,-,-,Manipur,11/2021,07/2022,07/2024,12/2026,499,499,160.06,42,"C/o NITB Imphal Airport
(Airport Authority of India [AAI])
(706718)","11/2021
(07/2022)","07/2024
(12/2026)","499
(499)",SRC-2025-12,07f56e5457c63192ae7b5b4036f975f7eb058a3364a25a87cdc6ce2369082401,50,49,All Ongoing Projects,6,pdfplumber_table,twelve_month_gate2:0.1.0,"pdf_page_index=50,table_index=logical8,row_index=17"
OBS-202512-00016,2025-12,16,"SITC of ATM Automation System and ASMGCS [Including SMR & MLAT] for Mumbai,
Navi Mumbai, Jewar [earlier MOPA, without ASMGCS], HIAL & BIAL",Airport Authority of India [AAI],611570,-,-,"Multi-States
(Karnataka,
Maharashtra,
Telangana, Uttar
Pradesh)",12/2020,10/2022,09/2025,08/2026,500.48,500.48,348.09,76,"SITC of ATM Automation System and ASMGCS [Including SMR & MLAT] for Mumbai,
Navi Mumbai, Jewar [earlier MOPA, without ASMGCS], HIAL & BIAL
(Airport Authority of India [AAI])
(611570)","12/2020
(10/2022)","09/2025
(08/2026)","500.48
(500.48)",SRC-2025-12,07f56e5457c63192ae7b5b4036f975f7eb058a3364a25a87cdc6ce2369082401,50,49,All Ongoing Projects,6,pdfplumber_table,twelve_month_gate2:0.1.0,"pdf_page_index=50,table_index=logical8,row_index=18"
OBS-202512-00017,2025-12,17,"Development of New Greenfield Airport at Bundi, Kota Rajasthan.",Airport Authority of India [AAI],618977,-,-,Rajasthan,08/2025,10/2025,10/2027,-,1507,1507,10.05,1,"Development of New Greenfield Airport at Bundi, Kota Rajasthan.
(Airport Authority of India [AAI])
(618977)","08/2025
(10/2025)","10/2027
(-)","1507
(1507)",SRC-2025-12,07f56e5457c63192ae7b5b4036f975f7eb058a3364a25a87cdc6ce2369082401,50,49,All Ongoing Projects,6,pdfplumber_table,twelve_month_gate2:0.1.0,"pdf_page_index=50,table_index=logical8,row_index=19"
OBS-202512-00018,2025-12,18,"Construction of New Passenger Terminal Building for Domestic Operations at Jodhpur
Airport.",Airport Authority of India [AAI],701127,-,-,Rajasthan,05/2022,04/2023,11/2024,01/2026,480,480,330.65,93,"Construction of New Passenger Terminal Building for Domestic Operations at Jodhpur
Airport.
(Airport Authority of India [AAI])
(701127)","05/2022
(04/2023)","11/2024
(01/2026)","480
(480)",SRC-2025-12,07f56e5457c63192ae7b5b4036f975f7eb058a3364a25a87cdc6ce2369082401,50,49,All Ongoing Projects,6,pdfplumber_table,twelve_month_gate2:0.1.0,"pdf_page_index=50,table_index=logical8,row_index=20"
OBS-202512-00019,2025-12,19,Construction of New Integrated Passenger Terminal Building at Udaipur Airport,Airport Authority of India [AAI],701128,-,-,Rajasthan,06/2023,11/2023,03/2026,09/2026,887,887,462.38,57,"Construction of New Integrated Passenger Terminal Building at Udaipur Airport
(Airport Authority of India [AAI])
(701128)","06/2023
(11/2023)","03/2026
(09/2026)","887
(887)",SRC-2025-12,07f56e5457c63192ae7b5b4036f975f7eb058a3364a25a87cdc6ce2369082401,50,49,All Ongoing Projects,6,pdfplumber_table,twelve_month_gate2:0.1.0,"pdf_page_index=50,table_index=logical8,row_index=21"
OBS-202512-00020,2025-12,20,"Widening of basic strip at Western Side of Runway Chainage 80m to 920m i/c slope
stabilization Measures [Balance work] of uphill and Improvement of Storm Water
Drainage System at Pakyong Airport, Sikkim on design & build basis [EPC] with
integrated 10 years maintenance.",Airport Authority of India [AAI],612793,-,-,Sikkim,11/2023,12/2023,02/2026,-,323.26,323.26,51.21,22,"Widening of basic strip at Western Side of Runway Chainage 80m to 920m i/c slope
stabilization Measures [Balance work] of uphill and Improvement of Storm Water
Drainage System at Pakyong Airport, Sikkim on design & build basis [EPC] with
integrated 10 years maintenance.
(Airport Authority of India [AAI])
(612793)","11/2023
(12/2023)","02/2026
(-)","323.26
(323.26)",SRC-2025-12,07f56e5457c63192ae7b5b4036f975f7eb058a3364a25a87cdc6ce2369082401,50,49,All Ongoing Projects,6,pdfplumber_table,twelve_month_gate2:0.1.0,"pdf_page_index=50,table_index=logical8,row_index=22"
OBS-202512-00021,2025-12,21,"Modernization of Chennai Airport, Phase II, Part 2",Airport Authority of India [AAI],611602,-,-,Tamil Nadu,05/2018,06/2023,07/2025,06/2026,1207,1207,208.06,27,"Modernization of Chennai Airport, Phase II, Part 2
(Airport Authority of India [AAI])
(611602)","05/2018
(06/2023)","07/2025
(06/2026)","1207
(1207)",SRC-2025-12,07f56e5457c63192ae7b5b4036f975f7eb058a3364a25a87cdc6ce2369082401,50,49,All Ongoing Projects,6,pdfplumber_table,twelve_month_gate2:0.1.0,"pdf_page_index=50,table_index=logical8,row_index=23"
OBS-202512-00022,2025-12,22,"Development of Lal Bahadur Shastri International airport, Varanasi including C/o New
Terminal Building, Apron Extension, Runway Extension, PTT and allied works.",Airport Authority of India [AAI],701113,-,-,Uttar Pradesh,07/2024,07/2024,07/2027,07/2027,2869.65,2869.65,410.36,21,"Development of Lal Bahadur Shastri International airport, Varanasi including C/o New
Terminal Building, Apron Extension, Runway Extension, PTT and allied works.
(Airport Authority of India [AAI])
(701113)","07/2024
(07/2024)","07/2027
(07/2027)","2869.65
(2869.65)",SRC-2025-12,07f56e5457c63192ae7b5b4036f975f7eb058a3364a25a87cdc6ce2369082401,50,49,All Ongoing Projects,6,pdfplumber_table,twelve_month_gate2:0.1.0,"pdf_page_index=50,table_index=logical8,row_index=24"
OBS-202512-00023,2025-12,23,Development of New Integrated Civil Enclave at Agra Airport,Airport Authority of India [AAI],701122,-,-,Uttar Pradesh,06/2024,07/2024,07/2026,-,579,579,133.8,28,"Development of New Integrated Civil Enclave at Agra Airport
(Airport Authority of India [AAI])
(701122)","06/2024
(07/2024)","07/2026
(-)","579
(579)",SRC-2025-12,07f56e5457c63192ae7b5b4036f975f7eb058a3364a25a87cdc6ce2369082401,50,49,All Ongoing Projects,6,pdfplumber_table,twelve_month_gate2:0.1.0,"pdf_page_index=50,table_index=logical8,row_index=25"
OBS-202512-00024,2025-12,24,Development of New Civil Enclave at Bagdogra Airport,Airport Authority of India [AAI],611495,-,-,West Bengal,08/2024,09/2024,01/2027,01/2027,1549,1549,359.56,16,"Development of New Civil Enclave at Bagdogra Airport
(Airport Authority of India [AAI])
(611495)","08/2024
(09/2024)","01/2027
(01/2027)","1549
(1549)",SRC-2025-12,07f56e5457c63192ae7b5b4036f975f7eb058a3364a25a87cdc6ce2369082401,50,49,All Ongoing Projects,6,pdfplumber_table,twelve_month_gate2:0.1.0,"pdf_page_index=50,table_index=logical8,row_index=26"
OBS-202512-00025,2025-12,25,"Re-Construction of Rigid portions of Secondary Runway, K and A Taxiway and
Strengthening of C Taxiway at NSCBI Airport Kolkata.",Airport Authority of India [AAI],612791,-,-,West Bengal,04/2023,12/2023,02/2025,08/2026,328.3,328.3,109.99,49,"Re-Construction of Rigid portions of Secondary Runway, K and A Taxiway and
Strengthening of C Taxiway at NSCBI Airport Kolkata.
(Airport Authority of India [AAI])
(612791)","04/2023
(12/2023)","02/2025
(08/2026)","328.3
(328.3)",SRC-2025-12,07f56e5457c63192ae7b5b4036f975f7eb058a3364a25a87cdc6ce2369082401,50,49,All Ongoing Projects,6,pdfplumber_table,twelve_month_gate2:0.1.0,"pdf_page_index=50,table_index=logical8,row_index=27"
OBS-202512-00026,2025-12,26,TIKAK EXTENSION OCP,MIS MoCoal Integration Logins,615820,-,-,Assam,07/2022,07/2022,07/2031,-,159.77,159.77,81.47,88,"TIKAK EXTENSION OCP
(MIS MoCoal Integration Logins)
(615820)","07/2022
(07/2022)","07/2031
(-)","159.77
(159.77)",SRC-2025-12,07f56e5457c63192ae7b5b4036f975f7eb058a3364a25a87cdc6ce2369082401,51,50,All Ongoing Projects,6,pdfplumber_table,twelve_month_gate2:0.1.0,"pdf_page_index=51,table_index=logical8,row_index=4"
OBS-202512-00027,2025-12,27,TIRAP OCP,MIS MoCoal Integration Logins,615821,-,-,Assam,11/2022,11/2022,11/2030,-,289.46,289.46,105.61,3,"TIRAP OCP
(MIS MoCoal Integration Logins)
(615821)","11/2022
(11/2022)","11/2030
(-)","289.46
(289.46)",SRC-2025-12,07f56e5457c63192ae7b5b4036f975f7eb058a3364a25a87cdc6ce2369082401,51,50,All Ongoing Projects,6,pdfplumber_table,twelve_month_gate2:0.1.0,"pdf_page_index=51,table_index=logical8,row_index=5"
OBS-202512-00028,2025-12,28,PORDA CHIMTAPANI OCP [10 MTY],South Eastern Coalfields Limited [SECL],400144,-,-,Chhattisgarh,12/2020,12/2020,03/2029,-,2310.12,2310.12,91.43,10,"PORDA CHIMTAPANI OCP [10 MTY]
(South Eastern Coalfields Limited [SECL])
(400144)","12/2020
(12/2020)","03/2029
(-)","2310.12
(2310.12)",SRC-2025-12,07f56e5457c63192ae7b5b4036f975f7eb058a3364a25a87cdc6ce2369082401,51,50,All Ongoing Projects,6,pdfplumber_table,twelve_month_gate2:0.1.0,"pdf_page_index=51,table_index=logical8,row_index=6"
OBS-202512-00029,2025-12,29,BAROUD OC EXPANSION [3.0-10.0M,South Eastern Coalfields Limited [SECL],400149,-,-,Chhattisgarh,08/2020,08/2020,03/2029,-,2309.8,2309.8,956.88,50,"BAROUD OC EXPANSION [3.0-10.0M
(South Eastern Coalfields Limited [SECL])
(400149)","08/2020
(08/2020)","03/2029
(-)","2309.8
(2309.8)",SRC-2025-12,07f56e5457c63192ae7b5b4036f975f7eb058a3364a25a87cdc6ce2369082401,51,50,All Ongoing Projects,6,pdfplumber_table,twelve_month_gate2:0.1.0,"pdf_page_index=51,table_index=logical8,row_index=7"
OBS-202512-00030,2025-12,30,DIPKA EXPANSION OCP [40 MTY],South Eastern Coalfields Limited [SECL],400354,-,-,Chhattisgarh,12/2020,12/2020,03/2029,-,5241.4,5241.4,2862.43,37,"DIPKA EXPANSION OCP [40 MTY]
(South Eastern Coalfields Limited [SECL])
(400354)","12/2020
(12/2020)","03/2029
(-)","5241.4
(5241.4)",SRC-2025-12,07f56e5457c63192ae7b5b4036f975f7eb058a3364a25a87cdc6ce2369082401,51,50,All Ongoing Projects,6,pdfplumber_table,twelve_month_gate2:0.1.0,"pdf_page_index=51,table_index=logical8,row_index=8"
OBS-202512-00031,2025-12,31,GEVRA OC [70 MTY],South Eastern Coalfields Limited [SECL],400424,-,-,Chhattisgarh,03/2016,03/2016,03/2023,03/2027,11816.4,11816.4,6813.01,78,"GEVRA OC [70 MTY]
(South Eastern Coalfields Limited [SECL])
(400424)","03/2016
(03/2016)","03/2023
(03/2027)","11816.4
(11816.4)",SRC-2025-12,07f56e5457c63192ae7b5b4036f975f7eb058a3364a25a87cdc6ce2369082401,51,50,All Ongoing Projects,6,pdfplumber_table,twelve_month_gate2:0.1.0,"pdf_page_index=51,table_index=logical8,row_index=9"
OBS-202512-00032,2025-12,32,AMERA OC RCE [1.0 MTY],South Eastern Coalfields Limited [SECL],613798,-,-,Chhattisgarh,02/2015,02/2015,03/2026,-,335.97,335.97,88.28,42,"AMERA OC RCE [1.0 MTY]
(South Eastern Coalfields Limited [SECL])
(613798)","02/2015
(02/2015)","03/2026
(-)","335.97
(335.97)",SRC-2025-12,07f56e5457c63192ae7b5b4036f975f7eb058a3364a25a87cdc6ce2369082401,51,50,All Ongoing Projects,6,pdfplumber_table,twelve_month_gate2:0.1.0,"pdf_page_index=51,table_index=logical8,row_index=10"
OBS-202512-00033,2025-12,33,AMGAON OC RCE [1.0 MTY],South Eastern Coalfields Limited [SECL],613799,-,-,Chhattisgarh,07/2015,07/2015,03/2026,-,316.11,316.11,188.72,78,"AMGAON OC RCE [1.0 MTY]
(South Eastern Coalfields Limited [SECL])
(613799)","07/2015
(07/2015)","03/2026
(-)","316.11
(316.11)",SRC-2025-12,07f56e5457c63192ae7b5b4036f975f7eb058a3364a25a87cdc6ce2369082401,51,50,All Ongoing Projects,6,pdfplumber_table,twelve_month_gate2:0.1.0,"pdf_page_index=51,table_index=logical8,row_index=11"
OBS-202512-00034,2025-12,34,JAGANNATHPUR OC RCE PROJECT,South Eastern Coalfields Limited [SECL],613800,-,-,Chhattisgarh,07/2016,07/2016,03/2025,03/2026,459.49,459.49,274.35,96,"JAGANNATHPUR OC RCE PROJECT
(South Eastern Coalfields Limited [SECL])
(613800)","07/2016
(07/2016)","03/2025
(03/2026)","459.49
(459.49)",SRC-2025-12,07f56e5457c63192ae7b5b4036f975f7eb058a3364a25a87cdc6ce2369082401,51,50,All Ongoing Projects,6,pdfplumber_table,twelve_month_gate2:0.1.0,"pdf_page_index=51,table_index=logical8,row_index=12"
OBS-202512-00035,2025-12,35,MAHAMAYA OCP [1.50 MTY],South Eastern Coalfields Limited [SECL],613801,-,-,Chhattisgarh,05/2018,05/2018,03/2026,03/2028,410.26,410.26,183.37,54,"MAHAMAYA OCP [1.50 MTY]
(South Eastern Coalfields Limited [SECL])
(613801)","05/2018
(05/2018)","03/2026
(03/2028)","410.26
(410.26)",SRC-2025-12,07f56e5457c63192ae7b5b4036f975f7eb058a3364a25a87cdc6ce2369082401,51,50,All Ongoing Projects,6,pdfplumber_table,twelve_month_gate2:0.1.0,"pdf_page_index=51,table_index=logical8,row_index=13"
OBS-202512-00036,2025-12,36,KATKONA RO UG MINE,South Eastern Coalfields Limited [SECL],615191,-,-,Chhattisgarh,01/2023,01/2023,03/2029,-,329.21,329.21,61.34,2,"KATKONA RO UG MINE
(South Eastern Coalfields Limited [SECL])
(615191)","01/2023
(01/2023)","03/2029
(-)","329.21
(329.21)",SRC-2025-12,07f56e5457c63192ae7b5b4036f975f7eb058a3364a25a87cdc6ce2369082401,51,50,All Ongoing Projects,6,pdfplumber_table,twelve_month_gate2:0.1.0,"pdf_page_index=51,table_index=logical8,row_index=14"
OBS-202512-00037,2025-12,37,PELMA OC MDO,South Eastern Coalfields Limited [SECL],616234,-,-,Chhattisgarh,10/2022,10/2022,03/2033,-,1725.04,1725.04,15.66,40,"PELMA OC MDO
(South Eastern Coalfields Limited [SECL])
(616234)","10/2022
(10/2022)","03/2033
(-)","1725.04
(1725.04)",SRC-2025-12,07f56e5457c63192ae7b5b4036f975f7eb058a3364a25a87cdc6ce2369082401,51,50,All Ongoing Projects,6,pdfplumber_table,twelve_month_gate2:0.1.0,"pdf_page_index=51,table_index=logical8,row_index=15"
OBS-202512-00038,2025-12,38,KUSMUNDA OC EXPANSION PROJECT,SECL - CIL,617287,-,-,Chhattisgarh,11/2024,11/2024,03/2030,-,4516.88,4516.88,783.28,21,"KUSMUNDA OC EXPANSION PROJECT
(SECL - CIL)
(617287)","11/2024
(11/2024)","03/2030
(-)","4516.88
(4516.88)",SRC-2025-12,07f56e5457c63192ae7b5b4036f975f7eb058a3364a25a87cdc6ce2369082401,51,50,All Ongoing Projects,6,pdfplumber_table,twelve_month_gate2:0.1.0,"pdf_page_index=51,table_index=logical8,row_index=16"
OBS-202512-00039,2025-12,39,MANIKPUR OC EXPANSION PROJECT,South Eastern Coalfields Limited [SECL],617288,-,-,Chhattisgarh,01/2025,01/2025,03/2029,-,382.61,382.61,113.03,21,"MANIKPUR OC EXPANSION PROJECT
(South Eastern Coalfields Limited [SECL])
(617288)","01/2025
(01/2025)","03/2029
(-)","382.61
(382.61)",SRC-2025-12,07f56e5457c63192ae7b5b4036f975f7eb058a3364a25a87cdc6ce2369082401,51,50,All Ongoing Projects,6,pdfplumber_table,twelve_month_gate2:0.1.0,"pdf_page_index=51,table_index=logical8,row_index=17"
OBS-202512-00040,2025-12,40,HURA C OCP,ECL - CIL,400018,-,-,Jharkhand,08/2022,08/2022,03/2029,-,859.41,859.41,453,62,"HURA C OCP
(ECL - CIL)
(400018)","08/2022
(08/2022)","03/2029
(-)","859.41
(859.41)",SRC-2025-12,07f56e5457c63192ae7b5b4036f975f7eb058a3364a25a87cdc6ce2369082401,51,50,All Ongoing Projects,6,pdfplumber_table,twelve_month_gate2:0.1.0,"pdf_page_index=51,table_index=logical8,row_index=18"
OBS-202512-00041,2025-12,41,KONAR EXPANSION OCP,Ministry of Coal,400073,-,-,Jharkhand,01/2022,01/2022,03/2032,-,799.34,799.34,429.33,45,"KONAR EXPANSION OCP
(Ministry of Coal)
(400073)","01/2022
(01/2022)","03/2032
(-)","799.34
(799.34)",SRC-2025-12,07f56e5457c63192ae7b5b4036f975f7eb058a3364a25a87cdc6ce2369082401,51,50,All Ongoing Projects,6,pdfplumber_table,twelve_month_gate2:0.1.0,"pdf_page_index=51,table_index=logical8,row_index=19"
OBS-202512-00042,2025-12,42,KARO EXPANSION OCP,Ministry of Coal,400074,-,-,Jharkhand,01/2022,01/2022,03/2029,-,908.47,908.47,269.26,22,"KARO EXPANSION OCP
(Ministry of Coal)
(400074)","01/2022
(01/2022)","03/2029
(-)","908.47
(908.47)",SRC-2025-12,07f56e5457c63192ae7b5b4036f975f7eb058a3364a25a87cdc6ce2369082401,51,50,All Ongoing Projects,6,pdfplumber_table,twelve_month_gate2:0.1.0,"pdf_page_index=51,table_index=logical8,row_index=20"
OBS-202512-00043,2025-12,43,SANGHMITRA OC,Ministry of Coal,400136,-,-,Jharkhand,03/2024,03/2024,03/2032,-,2660,2660,6.61,16,"SANGHMITRA OC
(Ministry of Coal)
(400136)","03/2024
(03/2024)","03/2032
(-)","2660
(2660)",SRC-2025-12,07f56e5457c63192ae7b5b4036f975f7eb058a3364a25a87cdc6ce2369082401,51,50,All Ongoing Projects,6,pdfplumber_table,twelve_month_gate2:0.1.0,"pdf_page_index=51,table_index=logical8,row_index=21"
OBS-202512-00044,2025-12,44,CHANDRAGUPT OCP,Ministry of Coal,400138,-,-,Jharkhand,08/2020,08/2020,03/2032,-,973.5,973.5,440.75,24,"CHANDRAGUPT OCP
(Ministry of Coal)
(400138)","08/2020
(08/2020)","03/2032
(-)","973.5
(973.5)",SRC-2025-12,07f56e5457c63192ae7b5b4036f975f7eb058a3364a25a87cdc6ce2369082401,51,50,All Ongoing Projects,6,pdfplumber_table,twelve_month_gate2:0.1.0,"pdf_page_index=51,table_index=logical8,row_index=22"
OBS-202512-00045,2025-12,45,KOTRE BASANTPUR PACHMO OCP,Ministry of Coal,400139,-,-,Jharkhand,08/2020,08/2020,03/2032,-,861.06,625.4,455.95,42,"KOTRE BASANTPUR PACHMO OCP
(Ministry of Coal)
(400139)","08/2020
(08/2020)","03/2032
(-)","861.06
(625.4)",SRC-2025-12,07f56e5457c63192ae7b5b4036f975f7eb058a3364a25a87cdc6ce2369082401,51,50,All Ongoing Projects,6,pdfplumber_table,twelve_month_gate2:0.1.0,"pdf_page_index=51,table_index=logical8,row_index=23"
OBS-202512-00046,2025-12,46,Pachwara South Coal Block,NLC India Limited [NLCIL],400142,-,-,Jharkhand,03/2016,11/2019,09/2028,-,2242.9,2242.9,1253.92,74,"Pachwara South Coal Block
(NLC India Limited [NLCIL])
(400142)","03/2016
(11/2019)","09/2028
(-)","2242.9
(2242.9)",SRC-2025-12,07f56e5457c63192ae7b5b4036f975f7eb058a3364a25a87cdc6ce2369082401,51,50,All Ongoing Projects,6,pdfplumber_table,twelve_month_gate2:0.1.0,"pdf_page_index=51,table_index=logical8,row_index=24"
OBS-202512-00047,2025-12,47,RPR MAGADH EXP OCP,Ministry of Coal,400150,-,-,Jharkhand,08/2020,08/2020,03/2028,-,7254.37,7254.37,1599.39,38,"RPR MAGADH EXP OCP
(Ministry of Coal)
(400150)","08/2020
(08/2020)","03/2028
(-)","7254.37
(7254.37)",SRC-2025-12,07f56e5457c63192ae7b5b4036f975f7eb058a3364a25a87cdc6ce2369082401,51,50,All Ongoing Projects,6,pdfplumber_table,twelve_month_gate2:0.1.0,"pdf_page_index=51,table_index=logical8,row_index=25"
OBS-202512-00048,2025-12,48,NORTH URIMARI EXPANSION OCP,Ministry of Coal,400151,-,-,Jharkhand,07/2021,07/2021,03/2029,-,778.8,778.8,696.05,68,"NORTH URIMARI EXPANSION OCP
(Ministry of Coal)
(400151)","07/2021
(07/2021)","03/2029
(-)","778.8
(778.8)",SRC-2025-12,07f56e5457c63192ae7b5b4036f975f7eb058a3364a25a87cdc6ce2369082401,51,50,All Ongoing Projects,6,pdfplumber_table,twelve_month_gate2:0.1.0,"pdf_page_index=51,table_index=logical8,row_index=26"
OBS-202512-00049,2025-12,49,EPR ROHINI - KARKETTA OCP,Ministry of Coal,400153,-,-,Jharkhand,01/2021,01/2021,03/2028,-,1020.42,1020.42,84.74,21,"EPR ROHINI - KARKETTA OCP
(Ministry of Coal)
(400153)","01/2021
(01/2021)","03/2028
(-)","1020.42
(1020.42)",SRC-2025-12,07f56e5457c63192ae7b5b4036f975f7eb058a3364a25a87cdc6ce2369082401,51,50,All Ongoing Projects,6,pdfplumber_table,twelve_month_gate2:0.1.0,"pdf_page_index=51,table_index=logical8,row_index=27"
OBS-202512-00050,2025-12,50,EPR PUNDI OCP,Ministry of Coal,400154,-,-,Jharkhand,11/2020,11/2020,03/2027,-,713.35,713.35,236.58,10,"EPR PUNDI OCP
(Ministry of Coal)
(400154)","11/2020
(11/2020)","03/2027
(-)","713.35
(713.35)",SRC-2025-12,07f56e5457c63192ae7b5b4036f975f7eb058a3364a25a87cdc6ce2369082401,51,50,All Ongoing Projects,6,pdfplumber_table,twelve_month_gate2:0.1.0,"pdf_page_index=51,table_index=logical8,row_index=28"
OBS-202512-00051,2025-12,51,EPR ASHOK OC,Ministry of Coal,400155,-,-,Jharkhand,05/2021,05/2021,03/2031,-,2898.28,2898.28,185.04,24,"EPR ASHOK OC
(Ministry of Coal)
(400155)","05/2021
(05/2021)","03/2031
(-)","2898.28
(2898.28)",SRC-2025-12,07f56e5457c63192ae7b5b4036f975f7eb058a3364a25a87cdc6ce2369082401,51,50,All Ongoing Projects,6,pdfplumber_table,twelve_month_gate2:0.1.0,"pdf_page_index=51,table_index=logical8,row_index=29"
OBS-202512-00052,2025-12,52,EPR AMRAPALI OCP,Ministry of Coal,400156,-,-,Jharkhand,02/2020,02/2020,03/2028,-,5136.15,5136.15,1257.44,42,"EPR AMRAPALI OCP
(Ministry of Coal)
(400156)","02/2020
(02/2020)","03/2028
(-)","5136.15
(5136.15)",SRC-2025-12,07f56e5457c63192ae7b5b4036f975f7eb058a3364a25a87cdc6ce2369082401,51,50,All Ongoing Projects,6,pdfplumber_table,twelve_month_gate2:0.1.0,"pdf_page_index=51,table_index=logical8,row_index=30"
OBS-202512-00053,2025-12,53,RAJRAPPA RCE OCP,Ministry of Coal,400160,-,-,Jharkhand,12/2009,12/2009,03/2016,03/2027,510.85,510.85,488.69,76,"RAJRAPPA RCE OCP
(Ministry of Coal)
(400160)","12/2009
(12/2009)","03/2016
(03/2027)","510.85
(510.85)",SRC-2025-12,07f56e5457c63192ae7b5b4036f975f7eb058a3364a25a87cdc6ce2369082401,51,50,All Ongoing Projects,6,pdfplumber_table,twelve_month_gate2:0.1.0,"pdf_page_index=51,table_index=logical8,row_index=31"
OBS-202512-00054,2025-12,54,CHITRA EAST OC,Eastern Coal Fields Limited [ECL],400172,-,-,Jharkhand,08/2018,08/2018,03/2026,03/2028,513.99,513.99,230.87,51,"CHITRA EAST OC
(Eastern Coal Fields Limited [ECL])
(400172)","08/2018
(08/2018)","03/2026
(03/2028)","513.99
(513.99)",SRC-2025-12,07f56e5457c63192ae7b5b4036f975f7eb058a3364a25a87cdc6ce2369082401,51,50,All Ongoing Projects,6,pdfplumber_table,twelve_month_gate2:0.1.0,"pdf_page_index=51,table_index=logical8,row_index=32"
OBS-202512-00055,2025-12,55,JHARKHAND-LAIYO OCP,Ministry of Coal,400352,-,-,Jharkhand,08/2020,08/2020,03/2031,-,764.57,764.57,145.81,29,"JHARKHAND-LAIYO OCP
(Ministry of Coal)
(400352)","08/2020
(08/2020)","03/2031
(-)","764.57
(764.57)",SRC-2025-12,07f56e5457c63192ae7b5b4036f975f7eb058a3364a25a87cdc6ce2369082401,52,51,All Ongoing Projects,6,pdfplumber_table,twelve_month_gate2:0.1.0,"pdf_page_index=52,table_index=logical8,row_index=1"
OBS-202512-00056,2025-12,56,MOONIDIH XV SEAM UG,Ministry of Coal,400425,-,-,Jharkhand,08/2011,08/2011,03/2019,05/2026,1230.27,1230.27,635.78,82,"MOONIDIH XV SEAM UG
(Ministry of Coal)
(400425)","08/2011
(08/2011)","03/2019
(05/2026)","1230.27
(1230.27)",SRC-2025-12,07f56e5457c63192ae7b5b4036f975f7eb058a3364a25a87cdc6ce2369082401,52,51,All Ongoing Projects,6,pdfplumber_table,twelve_month_gate2:0.1.0,"pdf_page_index=52,table_index=logical8,row_index=2"
OBS-202512-00057,2025-12,57,2.5 MTPA PATHERDIH NLW WASHERY,Ministry of Coal,611017,-,-,Jharkhand,10/2015,04/2016,04/2018,03/2026,334.27,334.27,151.09,49,"2.5 MTPA PATHERDIH NLW WASHERY
(Ministry of Coal)
(611017)","10/2015
(04/2016)","04/2018
(03/2026)","334.27
(334.27)",SRC-2025-12,07f56e5457c63192ae7b5b4036f975f7eb058a3364a25a87cdc6ce2369082401,52,51,All Ongoing Projects,6,pdfplumber_table,twelve_month_gate2:0.1.0,"pdf_page_index=52,table_index=logical8,row_index=3"
OBS-202512-00058,2025-12,58,AMALAGAMATED NTST KUJAMA OCP 8.5MTY,Ministry of Coal,611864,-,-,Jharkhand,01/2023,01/2023,03/2030,-,4011.85,4011.85,414.41,28,"AMALAGAMATED NTST KUJAMA OCP 8.5MTY
(Ministry of Coal)
(611864)","01/2023
(01/2023)","03/2030
(-)","4011.85
(4011.85)",SRC-2025-12,07f56e5457c63192ae7b5b4036f975f7eb058a3364a25a87cdc6ce2369082401,52,51,All Ongoing Projects,6,pdfplumber_table,twelve_month_gate2:0.1.0,"pdf_page_index=52,table_index=logical8,row_index=4"
OBS-202512-00059,2025-12,59,MURAIDIH UG PROJECT,Ministry of Coal,613808,-,-,Jharkhand,02/2011,02/2011,04/2014,12/2026,339.87,339.87,191,70,"MURAIDIH UG PROJECT
(Ministry of Coal)
(613808)","02/2011
(02/2011)","04/2014
(12/2026)","339.87
(339.87)",SRC-2025-12,07f56e5457c63192ae7b5b4036f975f7eb058a3364a25a87cdc6ce2369082401,52,51,All Ongoing Projects,6,pdfplumber_table,twelve_month_gate2:0.1.0,"pdf_page_index=52,table_index=logical8,row_index=5"
OBS-202512-00060,2025-12,60,TAPIN SOUTH EXPN,Ministry of Coal,615349,-,-,Jharkhand,11/2020,11/2020,03/2028,-,230.41,230.41,22.02,21,"TAPIN SOUTH EXPN
(Ministry of Coal)
(615349)","11/2020
(11/2020)","03/2028
(-)","230.41
(230.41)",SRC-2025-12,07f56e5457c63192ae7b5b4036f975f7eb058a3364a25a87cdc6ce2369082401,52,51,All Ongoing Projects,6,pdfplumber_table,twelve_month_gate2:0.1.0,"pdf_page_index=52,table_index=logical8,row_index=6"
OBS-202512-00061,2025-12,61,SIRKA OC,Ministry of Coal,615822,-,-,Jharkhand,05/2020,05/2020,03/2028,-,222.82,222.82,140.58,53,"SIRKA OC
(Ministry of Coal)
(615822)","05/2020
(05/2020)","03/2028
(-)","222.82
(222.82)",SRC-2025-12,07f56e5457c63192ae7b5b4036f975f7eb058a3364a25a87cdc6ce2369082401,52,51,All Ongoing Projects,6,pdfplumber_table,twelve_month_gate2:0.1.0,"pdf_page_index=52,table_index=logical8,row_index=7"
OBS-202512-00062,2025-12,62,TETARIAKHAR OC,Ministry of Coal,615843,-,-,Jharkhand,11/2019,11/2019,03/2025,03/2027,243.52,243.52,49.54,29,"TETARIAKHAR OC
(Ministry of Coal)
(615843)","11/2019
(11/2019)","03/2025
(03/2027)","243.52
(243.52)",SRC-2025-12,07f56e5457c63192ae7b5b4036f975f7eb058a3364a25a87cdc6ce2369082401,52,51,All Ongoing Projects,6,pdfplumber_table,twelve_month_gate2:0.1.0,"pdf_page_index=52,table_index=logical8,row_index=8"
OBS-202512-00063,2025-12,63,CHUPERBHITA SIMLONG OCP MDO 6,Eastern Coal Fields Limited [ECL],616225,-,-,Jharkhand,12/2023,12/2023,03/2037,-,979.08,979.08,0,0,"CHUPERBHITA SIMLONG OCP MDO 6
(Eastern Coal Fields Limited [ECL])
(616225)","12/2023
(12/2023)","03/2037
(-)","979.08
(979.08)",SRC-2025-12,07f56e5457c63192ae7b5b4036f975f7eb058a3364a25a87cdc6ce2369082401,52,51,All Ongoing Projects,6,pdfplumber_table,twelve_month_gate2:0.1.0,"pdf_page_index=52,table_index=logical8,row_index=9"
OBS-202512-00064,2025-12,64,JARANGDIH EXPN. OCP 1.5 MTY,CCL - CIL,616236,-,-,Jharkhand,02/2020,02/2020,03/2029,-,414.37,414.37,85.6,33,"JARANGDIH EXPN. OCP 1.5 MTY
(CCL - CIL)
(616236)","02/2020
(02/2020)","03/2029
(-)","414.37
(414.37)",SRC-2025-12,07f56e5457c63192ae7b5b4036f975f7eb058a3364a25a87cdc6ce2369082401,52,51,All Ongoing Projects,6,pdfplumber_table,twelve_month_gate2:0.1.0,"pdf_page_index=52,table_index=logical8,row_index=10"
OBS-202512-00065,2025-12,65,BLOCK E OCP,Ministry of Coal,616253,-,-,Jharkhand,03/2024,03/2024,03/2029,-,5850.83,5850.83,20.32,3,"BLOCK E OCP
(Ministry of Coal)
(616253)","03/2024
(03/2024)","03/2029
(-)","5850.83
(5850.83)",SRC-2025-12,07f56e5457c63192ae7b5b4036f975f7eb058a3364a25a87cdc6ce2369082401,52,51,All Ongoing Projects,6,pdfplumber_table,twelve_month_gate2:0.1.0,"pdf_page_index=52,table_index=logical8,row_index=11"
OBS-202512-00066,2025-12,66,"Revised Jharia Master Plan for Dealing with Fire, Subsidence & Rehabilitation of
affected families in Jharia Coalfield- Reg.",Bharat Coking Coal Limited (BCCL),617416,-,-,Jharkhand,06/2025,07/2025,12/2028,-,5940.47,5940.47,26.31,19,"Revised Jharia Master Plan for Dealing with Fire, Subsidence & Rehabilitation of
affected families in Jharia Coalfield- Reg.
(Bharat Coking Coal Limited (BCCL))
(617416)","06/2025
(07/2025)","12/2028
(-)","5940.47
(5940.47)",SRC-2025-12,07f56e5457c63192ae7b5b4036f975f7eb058a3364a25a87cdc6ce2369082401,52,51,All Ongoing Projects,6,pdfplumber_table,twelve_month_gate2:0.1.0,"pdf_page_index=52,table_index=logical8,row_index=12"
OBS-202512-00067,2025-12,67,AMADAND OCP[4.0MTY],Ministry of Coal,400148,-,-,Madhya Pradesh,03/2016,03/2016,03/2021,03/2027,869.44,869.44,278.78,75,"AMADAND OCP[4.0MTY]
(Ministry of Coal)
(400148)","03/2016
(03/2016)","03/2021
(03/2027)","869.44
(869.44)",SRC-2025-12,07f56e5457c63192ae7b5b4036f975f7eb058a3364a25a87cdc6ce2369082401,52,51,All Ongoing Projects,6,pdfplumber_table,twelve_month_gate2:0.1.0,"pdf_page_index=52,table_index=logical8,row_index=13"
OBS-202512-00068,2025-12,68,RAMPUR BATURA OCP [4.0MTY],South Eastern Coalfields Limited [SECL],400152,-,-,Madhya Pradesh,07/2019,07/2019,03/2026,-,1248.93,1248.93,498.6,44,"RAMPUR BATURA OCP [4.0MTY]
(South Eastern Coalfields Limited [SECL])
(400152)","07/2019
(07/2019)","03/2026
(-)","1248.93
(1248.93)",SRC-2025-12,07f56e5457c63192ae7b5b4036f975f7eb058a3364a25a87cdc6ce2369082401,52,51,All Ongoing Projects,6,pdfplumber_table,twelve_month_gate2:0.1.0,"pdf_page_index=52,table_index=logical8,row_index=14"
OBS-202512-00069,2025-12,69,BLOCK B EXPANSION [3.5 TO 8.0,Northern Coalfields Limited [NCL],400162,-,-,Madhya Pradesh,07/2019,07/2019,03/2023,03/2027,998.71,998.71,488.66,48,"BLOCK B EXPANSION [3.5 TO 8.0
(Northern Coalfields Limited [NCL])
(400162)","07/2019
(07/2019)","03/2023
(03/2027)","998.71
(998.71)",SRC-2025-12,07f56e5457c63192ae7b5b4036f975f7eb058a3364a25a87cdc6ce2369082401,52,51,All Ongoing Projects,6,pdfplumber_table,twelve_month_gate2:0.1.0,"pdf_page_index=52,table_index=logical8,row_index=15"
OBS-202512-00070,2025-12,70,NIGAHI EXPANSION [15 TO 25 MTP,Northern Coalfields Limited [NCL],400321,-,-,Madhya Pradesh,11/2020,11/2020,03/2025,03/2028,1729.68,1729.68,859.8,48,"NIGAHI EXPANSION [15 TO 25 MTP
(Northern Coalfields Limited [NCL])
(400321)","11/2020
(11/2020)","03/2025
(03/2028)","1729.68
(1729.68)",SRC-2025-12,07f56e5457c63192ae7b5b4036f975f7eb058a3364a25a87cdc6ce2369082401,52,51,All Ongoing Projects,6,pdfplumber_table,twelve_month_gate2:0.1.0,"pdf_page_index=52,table_index=logical8,row_index=16"
OBS-202512-00071,2025-12,71,KANCHAN OC EXP,South Eastern Coalfields Limited [SECL],613802,-,-,Madhya Pradesh,12/2014,12/2014,03/2026,03/2028,371.04,371.04,144.61,58,"KANCHAN OC EXP
(South Eastern Coalfields Limited [SECL])
(613802)","12/2014
(12/2014)","03/2026
(03/2028)","371.04
(371.04)",SRC-2025-12,07f56e5457c63192ae7b5b4036f975f7eb058a3364a25a87cdc6ce2369082401,52,51,All Ongoing Projects,6,pdfplumber_table,twelve_month_gate2:0.1.0,"pdf_page_index=52,table_index=logical8,row_index=17"
OBS-202512-00072,2025-12,72,JHIRIA WEST OCP [1.5 MTY],South Eastern Coalfields Limited [SECL],613803,-,-,Madhya Pradesh,01/2024,01/2024,03/2029,-,366.94,366.94,34.12,41,"JHIRIA WEST OCP [1.5 MTY]
(South Eastern Coalfields Limited [SECL])
(613803)","01/2024
(01/2024)","03/2029
(-)","366.94
(366.94)",SRC-2025-12,07f56e5457c63192ae7b5b4036f975f7eb058a3364a25a87cdc6ce2369082401,52,51,All Ongoing Projects,6,pdfplumber_table,twelve_month_gate2:0.1.0,"pdf_page_index=52,table_index=logical8,row_index=18"
OBS-202512-00073,2025-12,73,RPR TAWA-III UG 0.84 MTY,Western Coalfields Limited [WCL],613804,-,-,Madhya Pradesh,12/2021,12/2021,03/2027,-,314.09,314.09,6.08,17,"RPR TAWA-III UG 0.84 MTY
(Western Coalfields Limited [WCL])
(613804)","12/2021
(12/2021)","03/2027
(-)","314.09
(314.09)",SRC-2025-12,07f56e5457c63192ae7b5b4036f975f7eb058a3364a25a87cdc6ce2369082401,52,51,All Ongoing Projects,6,pdfplumber_table,twelve_month_gate2:0.1.0,"pdf_page_index=52,table_index=logical8,row_index=19"
OBS-202512-00074,2025-12,74,AMALGAMATED DHANKASA & JAMUNIA,Western Coalfields Limited [WCL],615185,-,-,Madhya Pradesh,09/2022,09/2022,03/2027,-,399.2,399.2,96.21,66,"AMALGAMATED DHANKASA & JAMUNIA
(Western Coalfields Limited [WCL])
(615185)","09/2022
(09/2022)","03/2027
(-)","399.2
(399.2)",SRC-2025-12,07f56e5457c63192ae7b5b4036f975f7eb058a3364a25a87cdc6ce2369082401,52,51,All Ongoing Projects,6,pdfplumber_table,twelve_month_gate2:0.1.0,"pdf_page_index=52,table_index=logical8,row_index=20"
OBS-202512-00075,2025-12,75,RPR OF VISHNUPURI UG TO OC,Western Coalfields Limited [WCL],615187,-,-,Madhya Pradesh,11/2022,11/2022,03/2029,-,220.62,220.62,0,11,"RPR OF VISHNUPURI UG TO OC
(Western Coalfields Limited [WCL])
(615187)","11/2022
(11/2022)","03/2029
(-)","220.62
(220.62)",SRC-2025-12,07f56e5457c63192ae7b5b4036f975f7eb058a3364a25a87cdc6ce2369082401,52,51,All Ongoing Projects,6,pdfplumber_table,twelve_month_gate2:0.1.0,"pdf_page_index=52,table_index=logical8,row_index=21"
OBS-202512-00076,2025-12,76,URDHAN EXPANSION OC COST PLUS,Western Coalfields Limited [WCL],615194,-,-,Madhya Pradesh,07/2022,01/2023,03/2031,-,206.88,206.88,27.19,0,"URDHAN EXPANSION OC COST PLUS
(Western Coalfields Limited [WCL])
(615194)","07/2022
(01/2023)","03/2031
(-)","206.88
(206.88)",SRC-2025-12,07f56e5457c63192ae7b5b4036f975f7eb058a3364a25a87cdc6ce2369082401,52,51,All Ongoing Projects,6,pdfplumber_table,twelve_month_gate2:0.1.0,"pdf_page_index=52,table_index=logical8,row_index=22"
OBS-202512-00077,2025-12,77,SHARDA UG MINE,Western Coalfields Limited [WCL],615195,-,-,Madhya Pradesh,07/2022,09/2023,03/2028,-,166.25,166.25,4.41,9,"SHARDA UG MINE
(Western Coalfields Limited [WCL])
(615195)","07/2022
(09/2023)","03/2028
(-)","166.25
(166.25)",SRC-2025-12,07f56e5457c63192ae7b5b4036f975f7eb058a3364a25a87cdc6ce2369082401,52,51,All Ongoing Projects,6,pdfplumber_table,twelve_month_gate2:0.1.0,"pdf_page_index=52,table_index=logical8,row_index=23"
OBS-202512-00078,2025-12,78,GANDHIGRAM UG MINE,Western Coalfields Limited [WCL],615206,-,-,Madhya Pradesh,08/2019,08/2019,03/2026,-,414.15,414.15,18.04,56,"GANDHIGRAM UG MINE
(Western Coalfields Limited [WCL])
(615206)","08/2019
(08/2019)","03/2026
(-)","414.15
(414.15)",SRC-2025-12,07f56e5457c63192ae7b5b4036f975f7eb058a3364a25a87cdc6ce2369082401,52,51,All Ongoing Projects,6,pdfplumber_table,twelve_month_gate2:0.1.0,"pdf_page_index=52,table_index=logical8,row_index=24"
OBS-202512-00079,2025-12,79,BHATADI EXPANSION OC,Western Coalfields Limited [WCL],400033,-,-,Maharashtra,02/2020,05/2022,03/2028,-,580.61,580.61,84.73,31,"BHATADI EXPANSION OC
(Western Coalfields Limited [WCL])
(400033)","02/2020
(05/2022)","03/2028
(-)","580.61
(580.61)",SRC-2025-12,07f56e5457c63192ae7b5b4036f975f7eb058a3364a25a87cdc6ce2369082401,52,51,All Ongoing Projects,6,pdfplumber_table,twelve_month_gate2:0.1.0,"pdf_page_index=52,table_index=logical8,row_index=25"
OBS-202512-00080,2025-12,80,AMALGAMATED YEKONA I & YEKONA,Western Coalfields Limited [WCL],400177,-,-,Maharashtra,08/2015,08/2015,03/2025,03/2026,727.28,727.28,539.9,80,"AMALGAMATED YEKONA I & YEKONA
(Western Coalfields Limited [WCL])
(400177)","08/2015
(08/2015)","03/2025
(03/2026)","727.28
(727.28)",SRC-2025-12,07f56e5457c63192ae7b5b4036f975f7eb058a3364a25a87cdc6ce2369082401,52,51,All Ongoing Projects,6,pdfplumber_table,twelve_month_gate2:0.1.0,"pdf_page_index=52,table_index=logical8,row_index=26"
OBS-202512-00081,2025-12,81,DINESH[MAKARDHOKRA-III] OC,Western Coalfields Limited [WCL],400178,-,-,Maharashtra,02/2020,02/2020,03/2027,-,822.88,822.88,623.1,34,"DINESH[MAKARDHOKRA-III] OC
(Western Coalfields Limited [WCL])
(400178)","02/2020
(02/2020)","03/2027
(-)","822.88
(822.88)",SRC-2025-12,07f56e5457c63192ae7b5b4036f975f7eb058a3364a25a87cdc6ce2369082401,52,51,All Ongoing Projects,6,pdfplumber_table,twelve_month_gate2:0.1.0,"pdf_page_index=52,table_index=logical8,row_index=27"
OBS-202512-00082,2025-12,82,DHUPTALA OC [SASTI UG TO OC ],Western Coalfields Limited [WCL],400353,-,-,Maharashtra,02/2019,10/2021,03/2028,-,711.01,711.01,169.79,19,"DHUPTALA OC [SASTI UG TO OC ]
(Western Coalfields Limited [WCL])
(400353)","02/2019
(10/2021)","03/2028
(-)","711.01
(711.01)",SRC-2025-12,07f56e5457c63192ae7b5b4036f975f7eb058a3364a25a87cdc6ce2369082401,52,51,All Ongoing Projects,6,pdfplumber_table,twelve_month_gate2:0.1.0,"pdf_page_index=52,table_index=logical8,row_index=28"
OBS-202512-00083,2025-12,83,SAONER UG MINE -1 EXPANSION 1.,Western Coalfields Limited [WCL],615184,-,-,Maharashtra,01/2022,01/2022,03/2028,-,228.64,228.64,146.08,68,"SAONER UG MINE -1 EXPANSION 1.
(Western Coalfields Limited [WCL])
(615184)","01/2022
(01/2022)","03/2028
(-)","228.64
(228.64)",SRC-2025-12,07f56e5457c63192ae7b5b4036f975f7eb058a3364a25a87cdc6ce2369082401,52,51,All Ongoing Projects,6,pdfplumber_table,twelve_month_gate2:0.1.0,"pdf_page_index=52,table_index=logical8,row_index=29"
OBS-202512-00084,2025-12,84,SASTI EXPANSION OPENCAST,Western Coalfields Limited [WCL],615186,-,-,Maharashtra,08/2020,08/2020,03/2026,-,319.04,319.04,91.82,20,"SASTI EXPANSION OPENCAST
(Western Coalfields Limited [WCL])
(615186)","08/2020
(08/2020)","03/2026
(-)","319.04
(319.04)",SRC-2025-12,07f56e5457c63192ae7b5b4036f975f7eb058a3364a25a87cdc6ce2369082401,52,51,All Ongoing Projects,6,pdfplumber_table,twelve_month_gate2:0.1.0,"pdf_page_index=52,table_index=logical8,row_index=30"
OBS-202512-00085,2025-12,85,NEW MAJRI UG TO OC 3 MTY COST,Western Coalfields Limited [WCL],615188,-,-,Maharashtra,05/2019,09/2022,03/2027,-,402.27,402.27,60.25,24,"NEW MAJRI UG TO OC 3 MTY COST
(Western Coalfields Limited [WCL])
(615188)","05/2019
(09/2022)","03/2027
(-)","402.27
(402.27)",SRC-2025-12,07f56e5457c63192ae7b5b4036f975f7eb058a3364a25a87cdc6ce2369082401,52,51,All Ongoing Projects,6,pdfplumber_table,twelve_month_gate2:0.1.0,"pdf_page_index=52,table_index=logical8,row_index=31"
OBS-202512-00086,2025-12,86,MAKARDHOKRA EXPN OC 4.9 MTY,Western Coalfields Limited [WCL],615189,-,-,Maharashtra,06/2022,06/2022,03/2026,-,361.87,361.87,85.39,11,"MAKARDHOKRA EXPN OC 4.9 MTY
(Western Coalfields Limited [WCL])
(615189)","06/2022
(06/2022)","03/2026
(-)","361.87
(361.87)",SRC-2025-12,07f56e5457c63192ae7b5b4036f975f7eb058a3364a25a87cdc6ce2369082401,53,52,All Ongoing Projects,6,pdfplumber_table,twelve_month_gate2:0.1.0,"pdf_page_index=53,table_index=logical8,row_index=1"
OBS-202512-00087,2025-12,87,SINGHORI DEEP OC MIN 2.0 MTY,Western Coalfields Limited [WCL],615190,-,-,Maharashtra,05/2022,05/2022,03/2029,-,335.75,335.75,35.89,6,"SINGHORI DEEP OC MIN 2.0 MTY
(Western Coalfields Limited [WCL])
(615190)","05/2022
(05/2022)","03/2029
(-)","335.75
(335.75)",SRC-2025-12,07f56e5457c63192ae7b5b4036f975f7eb058a3364a25a87cdc6ce2369082401,53,52,All Ongoing Projects,6,pdfplumber_table,twelve_month_gate2:0.1.0,"pdf_page_index=53,table_index=logical8,row_index=2"
OBS-202512-00088,2025-12,88,GOKUL EXTENSION OC MINE,Western Coalfields Limited [WCL],615192,-,-,Maharashtra,04/2021,04/2021,03/2026,-,309.58,309.58,46.56,8,"GOKUL EXTENSION OC MINE
(Western Coalfields Limited [WCL])
(615192)","04/2021
(04/2021)","03/2026
(-)","309.58
(309.58)",SRC-2025-12,07f56e5457c63192ae7b5b4036f975f7eb058a3364a25a87cdc6ce2369082401,53,52,All Ongoing Projects,6,pdfplumber_table,twelve_month_gate2:0.1.0,"pdf_page_index=53,table_index=logical8,row_index=3"
OBS-202512-00089,2025-12,89,KOLGAON EXPANSION DEEP OC MINE,Western Coalfields Limited [WCL],615199,-,-,Maharashtra,01/2023,09/2023,03/2027,-,198.71,198.71,12.89,2,"KOLGAON EXPANSION DEEP OC MINE
(Western Coalfields Limited [WCL])
(615199)","01/2023
(09/2023)","03/2027
(-)","198.71
(198.71)",SRC-2025-12,07f56e5457c63192ae7b5b4036f975f7eb058a3364a25a87cdc6ce2369082401,53,52,All Ongoing Projects,6,pdfplumber_table,twelve_month_gate2:0.1.0,"pdf_page_index=53,table_index=logical8,row_index=4"
OBS-202512-00090,2025-12,90,BALLARPUR NORTH WEST OC MINE,Western Coalfields Limited [WCL],615330,-,-,Maharashtra,12/2022,12/2022,03/2029,-,360.81,360.81,0.02,4,"BALLARPUR NORTH WEST OC MINE
(Western Coalfields Limited [WCL])
(615330)","12/2022
(12/2022)","03/2029
(-)","360.81
(360.81)",SRC-2025-12,07f56e5457c63192ae7b5b4036f975f7eb058a3364a25a87cdc6ce2369082401,53,52,All Ongoing Projects,6,pdfplumber_table,twelve_month_gate2:0.1.0,"pdf_page_index=53,table_index=logical8,row_index=5"
OBS-202512-00091,2025-12,91,GADEGAON OC 3 MTY,Western Coalfields Limited [WCL],615331,-,-,Maharashtra,10/2023,10/2023,03/2030,-,497.41,497.41,0.08,0,"GADEGAON OC 3 MTY
(Western Coalfields Limited [WCL])
(615331)","10/2023
(10/2023)","03/2030
(-)","497.41
(497.41)",SRC-2025-12,07f56e5457c63192ae7b5b4036f975f7eb058a3364a25a87cdc6ce2369082401,53,52,All Ongoing Projects,6,pdfplumber_table,twelve_month_gate2:0.1.0,"pdf_page_index=53,table_index=logical8,row_index=6"
OBS-202512-00092,2025-12,92,GHONSA EXPANSION DEEP OC MINE,Western Coalfields Limited [WCL],615914,-,-,Maharashtra,03/2021,03/2021,03/2029,-,184.71,184.71,14.88,5,"GHONSA EXPANSION DEEP OC MINE
(Western Coalfields Limited [WCL])
(615914)","03/2021
(03/2021)","03/2029
(-)","184.71
(184.71)",SRC-2025-12,07f56e5457c63192ae7b5b4036f975f7eb058a3364a25a87cdc6ce2369082401,53,52,All Ongoing Projects,6,pdfplumber_table,twelve_month_gate2:0.1.0,"pdf_page_index=53,table_index=logical8,row_index=7"
OBS-202512-00093,2025-12,93,AMLG GAURI PAUNI EXPANSION OC,Western Coalfields Limited [WCL],615916,-,-,Maharashtra,04/2024,04/2024,03/2030,-,1225.21,1225.21,80.14,2,"AMLG GAURI PAUNI EXPANSION OC
(Western Coalfields Limited [WCL])
(615916)","04/2024
(04/2024)","03/2030
(-)","1225.21
(1225.21)",SRC-2025-12,07f56e5457c63192ae7b5b4036f975f7eb058a3364a25a87cdc6ce2369082401,53,52,All Ongoing Projects,6,pdfplumber_table,twelve_month_gate2:0.1.0,"pdf_page_index=53,table_index=logical8,row_index=8"
OBS-202512-00094,2025-12,94,GAURIDEEP/GAURI CENTRAL OCP 7.,Western Coalfields Limited [WCL],615917,-,-,Maharashtra,08/2023,06/2024,03/2030,-,973.07,973.07,0.67,0,"GAURIDEEP/GAURI CENTRAL OCP 7.
(Western Coalfields Limited [WCL])
(615917)","08/2023
(06/2024)","03/2030
(-)","973.07
(973.07)",SRC-2025-12,07f56e5457c63192ae7b5b4036f975f7eb058a3364a25a87cdc6ce2369082401,53,52,All Ongoing Projects,6,pdfplumber_table,twelve_month_gate2:0.1.0,"pdf_page_index=53,table_index=logical8,row_index=9"
OBS-202512-00095,2025-12,95,RPR OF BHANEGAON OC,Western Coalfields Limited [WCL],615918,-,-,Maharashtra,02/2017,09/2022,03/2028,-,405.2,405.2,12.64,7,"RPR OF BHANEGAON OC
(Western Coalfields Limited [WCL])
(615918)","02/2017
(09/2022)","03/2028
(-)","405.2
(405.2)",SRC-2025-12,07f56e5457c63192ae7b5b4036f975f7eb058a3364a25a87cdc6ce2369082401,53,52,All Ongoing Projects,6,pdfplumber_table,twelve_month_gate2:0.1.0,"pdf_page_index=53,table_index=logical8,row_index=10"
OBS-202512-00096,2025-12,96,N. EXTN. MUNGOLI NIRGUDA D OCP,Western Coalfields Limited [WCL],615919,-,-,Maharashtra,06/2024,06/2024,03/2029,-,1024.91,1024.91,175.86,0,"N. EXTN. MUNGOLI NIRGUDA D OCP
(Western Coalfields Limited [WCL])
(615919)","06/2024
(06/2024)","03/2029
(-)","1024.91
(1024.91)",SRC-2025-12,07f56e5457c63192ae7b5b4036f975f7eb058a3364a25a87cdc6ce2369082401,53,52,All Ongoing Projects,6,pdfplumber_table,twelve_month_gate2:0.1.0,"pdf_page_index=53,table_index=logical8,row_index=11"
OBS-202512-00097,2025-12,97,NILJAI EXPANSION DEEP OCP,Western Coalfields Limited [WCL],615982,-,-,Maharashtra,08/2016,08/2016,03/2022,03/2026,319.75,319.75,187.1,79,"NILJAI EXPANSION DEEP OCP
(Western Coalfields Limited [WCL])
(615982)","08/2016
(08/2016)","03/2022
(03/2026)","319.75
(319.75)",SRC-2025-12,07f56e5457c63192ae7b5b4036f975f7eb058a3364a25a87cdc6ce2369082401,53,52,All Ongoing Projects,6,pdfplumber_table,twelve_month_gate2:0.1.0,"pdf_page_index=53,table_index=logical8,row_index=12"
OBS-202512-00098,2025-12,98,UKNI DEEP OC MINE -COST PLUS,Western Coalfields Limited [WCL],616044,-,-,Maharashtra,11/2018,01/2019,03/2021,03/2026,237.06,237.06,165.81,87,"UKNI DEEP OC MINE -COST PLUS
(Western Coalfields Limited [WCL])
(616044)","11/2018
(01/2019)","03/2021
(03/2026)","237.06
(237.06)",SRC-2025-12,07f56e5457c63192ae7b5b4036f975f7eb058a3364a25a87cdc6ce2369082401,53,52,All Ongoing Projects,6,pdfplumber_table,twelve_month_gate2:0.1.0,"pdf_page_index=53,table_index=logical8,row_index=13"
OBS-202512-00099,2025-12,99,AMALGAMATED INDER-KAMPTEE DEEP,Western Coalfields Limited [WCL],616050,-,-,Maharashtra,09/2018,09/2018,03/2024,03/2026,235.9,235.9,132.25,98,"AMALGAMATED INDER-KAMPTEE DEEP
(Western Coalfields Limited [WCL])
(616050)","09/2018
(09/2018)","03/2024
(03/2026)","235.9
(235.9)",SRC-2025-12,07f56e5457c63192ae7b5b4036f975f7eb058a3364a25a87cdc6ce2369082401,53,52,All Ongoing Projects,6,pdfplumber_table,twelve_month_gate2:0.1.0,"pdf_page_index=53,table_index=logical8,row_index=14"
OBS-202512-00100,2025-12,100,ADASA UG TO OC MINE,Western Coalfields Limited [WCL],616223,-,-,Maharashtra,11/2018,11/2018,03/2024,03/2026,316,316,208.73,86,"ADASA UG TO OC MINE
(Western Coalfields Limited [WCL])
(616223)","11/2018
(11/2018)","03/2024
(03/2026)","316
(316)",SRC-2025-12,07f56e5457c63192ae7b5b4036f975f7eb058a3364a25a87cdc6ce2369082401,53,52,All Ongoing Projects,6,pdfplumber_table,twelve_month_gate2:0.1.0,"pdf_page_index=53,table_index=logical8,row_index=15"
OBS-202512-00101,2025-12,101,AMAL GONDEGAON GHATROHANA EXPN,Western Coalfields Limited [WCL],616229,-,-,Maharashtra,09/2024,09/2024,03/2029,-,668.54,668.54,1.19,0,"AMAL GONDEGAON GHATROHANA EXPN
(Western Coalfields Limited [WCL])
(616229)","09/2024
(09/2024)","03/2029
(-)","668.54
(668.54)",SRC-2025-12,07f56e5457c63192ae7b5b4036f975f7eb058a3364a25a87cdc6ce2369082401,53,52,All Ongoing Projects,6,pdfplumber_table,twelve_month_gate2:0.1.0,"pdf_page_index=53,table_index=logical8,row_index=16"
OBS-202512-00102,2025-12,102,WAGHODA UG MINE [1.02 MTY],Western Coalfields Limited [WCL],617233,-,-,Maharashtra,01/2024,01/2025,03/2030,-,379.3,379.3,0,0,"WAGHODA UG MINE [1.02 MTY]
(Western Coalfields Limited [WCL])
(617233)","01/2024
(01/2025)","03/2030
(-)","379.3
(379.3)",SRC-2025-12,07f56e5457c63192ae7b5b4036f975f7eb058a3364a25a87cdc6ce2369082401,53,52,All Ongoing Projects,6,pdfplumber_table,twelve_month_gate2:0.1.0,"pdf_page_index=53,table_index=logical8,row_index=17"
OBS-202512-00103,2025-12,103,KOLARPIMPRI EXPANSION OC [2.5,Western Coalfields Limited [WCL],617278,-,-,Maharashtra,06/2024,02/2025,03/2030,-,630.37,630.37,0,0,"KOLARPIMPRI EXPANSION OC [2.5
(Western Coalfields Limited [WCL])
(617278)","06/2024
(02/2025)","03/2030
(-)","630.37
(630.37)",SRC-2025-12,07f56e5457c63192ae7b5b4036f975f7eb058a3364a25a87cdc6ce2369082401,53,52,All Ongoing Projects,6,pdfplumber_table,twelve_month_gate2:0.1.0,"pdf_page_index=53,table_index=logical8,row_index=18"
OBS-202512-00104,2025-12,104,Master Plan for Jharia and Raniganj Coalfields,Bharat Coking Coal Limited [BCCL],400313,-,-,"Multi-States
(Jharkhand, West
Bengal)",08/2009,08/2009,08/2019,12/2028,2661.73,2661.73,792.93,43,"Master Plan for Jharia and Raniganj Coalfields
(Bharat Coking Coal Limited [BCCL])
(400313)","08/2009
(08/2009)","08/2019
(12/2028)","2661.73
(2661.73)",SRC-2025-12,07f56e5457c63192ae7b5b4036f975f7eb058a3364a25a87cdc6ce2369082401,53,52,All Ongoing Projects,6,pdfplumber_table,twelve_month_gate2:0.1.0,"pdf_page_index=53,table_index=logical8,row_index=19"
OBS-202512-00105,2025-12,105,BINA KAKRI AMALGAMATION EXPANS,Northern Coalfields Limited [NCL],400369,-,-,"Multi-States
(Madhya Pradesh,
Uttar Pradesh)",08/2020,08/2020,03/2024,03/2027,836.42,836.42,829.04,89,"BINA KAKRI AMALGAMATION EXPANS
(Northern Coalfields Limited [NCL])
(400369)","08/2020
(08/2020)","03/2024
(03/2027)","836.42
(836.42)",SRC-2025-12,07f56e5457c63192ae7b5b4036f975f7eb058a3364a25a87cdc6ce2369082401,53,52,All Ongoing Projects,6,pdfplumber_table,twelve_month_gate2:0.1.0,"pdf_page_index=53,table_index=logical8,row_index=20"
OBS-202512-00106,2025-12,106,KHADIA EXPANSION [10 TO 16 MTP,Northern Coalfields Limited [NCL],615183,-,-,"Multi-States
(Madhya Pradesh,
Uttar Pradesh)",06/2021,06/2021,03/2025,03/2027,491.67,491.67,258.02,52,"KHADIA EXPANSION [10 TO 16 MTP
(Northern Coalfields Limited [NCL])
(615183)","06/2021
(06/2021)","03/2025
(03/2027)","491.67
(491.67)",SRC-2025-12,07f56e5457c63192ae7b5b4036f975f7eb058a3364a25a87cdc6ce2369082401,53,52,All Ongoing Projects,6,pdfplumber_table,twelve_month_gate2:0.1.0,"pdf_page_index=53,table_index=logical8,row_index=21"
OBS-202512-00107,2025-12,107,SUBHADRA OCP,Mahanadi Coalfields Limited [MCL],400165,-,-,Odisha,05/2021,05/2021,04/2032,-,1693.81,1693.81,1326.59,42,"SUBHADRA OCP
(Mahanadi Coalfields Limited [MCL])
(400165)","05/2021
(05/2021)","04/2032
(-)","1693.81
(1693.81)",SRC-2025-12,07f56e5457c63192ae7b5b4036f975f7eb058a3364a25a87cdc6ce2369082401,53,52,All Ongoing Projects,6,pdfplumber_table,twelve_month_gate2:0.1.0,"pdf_page_index=53,table_index=logical8,row_index=22"
OBS-202512-00108,2025-12,108,SIARMAL OCP,Mahanadi Coalfields Limited [MCL],400166,-,-,Odisha,02/2021,02/2021,03/2029,-,5194.95,5194.95,3462.73,57,"SIARMAL OCP
(Mahanadi Coalfields Limited [MCL])
(400166)","02/2021
(02/2021)","03/2029
(-)","5194.95
(5194.95)",SRC-2025-12,07f56e5457c63192ae7b5b4036f975f7eb058a3364a25a87cdc6ce2369082401,53,52,All Ongoing Projects,6,pdfplumber_table,twelve_month_gate2:0.1.0,"pdf_page_index=53,table_index=logical8,row_index=23"
OBS-202512-00109,2025-12,109,BALARAM EXPANSION OCP,Mahanadi Coalfields Limited (MCL),400183,-,-,Odisha,08/2020,08/2020,03/2029,-,3504.21,3504.21,927.17,53,"BALARAM EXPANSION OCP
(Mahanadi Coalfields Limited (MCL))
(400183)","08/2020
(08/2020)","03/2029
(-)","3504.21
(3504.21)",SRC-2025-12,07f56e5457c63192ae7b5b4036f975f7eb058a3364a25a87cdc6ce2369082401,53,52,All Ongoing Projects,6,pdfplumber_table,twelve_month_gate2:0.1.0,"pdf_page_index=53,table_index=logical8,row_index=24"
OBS-202512-00110,2025-12,110,GOPALJI KANIHA OCP [10 TO 30 M,MCL - CIL,400185,-,-,Odisha,04/2022,04/2022,03/2030,-,8416.19,6107.87,1745.72,17,"GOPALJI KANIHA OCP [10 TO 30 M
(MCL - CIL)
(400185)","04/2022
(04/2022)","03/2030
(-)","8416.19
(6107.87)",SRC-2025-12,07f56e5457c63192ae7b5b4036f975f7eb058a3364a25a87cdc6ce2369082401,53,52,All Ongoing Projects,6,pdfplumber_table,twelve_month_gate2:0.1.0,"pdf_page_index=53,table_index=logical8,row_index=25"
OBS-202512-00111,2025-12,111,INTEGRATED LAKHANPUR-BELPAHAR-,Mahanadi Coalfields Limited [MCL],400187,-,-,Odisha,05/2018,05/2018,03/2027,-,2434.75,2434.75,1859.96,71,"INTEGRATED LAKHANPUR-BELPAHAR-
(Mahanadi Coalfields Limited [MCL])
(400187)","05/2018
(05/2018)","03/2027
(-)","2434.75
(2434.75)",SRC-2025-12,07f56e5457c63192ae7b5b4036f975f7eb058a3364a25a87cdc6ce2369082401,53,52,All Ongoing Projects,6,pdfplumber_table,twelve_month_gate2:0.1.0,"pdf_page_index=53,table_index=logical8,row_index=26"
OBS-202512-00112,2025-12,112,BHARATPUR RE-ORGANIZATION OCP,Mahanadi Coalfields Limited [MCL],400392,-,-,Odisha,11/2018,11/2018,03/2029,-,2838.86,2838.86,1676.51,48,"BHARATPUR RE-ORGANIZATION OCP
(Mahanadi Coalfields Limited [MCL])
(400392)","11/2018
(11/2018)","03/2029
(-)","2838.86
(2838.86)",SRC-2025-12,07f56e5457c63192ae7b5b4036f975f7eb058a3364a25a87cdc6ce2369082401,53,52,All Ongoing Projects,6,pdfplumber_table,twelve_month_gate2:0.1.0,"pdf_page_index=53,table_index=logical8,row_index=27"
OBS-202512-00113,2025-12,113,BASUNDHARA WEST EXTENSION OPEN,MCL - CIL,615193,-,-,Odisha,05/2014,05/2014,03/2019,03/2029,479.15,479.15,275.1,65,"BASUNDHARA WEST EXTENSION OPEN
(MCL - CIL)
(615193)","05/2014
(05/2014)","03/2019
(03/2029)","479.15
(479.15)",SRC-2025-12,07f56e5457c63192ae7b5b4036f975f7eb058a3364a25a87cdc6ce2369082401,53,52,All Ongoing Projects,6,pdfplumber_table,twelve_month_gate2:0.1.0,"pdf_page_index=53,table_index=logical8,row_index=28"
OBS-202512-00114,2025-12,114,Naini Coal Mine,Singareni Collieries Company Limited [SCCL],615857,-,-,Odisha,03/2020,03/2020,03/2026,-,494.3,494.3,491.33,80,"Naini Coal Mine
(Singareni Collieries Company Limited [SCCL])
(615857)","03/2020
(03/2020)","03/2026
(-)","494.3
(494.3)",SRC-2025-12,07f56e5457c63192ae7b5b4036f975f7eb058a3364a25a87cdc6ce2369082401,53,52,All Ongoing Projects,6,pdfplumber_table,twelve_month_gate2:0.1.0,"pdf_page_index=53,table_index=logical8,row_index=29"
OBS-202512-00115,2025-12,115,INTEGRATED KULDA GARJANBAHAL O,Mahanadi Coalfields Limited [MCL],616226,-,-,Odisha,04/2023,04/2023,03/2033,-,3563.5,3563.5,604.11,3,"INTEGRATED KULDA GARJANBAHAL O
(Mahanadi Coalfields Limited [MCL])
(616226)","04/2023
(04/2023)","03/2033
(-)","3563.5
(3563.5)",SRC-2025-12,07f56e5457c63192ae7b5b4036f975f7eb058a3364a25a87cdc6ce2369082401,53,52,All Ongoing Projects,6,pdfplumber_table,twelve_month_gate2:0.1.0,"pdf_page_index=53,table_index=logical8,row_index=30"
OBS-202512-00116,2025-12,116,BHUBANESWARI EXPN OCP 50 MTY,MCL - CIL,616231,-,-,Odisha,03/2024,03/2024,03/2033,-,5366.27,5366.27,472.43,29,"BHUBANESWARI EXPN OCP 50 MTY
(MCL - CIL)
(616231)","03/2024
(03/2024)","03/2033
(-)","5366.27
(5366.27)",SRC-2025-12,07f56e5457c63192ae7b5b4036f975f7eb058a3364a25a87cdc6ce2369082401,53,52,All Ongoing Projects,6,pdfplumber_table,twelve_month_gate2:0.1.0,"pdf_page_index=53,table_index=logical8,row_index=31"
OBS-202512-00117,2025-12,117,HINGULA II OC EXPN PH III 15 M,MCL - CIL,616232,-,-,Odisha,11/2022,11/2022,03/2029,-,1561.85,1561.85,274.97,24,"HINGULA II OC EXPN PH III 15 M
(MCL - CIL)
(616232)","11/2022
(11/2022)","03/2029
(-)","1561.85
(1561.85)",SRC-2025-12,07f56e5457c63192ae7b5b4036f975f7eb058a3364a25a87cdc6ce2369082401,54,53,All Ongoing Projects,6,pdfplumber_table,twelve_month_gate2:0.1.0,"pdf_page_index=54,table_index=logical8,row_index=1"
OBS-202512-00118,2025-12,118,BALABHADRA OCP,MCL - CIL,616233,-,-,Odisha,04/2023,04/2023,03/2030,-,978.44,978.44,214.56,12,"BALABHADRA OCP
(MCL - CIL)
(616233)","04/2023
(04/2023)","03/2030
(-)","978.44
(978.44)",SRC-2025-12,07f56e5457c63192ae7b5b4036f975f7eb058a3364a25a87cdc6ce2369082401,54,53,All Ongoing Projects,6,pdfplumber_table,twelve_month_gate2:0.1.0,"pdf_page_index=54,table_index=logical8,row_index=2"
OBS-202512-00119,2025-12,119,Talabira II & III OCP - FMC,NLC India Limited [NLCIL],618982,-,-,Odisha,10/2022,05/2023,06/2026,-,522.45,522.45,311.28,68,"Talabira II & III OCP - FMC
(NLC India Limited [NLCIL])
(618982)","10/2022
(05/2023)","06/2026
(-)","522.45
(522.45)",SRC-2025-12,07f56e5457c63192ae7b5b4036f975f7eb058a3364a25a87cdc6ce2369082401,54,53,All Ongoing Projects,6,pdfplumber_table,twelve_month_gate2:0.1.0,"pdf_page_index=54,table_index=logical8,row_index=3"
OBS-202512-00120,2025-12,120,Jawahar Khani Open Cast Mine,Singareni Collieries Company Limited [SCCL],615818,-,-,Telangana,12/2021,12/2021,03/2025,03/2027,297.88,297.88,47.06,20,"Jawahar Khani Open Cast Mine
(Singareni Collieries Company Limited [SCCL])
(615818)","12/2021
(12/2021)","03/2025
(03/2027)","297.88
(297.88)",SRC-2025-12,07f56e5457c63192ae7b5b4036f975f7eb058a3364a25a87cdc6ce2369082401,54,53,All Ongoing Projects,6,pdfplumber_table,twelve_month_gate2:0.1.0,"pdf_page_index=54,table_index=logical8,row_index=4"
OBS-202512-00121,2025-12,121,Kalyanikhani Opencast Project,Singareni Collieries Company Limited [SCCL],615858,-,-,Telangana,03/2016,05/2017,03/2026,-,384.32,384.32,284.94,75,"Kalyanikhani Opencast Project
(Singareni Collieries Company Limited [SCCL])
(615858)","03/2016
(05/2017)","03/2026
(-)","384.32
(384.32)",SRC-2025-12,07f56e5457c63192ae7b5b4036f975f7eb058a3364a25a87cdc6ce2369082401,54,53,All Ongoing Projects,6,pdfplumber_table,twelve_month_gate2:0.1.0,"pdf_page_index=54,table_index=logical8,row_index=5"
OBS-202512-00122,2025-12,122,Godavarikhani Coal Mine - 5,Singareni Collieries Company Limited [SCCL],615860,-,-,Telangana,07/2019,05/2019,03/2025,03/2026,607.04,607.04,196.67,71,"Godavarikhani Coal Mine - 5
(Singareni Collieries Company Limited [SCCL])
(615860)","07/2019
(05/2019)","03/2025
(03/2026)","607.04
(607.04)",SRC-2025-12,07f56e5457c63192ae7b5b4036f975f7eb058a3364a25a87cdc6ce2369082401,54,53,All Ongoing Projects,6,pdfplumber_table,twelve_month_gate2:0.1.0,"pdf_page_index=54,table_index=logical8,row_index=6"
OBS-202512-00123,2025-12,123,Indaram Opencast Project,Singareni Collieries Company Limited [SCCL],615861,-,-,Telangana,08/2017,12/2022,03/2025,03/2026,424.81,424.81,405.12,80,"Indaram Opencast Project
(Singareni Collieries Company Limited [SCCL])
(615861)","08/2017
(12/2022)","03/2025
(03/2026)","424.81
(424.81)",SRC-2025-12,07f56e5457c63192ae7b5b4036f975f7eb058a3364a25a87cdc6ce2369082401,54,53,All Ongoing Projects,6,pdfplumber_table,twelve_month_gate2:0.1.0,"pdf_page_index=54,table_index=logical8,row_index=7"
OBS-202512-00124,2025-12,124,Goleti Opencast Mine,Singareni Collieries Company Limited [SCCL],615862,-,-,Telangana,07/2021,08/2021,03/2026,-,345.6,345.6,80.24,21,"Goleti Opencast Mine
(Singareni Collieries Company Limited [SCCL])
(615862)","07/2021
(08/2021)","03/2026
(-)","345.6
(345.6)",SRC-2025-12,07f56e5457c63192ae7b5b4036f975f7eb058a3364a25a87cdc6ce2369082401,54,53,All Ongoing Projects,6,pdfplumber_table,twelve_month_gate2:0.1.0,"pdf_page_index=54,table_index=logical8,row_index=8"
OBS-202512-00125,2025-12,125,Venkatesh Khani Coal Mine,Singareni Collieries Company Limited [SCCL],615863,-,-,Telangana,10/2020,06/2020,03/2026,-,484.5,484.5,477.14,97,"Venkatesh Khani Coal Mine
(Singareni Collieries Company Limited [SCCL])
(615863)","10/2020
(06/2020)","03/2026
(-)","484.5
(484.5)",SRC-2025-12,07f56e5457c63192ae7b5b4036f975f7eb058a3364a25a87cdc6ce2369082401,54,53,All Ongoing Projects,6,pdfplumber_table,twelve_month_gate2:0.1.0,"pdf_page_index=54,table_index=logical8,row_index=9"
OBS-202512-00126,2025-12,126,Kakatiyakhani OC - 2 Project,Singareni Collieries Company Limited [SCCL],615865,-,-,Telangana,08/2017,09/2017,03/2025,03/2026,442.42,442.42,230.39,63,"Kakatiyakhani OC - 2 Project
(Singareni Collieries Company Limited [SCCL])
(615865)","08/2017
(09/2017)","03/2025
(03/2026)","442.42
(442.42)",SRC-2025-12,07f56e5457c63192ae7b5b4036f975f7eb058a3364a25a87cdc6ce2369082401,54,53,All Ongoing Projects,6,pdfplumber_table,twelve_month_gate2:0.1.0,"pdf_page_index=54,table_index=logical8,row_index=10"
OBS-202512-00127,2025-12,127,MOHANPUR EXPANSION OC -PHASE I,Eastern Coal Fields Limited [ECL],400173,-,-,West Bengal,11/2020,11/2020,03/2026,03/2030,888.99,888.99,119.09,30,"MOHANPUR EXPANSION OC -PHASE I
(Eastern Coal Fields Limited [ECL])
(400173)","11/2020
(11/2020)","03/2026
(03/2030)","888.99
(888.99)",SRC-2025-12,07f56e5457c63192ae7b5b4036f975f7eb058a3364a25a87cdc6ce2369082401,54,53,All Ongoing Projects,6,pdfplumber_table,twelve_month_gate2:0.1.0,"pdf_page_index=54,table_index=logical8,row_index=11"
OBS-202512-00128,2025-12,128,BONJEMEHARI EXPANSION OCP,Eastern Coal Fields Limited [ECL],400180,-,-,West Bengal,08/2021,08/2021,03/2026,03/2030,570.11,570.11,83.36,16,"BONJEMEHARI EXPANSION OCP
(Eastern Coal Fields Limited [ECL])
(400180)","08/2021
(08/2021)","03/2026
(03/2030)","570.11
(570.11)",SRC-2025-12,07f56e5457c63192ae7b5b4036f975f7eb058a3364a25a87cdc6ce2369082401,54,53,All Ongoing Projects,6,pdfplumber_table,twelve_month_gate2:0.1.0,"pdf_page_index=54,table_index=logical8,row_index=12"
OBS-202512-00129,2025-12,129,NAKRAKONDA KUMARDIH- B OCP,Eastern Coal Fields Limited [ECL],400181,-,-,West Bengal,08/2018,08/2018,03/2029,-,502.68,502.67,71.85,26,"NAKRAKONDA KUMARDIH- B OCP
(Eastern Coal Fields Limited [ECL])
(400181)","08/2018
(08/2018)","03/2029
(-)","502.68
(502.67)",SRC-2025-12,07f56e5457c63192ae7b5b4036f975f7eb058a3364a25a87cdc6ce2369082401,54,53,All Ongoing Projects,6,pdfplumber_table,twelve_month_gate2:0.1.0,"pdf_page_index=54,table_index=logical8,row_index=13"
OBS-202512-00130,2025-12,130,SIDULI [OC & UG],ECL - CIL,400182,-,-,West Bengal,05/2018,05/2018,03/2027,03/2030,535.18,535.17,5.32,14,"SIDULI [OC & UG]
(ECL - CIL)
(400182)","05/2018
(05/2018)","03/2027
(03/2030)","535.18
(535.17)",SRC-2025-12,07f56e5457c63192ae7b5b4036f975f7eb058a3364a25a87cdc6ce2369082401,54,53,All Ongoing Projects,6,pdfplumber_table,twelve_month_gate2:0.1.0,"pdf_page_index=54,table_index=logical8,row_index=14"
OBS-202512-00131,2025-12,131,TILABONI UG,Eastern Coal Fields Limited [ECL],400186,-,-,West Bengal,01/2023,01/2023,03/2029,-,749.08,749.07,52.89,10,"TILABONI UG
(Eastern Coal Fields Limited [ECL])
(400186)","01/2023
(01/2023)","03/2029
(-)","749.08
(749.07)",SRC-2025-12,07f56e5457c63192ae7b5b4036f975f7eb058a3364a25a87cdc6ce2369082401,54,53,All Ongoing Projects,6,pdfplumber_table,twelve_month_gate2:0.1.0,"pdf_page_index=54,table_index=logical8,row_index=15"
OBS-202512-00132,2025-12,132,JHANJRA EXPANSION UG,Eastern Coal Fields Limited [ECL],400312,-,-,West Bengal,04/2020,04/2020,03/2029,-,1210.12,1210.12,550.2,44,"JHANJRA EXPANSION UG
(Eastern Coal Fields Limited [ECL])
(400312)","04/2020
(04/2020)","03/2029
(-)","1210.12
(1210.12)",SRC-2025-12,07f56e5457c63192ae7b5b4036f975f7eb058a3364a25a87cdc6ce2369082401,54,53,All Ongoing Projects,6,pdfplumber_table,twelve_month_gate2:0.1.0,"pdf_page_index=54,table_index=logical8,row_index=16"
OBS-202512-00133,2025-12,133,SONEPUR BAZARI EXPANSION OCP [,Eastern Coal Fields Limited [ECL],400315,-,-,West Bengal,07/2021,07/2021,03/2029,-,5365.88,5365.88,596.74,17,"SONEPUR BAZARI EXPANSION OCP [
(Eastern Coal Fields Limited [ECL])
(400315)","07/2021
(07/2021)","03/2029
(-)","5365.88
(5365.88)",SRC-2025-12,07f56e5457c63192ae7b5b4036f975f7eb058a3364a25a87cdc6ce2369082401,54,53,All Ongoing Projects,6,pdfplumber_table,twelve_month_gate2:0.1.0,"pdf_page_index=54,table_index=logical8,row_index=17"
OBS-202512-00134,2025-12,134,2.0 MTPA BHOJUDIH NLW WASHERY,Ministry of Coal,611016,-,-,West Bengal,12/2015,03/2019,09/2020,12/2025,384.57,384.57,358.11,97,"2.0 MTPA BHOJUDIH NLW WASHERY
(Ministry of Coal)
(611016)","12/2015
(03/2019)","09/2020
(12/2025)","384.57
(384.57)",SRC-2025-12,07f56e5457c63192ae7b5b4036f975f7eb058a3364a25a87cdc6ce2369082401,54,53,All Ongoing Projects,6,pdfplumber_table,twelve_month_gate2:0.1.0,"pdf_page_index=54,table_index=logical8,row_index=18"
OBS-202512-00135,2025-12,135,ITAPARA OCP,Eastern Coal Fields Limited [ECL],612816,-,-,West Bengal,12/2023,12/2023,03/2030,-,929.1,929.1,69.88,7,"ITAPARA OCP
(Eastern Coal Fields Limited [ECL])
(612816)","12/2023
(12/2023)","03/2030
(-)","929.1
(929.1)",SRC-2025-12,07f56e5457c63192ae7b5b4036f975f7eb058a3364a25a87cdc6ce2369082401,54,53,All Ongoing Projects,6,pdfplumber_table,twelve_month_gate2:0.1.0,"pdf_page_index=54,table_index=logical8,row_index=19"
OBS-202512-00136,2025-12,136,SHYAMSUNDARPUR UG INCLUDING SA,Eastern Coal Fields Limited [ECL],613793,-,-,West Bengal,04/2020,04/2020,03/2026,03/2028,483.65,483.65,61.75,16,"SHYAMSUNDARPUR UG INCLUDING SA
(Eastern Coal Fields Limited [ECL])
(613793)","04/2020
(04/2020)","03/2026
(03/2028)","483.65
(483.65)",SRC-2025-12,07f56e5457c63192ae7b5b4036f975f7eb058a3364a25a87cdc6ce2369082401,54,53,All Ongoing Projects,6,pdfplumber_table,twelve_month_gate2:0.1.0,"pdf_page_index=54,table_index=logical8,row_index=20"
OBS-202512-00137,2025-12,137,PARASEA-BELBAID UG PROJECT,Eastern Coal Fields Limited [ECL],613794,-,-,West Bengal,01/2023,01/2023,03/2028,-,389.1,389.1,132.48,21,"PARASEA-BELBAID UG PROJECT
(Eastern Coal Fields Limited [ECL])
(613794)","01/2023
(01/2023)","03/2028
(-)","389.1
(389.1)",SRC-2025-12,07f56e5457c63192ae7b5b4036f975f7eb058a3364a25a87cdc6ce2369082401,54,53,All Ongoing Projects,6,pdfplumber_table,twelve_month_gate2:0.1.0,"pdf_page_index=54,table_index=logical8,row_index=21"
OBS-202512-00138,2025-12,138,PARASCOLE JAMBAD OCP,Eastern Coal Fields Limited [ECL],616230,-,-,West Bengal,11/2024,11/2024,03/2037,-,1193.55,1193.55,10.9,0,"PARASCOLE JAMBAD OCP
(Eastern Coal Fields Limited [ECL])
(616230)","11/2024
(11/2024)","03/2037
(-)","1193.55
(1193.55)",SRC-2025-12,07f56e5457c63192ae7b5b4036f975f7eb058a3364a25a87cdc6ce2369082401,54,53,All Ongoing Projects,6,pdfplumber_table,twelve_month_gate2:0.1.0,"pdf_page_index=54,table_index=logical8,row_index=22"
OBS-202512-00139,2025-12,139,50 MW Wind Power Project,NLC India Limited [NLCIL],617299,-,-,Gujarat,07/2022,01/2024,06/2025,01/2026,383.84,383.84,323.92,51,"50 MW Wind Power Project
(NLC India Limited [NLCIL])
(617299)","07/2022
(01/2024)","06/2025
(01/2026)","383.84
(383.84)",SRC-2025-12,07f56e5457c63192ae7b5b4036f975f7eb058a3364a25a87cdc6ce2369082401,54,53,All Ongoing Projects,6,pdfplumber_table,twelve_month_gate2:0.1.0,"pdf_page_index=54,table_index=logical8,row_index=25"
OBS-202512-00140,2025-12,140,600 MW Khavda Solar Power Project,NLC India Limited [NLCIL],617730,-,-,Gujarat,08/2023,06/2024,06/2026,-,3335.85,3335.85,1143.13,25,"600 MW Khavda Solar Power Project
(NLC India Limited [NLCIL])
(617730)","08/2023
(06/2024)","06/2026
(-)","3335.85
(3335.85)",SRC-2025-12,07f56e5457c63192ae7b5b4036f975f7eb058a3364a25a87cdc6ce2369082401,54,53,All Ongoing Projects,6,pdfplumber_table,twelve_month_gate2:0.1.0,"pdf_page_index=54,table_index=logical8,row_index=26"
OBS-202512-00141,2025-12,141,200 MW SPP part of 510 MW CPSU scheme,NLC India Limited [NLCIL],618991,-,-,Gujarat,07/2022,03/2024,12/2026,-,1221.41,1221.41,61.81,0,"200 MW SPP part of 510 MW CPSU scheme
(NLC India Limited [NLCIL])
(618991)","07/2022
(03/2024)","12/2026
(-)","1221.41
(1221.41)",SRC-2025-12,07f56e5457c63192ae7b5b4036f975f7eb058a3364a25a87cdc6ce2369082401,54,53,All Ongoing Projects,6,pdfplumber_table,twelve_month_gate2:0.1.0,"pdf_page_index=54,table_index=logical8,row_index=27"
OBS-202512-00142,2025-12,142,100 MW SPP part of SECI 150 MW Hybrid,NLC India Limited [NLCIL],618992,-,-,Gujarat,07/2022,04/2024,12/2026,-,480.68,480.68,2.52,1,"100 MW SPP part of SECI 150 MW Hybrid
(NLC India Limited [NLCIL])
(618992)","07/2022
(04/2024)","12/2026
(-)","480.68
(480.68)",SRC-2025-12,07f56e5457c63192ae7b5b4036f975f7eb058a3364a25a87cdc6ce2369082401,54,53,All Ongoing Projects,6,pdfplumber_table,twelve_month_gate2:0.1.0,"pdf_page_index=54,table_index=logical8,row_index=28"
OBS-202512-00143,2025-12,143,NLC Talabira Thermal Power Project,NLC India Limited [NLCIL],400231,-,-,Odisha,01/2017,01/2024,03/2030,-,27212.96,27213,2607.89,1,"NLC Talabira Thermal Power Project
(NLC India Limited [NLCIL])
(400231)","01/2017
(01/2024)","03/2030
(-)","27212.96
(27213)",SRC-2025-12,07f56e5457c63192ae7b5b4036f975f7eb058a3364a25a87cdc6ce2369082401,54,53,All Ongoing Projects,6,pdfplumber_table,twelve_month_gate2:0.1.0,"pdf_page_index=54,table_index=logical8,row_index=29"
OBS-202512-00144,2025-12,144,300 MW SPP part of 510 MW CPSU scheme,NLC India Limited [NLCIL],612819,-,-,Rajasthan,07/2022,03/2023,09/2024,12/2025,1813,1813,1627.06,93,"300 MW SPP part of 510 MW CPSU scheme
(NLC India Limited [NLCIL])
(612819)","07/2022
(03/2023)","09/2024
(12/2025)","1813
(1813)",SRC-2025-12,07f56e5457c63192ae7b5b4036f975f7eb058a3364a25a87cdc6ce2369082401,54,53,All Ongoing Projects,6,pdfplumber_table,twelve_month_gate2:0.1.0,"pdf_page_index=54,table_index=logical8,row_index=30"
OBS-202512-00145,2025-12,145,50 MW Solar PP Minedout Area,NLC India Limited [NLCIL],615327,-,-,Tamil Nadu,08/2023,02/2024,03/2025,12/2025,218.03,218.03,165.5,85,"50 MW Solar PP Minedout Area
(NLC India Limited [NLCIL])
(615327)","08/2023
(02/2024)","03/2025
(12/2025)","218.03
(218.03)",SRC-2025-12,07f56e5457c63192ae7b5b4036f975f7eb058a3364a25a87cdc6ce2369082401,54,53,All Ongoing Projects,6,pdfplumber_table,twelve_month_gate2:0.1.0,"pdf_page_index=54,table_index=logical8,row_index=31"
OBS-202512-00146,2025-12,146,Ghatampur Thermal Power Plant 3 X 660 MW,NLC India Limited [NLCIL],400259,-,-,Uttar Pradesh,07/2016,08/2016,11/2020,03/2026,17237.8,21780.9,20743.86,94,"Ghatampur Thermal Power Plant 3 X 660 MW
(NLC India Limited [NLCIL])
(400259)","07/2016
(08/2016)","11/2020
(03/2026)","17237.8
(21780.9)",SRC-2025-12,07f56e5457c63192ae7b5b4036f975f7eb058a3364a25a87cdc6ce2369082401,54,53,All Ongoing Projects,6,pdfplumber_table,twelve_month_gate2:0.1.0,"pdf_page_index=54,table_index=logical8,row_index=32"
OBS-202512-00147,2025-12,147,Dharamjaigarh-Korba,Railway,400203,-,-,Chhattisgarh,05/2018,03/2017,12/2026,08/2026,1686.22,1686.22,484.26,42,"Dharamjaigarh-Korba
(Railway)
(400203)","05/2018
(03/2017)","12/2026
(08/2026)","1686.22
(1686.22)",SRC-2025-12,07f56e5457c63192ae7b5b4036f975f7eb058a3364a25a87cdc6ce2369082401,55,54,All Ongoing Projects,6,pdfplumber_table,twelve_month_gate2:0.1.0,"pdf_page_index=55,table_index=logical8,row_index=3"
OBS-202512-00148,2025-12,148,"Shivpur-Kathautia New Rail [BG] Line [49 km] [Package II of Tori-Shivpur-Kathautia
line]",Ministry of Coal,400416,-,-,Jharkhand,02/2018,05/2022,06/2025,06/2026,1799.64,2564.34,1489.74,64,"Shivpur-Kathautia New Rail [BG] Line [49 km] [Package II of Tori-Shivpur-Kathautia
line]
(Ministry of Coal)
(400416)","02/2018
(05/2022)","06/2025
(06/2026)","1799.64
(2564.34)",SRC-2025-12,07f56e5457c63192ae7b5b4036f975f7eb058a3364a25a87cdc6ce2369082401,55,54,All Ongoing Projects,6,pdfplumber_table,twelve_month_gate2:0.1.0,"pdf_page_index=55,table_index=logical8,row_index=4"
OBS-202512-00149,2025-12,149,Tubed Coal Mine,Damodar Valley Corporation,400192,-,-,Jharkhand,07/2016,10/2016,05/2026,05/2026,1581,1581,599.18,36,"Tubed Coal Mine
(Damodar Valley Corporation)
(400192)","07/2016
(10/2016)","05/2026
(05/2026)","1581
(1581)",SRC-2025-12,07f56e5457c63192ae7b5b4036f975f7eb058a3364a25a87cdc6ce2369082401,55,54,All Ongoing Projects,6,pdfplumber_table,twelve_month_gate2:0.1.0,"pdf_page_index=55,table_index=logical8,row_index=8"
OBS-202512-00150,2025-12,150,Badam Coal Mining project of NTPC,National Thermal Power Corporation [NTPC],603293,-,-,Jharkhand,02/2019,09/2019,12/2056,04/2027,502,784,388.29,59,"Badam Coal Mining project of NTPC
(National Thermal Power Corporation [NTPC])
(603293)","02/2019
(09/2019)","12/2056
(04/2027)","502
(784)",SRC-2025-12,07f56e5457c63192ae7b5b4036f975f7eb058a3364a25a87cdc6ce2369082401,55,54,All Ongoing Projects,6,pdfplumber_table,twelve_month_gate2:0.1.0,"pdf_page_index=55,table_index=logical8,row_index=9"
OBS-202512-00151,2025-12,151,Dibang Multipurpose Project,National Hydroelectric Power Corporation Limited (NHPC),602182,-,-,Arunachal Pradesh,02/2023,02/2023,02/2032,02/2032,31876.39,31876.4,3861.98,16,"Dibang Multipurpose Project
(National Hydroelectric Power Corporation Limited (NHPC))
(602182)","02/2023
(02/2023)","02/2032
(02/2032)","31876.39
(31876.4)",SRC-2025-12,07f56e5457c63192ae7b5b4036f975f7eb058a3364a25a87cdc6ce2369082401,55,54,All Ongoing Projects,6,pdfplumber_table,twelve_month_gate2:0.1.0,"pdf_page_index=55,table_index=logical8,row_index=12"
OBS-202512-00152,2025-12,152,240MW Heo HE Project,North Eastern Electric Power Corporation Limited,611698,-,-,Arunachal Pradesh,12/2024,05/2025,07/2029,-,1938.85,1938.85,66.73,3,"240MW Heo HE Project
(North Eastern Electric Power Corporation Limited)
(611698)","12/2024
(05/2025)","07/2029
(-)","1938.85
(1938.85)",SRC-2025-12,07f56e5457c63192ae7b5b4036f975f7eb058a3364a25a87cdc6ce2369082401,55,54,All Ongoing Projects,6,pdfplumber_table,twelve_month_gate2:0.1.0,"pdf_page_index=55,table_index=logical8,row_index=13"
OBS-202512-00153,2025-12,153,186 MW Tato-I H E Project,North Eastern Electric Power Corporation Limited,611699,-,-,Arunachal Pradesh,12/2024,05/2025,07/2029,-,1750.07,1750.07,61.45,2,"186 MW Tato-I H E Project
(North Eastern Electric Power Corporation Limited)
(611699)","12/2024
(05/2025)","07/2029
(-)","1750.07
(1750.07)",SRC-2025-12,07f56e5457c63192ae7b5b4036f975f7eb058a3364a25a87cdc6ce2369082401,55,54,All Ongoing Projects,6,pdfplumber_table,twelve_month_gate2:0.1.0,"pdf_page_index=55,table_index=logical8,row_index=14"
OBS-202512-00154,2025-12,154,Buxar Thermal Power Project [1320 MW],Satluj Jal Vidyut Nigam [SJVN] Thermal Limited,602579,-,-,Bihar,03/2019,06/2019,01/2024,12/2025,10439.09,13756.6,12911.13,93,"Buxar Thermal Power Project [1320 MW]
(Satluj Jal Vidyut Nigam [SJVN] Thermal Limited)
(602579)","03/2019
(06/2019)","01/2024
(12/2025)","10439.09
(13756.6)",SRC-2025-12,07f56e5457c63192ae7b5b4036f975f7eb058a3364a25a87cdc6ce2369082401,55,54,All Ongoing Projects,6,pdfplumber_table,twelve_month_gate2:0.1.0,"pdf_page_index=55,table_index=logical8,row_index=15"
OBS-202512-00155,2025-12,155,Lara Super Thermal Power Project Stage-II [2 x 800 MW],National Thermal Power Corporation [NTPC],611930,-,-,Chhattisgarh,08/2023,08/2023,06/2028,09/2028,15530,16106,3498.35,21,"Lara Super Thermal Power Project Stage-II [2 x 800 MW]
(National Thermal Power Corporation [NTPC])
(611930)","08/2023
(08/2023)","06/2028
(09/2028)","15530
(16106)",SRC-2025-12,07f56e5457c63192ae7b5b4036f975f7eb058a3364a25a87cdc6ce2369082401,55,54,All Ongoing Projects,6,pdfplumber_table,twelve_month_gate2:0.1.0,"pdf_page_index=55,table_index=logical8,row_index=16"
OBS-202512-00156,2025-12,156,"Sipat Super Thermal Power Project, Stage-III [1x800 MW]",National Thermal Power Corporation [NTPC],617188,-,-,Chhattisgarh,09/2024,09/2024,09/2029,-,9791,9791,1054.25,8,"Sipat Super Thermal Power Project, Stage-III [1x800 MW]
(National Thermal Power Corporation [NTPC])
(617188)","09/2024
(09/2024)","09/2029
(-)","9791
(9791)",SRC-2025-12,07f56e5457c63192ae7b5b4036f975f7eb058a3364a25a87cdc6ce2369082401,55,54,All Ongoing Projects,6,pdfplumber_table,twelve_month_gate2:0.1.0,"pdf_page_index=55,table_index=logical8,row_index=17"
OBS-202512-00157,2025-12,157,Bagodara Solar Power Project,Satluj Jal Vidyut Nigam [SJVN] Thermal Limited,709747,-,-,Gujarat,03/2021,05/2021,12/2025,12/2025,339.35,339.35,317.59,51,"Bagodara Solar Power Project
(Satluj Jal Vidyut Nigam [SJVN] Thermal Limited)
(709747)","03/2021
(05/2021)","12/2025
(12/2025)","339.35
(339.35)",SRC-2025-12,07f56e5457c63192ae7b5b4036f975f7eb058a3364a25a87cdc6ce2369082401,55,54,All Ongoing Projects,6,pdfplumber_table,twelve_month_gate2:0.1.0,"pdf_page_index=55,table_index=logical8,row_index=18"
OBS-202512-00158,2025-12,158,Dhaulasidh Hydro Electric Project [66 MW],Satluj Jal Vidyut Nigam [SJVN] Thermal Limited,602582,-,-,Himachal Pradesh,10/2020,05/2021,11/2025,03/2027,687.97,1561.21,1027.23,72,"Dhaulasidh Hydro Electric Project [66 MW]
(Satluj Jal Vidyut Nigam [SJVN] Thermal Limited)
(602582)","10/2020
(05/2021)","11/2025
(03/2027)","687.97
(1561.21)",SRC-2025-12,07f56e5457c63192ae7b5b4036f975f7eb058a3364a25a87cdc6ce2369082401,55,54,All Ongoing Projects,6,pdfplumber_table,twelve_month_gate2:0.1.0,"pdf_page_index=55,table_index=logical8,row_index=19"
OBS-202512-00159,2025-12,159,Luhri Stage-I Hydro Electric Project [210 MW],Satluj Jal Vidyut Nigam [SJVN] Thermal Limited,602593,-,-,Himachal Pradesh,11/2020,11/2020,01/2026,02/2030,1810.56,4681.64,1841.71,51,"Luhri Stage-I Hydro Electric Project [210 MW]
(Satluj Jal Vidyut Nigam [SJVN] Thermal Limited)
(602593)","11/2020
(11/2020)","01/2026
(02/2030)","1810.56
(4681.64)",SRC-2025-12,07f56e5457c63192ae7b5b4036f975f7eb058a3364a25a87cdc6ce2369082401,55,54,All Ongoing Projects,6,pdfplumber_table,twelve_month_gate2:0.1.0,"pdf_page_index=55,table_index=logical8,row_index=20"
OBS-202512-00160,2025-12,160,382 MW Sunni Dam HEP,Satluj Jal Vidyut Nigam [SJVN] Thermal Limited,602633,-,-,Himachal Pradesh,NA,04/2018,03/2027,-,2615,2615,495.57,0.5,"382 MW Sunni Dam HEP
(Satluj Jal Vidyut Nigam [SJVN] Thermal Limited)
(602633)","NA
(04/2018)","03/2027
(-)","2615
(2615)",SRC-2025-12,07f56e5457c63192ae7b5b4036f975f7eb058a3364a25a87cdc6ce2369082401,55,54,All Ongoing Projects,6,pdfplumber_table,twelve_month_gate2:0.1.0,"pdf_page_index=55,table_index=logical8,row_index=21"
OBS-202512-00161,2025-12,161,Sunni Dam Hydro Electric Project [382 MW],Satluj Jal Vidyut Nigam [SJVN] Thermal Limited,611586,-,-,Himachal Pradesh,01/2023,01/2023,04/2028,12/2029,2614.51,4925.87,1025.3,31,"Sunni Dam Hydro Electric Project [382 MW]
(Satluj Jal Vidyut Nigam [SJVN] Thermal Limited)
(611586)","01/2023
(01/2023)","04/2028
(12/2029)","2614.51
(4925.87)",SRC-2025-12,07f56e5457c63192ae7b5b4036f975f7eb058a3364a25a87cdc6ce2369082401,55,54,All Ongoing Projects,6,pdfplumber_table,twelve_month_gate2:0.1.0,"pdf_page_index=55,table_index=logical8,row_index=22"
OBS-202512-00162,2025-12,162,"Pakal Dul [Drangdhuran] Hydroelectric Project, 1000 MW",National Hydroelectric Power Corporation Limited [NHPC],602525,-,-,"Jammu and
Kashmir",10/2014,02/2018,04/2020,12/2026,8112.12,12728,8057.69,77,"Pakal Dul [Drangdhuran] Hydroelectric Project, 1000 MW
(National Hydroelectric Power Corporation Limited [NHPC])
(602525)","10/2014
(02/2018)","04/2020
(12/2026)","8112.12
(12728)",SRC-2025-12,07f56e5457c63192ae7b5b4036f975f7eb058a3364a25a87cdc6ce2369082401,55,54,All Ongoing Projects,6,pdfplumber_table,twelve_month_gate2:0.1.0,"pdf_page_index=55,table_index=logical8,row_index=23"
OBS-202512-00163,2025-12,163,Kiru HE Project,National Hydroelectric Power Corporation Limited [NHPC],602532,-,-,"Jammu and
Kashmir",03/2019,02/2020,09/2023,12/2026,4287.59,5409,3313.59,75,"Kiru HE Project
(National Hydroelectric Power Corporation Limited [NHPC])
(602532)","03/2019
(02/2020)","09/2023
(12/2026)","4287.59
(5409)",SRC-2025-12,07f56e5457c63192ae7b5b4036f975f7eb058a3364a25a87cdc6ce2369082401,55,54,All Ongoing Projects,6,pdfplumber_table,twelve_month_gate2:0.1.0,"pdf_page_index=55,table_index=logical8,row_index=24"
OBS-202512-00164,2025-12,164,"Ratle HE Project - 850 MW, Ratle Hydroelectric Power Corporation Limited.",National Hydroelectric Power Corporation Limited [NHPC],602535,-,-,"Jammu and
Kashmir",02/2021,01/2022,02/2026,11/2028,5281.94,5281.94,1384.07,26,"Ratle HE Project - 850 MW, Ratle Hydroelectric Power Corporation Limited.
(National Hydroelectric Power Corporation Limited [NHPC])
(602535)","02/2021
(01/2022)","02/2026
(11/2028)","5281.94
(5281.94)",SRC-2025-12,07f56e5457c63192ae7b5b4036f975f7eb058a3364a25a87cdc6ce2369082401,55,54,All Ongoing Projects,6,pdfplumber_table,twelve_month_gate2:0.1.0,"pdf_page_index=55,table_index=logical8,row_index=25"
OBS-202512-00165,2025-12,165,Kwar HE Project,National Hydroelectric Power Corporation Limited [NHPC],605155,-,-,"Jammu and
Kashmir",05/2022,11/2022,11/2026,03/2028,4526.12,4526.12,1203.55,26,"Kwar HE Project
(National Hydroelectric Power Corporation Limited [NHPC])
(605155)","05/2022
(11/2022)","11/2026
(03/2028)","4526.12
(4526.12)",SRC-2025-12,07f56e5457c63192ae7b5b4036f975f7eb058a3364a25a87cdc6ce2369082401,55,54,All Ongoing Projects,6,pdfplumber_table,twelve_month_gate2:0.1.0,"pdf_page_index=55,table_index=logical8,row_index=26"
OBS-202512-00166,2025-12,166,Patratu Thermal Power Station Expansion Project Phase-I [3x800 MW],National Thermal Power Corporation [NTPC],400261,-,-,Jharkhand,11/2017,11/2017,03/2023,02/2027,18668,20302,18166,86,"Patratu Thermal Power Station Expansion Project Phase-I [3x800 MW]
(National Thermal Power Corporation [NTPC])
(400261)","11/2017
(11/2017)","03/2023
(02/2027)","18668
(20302)",SRC-2025-12,07f56e5457c63192ae7b5b4036f975f7eb058a3364a25a87cdc6ce2369082401,55,54,All Ongoing Projects,6,pdfplumber_table,twelve_month_gate2:0.1.0,"pdf_page_index=55,table_index=logical8,row_index=27"
OBS-202512-00167,2025-12,167,"Koderma Thermal Power Station Phase II [2X800 MW] At Koderma, Jharkhand",Damodar Valley Corporation,611509,-,-,Jharkhand,04/2023,11/2024,03/2029,-,14358,14358,1538.88,6,"Koderma Thermal Power Station Phase II [2X800 MW] At Koderma, Jharkhand
(Damodar Valley Corporation)
(611509)","04/2023
(11/2024)","03/2029
(-)","14358
(14358)",SRC-2025-12,07f56e5457c63192ae7b5b4036f975f7eb058a3364a25a87cdc6ce2369082401,55,54,All Ongoing Projects,6,pdfplumber_table,twelve_month_gate2:0.1.0,"pdf_page_index=55,table_index=logical8,row_index=28"
OBS-202512-00168,2025-12,168,"Gadarwara Super Thermal Power Project, Stage-II [3x800 MW]",National Thermal Power Corporation [NTPC],618976,-,-,Madhya Pradesh,11/2024,05/2025,03/2030,-,20446,20446,1145.83,4,"Gadarwara Super Thermal Power Project, Stage-II [3x800 MW]
(National Thermal Power Corporation [NTPC])
(618976)","11/2024
(05/2025)","03/2030
(-)","20446
(20446)",SRC-2025-12,07f56e5457c63192ae7b5b4036f975f7eb058a3364a25a87cdc6ce2369082401,55,54,All Ongoing Projects,6,pdfplumber_table,twelve_month_gate2:0.1.0,"pdf_page_index=55,table_index=logical8,row_index=29"
OBS-202512-00169,2025-12,169,Subansiri Lower HE Project [2000 MW],National Hydroelectric Power Corporation Limited (NHPC),602096,-,-,"Multi-States
(Arunachal
Pradesh, Assam)",09/2003,01/2005,09/2010,05/2026,6285.33,26075.5,25718.57,97,"Subansiri Lower HE Project [2000 MW]
(National Hydroelectric Power Corporation Limited (NHPC))
(602096)","09/2003
(01/2005)","09/2010
(05/2026)","6285.33
(26075.5)",SRC-2025-12,07f56e5457c63192ae7b5b4036f975f7eb058a3364a25a87cdc6ce2369082401,55,54,All Ongoing Projects,6,pdfplumber_table,twelve_month_gate2:0.1.0,"pdf_page_index=55,table_index=logical8,row_index=30"
OBS-202512-00170,2025-12,170,Talcher Thermal Power Station Stage III [2 x 660 MW] Expansion,National Thermal Power Corporation [NTPC],602961,-,-,Odisha,08/2022,09/2022,05/2027,03/2028,11843.75,12543,5347.06,44,"Talcher Thermal Power Station Stage III [2 x 660 MW] Expansion
(National Thermal Power Corporation [NTPC])
(602961)","08/2022
(09/2022)","05/2027
(03/2028)","11843.75
(12543)",SRC-2025-12,07f56e5457c63192ae7b5b4036f975f7eb058a3364a25a87cdc6ce2369082401,55,54,All Ongoing Projects,6,pdfplumber_table,twelve_month_gate2:0.1.0,"pdf_page_index=55,table_index=logical8,row_index=31"
OBS-202512-00171,2025-12,171,"TEESTA-VI HE PROJECT, SIKKIM [500 MW], executed by LANCO TEESTA HYDRO
POWER LIMITED [A wholly owned Subsidiary of NHPC LTD. acquired through NCLT]",National Hydroelectric Power Corporation Limited (NHPC),602181,-,-,Sikkim,03/2019,03/2020,03/2024,12/2027,5748.04,5748.04,3972.89,71,"TEESTA-VI HE PROJECT, SIKKIM [500 MW], executed by LANCO TEESTA HYDRO
POWER LIMITED [A wholly owned Subsidiary of NHPC LTD. acquired through NCLT]
(National Hydroelectric Power Corporation Limited (NHPC))
(602181)","03/2019
(03/2020)","03/2024
(12/2027)","5748.04
(5748.04)",SRC-2025-12,07f56e5457c63192ae7b5b4036f975f7eb058a3364a25a87cdc6ce2369082401,55,54,All Ongoing Projects,6,pdfplumber_table,twelve_month_gate2:0.1.0,"pdf_page_index=55,table_index=logical8,row_index=32"
OBS-202512-00172,2025-12,172,"Rangit-IV HE Project [120 MW] executed by Jal Power Corporation Ltd. [JPCL] - A
wholly owned subsidiary of NHPC Ltd. acquired through NCLT",National Hydroelectric Power Corporation Limited (NHPC),605156,-,-,Sikkim,03/2021,08/2021,05/2024,12/2025,938.29,1828.11,1531.04,94,"Rangit-IV HE Project [120 MW] executed by Jal Power Corporation Ltd. [JPCL] - A
wholly owned subsidiary of NHPC Ltd. acquired through NCLT
(National Hydroelectric Power Corporation Limited (NHPC))
(605156)","03/2021
(08/2021)","05/2024
(12/2025)","938.29
(1828.11)",SRC-2025-12,07f56e5457c63192ae7b5b4036f975f7eb058a3364a25a87cdc6ce2369082401,55,54,All Ongoing Projects,6,pdfplumber_table,twelve_month_gate2:0.1.0,"pdf_page_index=55,table_index=logical8,row_index=33"
OBS-202512-00173,2025-12,173,"Singrauli Super Thermal Power Project, Stage-III [2x800 MW]",National Thermal Power Corporation [NTPC],612142,-,-,Uttar Pradesh,03/2024,03/2024,02/2030,-,17195,17195,2418.36,13,"Singrauli Super Thermal Power Project, Stage-III [2x800 MW]
(National Thermal Power Corporation [NTPC])
(612142)","03/2024
(03/2024)","02/2030
(-)","17195
(17195)",SRC-2025-12,07f56e5457c63192ae7b5b4036f975f7eb058a3364a25a87cdc6ce2369082401,55,54,All Ongoing Projects,6,pdfplumber_table,twelve_month_gate2:0.1.0,"pdf_page_index=55,table_index=logical8,row_index=34"
OBS-202512-00174,2025-12,174,Tapovan-Vishnugad HEP [4x130 MW],National Thermal Power Corporation [NTPC],602185,-,-,Uttarakhand,NA,11/2006,03/2013,04/2029,2978,10907.3,6769.58,77,"Tapovan-Vishnugad HEP [4x130 MW]
(National Thermal Power Corporation [NTPC])
(602185)","NA
(11/2006)","03/2013
(04/2029)","2978
(10907.3)",SRC-2025-12,07f56e5457c63192ae7b5b4036f975f7eb058a3364a25a87cdc6ce2369082401,56,55,All Ongoing Projects,6,pdfplumber_table,twelve_month_gate2:0.1.0,"pdf_page_index=56,table_index=logical8,row_index=1"
OBS-202512-00175,2025-12,175,Tehri Pumped Storage Plant Project [4x250 MW],THDC India Limited,602193,-,-,Uttarakhand,07/2006,06/2011,06/2022,03/2026,4825.6,8339,8169.51,98,"Tehri Pumped Storage Plant Project [4x250 MW]
(THDC India Limited)
(602193)","07/2006
(06/2011)","06/2022
(03/2026)","4825.6
(8339)",SRC-2025-12,07f56e5457c63192ae7b5b4036f975f7eb058a3364a25a87cdc6ce2369082401,56,55,All Ongoing Projects,6,pdfplumber_table,twelve_month_gate2:0.1.0,"pdf_page_index=56,table_index=logical8,row_index=2"
OBS-202512-00176,2025-12,176,Vishnugad Pipalkoti Hydro Electric Project [444 MW],THDC India Limited,602195,-,-,Uttarakhand,08/2008,01/2014,12/2022,09/2027,3860.35,6405.08,5004.46,74,"Vishnugad Pipalkoti Hydro Electric Project [444 MW]
(THDC India Limited)
(602195)","08/2008
(01/2014)","12/2022
(09/2027)","3860.35
(6405.08)",SRC-2025-12,07f56e5457c63192ae7b5b4036f975f7eb058a3364a25a87cdc6ce2369082401,56,55,All Ongoing Projects,6,pdfplumber_table,twelve_month_gate2:0.1.0,"pdf_page_index=56,table_index=logical8,row_index=3"
OBS-202512-00177,2025-12,177,"Raghunathpur Thermal Power Station Phase II [2X660 MW] at Raghunathpur, Purulia,
West Bengal",Damodar Valley Corporation,400062,-,-,West Bengal,01/2023,02/2025,06/2029,-,17673,17673,1479.89,4,"Raghunathpur Thermal Power Station Phase II [2X660 MW] at Raghunathpur, Purulia,
West Bengal
(Damodar Valley Corporation)
(400062)","01/2023
(02/2025)","06/2029
(-)","17673
(17673)",SRC-2025-12,07f56e5457c63192ae7b5b4036f975f7eb058a3364a25a87cdc6ce2369082401,56,55,All Ongoing Projects,6,pdfplumber_table,twelve_month_gate2:0.1.0,"pdf_page_index=56,table_index=logical8,row_index=4"
OBS-202512-00178,2025-12,178,Rammam-III HEPP [3x40 MW],National Thermal Power Corporation [NTPC],602184,-,-,West Bengal,09/2014,09/2014,09/2019,03/2029,1381.84,2865.56,1431.94,52,"Rammam-III HEPP [3x40 MW]
(National Thermal Power Corporation [NTPC])
(602184)","09/2014
(09/2014)","09/2019
(03/2029)","1381.84
(2865.56)",SRC-2025-12,07f56e5457c63192ae7b5b4036f975f7eb058a3364a25a87cdc6ce2369082401,56,55,All Ongoing Projects,6,pdfplumber_table,twelve_month_gate2:0.1.0,"pdf_page_index=56,table_index=logical8,row_index=5"
OBS-202512-00179,2025-12,179,Installation of FGD for 4x210 & 2x250 MW MTPS U 1-6,Damodar Valley Corporation,602538,-,-,West Bengal,06/2019,02/2021,01/2024,12/2025,1037,1106,1115.65,93,"Installation of FGD for 4x210 & 2x250 MW MTPS U 1-6
(Damodar Valley Corporation)
(602538)","06/2019
(02/2021)","01/2024
(12/2025)","1037
(1106)",SRC-2025-12,07f56e5457c63192ae7b5b4036f975f7eb058a3364a25a87cdc6ce2369082401,56,55,All Ongoing Projects,6,pdfplumber_table,twelve_month_gate2:0.1.0,"pdf_page_index=56,table_index=logical8,row_index=6"
OBS-202512-00180,2025-12,180,"Transmission Scheme for Solar Energy Zone in Ananthpuram 2500MW and Kurnool
1000MW",Power Grid Corporation of India Limited [POWERGRID],611967,-,-,Andhra Pradesh,09/2023,09/2023,09/2025,03/2026,1248.69,1248.69,1077.61,91,"Transmission Scheme for Solar Energy Zone in Ananthpuram 2500MW and Kurnool
1000MW
(Power Grid Corporation of India Limited [POWERGRID])
(611967)","09/2023
(09/2023)","09/2025
(03/2026)","1248.69
(1248.69)",SRC-2025-12,07f56e5457c63192ae7b5b4036f975f7eb058a3364a25a87cdc6ce2369082401,56,55,All Ongoing Projects,6,pdfplumber_table,twelve_month_gate2:0.1.0,"pdf_page_index=56,table_index=logical8,row_index=9"
OBS-202512-00181,2025-12,181,"Augmentation of 1x1500 MVA 3rd 765/400 kV transformation capacity at Kurnool
New Substation",Power Grid Corporation of India Limited [POWERGRID],612856,-,-,Andhra Pradesh,05/2023,12/2023,09/2025,03/2026,163.61,163.61,111.04,82,"Augmentation of 1x1500 MVA 3rd 765/400 kV transformation capacity at Kurnool
New Substation
(Power Grid Corporation of India Limited [POWERGRID])
(612856)","05/2023
(12/2023)","09/2025
(03/2026)","163.61
(163.61)",SRC-2025-12,07f56e5457c63192ae7b5b4036f975f7eb058a3364a25a87cdc6ce2369082401,56,55,All Ongoing Projects,6,pdfplumber_table,twelve_month_gate2:0.1.0,"pdf_page_index=56,table_index=logical8,row_index=10"
OBS-202512-00182,2025-12,182,"Transmission system strengthening at Kurnool- III PS for integration of additional RE
generation projects [POWERGRID Kurnool III PS RE Transmission Limited]",Power Grid Corporation of India Limited [POWERGRID],617183,-,-,Andhra Pradesh,03/2025,03/2025,12/2027,-,2886,2886,155.84,4,"Transmission system strengthening at Kurnool- III PS for integration of additional RE
generation projects [POWERGRID Kurnool III PS RE Transmission Limited]
(Power Grid Corporation of India Limited [POWERGRID])
(617183)","03/2025
(03/2025)","12/2027
(-)","2886
(2886)",SRC-2025-12,07f56e5457c63192ae7b5b4036f975f7eb058a3364a25a87cdc6ce2369082401,56,55,All Ongoing Projects,6,pdfplumber_table,twelve_month_gate2:0.1.0,"pdf_page_index=56,table_index=logical8,row_index=11"
OBS-202512-00183,2025-12,183,North Eastern Region Expansion Scheme-XXIII [NERES-XXIII],Power Grid Corporation of India Limited [POWERGRID],617375,-,-,Arunachal Pradesh,08/2025,08/2025,02/2028,-,209.38,209.38,0.04,0,"North Eastern Region Expansion Scheme-XXIII [NERES-XXIII]
(Power Grid Corporation of India Limited [POWERGRID])
(617375)","08/2025
(08/2025)","02/2028
(-)","209.38
(209.38)",SRC-2025-12,07f56e5457c63192ae7b5b4036f975f7eb058a3364a25a87cdc6ce2369082401,56,55,All Ongoing Projects,6,pdfplumber_table,twelve_month_gate2:0.1.0,"pdf_page_index=56,table_index=logical8,row_index=12"
OBS-202512-00184,2025-12,184,"Transmission scheme for evacuation of 4.5GW RE injection at Khavda PS under
Phase II- Part C",Power Grid Corporation of India Limited [POWERGRID],611657,-,-,Gujarat,03/2023,03/2023,03/2025,01/2026,2820.99,2820.99,2783.19,98,"Transmission scheme for evacuation of 4.5GW RE injection at Khavda PS under
Phase II- Part C
(Power Grid Corporation of India Limited [POWERGRID])
(611657)","03/2023
(03/2023)","03/2025
(01/2026)","2820.99
(2820.99)",SRC-2025-12,07f56e5457c63192ae7b5b4036f975f7eb058a3364a25a87cdc6ce2369082401,56,55,All Ongoing Projects,6,pdfplumber_table,twelve_month_gate2:0.1.0,"pdf_page_index=56,table_index=logical8,row_index=13"
OBS-202512-00185,2025-12,185,"Transmission system for Evacuation of Additional 7 GW RE power from Khavda RE
park under Phase-III Part B [Vataman Transmission Limited]",Power Grid Corporation of India Limited [POWERGRID],612139,-,-,Gujarat,12/2023,12/2023,12/2025,12/2026,3751.82,3751.82,2101.02,38,"Transmission system for Evacuation of Additional 7 GW RE power from Khavda RE
park under Phase-III Part B [Vataman Transmission Limited]
(Power Grid Corporation of India Limited [POWERGRID])
(612139)","12/2023
(12/2023)","12/2025
(12/2026)","3751.82
(3751.82)",SRC-2025-12,07f56e5457c63192ae7b5b4036f975f7eb058a3364a25a87cdc6ce2369082401,56,55,All Ongoing Projects,6,pdfplumber_table,twelve_month_gate2:0.1.0,"pdf_page_index=56,table_index=logical8,row_index=14"
OBS-202512-00186,2025-12,186,"Transmission System for Evacuation of Power from potential Renewable Energy zone
in Khavda Area of Gujarat under Phase IV [7 GW] Part E3",Power Grid Corporation of India Limited [POWERGRID],612151,-,-,Gujarat,07/2023,07/2023,07/2025,03/2026,334,334,236.17,78,"Transmission System for Evacuation of Power from potential Renewable Energy zone
in Khavda Area of Gujarat under Phase IV [7 GW] Part E3
(Power Grid Corporation of India Limited [POWERGRID])
(612151)","07/2023
(07/2023)","07/2025
(03/2026)","334
(334)",SRC-2025-12,07f56e5457c63192ae7b5b4036f975f7eb058a3364a25a87cdc6ce2369082401,56,55,All Ongoing Projects,6,pdfplumber_table,twelve_month_gate2:0.1.0,"pdf_page_index=56,table_index=logical8,row_index=15"
OBS-202512-00187,2025-12,187,"Transmission System for Evacuation of Power from Potential Energy Renewable Zone
in Khavda Area of Gujarat under Ph-IV [7GW] Part E2",Power Grid Corporation of India Limited [POWERGRID],612855,-,-,Gujarat,05/2024,05/2024,05/2026,06/2026,679,679,176.54,31,"Transmission System for Evacuation of Power from Potential Energy Renewable Zone
in Khavda Area of Gujarat under Ph-IV [7GW] Part E2
(Power Grid Corporation of India Limited [POWERGRID])
(612855)","05/2024
(05/2024)","05/2026
(06/2026)","679
(679)",SRC-2025-12,07f56e5457c63192ae7b5b4036f975f7eb058a3364a25a87cdc6ce2369082401,56,55,All Ongoing Projects,6,pdfplumber_table,twelve_month_gate2:0.1.0,"pdf_page_index=56,table_index=logical8,row_index=16"
OBS-202512-00188,2025-12,188,"Augmentation of Transformation Capacity at jam Khambhaliya PS [GIS] [SPV Name
POWERGRID Jam Khambhaliya Transmission Limited]",Power Grid Corporation of India Limited [POWERGRID],615342,-,-,Gujarat,10/2024,10/2024,07/2026,-,329,329,14.67,5,"Augmentation of Transformation Capacity at jam Khambhaliya PS [GIS] [SPV Name
POWERGRID Jam Khambhaliya Transmission Limited]
(Power Grid Corporation of India Limited [POWERGRID])
(615342)","10/2024
(10/2024)","07/2026
(-)","329
(329)",SRC-2025-12,07f56e5457c63192ae7b5b4036f975f7eb058a3364a25a87cdc6ce2369082401,56,55,All Ongoing Projects,6,pdfplumber_table,twelve_month_gate2:0.1.0,"pdf_page_index=56,table_index=logical8,row_index=17"
OBS-202512-00189,2025-12,189,"Provision of Dynamic Reactive Compensation at Khavda pooling Station 1 [KPS1] and
Khavda Pooling station 3 [KPS3]",Power Grid Corporation of India Limited [POWERGRID],615343,-,-,Gujarat,11/2024,11/2024,11/2026,-,501,501,8.11,2,"Provision of Dynamic Reactive Compensation at Khavda pooling Station 1 [KPS1] and
Khavda Pooling station 3 [KPS3]
(Power Grid Corporation of India Limited [POWERGRID])
(615343)","11/2024
(11/2024)","11/2026
(-)","501
(501)",SRC-2025-12,07f56e5457c63192ae7b5b4036f975f7eb058a3364a25a87cdc6ce2369082401,56,55,All Ongoing Projects,6,pdfplumber_table,twelve_month_gate2:0.1.0,"pdf_page_index=56,table_index=logical8,row_index=18"
OBS-202512-00190,2025-12,190,"Transmission System for Evacuation of Power from Potential Renewable Energy Zone
in Khavda area of Gujarat under Phase-IV [7GW] Part B [SPV Name POWERGRID
South Olpad Transmission Limited]",Power Grid Corporation of India Limited [POWERGRID],615345,-,-,Gujarat,10/2024,10/2024,10/2026,03/2027,4766,4766,1048.56,12,"Transmission System for Evacuation of Power from Potential Renewable Energy Zone
in Khavda area of Gujarat under Phase-IV [7GW] Part B [SPV Name POWERGRID
South Olpad Transmission Limited]
(Power Grid Corporation of India Limited [POWERGRID])
(615345)","10/2024
(10/2024)","10/2026
(03/2027)","4766
(4766)",SRC-2025-12,07f56e5457c63192ae7b5b4036f975f7eb058a3364a25a87cdc6ce2369082401,56,55,All Ongoing Projects,6,pdfplumber_table,twelve_month_gate2:0.1.0,"pdf_page_index=56,table_index=logical8,row_index=19"
OBS-202512-00191,2025-12,191,"Augmentation of Transformation Capacity at KPS1 [GIS] and KPS2 [GIS] [Phase-V
Part B1 and Part B2 Scheme] [SPV Name- POWERGRID KPS1 and 2 Augmentation
Transmission Limited]",Power Grid Corporation of India Limited [POWERGRID],617069,-,-,Gujarat,02/2025,02/2025,02/2027,-,466,466,23.99,1,"Augmentation of Transformation Capacity at KPS1 [GIS] and KPS2 [GIS] [Phase-V
Part B1 and Part B2 Scheme] [SPV Name- POWERGRID KPS1 and 2 Augmentation
Transmission Limited]
(Power Grid Corporation of India Limited [POWERGRID])
(617069)","02/2025
(02/2025)","02/2027
(-)","466
(466)",SRC-2025-12,07f56e5457c63192ae7b5b4036f975f7eb058a3364a25a87cdc6ce2369082401,56,55,All Ongoing Projects,6,pdfplumber_table,twelve_month_gate2:0.1.0,"pdf_page_index=56,table_index=logical8,row_index=20"
OBS-202512-00192,2025-12,192,"Augmentation of Banaskantha [Raghanesda] PS [GIS] [POWERGRID Banaskantha
Transco Limited]",Power Grid Corporation of India Limited [POWERGRID],617182,-,-,Gujarat,03/2025,03/2025,03/2027,-,172,172,20.64,19,"Augmentation of Banaskantha [Raghanesda] PS [GIS] [POWERGRID Banaskantha
Transco Limited]
(Power Grid Corporation of India Limited [POWERGRID])
(617182)","03/2025
(03/2025)","03/2027
(-)","172
(172)",SRC-2025-12,07f56e5457c63192ae7b5b4036f975f7eb058a3364a25a87cdc6ce2369082401,56,55,All Ongoing Projects,6,pdfplumber_table,twelve_month_gate2:0.1.0,"pdf_page_index=56,table_index=logical8,row_index=21"
OBS-202512-00193,2025-12,193,Augmentation of Transformation Capacity at Bhuj-II PS [GIS],Power Grid Corporation of India Limited [POWERGRID],617391,-,-,Gujarat,02/2025,02/2025,11/2026,03/2027,488.29,488.29,0.98,0,"Augmentation of Transformation Capacity at Bhuj-II PS [GIS]
(Power Grid Corporation of India Limited [POWERGRID])
(617391)","02/2025
(02/2025)","11/2026
(03/2027)","488.29
(488.29)",SRC-2025-12,07f56e5457c63192ae7b5b4036f975f7eb058a3364a25a87cdc6ce2369082401,56,55,All Ongoing Projects,6,pdfplumber_table,twelve_month_gate2:0.1.0,"pdf_page_index=56,table_index=logical8,row_index=22"
OBS-202512-00194,2025-12,194,Jamnagar Transmission Limited,Adani Transmission Limited,617405,-,-,Gujarat,NA,10/2024,10/2026,-,4000,4000,268,16,"Jamnagar Transmission Limited
(Adani Transmission Limited)
(617405)","NA
(10/2024)","10/2026
(-)","4000
(4000)",SRC-2025-12,07f56e5457c63192ae7b5b4036f975f7eb058a3364a25a87cdc6ce2369082401,56,55,All Ongoing Projects,6,pdfplumber_table,twelve_month_gate2:0.1.0,"pdf_page_index=56,table_index=logical8,row_index=23"
OBS-202512-00195,2025-12,195,Provision of ICT Augmentation & Bus Reactor at Bhuj-II PS,Power Grid Corporation of India Limited [POWERGRID],617801,-,-,Gujarat,03/2025,03/2025,12/2026,03/2027,581.74,581.74,1.16,0,"Provision of ICT Augmentation & Bus Reactor at Bhuj-II PS
(Power Grid Corporation of India Limited [POWERGRID])
(617801)","03/2025
(03/2025)","12/2026
(03/2027)","581.74
(581.74)",SRC-2025-12,07f56e5457c63192ae7b5b4036f975f7eb058a3364a25a87cdc6ce2369082401,56,55,All Ongoing Projects,6,pdfplumber_table,twelve_month_gate2:0.1.0,"pdf_page_index=56,table_index=logical8,row_index=24"
OBS-202512-00196,2025-12,196,"Implementation of LILO of both circuits of 400KV vindhyachal PS-Sasan D/C Line at
Hindalco Switchyard",Power Grid Corporation of India Limited [POWERGRID],617272,-,-,Haryana,06/2024,06/2024,12/2026,-,370,370,22.2,6,"Implementation of LILO of both circuits of 400KV vindhyachal PS-Sasan D/C Line at
Hindalco Switchyard
(Power Grid Corporation of India Limited [POWERGRID])
(617272)","06/2024
(06/2024)","12/2026
(-)","370
(370)",SRC-2025-12,07f56e5457c63192ae7b5b4036f975f7eb058a3364a25a87cdc6ce2369082401,56,55,All Ongoing Projects,6,pdfplumber_table,twelve_month_gate2:0.1.0,"pdf_page_index=56,table_index=logical8,row_index=25"
OBS-202512-00197,2025-12,197,"Transmission Scheme for evacuation of Power from Ratle HEP [850 MW] & kiru [624
MW] Part B",Power Grid Corporation of India Limited [POWERGRID],617179,-,-,"Jammu and
Kashmir",07/2024,07/2024,07/2026,03/2027,218.6,218.6,2.71,0,"Transmission Scheme for evacuation of Power from Ratle HEP [850 MW] & kiru [624
MW] Part B
(Power Grid Corporation of India Limited [POWERGRID])
(617179)","07/2024
(07/2024)","07/2026
(03/2027)","218.6
(218.6)",SRC-2025-12,07f56e5457c63192ae7b5b4036f975f7eb058a3364a25a87cdc6ce2369082401,56,55,All Ongoing Projects,6,pdfplumber_table,twelve_month_gate2:0.1.0,"pdf_page_index=56,table_index=logical8,row_index=26"
OBS-202512-00198,2025-12,198,"Implementation of Transmission Systems in the State of Jharkhand consisting of
400/220/132/33 kV transmission lines and substations under Jharkhand Consultancy
Project",Power Grid Corporation of India Limited [POWERGRID],617326,-,-,Jharkhand,02/2012,02/2012,03/2026,08/2026,1842.25,1842.25,1648.05,95,"Implementation of Transmission Systems in the State of Jharkhand consisting of
400/220/132/33 kV transmission lines and substations under Jharkhand Consultancy
Project
(Power Grid Corporation of India Limited [POWERGRID])
(617326)","02/2012
(02/2012)","03/2026
(08/2026)","1842.25
(1842.25)",SRC-2025-12,07f56e5457c63192ae7b5b4036f975f7eb058a3364a25a87cdc6ce2369082401,57,56,All Ongoing Projects,6,pdfplumber_table,twelve_month_gate2:0.1.0,"pdf_page_index=57,table_index=logical8,row_index=1"
OBS-202512-00199,2025-12,199,"Transmission Scheme for Integration of Renewable Energy Zone [Phase II] in Koppal
II [Phase A&B] and gadag II[Phase A] in Karnataka [POWERGRID KOPPAL GADAG
TRANSMISSION LIMITED]",Power Grid Corporation of India Limited [POWERGRID],612140,-,-,Karnataka,12/2023,12/2023,12/2025,06/2026,2889.39,2889.39,1841.69,68,"Transmission Scheme for Integration of Renewable Energy Zone [Phase II] in Koppal
II [Phase A&B] and gadag II[Phase A] in Karnataka [POWERGRID KOPPAL GADAG
TRANSMISSION LIMITED]
(Power Grid Corporation of India Limited [POWERGRID])
(612140)","12/2023
(12/2023)","12/2025
(06/2026)","2889.39
(2889.39)",SRC-2025-12,07f56e5457c63192ae7b5b4036f975f7eb058a3364a25a87cdc6ce2369082401,57,56,All Ongoing Projects,6,pdfplumber_table,twelve_month_gate2:0.1.0,"pdf_page_index=57,table_index=logical8,row_index=2"
OBS-202512-00200,2025-12,200,"System Strengthening at Koppal-II and GadagII for integration of RE generation
projects [SPV Name POWERGRID Koppal Gadag Augmentation Transmission
Limited]",Power Grid Corporation of India Limited [POWERGRID],616672,-,-,Karnataka,01/2025,01/2025,06/2027,-,1354,1354,49.15,6,"System Strengthening at Koppal-II and GadagII for integration of RE generation
projects [SPV Name POWERGRID Koppal Gadag Augmentation Transmission
Limited]
(Power Grid Corporation of India Limited [POWERGRID])
(616672)","01/2025
(01/2025)","06/2027
(-)","1354
(1354)",SRC-2025-12,07f56e5457c63192ae7b5b4036f975f7eb058a3364a25a87cdc6ce2369082401,57,56,All Ongoing Projects,6,pdfplumber_table,twelve_month_gate2:0.1.0,"pdf_page_index=57,table_index=logical8,row_index=3"
OBS-202512-00201,2025-12,201,"Augmentation of Transformation Capacity by 3x500 MVA, 400/220 KV ICTS [6th-8th]
and 1x1500 MVA, 765/400 KV ICT [4th] at Bidar PS [SPV Name- POWERGRID Bidar
Augmentation Transmission Limited]",Power Grid Corporation of India Limited [POWERGRID],617068,-,-,Karnataka,02/2025,02/2025,06/2027,-,288,288,7.41,3,"Augmentation of Transformation Capacity by 3x500 MVA, 400/220 KV ICTS [6th-8th]
and 1x1500 MVA, 765/400 KV ICT [4th] at Bidar PS [SPV Name- POWERGRID Bidar
Augmentation Transmission Limited]
(Power Grid Corporation of India Limited [POWERGRID])
(617068)","02/2025
(02/2025)","06/2027
(-)","288
(288)",SRC-2025-12,07f56e5457c63192ae7b5b4036f975f7eb058a3364a25a87cdc6ce2369082401,57,56,All Ongoing Projects,6,pdfplumber_table,twelve_month_gate2:0.1.0,"pdf_page_index=57,table_index=logical8,row_index=4"
OBS-202512-00202,2025-12,202,"Transmission Scheme for integration of Davanagere/ Chitradurga and Bellary REZ in
Karnataka [POWERGRID Chitradurga Bellary REZ Transmission Limited]",Power Grid Corporation of India Limited [POWERGRID],617184,-,-,Karnataka,03/2025,03/2025,09/2027,-,3453,3453,69.06,3,"Transmission Scheme for integration of Davanagere/ Chitradurga and Bellary REZ in
Karnataka [POWERGRID Chitradurga Bellary REZ Transmission Limited]
(Power Grid Corporation of India Limited [POWERGRID])
(617184)","03/2025
(03/2025)","09/2027
(-)","3453
(3453)",SRC-2025-12,07f56e5457c63192ae7b5b4036f975f7eb058a3364a25a87cdc6ce2369082401,57,56,All Ongoing Projects,6,pdfplumber_table,twelve_month_gate2:0.1.0,"pdf_page_index=57,table_index=logical8,row_index=5"
OBS-202512-00203,2025-12,203,"Transmission System Strengthening at Davanagere for Integration of RE Generation
[SPV Name - POWERGRID Davanagere Power Transmission Limited]",Power Grid Corporation of India Limited [POWERGRID],617803,-,-,Karnataka,09/2025,09/2025,09/2027,-,379,379,7.58,0,"Transmission System Strengthening at Davanagere for Integration of RE Generation
[SPV Name - POWERGRID Davanagere Power Transmission Limited]
(Power Grid Corporation of India Limited [POWERGRID])
(617803)","09/2025
(09/2025)","09/2027
(-)","379
(379)",SRC-2025-12,07f56e5457c63192ae7b5b4036f975f7eb058a3364a25a87cdc6ce2369082401,57,56,All Ongoing Projects,6,pdfplumber_table,twelve_month_gate2:0.1.0,"pdf_page_index=57,table_index=logical8,row_index=6"
OBS-202512-00204,2025-12,204,"Transmission System for Evacuation of Power from Rajasthan REZ Ph-IV [Part-2
5.5GW] [Jaisalmer/Barmer Complex] Part H1 [POWERGRID KURAWAR
TRANSMISSION LIMITED]",Power Grid Corporation of India Limited [POWERGRID],615344,-,-,Madhya Pradesh,10/2024,10/2024,10/2026,03/2027,3674,3674,1099.98,24,"Transmission System for Evacuation of Power from Rajasthan REZ Ph-IV [Part-2
5.5GW] [Jaisalmer/Barmer Complex] Part H1 [POWERGRID KURAWAR
TRANSMISSION LIMITED]
(Power Grid Corporation of India Limited [POWERGRID])
(615344)","10/2024
(10/2024)","10/2026
(03/2027)","3674
(3674)",SRC-2025-12,07f56e5457c63192ae7b5b4036f975f7eb058a3364a25a87cdc6ce2369082401,57,56,All Ongoing Projects,6,pdfplumber_table,twelve_month_gate2:0.1.0,"pdf_page_index=57,table_index=logical8,row_index=7"
OBS-202512-00205,2025-12,205,"Transmission System for Evacuation of Power from Rajasthan REZ Ph-IV [Part-2 5.5
GW] [Jaisalmer/Barmer Complex] Part C [SPV Name POWERGRID Mandsaur
Transmission Limited]",Power Grid Corporation of India Limited [POWERGRID],615346,-,-,Madhya Pradesh,08/2024,08/2024,08/2026,12/2026,2708,2708,1110.22,47,"Transmission System for Evacuation of Power from Rajasthan REZ Ph-IV [Part-2 5.5
GW] [Jaisalmer/Barmer Complex] Part C [SPV Name POWERGRID Mandsaur
Transmission Limited]
(Power Grid Corporation of India Limited [POWERGRID])
(615346)","08/2024
(08/2024)","08/2026
(12/2026)","2708
(2708)",SRC-2025-12,07f56e5457c63192ae7b5b4036f975f7eb058a3364a25a87cdc6ce2369082401,57,56,All Ongoing Projects,6,pdfplumber_table,twelve_month_gate2:0.1.0,"pdf_page_index=57,table_index=logical8,row_index=8"
OBS-202512-00206,2025-12,206,"Transmission System for evacuation of power from Mahan Energen Limited
Generating Station in Madhya Pradesh [SPV Name - POWERGRID MEL Power
Transmission Limited]",Power Grid Corporation of India Limited [POWERGRID],617279,-,-,Madhya Pradesh,06/2025,06/2025,12/2027,-,558,558,33.48,2,"Transmission System for evacuation of power from Mahan Energen Limited
Generating Station in Madhya Pradesh [SPV Name - POWERGRID MEL Power
Transmission Limited]
(Power Grid Corporation of India Limited [POWERGRID])
(617279)","06/2025
(06/2025)","12/2027
(-)","558
(558)",SRC-2025-12,07f56e5457c63192ae7b5b4036f975f7eb058a3364a25a87cdc6ce2369082401,57,56,All Ongoing Projects,6,pdfplumber_table,twelve_month_gate2:0.1.0,"pdf_page_index=57,table_index=logical8,row_index=9"
OBS-202512-00207,2025-12,207,"Augmentation of Transformation Capacity and Implementation of Line Bays at
Mandsaur S/S for RE Interconnection [SPV Name- POWERGRID Mandsaur I RE
Transmission Limited]",Power Grid Corporation of India Limited [POWERGRID],617802,-,-,Madhya Pradesh,10/2025,10/2025,03/2028,-,319,319,1.1,0,"Augmentation of Transformation Capacity and Implementation of Line Bays at
Mandsaur S/S for RE Interconnection [SPV Name- POWERGRID Mandsaur I RE
Transmission Limited]
(Power Grid Corporation of India Limited [POWERGRID])
(617802)","10/2025
(10/2025)","03/2028
(-)","319
(319)",SRC-2025-12,07f56e5457c63192ae7b5b4036f975f7eb058a3364a25a87cdc6ce2369082401,57,56,All Ongoing Projects,6,pdfplumber_table,twelve_month_gate2:0.1.0,"pdf_page_index=57,table_index=logical8,row_index=10"
OBS-202512-00208,2025-12,208,"Transmission System for Evacuation of power from Potential RE Zone in Khavda Area
of Gujarat under phase IV 7GW-Part E4",Power Grid Corporation of India Limited [POWERGRID],611966,-,-,Maharashtra,11/2023,11/2023,07/2025,03/2026,224.41,224.41,109.96,49,"Transmission System for Evacuation of power from Potential RE Zone in Khavda Area
of Gujarat under phase IV 7GW-Part E4
(Power Grid Corporation of India Limited [POWERGRID])
(611966)","11/2023
(11/2023)","07/2025
(03/2026)","224.41
(224.41)",SRC-2025-12,07f56e5457c63192ae7b5b4036f975f7eb058a3364a25a87cdc6ce2369082401,57,56,All Ongoing Projects,6,pdfplumber_table,twelve_month_gate2:0.1.0,"pdf_page_index=57,table_index=logical8,row_index=11"
OBS-202512-00209,2025-12,209,"Transmission System for Integration of Kurnool-IV REZ Phase-I [for 4.5 GW]
[POWERGRID Kurnool-IV Transmission Limited]",Power Grid Corporation of India Limited [POWERGRID],617185,-,-,"Multi-States
(Andhra Pradesh,
Karnataka)",03/2025,03/2025,03/2027,-,5550,5550,610,4,"Transmission System for Integration of Kurnool-IV REZ Phase-I [for 4.5 GW]
[POWERGRID Kurnool-IV Transmission Limited]
(Power Grid Corporation of India Limited [POWERGRID])
(617185)","03/2025
(03/2025)","03/2027
(-)","5550
(5550)",SRC-2025-12,07f56e5457c63192ae7b5b4036f975f7eb058a3364a25a87cdc6ce2369082401,57,56,All Ongoing Projects,6,pdfplumber_table,twelve_month_gate2:0.1.0,"pdf_page_index=57,table_index=logical8,row_index=12"
OBS-202512-00210,2025-12,210,"Transmission System for Integration of Ananthapur 2 REZ Phase 1 for 4.5 GW. SPV
Name Anantapuram 2 REZ Transmission Ltd",Sterlite Power,617806,-,-,"Multi-States
(Andhra Pradesh,
Karnataka)",08/2024,03/2025,03/2027,-,4535.99,4535.99,401.57,32,"Transmission System for Integration of Ananthapur 2 REZ Phase 1 for 4.5 GW. SPV
Name Anantapuram 2 REZ Transmission Ltd
(Sterlite Power)
(617806)","08/2024
(03/2025)","03/2027
(-)","4535.99
(4535.99)",SRC-2025-12,07f56e5457c63192ae7b5b4036f975f7eb058a3364a25a87cdc6ce2369082401,57,56,All Ongoing Projects,6,pdfplumber_table,twelve_month_gate2:0.1.0,"pdf_page_index=57,table_index=logical8,row_index=13"
OBS-202512-00211,2025-12,211,"Transmission System for Kurnool Wind Energy Zone/ Solar Energy Zone Part-A and
Part-B",Power Grid Corporation of India Limited [POWERGRID],900808,-,-,"Multi-States
(Andhra Pradesh,
Telangana)",11/2022,03/2023,11/2024,03/2026,3546.94,3546.94,3440.49,98,"Transmission System for Kurnool Wind Energy Zone/ Solar Energy Zone Part-A and
Part-B
(Power Grid Corporation of India Limited [POWERGRID])
(900808)","11/2022
(03/2023)","11/2024
(03/2026)","3546.94
(3546.94)",SRC-2025-12,07f56e5457c63192ae7b5b4036f975f7eb058a3364a25a87cdc6ce2369082401,57,56,All Ongoing Projects,6,pdfplumber_table,twelve_month_gate2:0.1.0,"pdf_page_index=57,table_index=logical8,row_index=14"
OBS-202512-00212,2025-12,212,"Comprehensive Scheme for Strengthening of Transmission and Distribution [T&D]
Systems [CSST&DS] in Arunachal Pradesh and Sikkim",Power Grid Corporation of India Limited [POWERGRID],602223,-,-,"Multi-States
(Arunachal
Pradesh, Sikkim)",10/2014,10/2014,12/2018,03/2027,4754.42,9129.32,7809.22,82,"Comprehensive Scheme for Strengthening of Transmission and Distribution [T&D]
Systems [CSST&DS] in Arunachal Pradesh and Sikkim
(Power Grid Corporation of India Limited [POWERGRID])
(602223)","10/2014
(10/2014)","12/2018
(03/2027)","4754.42
(9129.32)",SRC-2025-12,07f56e5457c63192ae7b5b4036f975f7eb058a3364a25a87cdc6ce2369082401,57,56,All Ongoing Projects,6,pdfplumber_table,twelve_month_gate2:0.1.0,"pdf_page_index=57,table_index=logical8,row_index=15"
OBS-202512-00213,2025-12,213,"NORTH EASTERN REGION POWER SYSTEM IMPROVEMENT PROJECT
[NERPSIP]",Power Grid Corporation of India Limited [POWERGRID],607709,-,-,"Multi-States
(Assam, Manipur,
Meghalaya,
Mizoram,
Nagaland, Tripura)",12/2014,03/2016,12/2018,03/2026,5111.33,6700,5442.41,96,"NORTH EASTERN REGION POWER SYSTEM IMPROVEMENT PROJECT
[NERPSIP]
(Power Grid Corporation of India Limited [POWERGRID])
(607709)","12/2014
(03/2016)","12/2018
(03/2026)","5111.33
(6700)",SRC-2025-12,07f56e5457c63192ae7b5b4036f975f7eb058a3364a25a87cdc6ce2369082401,57,56,All Ongoing Projects,6,pdfplumber_table,twelve_month_gate2:0.1.0,"pdf_page_index=57,table_index=logical8,row_index=16"
OBS-202512-00214,2025-12,214,Eastern Region Expansion Scheme-43 [ERES-43],Power Grid Corporation of India Limited [POWERGRID],617271,-,-,"Multi-States
(Bihar, Odisha,
West Bengal)",09/2024,09/2024,03/2026,06/2026,342.69,342.69,6.85,4,"Eastern Region Expansion Scheme-43 [ERES-43]
(Power Grid Corporation of India Limited [POWERGRID])
(617271)","09/2024
(09/2024)","03/2026
(06/2026)","342.69
(342.69)",SRC-2025-12,07f56e5457c63192ae7b5b4036f975f7eb058a3364a25a87cdc6ce2369082401,57,56,All Ongoing Projects,6,pdfplumber_table,twelve_month_gate2:0.1.0,"pdf_page_index=57,table_index=logical8,row_index=17"
OBS-202512-00215,2025-12,215,"Inter-regional [NR-WR] Transmission System strengthening to relieve the loading of
765 kV Vindhyachal-Varanasi D/c line",Power Grid Corporation of India Limited [POWERGRID],617807,-,-,"Multi-States
(Bihar, Uttar
Pradesh)",10/2025,10/2025,10/2027,-,2368,2368,3,0,"Inter-regional [NR-WR] Transmission System strengthening to relieve the loading of
765 kV Vindhyachal-Varanasi D/c line
(Power Grid Corporation of India Limited [POWERGRID])
(617807)","10/2025
(10/2025)","10/2027
(-)","2368
(2368)",SRC-2025-12,07f56e5457c63192ae7b5b4036f975f7eb058a3364a25a87cdc6ce2369082401,57,56,All Ongoing Projects,6,pdfplumber_table,twelve_month_gate2:0.1.0,"pdf_page_index=57,table_index=logical8,row_index=18"
OBS-202512-00216,2025-12,216,Eastern Region Expansion Scheme-44 [ERES-44],Power Grid Corporation of India Limited [POWERGRID],617270,-,-,"Multi-States
(Bihar, West
Bengal)",11/2024,11/2024,05/2026,03/2027,408.94,408.94,0.4,0,"Eastern Region Expansion Scheme-44 [ERES-44]
(Power Grid Corporation of India Limited [POWERGRID])
(617270)","11/2024
(11/2024)","05/2026
(03/2027)","408.94
(408.94)",SRC-2025-12,07f56e5457c63192ae7b5b4036f975f7eb058a3364a25a87cdc6ce2369082401,57,56,All Ongoing Projects,6,pdfplumber_table,twelve_month_gate2:0.1.0,"pdf_page_index=57,table_index=logical8,row_index=19"
OBS-202512-00217,2025-12,217,Transmission Network Expansion in Gujarat to increase its ATC from ISTS Part B,Power Grid Corporation of India Limited [POWERGRID],400005,-,-,"Multi-States
(Dadra & Nagar
Haveli and Daman
& Diu, Gujarat,
Maharashtra)",01/2022,07/2022,06/2023,03/2026,4546.26,4546.26,4358.49,95,"Transmission Network Expansion in Gujarat to increase its ATC from ISTS Part B
(Power Grid Corporation of India Limited [POWERGRID])
(400005)","01/2022
(07/2022)","06/2023
(03/2026)","4546.26
(4546.26)",SRC-2025-12,07f56e5457c63192ae7b5b4036f975f7eb058a3364a25a87cdc6ce2369082401,57,56,All Ongoing Projects,6,pdfplumber_table,twelve_month_gate2:0.1.0,"pdf_page_index=57,table_index=logical8,row_index=20"
OBS-202512-00218,2025-12,218,"Transmission system for evacuation of power from REZ in Rajasthan 20GW under
Phase-III Part J",Power Grid Corporation of India Limited [POWERGRID],611735,-,-,"Multi-States (Delhi,
Rajasthan)",12/2022,12/2022,03/2025,07/2026,331,331,142.84,42,"Transmission system for evacuation of power from REZ in Rajasthan 20GW under
Phase-III Part J
(Power Grid Corporation of India Limited [POWERGRID])
(611735)","12/2022
(12/2022)","03/2025
(07/2026)","331
(331)",SRC-2025-12,07f56e5457c63192ae7b5b4036f975f7eb058a3364a25a87cdc6ce2369082401,57,56,All Ongoing Projects,6,pdfplumber_table,twelve_month_gate2:0.1.0,"pdf_page_index=57,table_index=logical8,row_index=21"
OBS-202512-00219,2025-12,219,"Transmission Scheme for Evacuation of power from REZ in Rajasthan [20 GW] under
Phase-III Part D [Sikar Khetri Transmission Ltd]",Power Grid Corporation of India Limited [POWERGRID],612132,-,-,"Multi-States (Delhi,
Rajasthan)",02/2024,02/2024,08/2025,06/2026,2000,2000,1565.4,76,"Transmission Scheme for Evacuation of power from REZ in Rajasthan [20 GW] under
Phase-III Part D [Sikar Khetri Transmission Ltd]
(Power Grid Corporation of India Limited [POWERGRID])
(612132)","02/2024
(02/2024)","08/2025
(06/2026)","2000
(2000)",SRC-2025-12,07f56e5457c63192ae7b5b4036f975f7eb058a3364a25a87cdc6ce2369082401,57,56,All Ongoing Projects,6,pdfplumber_table,twelve_month_gate2:0.1.0,"pdf_page_index=57,table_index=logical8,row_index=22"
OBS-202512-00220,2025-12,220,"TRANSMISSION SYSTEM FOR EVACUATION OF POWER FROM POTENTIAL
RENEWABLE ENERGY ZONE IN KHAVDA AREA OF GUJARAT UNDER PHASE-V
[8 GW] PART A [SPV Name POWERGRID West Central Transmission Limited]",Power Grid Corporation of India Limited [POWERGRID],615347,-,-,"Multi-States
(Gujarat,
Maharashtra)",11/2024,11/2024,05/2029,-,24819,24819,1985.98,5,"TRANSMISSION SYSTEM FOR EVACUATION OF POWER FROM POTENTIAL
RENEWABLE ENERGY ZONE IN KHAVDA AREA OF GUJARAT UNDER PHASE-V
[8 GW] PART A [SPV Name POWERGRID West Central Transmission Limited]
(Power Grid Corporation of India Limited [POWERGRID])
(615347)","11/2024
(11/2024)","05/2029
(-)","24819
(24819)",SRC-2025-12,07f56e5457c63192ae7b5b4036f975f7eb058a3364a25a87cdc6ce2369082401,58,57,All Ongoing Projects,6,pdfplumber_table,twelve_month_gate2:0.1.0,"pdf_page_index=58,table_index=logical8,row_index=1"
OBS-202512-00221,2025-12,221,"Transmission system for evacuation of power from Rajasthan REZ Ph-IV [Part-
3/6GW] [Bikaner complex] Part A [SPV Name POWERGRID Bikaner IV Transmission
Limited]",Power Grid Corporation of India Limited [POWERGRID],615339,-,-,"Multi-States
(Haryana, Punjab,
Rajasthan)",11/2024,11/2024,11/2026,03/2027,5969,5969,837.04,14,"Transmission system for evacuation of power from Rajasthan REZ Ph-IV [Part-
3/6GW] [Bikaner complex] Part A [SPV Name POWERGRID Bikaner IV Transmission
Limited]
(Power Grid Corporation of India Limited [POWERGRID])
(615339)","11/2024
(11/2024)","11/2026
(03/2027)","5969
(5969)",SRC-2025-12,07f56e5457c63192ae7b5b4036f975f7eb058a3364a25a87cdc6ce2369082401,58,57,All Ongoing Projects,6,pdfplumber_table,twelve_month_gate2:0.1.0,"pdf_page_index=58,table_index=logical8,row_index=2"
OBS-202512-00222,2025-12,222,"TRANSMISSION SYSTEM FOR EVACUATION OF POWER FROM RAJASTHAN
REZ PH-IV [PART-3/ 6 GW] [BIKANER COMPLEX] PART B [SPV Name
POWERGRID Siwani Transmission Limited]",Power Grid Corporation of India Limited [POWERGRID],615340,-,-,"Multi-States
(Haryana,
Rajasthan)",11/2024,11/2024,11/2026,03/2027,5357,5357,785.56,21,"TRANSMISSION SYSTEM FOR EVACUATION OF POWER FROM RAJASTHAN
REZ PH-IV [PART-3/ 6 GW] [BIKANER COMPLEX] PART B [SPV Name
POWERGRID Siwani Transmission Limited]
(Power Grid Corporation of India Limited [POWERGRID])
(615340)","11/2024
(11/2024)","11/2026
(03/2027)","5357
(5357)",SRC-2025-12,07f56e5457c63192ae7b5b4036f975f7eb058a3364a25a87cdc6ce2369082401,58,57,All Ongoing Projects,6,pdfplumber_table,twelve_month_gate2:0.1.0,"pdf_page_index=58,table_index=logical8,row_index=3"
OBS-202512-00223,2025-12,223,Inter-Regional Strengthening between SR Grid and WR Grid,Power Grid Corporation of India Limited [POWERGRID],617808,-,-,"Multi-States
(Karnataka,
Maharashtra)",10/2025,10/2025,10/2027,-,1007,1007,5.03,0,"Inter-Regional Strengthening between SR Grid and WR Grid
(Power Grid Corporation of India Limited [POWERGRID])
(617808)","10/2025
(10/2025)","10/2027
(-)","1007
(1007)",SRC-2025-12,07f56e5457c63192ae7b5b4036f975f7eb058a3364a25a87cdc6ce2369082401,58,57,All Ongoing Projects,6,pdfplumber_table,twelve_month_gate2:0.1.0,"pdf_page_index=58,table_index=logical8,row_index=4"
OBS-202512-00224,2025-12,224,"Transmission Scheme for Solar Energy Zone in Bidar [2500 MW], Karnataka [Bidar
Transmission Ltd]",Power Grid Corporation of India Limited [POWERGRID],612138,-,-,"Multi-States
(Karnataka,
Telangana)",02/2024,02/2024,02/2026,06/2026,2147.62,2147.62,1685.45,79,"Transmission Scheme for Solar Energy Zone in Bidar [2500 MW], Karnataka [Bidar
Transmission Ltd]
(Power Grid Corporation of India Limited [POWERGRID])
(612138)","02/2024
(02/2024)","02/2026
(06/2026)","2147.62
(2147.62)",SRC-2025-12,07f56e5457c63192ae7b5b4036f975f7eb058a3364a25a87cdc6ce2369082401,58,57,All Ongoing Projects,6,pdfplumber_table,twelve_month_gate2:0.1.0,"pdf_page_index=58,table_index=logical8,row_index=5"
OBS-202512-00225,2025-12,225,"Transmission System for Evacuation of Power from Rajasthan REZ Ph-IV [Part-2 5.5
GW] [Jaisalmer/Barmer Complex] Part D [SPV Name POWERGRID Beawar
Mandsaur Transmission Limited]",Power Grid Corporation of India Limited [POWERGRID],615333,-,-,"Multi-States
(Madhya Pradesh,
Rajasthan)",08/2024,08/2024,08/2026,-,2227,2227,846.22,29,"Transmission System for Evacuation of Power from Rajasthan REZ Ph-IV [Part-2 5.5
GW] [Jaisalmer/Barmer Complex] Part D [SPV Name POWERGRID Beawar
Mandsaur Transmission Limited]
(Power Grid Corporation of India Limited [POWERGRID])
(615333)","08/2024
(08/2024)","08/2026
(-)","2227
(2227)",SRC-2025-12,07f56e5457c63192ae7b5b4036f975f7eb058a3364a25a87cdc6ce2369082401,58,57,All Ongoing Projects,6,pdfplumber_table,twelve_month_gate2:0.1.0,"pdf_page_index=58,table_index=logical8,row_index=6"
OBS-202512-00226,2025-12,226,"Transmission System for Evacuation of Power from Rajasthan REZ Ph-IV [Part-2 5.5
GW] [Jaisalmer/Barmer Complex] Part E [SPV Name POWERGRID Mewar
Transmission Limited]",Power Grid Corporation of India Limited [POWERGRID],615334,-,-,"Multi-States
(Madhya Pradesh,
Rajasthan)",08/2024,08/2024,08/2026,03/2027,3251,3251,1202.85,32,"Transmission System for Evacuation of Power from Rajasthan REZ Ph-IV [Part-2 5.5
GW] [Jaisalmer/Barmer Complex] Part E [SPV Name POWERGRID Mewar
Transmission Limited]
(Power Grid Corporation of India Limited [POWERGRID])
(615334)","08/2024
(08/2024)","08/2026
(03/2027)","3251
(3251)",SRC-2025-12,07f56e5457c63192ae7b5b4036f975f7eb058a3364a25a87cdc6ce2369082401,58,57,All Ongoing Projects,6,pdfplumber_table,twelve_month_gate2:0.1.0,"pdf_page_index=58,table_index=logical8,row_index=7"
OBS-202512-00227,2025-12,227,"Rajasthan REZ Ph-V [Part-1- 4 GW] [Sirohi/Nagaur] Complex [Rajasthan V Power
Transmission Limited]",Power Grid Corporation of India Limited [POWERGRID],617186,-,-,"Multi-States
(Madhya Pradesh,
Rajasthan)",03/2025,03/2025,03/2027,-,5028,5028,411.29,9,"Rajasthan REZ Ph-V [Part-1- 4 GW] [Sirohi/Nagaur] Complex [Rajasthan V Power
Transmission Limited]
(Power Grid Corporation of India Limited [POWERGRID])
(617186)","03/2025
(03/2025)","03/2027
(-)","5028
(5028)",SRC-2025-12,07f56e5457c63192ae7b5b4036f975f7eb058a3364a25a87cdc6ce2369082401,58,57,All Ongoing Projects,6,pdfplumber_table,twelve_month_gate2:0.1.0,"pdf_page_index=58,table_index=logical8,row_index=8"
OBS-202512-00228,2025-12,228,"Transmission System for Evacuation of power from Rajasthan REZ Ph-IV [Part-1]
[Bikaner Complex] Part D [Neemrana Bareilly Transmission Ltd]",Power Grid Corporation of India Limited [POWERGRID],612133,-,-,"Multi-States
(Rajasthan, Uttar
Pradesh)",12/2023,12/2023,12/2025,06/2026,2056,2056,1644.8,66,"Transmission System for Evacuation of power from Rajasthan REZ Ph-IV [Part-1]
[Bikaner Complex] Part D [Neemrana Bareilly Transmission Ltd]
(Power Grid Corporation of India Limited [POWERGRID])
(612133)","12/2023
(12/2023)","12/2025
(06/2026)","2056
(2056)",SRC-2025-12,07f56e5457c63192ae7b5b4036f975f7eb058a3364a25a87cdc6ce2369082401,58,57,All Ongoing Projects,6,pdfplumber_table,twelve_month_gate2:0.1.0,"pdf_page_index=58,table_index=logical8,row_index=9"
OBS-202512-00229,2025-12,229,"Transmission System for evacuation of Power from Rajasthan REZ Ph-IV [Part-4 3.5
GW] Part A [SPV name POWERGRID Ghiror Transmission Limited]",Power Grid Corporation of India Limited [POWERGRID],616670,-,-,"Multi-States
(Rajasthan, Uttar
Pradesh)",12/2024,12/2024,12/2026,03/2027,5846,5846,744.68,15,"Transmission System for evacuation of Power from Rajasthan REZ Ph-IV [Part-4 3.5
GW] Part A [SPV name POWERGRID Ghiror Transmission Limited]
(Power Grid Corporation of India Limited [POWERGRID])
(616670)","12/2024
(12/2024)","12/2026
(03/2027)","5846
(5846)",SRC-2025-12,07f56e5457c63192ae7b5b4036f975f7eb058a3364a25a87cdc6ce2369082401,58,57,All Ongoing Projects,6,pdfplumber_table,twelve_month_gate2:0.1.0,"pdf_page_index=58,table_index=logical8,row_index=10"
OBS-202512-00230,2025-12,230,"Transmission System for Evacuation of Power from REZ in Rajasthan 20GW under
Phase III- Part E2",Power Grid Corporation of India Limited [POWERGRID],611947,-,-,Rajasthan,11/2023,11/2023,06/2025,03/2026,428.3,428.3,334.08,82,"Transmission System for Evacuation of Power from REZ in Rajasthan 20GW under
Phase III- Part E2
(Power Grid Corporation of India Limited [POWERGRID])
(611947)","11/2023
(11/2023)","06/2025
(03/2026)","428.3
(428.3)",SRC-2025-12,07f56e5457c63192ae7b5b4036f975f7eb058a3364a25a87cdc6ce2369082401,58,57,All Ongoing Projects,6,pdfplumber_table,twelve_month_gate2:0.1.0,"pdf_page_index=58,table_index=logical8,row_index=11"
OBS-202512-00231,2025-12,231,"Transmission system for evacuation of power from REZ in Rajasthan 20 GW under
Phase-III part H",Power Grid Corporation of India Limited [POWERGRID],611948,-,-,Rajasthan,10/2023,10/2023,04/2025,03/2026,2211.29,2211.29,2081.24,94,"Transmission system for evacuation of power from REZ in Rajasthan 20 GW under
Phase-III part H
(Power Grid Corporation of India Limited [POWERGRID])
(611948)","10/2023
(10/2023)","04/2025
(03/2026)","2211.29
(2211.29)",SRC-2025-12,07f56e5457c63192ae7b5b4036f975f7eb058a3364a25a87cdc6ce2369082401,58,57,All Ongoing Projects,6,pdfplumber_table,twelve_month_gate2:0.1.0,"pdf_page_index=58,table_index=logical8,row_index=12"
OBS-202512-00232,2025-12,232,"Transmission system for evacuation of power from REZ in Rajasthan 20 GW under
Phase-III part C1",Power Grid Corporation of India Limited [POWERGRID],611949,-,-,Rajasthan,10/2023,10/2023,04/2025,03/2026,1796.02,1796.02,1621.79,94,"Transmission system for evacuation of power from REZ in Rajasthan 20 GW under
Phase-III part C1
(Power Grid Corporation of India Limited [POWERGRID])
(611949)","10/2023
(10/2023)","04/2025
(03/2026)","1796.02
(1796.02)",SRC-2025-12,07f56e5457c63192ae7b5b4036f975f7eb058a3364a25a87cdc6ce2369082401,58,57,All Ongoing Projects,6,pdfplumber_table,twelve_month_gate2:0.1.0,"pdf_page_index=58,table_index=logical8,row_index=13"
OBS-202512-00233,2025-12,233,"Transmission system for evacuation of power from REZ in Rajasthan 20 GW under
Phase-III part B1",Power Grid Corporation of India Limited [POWERGRID],611950,-,-,Rajasthan,09/2023,09/2023,04/2025,01/2026,2190.54,2190.54,2079.44,98,"Transmission system for evacuation of power from REZ in Rajasthan 20 GW under
Phase-III part B1
(Power Grid Corporation of India Limited [POWERGRID])
(611950)","09/2023
(09/2023)","04/2025
(01/2026)","2190.54
(2190.54)",SRC-2025-12,07f56e5457c63192ae7b5b4036f975f7eb058a3364a25a87cdc6ce2369082401,58,57,All Ongoing Projects,6,pdfplumber_table,twelve_month_gate2:0.1.0,"pdf_page_index=58,table_index=logical8,row_index=14"
OBS-202512-00234,2025-12,234,"Transmission system for evacuation of power from REZ in Rajasthan 20GW under
Phase-III Part E1",Power Grid Corporation of India Limited [POWERGRID],611951,-,-,Rajasthan,12/2021,08/2023,02/2025,01/2026,688.74,688.74,685.29,99,"Transmission system for evacuation of power from REZ in Rajasthan 20GW under
Phase-III Part E1
(Power Grid Corporation of India Limited [POWERGRID])
(611951)","12/2021
(08/2023)","02/2025
(01/2026)","688.74
(688.74)",SRC-2025-12,07f56e5457c63192ae7b5b4036f975f7eb058a3364a25a87cdc6ce2369082401,58,57,All Ongoing Projects,6,pdfplumber_table,twelve_month_gate2:0.1.0,"pdf_page_index=58,table_index=logical8,row_index=15"
OBS-202512-00235,2025-12,235,"Transmission System for Evacuation of power from Rajasthan REZ Ph-IV [Part-1]
[Bikaner Complex] Part A [Bikaner Neemrana Transmission Ltd]",Power Grid Corporation of India Limited [POWERGRID],612134,-,-,Rajasthan,12/2023,12/2023,12/2025,06/2026,2998.34,2998.34,2158.8,62,"Transmission System for Evacuation of power from Rajasthan REZ Ph-IV [Part-1]
[Bikaner Complex] Part A [Bikaner Neemrana Transmission Ltd]
(Power Grid Corporation of India Limited [POWERGRID])
(612134)","12/2023
(12/2023)","12/2025
(06/2026)","2998.34
(2998.34)",SRC-2025-12,07f56e5457c63192ae7b5b4036f975f7eb058a3364a25a87cdc6ce2369082401,58,57,All Ongoing Projects,6,pdfplumber_table,twelve_month_gate2:0.1.0,"pdf_page_index=58,table_index=logical8,row_index=16"
OBS-202512-00236,2025-12,236,"Transmission System for Evacuation of Power from Rajasthan REZ Ph-IV [Part-2 5.5
GW][Jaisalmer/Barmer Complex] Part B [SPV Name POWERGRID Sirohi
Transmission Limited]",Power Grid Corporation of India Limited [POWERGRID],615332,-,-,Rajasthan,08/2024,08/2024,08/2026,12/2026,3279,3279,1260.05,32,"Transmission System for Evacuation of Power from Rajasthan REZ Ph-IV [Part-2 5.5
GW][Jaisalmer/Barmer Complex] Part B [SPV Name POWERGRID Sirohi
Transmission Limited]
(Power Grid Corporation of India Limited [POWERGRID])
(615332)","08/2024
(08/2024)","08/2026
(12/2026)","3279
(3279)",SRC-2025-12,07f56e5457c63192ae7b5b4036f975f7eb058a3364a25a87cdc6ce2369082401,58,57,All Ongoing Projects,6,pdfplumber_table,twelve_month_gate2:0.1.0,"pdf_page_index=58,table_index=logical8,row_index=17"
OBS-202512-00237,2025-12,237,"Transmission System Strengthening for Interconnections of Bhadla-III & Bikaner III
Complex [SPV Name POWERGRID BHADLA BIKANER TRANSMISSION LIMITED]",Power Grid Corporation of India Limited [POWERGRID],615335,-,-,Rajasthan,08/2024,08/2024,08/2026,12/2026,1382,1382,290.08,18,"Transmission System Strengthening for Interconnections of Bhadla-III & Bikaner III
Complex [SPV Name POWERGRID BHADLA BIKANER TRANSMISSION LIMITED]
(Power Grid Corporation of India Limited [POWERGRID])
(615335)","08/2024
(08/2024)","08/2026
(12/2026)","1382
(1382)",SRC-2025-12,07f56e5457c63192ae7b5b4036f975f7eb058a3364a25a87cdc6ce2369082401,58,57,All Ongoing Projects,6,pdfplumber_table,twelve_month_gate2:0.1.0,"pdf_page_index=58,table_index=logical8,row_index=18"
OBS-202512-00238,2025-12,238,"Additional Transmission System for evacuation of Power from Bhadla-III PS as part of
Rajasthan REZ Phase III Scheme [20 GW] [SPV Name POWERGRID Bhadla-III
Power Transmission Limited]",Power Grid Corporation of India Limited [POWERGRID],615337,-,-,Rajasthan,08/2024,08/2024,02/2026,03/2026,369,369,129.49,38,"Additional Transmission System for evacuation of Power from Bhadla-III PS as part of
Rajasthan REZ Phase III Scheme [20 GW] [SPV Name POWERGRID Bhadla-III
Power Transmission Limited]
(Power Grid Corporation of India Limited [POWERGRID])
(615337)","08/2024
(08/2024)","02/2026
(03/2026)","369
(369)",SRC-2025-12,07f56e5457c63192ae7b5b4036f975f7eb058a3364a25a87cdc6ce2369082401,58,57,All Ongoing Projects,6,pdfplumber_table,twelve_month_gate2:0.1.0,"pdf_page_index=58,table_index=logical8,row_index=19"
OBS-202512-00239,2025-12,239,"TRANSMISSION SYSTEM FOR EVACUATION OF POWER FROM RAJASTHAN
REZ PH -IV [PART-2 5.5 GW] [JAISALMER/BARMER COMPLEX] PART F [SPV
Name POWERGRID BARMER I TRANSMISSION LIMITED]",Power Grid Corporation of India Limited [POWERGRID],615338,-,-,Rajasthan,11/2024,11/2024,11/2026,06/2027,2735,2735,656.05,22,"TRANSMISSION SYSTEM FOR EVACUATION OF POWER FROM RAJASTHAN
REZ PH -IV [PART-2 5.5 GW] [JAISALMER/BARMER COMPLEX] PART F [SPV
Name POWERGRID BARMER I TRANSMISSION LIMITED]
(Power Grid Corporation of India Limited [POWERGRID])
(615338)","11/2024
(11/2024)","11/2026
(06/2027)","2735
(2735)",SRC-2025-12,07f56e5457c63192ae7b5b4036f975f7eb058a3364a25a87cdc6ce2369082401,58,57,All Ongoing Projects,6,pdfplumber_table,twelve_month_gate2:0.1.0,"pdf_page_index=58,table_index=logical8,row_index=20"
OBS-202512-00240,2025-12,240,"Augmentation at Fatehgarh-II PS, Fatehgarh-IV PS [Section-II] and Barmer-I PS
[POWERGRID Fatehgarh Barmer Augmentation Transmission Limited]",Power Grid Corporation of India Limited [POWERGRID],617181,-,-,Rajasthan,03/2025,03/2025,12/2026,03/2027,404,404,20.2,2,"Augmentation at Fatehgarh-II PS, Fatehgarh-IV PS [Section-II] and Barmer-I PS
[POWERGRID Fatehgarh Barmer Augmentation Transmission Limited]
(Power Grid Corporation of India Limited [POWERGRID])
(617181)","03/2025
(03/2025)","12/2026
(03/2027)","404
(404)",SRC-2025-12,07f56e5457c63192ae7b5b4036f975f7eb058a3364a25a87cdc6ce2369082401,58,57,All Ongoing Projects,6,pdfplumber_table,twelve_month_gate2:0.1.0,"pdf_page_index=58,table_index=logical8,row_index=21"
OBS-202512-00241,2025-12,241,"Transmission System under ISTS for evacuation of Power from Kudankulam Unit-3&4
[2x1000 MW] [SPV Name POWERGRID Kudankulam Tarnsmission Limited]",Power Grid Corporation of India Limited [POWERGRID],616671,-,-,Tamil Nadu,01/2025,01/2025,12/2026,12/2026,548,548,102.46,12,"Transmission System under ISTS for evacuation of Power from Kudankulam Unit-3&4
[2x1000 MW] [SPV Name POWERGRID Kudankulam Tarnsmission Limited]
(Power Grid Corporation of India Limited [POWERGRID])
(616671)","01/2025
(01/2025)","12/2026
(12/2026)","548
(548)",SRC-2025-12,07f56e5457c63192ae7b5b4036f975f7eb058a3364a25a87cdc6ce2369082401,58,57,All Ongoing Projects,6,pdfplumber_table,twelve_month_gate2:0.1.0,"pdf_page_index=58,table_index=logical8,row_index=22"
OBS-202512-00242,2025-12,242,"Transmission System for Strengthening to facilitate evacuation of power from
Bhadla/Bikaner Complex",Power Grid Corporation of India Limited [POWERGRID],617269,-,-,Uttar Pradesh,12/2024,12/2024,06/2026,08/2026,212.81,212.81,2.1,0,"Transmission System for Strengthening to facilitate evacuation of power from
Bhadla/Bikaner Complex
(Power Grid Corporation of India Limited [POWERGRID])
(617269)","12/2024
(12/2024)","06/2026
(08/2026)","212.81
(212.81)",SRC-2025-12,07f56e5457c63192ae7b5b4036f975f7eb058a3364a25a87cdc6ce2369082401,59,58,All Ongoing Projects,6,pdfplumber_table,twelve_month_gate2:0.1.0,"pdf_page_index=59,table_index=logical8,row_index=1"
OBS-202512-00243,2025-12,243,"Construction of One Tower of Office Complex and another Tower of Residential
quarters consisting of 10Nos. Type-V, 10Nos. Type-VI & 1No.Type-VII Quarters i/c
internal water supply, sanitary installation and all development and bulk services,
Horticulture works on EPC Mode-I basis i/c comprehensive operation and
maintenance of Civil, E&M services for 7 years after completion of original
construction work for Ranga Reddy, Secunderabad, Medchal, AuditI, Audit-II
Commissionerates of Central Tax at Khajaguda, Serilingampally, Hyderabad.",Central Public Works Department - CPWD,617412,-,-,Telangana,03/2024,11/2024,09/2027,-,644,644,116.18,10,"Construction of One Tower of Office Complex and another Tower of Residential
quarters consisting of 10Nos. Type-V, 10Nos. Type-VI & 1No.Type-VII Quarters i/c
internal water supply, sanitary installation and all development and bulk services,
Horticulture works on EPC Mode-I basis i/c comprehensive operation and
maintenance of Civil, E&M services for 7 years after completion of original
construction work for Ranga Reddy, Secunderabad, Medchal, AuditI, Audit-II
Commissionerates of Central Tax at Khajaguda, Serilingampally, Hyderabad.
(Central Public Works Department - CPWD)
(617412)","03/2024
(11/2024)","09/2027
(-)","644
(644)",SRC-2025-12,07f56e5457c63192ae7b5b4036f975f7eb058a3364a25a87cdc6ce2369082401,59,58,All Ongoing Projects,6,pdfplumber_table,twelve_month_gate2:0.1.0,"pdf_page_index=59,table_index=logical8,row_index=5"
OBS-202512-00244,2025-12,244,"Integrated Command control Center [ICCC] - Construction and Development of
Integrated Command Control Center with Security, Surveillance, ITMS, Connecting
Port, Ship Service, Smart Solid Waste Management, Smart Public Transport System",ministry of housing and urban affairs,707229,-,-,"Andaman &
Nicobar",07/2021,11/2021,05/2023,-,209.88,209.88,0,70,"Integrated Command control Center [ICCC] - Construction and Development of
Integrated Command Control Center with Security, Surveillance, ITMS, Connecting
Port, Ship Service, Smart Solid Waste Management, Smart Public Transport System
(ministry of housing and urban affairs)
(707229)","07/2021
(11/2021)","05/2023
(-)","209.88
(209.88)",SRC-2025-12,07f56e5457c63192ae7b5b4036f975f7eb058a3364a25a87cdc6ce2369082401,59,58,All Ongoing Projects,6,pdfplumber_table,twelve_month_gate2:0.1.0,"pdf_page_index=59,table_index=logical8,row_index=8"
OBS-202512-00245,2025-12,245,"Redevelopment of Seven General Pool Residential Accommodation [GPRA] Colonies
in Delhi",National Buildings Construction Corporation [NBCC],400188,-,-,Delhi,07/2016,05/2018,12/2025,12/2025,32850,32850,0,0,"Redevelopment of Seven General Pool Residential Accommodation [GPRA] Colonies
in Delhi
(National Buildings Construction Corporation [NBCC])
(400188)","07/2016
(05/2018)","12/2025
(12/2025)","32850
(32850)",SRC-2025-12,07f56e5457c63192ae7b5b4036f975f7eb058a3364a25a87cdc6ce2369082401,59,58,All Ongoing Projects,6,pdfplumber_table,twelve_month_gate2:0.1.0,"pdf_page_index=59,table_index=logical8,row_index=9"
OBS-202512-00246,2025-12,246,Rehablitation in Junavadaj Area Smart City Project,ministry of housing and urban affairs,701719,-,-,Gujarat,02/2016,06/2016,07/2022,-,539,539,39.63,50,"Rehablitation in Junavadaj Area Smart City Project
(ministry of housing and urban affairs)
(701719)","02/2016
(06/2016)","07/2022
(-)","539
(539)",SRC-2025-12,07f56e5457c63192ae7b5b4036f975f7eb058a3364a25a87cdc6ce2369082401,59,58,All Ongoing Projects,6,pdfplumber_table,twelve_month_gate2:0.1.0,"pdf_page_index=59,table_index=logical8,row_index=10"
OBS-202512-00247,2025-12,247,Green Building Development Project,ministry of housing and urban affairs,701766,-,-,Uttarakhand,11/2019,08/2019,11/2023,-,150.97,150.97,18.95,31,"Green Building Development Project
(ministry of housing and urban affairs)
(701766)","11/2019
(08/2019)","11/2023
(-)","150.97
(150.97)",SRC-2025-12,07f56e5457c63192ae7b5b4036f975f7eb058a3364a25a87cdc6ce2369082401,59,58,All Ongoing Projects,6,pdfplumber_table,twelve_month_gate2:0.1.0,"pdf_page_index=59,table_index=logical8,row_index=11"
OBS-202512-00248,2025-12,248,Patna Metro Rail Project,Patna Metro Rail Corporation Ltd. [PMRCL],702627,-,-,Bihar,02/2019,02/2019,02/2024,06/2027,13365.77,13365.8,4670.21,48,"Patna Metro Rail Project
(Patna Metro Rail Corporation Ltd. [PMRCL])
(702627)","02/2019
(02/2019)","02/2024
(06/2027)","13365.77
(13365.8)",SRC-2025-12,07f56e5457c63192ae7b5b4036f975f7eb058a3364a25a87cdc6ce2369082401,59,58,All Ongoing Projects,6,pdfplumber_table,twelve_month_gate2:0.1.0,"pdf_page_index=59,table_index=logical8,row_index=14"
OBS-202512-00249,2025-12,249,Delhi Metro Rail Phase-IV [2 Corridors],Delhi Metro Rail Corporation Limited [DMRC],617207,-,-,Delhi,03/2024,03/2024,03/2029,-,8399.81,8399.81,67.13,0,"Delhi Metro Rail Phase-IV [2 Corridors]
(Delhi Metro Rail Corporation Limited [DMRC])
(617207)","03/2024
(03/2024)","03/2029
(-)","8399.81
(8399.81)",SRC-2025-12,07f56e5457c63192ae7b5b4036f975f7eb058a3364a25a87cdc6ce2369082401,59,58,All Ongoing Projects,6,pdfplumber_table,twelve_month_gate2:0.1.0,"pdf_page_index=59,table_index=logical8,row_index=15"
OBS-202512-00250,2025-12,250,DMRTS Phase - IV [3 Priority Corridors],Delhi Metro Rail Corporation Limited [DMRC],702632,-,-,Delhi,07/2019,07/2019,03/2025,03/2026,24948.65,24948.7,18390.81,74,"DMRTS Phase - IV [3 Priority Corridors]
(Delhi Metro Rail Corporation Limited [DMRC])
(702632)","07/2019
(07/2019)","03/2025
(03/2026)","24948.65
(24948.7)",SRC-2025-12,07f56e5457c63192ae7b5b4036f975f7eb058a3364a25a87cdc6ce2369082401,59,58,All Ongoing Projects,6,pdfplumber_table,twelve_month_gate2:0.1.0,"pdf_page_index=59,table_index=logical8,row_index=16"
OBS-202512-00251,2025-12,251,Surat Metro Rail Project,Gujarat Metro Rail Corporation Limited [GMRCL],702630,-,-,Gujarat,03/2019,04/2019,03/2024,06/2026,12020.32,12020.3,8232.16,75,"Surat Metro Rail Project
(Gujarat Metro Rail Corporation Limited [GMRCL])
(702630)","03/2019
(04/2019)","03/2024
(06/2026)","12020.32
(12020.3)",SRC-2025-12,07f56e5457c63192ae7b5b4036f975f7eb058a3364a25a87cdc6ce2369082401,59,58,All Ongoing Projects,6,pdfplumber_table,twelve_month_gate2:0.1.0,"pdf_page_index=59,table_index=logical8,row_index=17"
OBS-202512-00252,2025-12,252,"Ahmedabad Metro Rail Project, Phase-II",Gujarat Metro Rail Corporation Limited [GMRCL],702631,-,-,Gujarat,03/2019,03/2019,03/2024,12/2025,5384.17,5384.17,4816.5,97,"Ahmedabad Metro Rail Project, Phase-II
(Gujarat Metro Rail Corporation Limited [GMRCL])
(702631)","03/2019
(03/2019)","03/2024
(12/2025)","5384.17
(5384.17)",SRC-2025-12,07f56e5457c63192ae7b5b4036f975f7eb058a3364a25a87cdc6ce2369082401,59,58,All Ongoing Projects,6,pdfplumber_table,twelve_month_gate2:0.1.0,"pdf_page_index=59,table_index=logical8,row_index=18"
OBS-202512-00253,2025-12,253,Ahmedabad Metro Rail Project [Phase-I],Gujarat Metro Rail Corporation Limited [GMRCL],702639,-,-,Gujarat,11/2014,02/2015,03/2018,01/2026,10773,12924.5,12266.48,99,"Ahmedabad Metro Rail Project [Phase-I]
(Gujarat Metro Rail Corporation Limited [GMRCL])
(702639)","11/2014
(02/2015)","03/2018
(01/2026)","10773
(12924.5)",SRC-2025-12,07f56e5457c63192ae7b5b4036f975f7eb058a3364a25a87cdc6ce2369082401,59,58,All Ongoing Projects,6,pdfplumber_table,twelve_month_gate2:0.1.0,"pdf_page_index=59,table_index=logical8,row_index=19"
OBS-202512-00254,2025-12,254,Construction of Bangalore Metro Rail Project Phase 2.,Bengaluru Metro Rail,702635,-,-,Karnataka,02/2014,02/2016,03/2021,09/2026,26405.14,30695.1,29687.97,95,"Construction of Bangalore Metro Rail Project Phase 2.
(Bengaluru Metro Rail)
(702635)","02/2014
(02/2016)","03/2021
(09/2026)","26405.14
(30695.1)",SRC-2025-12,07f56e5457c63192ae7b5b4036f975f7eb058a3364a25a87cdc6ce2369082401,59,58,All Ongoing Projects,6,pdfplumber_table,twelve_month_gate2:0.1.0,"pdf_page_index=59,table_index=logical8,row_index=20"
OBS-202512-00255,2025-12,255,Construction Bangalore Metro Rail Project Phase-2A & 2B,Bengaluru Metro Rail,702665,-,-,Karnataka,06/2021,01/2019,06/2026,06/2026,14788.1,14788.1,9313.22,60,"Construction Bangalore Metro Rail Project Phase-2A & 2B
(Bengaluru Metro Rail)
(702665)","06/2021
(01/2019)","06/2026
(06/2026)","14788.1
(14788.1)",SRC-2025-12,07f56e5457c63192ae7b5b4036f975f7eb058a3364a25a87cdc6ce2369082401,59,58,All Ongoing Projects,6,pdfplumber_table,twelve_month_gate2:0.1.0,"pdf_page_index=59,table_index=logical8,row_index=21"
OBS-202512-00256,2025-12,256,Kochi Metro Rail Phase 2 Development Project,CSPCC Projects,702664,-,-,Kerala,11/2022,11/2022,11/2026,11/2026,1957.05,1957.05,516.92,24,"Kochi Metro Rail Phase 2 Development Project
(CSPCC Projects)
(702664)","11/2022
(11/2022)","11/2026
(11/2026)","1957.05
(1957.05)",SRC-2025-12,07f56e5457c63192ae7b5b4036f975f7eb058a3364a25a87cdc6ce2369082401,59,58,All Ongoing Projects,6,pdfplumber_table,twelve_month_gate2:0.1.0,"pdf_page_index=59,table_index=logical8,row_index=22"
OBS-202512-00257,2025-12,257,Bhopal Metro Rail Project,Madhya Pradesh Metro Rail Co Limited [MPMRCL],702625,-,-,Madhya Pradesh,11/2018,11/2018,11/2022,06/2028,6941.4,6941.4,3846.45,51,"Bhopal Metro Rail Project
(Madhya Pradesh Metro Rail Co Limited [MPMRCL])
(702625)","11/2018
(11/2018)","11/2022
(06/2028)","6941.4
(6941.4)",SRC-2025-12,07f56e5457c63192ae7b5b4036f975f7eb058a3364a25a87cdc6ce2369082401,59,58,All Ongoing Projects,6,pdfplumber_table,twelve_month_gate2:0.1.0,"pdf_page_index=59,table_index=logical8,row_index=23"
OBS-202512-00258,2025-12,258,Indore Metro Rail Project,Madhya Pradesh Metro Rail Co Limited [MPMRCL],702626,-,-,Madhya Pradesh,11/2018,11/2018,11/2022,12/2028,7500.8,7500.8,4416.11,58,"Indore Metro Rail Project
(Madhya Pradesh Metro Rail Co Limited [MPMRCL])
(702626)","11/2018
(11/2018)","11/2022
(12/2028)","7500.8
(7500.8)",SRC-2025-12,07f56e5457c63192ae7b5b4036f975f7eb058a3364a25a87cdc6ce2369082401,59,58,All Ongoing Projects,6,pdfplumber_table,twelve_month_gate2:0.1.0,"pdf_page_index=59,table_index=logical8,row_index=24"
OBS-202512-00259,2025-12,259,PCMC To Nigdi- Extension Of North South Corridor Of Phase-1,Maharashtra Metro Rail Corporation Limited [MMRCL],617225,-,-,Maharashtra,10/2023,10/2023,01/2027,-,910.18,910.18,196.77,32,"PCMC To Nigdi- Extension Of North South Corridor Of Phase-1
(Maharashtra Metro Rail Corporation Limited [MMRCL])
(617225)","10/2023
(10/2023)","01/2027
(-)","910.18
(910.18)",SRC-2025-12,07f56e5457c63192ae7b5b4036f975f7eb058a3364a25a87cdc6ce2369082401,59,58,All Ongoing Projects,6,pdfplumber_table,twelve_month_gate2:0.1.0,"pdf_page_index=59,table_index=logical8,row_index=25"
OBS-202512-00260,2025-12,260,Pune Metro Phase-1 Extension line towards south from Swargate to Katraj,Maharashtra Metro Rail Corporation Limited [MMRCL],617226,-,-,Maharashtra,09/2024,09/2024,03/2029,-,2954.53,2954.53,25.24,4,"Pune Metro Phase-1 Extension line towards south from Swargate to Katraj
(Maharashtra Metro Rail Corporation Limited [MMRCL])
(617226)","09/2024
(09/2024)","03/2029
(-)","2954.53
(2954.53)",SRC-2025-12,07f56e5457c63192ae7b5b4036f975f7eb058a3364a25a87cdc6ce2369082401,59,58,All Ongoing Projects,6,pdfplumber_table,twelve_month_gate2:0.1.0,"pdf_page_index=59,table_index=logical8,row_index=26"
OBS-202512-00261,2025-12,261,Thane Integral Ring Metro Rail Project,Maharashtra Metro Rail Corporation Limited [MMRCL],617327,-,-,Maharashtra,09/2024,09/2024,09/2029,-,12200.1,12200.1,8.98,5,"Thane Integral Ring Metro Rail Project
(Maharashtra Metro Rail Corporation Limited [MMRCL])
(617327)","09/2024
(09/2024)","09/2029
(-)","12200.1
(12200.1)",SRC-2025-12,07f56e5457c63192ae7b5b4036f975f7eb058a3364a25a87cdc6ce2369082401,59,58,All Ongoing Projects,6,pdfplumber_table,twelve_month_gate2:0.1.0,"pdf_page_index=59,table_index=logical8,row_index=27"
OBS-202512-00262,2025-12,262,"Pune Metro Rail Project Phase-2 Corridor 2A Vanaz to Chandani Chowk and Corridor
2B Ramwadi to Wagholi/Vitthalwadi",Maharashtra Metro Rail Corporation Limited [MMRCL],618971,-,-,Maharashtra,07/2025,07/2025,07/2029,-,3626.24,3626.24,0.41,0,"Pune Metro Rail Project Phase-2 Corridor 2A Vanaz to Chandani Chowk and Corridor
2B Ramwadi to Wagholi/Vitthalwadi
(Maharashtra Metro Rail Corporation Limited [MMRCL])
(618971)","07/2025
(07/2025)","07/2029
(-)","3626.24
(3626.24)",SRC-2025-12,07f56e5457c63192ae7b5b4036f975f7eb058a3364a25a87cdc6ce2369082401,59,58,All Ongoing Projects,6,pdfplumber_table,twelve_month_gate2:0.1.0,"pdf_page_index=59,table_index=logical8,row_index=28"
OBS-202512-00263,2025-12,263,"Pune Metro Rail Project Phase-2 Line-4 Kharadi to Khadakwasla with Spur Line 4A
Nal Stop - Warje - Manikbaug",Maharashtra Metro Rail Corporation Limited [MMRCL],618985,-,-,Maharashtra,12/2025,12/2025,12/2030,-,9857.85,9857.85,0,0,"Pune Metro Rail Project Phase-2 Line-4 Kharadi to Khadakwasla with Spur Line 4A
Nal Stop - Warje - Manikbaug
(Maharashtra Metro Rail Corporation Limited [MMRCL])
(618985)","12/2025
(12/2025)","12/2030
(-)","9857.85
(9857.85)",SRC-2025-12,07f56e5457c63192ae7b5b4036f975f7eb058a3364a25a87cdc6ce2369082401,59,58,All Ongoing Projects,6,pdfplumber_table,twelve_month_gate2:0.1.0,"pdf_page_index=59,table_index=logical8,row_index=29"
OBS-202512-00264,2025-12,264,New Suburba Station Development Project,ministry of housing and urban affairs,701745,-,-,Maharashtra,04/2018,03/2019,07/2022,-,262.76,262.76,17.62,6,"New Suburba Station Development Project
(ministry of housing and urban affairs)
(701745)","04/2018
(03/2019)","07/2022
(-)","262.76
(262.76)",SRC-2025-12,07f56e5457c63192ae7b5b4036f975f7eb058a3364a25a87cdc6ce2369082401,59,58,All Ongoing Projects,6,pdfplumber_table,twelve_month_gate2:0.1.0,"pdf_page_index=59,table_index=logical8,row_index=30"
OBS-202512-00265,2025-12,265,Kalyan Station Precinct Imporvement Project,ministry of housing and urban affairs,701991,-,-,Maharashtra,04/2018,07/2020,07/2023,-,600,600,272.42,70,"Kalyan Station Precinct Imporvement Project
(ministry of housing and urban affairs)
(701991)","04/2018
(07/2020)","07/2023
(-)","600
(600)",SRC-2025-12,07f56e5457c63192ae7b5b4036f975f7eb058a3364a25a87cdc6ce2369082401,59,58,All Ongoing Projects,6,pdfplumber_table,twelve_month_gate2:0.1.0,"pdf_page_index=59,table_index=logical8,row_index=31"
OBS-202512-00266,2025-12,266,Mumbai Metro Line 3,Mumbai Metro Rail Corporation Limited [MMRC],702637,-,-,Maharashtra,07/2013,06/2016,03/2023,08/2025,23136,37276,32609.9,97,"Mumbai Metro Line 3
(Mumbai Metro Rail Corporation Limited [MMRC])
(702637)","07/2013
(06/2016)","03/2023
(08/2025)","23136
(37276)",SRC-2025-12,07f56e5457c63192ae7b5b4036f975f7eb058a3364a25a87cdc6ce2369082401,60,59,All Ongoing Projects,6,pdfplumber_table,twelve_month_gate2:0.1.0,"pdf_page_index=60,table_index=logical8,row_index=1"
OBS-202512-00267,2025-12,267,Nagpur Metro Rail Phase II Development Project,Maharashtra Metro Rail Corporation Limited [MMRCL],702658,-,-,Maharashtra,12/2022,12/2022,12/2027,-,6708,6708,1472.03,31,"Nagpur Metro Rail Phase II Development Project
(Maharashtra Metro Rail Corporation Limited [MMRCL])
(702658)","12/2022
(12/2022)","12/2027
(-)","6708
(6708)",SRC-2025-12,07f56e5457c63192ae7b5b4036f975f7eb058a3364a25a87cdc6ce2369082401,60,59,All Ongoing Projects,6,pdfplumber_table,twelve_month_gate2:0.1.0,"pdf_page_index=60,table_index=logical8,row_index=2"
OBS-202512-00268,2025-12,268,Delhi Metro Rail Phase-IV [Rithala - Kundli Corridor],Delhi Metro Rail Corporation Limited [DMRC],617206,-,-,"Multi-States (Delhi,
Haryana)",01/2025,01/2025,01/2029,-,6230.99,6230.99,72.43,0,"Delhi Metro Rail Phase-IV [Rithala - Kundli Corridor]
(Delhi Metro Rail Corporation Limited [DMRC])
(617206)","01/2025
(01/2025)","01/2029
(-)","6230.99
(6230.99)",SRC-2025-12,07f56e5457c63192ae7b5b4036f975f7eb058a3364a25a87cdc6ce2369082401,60,59,All Ongoing Projects,6,pdfplumber_table,twelve_month_gate2:0.1.0,"pdf_page_index=60,table_index=logical8,row_index=3"
OBS-202512-00269,2025-12,269,Delhi-Ghaziabad-Meerut Regional Rapid Transit System [RRTS] corridor,National Capital Region Transport Corporation [NCRTC],702633,-,-,"Multi-States (Delhi,
Uttar Pradesh)",03/2019,03/2019,06/2025,01/2026,30274,30274,27312.17,96,"Delhi-Ghaziabad-Meerut Regional Rapid Transit System [RRTS] corridor
(National Capital Region Transport Corporation [NCRTC])
(702633)","03/2019
(03/2019)","06/2025
(01/2026)","30274
(30274)",SRC-2025-12,07f56e5457c63192ae7b5b4036f975f7eb058a3364a25a87cdc6ce2369082401,60,59,All Ongoing Projects,6,pdfplumber_table,twelve_month_gate2:0.1.0,"pdf_page_index=60,table_index=logical8,row_index=4"
OBS-202512-00270,2025-12,270,Chennai Metro Rail Phase-II Development Project,Chennai Metro Rail Limited [CMRL],702668,-,-,Tamil Nadu,10/2024,11/2020,08/2029,-,63246,63246,30211.38,48,"Chennai Metro Rail Phase-II Development Project
(Chennai Metro Rail Limited [CMRL])
(702668)","10/2024
(11/2020)","08/2029
(-)","63246
(63246)",SRC-2025-12,07f56e5457c63192ae7b5b4036f975f7eb058a3364a25a87cdc6ce2369082401,60,59,All Ongoing Projects,6,pdfplumber_table,twelve_month_gate2:0.1.0,"pdf_page_index=60,table_index=logical8,row_index=5"
OBS-202512-00271,2025-12,271,Kanpur Metro Rail Project,Uttar Pradesh metro rail corporation [UPMRC],702628,-,-,Uttar Pradesh,05/2019,11/2019,05/2024,03/2027,11076.48,11076.5,9089.89,76,"Kanpur Metro Rail Project
(Uttar Pradesh metro rail corporation [UPMRC])
(702628)","05/2019
(11/2019)","05/2024
(03/2027)","11076.48
(11076.5)",SRC-2025-12,07f56e5457c63192ae7b5b4036f975f7eb058a3364a25a87cdc6ce2369082401,60,59,All Ongoing Projects,6,pdfplumber_table,twelve_month_gate2:0.1.0,"pdf_page_index=60,table_index=logical8,row_index=6"
OBS-202512-00272,2025-12,272,Agra Metro Rail Project,Uttar Pradesh metro rail corporation [UPMRC],702629,-,-,Uttar Pradesh,05/2019,12/2020,05/2024,06/2027,8379.62,8379.62,6062.03,65,"Agra Metro Rail Project
(Uttar Pradesh metro rail corporation [UPMRC])
(702629)","05/2019
(12/2020)","05/2024
(06/2027)","8379.62
(8379.62)",SRC-2025-12,07f56e5457c63192ae7b5b4036f975f7eb058a3364a25a87cdc6ce2369082401,60,59,All Ongoing Projects,6,pdfplumber_table,twelve_month_gate2:0.1.0,"pdf_page_index=60,table_index=logical8,row_index=7"
OBS-202512-00273,2025-12,273,"ESR - 8 nos., distribution system - 216 Km, new house service connections - 38760
nos. upgrading of feeder mains, pumping station etc. - Phase II",Ministry of Housing & Urban Affairs,702674,-,-,Andhra Pradesh,02/2017,07/2018,03/2023,03/2026,172.22,172.22,88.86,82,"ESR - 8 nos., distribution system - 216 Km, new house service connections - 38760
nos. upgrading of feeder mains, pumping station etc. - Phase II
(Ministry of Housing & Urban Affairs)
(702674)","02/2017
(07/2018)","03/2023
(03/2026)","172.22
(172.22)",SRC-2025-12,07f56e5457c63192ae7b5b4036f975f7eb058a3364a25a87cdc6ce2369082401,60,59,All Ongoing Projects,6,pdfplumber_table,twelve_month_gate2:0.1.0,"pdf_page_index=60,table_index=logical8,row_index=10"
OBS-202512-00274,2025-12,274,Muzaffarpur Storm Water Drainage Phase-I Project,Ministry of Housing & Urban Affairs,702699,-,-,Bihar,11/2016,02/2019,10/2023,03/2026,158.78,158.78,69.52,83,"Muzaffarpur Storm Water Drainage Phase-I Project
(Ministry of Housing & Urban Affairs)
(702699)","11/2016
(02/2019)","10/2023
(03/2026)","158.78
(158.78)",SRC-2025-12,07f56e5457c63192ae7b5b4036f975f7eb058a3364a25a87cdc6ce2369082401,60,59,All Ongoing Projects,6,pdfplumber_table,twelve_month_gate2:0.1.0,"pdf_page_index=60,table_index=logical8,row_index=11"
OBS-202512-00275,2025-12,275,Storm water drainag Development Project,ministry of housing and urban affairs,702355,-,-,"Dadra & Nagar
Haveli and Daman
& Diu",08/2020,12/2021,03/2024,-,210,210,0,20,"Storm water drainag Development Project
(ministry of housing and urban affairs)
(702355)","08/2020
(12/2021)","03/2024
(-)","210
(210)",SRC-2025-12,07f56e5457c63192ae7b5b4036f975f7eb058a3364a25a87cdc6ce2369082401,60,59,All Ongoing Projects,6,pdfplumber_table,twelve_month_gate2:0.1.0,"pdf_page_index=60,table_index=logical8,row_index=12"
OBS-202512-00276,2025-12,276,Upgradation of Sewerage system in Gandhinagar City,ministry of housing and urban affairs,707267,-,-,Gujarat,07/2020,03/2021,06/2023,-,200,200,100,10,"Upgradation of Sewerage system in Gandhinagar City
(ministry of housing and urban affairs)
(707267)","07/2020
(03/2021)","06/2023
(-)","200
(200)",SRC-2025-12,07f56e5457c63192ae7b5b4036f975f7eb058a3364a25a87cdc6ce2369082401,60,59,All Ongoing Projects,6,pdfplumber_table,twelve_month_gate2:0.1.0,"pdf_page_index=60,table_index=logical8,row_index=13"
OBS-202512-00277,2025-12,277,Sewerage Management Scheme Part-3 Implementation,Ministry of Housing & Urban Affairs,702734,-,-,Haryana,03/2017,11/2017,09/2023,03/2026,278.01,278.01,218.89,88,"Sewerage Management Scheme Part-3 Implementation
(Ministry of Housing & Urban Affairs)
(702734)","03/2017
(11/2017)","09/2023
(03/2026)","278.01
(278.01)",SRC-2025-12,07f56e5457c63192ae7b5b4036f975f7eb058a3364a25a87cdc6ce2369082401,60,59,All Ongoing Projects,6,pdfplumber_table,twelve_month_gate2:0.1.0,"pdf_page_index=60,table_index=logical8,row_index=14"
OBS-202512-00278,2025-12,278,Sewerage Management Scheme Part-3 Implementation,Ministry of Housing & Urban Affairs,702735,-,-,Haryana,03/2017,10/2018,03/2023,01/2026,213.19,213.19,168.14,91,"Sewerage Management Scheme Part-3 Implementation
(Ministry of Housing & Urban Affairs)
(702735)","03/2017
(10/2018)","03/2023
(01/2026)","213.19
(213.19)",SRC-2025-12,07f56e5457c63192ae7b5b4036f975f7eb058a3364a25a87cdc6ce2369082401,60,59,All Ongoing Projects,6,pdfplumber_table,twelve_month_gate2:0.1.0,"pdf_page_index=60,table_index=logical8,row_index=15"
OBS-202512-00279,2025-12,279,Dhanbad Water Supply Infrastructure Project,Ministry of Housing & Urban Affairs,702741,-,-,Jharkhand,02/2017,12/2018,03/2023,03/2026,216.55,216.55,129.16,74,"Dhanbad Water Supply Infrastructure Project
(Ministry of Housing & Urban Affairs)
(702741)","02/2017
(12/2018)","03/2023
(03/2026)","216.55
(216.55)",SRC-2025-12,07f56e5457c63192ae7b5b4036f975f7eb058a3364a25a87cdc6ce2369082401,60,59,All Ongoing Projects,6,pdfplumber_table,twelve_month_gate2:0.1.0,"pdf_page_index=60,table_index=logical8,row_index=16"
OBS-202512-00280,2025-12,280,SAAP-3 Water Supply Infrastructure SAAP-3 Project,Ministry of Housing & Urban Affairs,702742,-,-,Jharkhand,02/2017,12/2018,10/2023,03/2026,159.31,159.31,87.5,66,"SAAP-3 Water Supply Infrastructure SAAP-3 Project
(Ministry of Housing & Urban Affairs)
(702742)","02/2017
(12/2018)","10/2023
(03/2026)","159.31
(159.31)",SRC-2025-12,07f56e5457c63192ae7b5b4036f975f7eb058a3364a25a87cdc6ce2369082401,60,59,All Ongoing Projects,6,pdfplumber_table,twelve_month_gate2:0.1.0,"pdf_page_index=60,table_index=logical8,row_index=17"
OBS-202512-00281,2025-12,281,Augmentation and Strenghthning of Urban Water Supply Phase 1 - SAAP 3,Ministry of Housing & Urban Affairs,702746,-,-,Jharkhand,02/2017,12/2018,03/2023,03/2026,278.28,278.28,186.5,79,"Augmentation and Strenghthning of Urban Water Supply Phase 1 - SAAP 3
(Ministry of Housing & Urban Affairs)
(702746)","02/2017
(12/2018)","03/2023
(03/2026)","278.28
(278.28)",SRC-2025-12,07f56e5457c63192ae7b5b4036f975f7eb058a3364a25a87cdc6ce2369082401,60,59,All Ongoing Projects,6,pdfplumber_table,twelve_month_gate2:0.1.0,"pdf_page_index=60,table_index=logical8,row_index=18"
OBS-202512-00282,2025-12,282,Belgavi Improvement in Sewerage System Project,Ministry of Housing & Urban Affairs,702760,-,-,Karnataka,12/2015,10/2016,07/2023,03/2026,162.73,162.73,85.71,80,"Belgavi Improvement in Sewerage System Project
(Ministry of Housing & Urban Affairs)
(702760)","12/2015
(10/2016)","07/2023
(03/2026)","162.73
(162.73)",SRC-2025-12,07f56e5457c63192ae7b5b4036f975f7eb058a3364a25a87cdc6ce2369082401,60,59,All Ongoing Projects,6,pdfplumber_table,twelve_month_gate2:0.1.0,"pdf_page_index=60,table_index=logical8,row_index=19"
OBS-202512-00283,2025-12,283,24/7 water supply under AMRUT for Davanagere,Ministry of Housing & Urban Affairs,702764,-,-,Karnataka,11/2016,01/2018,03/2023,03/2026,174.96,174.96,93.18,65,"24/7 water supply under AMRUT for Davanagere
(Ministry of Housing & Urban Affairs)
(702764)","11/2016
(01/2018)","03/2023
(03/2026)","174.96
(174.96)",SRC-2025-12,07f56e5457c63192ae7b5b4036f975f7eb058a3364a25a87cdc6ce2369082401,60,59,All Ongoing Projects,6,pdfplumber_table,twelve_month_gate2:0.1.0,"pdf_page_index=60,table_index=logical8,row_index=20"
OBS-202512-00284,2025-12,284,Indore Water Supply Infrastructure Project,Ministry of Housing & Urban Affairs,702793,-,-,Madhya Pradesh,12/2016,11/2017,03/2023,01/2026,287.17,287.17,252.5,99,"Indore Water Supply Infrastructure Project
(Ministry of Housing & Urban Affairs)
(702793)","12/2016
(11/2017)","03/2023
(01/2026)","287.17
(287.17)",SRC-2025-12,07f56e5457c63192ae7b5b4036f975f7eb058a3364a25a87cdc6ce2369082401,60,59,All Ongoing Projects,6,pdfplumber_table,twelve_month_gate2:0.1.0,"pdf_page_index=60,table_index=logical8,row_index=21"
OBS-202512-00285,2025-12,285,Jabalpur Sewerage Management and Treatment Infrastructure Project,Ministry of Housing & Urban Affairs,702798,-,-,Madhya Pradesh,10/2018,12/2017,03/2023,01/2026,362.31,362.31,322.31,96,"Jabalpur Sewerage Management and Treatment Infrastructure Project
(Ministry of Housing & Urban Affairs)
(702798)","10/2018
(12/2017)","03/2023
(01/2026)","362.31
(362.31)",SRC-2025-12,07f56e5457c63192ae7b5b4036f975f7eb058a3364a25a87cdc6ce2369082401,60,59,All Ongoing Projects,6,pdfplumber_table,twelve_month_gate2:0.1.0,"pdf_page_index=60,table_index=logical8,row_index=22"
OBS-202512-00286,2025-12,286,Satna Sewerage Management and Treatment Infrastructure Project,Ministry of Housing & Urban Affairs,702808,-,-,Madhya Pradesh,11/2015,12/2016,03/2024,03/2026,191.56,215.89,191.79,88,"Satna Sewerage Management and Treatment Infrastructure Project
(Ministry of Housing & Urban Affairs)
(702808)","11/2015
(12/2016)","03/2024
(03/2026)","191.56
(215.89)",SRC-2025-12,07f56e5457c63192ae7b5b4036f975f7eb058a3364a25a87cdc6ce2369082401,60,59,All Ongoing Projects,6,pdfplumber_table,twelve_month_gate2:0.1.0,"pdf_page_index=60,table_index=logical8,row_index=23"
OBS-202512-00287,2025-12,287,Singrauli Sewerage Management and Treatment Infrastructure Project,Ministry of Housing & Urban Affairs,702810,-,-,Madhya Pradesh,05/2016,11/2017,03/2023,03/2026,402.01,402.01,357.68,90,"Singrauli Sewerage Management and Treatment Infrastructure Project
(Ministry of Housing & Urban Affairs)
(702810)","05/2016
(11/2017)","03/2023
(03/2026)","402.01
(402.01)",SRC-2025-12,07f56e5457c63192ae7b5b4036f975f7eb058a3364a25a87cdc6ce2369082401,60,59,All Ongoing Projects,6,pdfplumber_table,twelve_month_gate2:0.1.0,"pdf_page_index=60,table_index=logical8,row_index=24"
OBS-202512-00288,2025-12,288,Kalyan-Dombivali Water Supply Infrastructure Project,Ministry of Housing & Urban Affairs,702833,-,-,Maharashtra,07/2016,09/2019,10/2023,03/2026,194.2,194.2,136.56,75,"Kalyan-Dombivali Water Supply Infrastructure Project
(Ministry of Housing & Urban Affairs)
(702833)","07/2016
(09/2019)","10/2023
(03/2026)","194.2
(194.2)",SRC-2025-12,07f56e5457c63192ae7b5b4036f975f7eb058a3364a25a87cdc6ce2369082401,60,59,All Ongoing Projects,6,pdfplumber_table,twelve_month_gate2:0.1.0,"pdf_page_index=60,table_index=logical8,row_index=25"
OBS-202512-00289,2025-12,289,Mira-Bhayandar Water Supply Infrastructure Project,Ministry of Housing & Urban Affairs,702840,-,-,Maharashtra,11/2016,08/2018,03/2023,02/2026,204.55,204.55,186.13,99,"Mira-Bhayandar Water Supply Infrastructure Project
(Ministry of Housing & Urban Affairs)
(702840)","11/2016
(08/2018)","03/2023
(02/2026)","204.55
(204.55)",SRC-2025-12,07f56e5457c63192ae7b5b4036f975f7eb058a3364a25a87cdc6ce2369082401,60,59,All Ongoing Projects,6,pdfplumber_table,twelve_month_gate2:0.1.0,"pdf_page_index=60,table_index=logical8,row_index=26"
OBS-202512-00290,2025-12,290,Pune Water Supply Infrastructure Project,Ministry of Housing & Urban Affairs,702851,-,-,Maharashtra,03/2017,07/2017,03/2023,03/2026,235.95,235.95,184.98,95,"Pune Water Supply Infrastructure Project
(Ministry of Housing & Urban Affairs)
(702851)","03/2017
(07/2017)","03/2023
(03/2026)","235.95
(235.95)",SRC-2025-12,07f56e5457c63192ae7b5b4036f975f7eb058a3364a25a87cdc6ce2369082401,60,59,All Ongoing Projects,6,pdfplumber_table,twelve_month_gate2:0.1.0,"pdf_page_index=60,table_index=logical8,row_index=27"
OBS-202512-00291,2025-12,291,Solapur Sewerage Management Infrastructure Project,Ministry of Housing & Urban Affairs,702854,-,-,Maharashtra,03/2017,04/2018,03/2023,03/2026,180.24,180.24,155.01,91,"Solapur Sewerage Management Infrastructure Project
(Ministry of Housing & Urban Affairs)
(702854)","03/2017
(04/2018)","03/2023
(03/2026)","180.24
(180.24)",SRC-2025-12,07f56e5457c63192ae7b5b4036f975f7eb058a3364a25a87cdc6ce2369082401,60,59,All Ongoing Projects,6,pdfplumber_table,twelve_month_gate2:0.1.0,"pdf_page_index=60,table_index=logical8,row_index=28"
OBS-202512-00292,2025-12,292,Jalandhar Water Supply Infrastructure Project,Ministry of Housing & Urban Affairs,703021,-,-,Punjab,11/2016,08/2020,08/2023,03/2026,258.53,258.53,161.02,58,"Jalandhar Water Supply Infrastructure Project
(Ministry of Housing & Urban Affairs)
(703021)","11/2016
(08/2020)","08/2023
(03/2026)","258.53
(258.53)",SRC-2025-12,07f56e5457c63192ae7b5b4036f975f7eb058a3364a25a87cdc6ce2369082401,60,59,All Ongoing Projects,6,pdfplumber_table,twelve_month_gate2:0.1.0,"pdf_page_index=60,table_index=logical8,row_index=29"
OBS-202512-00293,2025-12,293,Patiala Water Supply Infrastructure Part-2 Project,Ministry of Housing & Urban Affairs,703057,-,-,Punjab,11/2016,08/2020,10/2023,02/2026,287,287,213.64,99,"Patiala Water Supply Infrastructure Part-2 Project
(Ministry of Housing & Urban Affairs)
(703057)","11/2016
(08/2020)","10/2023
(02/2026)","287
(287)",SRC-2025-12,07f56e5457c63192ae7b5b4036f975f7eb058a3364a25a87cdc6ce2369082401,60,59,All Ongoing Projects,6,pdfplumber_table,twelve_month_gate2:0.1.0,"pdf_page_index=60,table_index=logical8,row_index=30"
OBS-202512-00294,2025-12,294,Jaunpur Sewerage Management Infrastructure Project,Ministry of Housing & Urban Affairs,702948,-,-,Uttar Pradesh,03/2017,08/2019,06/2023,02/2026,235.73,235.73,221.27,99,"Jaunpur Sewerage Management Infrastructure Project
(Ministry of Housing & Urban Affairs)
(702948)","03/2017
(08/2019)","06/2023
(02/2026)","235.73
(235.73)",SRC-2025-12,07f56e5457c63192ae7b5b4036f975f7eb058a3364a25a87cdc6ce2369082401,60,59,All Ongoing Projects,6,pdfplumber_table,twelve_month_gate2:0.1.0,"pdf_page_index=60,table_index=logical8,row_index=31"
OBS-202512-00295,2025-12,295,Jhansi Water Supply Infrastructure Phase-II Project,Ministry of Housing & Urban Affairs,702949,-,-,Uttar Pradesh,03/2017,06/2019,07/2023,02/2026,561.74,561.74,485.91,93,"Jhansi Water Supply Infrastructure Phase-II Project
(Ministry of Housing & Urban Affairs)
(702949)","03/2017
(06/2019)","07/2023
(02/2026)","561.74
(561.74)",SRC-2025-12,07f56e5457c63192ae7b5b4036f975f7eb058a3364a25a87cdc6ce2369082401,60,59,All Ongoing Projects,6,pdfplumber_table,twelve_month_gate2:0.1.0,"pdf_page_index=60,table_index=logical8,row_index=32"
OBS-202512-00296,2025-12,296,"Construction of Basement + Ground Floor+ 10 Storeyed building for State of the Art
Director General, GSI Building at plot No.GN-40, Sector-V, Salt Lake, Kolkata",Central Public Works Department (CPWD),617280,-,-,West Bengal,04/2019,02/2020,08/2026,-,255.37,255.37,93.39,50,"Construction of Basement + Ground Floor+ 10 Storeyed building for State of the Art
Director General, GSI Building at plot No.GN-40, Sector-V, Salt Lake, Kolkata
(Central Public Works Department (CPWD))
(617280)","04/2019
(02/2020)","08/2026
(-)","255.37
(255.37)",SRC-2025-12,07f56e5457c63192ae7b5b4036f975f7eb058a3364a25a87cdc6ce2369082401,61,60,All Ongoing Projects,6,pdfplumber_table,twelve_month_gate2:0.1.0,"pdf_page_index=61,table_index=logical8,row_index=4"
OBS-202512-00297,2025-12,297,Expansion of Malanjkhand Copper Project,Hindustan Copper Limited [HCL],400426,-,-,Madhya Pradesh,09/2011,04/2015,04/2020,04/2026,1856.36,1856.36,950.94,82,"Expansion of Malanjkhand Copper Project
(Hindustan Copper Limited [HCL])
(400426)","09/2011
(04/2015)","04/2020
(04/2026)","1856.36
(1856.36)",SRC-2025-12,07f56e5457c63192ae7b5b4036f975f7eb058a3364a25a87cdc6ce2369082401,61,60,All Ongoing Projects,6,pdfplumber_table,twelve_month_gate2:0.1.0,"pdf_page_index=61,table_index=logical8,row_index=7"
OBS-202512-00298,2025-12,298,"Expansion of Alumina Refinery Plant with addition of 5th Stream having capacity
enhancement of 1.0 Million Tonee Per Annum",National Aluminium Company Limited [NALCO],400141,-,-,Odisha,04/2017,04/2017,12/2022,09/2025,4103,5677.4,4449.07,80,"Expansion of Alumina Refinery Plant with addition of 5th Stream having capacity
enhancement of 1.0 Million Tonee Per Annum
(National Aluminium Company Limited [NALCO])
(400141)","04/2017
(04/2017)","12/2022
(09/2025)","4103
(5677.4)",SRC-2025-12,07f56e5457c63192ae7b5b4036f975f7eb058a3364a25a87cdc6ce2369082401,61,60,All Ongoing Projects,6,pdfplumber_table,twelve_month_gate2:0.1.0,"pdf_page_index=61,table_index=logical8,row_index=8"
OBS-202512-00299,2025-12,299,Pottangi Bauxite Mines Project,National Aluminium Company Limited [NALCO],400299,-,-,Odisha,05/2018,05/2018,03/2025,05/2026,1381,1960.77,650.04,51,"Pottangi Bauxite Mines Project
(National Aluminium Company Limited [NALCO])
(400299)","05/2018
(05/2018)","03/2025
(05/2026)","1381
(1960.77)",SRC-2025-12,07f56e5457c63192ae7b5b4036f975f7eb058a3364a25a87cdc6ce2369082401,61,60,All Ongoing Projects,6,pdfplumber_table,twelve_month_gate2:0.1.0,"pdf_page_index=61,table_index=logical8,row_index=9"
OBS-202512-00300,2025-12,300,"CONVERSION OF FLAT BOTTOM SETTLERS AND WASHERS WITH A SINGLE
TRAIN OF HRDS AND DCWS IN STREAMS 1 AND",Ministry of Mines,709830,-,-,Odisha,NA,04/2017,11/2026,-,355,581,163.55,12,"CONVERSION OF FLAT BOTTOM SETTLERS AND WASHERS WITH A SINGLE
TRAIN OF HRDS AND DCWS IN STREAMS 1 AND
(Ministry of Mines)
(709830)","NA
(04/2017)","11/2026
(-)","355
(581)",SRC-2025-12,07f56e5457c63192ae7b5b4036f975f7eb058a3364a25a87cdc6ce2369082401,61,60,All Ongoing Projects,6,pdfplumber_table,twelve_month_gate2:0.1.0,"pdf_page_index=61,table_index=logical8,row_index=10"
OBS-202512-00301,2025-12,301,"SOURCING OF BAUXITE ARRANGEMENT FOR 5TH STREAM ALUMINA
REFINERY FROM SOUTH BLOCK MINING LEASE OF PANCHPATMAILI MINES",National Aluminium Company Limited [NALCO],709831,-,-,Odisha,11/2017,11/2019,05/2025,06/2026,483,483,417.31,91,"SOURCING OF BAUXITE ARRANGEMENT FOR 5TH STREAM ALUMINA
REFINERY FROM SOUTH BLOCK MINING LEASE OF PANCHPATMAILI MINES
(National Aluminium Company Limited [NALCO])
(709831)","11/2017
(11/2019)","05/2025
(06/2026)","483
(483)",SRC-2025-12,07f56e5457c63192ae7b5b4036f975f7eb058a3364a25a87cdc6ce2369082401,61,60,All Ongoing Projects,6,pdfplumber_table,twelve_month_gate2:0.1.0,"pdf_page_index=61,table_index=logical8,row_index=11"
OBS-202512-00302,2025-12,302,25.5 MW WIND POWER PROJECT AT KAYATHAR IN TAMILNADU,National Aluminium Company Limited [NALCO],709832,-,-,Tamil Nadu,09/2017,12/2017,03/2025,03/2026,166,166,135,66,"25.5 MW WIND POWER PROJECT AT KAYATHAR IN TAMILNADU
(National Aluminium Company Limited [NALCO])
(709832)","09/2017
(12/2017)","03/2025
(03/2026)","166
(166)",SRC-2025-12,07f56e5457c63192ae7b5b4036f975f7eb058a3364a25a87cdc6ce2369082401,61,60,All Ongoing Projects,6,pdfplumber_table,twelve_month_gate2:0.1.0,"pdf_page_index=61,table_index=logical8,row_index=12"
OBS-202512-00303,2025-12,303,"Construction of Permanent Campus of Central Tribal University of Andhra Pradesh
Phase-1",Central Tribal University of Andhra Pradesh,613008,-,-,Andhra Pradesh,09/2019,12/2023,06/2027,-,305,305,51.33,38,"Construction of Permanent Campus of Central Tribal University of Andhra Pradesh
Phase-1
(Central Tribal University of Andhra Pradesh)
(613008)","09/2019
(12/2023)","06/2027
(-)","305
(305)",SRC-2025-12,07f56e5457c63192ae7b5b4036f975f7eb058a3364a25a87cdc6ce2369082401,61,60,All Ongoing Projects,6,pdfplumber_table,twelve_month_gate2:0.1.0,"pdf_page_index=61,table_index=logical8,row_index=16"
OBS-202512-00304,2025-12,304,"Construction of Permanent Campus of National Institute of Technology Arunachal
Pradesh","National Institute of Technology, Arunachal Pradesh",612898,-,-,Arunachal Pradesh,09/2009,03/2013,08/2026,08/2024,592.61,592.61,550.61,80,"Construction of Permanent Campus of National Institute of Technology Arunachal
Pradesh
(National Institute of Technology, Arunachal Pradesh)
(612898)","09/2009
(03/2013)","08/2026
(08/2024)","592.61
(592.61)",SRC-2025-12,07f56e5457c63192ae7b5b4036f975f7eb058a3364a25a87cdc6ce2369082401,61,60,All Ongoing Projects,6,pdfplumber_table,twelve_month_gate2:0.1.0,"pdf_page_index=61,table_index=logical8,row_index=17"
OBS-202512-00305,2025-12,305,Tezpur University Projects,Tezpur University,606112,-,-,Assam,05/2019,06/2021,11/2023,12/2025,153.71,153.71,125.03,97,"Tezpur University Projects
(Tezpur University)
(606112)","05/2019
(06/2021)","11/2023
(12/2025)","153.71
(153.71)",SRC-2025-12,07f56e5457c63192ae7b5b4036f975f7eb058a3364a25a87cdc6ce2369082401,61,60,All Ongoing Projects,6,pdfplumber_table,twelve_month_gate2:0.1.0,"pdf_page_index=61,table_index=logical8,row_index=18"
OBS-202512-00306,2025-12,306,Additional Campus of NITPatna,NIT Patna,606013,-,-,Bihar,07/2022,08/2022,07/2024,01/2026,499.21,499.21,445.97,97,"Additional Campus of NITPatna
(NIT Patna)
(606013)","07/2022
(08/2022)","07/2024
(01/2026)","499.21
(499.21)",SRC-2025-12,07f56e5457c63192ae7b5b4036f975f7eb058a3364a25a87cdc6ce2369082401,61,60,All Ongoing Projects,6,pdfplumber_table,twelve_month_gate2:0.1.0,"pdf_page_index=61,table_index=logical8,row_index=19"
OBS-202512-00307,2025-12,307,Phase B of Construction of Permanent Campus of IIT Bhilai,"Indian Institute of Technology, Bhilai",617877,-,-,Chhattisgarh,05/2025,01/2026,10/2028,-,1188.97,1188.97,0,0,"Phase B of Construction of Permanent Campus of IIT Bhilai
(Indian Institute of Technology, Bhilai)
(617877)","05/2025
(01/2026)","10/2028
(-)","1188.97
(1188.97)",SRC-2025-12,07f56e5457c63192ae7b5b4036f975f7eb058a3364a25a87cdc6ce2369082401,61,60,All Ongoing Projects,6,pdfplumber_table,twelve_month_gate2:0.1.0,"pdf_page_index=61,table_index=logical8,row_index=20"
OBS-202512-00308,2025-12,308,"Phase 1B - Construction of Academic Block, Hostel, Residential Tower, Directors
Residence and External Development works at National Institute of Technology, Delhi
Campus on Engineering, Procurement and Construction basis",National Institute of Technology Delhi,612851,-,-,Delhi,09/2009,11/2022,09/2025,01/2026,333.49,336.42,297.65,97,"Phase 1B - Construction of Academic Block, Hostel, Residential Tower, Directors
Residence and External Development works at National Institute of Technology, Delhi
Campus on Engineering, Procurement and Construction basis
(National Institute of Technology Delhi)
(612851)","09/2009
(11/2022)","09/2025
(01/2026)","333.49
(336.42)",SRC-2025-12,07f56e5457c63192ae7b5b4036f975f7eb058a3364a25a87cdc6ce2369082401,61,60,All Ongoing Projects,6,pdfplumber_table,twelve_month_gate2:0.1.0,"pdf_page_index=61,table_index=logical8,row_index=21"
OBS-202512-00309,2025-12,309,Delhi University Eastern Campus at Surajmal Vihar,Delhi University,616886,-,-,Delhi,09/2024,03/2025,10/2026,-,373,373,27.63,10,"Delhi University Eastern Campus at Surajmal Vihar
(Delhi University)
(616886)","09/2024
(03/2025)","10/2026
(-)","373
(373)",SRC-2025-12,07f56e5457c63192ae7b5b4036f975f7eb058a3364a25a87cdc6ce2369082401,61,60,All Ongoing Projects,6,pdfplumber_table,twelve_month_gate2:0.1.0,"pdf_page_index=61,table_index=logical8,row_index=22"
OBS-202512-00310,2025-12,310,"Construction of permanent campus of Central University of Gujarat at Village
kundhela, Dist. Vadodara, Gujarat.",Central University of Gujarat,612916,-,-,Gujarat,12/2020,02/2021,03/2025,03/2026,490.63,490.63,316.05,83,"Construction of permanent campus of Central University of Gujarat at Village
kundhela, Dist. Vadodara, Gujarat.
(Central University of Gujarat)
(612916)","12/2020
(02/2021)","03/2025
(03/2026)","490.63
(490.63)",SRC-2025-12,07f56e5457c63192ae7b5b4036f975f7eb058a3364a25a87cdc6ce2369082401,61,60,All Ongoing Projects,6,pdfplumber_table,twelve_month_gate2:0.1.0,"pdf_page_index=61,table_index=logical8,row_index=23"
OBS-202512-00311,2025-12,311,Establishment of Permanent campus Phase 1 of IIM Sirmaur,"Indian Institute of Management, Sirmaur",602099,-,-,Himachal Pradesh,09/2018,08/2020,10/2023,02/2026,392.51,454.78,328.83,95,"Establishment of Permanent campus Phase 1 of IIM Sirmaur
(Indian Institute of Management, Sirmaur)
(602099)","09/2018
(08/2020)","10/2023
(02/2026)","392.51
(454.78)",SRC-2025-12,07f56e5457c63192ae7b5b4036f975f7eb058a3364a25a87cdc6ce2369082401,61,60,All Ongoing Projects,6,pdfplumber_table,twelve_month_gate2:0.1.0,"pdf_page_index=61,table_index=logical8,row_index=24"
OBS-202512-00312,2025-12,312,Hostel blocks & dining hall block,"Indian Institute of Technology, Mandi",612128,-,-,Himachal Pradesh,03/2023,03/2024,03/2026,03/2026,166.66,166.66,102.52,76,"Hostel blocks & dining hall block
(Indian Institute of Technology, Mandi)
(612128)","03/2023
(03/2024)","03/2026
(03/2026)","166.66
(166.66)",SRC-2025-12,07f56e5457c63192ae7b5b4036f975f7eb058a3364a25a87cdc6ce2369082401,61,60,All Ongoing Projects,6,pdfplumber_table,twelve_month_gate2:0.1.0,"pdf_page_index=61,table_index=logical8,row_index=25"
OBS-202512-00313,2025-12,313,"Construction of Permanent Campus of Central University of Himachal Pradesh at
Dehra, District - Kangra, [H.P.] on Engineering. Procurement and Construction [EPC
Mode 1] Basis.","Central University, Himachal Pradesh",612894,-,-,Himachal Pradesh,03/2021,08/2022,11/2024,03/2026,251.98,300.45,221.2,82,"Construction of Permanent Campus of Central University of Himachal Pradesh at
Dehra, District - Kangra, [H.P.] on Engineering. Procurement and Construction [EPC
Mode 1] Basis.
(Central University, Himachal Pradesh)
(612894)","03/2021
(08/2022)","11/2024
(03/2026)","251.98
(300.45)",SRC-2025-12,07f56e5457c63192ae7b5b4036f975f7eb058a3364a25a87cdc6ce2369082401,61,60,All Ongoing Projects,6,pdfplumber_table,twelve_month_gate2:0.1.0,"pdf_page_index=61,table_index=logical8,row_index=26"
OBS-202512-00314,2025-12,314,"Construction of Permanent Campus for IIM Jammu Phase-1 at Jagti, Nagrota,
Jammu, J&K","Indian Institute of Management, Jammu",602098,-,-,"Jammu and
Kashmir",03/2019,10/2020,06/2023,11/2025,424.93,500.91,484.52,96,"Construction of Permanent Campus for IIM Jammu Phase-1 at Jagti, Nagrota,
Jammu, J&K
(Indian Institute of Management, Jammu)
(602098)","03/2019
(10/2020)","06/2023
(11/2025)","424.93
(500.91)",SRC-2025-12,07f56e5457c63192ae7b5b4036f975f7eb058a3364a25a87cdc6ce2369082401,61,60,All Ongoing Projects,6,pdfplumber_table,twelve_month_gate2:0.1.0,"pdf_page_index=61,table_index=logical8,row_index=27"
OBS-202512-00315,2025-12,315,"CONSTRUCTION OF PERMANENT CAMPUS FOR IIT PALAKKAD UNDER PHASE
1A",INDIAN INSTITUTE OF TECHNOLOGY PALAKKAD,606431,-,-,Kerala,07/2017,03/2020,06/2022,06/2026,1006.45,1217.4,663.4,79,"CONSTRUCTION OF PERMANENT CAMPUS FOR IIT PALAKKAD UNDER PHASE
1A
(INDIAN INSTITUTE OF TECHNOLOGY PALAKKAD)
(606431)","07/2017
(03/2020)","06/2022
(06/2026)","1006.45
(1217.4)",SRC-2025-12,07f56e5457c63192ae7b5b4036f975f7eb058a3364a25a87cdc6ce2369082401,61,60,All Ongoing Projects,6,pdfplumber_table,twelve_month_gate2:0.1.0,"pdf_page_index=61,table_index=logical8,row_index=28"
OBS-202512-00316,2025-12,316,Phase B of Construction of Permanent Campus of IIT Palakkad,INDIAN INSTITUTE OF TECHNOLOGY PALAKKAD,617878,-,-,Kerala,05/2025,01/2026,10/2028,-,1527,1527,9.8,0,"Phase B of Construction of Permanent Campus of IIT Palakkad
(INDIAN INSTITUTE OF TECHNOLOGY PALAKKAD)
(617878)","05/2025
(01/2026)","10/2028
(-)","1527
(1527)",SRC-2025-12,07f56e5457c63192ae7b5b4036f975f7eb058a3364a25a87cdc6ce2369082401,61,60,All Ongoing Projects,6,pdfplumber_table,twelve_month_gate2:0.1.0,"pdf_page_index=61,table_index=logical8,row_index=29"
OBS-202512-00317,2025-12,317,"Phase III A works at IIT Indore [03 Hostels, 01 Studio Apartment, 01 Housing, Heavy
& Sophisticated lab complex, Academic POD and Infrastructure for center of
excellence]","Indian Institute of Technology, Indore",611957,-,-,Madhya Pradesh,12/2023,04/2024,02/2027,-,496.28,496.28,56.35,37,"Phase III A works at IIT Indore [03 Hostels, 01 Studio Apartment, 01 Housing, Heavy
& Sophisticated lab complex, Academic POD and Infrastructure for center of
excellence]
(Indian Institute of Technology, Indore)
(611957)","12/2023
(04/2024)","02/2027
(-)","496.28
(496.28)",SRC-2025-12,07f56e5457c63192ae7b5b4036f975f7eb058a3364a25a87cdc6ce2369082401,61,60,All Ongoing Projects,6,pdfplumber_table,twelve_month_gate2:0.1.0,"pdf_page_index=61,table_index=logical8,row_index=30"
OBS-202512-00318,2025-12,318,"Construction and Developement of National Institute of Technology Meghalaya
Permanent Campus at Sohra","National Institute of Technology, Meghalaya",612885,-,-,Meghalaya,09/2009,09/2014,03/2022,10/2026,494.52,429.7,426.07,91,"Construction and Developement of National Institute of Technology Meghalaya
Permanent Campus at Sohra
(National Institute of Technology, Meghalaya)
(612885)","09/2009
(09/2014)","03/2022
(10/2026)","494.52
(429.7)",SRC-2025-12,07f56e5457c63192ae7b5b4036f975f7eb058a3364a25a87cdc6ce2369082401,62,61,All Ongoing Projects,6,pdfplumber_table,twelve_month_gate2:0.1.0,"pdf_page_index=62,table_index=logical8,row_index=1"
OBS-202512-00319,2025-12,319,"Construction of Permanent Campus for NIT Mizoram at Lengpui, Aizawl",NIT Mizoram,612876,-,-,Mizoram,09/2009,06/2014,12/2029,03/2022,474.23,474.23,167.55,4,"Construction of Permanent Campus for NIT Mizoram at Lengpui, Aizawl
(NIT Mizoram)
(612876)","09/2009
(06/2014)","12/2029
(03/2022)","474.23
(474.23)",SRC-2025-12,07f56e5457c63192ae7b5b4036f975f7eb058a3364a25a87cdc6ce2369082401,62,61,All Ongoing Projects,6,pdfplumber_table,twelve_month_gate2:0.1.0,"pdf_page_index=62,table_index=logical8,row_index=2"
OBS-202512-00320,2025-12,320,Establishment of NIT Nagaland,NIT Nagaland,613013,-,-,Nagaland,09/2009,12/2014,12/2025,-,275.63,275.63,261.7,97,"Establishment of NIT Nagaland
(NIT Nagaland)
(613013)","09/2009
(12/2014)","12/2025
(-)","275.63
(275.63)",SRC-2025-12,07f56e5457c63192ae7b5b4036f975f7eb058a3364a25a87cdc6ce2369082401,62,61,All Ongoing Projects,6,pdfplumber_table,twelve_month_gate2:0.1.0,"pdf_page_index=62,table_index=logical8,row_index=3"
OBS-202512-00321,2025-12,321,IISER BERHAMPUR,"Indian Institutes of Science Education and Research, Behrampur",610315,-,-,Odisha,10/2018,09/2019,03/2021,06/2026,1229.32,843.09,835.6,98,"IISER BERHAMPUR
(Indian Institutes of Science Education and Research, Behrampur)
(610315)","10/2018
(09/2019)","03/2021
(06/2026)","1229.32
(843.09)",SRC-2025-12,07f56e5457c63192ae7b5b4036f975f7eb058a3364a25a87cdc6ce2369082401,62,61,All Ongoing Projects,6,pdfplumber_table,twelve_month_gate2:0.1.0,"pdf_page_index=62,table_index=logical8,row_index=4"
OBS-202512-00322,2025-12,322,Establishment of NIT Puducherry Permanent Campus [Phase-I and Phase-II],"National Institute of Technology, Puducherry",612877,-,-,Puducherry,09/2009,07/2013,12/2024,08/2025,618.34,544.34,530.45,97,"Establishment of NIT Puducherry Permanent Campus [Phase-I and Phase-II]
(National Institute of Technology, Puducherry)
(612877)","09/2009
(07/2013)","12/2024
(08/2025)","618.34
(544.34)",SRC-2025-12,07f56e5457c63192ae7b5b4036f975f7eb058a3364a25a87cdc6ce2369082401,62,61,All Ongoing Projects,6,pdfplumber_table,twelve_month_gate2:0.1.0,"pdf_page_index=62,table_index=logical8,row_index=5"
OBS-202512-00323,2025-12,323,"Construction of Permanent Campus of Indian Institute of Management [IIM] Amritsar,
Punjab, Phase-I","Indian intitue of Management, Amritsar",605292,-,-,Punjab,10/2019,07/2020,06/2023,12/2025,348.31,348.31,290.39,91,"Construction of Permanent Campus of Indian Institute of Management [IIM] Amritsar,
Punjab, Phase-I
(Indian intitue of Management, Amritsar)
(605292)","10/2019
(07/2020)","06/2023
(12/2025)","348.31
(348.31)",SRC-2025-12,07f56e5457c63192ae7b5b4036f975f7eb058a3364a25a87cdc6ce2369082401,62,61,All Ongoing Projects,6,pdfplumber_table,twelve_month_gate2:0.1.0,"pdf_page_index=62,table_index=logical8,row_index=6"
OBS-202512-00324,2025-12,324,"Construction of Girls Hostel 400 seater, Boys Hostel 600 seater, Academic Block,
International Hostel 100 seater, VC Residence and Purchase of Equipment",Central University of Punjab,617221,-,-,Punjab,08/2024,04/2025,10/2027,-,210.99,210.99,30,19,"Construction of Girls Hostel 400 seater, Boys Hostel 600 seater, Academic Block,
International Hostel 100 seater, VC Residence and Purchase of Equipment
(Central University of Punjab)
(617221)","08/2024
(04/2025)","10/2027
(-)","210.99
(210.99)",SRC-2025-12,07f56e5457c63192ae7b5b4036f975f7eb058a3364a25a87cdc6ce2369082401,62,61,All Ongoing Projects,6,pdfplumber_table,twelve_month_gate2:0.1.0,"pdf_page_index=62,table_index=logical8,row_index=7"
OBS-202512-00325,2025-12,325,"Construction of Sikkim University Campus Phase-I Package-II at Yangang, South
Sikkim",Sikkim University,609736,-,-,Sikkim,08/2020,01/2022,01/2025,03/2026,314.06,314.06,238.22,85,"Construction of Sikkim University Campus Phase-I Package-II at Yangang, South
Sikkim
(Sikkim University)
(609736)","08/2020
(01/2022)","01/2025
(03/2026)","314.06
(314.06)",SRC-2025-12,07f56e5457c63192ae7b5b4036f975f7eb058a3364a25a87cdc6ce2369082401,62,61,All Ongoing Projects,6,pdfplumber_table,twelve_month_gate2:0.1.0,"pdf_page_index=62,table_index=logical8,row_index=8"
OBS-202512-00326,2025-12,326,Establishment of Permanent Campus of NIT SIkkim at Khamdong-Gangtok District,NIT Sikkim,612883,-,-,Sikkim,02/2024,03/2024,02/2028,12/2026,685.76,610.76,171.56,24,"Establishment of Permanent Campus of NIT SIkkim at Khamdong-Gangtok District
(NIT Sikkim)
(612883)","02/2024
(03/2024)","02/2028
(12/2026)","685.76
(610.76)",SRC-2025-12,07f56e5457c63192ae7b5b4036f975f7eb058a3364a25a87cdc6ce2369082401,62,61,All Ongoing Projects,6,pdfplumber_table,twelve_month_gate2:0.1.0,"pdf_page_index=62,table_index=logical8,row_index=9"
OBS-202512-00327,2025-12,327,Construction of Precast housing and hostels at IIT Hyderabad,"Indian Institute of Technology, Hyderabad",609996,-,-,Telangana,09/2022,11/2022,10/2024,01/2026,262,262,194.37,83,"Construction of Precast housing and hostels at IIT Hyderabad
(Indian Institute of Technology, Hyderabad)
(609996)","09/2022
(11/2022)","10/2024
(01/2026)","262
(262)",SRC-2025-12,07f56e5457c63192ae7b5b4036f975f7eb058a3364a25a87cdc6ce2369082401,62,61,All Ongoing Projects,6,pdfplumber_table,twelve_month_gate2:0.1.0,"pdf_page_index=62,table_index=logical8,row_index=10"
OBS-202512-00328,2025-12,328,Banaras Hindu University [ Kayakalp of Institute of Medical Sciences],Banaras Hindu University,606479,-,-,Uttar Pradesh,06/2020,06/2020,09/2022,03/2026,246,246,199.71,97,"Banaras Hindu University [ Kayakalp of Institute of Medical Sciences]
(Banaras Hindu University)
(606479)","06/2020
(06/2020)","09/2022
(03/2026)","246
(246)",SRC-2025-12,07f56e5457c63192ae7b5b4036f975f7eb058a3364a25a87cdc6ce2369082401,62,61,All Ongoing Projects,6,pdfplumber_table,twelve_month_gate2:0.1.0,"pdf_page_index=62,table_index=logical8,row_index=11"
OBS-202512-00329,2025-12,329,"Construction & Development of Infrastructural Facilities in the main campus of NIT
Uttarakhand at Sumari, Pauri Garhwal",National Institute of Technology Uttarakhand,611963,-,-,Uttarakhand,06/2020,04/2024,09/2027,-,650.85,650.85,261.11,40,"Construction & Development of Infrastructural Facilities in the main campus of NIT
Uttarakhand at Sumari, Pauri Garhwal
(National Institute of Technology Uttarakhand)
(611963)","06/2020
(04/2024)","09/2027
(-)","650.85
(650.85)",SRC-2025-12,07f56e5457c63192ae7b5b4036f975f7eb058a3364a25a87cdc6ce2369082401,62,61,All Ongoing Projects,6,pdfplumber_table,twelve_month_gate2:0.1.0,"pdf_page_index=62,table_index=logical8,row_index=12"
OBS-202512-00330,2025-12,330,"HEFA projects on development of student hostels, playgrounds, departmental
buildings, class room complex and other campus facilities in IIT Kharagpur","Indian Institute of Technology, Kharagpur",609019,-,-,West Bengal,06/2018,04/2019,03/2023,03/2026,500,442,401.6,92,"HEFA projects on development of student hostels, playgrounds, departmental
buildings, class room complex and other campus facilities in IIT Kharagpur
(Indian Institute of Technology, Kharagpur)
(609019)","06/2018
(04/2019)","03/2023
(03/2026)","500
(442)",SRC-2025-12,07f56e5457c63192ae7b5b4036f975f7eb058a3364a25a87cdc6ce2369082401,62,61,All Ongoing Projects,6,pdfplumber_table,twelve_month_gate2:0.1.0,"pdf_page_index=62,table_index=logical8,row_index=13"
OBS-202512-00331,2025-12,331,"National Sports University [NSU], Imphal [Manipur]",Department of Sports & Youth Affairs,400081,-,-,Manipur,NA,01/2022,08/2024,08/2026,906.47,611.74,565.17,95,"National Sports University [NSU], Imphal [Manipur]
(Department of Sports & Youth Affairs)
(400081)","NA
(01/2022)","08/2024
(08/2026)","906.47
(611.74)",SRC-2025-12,07f56e5457c63192ae7b5b4036f975f7eb058a3364a25a87cdc6ce2369082401,62,61,All Ongoing Projects,6,pdfplumber_table,twelve_month_gate2:0.1.0,"pdf_page_index=62,table_index=logical8,row_index=17"
OBS-202512-00332,2025-12,332,Construction of Aviation Fuel farm Facilities at Bhogapuram Airport,Ministry of Petroleum & Natural Gas,616235,-,-,Andhra Pradesh,08/2024,08/2024,03/2026,03/2026,240,240,134.94,89,"Construction of Aviation Fuel farm Facilities at Bhogapuram Airport
(Ministry of Petroleum & Natural Gas)
(616235)","08/2024
(08/2024)","03/2026
(03/2026)","240
(240)",SRC-2025-12,07f56e5457c63192ae7b5b4036f975f7eb058a3364a25a87cdc6ce2369082401,62,61,All Ongoing Projects,6,pdfplumber_table,twelve_month_gate2:0.1.0,"pdf_page_index=62,table_index=logical8,row_index=21"
OBS-202512-00333,2025-12,333,"Construction of LPG Facilities at Kamardanga, Assam",Hindustan Petroleum Corporation Limited,709754,-,-,Assam,03/2023,03/2023,07/2027,07/2027,156.36,156.36,74.46,55,"Construction of LPG Facilities at Kamardanga, Assam
(Hindustan Petroleum Corporation Limited)
(709754)","03/2023
(03/2023)","07/2027
(07/2027)","156.36
(156.36)",SRC-2025-12,07f56e5457c63192ae7b5b4036f975f7eb058a3364a25a87cdc6ce2369082401,62,61,All Ongoing Projects,6,pdfplumber_table,twelve_month_gate2:0.1.0,"pdf_page_index=62,table_index=logical8,row_index=22"
OBS-202512-00334,2025-12,334,"Setting up of new rail fed POL facility at Kamardanga, Assam",Hindustan Petroleum Corporation Limited [HPCL],709755,-,-,Assam,03/2023,03/2023,07/2027,07/2027,384.04,384.04,168.47,67,"Setting up of new rail fed POL facility at Kamardanga, Assam
(Hindustan Petroleum Corporation Limited [HPCL])
(709755)","03/2023
(03/2023)","07/2027
(07/2027)","384.04
(384.04)",SRC-2025-12,07f56e5457c63192ae7b5b4036f975f7eb058a3364a25a87cdc6ce2369082401,62,61,All Ongoing Projects,6,pdfplumber_table,twelve_month_gate2:0.1.0,"pdf_page_index=62,table_index=logical8,row_index=23"
OBS-202512-00335,2025-12,335,"Capacity Augmentation of Kandla LPG Import Terminal [KLIT] from 0.6 MMTPA to 2.5
MMTPA",Ministry of Petroleum & Natural Gas,617839,-,-,Gujarat,05/2023,05/2023,07/2026,07/2026,356.86,304.4,90.44,60,"Capacity Augmentation of Kandla LPG Import Terminal [KLIT] from 0.6 MMTPA to 2.5
MMTPA
(Ministry of Petroleum & Natural Gas)
(617839)","05/2023
(05/2023)","07/2026
(07/2026)","356.86
(304.4)",SRC-2025-12,07f56e5457c63192ae7b5b4036f975f7eb058a3364a25a87cdc6ce2369082401,62,61,All Ongoing Projects,6,pdfplumber_table,twelve_month_gate2:0.1.0,"pdf_page_index=62,table_index=logical8,row_index=24"
OBS-202512-00336,2025-12,336,"Setting up a common user Petroleum Terminal at Jammu, J&K for resitement of
existing PSU OMC's Depots from Jammu City",Bharat Petroleum Corporation Limited [BPCL],400235,-,-,"Jammu and
Kashmir",04/2023,04/2023,03/2025,01/2026,676.89,715.89,576.69,91,"Setting up a common user Petroleum Terminal at Jammu, J&K for resitement of
existing PSU OMC's Depots from Jammu City
(Bharat Petroleum Corporation Limited [BPCL])
(400235)","04/2023
(04/2023)","03/2025
(01/2026)","676.89
(715.89)",SRC-2025-12,07f56e5457c63192ae7b5b4036f975f7eb058a3364a25a87cdc6ce2369082401,62,61,All Ongoing Projects,6,pdfplumber_table,twelve_month_gate2:0.1.0,"pdf_page_index=62,table_index=logical8,row_index=25"
OBS-202512-00337,2025-12,337,"Andheri Residential Towers, Mumbai",Ministry of Petroleum & Natural Gas,604833,-,-,Maharashtra,06/2017,06/2017,05/2025,06/2026,281.35,389.67,249.5,56,"Andheri Residential Towers, Mumbai
(Ministry of Petroleum & Natural Gas)
(604833)","06/2017
(06/2017)","05/2025
(06/2026)","281.35
(389.67)",SRC-2025-12,07f56e5457c63192ae7b5b4036f975f7eb058a3364a25a87cdc6ce2369082401,62,61,All Ongoing Projects,6,pdfplumber_table,twelve_month_gate2:0.1.0,"pdf_page_index=62,table_index=logical8,row_index=26"
OBS-202512-00338,2025-12,338,LPG Bottling Plant at Mualkhang,Ministry of Petroleum & Natural Gas,617829,-,-,Mizoram,07/2024,07/2024,10/2028,11/2027,225.71,225.71,16.32,26,"LPG Bottling Plant at Mualkhang
(Ministry of Petroleum & Natural Gas)
(617829)","07/2024
(07/2024)","10/2028
(11/2027)","225.71
(225.71)",SRC-2025-12,07f56e5457c63192ae7b5b4036f975f7eb058a3364a25a87cdc6ce2369082401,62,61,All Ongoing Projects,6,pdfplumber_table,twelve_month_gate2:0.1.0,"pdf_page_index=62,table_index=logical8,row_index=27"
OBS-202512-00339,2025-12,339,Srikakulam Angul Gas Pipeline Project,Ministry of Petroleum & Natural Gas,701343,-,-,"Multi-States
(Andhra Pradesh,
Odisha)",09/2019,09/2019,07/2022,06/2026,2658.34,2810,2282.98,96,"Srikakulam Angul Gas Pipeline Project
(Ministry of Petroleum & Natural Gas)
(701343)","09/2019
(09/2019)","07/2022
(06/2026)","2658.34
(2810)",SRC-2025-12,07f56e5457c63192ae7b5b4036f975f7eb058a3364a25a87cdc6ce2369082401,62,61,All Ongoing Projects,6,pdfplumber_table,twelve_month_gate2:0.1.0,"pdf_page_index=62,table_index=logical8,row_index=28"
OBS-202512-00340,2025-12,340,"Paradip-Numaligarh Crude Oil Pipeline [PNCPL] & Crude Oil Import Terminal [COIT]
at Paradip",Ministry of Petroleum & Natural Gas,701349,-,-,"Multi-States
(Assam, Bihar,
Jharkhand,
Odisha, West
Bengal)",01/2019,01/2019,07/2024,06/2026,10228,11407,10270.18,89,"Paradip-Numaligarh Crude Oil Pipeline [PNCPL] & Crude Oil Import Terminal [COIT]
at Paradip
(Ministry of Petroleum & Natural Gas)
(701349)","01/2019
(01/2019)","07/2024
(06/2026)","10228
(11407)",SRC-2025-12,07f56e5457c63192ae7b5b4036f975f7eb058a3364a25a87cdc6ce2369082401,62,61,All Ongoing Projects,6,pdfplumber_table,twelve_month_gate2:0.1.0,"pdf_page_index=62,table_index=logical8,row_index=29"
OBS-202512-00341,2025-12,341,New Mundra Panipat Crude Oil Pipeline,Ministry of Petroleum & Natural Gas,400078,-,-,"Multi-States
(Gujarat, Haryana,
Rajasthan)",12/2021,12/2021,12/2024,06/2026,9028,9028,7394.54,88,"New Mundra Panipat Crude Oil Pipeline
(Ministry of Petroleum & Natural Gas)
(400078)","12/2021
(12/2021)","12/2024
(06/2026)","9028
(9028)",SRC-2025-12,07f56e5457c63192ae7b5b4036f975f7eb058a3364a25a87cdc6ce2369082401,62,61,All Ongoing Projects,6,pdfplumber_table,twelve_month_gate2:0.1.0,"pdf_page_index=62,table_index=logical8,row_index=30"
OBS-202512-00342,2025-12,342,Kandla Gorakhpur LPG Pipeline,Ministry of Petroleum & Natural Gas,400012,-,-,"Multi-States
(Gujarat, Madhya
Pradesh, Uttar
Pradesh)",12/2018,12/2018,12/2021,03/2026,10088,10088,8217.69,94,"Kandla Gorakhpur LPG Pipeline
(Ministry of Petroleum & Natural Gas)
(400012)","12/2018
(12/2018)","12/2021
(03/2026)","10088
(10088)",SRC-2025-12,07f56e5457c63192ae7b5b4036f975f7eb058a3364a25a87cdc6ce2369082401,62,61,All Ongoing Projects,6,pdfplumber_table,twelve_month_gate2:0.1.0,"pdf_page_index=62,table_index=logical8,row_index=31"
OBS-202512-00343,2025-12,343,Multi Product Pipeline from Irugur to Devangonthi,"Department of Water Resources, River Development & GR",400301,-,-,"Multi-States
(Karnataka, Tamil
Nadu)",11/2012,11/2012,02/2017,09/2026,678,1732,893.48,74,"Multi Product Pipeline from Irugur to Devangonthi
(Department of Water Resources, River Development & GR)
(400301)","11/2012
(11/2012)","02/2017
(09/2026)","678
(1732)",SRC-2025-12,07f56e5457c63192ae7b5b4036f975f7eb058a3364a25a87cdc6ce2369082401,63,62,All Ongoing Projects,6,pdfplumber_table,twelve_month_gate2:0.1.0,"pdf_page_index=63,table_index=logical8,row_index=1"
OBS-202512-00344,2025-12,344,Rajasthan Refinery Project,MinistryofPetroleumNaturalGas,701263,-,-,Rajasthan,10/2017,10/2017,10/2022,03/2026,43129,79459,63571.54,90,"Rajasthan Refinery Project
(MinistryofPetroleumNaturalGas)
(701263)","10/2017
(10/2017)","10/2022
(03/2026)","43129
(79459)",SRC-2025-12,07f56e5457c63192ae7b5b4036f975f7eb058a3364a25a87cdc6ce2369082401,63,62,All Ongoing Projects,6,pdfplumber_table,twelve_month_gate2:0.1.0,"pdf_page_index=63,table_index=logical8,row_index=2"
OBS-202512-00345,2025-12,345,"Petrochemical evacuation marketing terminal at Barmer, Rajasthan",Hindustan Petroleum Corporation Limited [HPCL],709759,-,-,Rajasthan,12/2023,12/2023,12/2026,12/2026,461.05,461.05,166.12,72,"Petrochemical evacuation marketing terminal at Barmer, Rajasthan
(Hindustan Petroleum Corporation Limited [HPCL])
(709759)","12/2023
(12/2023)","12/2026
(12/2026)","461.05
(461.05)",SRC-2025-12,07f56e5457c63192ae7b5b4036f975f7eb058a3364a25a87cdc6ce2369082401,63,62,All Ongoing Projects,6,pdfplumber_table,twelve_month_gate2:0.1.0,"pdf_page_index=63,table_index=logical8,row_index=3"
OBS-202512-00346,2025-12,346,"Laying of POL Pipelines in Common Corridor for proposed grass root terminal at
Vallur [Chennai]",Ministry of Petroleum & Natural Gas,400043,-,-,Tamil Nadu,01/2022,01/2022,05/2026,05/2026,829,829,339.98,69,"Laying of POL Pipelines in Common Corridor for proposed grass root terminal at
Vallur [Chennai]
(Ministry of Petroleum & Natural Gas)
(400043)","01/2022
(01/2022)","05/2026
(05/2026)","829
(829)",SRC-2025-12,07f56e5457c63192ae7b5b4036f975f7eb058a3364a25a87cdc6ce2369082401,63,62,All Ongoing Projects,6,pdfplumber_table,twelve_month_gate2:0.1.0,"pdf_page_index=63,table_index=logical8,row_index=4"
OBS-202512-00347,2025-12,347,"Grass root POL Terminal at Vallur, Chennai",Indian Oil Corporation Limited [IOCL],400077,-,-,Tamil Nadu,01/2022,01/2022,12/2024,03/2026,827,887.71,649.51,90,"Grass root POL Terminal at Vallur, Chennai
(Indian Oil Corporation Limited [IOCL])
(400077)","01/2022
(01/2022)","12/2024
(03/2026)","827
(887.71)",SRC-2025-12,07f56e5457c63192ae7b5b4036f975f7eb058a3364a25a87cdc6ce2369082401,63,62,All Ongoing Projects,6,pdfplumber_table,twelve_month_gate2:0.1.0,"pdf_page_index=63,table_index=logical8,row_index=5"
OBS-202512-00348,2025-12,348,"Grass Root Rail-fed Depot at Sekerkote, Agartala as resitement of existing
Dharmanagar Depot",Indian Oil Corporation Limited [IOCL],400035,-,-,Tripura,06/2022,06/2022,09/2025,06/2026,656,656,526.86,92,"Grass Root Rail-fed Depot at Sekerkote, Agartala as resitement of existing
Dharmanagar Depot
(Indian Oil Corporation Limited [IOCL])
(400035)","06/2022
(06/2022)","09/2025
(06/2026)","656
(656)",SRC-2025-12,07f56e5457c63192ae7b5b4036f975f7eb058a3364a25a87cdc6ce2369082401,63,62,All Ongoing Projects,6,pdfplumber_table,twelve_month_gate2:0.1.0,"pdf_page_index=63,table_index=logical8,row_index=6"
OBS-202512-00349,2025-12,349,"Grass-root Terminal at Mirzapur, Uttar Pradesh",Ministry of Petroleum & Natural Gas,604852,-,-,Uttar Pradesh,09/2022,09/2022,11/2026,11/2026,980.45,980.45,250.55,62,"Grass-root Terminal at Mirzapur, Uttar Pradesh
(Ministry of Petroleum & Natural Gas)
(604852)","09/2022
(09/2022)","11/2026
(11/2026)","980.45
(980.45)",SRC-2025-12,07f56e5457c63192ae7b5b4036f975f7eb058a3364a25a87cdc6ce2369082401,63,62,All Ongoing Projects,6,pdfplumber_table,twelve_month_gate2:0.1.0,"pdf_page_index=63,table_index=logical8,row_index=7"
OBS-202512-00350,2025-12,350,KG-DWN-98/2 Cluster - II Development Project - NELP Block,Oil and Natural Gas Corporation Limited [ONGC],400120,-,-,Andhra Pradesh,03/2016,03/2016,06/2020,06/2026,34012,34012,32374.37,96,"KG-DWN-98/2 Cluster - II Development Project - NELP Block
(Oil and Natural Gas Corporation Limited [ONGC])
(400120)","03/2016
(03/2016)","06/2020
(06/2026)","34012
(34012)",SRC-2025-12,07f56e5457c63192ae7b5b4036f975f7eb058a3364a25a87cdc6ce2369082401,63,62,All Ongoing Projects,6,pdfplumber_table,twelve_month_gate2:0.1.0,"pdf_page_index=63,table_index=logical8,row_index=10"
OBS-202512-00351,2025-12,351,HP-COAT [Crude to Olefins and Aromatics Technology] demo unit at Visakh Refinery,Hindustan Petroleum Corporation Limited,709752,-,-,Andhra Pradesh,09/2021,09/2021,06/2024,03/2026,160,220,106.27,80,"HP-COAT [Crude to Olefins and Aromatics Technology] demo unit at Visakh Refinery
(Hindustan Petroleum Corporation Limited)
(709752)","09/2021
(09/2021)","06/2024
(03/2026)","160
(220)",SRC-2025-12,07f56e5457c63192ae7b5b4036f975f7eb058a3364a25a87cdc6ce2369082401,63,62,All Ongoing Projects,6,pdfplumber_table,twelve_month_gate2:0.1.0,"pdf_page_index=63,table_index=logical8,row_index=11"
OBS-202512-00352,2025-12,352,"City Gas Distribution Project at Kurnool, Guntur & Prakasam Districts",MinistryofPetroleumNaturalGas,709766,-,-,Andhra Pradesh,03/2022,03/2022,03/2030,03/2030,1420,1420,170.7,6,"City Gas Distribution Project at Kurnool, Guntur & Prakasam Districts
(MinistryofPetroleumNaturalGas)
(709766)","03/2022
(03/2022)","03/2030
(03/2030)","1420
(1420)",SRC-2025-12,07f56e5457c63192ae7b5b4036f975f7eb058a3364a25a87cdc6ce2369082401,63,62,All Ongoing Projects,6,pdfplumber_table,twelve_month_gate2:0.1.0,"pdf_page_index=63,table_index=logical8,row_index=12"
OBS-202512-00353,2025-12,353,Numaligarh Refinery Expansion Project,Ministry of Petroleum & Natural Gas,604791,-,-,Assam,07/2020,07/2020,07/2024,09/2026,12366,22494,18147.42,80,"Numaligarh Refinery Expansion Project
(Ministry of Petroleum & Natural Gas)
(604791)","07/2020
(07/2020)","07/2024
(09/2026)","12366
(22494)",SRC-2025-12,07f56e5457c63192ae7b5b4036f975f7eb058a3364a25a87cdc6ce2369082401,63,62,All Ongoing Projects,6,pdfplumber_table,twelve_month_gate2:0.1.0,"pdf_page_index=63,table_index=logical8,row_index=13"
OBS-202512-00354,2025-12,354,"Development of Surface Facilities for production and evacuation of Crude Oil and
Natural Gas from Nadua and East Khagorija",Ministry of Petroleum & Natural Gas,604863,-,-,Assam,01/2018,01/2018,02/2020,06/2026,682.9,726.93,493.53,94,"Development of Surface Facilities for production and evacuation of Crude Oil and
Natural Gas from Nadua and East Khagorija
(Ministry of Petroleum & Natural Gas)
(604863)","01/2018
(01/2018)","02/2020
(06/2026)","682.9
(726.93)",SRC-2025-12,07f56e5457c63192ae7b5b4036f975f7eb058a3364a25a87cdc6ce2369082401,63,62,All Ongoing Projects,6,pdfplumber_table,twelve_month_gate2:0.1.0,"pdf_page_index=63,table_index=logical8,row_index=14"
OBS-202512-00355,2025-12,355,"Guwahati Refinery Expansion [1.0 to 1.2 MMTPA] along with installation of CRU,
Guwahati Refinery",Ministry of Petroleum & Natural Gas,607701,-,-,Assam,05/2021,05/2021,10/2023,05/2026,412.3,577,458.56,89,"Guwahati Refinery Expansion [1.0 to 1.2 MMTPA] along with installation of CRU,
Guwahati Refinery
(Ministry of Petroleum & Natural Gas)
(607701)","05/2021
(05/2021)","10/2023
(05/2026)","412.3
(577)",SRC-2025-12,07f56e5457c63192ae7b5b4036f975f7eb058a3364a25a87cdc6ce2369082401,63,62,All Ongoing Projects,6,pdfplumber_table,twelve_month_gate2:0.1.0,"pdf_page_index=63,table_index=logical8,row_index=15"
OBS-202512-00356,2025-12,356,"Construction of Field Gas Gathering Station at Baghjan area for collection, processing
& transportation of natural Gas to be produced from Baghjan Field",Ministry of Petroleum & Natural Gas,616858,-,-,Assam,12/2020,12/2020,03/2024,03/2026,430.76,430.76,334.6,89,"Construction of Field Gas Gathering Station at Baghjan area for collection, processing
& transportation of natural Gas to be produced from Baghjan Field
(Ministry of Petroleum & Natural Gas)
(616858)","12/2020
(12/2020)","03/2024
(03/2026)","430.76
(430.76)",SRC-2025-12,07f56e5457c63192ae7b5b4036f975f7eb058a3364a25a87cdc6ce2369082401,63,62,All Ongoing Projects,6,pdfplumber_table,twelve_month_gate2:0.1.0,"pdf_page_index=63,table_index=logical8,row_index=16"
OBS-202512-00357,2025-12,357,Coke Drum Structure Package,Ministry of Petroleum & Natural Gas,617836,-,-,Assam,12/2022,12/2022,12/2025,09/2026,635.28,635.28,80.32,51,"Coke Drum Structure Package
(Ministry of Petroleum & Natural Gas)
(617836)","12/2022
(12/2022)","12/2025
(09/2026)","635.28
(635.28)",SRC-2025-12,07f56e5457c63192ae7b5b4036f975f7eb058a3364a25a87cdc6ce2369082401,63,62,All Ongoing Projects,6,pdfplumber_table,twelve_month_gate2:0.1.0,"pdf_page_index=63,table_index=logical8,row_index=17"
OBS-202512-00358,2025-12,358,Augmentation/Revamping of Facilities at existing Guwahati Terminal at Betkuchi,MinistryofPetroleumNaturalGas,709776,-,-,Assam,04/2022,04/2022,09/2026,09/2026,277,323.09,192.31,74,"Augmentation/Revamping of Facilities at existing Guwahati Terminal at Betkuchi
(MinistryofPetroleumNaturalGas)
(709776)","04/2022
(04/2022)","09/2026
(09/2026)","277
(323.09)",SRC-2025-12,07f56e5457c63192ae7b5b4036f975f7eb058a3364a25a87cdc6ce2369082401,63,62,All Ongoing Projects,6,pdfplumber_table,twelve_month_gate2:0.1.0,"pdf_page_index=63,table_index=logical8,row_index=18"
OBS-202512-00359,2025-12,359,Capacity Expansion of Digboi Refinery from 0.65 to 1.0 MMTPA,MinistryofPetroleumNaturalGas,709779,-,-,Assam,06/2022,06/2022,03/2026,07/2027,768,740,130.46,49,"Capacity Expansion of Digboi Refinery from 0.65 to 1.0 MMTPA
(MinistryofPetroleumNaturalGas)
(709779)","06/2022
(06/2022)","03/2026
(07/2027)","768
(740)",SRC-2025-12,07f56e5457c63192ae7b5b4036f975f7eb058a3364a25a87cdc6ce2369082401,63,62,All Ongoing Projects,6,pdfplumber_table,twelve_month_gate2:0.1.0,"pdf_page_index=63,table_index=logical8,row_index=19"
OBS-202512-00360,2025-12,360,Pipeline Network Project Rudrasagar,Ministry of Petroleum & Natural Gas,709847,-,-,Assam,01/2023,01/2023,04/2026,04/2026,344.99,344.99,220.37,50,"Pipeline Network Project Rudrasagar
(Ministry of Petroleum & Natural Gas)
(709847)","01/2023
(01/2023)","04/2026
(04/2026)","344.99
(344.99)",SRC-2025-12,07f56e5457c63192ae7b5b4036f975f7eb058a3364a25a87cdc6ce2369082401,63,62,All Ongoing Projects,6,pdfplumber_table,twelve_month_gate2:0.1.0,"pdf_page_index=63,table_index=logical8,row_index=20"
OBS-202512-00361,2025-12,361,Borholla GGS Life Extension Project [BLEP],Ministry of Petroleum & Natural Gas,709850,-,-,Assam,09/2023,09/2023,05/2026,05/2026,198.7,198.7,59.75,45,"Borholla GGS Life Extension Project [BLEP]
(Ministry of Petroleum & Natural Gas)
(709850)","09/2023
(09/2023)","05/2026
(05/2026)","198.7
(198.7)",SRC-2025-12,07f56e5457c63192ae7b5b4036f975f7eb058a3364a25a87cdc6ce2369082401,63,62,All Ongoing Projects,6,pdfplumber_table,twelve_month_gate2:0.1.0,"pdf_page_index=63,table_index=logical8,row_index=21"
OBS-202512-00362,2025-12,362,DCU Revamp Project,NRL,709864,-,-,Assam,08/2021,08/2021,07/2024,06/2026,370,370,274.81,68,"DCU Revamp Project
(NRL)
(709864)","08/2021
(08/2021)","07/2024
(06/2026)","370
(370)",SRC-2025-12,07f56e5457c63192ae7b5b4036f975f7eb058a3364a25a87cdc6ce2369082401,63,62,All Ongoing Projects,6,pdfplumber_table,twelve_month_gate2:0.1.0,"pdf_page_index=63,table_index=logical8,row_index=22"
OBS-202512-00363,2025-12,363,Power Recovery Turbine [PRT] in PFCCU unit as an Energy Conservation Scheme,NRL,709865,-,-,Assam,04/2023,04/2023,12/2024,09/2026,293.5,293.5,97.22,98,"Power Recovery Turbine [PRT] in PFCCU unit as an Energy Conservation Scheme
(NRL)
(709865)","04/2023
(04/2023)","12/2024
(09/2026)","293.5
(293.5)",SRC-2025-12,07f56e5457c63192ae7b5b4036f975f7eb058a3364a25a87cdc6ce2369082401,63,62,All Ongoing Projects,6,pdfplumber_table,twelve_month_gate2:0.1.0,"pdf_page_index=63,table_index=logical8,row_index=23"
OBS-202512-00364,2025-12,364,"Setting up of LPG Plant with Rail Unloading Facility at Hathua, Dist. Gopalganj, Bihar",MinistryofPetroleumNaturalGas,617304,-,-,Bihar,10/2023,10/2023,03/2027,03/2027,340.15,340.15,124.9,39,"Setting up of LPG Plant with Rail Unloading Facility at Hathua, Dist. Gopalganj, Bihar
(MinistryofPetroleumNaturalGas)
(617304)","10/2023
(10/2023)","03/2027
(03/2027)","340.15
(340.15)",SRC-2025-12,07f56e5457c63192ae7b5b4036f975f7eb058a3364a25a87cdc6ce2369082401,63,62,All Ongoing Projects,6,pdfplumber_table,twelve_month_gate2:0.1.0,"pdf_page_index=63,table_index=logical8,row_index=24"
OBS-202512-00365,2025-12,365,Barauni Refinery Capacity Expansion from 6.0 to 9.0 MMTPA,Ministry of Petroleum & Natural Gas,701324,-,-,Bihar,01/2020,01/2020,04/2023,08/2026,14810,16724,12484.41,89,"Barauni Refinery Capacity Expansion from 6.0 to 9.0 MMTPA
(Ministry of Petroleum & Natural Gas)
(701324)","01/2020
(01/2020)","04/2023
(08/2026)","14810
(16724)",SRC-2025-12,07f56e5457c63192ae7b5b4036f975f7eb058a3364a25a87cdc6ce2369082401,63,62,All Ongoing Projects,6,pdfplumber_table,twelve_month_gate2:0.1.0,"pdf_page_index=63,table_index=logical8,row_index=25"
OBS-202512-00366,2025-12,366,"Installation of Bitumen Manufacturing Unit along with allied facilities at Barauni
Refinery",MinistryofPetroleumNaturalGas,709777,-,-,Bihar,01/2022,01/2022,04/2025,10/2026,389.35,340,84.81,52,"Installation of Bitumen Manufacturing Unit along with allied facilities at Barauni
Refinery
(MinistryofPetroleumNaturalGas)
(709777)","01/2022
(01/2022)","04/2025
(10/2026)","389.35
(340)",SRC-2025-12,07f56e5457c63192ae7b5b4036f975f7eb058a3364a25a87cdc6ce2369082401,63,62,All Ongoing Projects,6,pdfplumber_table,twelve_month_gate2:0.1.0,"pdf_page_index=63,table_index=logical8,row_index=26"
OBS-202512-00367,2025-12,367,"City Gas Distribution Projects at Darbhanga, Madhubani, Supaul, Sitamarhi and
Sheohar districts",Bharat Petroleum Corporation Limited [BPCL],709792,-,-,Bihar,12/2022,12/2022,03/2030,03/2030,3638,3638,437.06,30,"City Gas Distribution Projects at Darbhanga, Madhubani, Supaul, Sitamarhi and
Sheohar districts
(Bharat Petroleum Corporation Limited [BPCL])
(709792)","12/2022
(12/2022)","03/2030
(03/2030)","3638
(3638)",SRC-2025-12,07f56e5457c63192ae7b5b4036f975f7eb058a3364a25a87cdc6ce2369082401,63,62,All Ongoing Projects,6,pdfplumber_table,twelve_month_gate2:0.1.0,"pdf_page_index=63,table_index=logical8,row_index=27"
OBS-202512-00368,2025-12,368,"City Gas Distribution Projects at Gopalganj, Siwan, West Champaran, East
Champaran and Deoria districts",Bharat Petroleum Corporation Limited [BPCL],709793,-,-,Bihar,12/2022,12/2022,06/2030,06/2030,3919,3919,457.23,23,"City Gas Distribution Projects at Gopalganj, Siwan, West Champaran, East
Champaran and Deoria districts
(Bharat Petroleum Corporation Limited [BPCL])
(709793)","12/2022
(12/2022)","06/2030
(06/2030)","3919
(3919)",SRC-2025-12,07f56e5457c63192ae7b5b4036f975f7eb058a3364a25a87cdc6ce2369082401,63,62,All Ongoing Projects,6,pdfplumber_table,twelve_month_gate2:0.1.0,"pdf_page_index=63,table_index=logical8,row_index=28"
OBS-202512-00369,2025-12,369,"City Gas Distribution [CGD] Project in Kondagaon, Bastar, Sukma, Narayanpur,
Bijapur & Dantewada GA",GAIL Gas,617819,-,-,Chhattisgarh,06/2022,06/2022,06/2030,06/2030,557.04,557.04,8.33,2,"City Gas Distribution [CGD] Project in Kondagaon, Bastar, Sukma, Narayanpur,
Bijapur & Dantewada GA
(GAIL Gas)
(617819)","06/2022
(06/2022)","06/2030
(06/2030)","557.04
(557.04)",SRC-2025-12,07f56e5457c63192ae7b5b4036f975f7eb058a3364a25a87cdc6ce2369082401,63,62,All Ongoing Projects,6,pdfplumber_table,twelve_month_gate2:0.1.0,"pdf_page_index=63,table_index=logical8,row_index=29"
OBS-202512-00370,2025-12,370,Redevelopment of Sobhasan Complex,Oil and Natural Gas Corporation Limited [ONGC],400087,-,-,Gujarat,08/2021,08/2021,02/2026,02/2026,885.63,1286.67,911.57,85,"Redevelopment of Sobhasan Complex
(Oil and Natural Gas Corporation Limited [ONGC])
(400087)","08/2021
(08/2021)","02/2026
(02/2026)","885.63
(1286.67)",SRC-2025-12,07f56e5457c63192ae7b5b4036f975f7eb058a3364a25a87cdc6ce2369082401,64,63,All Ongoing Projects,6,pdfplumber_table,twelve_month_gate2:0.1.0,"pdf_page_index=64,table_index=logical8,row_index=1"
OBS-202512-00371,2025-12,371,Redevelopment of Santhal Field [Onshore-Mehsana Asset],Oil and Natural Gas Corporation Limited [ONGC],400167,-,-,Gujarat,02/2017,02/2017,03/2026,03/2026,1162.56,1162.56,1145.85,95,"Redevelopment of Santhal Field [Onshore-Mehsana Asset]
(Oil and Natural Gas Corporation Limited [ONGC])
(400167)","02/2017
(02/2017)","03/2026
(03/2026)","1162.56
(1162.56)",SRC-2025-12,07f56e5457c63192ae7b5b4036f975f7eb058a3364a25a87cdc6ce2369082401,64,63,All Ongoing Projects,6,pdfplumber_table,twelve_month_gate2:0.1.0,"pdf_page_index=64,table_index=logical8,row_index=2"
OBS-202512-00372,2025-12,372,Redevelopment of Linch Field,Oil and Natural Gas Corporation Limited [ONGC],400169,-,-,Gujarat,04/2021,04/2021,03/2025,03/2026,631.03,860.04,600.07,88,"Redevelopment of Linch Field
(Oil and Natural Gas Corporation Limited [ONGC])
(400169)","04/2021
(04/2021)","03/2025
(03/2026)","631.03
(860.04)",SRC-2025-12,07f56e5457c63192ae7b5b4036f975f7eb058a3364a25a87cdc6ce2369082401,64,63,All Ongoing Projects,6,pdfplumber_table,twelve_month_gate2:0.1.0,"pdf_page_index=64,table_index=logical8,row_index=3"
OBS-202512-00373,2025-12,373,Petrochemical and Lube Integration Project at Gujarat Refinery,Ministry of Petroleum & Natural Gas,701329,-,-,Gujarat,09/2020,09/2020,08/2024,06/2026,18936,17825,13229.31,85,"Petrochemical and Lube Integration Project at Gujarat Refinery
(Ministry of Petroleum & Natural Gas)
(701329)","09/2020
(09/2020)","08/2024
(06/2026)","18936
(17825)",SRC-2025-12,07f56e5457c63192ae7b5b4036f975f7eb058a3364a25a87cdc6ce2369082401,64,63,All Ongoing Projects,6,pdfplumber_table,twelve_month_gate2:0.1.0,"pdf_page_index=64,table_index=logical8,row_index=4"
OBS-202512-00374,2025-12,374,Installation of new Biturox Unit along with allied facilities at Gujarat Refinery,MinistryofPetroleumNaturalGas,709778,-,-,Gujarat,01/2022,01/2022,08/2025,09/2026,328.29,287,183.45,72,"Installation of new Biturox Unit along with allied facilities at Gujarat Refinery
(MinistryofPetroleumNaturalGas)
(709778)","01/2022
(01/2022)","08/2025
(09/2026)","328.29
(287)",SRC-2025-12,07f56e5457c63192ae7b5b4036f975f7eb058a3364a25a87cdc6ce2369082401,64,63,All Ongoing Projects,6,pdfplumber_table,twelve_month_gate2:0.1.0,"pdf_page_index=64,table_index=logical8,row_index=5"
OBS-202512-00375,2025-12,375,Commercial Polymer Flooding Project in Bechraji field,Oil and Natural Gas Corporation Limited [ONGC],709838,-,-,Gujarat,01/2022,01/2022,11/2024,05/2027,621.4,739.02,144.19,25,"Commercial Polymer Flooding Project in Bechraji field
(Oil and Natural Gas Corporation Limited [ONGC])
(709838)","01/2022
(01/2022)","11/2024
(05/2027)","621.4
(739.02)",SRC-2025-12,07f56e5457c63192ae7b5b4036f975f7eb058a3364a25a87cdc6ce2369082401,64,63,All Ongoing Projects,6,pdfplumber_table,twelve_month_gate2:0.1.0,"pdf_page_index=64,table_index=logical8,row_index=6"
OBS-202512-00376,2025-12,376,"Restoration of Gas Terminal, Phase-I [Part-A], Hazira",Oil and Natural Gas Corporation Limited [ONGC],709840,-,-,Gujarat,05/2022,05/2022,02/2025,04/2026,249.43,249.43,210.45,95,"Restoration of Gas Terminal, Phase-I [Part-A], Hazira
(Oil and Natural Gas Corporation Limited [ONGC])
(709840)","05/2022
(05/2022)","02/2025
(04/2026)","249.43
(249.43)",SRC-2025-12,07f56e5457c63192ae7b5b4036f975f7eb058a3364a25a87cdc6ce2369082401,64,63,All Ongoing Projects,6,pdfplumber_table,twelve_month_gate2:0.1.0,"pdf_page_index=64,table_index=logical8,row_index=7"
OBS-202512-00377,2025-12,377,Old Pipe Line Replacement [OPRP] Group-A,Oil and Natural Gas Corporation Limited [ONGC],709841,-,-,Gujarat,07/2021,07/2021,07/2025,03/2026,173.03,169.84,154.84,89,"Old Pipe Line Replacement [OPRP] Group-A
(Oil and Natural Gas Corporation Limited [ONGC])
(709841)","07/2021
(07/2021)","07/2025
(03/2026)","173.03
(169.84)",SRC-2025-12,07f56e5457c63192ae7b5b4036f975f7eb058a3364a25a87cdc6ce2369082401,64,63,All Ongoing Projects,6,pdfplumber_table,twelve_month_gate2:0.1.0,"pdf_page_index=64,table_index=logical8,row_index=8"
OBS-202512-00378,2025-12,378,"Kalol Redevelopment Project, Ahmedabad Asset",Oil and Natural Gas Corporation Limited [ONGC],709842,-,-,Gujarat,08/2022,08/2022,03/2027,03/2027,1487.41,1487.41,938.5,63,"Kalol Redevelopment Project, Ahmedabad Asset
(Oil and Natural Gas Corporation Limited [ONGC])
(709842)","08/2022
(08/2022)","03/2027
(03/2027)","1487.41
(1487.41)",SRC-2025-12,07f56e5457c63192ae7b5b4036f975f7eb058a3364a25a87cdc6ce2369082401,64,63,All Ongoing Projects,6,pdfplumber_table,twelve_month_gate2:0.1.0,"pdf_page_index=64,table_index=logical8,row_index=9"
OBS-202512-00379,2025-12,379,"Revamping of SV Stations, Gas Terminal & Kribhco Terminal",Oil and Natural Gas Corporation Limited [ONGC],709845,-,-,Gujarat,11/2022,11/2022,08/2026,08/2026,837.34,837.34,325.04,59,"Revamping of SV Stations, Gas Terminal & Kribhco Terminal
(Oil and Natural Gas Corporation Limited [ONGC])
(709845)","11/2022
(11/2022)","08/2026
(08/2026)","837.34
(837.34)",SRC-2025-12,07f56e5457c63192ae7b5b4036f975f7eb058a3364a25a87cdc6ce2369082401,64,63,All Ongoing Projects,6,pdfplumber_table,twelve_month_gate2:0.1.0,"pdf_page_index=64,table_index=logical8,row_index=10"
OBS-202512-00380,2025-12,380,"Indian Oil Technology Development and Deployment Centre at R&D Campus-II,
Faridabad",Ministry of Petroleum & Natural Gas,604853,-,-,Haryana,06/2019,06/2019,12/2022,10/2026,2281.94,3200,1885.39,64,"Indian Oil Technology Development and Deployment Centre at R&D Campus-II,
Faridabad
(Ministry of Petroleum & Natural Gas)
(604853)","06/2019
(06/2019)","12/2022
(10/2026)","2281.94
(3200)",SRC-2025-12,07f56e5457c63192ae7b5b4036f975f7eb058a3364a25a87cdc6ce2369082401,64,63,All Ongoing Projects,6,pdfplumber_table,twelve_month_gate2:0.1.0,"pdf_page_index=64,table_index=logical8,row_index=11"
OBS-202512-00381,2025-12,381,Poly Butadiene Rubber plant at Panipat,Indian Oil Corporation Limited [IOCL],611917,-,-,Haryana,03/2022,03/2022,03/2025,06/2026,1459,2531.44,1435.65,79,"Poly Butadiene Rubber plant at Panipat
(Indian Oil Corporation Limited [IOCL])
(611917)","03/2022
(03/2022)","03/2025
(06/2026)","1459
(2531.44)",SRC-2025-12,07f56e5457c63192ae7b5b4036f975f7eb058a3364a25a87cdc6ce2369082401,64,63,All Ongoing Projects,6,pdfplumber_table,twelve_month_gate2:0.1.0,"pdf_page_index=64,table_index=logical8,row_index=12"
OBS-202512-00382,2025-12,382,Capacity Expansion of Panipat Refinery from 15 to 25 MMTPA,Ministry of Petroleum & Natural Gas,701289,-,-,Haryana,02/2021,02/2021,09/2024,06/2026,34627,36225,27829.24,91,"Capacity Expansion of Panipat Refinery from 15 to 25 MMTPA
(Ministry of Petroleum & Natural Gas)
(701289)","02/2021
(02/2021)","09/2024
(06/2026)","34627
(36225)",SRC-2025-12,07f56e5457c63192ae7b5b4036f975f7eb058a3364a25a87cdc6ce2369082401,64,63,All Ongoing Projects,6,pdfplumber_table,twelve_month_gate2:0.1.0,"pdf_page_index=64,table_index=logical8,row_index=13"
OBS-202512-00383,2025-12,383,"Installation of Multiple Effect Evaporator [MEE] for ETP-1, 2 & 4 of Panipat Refinery
and Petrochemical Complex.",MinistryofPetroleumNaturalGas,709783,-,-,Haryana,12/2020,12/2020,06/2023,06/2026,165.13,247.69,155.76,79,"Installation of Multiple Effect Evaporator [MEE] for ETP-1, 2 & 4 of Panipat Refinery
and Petrochemical Complex.
(MinistryofPetroleumNaturalGas)
(709783)","12/2020
(12/2020)","06/2023
(06/2026)","165.13
(247.69)",SRC-2025-12,07f56e5457c63192ae7b5b4036f975f7eb058a3364a25a87cdc6ce2369082401,64,63,All Ongoing Projects,6,pdfplumber_table,twelve_month_gate2:0.1.0,"pdf_page_index=64,table_index=logical8,row_index=14"
OBS-202512-00384,2025-12,384,"City Gas Distribution Project at Jammu, Udhampur, Reasi, Samba and Kathua
Districts",MinistryofPetroleumNaturalGas,709773,-,-,"Jammu and
Kashmir",03/2022,03/2022,03/2032,03/2032,538,538,4.11,0,"City Gas Distribution Project at Jammu, Udhampur, Reasi, Samba and Kathua
Districts
(MinistryofPetroleumNaturalGas)
(709773)","03/2022
(03/2022)","03/2032
(03/2032)","538
(538)",SRC-2025-12,07f56e5457c63192ae7b5b4036f975f7eb058a3364a25a87cdc6ce2369082401,64,63,All Ongoing Projects,6,pdfplumber_table,twelve_month_gate2:0.1.0,"pdf_page_index=64,table_index=logical8,row_index=15"
OBS-202512-00385,2025-12,385,Development of Jharia CBM Block [Phase-1],Oil and Natural Gas Corporation Limited [ONGC],610984,-,-,Jharkhand,11/2019,11/2019,01/2024,03/2026,431,431,228.44,61,"Development of Jharia CBM Block [Phase-1]
(Oil and Natural Gas Corporation Limited [ONGC])
(610984)","11/2019
(11/2019)","01/2024
(03/2026)","431
(431)",SRC-2025-12,07f56e5457c63192ae7b5b4036f975f7eb058a3364a25a87cdc6ce2369082401,64,63,All Ongoing Projects,6,pdfplumber_table,twelve_month_gate2:0.1.0,"pdf_page_index=64,table_index=logical8,row_index=16"
OBS-202512-00386,2025-12,386,Laying of Natural Gas Pipeline from Hazaribagh to Ranchi [HRPL],MinistryofPetroleumNaturalGas,709785,-,-,Jharkhand,02/2023,02/2023,02/2026,03/2027,202.07,202.07,61.84,50,"Laying of Natural Gas Pipeline from Hazaribagh to Ranchi [HRPL]
(MinistryofPetroleumNaturalGas)
(709785)","02/2023
(02/2023)","02/2026
(03/2027)","202.07
(202.07)",SRC-2025-12,07f56e5457c63192ae7b5b4036f975f7eb058a3364a25a87cdc6ce2369082401,64,63,All Ongoing Projects,6,pdfplumber_table,twelve_month_gate2:0.1.0,"pdf_page_index=64,table_index=logical8,row_index=17"
OBS-202512-00387,2025-12,387,Power System Upgradation Project,Mangalore Refinary and Petrochemicals Limited,612790,-,-,Karnataka,10/2023,10/2023,11/2025,05/2026,385,385,178.36,74,"Power System Upgradation Project
(Mangalore Refinary and Petrochemicals Limited)
(612790)","10/2023
(10/2023)","11/2025
(05/2026)","385
(385)",SRC-2025-12,07f56e5457c63192ae7b5b4036f975f7eb058a3364a25a87cdc6ce2369082401,64,63,All Ongoing Projects,6,pdfplumber_table,twelve_month_gate2:0.1.0,"pdf_page_index=64,table_index=logical8,row_index=18"
OBS-202512-00388,2025-12,388,Demo Bio-ATF Project,Ministry of Petroleum & Natural Gas,616879,-,-,Karnataka,03/2024,03/2024,01/2027,01/2027,364,364,49.39,26,"Demo Bio-ATF Project
(Ministry of Petroleum & Natural Gas)
(616879)","03/2024
(03/2024)","01/2027
(01/2027)","364
(364)",SRC-2025-12,07f56e5457c63192ae7b5b4036f975f7eb058a3364a25a87cdc6ce2369082401,64,63,All Ongoing Projects,6,pdfplumber_table,twelve_month_gate2:0.1.0,"pdf_page_index=64,table_index=logical8,row_index=19"
OBS-202512-00389,2025-12,389,Revamping/ Augmentation of facilities at existing port terminal at Mangalore,Ministry of Petroleum & Natural Gas,709774,-,-,Karnataka,01/2022,01/2022,12/2025,06/2027,463,500.62,301.09,76,"Revamping/ Augmentation of facilities at existing port terminal at Mangalore
(Ministry of Petroleum & Natural Gas)
(709774)","01/2022
(01/2022)","12/2025
(06/2027)","463
(500.62)",SRC-2025-12,07f56e5457c63192ae7b5b4036f975f7eb058a3364a25a87cdc6ce2369082401,64,63,All Ongoing Projects,6,pdfplumber_table,twelve_month_gate2:0.1.0,"pdf_page_index=64,table_index=logical8,row_index=20"
OBS-202512-00390,2025-12,390,"Augmentation of CCKPL and IDPL Pipelines capacity along with setting up of
Palakkad TOP",Ministry of Petroleum & Natural Gas,617838,-,-,Kerala,09/2024,09/2024,08/2028,08/2028,1130,1130,189.61,20,"Augmentation of CCKPL and IDPL Pipelines capacity along with setting up of
Palakkad TOP
(Ministry of Petroleum & Natural Gas)
(617838)","09/2024
(09/2024)","08/2028
(08/2028)","1130
(1130)",SRC-2025-12,07f56e5457c63192ae7b5b4036f975f7eb058a3364a25a87cdc6ce2369082401,64,63,All Ongoing Projects,6,pdfplumber_table,twelve_month_gate2:0.1.0,"pdf_page_index=64,table_index=logical8,row_index=21"
OBS-202512-00391,2025-12,391,Replacement and Extension of Jetty Pipelines [REJP] at KR,Bharat Petroleum Corporation Limited [BPCL],709790,-,-,Kerala,03/2023,03/2023,03/2026,03/2026,621.87,372,459.74,93,"Replacement and Extension of Jetty Pipelines [REJP] at KR
(Bharat Petroleum Corporation Limited [BPCL])
(709790)","03/2023
(03/2023)","03/2026
(03/2026)","621.87
(372)",SRC-2025-12,07f56e5457c63192ae7b5b4036f975f7eb058a3364a25a87cdc6ce2369082401,64,63,All Ongoing Projects,6,pdfplumber_table,twelve_month_gate2:0.1.0,"pdf_page_index=64,table_index=logical8,row_index=22"
OBS-202512-00392,2025-12,392,Setting up Polypropylene Unit at Kochi Refinery,MinistryofPetroleumNaturalGas,709799,-,-,Kerala,12/2023,12/2023,10/2027,10/2027,4460,4460,399.96,20,"Setting up Polypropylene Unit at Kochi Refinery
(MinistryofPetroleumNaturalGas)
(709799)","12/2023
(12/2023)","10/2027
(10/2027)","4460
(4460)",SRC-2025-12,07f56e5457c63192ae7b5b4036f975f7eb058a3364a25a87cdc6ce2369082401,64,63,All Ongoing Projects,6,pdfplumber_table,twelve_month_gate2:0.1.0,"pdf_page_index=64,table_index=logical8,row_index=23"
OBS-202512-00393,2025-12,393,C2/C3 Vijaipur Pata Pipeline,Ministry of Petroleum & Natural Gas,617830,-,-,Madhya Pradesh,05/2024,05/2024,01/2027,01/2027,1792,1792,390.2,46,"C2/C3 Vijaipur Pata Pipeline
(Ministry of Petroleum & Natural Gas)
(617830)","05/2024
(05/2024)","01/2027
(01/2027)","1792
(1792)",SRC-2025-12,07f56e5457c63192ae7b5b4036f975f7eb058a3364a25a87cdc6ce2369082401,64,63,All Ongoing Projects,6,pdfplumber_table,twelve_month_gate2:0.1.0,"pdf_page_index=64,table_index=logical8,row_index=24"
OBS-202512-00394,2025-12,394,"Ethylene Cracker Project at Bina Refinery including downstream Petrochemical Plants
and expansion of Refinery",MinistryofPetroleumNaturalGas,709798,-,-,Madhya Pradesh,05/2023,05/2023,05/2028,05/2028,43367,43367,2592.6,18,"Ethylene Cracker Project at Bina Refinery including downstream Petrochemical Plants
and expansion of Refinery
(MinistryofPetroleumNaturalGas)
(709798)","05/2023
(05/2023)","05/2028
(05/2028)","43367
(43367)",SRC-2025-12,07f56e5457c63192ae7b5b4036f975f7eb058a3364a25a87cdc6ce2369082401,64,63,All Ongoing Projects,6,pdfplumber_table,twelve_month_gate2:0.1.0,"pdf_page_index=64,table_index=logical8,row_index=25"
OBS-202512-00395,2025-12,395,"500 KTA PDHPP Project, Usar",Ministry of Petroleum & Natural Gas,400168,-,-,Maharashtra,04/2021,04/2021,04/2025,06/2026,8797,11256,7371.46,88,"500 KTA PDHPP Project, Usar
(Ministry of Petroleum & Natural Gas)
(400168)","04/2021
(04/2021)","04/2025
(06/2026)","8797
(11256)",SRC-2025-12,07f56e5457c63192ae7b5b4036f975f7eb058a3364a25a87cdc6ce2369082401,64,63,All Ongoing Projects,6,pdfplumber_table,twelve_month_gate2:0.1.0,"pdf_page_index=64,table_index=logical8,row_index=26"
OBS-202512-00396,2025-12,396,Lube Modernization & Bottom Upgradation Project at Mumbai Refinery,Ministry of Petroleum and Natural Gas,616933,-,-,Maharashtra,12/2024,12/2024,03/2028,03/2028,4679,4679,222.44,7,"Lube Modernization & Bottom Upgradation Project at Mumbai Refinery
(Ministry of Petroleum and Natural Gas)
(616933)","12/2024
(12/2024)","03/2028
(03/2028)","4679
(4679)",SRC-2025-12,07f56e5457c63192ae7b5b4036f975f7eb058a3364a25a87cdc6ce2369082401,64,63,All Ongoing Projects,6,pdfplumber_table,twelve_month_gate2:0.1.0,"pdf_page_index=64,table_index=logical8,row_index=27"
OBS-202512-00397,2025-12,397,HP TDAE Unit in Mumbai Refinery,Hindustan Petroleum Corporation Limited,709760,-,-,Maharashtra,06/2024,06/2024,04/2026,04/2026,240,240,77.58,70,"HP TDAE Unit in Mumbai Refinery
(Hindustan Petroleum Corporation Limited)
(709760)","06/2024
(06/2024)","04/2026
(04/2026)","240
(240)",SRC-2025-12,07f56e5457c63192ae7b5b4036f975f7eb058a3364a25a87cdc6ce2369082401,64,63,All Ongoing Projects,6,pdfplumber_table,twelve_month_gate2:0.1.0,"pdf_page_index=64,table_index=logical8,row_index=28"
OBS-202512-00398,2025-12,398,"City Gas Distribution Project at Beed, Jalgaon and Jalna Districts",MinistryofPetroleumNaturalGas,709771,-,-,Maharashtra,03/2022,03/2022,09/2031,09/2031,865,865,74.35,3,"City Gas Distribution Project at Beed, Jalgaon and Jalna Districts
(MinistryofPetroleumNaturalGas)
(709771)","03/2022
(03/2022)","09/2031
(09/2031)","865
(865)",SRC-2025-12,07f56e5457c63192ae7b5b4036f975f7eb058a3364a25a87cdc6ce2369082401,64,63,All Ongoing Projects,6,pdfplumber_table,twelve_month_gate2:0.1.0,"pdf_page_index=64,table_index=logical8,row_index=29"
OBS-202512-00399,2025-12,399,Construction of Additional Tankages and Allied Facilities at JNPT Terminal,MinistryofPetroleumNaturalGas,709780,-,-,Maharashtra,04/2022,04/2022,08/2026,08/2026,341.43,436.14,293.12,55,"Construction of Additional Tankages and Allied Facilities at JNPT Terminal
(MinistryofPetroleumNaturalGas)
(709780)","04/2022
(04/2022)","08/2026
(08/2026)","341.43
(436.14)",SRC-2025-12,07f56e5457c63192ae7b5b4036f975f7eb058a3364a25a87cdc6ce2369082401,65,64,All Ongoing Projects,6,pdfplumber_table,twelve_month_gate2:0.1.0,"pdf_page_index=65,table_index=logical8,row_index=1"
OBS-202512-00400,2025-12,400,ATF Pipeline from Jawaharlal Nehru Port Trust to Navi Mumbai International Airport,Indian Oil Corporation Limited [IOCL],709782,-,-,Maharashtra,08/2022,08/2022,08/2025,03/2026,165,165,96.61,83,"ATF Pipeline from Jawaharlal Nehru Port Trust to Navi Mumbai International Airport
(Indian Oil Corporation Limited [IOCL])
(709782)","08/2022
(08/2022)","08/2025
(03/2026)","165
(165)",SRC-2025-12,07f56e5457c63192ae7b5b4036f975f7eb058a3364a25a87cdc6ce2369082401,65,64,All Ongoing Projects,6,pdfplumber_table,twelve_month_gate2:0.1.0,"pdf_page_index=65,table_index=logical8,row_index=2"
OBS-202512-00401,2025-12,401,Installation of Independent De- Aromatized Solvents [DAS] production facilities at MR,Bharat Petroleum Corporation Limited [BPCL],709789,-,-,Maharashtra,03/2023,03/2023,07/2025,02/2026,405,343,244.2,97,"Installation of Independent De- Aromatized Solvents [DAS] production facilities at MR
(Bharat Petroleum Corporation Limited [BPCL])
(709789)","03/2023
(03/2023)","07/2025
(02/2026)","405
(343)",SRC-2025-12,07f56e5457c63192ae7b5b4036f975f7eb058a3364a25a87cdc6ce2369082401,65,64,All Ongoing Projects,6,pdfplumber_table,twelve_month_gate2:0.1.0,"pdf_page_index=65,table_index=logical8,row_index=3"
OBS-202512-00402,2025-12,402,POL & LOBS Installations with Receipt Pipelines at Rasayani,Bharat Petroleum Corporation Limited [BPCL],709797,-,-,Maharashtra,05/2023,05/2023,05/2026,05/2026,2585,2585,936.03,80,"POL & LOBS Installations with Receipt Pipelines at Rasayani
(Bharat Petroleum Corporation Limited [BPCL])
(709797)","05/2023
(05/2023)","05/2026
(05/2026)","2585
(2585)",SRC-2025-12,07f56e5457c63192ae7b5b4036f975f7eb058a3364a25a87cdc6ce2369082401,65,64,All Ongoing Projects,6,pdfplumber_table,twelve_month_gate2:0.1.0,"pdf_page_index=65,table_index=logical8,row_index=4"
OBS-202512-00403,2025-12,403,Part Replacement Pipeline Project [PRPP],Oil and Natural Gas Corporation Limited [ONGC],709846,-,-,Maharashtra,11/2022,11/2022,05/2024,01/2026,1219.48,1145.1,745,90,"Part Replacement Pipeline Project [PRPP]
(Oil and Natural Gas Corporation Limited [ONGC])
(709846)","11/2022
(11/2022)","05/2024
(01/2026)","1219.48
(1145.1)",SRC-2025-12,07f56e5457c63192ae7b5b4036f975f7eb058a3364a25a87cdc6ce2369082401,65,64,All Ongoing Projects,6,pdfplumber_table,twelve_month_gate2:0.1.0,"pdf_page_index=65,table_index=logical8,row_index=5"
OBS-202512-00404,2025-12,404,Visakh Raipur Pipeline Project,Ministry of Petroleum and Natural Gas,616254,-,-,"Multi-States
(Andhra Pradesh,
Chhattisgarh,
Odisha)",09/2024,09/2024,09/2027,09/2027,2212,2212,127.64,21,"Visakh Raipur Pipeline Project
(Ministry of Petroleum and Natural Gas)
(616254)","09/2024
(09/2024)","09/2027
(09/2027)","2212
(2212)",SRC-2025-12,07f56e5457c63192ae7b5b4036f975f7eb058a3364a25a87cdc6ce2369082401,65,64,All Ongoing Projects,6,pdfplumber_table,twelve_month_gate2:0.1.0,"pdf_page_index=65,table_index=logical8,row_index=6"
OBS-202512-00405,2025-12,405,North East Gas Grid,Ministry of Petroleum & Natural Gas,701346,-,-,"Multi-States
(Arunachal
Pradesh, Assam,
Manipur,
Meghalaya,
Mizoram,
Nagaland, Sikkim,
Tripura, West
Bengal)",04/2020,04/2020,03/2024,03/2026,9265,9265,6622,86,"North East Gas Grid
(Ministry of Petroleum & Natural Gas)
(701346)","04/2020
(04/2020)","03/2024
(03/2026)","9265
(9265)",SRC-2025-12,07f56e5457c63192ae7b5b4036f975f7eb058a3364a25a87cdc6ce2369082401,65,64,All Ongoing Projects,6,pdfplumber_table,twelve_month_gate2:0.1.0,"pdf_page_index=65,table_index=logical8,row_index=7"
OBS-202512-00406,2025-12,406,"Pipeline Rehabilitation Project, Phase-II",Ministry of Petroleum & Natural Gas,617827,-,-,"Multi-States
(Assam, Bihar,
West Bengal)",12/2024,12/2024,12/2029,12/2029,680,680,2.32,17,"Pipeline Rehabilitation Project, Phase-II
(Ministry of Petroleum & Natural Gas)
(617827)","12/2024
(12/2024)","12/2029
(12/2029)","680
(680)",SRC-2025-12,07f56e5457c63192ae7b5b4036f975f7eb058a3364a25a87cdc6ce2369082401,65,64,All Ongoing Projects,6,pdfplumber_table,twelve_month_gate2:0.1.0,"pdf_page_index=65,table_index=logical8,row_index=8"
OBS-202512-00407,2025-12,407,"Upgradation of Facilities of Numaligarh-Siliguri Product Pipeline [NSPL] for
transportation of additional products from existing 1.72 MMTPA to 5.5 MMTPA",Ministry of Petroleum & Natural Gas,701350,-,-,"Multi-States
(Assam, West
Bengal)",06/2021,06/2021,12/2024,03/2026,860,860,636.92,99,"Upgradation of Facilities of Numaligarh-Siliguri Product Pipeline [NSPL] for
transportation of additional products from existing 1.72 MMTPA to 5.5 MMTPA
(Ministry of Petroleum & Natural Gas)
(701350)","06/2021
(06/2021)","12/2024
(03/2026)","860
(860)",SRC-2025-12,07f56e5457c63192ae7b5b4036f975f7eb058a3364a25a87cdc6ce2369082401,65,64,All Ongoing Projects,6,pdfplumber_table,twelve_month_gate2:0.1.0,"pdf_page_index=65,table_index=logical8,row_index=9"
OBS-202512-00408,2025-12,408,"CGD Project in Banka, Dumka, Godda, Jamtara, Pakur, Sahibganj GA ID 11A.02",Hindustan Petroleum Corporation Limited,709757,-,-,"Multi-States
(Bihar, Jharkhand)",06/2022,06/2022,06/2030,06/2030,1377,1377,350.62,32,"CGD Project in Banka, Dumka, Godda, Jamtara, Pakur, Sahibganj GA ID 11A.02
(Hindustan Petroleum Corporation Limited)
(709757)","06/2022
(06/2022)","06/2030
(06/2030)","1377
(1377)",SRC-2025-12,07f56e5457c63192ae7b5b4036f975f7eb058a3364a25a87cdc6ce2369082401,65,64,All Ongoing Projects,6,pdfplumber_table,twelve_month_gate2:0.1.0,"pdf_page_index=65,table_index=logical8,row_index=10"
OBS-202512-00409,2025-12,409,Mumbai Nagpur Jharsuguda Pipeline Project,Ministry of Petroleum & Natural Gas,701354,-,-,"Multi-States
(Chhattisgarh,
Madhya Pradesh,
Maharashtra,
Odisha)",06/2020,06/2020,05/2023,02/2026,7844.25,8255,6857.3,97,"Mumbai Nagpur Jharsuguda Pipeline Project
(Ministry of Petroleum & Natural Gas)
(701354)","06/2020
(06/2020)","05/2023
(02/2026)","7844.25
(8255)",SRC-2025-12,07f56e5457c63192ae7b5b4036f975f7eb058a3364a25a87cdc6ce2369082401,65,64,All Ongoing Projects,6,pdfplumber_table,twelve_month_gate2:0.1.0,"pdf_page_index=65,table_index=logical8,row_index=11"
OBS-202512-00410,2025-12,410,Mehsana-Bhatinda & Bhatinda-Jammu Natural Gas Pipeline,Ministry of Petroleum & Natural Gas,701330,-,-,"Multi-States
(Gujarat, Haryana,
Punjab,
Rajasthan)",07/2011,07/2011,06/2024,03/2026,7392,7392,6336.9,90,"Mehsana-Bhatinda & Bhatinda-Jammu Natural Gas Pipeline
(Ministry of Petroleum & Natural Gas)
(701330)","07/2011
(07/2011)","06/2024
(03/2026)","7392
(7392)",SRC-2025-12,07f56e5457c63192ae7b5b4036f975f7eb058a3364a25a87cdc6ce2369082401,65,64,All Ongoing Projects,6,pdfplumber_table,twelve_month_gate2:0.1.0,"pdf_page_index=65,table_index=logical8,row_index=12"
OBS-202512-00411,2025-12,411,Gurdaspur Jammu Pipeline,Gas Authority of India Limited [GAIL],612853,-,-,"Multi-States
(Jammu and
Kashmir, Punjab)",07/2023,07/2023,07/2026,07/2026,521.9,521.9,249.7,43,"Gurdaspur Jammu Pipeline
(Gas Authority of India Limited [GAIL])
(612853)","07/2023
(07/2023)","07/2026
(07/2026)","521.9
(521.9)",SRC-2025-12,07f56e5457c63192ae7b5b4036f975f7eb058a3364a25a87cdc6ce2369082401,65,64,All Ongoing Projects,6,pdfplumber_table,twelve_month_gate2:0.1.0,"pdf_page_index=65,table_index=logical8,row_index=13"
OBS-202512-00412,2025-12,412,Kochi - Koottanad - Bangalore - Mangalore Pipeline Phase-II,Ministry of Petroleum & Natural Gas,701228,-,-,"Multi-States
(Karnataka,
Kerala, Tamil
Nadu)",06/2009,06/2009,12/2012,03/2026,2915,5909,4548.29,95,"Kochi - Koottanad - Bangalore - Mangalore Pipeline Phase-II
(Ministry of Petroleum & Natural Gas)
(701228)","06/2009
(06/2009)","12/2012
(03/2026)","2915
(5909)",SRC-2025-12,07f56e5457c63192ae7b5b4036f975f7eb058a3364a25a87cdc6ce2369082401,65,64,All Ongoing Projects,6,pdfplumber_table,twelve_month_gate2:0.1.0,"pdf_page_index=65,table_index=logical8,row_index=14"
OBS-202512-00413,2025-12,413,City Gas Distribution Maharashtra Natural Gas Limited,Ministry of Petroleum & Natural Gas,701338,-,-,"Multi-States
(Karnataka,
Maharashtra)",01/2006,01/2006,06/2031,06/2031,5535,5535,4037.28,0,"City Gas Distribution Maharashtra Natural Gas Limited
(Ministry of Petroleum & Natural Gas)
(701338)","01/2006
(01/2006)","06/2031
(06/2031)","5535
(5535)",SRC-2025-12,07f56e5457c63192ae7b5b4036f975f7eb058a3364a25a87cdc6ce2369082401,65,64,All Ongoing Projects,6,pdfplumber_table,twelve_month_gate2:0.1.0,"pdf_page_index=65,table_index=logical8,row_index=15"
OBS-202512-00414,2025-12,414,Dhamra Haldia Pipeline Project,Ministry of Petroleum & Natural Gas,701344,-,-,"Multi-States
(Odisha, West
Bengal)",03/2020,03/2020,11/2022,03/2026,1030.65,1125,885.2,91,"Dhamra Haldia Pipeline Project
(Ministry of Petroleum & Natural Gas)
(701344)","03/2020
(03/2020)","11/2022
(03/2026)","1030.65
(1125)",SRC-2025-12,07f56e5457c63192ae7b5b4036f975f7eb058a3364a25a87cdc6ce2369082401,65,64,All Ongoing Projects,6,pdfplumber_table,twelve_month_gate2:0.1.0,"pdf_page_index=65,table_index=logical8,row_index=16"
OBS-202512-00415,2025-12,415,"City Gas Distribution Projects at Fazilka [except area already authorized], Ganganagar
and Hanumangarh districts",Bharat Petroleum Corporation Limited [BPCL],709794,-,-,"Multi-States
(Punjab,
Rajasthan)",12/2022,12/2022,06/2030,06/2030,3207,3207,377.38,27,"City Gas Distribution Projects at Fazilka [except area already authorized], Ganganagar
and Hanumangarh districts
(Bharat Petroleum Corporation Limited [BPCL])
(709794)","12/2022
(12/2022)","06/2030
(06/2030)","3207
(3207)",SRC-2025-12,07f56e5457c63192ae7b5b4036f975f7eb058a3364a25a87cdc6ce2369082401,65,64,All Ongoing Projects,6,pdfplumber_table,twelve_month_gate2:0.1.0,"pdf_page_index=65,table_index=logical8,row_index=17"
OBS-202512-00416,2025-12,416,"Augmentation/ Revamping of Dimapur Depot, Dimapur",MinistryofPetroleumNaturalGas,709786,-,-,Nagaland,08/2023,08/2023,11/2027,11/2027,227.62,227.62,15.85,28,"Augmentation/ Revamping of Dimapur Depot, Dimapur
(MinistryofPetroleumNaturalGas)
(709786)","08/2023
(08/2023)","11/2027
(11/2027)","227.62
(227.62)",SRC-2025-12,07f56e5457c63192ae7b5b4036f975f7eb058a3364a25a87cdc6ce2369082401,65,64,All Ongoing Projects,6,pdfplumber_table,twelve_month_gate2:0.1.0,"pdf_page_index=65,table_index=logical8,row_index=18"
OBS-202512-00417,2025-12,417,"Integrated Para Xylene [PX] and Purified Terephthalic Acid [PTA] Project at Paradip
Refinery",Ministry of Petroleum & Natural Gas,604859,-,-,Odisha,07/2020,07/2020,01/2024,08/2026,13805,11783,8613.21,92,"Integrated Para Xylene [PX] and Purified Terephthalic Acid [PTA] Project at Paradip
Refinery
(Ministry of Petroleum & Natural Gas)
(604859)","07/2020
(07/2020)","01/2024
(08/2026)","13805
(11783)",SRC-2025-12,07f56e5457c63192ae7b5b4036f975f7eb058a3364a25a87cdc6ce2369082401,65,64,All Ongoing Projects,6,pdfplumber_table,twelve_month_gate2:0.1.0,"pdf_page_index=65,table_index=logical8,row_index=19"
OBS-202512-00418,2025-12,418,"City Gas Distribution [CGD] Project in Gajapati, Kandhamal, Boudh, & Sonepur GA",GAIL Gas,617818,-,-,Odisha,02/2022,02/2022,02/2030,02/2030,514.91,514.91,19.92,4,"City Gas Distribution [CGD] Project in Gajapati, Kandhamal, Boudh, & Sonepur GA
(GAIL Gas)
(617818)","02/2022
(02/2022)","02/2030
(02/2030)","514.91
(514.91)",SRC-2025-12,07f56e5457c63192ae7b5b4036f975f7eb058a3364a25a87cdc6ce2369082401,65,64,All Ongoing Projects,6,pdfplumber_table,twelve_month_gate2:0.1.0,"pdf_page_index=65,table_index=logical8,row_index=20"
OBS-202512-00419,2025-12,419,"CUF POL Depot at Sadashibpur [Meramundali], Odisha",MinistryofPetroleumNaturalGas,709800,-,-,Odisha,04/2021,04/2021,03/2026,03/2026,393.54,393.54,153.37,54,"CUF POL Depot at Sadashibpur [Meramundali], Odisha
(MinistryofPetroleumNaturalGas)
(709800)","04/2021
(04/2021)","03/2026
(03/2026)","393.54
(393.54)",SRC-2025-12,07f56e5457c63192ae7b5b4036f975f7eb058a3364a25a87cdc6ce2369082401,65,64,All Ongoing Projects,6,pdfplumber_table,twelve_month_gate2:0.1.0,"pdf_page_index=65,table_index=logical8,row_index=21"
OBS-202512-00420,2025-12,420,Life Extension of 48 well platforms of Mumbai High & Heera Fields,Oil and Natural Gas Corporation Limited [ONGC],400119,-,-,Offshore,12/2015,12/2015,04/2018,03/2026,3190.69,3375.9,3123.2,90,"Life Extension of 48 well platforms of Mumbai High & Heera Fields
(Oil and Natural Gas Corporation Limited [ONGC])
(400119)","12/2015
(12/2015)","04/2018
(03/2026)","3190.69
(3375.9)",SRC-2025-12,07f56e5457c63192ae7b5b4036f975f7eb058a3364a25a87cdc6ce2369082401,65,64,All Ongoing Projects,6,pdfplumber_table,twelve_month_gate2:0.1.0,"pdf_page_index=65,table_index=logical8,row_index=22"
OBS-202512-00421,2025-12,421,PRP-VIII [Group-A],Ministry of Petroleum & Natural Gas,616950,-,-,Offshore,09/2024,09/2024,02/2026,05/2026,1486.4,1486.4,394.85,30,"PRP-VIII [Group-A]
(Ministry of Petroleum & Natural Gas)
(616950)","09/2024
(09/2024)","02/2026
(05/2026)","1486.4
(1486.4)",SRC-2025-12,07f56e5457c63192ae7b5b4036f975f7eb058a3364a25a87cdc6ce2369082401,65,64,All Ongoing Projects,6,pdfplumber_table,twelve_month_gate2:0.1.0,"pdf_page_index=65,table_index=logical8,row_index=23"
OBS-202512-00422,2025-12,422,Daman Upside Development Project,Oil and Natural Gas Corporation Limited [ONGC],709839,-,-,Offshore,06/2022,06/2022,10/2025,02/2026,4144.41,6406.9,4833.7,93,"Daman Upside Development Project
(Oil and Natural Gas Corporation Limited [ONGC])
(709839)","06/2022
(06/2022)","10/2025
(02/2026)","4144.41
(6406.9)",SRC-2025-12,07f56e5457c63192ae7b5b4036f975f7eb058a3364a25a87cdc6ce2369082401,65,64,All Ongoing Projects,6,pdfplumber_table,twelve_month_gate2:0.1.0,"pdf_page_index=65,table_index=logical8,row_index=24"
OBS-202512-00423,2025-12,423,MHN TCPP PGC BGC Project [MTPBP],Ministry of Petroleum & Natural Gas,709848,-,-,Offshore,06/2022,06/2022,05/2026,05/2026,2329.45,2354.23,1148.9,66,"MHN TCPP PGC BGC Project [MTPBP]
(Ministry of Petroleum & Natural Gas)
(709848)","06/2022
(06/2022)","05/2026
(05/2026)","2329.45
(2354.23)",SRC-2025-12,07f56e5457c63192ae7b5b4036f975f7eb058a3364a25a87cdc6ce2369082401,65,64,All Ongoing Projects,6,pdfplumber_table,twelve_month_gate2:0.1.0,"pdf_page_index=65,table_index=logical8,row_index=25"
OBS-202512-00424,2025-12,424,PRP-VIII Group B [NH & BS Asset],Ministry of Petroleum & Natural Gas,709849,-,-,Offshore,06/2024,06/2024,02/2026,05/2026,2379.84,3165.53,2115.21,77,"PRP-VIII Group B [NH & BS Asset]
(Ministry of Petroleum & Natural Gas)
(709849)","06/2024
(06/2024)","02/2026
(05/2026)","2379.84
(3165.53)",SRC-2025-12,07f56e5457c63192ae7b5b4036f975f7eb058a3364a25a87cdc6ce2369082401,65,64,All Ongoing Projects,6,pdfplumber_table,twelve_month_gate2:0.1.0,"pdf_page_index=65,table_index=logical8,row_index=26"
OBS-202512-00425,2025-12,425,Integrated Development of 4 Contract Areas under DSF-II,Ministry of Petroleum & Natural Gas,709851,-,-,Offshore,05/2023,05/2023,04/2027,04/2027,6183.79,6183.79,895.56,28,"Integrated Development of 4 Contract Areas under DSF-II
(Ministry of Petroleum & Natural Gas)
(709851)","05/2023
(05/2023)","04/2027
(04/2027)","6183.79
(6183.79)",SRC-2025-12,07f56e5457c63192ae7b5b4036f975f7eb058a3364a25a87cdc6ce2369082401,65,64,All Ongoing Projects,6,pdfplumber_table,twelve_month_gate2:0.1.0,"pdf_page_index=65,table_index=logical8,row_index=27"
OBS-202512-00426,2025-12,426,2G Ethanol Biorefinery at Bathinda,Hindustan Petroleum Corporation Limited [HPCL],400171,-,-,Punjab,05/2020,05/2020,02/2023,03/2026,1421.46,1421.46,1218.24,95,"2G Ethanol Biorefinery at Bathinda
(Hindustan Petroleum Corporation Limited [HPCL])
(400171)","05/2020
(05/2020)","02/2023
(03/2026)","1421.46
(1421.46)",SRC-2025-12,07f56e5457c63192ae7b5b4036f975f7eb058a3364a25a87cdc6ce2369082401,66,65,All Ongoing Projects,6,pdfplumber_table,twelve_month_gate2:0.1.0,"pdf_page_index=66,table_index=logical8,row_index=1"
OBS-202512-00427,2025-12,427,City Gas Distribution Project at Pathankot District,MinistryofPetroleumNaturalGas,709770,-,-,Punjab,03/2022,03/2022,09/2033,09/2033,151,151,8.81,2,"City Gas Distribution Project at Pathankot District
(MinistryofPetroleumNaturalGas)
(709770)","03/2022
(03/2022)","09/2033
(09/2033)","151
(151)",SRC-2025-12,07f56e5457c63192ae7b5b4036f975f7eb058a3364a25a87cdc6ce2369082401,66,65,All Ongoing Projects,6,pdfplumber_table,twelve_month_gate2:0.1.0,"pdf_page_index=66,table_index=logical8,row_index=2"
OBS-202512-00428,2025-12,428,CBR 9 MMTPA Project,Chennai Petroleum Corporation Limited [CPCL],604795,-,-,Tamil Nadu,09/2021,09/2021,06/2025,10/2028,31580,36354,1404.61,10,"CBR 9 MMTPA Project
(Chennai Petroleum Corporation Limited [CPCL])
(604795)","09/2021
(09/2021)","06/2025
(10/2028)","31580
(36354)",SRC-2025-12,07f56e5457c63192ae7b5b4036f975f7eb058a3364a25a87cdc6ce2369082401,66,65,All Ongoing Projects,6,pdfplumber_table,twelve_month_gate2:0.1.0,"pdf_page_index=66,table_index=logical8,row_index=3"
OBS-202512-00429,2025-12,429,"Laying of new 28 inch Desal Water Pipeline and 10 inch Reject Water Pipeline
between CPCL Manali Refinery and CPCL Desalination plant at Ennore",Chennai Petroleum Corporation Limited [CPCL],709750,-,-,Tamil Nadu,01/2024,01/2024,09/2025,12/2026,205,205,76.2,53,"Laying of new 28 inch Desal Water Pipeline and 10 inch Reject Water Pipeline
between CPCL Manali Refinery and CPCL Desalination plant at Ennore
(Chennai Petroleum Corporation Limited [CPCL])
(709750)","01/2024
(01/2024)","09/2025
(12/2026)","205
(205)",SRC-2025-12,07f56e5457c63192ae7b5b4036f975f7eb058a3364a25a87cdc6ce2369082401,66,65,All Ongoing Projects,6,pdfplumber_table,twelve_month_gate2:0.1.0,"pdf_page_index=66,table_index=logical8,row_index=4"
OBS-202512-00430,2025-12,430,City Gas Distribution Projects at the Nilgiris and Erode districts,Bharat Petroleum Corporation Limited [BPCL],709796,-,-,Tamil Nadu,12/2022,12/2022,03/2030,03/2030,3685,3685,261.81,22,"City Gas Distribution Projects at the Nilgiris and Erode districts
(Bharat Petroleum Corporation Limited [BPCL])
(709796)","12/2022
(12/2022)","03/2030
(03/2030)","3685
(3685)",SRC-2025-12,07f56e5457c63192ae7b5b4036f975f7eb058a3364a25a87cdc6ce2369082401,66,65,All Ongoing Projects,6,pdfplumber_table,twelve_month_gate2:0.1.0,"pdf_page_index=66,table_index=logical8,row_index=5"
OBS-202512-00431,2025-12,431,"ATF Pipeline from BPCLs Malkapur POL Installation to Hyderabad International
airport",MinistryofPetroleumNaturalGas,617822,-,-,Telangana,03/2025,03/2025,09/2027,-,215,215,38.16,17,"ATF Pipeline from BPCLs Malkapur POL Installation to Hyderabad International
airport
(MinistryofPetroleumNaturalGas)
(617822)","03/2025
(03/2025)","09/2027
(-)","215
(215)",SRC-2025-12,07f56e5457c63192ae7b5b4036f975f7eb058a3364a25a87cdc6ce2369082401,66,65,All Ongoing Projects,6,pdfplumber_table,twelve_month_gate2:0.1.0,"pdf_page_index=66,table_index=logical8,row_index=6"
OBS-202512-00432,2025-12,432,"Creation of Gas Dehydration Facilities, Tripura Asset",Oil and Natural Gas Corporation Limited [ONGC],709837,-,-,Tripura,03/2022,03/2022,05/2024,05/2026,209.33,131.51,71.95,66,"Creation of Gas Dehydration Facilities, Tripura Asset
(Oil and Natural Gas Corporation Limited [ONGC])
(709837)","03/2022
(03/2022)","05/2024
(05/2026)","209.33
(131.51)",SRC-2025-12,07f56e5457c63192ae7b5b4036f975f7eb058a3364a25a87cdc6ce2369082401,66,65,All Ongoing Projects,6,pdfplumber_table,twelve_month_gate2:0.1.0,"pdf_page_index=66,table_index=logical8,row_index=7"
OBS-202512-00433,2025-12,433,"PP Project, Pata",Gas Authority of India Limited [GAIL],400161,-,-,Uttar Pradesh,03/2019,03/2019,01/2024,12/2026,910.56,1299.02,1066,99,"PP Project, Pata
(Gas Authority of India Limited [GAIL])
(400161)","03/2019
(03/2019)","01/2024
(12/2026)","910.56
(1299.02)",SRC-2025-12,07f56e5457c63192ae7b5b4036f975f7eb058a3364a25a87cdc6ce2369082401,66,65,All Ongoing Projects,6,pdfplumber_table,twelve_month_gate2:0.1.0,"pdf_page_index=66,table_index=logical8,row_index=8"
OBS-202512-00434,2025-12,434,Revamping / Augmentation of Facilities at Mathura Bitumen Plant,MinistryofPetroleumNaturalGas,709781,-,-,Uttar Pradesh,04/2022,04/2022,06/2027,12/2026,260.12,260.12,10.51,36,"Revamping / Augmentation of Facilities at Mathura Bitumen Plant
(MinistryofPetroleumNaturalGas)
(709781)","04/2022
(04/2022)","06/2027
(12/2026)","260.12
(260.12)",SRC-2025-12,07f56e5457c63192ae7b5b4036f975f7eb058a3364a25a87cdc6ce2369082401,66,65,All Ongoing Projects,6,pdfplumber_table,twelve_month_gate2:0.1.0,"pdf_page_index=66,table_index=logical8,row_index=9"
OBS-202512-00435,2025-12,435,"City Gas Distribution Projects at Lakhimpur Kheri , Sitapur, Bahraich,
Shravasti,Balrampur, Siddharth Nagar & Maharajganj districts",Bharat Petroleum Corporation Limited [BPCL],709795,-,-,Uttar Pradesh,12/2022,12/2022,06/2030,06/2030,16654,16654,642.18,13,"City Gas Distribution Projects at Lakhimpur Kheri , Sitapur, Bahraich,
Shravasti,Balrampur, Siddharth Nagar & Maharajganj districts
(Bharat Petroleum Corporation Limited [BPCL])
(709795)","12/2022
(12/2022)","06/2030
(06/2030)","16654
(16654)",SRC-2025-12,07f56e5457c63192ae7b5b4036f975f7eb058a3364a25a87cdc6ce2369082401,66,65,All Ongoing Projects,6,pdfplumber_table,twelve_month_gate2:0.1.0,"pdf_page_index=66,table_index=logical8,row_index=10"
OBS-202512-00436,2025-12,436,Durgapur - Haldia Pipeline [Section-3B of JHBDPL Project],Ministry of Petroleum & Natural Gas,617302,-,-,West Bengal,03/2017,03/2017,12/2020,03/2026,1740,2493.15,2314.2,93,"Durgapur - Haldia Pipeline [Section-3B of JHBDPL Project]
(Ministry of Petroleum & Natural Gas)
(617302)","03/2017
(03/2017)","12/2020
(03/2026)","1740
(2493.15)",SRC-2025-12,07f56e5457c63192ae7b5b4036f975f7eb058a3364a25a87cdc6ce2369082401,66,65,All Ongoing Projects,6,pdfplumber_table,twelve_month_gate2:0.1.0,"pdf_page_index=66,table_index=logical8,row_index=11"
OBS-202512-00437,2025-12,437,Siliguri-Jhapa Pipeline Project,Indian Oil Corporation Limited (IOCL),617828,-,-,West Bengal,09/2024,09/2024,03/2029,03/2029,267,267,1.37,8,"Siliguri-Jhapa Pipeline Project
(Indian Oil Corporation Limited (IOCL))
(617828)","09/2024
(09/2024)","03/2029
(03/2029)","267
(267)",SRC-2025-12,07f56e5457c63192ae7b5b4036f975f7eb058a3364a25a87cdc6ce2369082401,66,65,All Ongoing Projects,6,pdfplumber_table,twelve_month_gate2:0.1.0,"pdf_page_index=66,table_index=logical8,row_index=12"
OBS-202512-00438,2025-12,438,Siliguri Marketing Terminal [SMT] Capacity Augmentation Project,Ministry of Petroleum & Natural Gas,617837,-,-,West Bengal,11/2021,11/2021,12/2025,09/2026,484,484,293.69,82,"Siliguri Marketing Terminal [SMT] Capacity Augmentation Project
(Ministry of Petroleum & Natural Gas)
(617837)","11/2021
(11/2021)","12/2025
(09/2026)","484
(484)",SRC-2025-12,07f56e5457c63192ae7b5b4036f975f7eb058a3364a25a87cdc6ce2369082401,66,65,All Ongoing Projects,6,pdfplumber_table,twelve_month_gate2:0.1.0,"pdf_page_index=66,table_index=logical8,row_index=13"
OBS-202512-00439,2025-12,439,Haldia Panagarh Pipeline Project,Hindustan Petroleum Corporation Limited,709753,-,-,West Bengal,11/2022,11/2022,11/2025,05/2026,1010,1107,718.12,89,"Haldia Panagarh Pipeline Project
(Hindustan Petroleum Corporation Limited)
(709753)","11/2022
(11/2022)","11/2025
(05/2026)","1010
(1107)",SRC-2025-12,07f56e5457c63192ae7b5b4036f975f7eb058a3364a25a87cdc6ce2369082401,66,65,All Ongoing Projects,6,pdfplumber_table,twelve_month_gate2:0.1.0,"pdf_page_index=66,table_index=logical8,row_index=14"
OBS-202512-00440,2025-12,440,"CGD Project in Malda, Birbhum, Murshidabad, Dakshin Dinajpur GA ID 11A.03",Hindustan Petroleum Corporation Limited,709758,-,-,West Bengal,06/2022,06/2022,06/2030,06/2030,2628,2628,355.85,31,"CGD Project in Malda, Birbhum, Murshidabad, Dakshin Dinajpur GA ID 11A.03
(Hindustan Petroleum Corporation Limited)
(709758)","06/2022
(06/2022)","06/2030
(06/2030)","2628
(2628)",SRC-2025-12,07f56e5457c63192ae7b5b4036f975f7eb058a3364a25a87cdc6ce2369082401,66,65,All Ongoing Projects,6,pdfplumber_table,twelve_month_gate2:0.1.0,"pdf_page_index=66,table_index=logical8,row_index=15"
OBS-202512-00441,2025-12,441,"City Gas Distribution Project at East Mednipore, West Mednipore & Jhargram Districts",MinistryofPetroleumNaturalGas,709772,-,-,West Bengal,03/2022,03/2022,06/2031,06/2031,609,609,59.3,2,"City Gas Distribution Project at East Mednipore, West Mednipore & Jhargram Districts
(MinistryofPetroleumNaturalGas)
(709772)","03/2022
(03/2022)","06/2031
(06/2031)","609
(609)",SRC-2025-12,07f56e5457c63192ae7b5b4036f975f7eb058a3364a25a87cdc6ce2369082401,66,65,All Ongoing Projects,6,pdfplumber_table,twelve_month_gate2:0.1.0,"pdf_page_index=66,table_index=logical8,row_index=16"
OBS-202512-00442,2025-12,442,City Gas Distribution Projects at Alipurduar and Cooch Behar,Bharat Petroleum Corporation Limited [BPCL],709791,-,-,West Bengal,12/2022,12/2022,03/2030,03/2030,1017,1017,211.59,40,"City Gas Distribution Projects at Alipurduar and Cooch Behar
(Bharat Petroleum Corporation Limited [BPCL])
(709791)","12/2022
(12/2022)","03/2030
(03/2030)","1017
(1017)",SRC-2025-12,07f56e5457c63192ae7b5b4036f975f7eb058a3364a25a87cdc6ce2369082401,66,65,All Ongoing Projects,6,pdfplumber_table,twelve_month_gate2:0.1.0,"pdf_page_index=66,table_index=logical8,row_index=17"
OBS-202512-00443,2025-12,443,AIIMS Darbhanga,PMSSY AND Institute of NATIONAL Importance,701172,-,-,Bihar,NA,09/2020,09/2024,-,1264,1264,0,0,"AIIMS Darbhanga
(PMSSY AND Institute of NATIONAL Importance)
(701172)","NA
(09/2020)","09/2024
(-)","1264
(1264)",SRC-2025-12,07f56e5457c63192ae7b5b4036f975f7eb058a3364a25a87cdc6ce2369082401,66,65,All Ongoing Projects,6,pdfplumber_table,twelve_month_gate2:0.1.0,"pdf_page_index=66,table_index=logical8,row_index=21"
OBS-202512-00444,2025-12,444,"Setting up IT Infrastructure including Network Security and Hosting at AIIMS, New
Delhi",PMSSY AND Institute of NATIONAL Importance,617882,-,-,Delhi,09/2025,09/2025,09/2026,-,358.19,358.19,0,0,"Setting up IT Infrastructure including Network Security and Hosting at AIIMS, New
Delhi
(PMSSY AND Institute of NATIONAL Importance)
(617882)","09/2025
(09/2025)","09/2026
(-)","358.19
(358.19)",SRC-2025-12,07f56e5457c63192ae7b5b4036f975f7eb058a3364a25a87cdc6ce2369082401,66,65,All Ongoing Projects,6,pdfplumber_table,twelve_month_gate2:0.1.0,"pdf_page_index=66,table_index=logical8,row_index=22"
OBS-202512-00445,2025-12,445,"Redevelopment of Residential colonies at Ayur Vigyan Nagar and West Ansari Nagar
campuses of AIIMS, New Delhi",PMSSY AND Institute of NATIONAL Importance,617883,-,-,Delhi,10/2016,06/2022,06/2027,-,4441,4441,24.68,61,"Redevelopment of Residential colonies at Ayur Vigyan Nagar and West Ansari Nagar
campuses of AIIMS, New Delhi
(PMSSY AND Institute of NATIONAL Importance)
(617883)","10/2016
(06/2022)","06/2027
(-)","4441
(4441)",SRC-2025-12,07f56e5457c63192ae7b5b4036f975f7eb058a3364a25a87cdc6ce2369082401,66,65,All Ongoing Projects,6,pdfplumber_table,twelve_month_gate2:0.1.0,"pdf_page_index=66,table_index=logical8,row_index=23"
OBS-202512-00446,2025-12,446,AIIMS Rajkot,PMSSY AND Institute of NATIONAL Importance,701170,-,-,Gujarat,01/2019,01/2019,03/2026,03/2026,1195,1195,774.6,93,"AIIMS Rajkot
(PMSSY AND Institute of NATIONAL Importance)
(701170)","01/2019
(01/2019)","03/2026
(03/2026)","1195
(1195)",SRC-2025-12,07f56e5457c63192ae7b5b4036f975f7eb058a3364a25a87cdc6ce2369082401,66,65,All Ongoing Projects,6,pdfplumber_table,twelve_month_gate2:0.1.0,"pdf_page_index=66,table_index=logical8,row_index=24"
OBS-202512-00447,2025-12,447,AIIMS Majra Rewari Haryana,PMSSY AND Institute of NATIONAL Importance,701173,-,-,Haryana,02/2019,02/2019,12/2026,12/2026,1299,1646.43,479.98,45,"AIIMS Majra Rewari Haryana
(PMSSY AND Institute of NATIONAL Importance)
(701173)","02/2019
(02/2019)","12/2026
(12/2026)","1299
(1646.43)",SRC-2025-12,07f56e5457c63192ae7b5b4036f975f7eb058a3364a25a87cdc6ce2369082401,66,65,All Ongoing Projects,6,pdfplumber_table,twelve_month_gate2:0.1.0,"pdf_page_index=66,table_index=logical8,row_index=25"
OBS-202512-00448,2025-12,448,AIIMS Kashmir at Awantipora Jammu & Kashmir,PMSSY AND Institute of NATIONAL Importance,701167,-,-,"Jammu and
Kashmir",01/2019,03/2019,12/2025,06/2026,1828,2160.84,1491.97,72,"AIIMS Kashmir at Awantipora Jammu & Kashmir
(PMSSY AND Institute of NATIONAL Importance)
(701167)","01/2019
(03/2019)","12/2025
(06/2026)","1828
(2160.84)",SRC-2025-12,07f56e5457c63192ae7b5b4036f975f7eb058a3364a25a87cdc6ce2369082401,66,65,All Ongoing Projects,6,pdfplumber_table,twelve_month_gate2:0.1.0,"pdf_page_index=66,table_index=logical8,row_index=26"
OBS-202512-00449,2025-12,449,ALL India Institute of Medical Sciences-AIIMS Madurai,PMSSY AND Institute of NATIONAL Importance,701168,-,-,Tamil Nadu,12/2018,12/2018,08/2022,10/2026,1264,2021.51,366.59,43,"ALL India Institute of Medical Sciences-AIIMS Madurai
(PMSSY AND Institute of NATIONAL Importance)
(701168)","12/2018
(12/2018)","08/2022
(10/2026)","1264
(2021.51)",SRC-2025-12,07f56e5457c63192ae7b5b4036f975f7eb058a3364a25a87cdc6ce2369082401,66,65,All Ongoing Projects,6,pdfplumber_table,twelve_month_gate2:0.1.0,"pdf_page_index=66,table_index=logical8,row_index=27"
OBS-202512-00450,2025-12,450,AIIMS Bibinagar,PMSSY AND Institute of NATIONAL Importance,701171,-,-,Telangana,12/2018,07/2022,06/2026,06/2026,1028,1365.95,939.72,86,"AIIMS Bibinagar
(PMSSY AND Institute of NATIONAL Importance)
(701171)","12/2018
(07/2022)","06/2026
(06/2026)","1028
(1365.95)",SRC-2025-12,07f56e5457c63192ae7b5b4036f975f7eb058a3364a25a87cdc6ce2369082401,66,65,All Ongoing Projects,6,pdfplumber_table,twelve_month_gate2:0.1.0,"pdf_page_index=66,table_index=logical8,row_index=28"
OBS-202512-00451,2025-12,451,"Construction of 350 beds + 50 Super Specialty beds ESIC Hospital Sheelanagar,
Visakhapatnam, Andhra Pradesh",Employee's State Insurance Company [ESIC],612167,-,-,Andhra Pradesh,02/2021,04/2023,10/2025,03/2026,384.27,384.27,167.37,70,"Construction of 350 beds + 50 Super Specialty beds ESIC Hospital Sheelanagar,
Visakhapatnam, Andhra Pradesh
(Employee's State Insurance Company [ESIC])
(612167)","02/2021
(04/2023)","10/2025
(03/2026)","384.27
(384.27)",SRC-2025-12,07f56e5457c63192ae7b5b4036f975f7eb058a3364a25a87cdc6ce2369082401,66,65,All Ongoing Projects,6,pdfplumber_table,twelve_month_gate2:0.1.0,"pdf_page_index=66,table_index=logical8,row_index=32"
OBS-202512-00452,2025-12,452,"Construction of 200 bedded ESIC Hospital with 62 Nos Staff quarters , Beltola",Employee's State Insurance Company [ESIC],612201,-,-,Assam,12/2017,10/2021,04/2025,02/2026,143.23,154.75,116.08,96,"Construction of 200 bedded ESIC Hospital with 62 Nos Staff quarters , Beltola
(Employee's State Insurance Company [ESIC])
(612201)","12/2017
(10/2021)","04/2025
(02/2026)","143.23
(154.75)",SRC-2025-12,07f56e5457c63192ae7b5b4036f975f7eb058a3364a25a87cdc6ce2369082401,67,66,All Ongoing Projects,6,pdfplumber_table,twelve_month_gate2:0.1.0,"pdf_page_index=67,table_index=logical8,row_index=1"
OBS-202512-00453,2025-12,453,"C/o Construction of 200 bedded [Up-gradable to 300 bedded] ESI Hospital at Surat
Gujarat.",Employee's State Insurance Company [ESIC],612185,-,-,Gujarat,06/2019,03/2021,06/2025,01/2026,209.36,209.36,202.62,99,"C/o Construction of 200 bedded [Up-gradable to 300 bedded] ESI Hospital at Surat
Gujarat.
(Employee's State Insurance Company [ESIC])
(612185)","06/2019
(03/2021)","06/2025
(01/2026)","209.36
(209.36)",SRC-2025-12,07f56e5457c63192ae7b5b4036f975f7eb058a3364a25a87cdc6ce2369082401,67,66,All Ongoing Projects,6,pdfplumber_table,twelve_month_gate2:0.1.0,"pdf_page_index=67,table_index=logical8,row_index=2"
OBS-202512-00454,2025-12,454,350 Bedded [Upgradable to 500 beds] ESI Hospital at Sanand,Employee's State Insurance Company [ESIC],612186,-,-,Gujarat,06/2022,04/2023,03/2026,05/2027,558.12,558.12,63.62,15,"350 Bedded [Upgradable to 500 beds] ESI Hospital at Sanand
(Employee's State Insurance Company [ESIC])
(612186)","06/2022
(04/2023)","03/2026
(05/2027)","558.12
(558.12)",SRC-2025-12,07f56e5457c63192ae7b5b4036f975f7eb058a3364a25a87cdc6ce2369082401,67,66,All Ongoing Projects,6,pdfplumber_table,twelve_month_gate2:0.1.0,"pdf_page_index=67,table_index=logical8,row_index=3"
OBS-202512-00455,2025-12,455,"Demolition, Construction and upgradation of ESI Hospital, Kalol, Gujarat from 50 beds
to 150 beds.",Employee's State Insurance Company [ESIC],612211,-,-,Gujarat,08/2022,10/2023,10/2025,06/2026,205.87,205.87,24.06,20,"Demolition, Construction and upgradation of ESI Hospital, Kalol, Gujarat from 50 beds
to 150 beds.
(Employee's State Insurance Company [ESIC])
(612211)","08/2022
(10/2023)","10/2025
(06/2026)","205.87
(205.87)",SRC-2025-12,07f56e5457c63192ae7b5b4036f975f7eb058a3364a25a87cdc6ce2369082401,67,66,All Ongoing Projects,6,pdfplumber_table,twelve_month_gate2:0.1.0,"pdf_page_index=67,table_index=logical8,row_index=4"
OBS-202512-00456,2025-12,456,"Construction of 200 bed ESI Hospital at Bommasandra, Karnataka",Employee's State Insurance Company [ESIC],612745,-,-,Karnataka,02/2015,10/2024,01/2027,05/2027,278,278,228.61,19,"Construction of 200 bed ESI Hospital at Bommasandra, Karnataka
(Employee's State Insurance Company [ESIC])
(612745)","02/2015
(10/2024)","01/2027
(05/2027)","278
(278)",SRC-2025-12,07f56e5457c63192ae7b5b4036f975f7eb058a3364a25a87cdc6ce2369082401,67,66,All Ongoing Projects,6,pdfplumber_table,twelve_month_gate2:0.1.0,"pdf_page_index=67,table_index=logical8,row_index=5"
OBS-202512-00457,2025-12,457,"Construction of 100 bed ESI Hospital and Staff Quarters [32 Nos.] at Harohalli,
Karnataka",Employee's State Insurance Company [ESIC],612748,-,-,Karnataka,07/2019,03/2025,02/2027,-,150.92,150.92,6.76,10,"Construction of 100 bed ESI Hospital and Staff Quarters [32 Nos.] at Harohalli,
Karnataka
(Employee's State Insurance Company [ESIC])
(612748)","07/2019
(03/2025)","02/2027
(-)","150.92
(150.92)",SRC-2025-12,07f56e5457c63192ae7b5b4036f975f7eb058a3364a25a87cdc6ce2369082401,67,66,All Ongoing Projects,6,pdfplumber_table,twelve_month_gate2:0.1.0,"pdf_page_index=67,table_index=logical8,row_index=6"
OBS-202512-00458,2025-12,458,"Construction of 200 Bedded [Upgradable to 500 Bedded including 50 beds of SST]
ESIC Hospital at Bibewadi, Pune",Employee's State Insurance Company [ESIC],612188,-,-,Maharashtra,05/2018,03/2023,09/2025,02/2026,429.25,429.25,282.09,70,"Construction of 200 Bedded [Upgradable to 500 Bedded including 50 beds of SST]
ESIC Hospital at Bibewadi, Pune
(Employee's State Insurance Company [ESIC])
(612188)","05/2018
(03/2023)","09/2025
(02/2026)","429.25
(429.25)",SRC-2025-12,07f56e5457c63192ae7b5b4036f975f7eb058a3364a25a87cdc6ce2369082401,67,66,All Ongoing Projects,6,pdfplumber_table,twelve_month_gate2:0.1.0,"pdf_page_index=67,table_index=logical8,row_index=7"
OBS-202512-00459,2025-12,459,"Construction of 200 Bedded ESIC Hospital at Butibori, Nagpur, Maharashtra.",Employee's State Insurance Company [ESIC],612213,-,-,Maharashtra,10/2013,08/2022,08/2025,09/2026,194.93,196.7,114.39,62,"Construction of 200 Bedded ESIC Hospital at Butibori, Nagpur, Maharashtra.
(Employee's State Insurance Company [ESIC])
(612213)","10/2013
(08/2022)","08/2025
(09/2026)","194.93
(196.7)",SRC-2025-12,07f56e5457c63192ae7b5b4036f975f7eb058a3364a25a87cdc6ce2369082401,67,66,All Ongoing Projects,6,pdfplumber_table,twelve_month_gate2:0.1.0,"pdf_page_index=67,table_index=logical8,row_index=8"
OBS-202512-00460,2025-12,460,"Upgradation & Extension of ESIC Hospital and Construction of PG Hostel / Staff
Housing for ESIC Hospital at Andheri, Mumbai",Employee's State Insurance Company [ESIC],616691,-,-,Maharashtra,12/2008,06/2009,08/2025,09/2026,260.13,260.13,210.12,89,"Upgradation & Extension of ESIC Hospital and Construction of PG Hostel / Staff
Housing for ESIC Hospital at Andheri, Mumbai
(Employee's State Insurance Company [ESIC])
(616691)","12/2008
(06/2009)","08/2025
(09/2026)","260.13
(260.13)",SRC-2025-12,07f56e5457c63192ae7b5b4036f975f7eb058a3364a25a87cdc6ce2369082401,67,66,All Ongoing Projects,6,pdfplumber_table,twelve_month_gate2:0.1.0,"pdf_page_index=67,table_index=logical8,row_index=9"
OBS-202512-00461,2025-12,461,"Construction of 100 Bedded ESI Hospital at Duburi, Odisha.",Employee's State Insurance Company [ESIC],612513,-,-,Odisha,12/2010,02/2025,06/2027,-,164.6,164.6,16.4,7,"Construction of 100 Bedded ESI Hospital at Duburi, Odisha.
(Employee's State Insurance Company [ESIC])
(612513)","12/2010
(02/2025)","06/2027
(-)","164.6
(164.6)",SRC-2025-12,07f56e5457c63192ae7b5b4036f975f7eb058a3364a25a87cdc6ce2369082401,67,66,All Ongoing Projects,6,pdfplumber_table,twelve_month_gate2:0.1.0,"pdf_page_index=67,table_index=logical8,row_index=10"
OBS-202512-00462,2025-12,462,"Construction of 100 Bedded ESIC Hospital building and 32 Nos Residential Quarters
at Vallam Vadangal, SIPCOT, Sriperumbudur",Employee's State Insurance Company [ESIC],612178,-,-,Tamil Nadu,02/2015,03/2023,06/2025,01/2026,152.95,177.01,107.83,99,"Construction of 100 Bedded ESIC Hospital building and 32 Nos Residential Quarters
at Vallam Vadangal, SIPCOT, Sriperumbudur
(Employee's State Insurance Company [ESIC])
(612178)","02/2015
(03/2023)","06/2025
(01/2026)","152.95
(177.01)",SRC-2025-12,07f56e5457c63192ae7b5b4036f975f7eb058a3364a25a87cdc6ce2369082401,67,66,All Ongoing Projects,6,pdfplumber_table,twelve_month_gate2:0.1.0,"pdf_page_index=67,table_index=logical8,row_index=11"
OBS-202512-00463,2025-12,463,CONSTRUCTION OF 300 BEDDED HOSPITAL AT HARIDWAR,Employee's State Insurance Company [ESIC],612259,-,-,Uttarakhand,02/2021,12/2021,10/2024,03/2026,102.4,297.63,322.55,81,"CONSTRUCTION OF 300 BEDDED HOSPITAL AT HARIDWAR
(Employee's State Insurance Company [ESIC])
(612259)","02/2021
(12/2021)","10/2024
(03/2026)","102.4
(297.63)",SRC-2025-12,07f56e5457c63192ae7b5b4036f975f7eb058a3364a25a87cdc6ce2369082401,67,66,All Ongoing Projects,6,pdfplumber_table,twelve_month_gate2:0.1.0,"pdf_page_index=67,table_index=logical8,row_index=12"
OBS-202512-00464,2025-12,464,"Establishment of 600 bed super specialty hospital with optional development of
Medical college and further expansion on PPP basis.",Mumbai Port Trust [MPT],708662,-,-,Maharashtra,08/2019,01/2022,06/2026,12/2027,693,693,58,11,"Establishment of 600 bed super specialty hospital with optional development of
Medical college and further expansion on PPP basis.
(Mumbai Port Trust [MPT])
(708662)","08/2019
(01/2022)","06/2026
(12/2027)","693
(693)",SRC-2025-12,07f56e5457c63192ae7b5b4036f975f7eb058a3364a25a87cdc6ce2369082401,67,66,All Ongoing Projects,6,pdfplumber_table,twelve_month_gate2:0.1.0,"pdf_page_index=67,table_index=logical8,row_index=16"
OBS-202512-00465,2025-12,465,Jal Marg Vikas Project,Inland Waterways Authority of India [IWAI],701565,-,-,"Multi-States
(Bihar, Jharkhand,
Uttar Pradesh,
West Bengal)",01/2018,02/2018,12/2023,12/2025,5369.18,5061.15,3717.08,75,"Jal Marg Vikas Project
(Inland Waterways Authority of India [IWAI])
(701565)","01/2018
(02/2018)","12/2023
(12/2025)","5369.18
(5061.15)",SRC-2025-12,07f56e5457c63192ae7b5b4036f975f7eb058a3364a25a87cdc6ce2369082401,67,66,All Ongoing Projects,6,pdfplumber_table,twelve_month_gate2:0.1.0,"pdf_page_index=67,table_index=logical8,row_index=19"
OBS-202512-00466,2025-12,466,Fairway Development in West Bengal Farakka - Kahelgaon,Inland Waterways Authority of India [IWAI],611142,-,-,Offshore,01/2018,08/2018,07/2023,04/2024,177,197,383.41,100,"Fairway Development in West Bengal Farakka - Kahelgaon
(Inland Waterways Authority of India [IWAI])
(611142)","01/2018
(08/2018)","07/2023
(04/2024)","177
(197)",SRC-2025-12,07f56e5457c63192ae7b5b4036f975f7eb058a3364a25a87cdc6ce2369082401,67,66,All Ongoing Projects,6,pdfplumber_table,twelve_month_gate2:0.1.0,"pdf_page_index=67,table_index=logical8,row_index=20"
OBS-202512-00467,2025-12,467,"Development of Container Terminal at Tuna-Tekra, Deendayal Port on BOT Basis
Under PPP Mode",Deendayal Port Trust,609424,-,-,Gujarat,10/2022,03/2024,03/2027,-,4243.64,4243.64,963.03,37,"Development of Container Terminal at Tuna-Tekra, Deendayal Port on BOT Basis
Under PPP Mode
(Deendayal Port Trust)
(609424)","10/2022
(03/2024)","03/2027
(-)","4243.64
(4243.64)",SRC-2025-12,07f56e5457c63192ae7b5b4036f975f7eb058a3364a25a87cdc6ce2369082401,67,66,All Ongoing Projects,6,pdfplumber_table,twelve_month_gate2:0.1.0,"pdf_page_index=67,table_index=logical8,row_index=23"
OBS-202512-00468,2025-12,468,Construction of oil jetty No.8 at old kandla through internal resources,Deendayal Port Trust [DPT],701568,-,-,Gujarat,02/2018,02/2021,02/2023,07/2024,100,225.85,186.47,90,"Construction of oil jetty No.8 at old kandla through internal resources
(Deendayal Port Trust [DPT])
(701568)","02/2018
(02/2021)","02/2023
(07/2024)","100
(225.85)",SRC-2025-12,07f56e5457c63192ae7b5b4036f975f7eb058a3364a25a87cdc6ce2369082401,67,66,All Ongoing Projects,6,pdfplumber_table,twelve_month_gate2:0.1.0,"pdf_page_index=67,table_index=logical8,row_index=24"
OBS-202512-00469,2025-12,469,"Replacement and revamping of pipeline projects in oil jetty area, Kandla",Deendayal Port Trust [DPT],701570,-,-,Gujarat,09/2021,09/2021,09/2023,03/2025,171,211.61,137.51,71,"Replacement and revamping of pipeline projects in oil jetty area, Kandla
(Deendayal Port Trust [DPT])
(701570)","09/2021
(09/2021)","09/2023
(03/2025)","171
(211.61)",SRC-2025-12,07f56e5457c63192ae7b5b4036f975f7eb058a3364a25a87cdc6ce2369082401,67,66,All Ongoing Projects,6,pdfplumber_table,twelve_month_gate2:0.1.0,"pdf_page_index=67,table_index=logical8,row_index=25"
OBS-202512-00470,2025-12,470,"Mechanization of Berth No.14 for handling Containers and other cargo on DBFOT
basis - Phase II",New Mangalore Port Authority,617804,-,-,Karnataka,12/2023,06/2024,03/2027,-,153.23,153.23,24,33,"Mechanization of Berth No.14 for handling Containers and other cargo on DBFOT
basis - Phase II
(New Mangalore Port Authority)
(617804)","12/2023
(06/2024)","03/2027
(-)","153.23
(153.23)",SRC-2025-12,07f56e5457c63192ae7b5b4036f975f7eb058a3364a25a87cdc6ce2369082401,67,66,All Ongoing Projects,6,pdfplumber_table,twelve_month_gate2:0.1.0,"pdf_page_index=67,table_index=logical8,row_index=26"
OBS-202512-00471,2025-12,471,Rewas Port Project,Reliance Industries Ltd,400382,-,-,Maharashtra,12/2019,01/2020,03/2023,-,6000,6000,5999.89,88,"Rewas Port Project
(Reliance Industries Ltd)
(400382)","12/2019
(01/2020)","03/2023
(-)","6000
(6000)",SRC-2025-12,07f56e5457c63192ae7b5b4036f975f7eb058a3364a25a87cdc6ce2369082401,67,66,All Ongoing Projects,6,pdfplumber_table,twelve_month_gate2:0.1.0,"pdf_page_index=67,table_index=logical8,row_index=27"
OBS-202512-00472,2025-12,472,Setting up of a Floating Storage and Regasification Unit [FSRU] - Mumbai,Mumbai Port Trust [MPT],701586,-,-,Maharashtra,11/2020,04/2021,11/2026,11/2026,900,900,65,0,"Setting up of a Floating Storage and Regasification Unit [FSRU] - Mumbai
(Mumbai Port Trust [MPT])
(701586)","11/2020
(04/2021)","11/2026
(11/2026)","900
(900)",SRC-2025-12,07f56e5457c63192ae7b5b4036f975f7eb058a3364a25a87cdc6ce2369082401,67,66,All Ongoing Projects,6,pdfplumber_table,twelve_month_gate2:0.1.0,"pdf_page_index=67,table_index=logical8,row_index=28"
OBS-202512-00473,2025-12,473,"Deepening and Optimization of Inner Harbour facilities including development of
Western Dock on BOT basis to handle Cape size vessels",Paradip Port Trust [PPT],701574,-,-,Odisha,05/2022,01/2023,12/2027,10/2028,3004.63,3004.63,1277.52,50,"Deepening and Optimization of Inner Harbour facilities including development of
Western Dock on BOT basis to handle Cape size vessels
(Paradip Port Trust [PPT])
(701574)","05/2022
(01/2023)","12/2027
(10/2028)","3004.63
(3004.63)",SRC-2025-12,07f56e5457c63192ae7b5b4036f975f7eb058a3364a25a87cdc6ce2369082401,67,66,All Ongoing Projects,6,pdfplumber_table,twelve_month_gate2:0.1.0,"pdf_page_index=67,table_index=logical8,row_index=29"
OBS-202512-00474,2025-12,474,Berth No. 2 [previously Berth 3] of HDC Mechanization Project,"Haldia Dock Complex, Syama Prasad Mookerjee Port Authority",701576,-,-,West Bengal,11/2022,03/2023,09/2025,01/2026,298.26,298.26,468.23,99,"Berth No. 2 [previously Berth 3] of HDC Mechanization Project
(Haldia Dock Complex, Syama Prasad Mookerjee Port Authority)
(701576)","11/2022
(03/2023)","09/2025
(01/2026)","298.26
(298.26)",SRC-2025-12,07f56e5457c63192ae7b5b4036f975f7eb058a3364a25a87cdc6ce2369082401,67,66,All Ongoing Projects,6,pdfplumber_table,twelve_month_gate2:0.1.0,"pdf_page_index=67,table_index=logical8,row_index=30"
OBS-202512-00475,2025-12,475,Shalukkhali Liquid Cargo Handling Facility Development Project,"Haldia Dock Complex, Syama Prasad Mookerjee Port Authority",701577,-,-,West Bengal,01/2022,08/2022,08/2025,-,253.65,253.65,9.28,0,"Shalukkhali Liquid Cargo Handling Facility Development Project
(Haldia Dock Complex, Syama Prasad Mookerjee Port Authority)
(701577)","01/2022
(08/2022)","08/2025
(-)","253.65
(253.65)",SRC-2025-12,07f56e5457c63192ae7b5b4036f975f7eb058a3364a25a87cdc6ce2369082401,67,66,All Ongoing Projects,6,pdfplumber_table,twelve_month_gate2:0.1.0,"pdf_page_index=67,table_index=logical8,row_index=31"
OBS-202512-00476,2025-12,476,National Maritime Heritage Complex [NMHC] Phase-I,Indian Port Rail & Ropeway Corporation Ltd. [IPRCL],707215,-,-,Gujarat,02/2019,01/2022,03/2024,03/2026,573,1238.05,545.51,73,"National Maritime Heritage Complex [NMHC] Phase-I
(Indian Port Rail & Ropeway Corporation Ltd. [IPRCL])
(707215)","02/2019
(01/2022)","03/2024
(03/2026)","573
(1238.05)",SRC-2025-12,07f56e5457c63192ae7b5b4036f975f7eb058a3364a25a87cdc6ce2369082401,68,67,All Ongoing Projects,6,pdfplumber_table,twelve_month_gate2:0.1.0,"pdf_page_index=68,table_index=logical8,row_index=2"
OBS-202512-00477,2025-12,477,Capacity expansion of Deposit-14 and 14 NMZ at Kirandul,National Mineral Development Corporation Limited [NMDC],615202,-,-,Chhattisgarh,08/2021,07/2022,12/2028,03/2028,1700,1756.2,155.07,10,"Capacity expansion of Deposit-14 and 14 NMZ at Kirandul
(National Mineral Development Corporation Limited [NMDC])
(615202)","08/2021
(07/2022)","12/2028
(03/2028)","1700
(1756.2)",SRC-2025-12,07f56e5457c63192ae7b5b4036f975f7eb058a3364a25a87cdc6ce2369082401,68,67,All Ongoing Projects,6,pdfplumber_table,twelve_month_gate2:0.1.0,"pdf_page_index=68,table_index=logical8,row_index=6"
OBS-202512-00478,2025-12,478,Replacement of Hot Leveller No.1 of Plate Mill at Bhilai Steel Plant,Steel Authority of India Limited [SAIL],617243,-,-,Chhattisgarh,07/2024,08/2024,07/2026,-,198.62,198.62,34.96,35,"Replacement of Hot Leveller No.1 of Plate Mill at Bhilai Steel Plant
(Steel Authority of India Limited [SAIL])
(617243)","07/2024
(08/2024)","07/2026
(-)","198.62
(198.62)",SRC-2025-12,07f56e5457c63192ae7b5b4036f975f7eb058a3364a25a87cdc6ce2369082401,68,67,All Ongoing Projects,6,pdfplumber_table,twelve_month_gate2:0.1.0,"pdf_page_index=68,table_index=logical8,row_index=9"
OBS-202512-00479,2025-12,479,"Replacement of Converter Vessels, Trunnion Rings, Support System & Installation of
Secondary Emission at Bhilai Steel Plant",Steel Authority of India Limited [SAIL],617255,-,-,Chhattisgarh,10/2023,12/2023,06/2026,-,471.83,471.83,193.97,55,"Replacement of Converter Vessels, Trunnion Rings, Support System & Installation of
Secondary Emission at Bhilai Steel Plant
(Steel Authority of India Limited [SAIL])
(617255)","10/2023
(12/2023)","06/2026
(-)","471.83
(471.83)",SRC-2025-12,07f56e5457c63192ae7b5b4036f975f7eb058a3364a25a87cdc6ce2369082401,68,67,All Ongoing Projects,6,pdfplumber_table,twelve_month_gate2:0.1.0,"pdf_page_index=68,table_index=logical8,row_index=10"
OBS-202512-00480,2025-12,480,Rebuilding of Coke Oven Battery No.7 & 8 at Bhilai Steel Plant,Steel Authority of India Limited [SAIL],617256,-,-,Chhattisgarh,11/2023,01/2024,10/2025,03/2026,884.1,884.1,551.1,83,"Rebuilding of Coke Oven Battery No.7 & 8 at Bhilai Steel Plant
(Steel Authority of India Limited [SAIL])
(617256)","11/2023
(01/2024)","10/2025
(03/2026)","884.1
(884.1)",SRC-2025-12,07f56e5457c63192ae7b5b4036f975f7eb058a3364a25a87cdc6ce2369082401,68,67,All Ongoing Projects,6,pdfplumber_table,twelve_month_gate2:0.1.0,"pdf_page_index=68,table_index=logical8,row_index=11"
OBS-202512-00481,2025-12,481,NMDC Slurry Pipeline Project Phase-1,National Mineral Development Corporation Limited [NMDC],706811,-,-,Chhattisgarh,11/2015,09/2020,06/2023,03/2026,2907,5427,3336.05,90,"NMDC Slurry Pipeline Project Phase-1
(National Mineral Development Corporation Limited [NMDC])
(706811)","11/2015
(09/2020)","06/2023
(03/2026)","2907
(5427)",SRC-2025-12,07f56e5457c63192ae7b5b4036f975f7eb058a3364a25a87cdc6ce2369082401,68,67,All Ongoing Projects,6,pdfplumber_table,twelve_month_gate2:0.1.0,"pdf_page_index=68,table_index=logical8,row_index=12"
OBS-202512-00482,2025-12,482,SCREENING PLANT-III AT KIRANDUL,National Mineral Development Corporation Limited [NMDC],709826,-,-,Chhattisgarh,NA,10/2021,01/2026,-,2718.84,2718.84,1409.87,79,"SCREENING PLANT-III AT KIRANDUL
(National Mineral Development Corporation Limited [NMDC])
(709826)","NA
(10/2021)","01/2026
(-)","2718.84
(2718.84)",SRC-2025-12,07f56e5457c63192ae7b5b4036f975f7eb058a3364a25a87cdc6ce2369082401,68,67,All Ongoing Projects,6,pdfplumber_table,twelve_month_gate2:0.1.0,"pdf_page_index=68,table_index=logical8,row_index=13"
OBS-202512-00483,2025-12,483,CONSTRUCTION OF RESIDENTIAL TOWERS AT BIOM KIRANDUL COMPLEX,National Mineral Development Corporation Limited [NMDC],709827,-,-,Chhattisgarh,NA,10/2022,12/2025,-,349.75,349.75,304.58,96,"CONSTRUCTION OF RESIDENTIAL TOWERS AT BIOM KIRANDUL COMPLEX
(National Mineral Development Corporation Limited [NMDC])
(709827)","NA
(10/2022)","12/2025
(-)","349.75
(349.75)",SRC-2025-12,07f56e5457c63192ae7b5b4036f975f7eb058a3364a25a87cdc6ce2369082401,68,67,All Ongoing Projects,6,pdfplumber_table,twelve_month_gate2:0.1.0,"pdf_page_index=68,table_index=logical8,row_index=14"
OBS-202512-00484,2025-12,484,"New Sinter Plant at BSL, SAIL",Steel Authority of India Limited [SAIL],400174,-,-,Jharkhand,03/2015,10/2015,10/2017,06/2027,1034.01,1752.3,928.97,53,"New Sinter Plant at BSL, SAIL
(Steel Authority of India Limited [SAIL])
(400174)","03/2015
(10/2015)","10/2017
(06/2027)","1034.01
(1752.3)",SRC-2025-12,07f56e5457c63192ae7b5b4036f975f7eb058a3364a25a87cdc6ce2369082401,68,67,All Ongoing Projects,6,pdfplumber_table,twelve_month_gate2:0.1.0,"pdf_page_index=68,table_index=logical8,row_index=15"
OBS-202512-00485,2025-12,485,Replacement of existing Grinders in CRM-I & II at Bokaro Steel Plant,Steel Authority of India Limited [SAIL],617249,-,-,Jharkhand,01/2025,02/2025,01/2027,-,211.94,211.94,21.95,16,"Replacement of existing Grinders in CRM-I & II at Bokaro Steel Plant
(Steel Authority of India Limited [SAIL])
(617249)","01/2025
(02/2025)","01/2027
(-)","211.94
(211.94)",SRC-2025-12,07f56e5457c63192ae7b5b4036f975f7eb058a3364a25a87cdc6ce2369082401,68,67,All Ongoing Projects,6,pdfplumber_table,twelve_month_gate2:0.1.0,"pdf_page_index=68,table_index=logical8,row_index=16"
OBS-202512-00486,2025-12,486,Secondary Emission Control in Converters of SMS-II at Bokaro Steel Plant,Steel Authority of India Limited [SAIL],617250,-,-,Jharkhand,01/2025,02/2025,10/2026,-,207.13,207.13,21.54,12,"Secondary Emission Control in Converters of SMS-II at Bokaro Steel Plant
(Steel Authority of India Limited [SAIL])
(617250)","01/2025
(02/2025)","10/2026
(-)","207.13
(207.13)",SRC-2025-12,07f56e5457c63192ae7b5b4036f975f7eb058a3364a25a87cdc6ce2369082401,68,67,All Ongoing Projects,6,pdfplumber_table,twelve_month_gate2:0.1.0,"pdf_page_index=68,table_index=logical8,row_index=17"
OBS-202512-00487,2025-12,487,Revamping of old sub-systems of Blast Furnace 3 at Bokaro Steel Plant,Steel Authority of India Limited [SAIL],617253,-,-,Jharkhand,08/2023,03/2023,07/2025,11/2025,513.82,513.82,338.22,76,"Revamping of old sub-systems of Blast Furnace 3 at Bokaro Steel Plant
(Steel Authority of India Limited [SAIL])
(617253)","08/2023
(03/2023)","07/2025
(11/2025)","513.82
(513.82)",SRC-2025-12,07f56e5457c63192ae7b5b4036f975f7eb058a3364a25a87cdc6ce2369082401,68,67,All Ongoing Projects,6,pdfplumber_table,twelve_month_gate2:0.1.0,"pdf_page_index=68,table_index=logical8,row_index=18"
OBS-202512-00488,2025-12,488,"Replacement of remaining 04 sets of Battery Cyclones with 04 Nos. of ESPs in Sinter
Plant-1 at Bokaro Steel Plant",Steel Authority of India Limited [SAIL],617254,-,-,Jharkhand,03/2024,04/2024,06/2026,-,260.37,260.37,58.19,27,"Replacement of remaining 04 sets of Battery Cyclones with 04 Nos. of ESPs in Sinter
Plant-1 at Bokaro Steel Plant
(Steel Authority of India Limited [SAIL])
(617254)","03/2024
(04/2024)","06/2026
(-)","260.37
(260.37)",SRC-2025-12,07f56e5457c63192ae7b5b4036f975f7eb058a3364a25a87cdc6ce2369082401,68,67,All Ongoing Projects,6,pdfplumber_table,twelve_month_gate2:0.1.0,"pdf_page_index=68,table_index=logical8,row_index=19"
OBS-202512-00489,2025-12,489,Rebuilding of Coke Oven Battery No.6 at Bokaro Steel Plant,Steel Authority of India Limited [SAIL],617257,-,-,Jharkhand,11/2023,12/2023,11/2026,-,627.31,627.31,190.32,49,"Rebuilding of Coke Oven Battery No.6 at Bokaro Steel Plant
(Steel Authority of India Limited [SAIL])
(617257)","11/2023
(12/2023)","11/2026
(-)","627.31
(627.31)",SRC-2025-12,07f56e5457c63192ae7b5b4036f975f7eb058a3364a25a87cdc6ce2369082401,68,67,All Ongoing Projects,6,pdfplumber_table,twelve_month_gate2:0.1.0,"pdf_page_index=68,table_index=logical8,row_index=20"
OBS-202512-00490,2025-12,490,"Construction of Screening Plant-II for Donimalai and Kumaraswamy Iron Ore Mining
Complex of NMDC Limited at Ballari Dt, Karnataka.",National Mineral Development Corporation Limited [NMDC],400121,-,-,Karnataka,11/2014,06/2024,08/2026,-,1043.63,1043.63,375.39,45,"Construction of Screening Plant-II for Donimalai and Kumaraswamy Iron Ore Mining
Complex of NMDC Limited at Ballari Dt, Karnataka.
(National Mineral Development Corporation Limited [NMDC])
(400121)","11/2014
(06/2024)","08/2026
(-)","1043.63
(1043.63)",SRC-2025-12,07f56e5457c63192ae7b5b4036f975f7eb058a3364a25a87cdc6ce2369082401,68,67,All Ongoing Projects,6,pdfplumber_table,twelve_month_gate2:0.1.0,"pdf_page_index=68,table_index=logical8,row_index=21"
OBS-202512-00491,2025-12,491,Rebuilding of COB 4 at Durgapur Steel Plant,Steel Authority of India Limited [SAIL],612781,-,-,West Bengal,09/2023,09/2023,12/2026,-,916.78,916.78,156.82,26,"Rebuilding of COB 4 at Durgapur Steel Plant
(Steel Authority of India Limited [SAIL])
(612781)","09/2023
(09/2023)","12/2026
(-)","916.78
(916.78)",SRC-2025-12,07f56e5457c63192ae7b5b4036f975f7eb058a3364a25a87cdc6ce2369082401,68,67,All Ongoing Projects,6,pdfplumber_table,twelve_month_gate2:0.1.0,"pdf_page_index=68,table_index=logical8,row_index=22"
OBS-202512-00492,2025-12,492,Installation of New Bar Mill at Durgapur Steel Plant,Steel Authority of India Limited [SAIL],617242,-,-,West Bengal,07/2024,08/2024,06/2027,-,2115.44,2115.44,276.1,41,"Installation of New Bar Mill at Durgapur Steel Plant
(Steel Authority of India Limited [SAIL])
(617242)","07/2024
(08/2024)","06/2027
(-)","2115.44
(2115.44)",SRC-2025-12,07f56e5457c63192ae7b5b4036f975f7eb058a3364a25a87cdc6ce2369082401,68,67,All Ongoing Projects,6,pdfplumber_table,twelve_month_gate2:0.1.0,"pdf_page_index=68,table_index=logical8,row_index=23"
OBS-202512-00493,2025-12,493,Up-gradation of Blast Furnace No. 3 at Durgapur Steel Plant,Steel Authority of India Limited [SAIL],617246,-,-,West Bengal,09/2024,08/2024,06/2026,-,758.09,758.09,129.95,10,"Up-gradation of Blast Furnace No. 3 at Durgapur Steel Plant
(Steel Authority of India Limited [SAIL])
(617246)","09/2024
(08/2024)","06/2026
(-)","758.09
(758.09)",SRC-2025-12,07f56e5457c63192ae7b5b4036f975f7eb058a3364a25a87cdc6ce2369082401,68,67,All Ongoing Projects,6,pdfplumber_table,twelve_month_gate2:0.1.0,"pdf_page_index=68,table_index=logical8,row_index=24"
OBS-202512-00494,2025-12,494,Third Ladle Furnace in Secondary Refinery Unit at IISCO Steel Plant,Steel Authority of India Limited [SAIL],617248,-,-,West Bengal,11/2024,12/2024,07/2026,-,227.96,227.96,45.76,39,"Third Ladle Furnace in Secondary Refinery Unit at IISCO Steel Plant
(Steel Authority of India Limited [SAIL])
(617248)","11/2024
(12/2024)","07/2026
(-)","227.96
(227.96)",SRC-2025-12,07f56e5457c63192ae7b5b4036f975f7eb058a3364a25a87cdc6ce2369082401,68,67,All Ongoing Projects,6,pdfplumber_table,twelve_month_gate2:0.1.0,"pdf_page_index=68,table_index=logical8,row_index=25"
OBS-202512-00495,2025-12,495,Revamping of Air Pollution Control Systems of SP-1 at Durgapur Steel Plant,Steel Authority of India Limited [SAIL],617251,-,-,West Bengal,07/2024,12/2024,05/2026,-,196.4,196.4,14.55,8,"Revamping of Air Pollution Control Systems of SP-1 at Durgapur Steel Plant
(Steel Authority of India Limited [SAIL])
(617251)","07/2024
(12/2024)","05/2026
(-)","196.4
(196.4)",SRC-2025-12,07f56e5457c63192ae7b5b4036f975f7eb058a3364a25a87cdc6ce2369082401,68,67,All Ongoing Projects,6,pdfplumber_table,twelve_month_gate2:0.1.0,"pdf_page_index=68,table_index=logical8,row_index=26"
OBS-202512-00496,2025-12,496,Stamp Charge Battery No.12 Battery Proper at IISCO Steel Plant,Steel Authority of India Limited [SAIL],617338,-,-,West Bengal,01/2025,02/2025,07/2028,-,2518.39,2518.39,229.27,10,"Stamp Charge Battery No.12 Battery Proper at IISCO Steel Plant
(Steel Authority of India Limited [SAIL])
(617338)","01/2025
(02/2025)","07/2028
(-)","2518.39
(2518.39)",SRC-2025-12,07f56e5457c63192ae7b5b4036f975f7eb058a3364a25a87cdc6ce2369082401,68,67,All Ongoing Projects,6,pdfplumber_table,twelve_month_gate2:0.1.0,"pdf_page_index=68,table_index=logical8,row_index=27"
OBS-202512-00497,2025-12,497,Nadikudi - Srikalahasti New Line,South Central Railway [SCR] - II,400298,-,-,Andhra Pradesh,03/2012,12/2016,05/2027,03/2028,2312,5932,2421.35,54,"Nadikudi - Srikalahasti New Line
(South Central Railway [SCR] - II)
(400298)","03/2012
(12/2016)","05/2027
(03/2028)","2312
(5932)",SRC-2025-12,07f56e5457c63192ae7b5b4036f975f7eb058a3364a25a87cdc6ce2369082401,68,67,All Ongoing Projects,6,pdfplumber_table,twelve_month_gate2:0.1.0,"pdf_page_index=68,table_index=logical8,row_index=31"
OBS-202512-00498,2025-12,498,GOOTY-PENDEKALLU DOUBLING 29.225 Km,South Central Railway [SCR] - II,611752,-,-,Andhra Pradesh,03/2023,06/2023,03/2027,03/2027,351.83,351.83,18,25,"GOOTY-PENDEKALLU DOUBLING 29.225 Km
(South Central Railway [SCR] - II)
(611752)","03/2023
(06/2023)","03/2027
(03/2027)","351.83
(351.83)",SRC-2025-12,07f56e5457c63192ae7b5b4036f975f7eb058a3364a25a87cdc6ce2369082401,68,67,All Ongoing Projects,6,pdfplumber_table,twelve_month_gate2:0.1.0,"pdf_page_index=68,table_index=logical8,row_index=32"
OBS-202512-00499,2025-12,499,GUNTAKAL WEST-MALLAPPA GATE RAIL OVER RAIL - ROR TRACK,South Central Railway [SCR] - II,611754,-,-,Andhra Pradesh,07/2023,07/2023,07/2026,-,293.3,293.3,0,0,"GUNTAKAL WEST-MALLAPPA GATE RAIL OVER RAIL - ROR TRACK
(South Central Railway [SCR] - II)
(611754)","07/2023
(07/2023)","07/2026
(-)","293.3
(293.3)",SRC-2025-12,07f56e5457c63192ae7b5b4036f975f7eb058a3364a25a87cdc6ce2369082401,68,67,All Ongoing Projects,6,pdfplumber_table,twelve_month_gate2:0.1.0,"pdf_page_index=68,table_index=logical8,row_index=33"
OBS-202512-00500,2025-12,500,Kurnool - Setting up facilities for coach midlife rehabilitation workshop,WPO/Patna,611927,-,-,Andhra Pradesh,01/2014,10/2017,12/2023,-,560.72,560.72,276.66,65,"Kurnool - Setting up facilities for coach midlife rehabilitation workshop
(WPO/Patna)
(611927)","01/2014
(10/2017)","12/2023
(-)","560.72
(560.72)",SRC-2025-12,07f56e5457c63192ae7b5b4036f975f7eb058a3364a25a87cdc6ce2369082401,68,67,All Ongoing Projects,6,pdfplumber_table,twelve_month_gate2:0.1.0,"pdf_page_index=68,table_index=logical8,row_index=34"
OBS-202512-00501,2025-12,501,"Flyover between Pendurthi and Simhachalam North to avoid surface crossing at
Simhachalam 7.135 km PB 73 of 2023 24 NR",East Coast Railway [ECoR] - II,612827,-,-,Andhra Pradesh,04/2023,05/2024,04/2027,-,183.65,183.65,9.51,11,"Flyover between Pendurthi and Simhachalam North to avoid surface crossing at
Simhachalam 7.135 km PB 73 of 2023 24 NR
(East Coast Railway [ECoR] - II)
(612827)","04/2023
(05/2024)","04/2027
(-)","183.65
(183.65)",SRC-2025-12,07f56e5457c63192ae7b5b4036f975f7eb058a3364a25a87cdc6ce2369082401,69,68,All Ongoing Projects,6,pdfplumber_table,twelve_month_gate2:0.1.0,"pdf_page_index=69,table_index=logical8,row_index=1"
OBS-202512-00502,2025-12,502,"3rd & 4th line between Vadlapudi -Gate Jn. cabin and Tie line between Gate Junction
to Gangavaram port",East Coast Railway [ECoR] - II,616697,-,-,Andhra Pradesh,04/2023,03/2024,06/2026,-,154.28,154.28,27.07,38,"3rd & 4th line between Vadlapudi -Gate Jn. cabin and Tie line between Gate Junction
to Gangavaram port
(East Coast Railway [ECoR] - II)
(616697)","04/2023
(03/2024)","06/2026
(-)","154.28
(154.28)",SRC-2025-12,07f56e5457c63192ae7b5b4036f975f7eb058a3364a25a87cdc6ce2369082401,69,68,All Ongoing Projects,6,pdfplumber_table,twelve_month_gate2:0.1.0,"pdf_page_index=69,table_index=logical8,row_index=2"
OBS-202512-00503,2025-12,503,Tiupati Katpadi 104.39 kms,South Central Railway [SCR] - II,617210,-,-,Andhra Pradesh,04/2025,04/2025,03/2029,-,1215.56,1215.56,0.12,0,"Tiupati Katpadi 104.39 kms
(South Central Railway [SCR] - II)
(617210)","04/2025
(04/2025)","03/2029
(-)","1215.56
(1215.56)",SRC-2025-12,07f56e5457c63192ae7b5b4036f975f7eb058a3364a25a87cdc6ce2369082401,69,68,All Ongoing Projects,6,pdfplumber_table,twelve_month_gate2:0.1.0,"pdf_page_index=69,table_index=logical8,row_index=3"
OBS-202512-00504,2025-12,504,3rd Line between Gudur Renigunta 83.17 Km,South Central Railway [SCR] - II,617216,-,-,Andhra Pradesh,10/2024,10/2024,03/2027,-,877.34,877.34,45.13,0,"3rd Line between Gudur Renigunta 83.17 Km
(South Central Railway [SCR] - II)
(617216)","10/2024
(10/2024)","03/2027
(-)","877.34
(877.34)",SRC-2025-12,07f56e5457c63192ae7b5b4036f975f7eb058a3364a25a87cdc6ce2369082401,69,68,All Ongoing Projects,6,pdfplumber_table,twelve_month_gate2:0.1.0,"pdf_page_index=69,table_index=logical8,row_index=4"
OBS-202512-00505,2025-12,505,Kurnool Coach Midlife Rehabilitation Project,WPO/Patna,705253,-,-,Andhra Pradesh,05/2016,07/2014,12/2020,-,563,563,120,0,"Kurnool Coach Midlife Rehabilitation Project
(WPO/Patna)
(705253)","05/2016
(07/2014)","12/2020
(-)","563
(563)",SRC-2025-12,07f56e5457c63192ae7b5b4036f975f7eb058a3364a25a87cdc6ce2369082401,69,68,All Ongoing Projects,6,pdfplumber_table,twelve_month_gate2:0.1.0,"pdf_page_index=69,table_index=logical8,row_index=5"
OBS-202512-00506,2025-12,506,Kotapalli - Narasapur New Line,South Central Railway [SCR] - II,705436,-,-,Andhra Pradesh,03/2009,09/2013,03/2028,03/2028,2501,2501,1349.09,29,"Kotapalli - Narasapur New Line
(South Central Railway [SCR] - II)
(705436)","03/2009
(09/2013)","03/2028
(03/2028)","2501
(2501)",SRC-2025-12,07f56e5457c63192ae7b5b4036f975f7eb058a3364a25a87cdc6ce2369082401,69,68,All Ongoing Projects,6,pdfplumber_table,twelve_month_gate2:0.1.0,"pdf_page_index=69,table_index=logical8,row_index=6"
OBS-202512-00507,2025-12,507,Guntur-Guntakal Doubling Project,South Central Railway [SCR] - II,705633,-,-,Andhra Pradesh,03/2017,11/2017,12/2025,12/2026,3733,4295,4753.38,93,"Guntur-Guntakal Doubling Project
(South Central Railway [SCR] - II)
(705633)","03/2017
(11/2017)","12/2025
(12/2026)","3733
(4295)",SRC-2025-12,07f56e5457c63192ae7b5b4036f975f7eb058a3364a25a87cdc6ce2369082401,69,68,All Ongoing Projects,6,pdfplumber_table,twelve_month_gate2:0.1.0,"pdf_page_index=69,table_index=logical8,row_index=7"
OBS-202512-00508,2025-12,508,Vijaywada-Gudur 3rd Line,RVNL - II,705648,-,-,Andhra Pradesh,08/2016,04/2018,11/2024,03/2026,6654,6654,6087.52,94,"Vijaywada-Gudur 3rd Line
(RVNL - II)
(705648)","08/2016
(04/2018)","11/2024
(03/2026)","6654
(6654)",SRC-2025-12,07f56e5457c63192ae7b5b4036f975f7eb058a3364a25a87cdc6ce2369082401,69,68,All Ongoing Projects,6,pdfplumber_table,twelve_month_gate2:0.1.0,"pdf_page_index=69,table_index=logical8,row_index=8"
OBS-202512-00509,2025-12,509,Penukonda - Dharmavaram Doubling Project [41.5 Km],South Western Railway [SWR] - II,705789,-,-,Andhra Pradesh,06/2018,12/2018,03/2026,03/2026,307.66,307.66,294.61,87,"Penukonda - Dharmavaram Doubling Project [41.5 Km]
(South Western Railway [SWR] - II)
(705789)","06/2018
(12/2018)","03/2026
(03/2026)","307.66
(307.66)",SRC-2025-12,07f56e5457c63192ae7b5b4036f975f7eb058a3364a25a87cdc6ce2369082401,69,68,All Ongoing Projects,6,pdfplumber_table,twelve_month_gate2:0.1.0,"pdf_page_index=69,table_index=logical8,row_index=9"
OBS-202512-00510,2025-12,510,Furkating-New Tinsukia[194 Km],Northeast Frontier Railway [NFR],618986,-,-,Assam,09/2025,09/2025,06/2029,-,3633.58,3633.58,0,0,"Furkating-New Tinsukia[194 Km]
(Northeast Frontier Railway [NFR])
(618986)","09/2025
(09/2025)","06/2029
(-)","3633.58
(3633.58)",SRC-2025-12,07f56e5457c63192ae7b5b4036f975f7eb058a3364a25a87cdc6ce2369082401,69,68,All Ongoing Projects,6,pdfplumber_table,twelve_month_gate2:0.1.0,"pdf_page_index=69,table_index=logical8,row_index=10"
OBS-202512-00511,2025-12,511,Doubling of New Bonggigaon to Kamakhya via Goalpara - 176 km,Northeast Frontier Railway [NFR],705572,-,-,Assam,09/2016,09/2016,03/2026,03/2026,4060,4961,3739.15,93,"Doubling of New Bonggigaon to Kamakhya via Goalpara - 176 km
(Northeast Frontier Railway [NFR])
(705572)","09/2016
(09/2016)","03/2026
(03/2026)","4060
(4961)",SRC-2025-12,07f56e5457c63192ae7b5b4036f975f7eb058a3364a25a87cdc6ce2369082401,69,68,All Ongoing Projects,6,pdfplumber_table,twelve_month_gate2:0.1.0,"pdf_page_index=69,table_index=logical8,row_index=11"
OBS-202512-00512,2025-12,512,Guwahati-Dibrugarh via Tinsukia & Simaluguri-Dibrugarh,Central Organisation for Railway Electrification [CORE],706922,-,-,Assam,09/2020,09/2018,09/2020,06/2024,890.36,889.36,391.73,89,"Guwahati-Dibrugarh via Tinsukia & Simaluguri-Dibrugarh
(Central Organisation for Railway Electrification [CORE])
(706922)","09/2020
(09/2018)","09/2020
(06/2024)","890.36
(889.36)",SRC-2025-12,07f56e5457c63192ae7b5b4036f975f7eb058a3364a25a87cdc6ce2369082401,69,68,All Ongoing Projects,6,pdfplumber_table,twelve_month_gate2:0.1.0,"pdf_page_index=69,table_index=logical8,row_index=12"
OBS-202512-00513,2025-12,513,"Mariani-Jorhat, Tinsukia-Dangri and Makum -TirapTrack Electrification Project",GM/C/ NFR,706940,-,-,Assam,09/2018,01/2022,05/2024,-,183.99,183.99,0,0,"Mariani-Jorhat, Tinsukia-Dangri and Makum -TirapTrack Electrification Project
(GM/C/ NFR)
(706940)","09/2018
(01/2022)","05/2024
(-)","183.99
(183.99)",SRC-2025-12,07f56e5457c63192ae7b5b4036f975f7eb058a3364a25a87cdc6ce2369082401,69,68,All Ongoing Projects,6,pdfplumber_table,twelve_month_gate2:0.1.0,"pdf_page_index=69,table_index=logical8,row_index=13"
OBS-202512-00514,2025-12,514,Harmuty-Murkongselek Branch Line Electrification Project,GM/C/ NFR,706942,-,-,Assam,09/2018,01/2022,05/2024,-,237.52,237.52,0,0,"Harmuty-Murkongselek Branch Line Electrification Project
(GM/C/ NFR)
(706942)","09/2018
(01/2022)","05/2024
(-)","237.52
(237.52)",SRC-2025-12,07f56e5457c63192ae7b5b4036f975f7eb058a3364a25a87cdc6ce2369082401,69,68,All Ongoing Projects,6,pdfplumber_table,twelve_month_gate2:0.1.0,"pdf_page_index=69,table_index=logical8,row_index=14"
OBS-202512-00515,2025-12,515,Sakri -Hasanpur [via Harnagar - Kusheshwar Asthan] New Railway line,East Central Railway [ECR] - I,400254,-,-,Bihar,12/2023,08/1997,12/2024,03/2027,735.2,735.2,588.68,84,"Sakri -Hasanpur [via Harnagar - Kusheshwar Asthan] New Railway line
(East Central Railway [ECR] - I)
(400254)","12/2023
(08/1997)","12/2024
(03/2027)","735.2
(735.2)",SRC-2025-12,07f56e5457c63192ae7b5b4036f975f7eb058a3364a25a87cdc6ce2369082401,69,68,All Ongoing Projects,6,pdfplumber_table,twelve_month_gate2:0.1.0,"pdf_page_index=69,table_index=logical8,row_index=15"
OBS-202512-00516,2025-12,516,Construction of Bulb line at Nabinagar Ankorah of East Central Railway,East Central Railway [ECR] - I,617231,-,-,Bihar,06/2024,06/2024,06/2028,-,611.74,611.74,0,0,"Construction of Bulb line at Nabinagar Ankorah of East Central Railway
(East Central Railway [ECR] - I)
(617231)","06/2024
(06/2024)","06/2028
(-)","611.74
(611.74)",SRC-2025-12,07f56e5457c63192ae7b5b4036f975f7eb058a3364a25a87cdc6ce2369082401,69,68,All Ongoing Projects,6,pdfplumber_table,twelve_month_gate2:0.1.0,"pdf_page_index=69,table_index=logical8,row_index=16"
OBS-202512-00517,2025-12,517,Khagaria-Kusheshwar Asthan [42Km] new line project,East Central Railway [ECR] - I,705364,-,-,Bihar,04/2019,12/1998,12/2024,03/2027,614,1384.16,490.08,55,"Khagaria-Kusheshwar Asthan [42Km] new line project
(East Central Railway [ECR] - I)
(705364)","04/2019
(12/1998)","12/2024
(03/2027)","614
(1384.16)",SRC-2025-12,07f56e5457c63192ae7b5b4036f975f7eb058a3364a25a87cdc6ce2369082401,69,68,All Ongoing Projects,6,pdfplumber_table,twelve_month_gate2:0.1.0,"pdf_page_index=69,table_index=logical8,row_index=17"
OBS-202512-00518,2025-12,518,Hajipur-Sagauli New line,East Central Railway [ECR] - I,705366,-,-,Bihar,10/2007,10/2004,03/2020,12/2026,2067,2087,2015.07,74,"Hajipur-Sagauli New line
(East Central Railway [ECR] - I)
(705366)","10/2007
(10/2004)","03/2020
(12/2026)","2067
(2087)",SRC-2025-12,07f56e5457c63192ae7b5b4036f975f7eb058a3364a25a87cdc6ce2369082401,69,68,All Ongoing Projects,6,pdfplumber_table,twelve_month_gate2:0.1.0,"pdf_page_index=69,table_index=logical8,row_index=18"
OBS-202512-00519,2025-12,519,Araria Supaul New BG Line,East Central Railway [ECR] - I,705368,-,-,Bihar,06/2018,03/2009,03/2024,01/2027,1605,2514,1611.07,42,"Araria Supaul New BG Line
(East Central Railway [ECR] - I)
(705368)","06/2018
(03/2009)","03/2024
(01/2027)","1605
(2514)",SRC-2025-12,07f56e5457c63192ae7b5b4036f975f7eb058a3364a25a87cdc6ce2369082401,69,68,All Ongoing Projects,6,pdfplumber_table,twelve_month_gate2:0.1.0,"pdf_page_index=69,table_index=logical8,row_index=19"
OBS-202512-00520,2025-12,520,"Fatuha-Islampur incl. MM for extn.of NL from Neora to Daniawan , Daniawan to
Biharsharif, Biharsharif to Barbigha , Barbigha to Shekhpura",East Central Railway [ECR] - I,705373,-,-,Bihar,08/2002,03/2002,03/2023,08/2025,1473,2882,2540.71,95,"Fatuha-Islampur incl. MM for extn.of NL from Neora to Daniawan , Daniawan to
Biharsharif, Biharsharif to Barbigha , Barbigha to Shekhpura
(East Central Railway [ECR] - I)
(705373)","08/2002
(03/2002)","03/2023
(08/2025)","1473
(2882)",SRC-2025-12,07f56e5457c63192ae7b5b4036f975f7eb058a3364a25a87cdc6ce2369082401,69,68,All Ongoing Projects,6,pdfplumber_table,twelve_month_gate2:0.1.0,"pdf_page_index=69,table_index=logical8,row_index=20"
OBS-202512-00521,2025-12,521,Jogbani-Biratnagar New Rail Line project,Indian Railway Construction International Limited [IRCON],705450,-,-,Bihar,06/2010,01/2011,03/2022,12/2026,402,486,368.42,86,"Jogbani-Biratnagar New Rail Line project
(Indian Railway Construction International Limited [IRCON])
(705450)","06/2010
(01/2011)","03/2022
(12/2026)","402
(486)",SRC-2025-12,07f56e5457c63192ae7b5b4036f975f7eb058a3364a25a87cdc6ce2369082401,69,68,All Ongoing Projects,6,pdfplumber_table,twelve_month_gate2:0.1.0,"pdf_page_index=69,table_index=logical8,row_index=21"
OBS-202512-00522,2025-12,522,Samastipur-Darbhanga Doubling Railway Project,East Central Railway [ECR] - I,705526,-,-,Bihar,11/2015,12/2015,03/2025,10/2025,519,519,53629.73,92,"Samastipur-Darbhanga Doubling Railway Project
(East Central Railway [ECR] - I)
(705526)","11/2015
(12/2015)","03/2025
(10/2025)","519
(519)",SRC-2025-12,07f56e5457c63192ae7b5b4036f975f7eb058a3364a25a87cdc6ce2369082401,69,68,All Ongoing Projects,6,pdfplumber_table,twelve_month_gate2:0.1.0,"pdf_page_index=69,table_index=logical8,row_index=22"
OBS-202512-00523,2025-12,523,Sagauli-Valmiknagar,East Central Railway [ECR] - I,705527,-,-,Bihar,03/2018,03/2017,12/2025,12/2025,1216,2222,2083.03,92,"Sagauli-Valmiknagar
(East Central Railway [ECR] - I)
(705527)","03/2018
(03/2017)","12/2025
(12/2025)","1216
(2222)",SRC-2025-12,07f56e5457c63192ae7b5b4036f975f7eb058a3364a25a87cdc6ce2369082401,69,68,All Ongoing Projects,6,pdfplumber_table,twelve_month_gate2:0.1.0,"pdf_page_index=69,table_index=logical8,row_index=23"
OBS-202512-00524,2025-12,524,Muzaffarpur-Sugauli,East Central Railway [ECR] - I,705528,-,-,Bihar,03/2018,03/2017,06/2024,02/2026,1586,1586,1476.13,99,"Muzaffarpur-Sugauli
(East Central Railway [ECR] - I)
(705528)","03/2018
(03/2017)","06/2024
(02/2026)","1586
(1586)",SRC-2025-12,07f56e5457c63192ae7b5b4036f975f7eb058a3364a25a87cdc6ce2369082401,69,68,All Ongoing Projects,6,pdfplumber_table,twelve_month_gate2:0.1.0,"pdf_page_index=69,table_index=logical8,row_index=24"
OBS-202512-00525,2025-12,525,Rampur Dumra-Tal-Rajendrapul Additional Bridge and Railway Line Doubling,Indian Railway Construction International Limited [IRCON],706759,-,-,Bihar,03/2016,05/2017,12/2024,12/2025,2373.64,1700.24,1450.99,98,"Rampur Dumra-Tal-Rajendrapul Additional Bridge and Railway Line Doubling
(Indian Railway Construction International Limited [IRCON])
(706759)","03/2016
(05/2017)","12/2024
(12/2025)","2373.64
(1700.24)",SRC-2025-12,07f56e5457c63192ae7b5b4036f975f7eb058a3364a25a87cdc6ce2369082401,69,68,All Ongoing Projects,6,pdfplumber_table,twelve_month_gate2:0.1.0,"pdf_page_index=69,table_index=logical8,row_index=25"
OBS-202512-00526,2025-12,526,Barauni-Bachwara [16 km] - 3rd & 4th line incl. Barauni yard remodelling [32 km],East Central Railway [ECR] - I,706860,-,-,Bihar,10/2022,08/2025,08/2025,10/2026,645,645,34.45,55,"Barauni-Bachwara [16 km] - 3rd & 4th line incl. Barauni yard remodelling [32 km]
(East Central Railway [ECR] - I)
(706860)","10/2022
(08/2025)","08/2025
(10/2026)","645
(645)",SRC-2025-12,07f56e5457c63192ae7b5b4036f975f7eb058a3364a25a87cdc6ce2369082401,69,68,All Ongoing Projects,6,pdfplumber_table,twelve_month_gate2:0.1.0,"pdf_page_index=69,table_index=logical8,row_index=26"
OBS-202512-00527,2025-12,527,JHAJHA - BATIA,East Central Railway [ECR] - I,900874,-,-,Bihar,03/2023,03/2023,03/2028,01/2030,588.18,588.18,1.19,0,"JHAJHA - BATIA
(East Central Railway [ECR] - I)
(900874)","03/2023
(03/2023)","03/2028
(01/2030)","588.18
(588.18)",SRC-2025-12,07f56e5457c63192ae7b5b4036f975f7eb058a3364a25a87cdc6ce2369082401,69,68,All Ongoing Projects,6,pdfplumber_table,twelve_month_gate2:0.1.0,"pdf_page_index=69,table_index=logical8,row_index=27"
OBS-202512-00528,2025-12,528,Kharsia-Dharamjaygarh with Spur line [East Corridor-Phase 1],Indian Railway Construction International Limited [IRCON],400220,-,-,Chhattisgarh,03/2016,01/2014,09/2018,03/2026,3055,3407.09,2609.75,94,"Kharsia-Dharamjaygarh with Spur line [East Corridor-Phase 1]
(Indian Railway Construction International Limited [IRCON])
(400220)","03/2016
(01/2014)","09/2018
(03/2026)","3055
(3407.09)",SRC-2025-12,07f56e5457c63192ae7b5b4036f975f7eb058a3364a25a87cdc6ce2369082401,69,68,All Ongoing Projects,6,pdfplumber_table,twelve_month_gate2:0.1.0,"pdf_page_index=69,table_index=logical8,row_index=28"
OBS-202512-00529,2025-12,529,Doubling of Kirandul-Jagdalpur Line [150 km],East Coast Railway [ECoR] - II,400291,-,-,Chhattisgarh,02/2013,03/2013,03/2020,12/2025,1589,1798,1592.19,95,"Doubling of Kirandul-Jagdalpur Line [150 km]
(East Coast Railway [ECoR] - II)
(400291)","02/2013
(03/2013)","03/2020
(12/2025)","1589
(1798)",SRC-2025-12,07f56e5457c63192ae7b5b4036f975f7eb058a3364a25a87cdc6ce2369082401,69,68,All Ongoing Projects,6,pdfplumber_table,twelve_month_gate2:0.1.0,"pdf_page_index=69,table_index=logical8,row_index=29"
OBS-202512-00530,2025-12,530,"Gauge Conversion of Kendri-Dhamtari including Abhanpur - Rajim Branch line 67.20
Kms - 2nd Material Modification to Raipur Titlagarh doubling.",SECR,602792,-,-,Chhattisgarh,07/2011,05/2021,02/2025,03/2026,1171,1171,379.64,100,"Gauge Conversion of Kendri-Dhamtari including Abhanpur - Rajim Branch line 67.20
Kms - 2nd Material Modification to Raipur Titlagarh doubling.
(SECR)
(602792)","07/2011
(05/2021)","02/2025
(03/2026)","1171
(1171)",SRC-2025-12,07f56e5457c63192ae7b5b4036f975f7eb058a3364a25a87cdc6ce2369082401,69,68,All Ongoing Projects,6,pdfplumber_table,twelve_month_gate2:0.1.0,"pdf_page_index=69,table_index=logical8,row_index=30"
OBS-202512-00531,2025-12,531,4th line between Nipania Bhatapara 14.4 Km,South East Central Railway [SECR] - II,612815,-,-,Chhattisgarh,12/2022,05/2024,03/2027,-,170.49,170.49,2.11,6,"4th line between Nipania Bhatapara 14.4 Km
(South East Central Railway [SECR] - II)
(612815)","12/2022
(05/2024)","03/2027
(-)","170.49
(170.49)",SRC-2025-12,07f56e5457c63192ae7b5b4036f975f7eb058a3364a25a87cdc6ce2369082401,70,69,All Ongoing Projects,6,pdfplumber_table,twelve_month_gate2:0.1.0,"pdf_page_index=70,table_index=logical8,row_index=1"
OBS-202512-00532,2025-12,532,Dharamjaigarh-Korba 63 km,CERL,613003,-,-,Chhattisgarh,08/2023,07/2022,08/2026,-,1686.26,1686.26,288.83,18.5,"Dharamjaigarh-Korba 63 km
(CERL)
(613003)","08/2023
(07/2022)","08/2026
(-)","1686.26
(1686.26)",SRC-2025-12,07f56e5457c63192ae7b5b4036f975f7eb058a3364a25a87cdc6ce2369082401,70,69,All Ongoing Projects,6,pdfplumber_table,twelve_month_gate2:0.1.0,"pdf_page_index=70,table_index=logical8,row_index=2"
OBS-202512-00533,2025-12,533,KHARSIA- NAYA RAIPUR-PARMALKASA 5th and 6th Line [278KM],CAO/C/SECR,617200,-,-,Chhattisgarh,04/2025,04/2025,03/2031,-,7853.84,7853.84,0,0,"KHARSIA- NAYA RAIPUR-PARMALKASA 5th and 6th Line [278KM]
(CAO/C/SECR)
(617200)","04/2025
(04/2025)","03/2031
(-)","7853.84
(7853.84)",SRC-2025-12,07f56e5457c63192ae7b5b4036f975f7eb058a3364a25a87cdc6ce2369082401,70,69,All Ongoing Projects,6,pdfplumber_table,twelve_month_gate2:0.1.0,"pdf_page_index=70,table_index=logical8,row_index=3"
OBS-202512-00534,2025-12,534,"Dallirajhara - Rowghat New Rail Line Project, Phase-I",Rail Vikas Nigam Limited,617374,-,-,Chhattisgarh,NA,11/2009,03/2025,02/2026,1516.45,1881.26,2063.12,95,"Dallirajhara - Rowghat New Rail Line Project, Phase-I
(Rail Vikas Nigam Limited)
(617374)","NA
(11/2009)","03/2025
(02/2026)","1516.45
(1881.26)",SRC-2025-12,07f56e5457c63192ae7b5b4036f975f7eb058a3364a25a87cdc6ce2369082401,70,69,All Ongoing Projects,6,pdfplumber_table,twelve_month_gate2:0.1.0,"pdf_page_index=70,table_index=logical8,row_index=4"
OBS-202512-00535,2025-12,535,Dallirajhra- Rowghat New Railway Line - Phase I [95 km],Rail Vikas Nigam Limited,705433,-,-,Chhattisgarh,07/2009,12/2009,09/2025,12/2025,1628,1628,1440.85,82,"Dallirajhra- Rowghat New Railway Line - Phase I [95 km]
(Rail Vikas Nigam Limited)
(705433)","07/2009
(12/2009)","09/2025
(12/2025)","1628
(1628)",SRC-2025-12,07f56e5457c63192ae7b5b4036f975f7eb058a3364a25a87cdc6ce2369082401,70,69,All Ongoing Projects,6,pdfplumber_table,twelve_month_gate2:0.1.0,"pdf_page_index=70,table_index=logical8,row_index=5"
OBS-202512-00536,2025-12,536,Gevra Road-Pendra Road New Railway Line [135 km],Indian Railway Construction International Limited [IRCON],705444,-,-,Chhattisgarh,04/2014,04/2014,03/2022,12/2025,4970,7448.52,4797.72,76,"Gevra Road-Pendra Road New Railway Line [135 km]
(Indian Railway Construction International Limited [IRCON])
(705444)","04/2014
(04/2014)","03/2022
(12/2025)","4970
(7448.52)",SRC-2025-12,07f56e5457c63192ae7b5b4036f975f7eb058a3364a25a87cdc6ce2369082401,70,69,All Ongoing Projects,6,pdfplumber_table,twelve_month_gate2:0.1.0,"pdf_page_index=70,table_index=logical8,row_index=6"
OBS-202512-00537,2025-12,537,Boridand - Ambikapur Doubling Line Project,South East Central Railway [SECR] - II,706854,-,-,Chhattisgarh,06/2022,04/2022,06/2030,06/2030,1376,1576.72,155.09,22,"Boridand - Ambikapur Doubling Line Project
(South East Central Railway [SECR] - II)
(706854)","06/2022
(04/2022)","06/2030
(06/2030)","1376
(1576.72)",SRC-2025-12,07f56e5457c63192ae7b5b4036f975f7eb058a3364a25a87cdc6ce2369082401,70,69,All Ongoing Projects,6,pdfplumber_table,twelve_month_gate2:0.1.0,"pdf_page_index=70,table_index=logical8,row_index=7"
OBS-202512-00538,2025-12,538,4TH LINE - BHATAPARA-HATHBAND [8.8 KM] [PB-72/NR/2022-23],SECR,709815,-,-,Chhattisgarh,09/2022,05/2024,01/2027,12/2027,177.03,177.03,0,4,"4TH LINE - BHATAPARA-HATHBAND [8.8 KM] [PB-72/NR/2022-23]
(SECR)
(709815)","09/2022
(05/2024)","01/2027
(12/2027)","177.03
(177.03)",SRC-2025-12,07f56e5457c63192ae7b5b4036f975f7eb058a3364a25a87cdc6ce2369082401,70,69,All Ongoing Projects,6,pdfplumber_table,twelve_month_gate2:0.1.0,"pdf_page_index=70,table_index=logical8,row_index=8"
OBS-202512-00539,2025-12,539,4TH LINE - BHILAI-BHILAI NAGAR [8.8 KM] [PB-72/NR/2022-23],SECR,709816,-,-,Chhattisgarh,09/2022,05/2024,02/2027,02/2027,177.34,177.34,1.66,6,"4TH LINE - BHILAI-BHILAI NAGAR [8.8 KM] [PB-72/NR/2022-23]
(SECR)
(709816)","09/2022
(05/2024)","02/2027
(02/2027)","177.34
(177.34)",SRC-2025-12,07f56e5457c63192ae7b5b4036f975f7eb058a3364a25a87cdc6ce2369082401,70,69,All Ongoing Projects,6,pdfplumber_table,twelve_month_gate2:0.1.0,"pdf_page_index=70,table_index=logical8,row_index=9"
OBS-202512-00540,2025-12,540,4TH LINE - DADHAPARA-BELHA [9.2 KM] [PB-72/NR/2022-23],SECR,709817,-,-,Chhattisgarh,09/2022,05/2024,11/2026,11/2026,169.06,169.06,20.17,62,"4TH LINE - DADHAPARA-BELHA [9.2 KM] [PB-72/NR/2022-23]
(SECR)
(709817)","09/2022
(05/2024)","11/2026
(11/2026)","169.06
(169.06)",SRC-2025-12,07f56e5457c63192ae7b5b4036f975f7eb058a3364a25a87cdc6ce2369082401,70,69,All Ongoing Projects,6,pdfplumber_table,twelve_month_gate2:0.1.0,"pdf_page_index=70,table_index=logical8,row_index=10"
OBS-202512-00541,2025-12,541,4TH LINE RAJNANDGAON-DONGARHGARH [31.2 KM] [PB-72/NR/2022-23],SECR,709818,-,-,Chhattisgarh,09/2022,05/2024,01/2027,01/2027,328.34,328.34,61.96,28,"4TH LINE RAJNANDGAON-DONGARHGARH [31.2 KM] [PB-72/NR/2022-23]
(SECR)
(709818)","09/2022
(05/2024)","01/2027
(01/2027)","328.34
(328.34)",SRC-2025-12,07f56e5457c63192ae7b5b4036f975f7eb058a3364a25a87cdc6ce2369082401,70,69,All Ongoing Projects,6,pdfplumber_table,twelve_month_gate2:0.1.0,"pdf_page_index=70,table_index=logical8,row_index=11"
OBS-202512-00542,2025-12,542,3RD AND 4TH LINE - SARAGBUNDIA AND MADWARANI,SECR,709819,-,-,Chhattisgarh,09/2022,05/2025,12/2026,12/2026,167.64,167.64,0.11,5,"3RD AND 4TH LINE - SARAGBUNDIA AND MADWARANI
(SECR)
(709819)","09/2022
(05/2025)","12/2026
(12/2026)","167.64
(167.64)",SRC-2025-12,07f56e5457c63192ae7b5b4036f975f7eb058a3364a25a87cdc6ce2369082401,70,69,All Ongoing Projects,6,pdfplumber_table,twelve_month_gate2:0.1.0,"pdf_page_index=70,table_index=logical8,row_index=12"
OBS-202512-00543,2025-12,543,"Redevelopment of New Delhi Railway Station and construction of associated
infrastructure",Rail Land Development Authority,613785,-,-,Delhi,01/2023,06/2024,12/2028,-,4744,4744,151.37,2,"Redevelopment of New Delhi Railway Station and construction of associated
infrastructure
(Rail Land Development Authority)
(613785)","01/2023
(06/2024)","12/2028
(-)","4744
(4744)",SRC-2025-12,07f56e5457c63192ae7b5b4036f975f7eb058a3364a25a87cdc6ce2369082401,70,69,All Ongoing Projects,6,pdfplumber_table,twelve_month_gate2:0.1.0,"pdf_page_index=70,table_index=logical8,row_index=13"
OBS-202512-00544,2025-12,544,Development of New Bijwasan Railway Terminal,Northern Railways,617379,-,-,Delhi,02/2008,03/2013,03/2020,12/2026,446.21,446.21,521.74,80,"Development of New Bijwasan Railway Terminal
(Northern Railways)
(617379)","02/2008
(03/2013)","03/2020
(12/2026)","446.21
(446.21)",SRC-2025-12,07f56e5457c63192ae7b5b4036f975f7eb058a3364a25a87cdc6ce2369082401,70,69,All Ongoing Projects,6,pdfplumber_table,twelve_month_gate2:0.1.0,"pdf_page_index=70,table_index=logical8,row_index=14"
OBS-202512-00545,2025-12,545,Anand Vihar-Tilak Bridge 3rd & 4th line,CAO/C/NR,705583,-,-,Delhi,03/2013,03/2013,03/2023,12/2027,667,667,289.26,63,"Anand Vihar-Tilak Bridge 3rd & 4th line
(CAO/C/NR)
(705583)","03/2013
(03/2013)","03/2023
(12/2027)","667
(667)",SRC-2025-12,07f56e5457c63192ae7b5b4036f975f7eb058a3364a25a87cdc6ce2369082401,70,69,All Ongoing Projects,6,pdfplumber_table,twelve_month_gate2:0.1.0,"pdf_page_index=70,table_index=logical8,row_index=15"
OBS-202512-00546,2025-12,546,Kosamba Umarpada 70 Km,PCE/WR,611918,-,-,Gujarat,07/2023,07/2022,03/2027,-,468,468,20.28,8,"Kosamba Umarpada 70 Km
(PCE/WR)
(611918)","07/2023
(07/2022)","03/2027
(-)","468
(468)",SRC-2025-12,07f56e5457c63192ae7b5b4036f975f7eb058a3364a25a87cdc6ce2369082401,70,69,All Ongoing Projects,6,pdfplumber_table,twelve_month_gate2:0.1.0,"pdf_page_index=70,table_index=logical8,row_index=16"
OBS-202512-00547,2025-12,547,New Broad Gauge line between Naliya to Jakhau Port,Western Railway (WR) - II,611943,-,-,Gujarat,02/2023,02/2023,01/2028,01/2028,410.26,410.26,9.27,5,"New Broad Gauge line between Naliya to Jakhau Port
(Western Railway (WR) - II)
(611943)","02/2023
(02/2023)","01/2028
(01/2028)","410.26
(410.26)",SRC-2025-12,07f56e5457c63192ae7b5b4036f975f7eb058a3364a25a87cdc6ce2369082401,70,69,All Ongoing Projects,6,pdfplumber_table,twelve_month_gate2:0.1.0,"pdf_page_index=70,table_index=logical8,row_index=17"
OBS-202512-00548,2025-12,548,"Quadrupling between Gandhidham Adipur with Y connection at Adipur for providing
direct entry towards Mundra Port and Bhuj and high level platform at Gopalpur 11Kms",Western Railway (WR) - II,611944,-,-,Gujarat,02/2023,02/2023,03/2026,01/2026,152.44,152.44,104.58,85,"Quadrupling between Gandhidham Adipur with Y connection at Adipur for providing
direct entry towards Mundra Port and Bhuj and high level platform at Gopalpur 11Kms
(Western Railway (WR) - II)
(611944)","02/2023
(02/2023)","03/2026
(01/2026)","152.44
(152.44)",SRC-2025-12,07f56e5457c63192ae7b5b4036f975f7eb058a3364a25a87cdc6ce2369082401,70,69,All Ongoing Projects,6,pdfplumber_table,twelve_month_gate2:0.1.0,"pdf_page_index=70,table_index=logical8,row_index=18"
OBS-202512-00549,2025-12,549,Petlad Bhadran 23 Kms,Western Railway,611945,-,-,Gujarat,05/2022,05/2022,05/2030,05/2030,307.11,307.11,13.59,17,"Petlad Bhadran 23 Kms
(Western Railway)
(611945)","05/2022
(05/2022)","05/2030
(05/2030)","307.11
(307.11)",SRC-2025-12,07f56e5457c63192ae7b5b4036f975f7eb058a3364a25a87cdc6ce2369082401,70,69,All Ongoing Projects,6,pdfplumber_table,twelve_month_gate2:0.1.0,"pdf_page_index=70,table_index=logical8,row_index=19"
OBS-202512-00550,2025-12,550,Samlaya Timba Road 54 km,PCE/WR,611970,-,-,Gujarat,02/2023,02/2023,03/2030,03/2030,670.17,670.17,45.21,12,"Samlaya Timba Road 54 km
(PCE/WR)
(611970)","02/2023
(02/2023)","03/2030
(03/2030)","670.17
(670.17)",SRC-2025-12,07f56e5457c63192ae7b5b4036f975f7eb058a3364a25a87cdc6ce2369082401,70,69,All Ongoing Projects,6,pdfplumber_table,twelve_month_gate2:0.1.0,"pdf_page_index=70,table_index=logical8,row_index=20"
OBS-202512-00551,2025-12,551,Samni Jambusar 24 km,PCE/WR,611971,-,-,Gujarat,05/2022,05/2022,03/2030,03/2030,350,349.93,67.73,31,"Samni Jambusar 24 km
(PCE/WR)
(611971)","05/2022
(05/2022)","03/2030
(03/2030)","350
(349.93)",SRC-2025-12,07f56e5457c63192ae7b5b4036f975f7eb058a3364a25a87cdc6ce2369082401,70,69,All Ongoing Projects,6,pdfplumber_table,twelve_month_gate2:0.1.0,"pdf_page_index=70,table_index=logical8,row_index=21"
OBS-202512-00552,2025-12,552,Western Railway Samakhiali Gandhidham Quadrupiling 53 Kms,Western Railway (WR) - II,611974,-,-,Gujarat,08/2023,08/2023,12/2026,06/2027,1430,1430,271.82,25,"Western Railway Samakhiali Gandhidham Quadrupiling 53 Kms
(Western Railway (WR) - II)
(611974)","08/2023
(08/2023)","12/2026
(06/2027)","1430
(1430)",SRC-2025-12,07f56e5457c63192ae7b5b4036f975f7eb058a3364a25a87cdc6ce2369082401,70,69,All Ongoing Projects,6,pdfplumber_table,twelve_month_gate2:0.1.0,"pdf_page_index=70,table_index=logical8,row_index=22"
OBS-202512-00553,2025-12,553,"Dahod Creation of Infrastructure facilities for 9000 HP Electric locomotives
Manufacturing at",PCE/WR,611977,-,-,Gujarat,05/2022,02/2023,02/2025,-,487,487,222.88,53,"Dahod Creation of Infrastructure facilities for 9000 HP Electric locomotives
Manufacturing at
(PCE/WR)
(611977)","05/2022
(02/2023)","02/2025
(-)","487
(487)",SRC-2025-12,07f56e5457c63192ae7b5b4036f975f7eb058a3364a25a87cdc6ce2369082401,70,69,All Ongoing Projects,6,pdfplumber_table,twelve_month_gate2:0.1.0,"pdf_page_index=70,table_index=logical8,row_index=23"
OBS-202512-00554,2025-12,554,Dahod Rolling Stock Workshop Provision of Infrastructure for CBS at,PCE/WR,611978,-,-,Gujarat,11/2022,03/2023,03/2025,-,158,158,51.87,10,"Dahod Rolling Stock Workshop Provision of Infrastructure for CBS at
(PCE/WR)
(611978)","11/2022
(03/2023)","03/2025
(-)","158
(158)",SRC-2025-12,07f56e5457c63192ae7b5b4036f975f7eb058a3364a25a87cdc6ce2369082401,70,69,All Ongoing Projects,6,pdfplumber_table,twelve_month_gate2:0.1.0,"pdf_page_index=70,table_index=logical8,row_index=24"
OBS-202512-00555,2025-12,555,Sabarmati Setting up of Maintenance Facilities for Train Sets Phase ii,Western Railway (WR) - II,611979,-,-,Gujarat,01/2023,04/2023,06/2025,03/2026,250,250,110.15,70,"Sabarmati Setting up of Maintenance Facilities for Train Sets Phase ii
(Western Railway (WR) - II)
(611979)","01/2023
(04/2023)","06/2025
(03/2026)","250
(250)",SRC-2025-12,07f56e5457c63192ae7b5b4036f975f7eb058a3364a25a87cdc6ce2369082401,70,69,All Ongoing Projects,6,pdfplumber_table,twelve_month_gate2:0.1.0,"pdf_page_index=70,table_index=logical8,row_index=25"
OBS-202512-00556,2025-12,556,4th LINE BETWEEN BAREJADI NANDEJ-SANAND-AHMEDABAD BYPASS,Western Railway WR - II,612072,-,-,Gujarat,02/2023,02/2023,03/2027,07/2028,961.67,961.67,359.61,18,"4th LINE BETWEEN BAREJADI NANDEJ-SANAND-AHMEDABAD BYPASS
(Western Railway WR - II)
(612072)","02/2023
(02/2023)","03/2027
(07/2028)","961.67
(961.67)",SRC-2025-12,07f56e5457c63192ae7b5b4036f975f7eb058a3364a25a87cdc6ce2369082401,70,69,All Ongoing Projects,6,pdfplumber_table,twelve_month_gate2:0.1.0,"pdf_page_index=70,table_index=logical8,row_index=26"
OBS-202512-00557,2025-12,557,"Redevelopment of Ahmedabad railway station and associated infrastructure on
engineering, procurement and construction mode",Rail Land Development Authority,613786,-,-,Gujarat,01/2023,11/2023,03/2028,-,2379,2379,790.14,23,"Redevelopment of Ahmedabad railway station and associated infrastructure on
engineering, procurement and construction mode
(Rail Land Development Authority)
(613786)","01/2023
(11/2023)","03/2028
(-)","2379
(2379)",SRC-2025-12,07f56e5457c63192ae7b5b4036f975f7eb058a3364a25a87cdc6ce2369082401,70,69,All Ongoing Projects,6,pdfplumber_table,twelve_month_gate2:0.1.0,"pdf_page_index=70,table_index=logical8,row_index=27"
OBS-202512-00558,2025-12,558,Devbhumi Dwarka [Okha] - Kanalus Doubling,Western Railway (WR) - II,618972,-,-,Gujarat,12/2025,12/2025,12/2028,-,1456.77,1456.77,0,0,"Devbhumi Dwarka [Okha] - Kanalus Doubling
(Western Railway (WR) - II)
(618972)","12/2025
(12/2025)","12/2028
(-)","1456.77
(1456.77)",SRC-2025-12,07f56e5457c63192ae7b5b4036f975f7eb058a3364a25a87cdc6ce2369082401,70,69,All Ongoing Projects,6,pdfplumber_table,twelve_month_gate2:0.1.0,"pdf_page_index=70,table_index=logical8,row_index=28"
OBS-202512-00559,2025-12,559,Miyagam-Karjan-Dabhoi-Samlaya [GC],Western Railway [WR] - II,705458,-,-,Gujarat,01/2017,01/2017,03/2021,12/2026,483.88,1039.13,621.62,41,"Miyagam-Karjan-Dabhoi-Samlaya [GC]
(Western Railway [WR] - II)
(705458)","01/2017
(01/2017)","03/2021
(12/2026)","483.88
(1039.13)",SRC-2025-12,07f56e5457c63192ae7b5b4036f975f7eb058a3364a25a87cdc6ce2369082401,70,69,All Ongoing Projects,6,pdfplumber_table,twelve_month_gate2:0.1.0,"pdf_page_index=70,table_index=logical8,row_index=29"
OBS-202512-00560,2025-12,560,Modasa-Shamlaji Road Railway Line Project,Western Railway WR - II,706757,-,-,Gujarat,09/2012,04/2008,03/2025,03/2026,262,262,341.47,63,"Modasa-Shamlaji Road Railway Line Project
(Western Railway WR - II)
(706757)","09/2012
(04/2008)","03/2025
(03/2026)","262
(262)",SRC-2025-12,07f56e5457c63192ae7b5b4036f975f7eb058a3364a25a87cdc6ce2369082401,70,69,All Ongoing Projects,6,pdfplumber_table,twelve_month_gate2:0.1.0,"pdf_page_index=70,table_index=logical8,row_index=30"
OBS-202512-00561,2025-12,561,Rajkot - Kanalus Doubling Project [111.2 Kms],Western Railway WR - II,706763,-,-,Gujarat,10/2021,12/2021,10/2026,10/2026,1080.58,1080.58,829.85,78,"Rajkot - Kanalus Doubling Project [111.2 Kms]
(Western Railway WR - II)
(706763)","10/2021
(12/2021)","10/2026
(10/2026)","1080.58
(1080.58)",SRC-2025-12,07f56e5457c63192ae7b5b4036f975f7eb058a3364a25a87cdc6ce2369082401,71,70,All Ongoing Projects,6,pdfplumber_table,twelve_month_gate2:0.1.0,"pdf_page_index=71,table_index=logical8,row_index=1"
OBS-202512-00562,2025-12,562,NADIAD-PETLAD [37.26 KM],Railway,709812,-,-,Gujarat,05/2022,10/2023,06/2030,06/2030,461.91,461.91,178.31,8,"NADIAD-PETLAD [37.26 KM]
(Railway)
(709812)","05/2022
(10/2023)","06/2030
(06/2030)","461.91
(461.91)",SRC-2025-12,07f56e5457c63192ae7b5b4036f975f7eb058a3364a25a87cdc6ce2369082401,71,70,All Ongoing Projects,6,pdfplumber_table,twelve_month_gate2:0.1.0,"pdf_page_index=71,table_index=logical8,row_index=2"
OBS-202512-00563,2025-12,563,"NEW BG LINE INTERSECTION [5 NOS] BETWEEN GERATPUR-SANAND &
BOTAD-AHMEDABAD [16.51 KM]",Western Railway (WR) - II,709813,-,-,Gujarat,10/2022,07/2025,06/2028,10/2027,437.21,437.21,95.09,19,"NEW BG LINE INTERSECTION [5 NOS] BETWEEN GERATPUR-SANAND &
BOTAD-AHMEDABAD [16.51 KM]
(Western Railway (WR) - II)
(709813)","10/2022
(07/2025)","06/2028
(10/2027)","437.21
(437.21)",SRC-2025-12,07f56e5457c63192ae7b5b4036f975f7eb058a3364a25a87cdc6ce2369082401,71,70,All Ongoing Projects,6,pdfplumber_table,twelve_month_gate2:0.1.0,"pdf_page_index=71,table_index=logical8,row_index=3"
OBS-202512-00564,2025-12,564,Bhiwani - Dobh Bahali Doubling Project [42.30 Km],North Western Railway [NWR],611884,-,-,Haryana,02/2023,02/2023,02/2028,02/2028,471,471,227.35,66,"Bhiwani - Dobh Bahali Doubling Project [42.30 Km]
(North Western Railway [NWR])
(611884)","02/2023
(02/2023)","02/2028
(02/2028)","471
(471)",SRC-2025-12,07f56e5457c63192ae7b5b4036f975f7eb058a3364a25a87cdc6ce2369082401,71,70,All Ongoing Projects,6,pdfplumber_table,twelve_month_gate2:0.1.0,"pdf_page_index=71,table_index=logical8,row_index=4"
OBS-202512-00565,2025-12,565,Doubling between Pradhankunta-Patherih-Bhojudih of East Central Railway,East Central Railway [ECR] - I,617372,-,-,Jharkhand,11/2022,11/2022,12/2025,-,349.22,349.22,115.09,70,"Doubling between Pradhankunta-Patherih-Bhojudih of East Central Railway
(East Central Railway [ECR] - I)
(617372)","11/2022
(11/2022)","12/2025
(-)","349.22
(349.22)",SRC-2025-12,07f56e5457c63192ae7b5b4036f975f7eb058a3364a25a87cdc6ce2369082401,71,70,All Ongoing Projects,6,pdfplumber_table,twelve_month_gate2:0.1.0,"pdf_page_index=71,table_index=logical8,row_index=5"
OBS-202512-00566,2025-12,566,Koderma-Arigada Doubling 133.38 Km of East Central Railway,East Central Railway [ECR] - I,617832,-,-,Jharkhand,06/2025,06/2025,12/2029,-,2887.11,2887.11,0,0,"Koderma-Arigada Doubling 133.38 Km of East Central Railway
(East Central Railway [ECR] - I)
(617832)","06/2025
(06/2025)","12/2029
(-)","2887.11
(2887.11)",SRC-2025-12,07f56e5457c63192ae7b5b4036f975f7eb058a3364a25a87cdc6ce2369082401,71,70,All Ongoing Projects,6,pdfplumber_table,twelve_month_gate2:0.1.0,"pdf_page_index=71,table_index=logical8,row_index=6"
OBS-202512-00567,2025-12,567,Gomoh - Flyover for DN trains,East Central Railway [ECR] - I,705765,-,-,Jharkhand,01/2018,01/2018,03/2026,03/2026,686,686,600.25,65,"Gomoh - Flyover for DN trains
(East Central Railway [ECR] - I)
(705765)","01/2018
(01/2018)","03/2026
(03/2026)","686
(686)",SRC-2025-12,07f56e5457c63192ae7b5b4036f975f7eb058a3364a25a87cdc6ce2369082401,71,70,All Ongoing Projects,6,pdfplumber_table,twelve_month_gate2:0.1.0,"pdf_page_index=71,table_index=logical8,row_index=7"
OBS-202512-00568,2025-12,568,Lodhma - Piska - Link Line bypassing Hatia/Ranchi with Y connection,South Eastern Railway [SER] - I,705785,-,-,Jharkhand,08/2021,03/2019,06/2026,05/2027,473,473,288.75,5,"Lodhma - Piska - Link Line bypassing Hatia/Ranchi with Y connection
(South Eastern Railway [SER] - I)
(705785)","08/2021
(03/2019)","06/2026
(05/2027)","473
(473)",SRC-2025-12,07f56e5457c63192ae7b5b4036f975f7eb058a3364a25a87cdc6ce2369082401,71,70,All Ongoing Projects,6,pdfplumber_table,twelve_month_gate2:0.1.0,"pdf_page_index=71,table_index=logical8,row_index=8"
OBS-202512-00569,2025-12,569,Pradhan Kuntha Jn Line Doubling Project,East Central Railway [ECR] - I,706837,-,-,Jharkhand,11/2022,11/2022,11/2027,11/2027,349.22,349.22,115.09,62,"Pradhan Kuntha Jn Line Doubling Project
(East Central Railway [ECR] - I)
(706837)","11/2022
(11/2022)","11/2027
(11/2027)","349.22
(349.22)",SRC-2025-12,07f56e5457c63192ae7b5b4036f975f7eb058a3364a25a87cdc6ce2369082401,71,70,All Ongoing Projects,6,pdfplumber_table,twelve_month_gate2:0.1.0,"pdf_page_index=71,table_index=logical8,row_index=9"
OBS-202512-00570,2025-12,570,Construction of New BG line between Hassan to Belur [27 Km],South Western Railway [SWR] - II,400023,-,-,Karnataka,03/2019,12/2025,04/2028,04/2027,749,749,0,0,"Construction of New BG line between Hassan to Belur [27 Km]
(South Western Railway [SWR] - II)
(400023)","03/2019
(12/2025)","04/2028
(04/2027)","749
(749)",SRC-2025-12,07f56e5457c63192ae7b5b4036f975f7eb058a3364a25a87cdc6ce2369082401,71,70,All Ongoing Projects,6,pdfplumber_table,twelve_month_gate2:0.1.0,"pdf_page_index=71,table_index=logical8,row_index=10"
OBS-202512-00571,2025-12,571,Yeshvanthpur - Channasandra Doubling Project [21.70 Km],Karnataka Rail Infrastructure Development Company Limited [K-RIDE],703585,-,-,Karnataka,04/2019,10/2019,03/2024,03/2026,314.1,683.57,158.53,55,"Yeshvanthpur - Channasandra Doubling Project [21.70 Km]
(Karnataka Rail Infrastructure Development Company Limited [K-RIDE])
(703585)","04/2019
(10/2019)","03/2024
(03/2026)","314.1
(683.57)",SRC-2025-12,07f56e5457c63192ae7b5b4036f975f7eb058a3364a25a87cdc6ce2369082401,71,70,All Ongoing Projects,6,pdfplumber_table,twelve_month_gate2:0.1.0,"pdf_page_index=71,table_index=logical8,row_index=11"
OBS-202512-00572,2025-12,572,New Railway Line between Ginigera and Raichur [165.57 km],South Western Railway [SWR] - II,705434,-,-,Karnataka,03/2008,05/2009,03/2019,03/2027,2565,3034.98,2124.53,66,"New Railway Line between Ginigera and Raichur [165.57 km]
(South Western Railway [SWR] - II)
(705434)","03/2008
(05/2009)","03/2019
(03/2027)","2565
(3034.98)",SRC-2025-12,07f56e5457c63192ae7b5b4036f975f7eb058a3364a25a87cdc6ce2369082401,71,70,All Ongoing Projects,6,pdfplumber_table,twelve_month_gate2:0.1.0,"pdf_page_index=71,table_index=logical8,row_index=12"
OBS-202512-00573,2025-12,573,Gadag-Wadi New Railway Line [257 km],South Western Railway [SWR] - II,705490,-,-,Karnataka,04/2013,08/2017,03/2027,12/2027,2842,6700,1439.46,30,"Gadag-Wadi New Railway Line [257 km]
(South Western Railway [SWR] - II)
(705490)","04/2013
(08/2017)","03/2027
(12/2027)","2842
(6700)",SRC-2025-12,07f56e5457c63192ae7b5b4036f975f7eb058a3364a25a87cdc6ce2369082401,71,70,All Ongoing Projects,6,pdfplumber_table,twelve_month_gate2:0.1.0,"pdf_page_index=71,table_index=logical8,row_index=13"
OBS-202512-00574,2025-12,574,Kadur - Chickamagalur - Sakleshpur [93km],South Western Railway [SWR] - II,705492,-,-,Karnataka,01/2014,11/2016,06/2025,12/2025,825,825,725.47,83,"Kadur - Chickamagalur - Sakleshpur [93km]
(South Western Railway [SWR] - II)
(705492)","01/2014
(11/2016)","06/2025
(12/2025)","825
(825)",SRC-2025-12,07f56e5457c63192ae7b5b4036f975f7eb058a3364a25a87cdc6ce2369082401,71,70,All Ongoing Projects,6,pdfplumber_table,twelve_month_gate2:0.1.0,"pdf_page_index=71,table_index=logical8,row_index=14"
OBS-202512-00575,2025-12,575,Bagalkot-Kudachi New Railway Line [142 km],South Western Railway [SWR] - II,705495,-,-,Karnataka,10/2013,11/2012,03/2027,01/2027,1378,1649,735.2,35,"Bagalkot-Kudachi New Railway Line [142 km]
(South Western Railway [SWR] - II)
(705495)","10/2013
(11/2012)","03/2027
(01/2027)","1378
(1649)",SRC-2025-12,07f56e5457c63192ae7b5b4036f975f7eb058a3364a25a87cdc6ce2369082401,71,70,All Ongoing Projects,6,pdfplumber_table,twelve_month_gate2:0.1.0,"pdf_page_index=71,table_index=logical8,row_index=15"
OBS-202512-00576,2025-12,576,Tumkur-Chitradurga-Davangere New Rail Line Project [191 km],South Western Railway [SWR] - II,705496,-,-,Karnataka,10/2013,01/2017,03/2019,12/2027,1876,1876,498.97,14,"Tumkur-Chitradurga-Davangere New Rail Line Project [191 km]
(South Western Railway [SWR] - II)
(705496)","10/2013
(01/2017)","03/2019
(12/2027)","1876
(1876)",SRC-2025-12,07f56e5457c63192ae7b5b4036f975f7eb058a3364a25a87cdc6ce2369082401,71,70,All Ongoing Projects,6,pdfplumber_table,twelve_month_gate2:0.1.0,"pdf_page_index=71,table_index=logical8,row_index=16"
OBS-202512-00577,2025-12,577,Bangalore-Whitefield-Bangalore City-Krishnarajapuram [23.08 km] - Quadrupling,South Western Railway [SWR] - II,705663,-,-,Karnataka,02/2018,06/2022,02/2026,02/2026,493,493,279.82,84,"Bangalore-Whitefield-Bangalore City-Krishnarajapuram [23.08 km] - Quadrupling
(South Western Railway [SWR] - II)
(705663)","02/2018
(06/2022)","02/2026
(02/2026)","493
(493)",SRC-2025-12,07f56e5457c63192ae7b5b4036f975f7eb058a3364a25a87cdc6ce2369082401,71,70,All Ongoing Projects,6,pdfplumber_table,twelve_month_gate2:0.1.0,"pdf_page_index=71,table_index=logical8,row_index=17"
OBS-202512-00578,2025-12,578,SHIMOGA - SHIKARIPURA - RANEBENNUR [96 Km],South Western Railway [SWR] - II,705761,-,-,Karnataka,09/2019,02/2023,12/2027,06/2028,1454,1454,73.08,11,"SHIMOGA - SHIKARIPURA - RANEBENNUR [96 Km]
(South Western Railway [SWR] - II)
(705761)","09/2019
(02/2023)","12/2027
(06/2028)","1454
(1454)",SRC-2025-12,07f56e5457c63192ae7b5b4036f975f7eb058a3364a25a87cdc6ce2369082401,71,70,All Ongoing Projects,6,pdfplumber_table,twelve_month_gate2:0.1.0,"pdf_page_index=71,table_index=logical8,row_index=18"
OBS-202512-00579,2025-12,579,Bangalore Suburban Railway Project,Karnataka Rail Infrastructure Development Company Limited [K-RIDE],705941,-,-,Karnataka,10/2020,10/2020,12/2026,03/2030,15767,15767,2320.86,19,"Bangalore Suburban Railway Project
(Karnataka Rail Infrastructure Development Company Limited [K-RIDE])
(705941)","10/2020
(10/2020)","12/2026
(03/2030)","15767
(15767)",SRC-2025-12,07f56e5457c63192ae7b5b4036f975f7eb058a3364a25a87cdc6ce2369082401,71,70,All Ongoing Projects,6,pdfplumber_table,twelve_month_gate2:0.1.0,"pdf_page_index=71,table_index=logical8,row_index=19"
OBS-202512-00580,2025-12,580,Belgaum-Dharwad via Kittur [73.10Km],South Western Railway [SWR] - II,706835,-,-,Karnataka,09/2020,03/2025,12/2027,03/2029,1591,1591,0.38,0,"Belgaum-Dharwad via Kittur [73.10Km]
(South Western Railway [SWR] - II)
(706835)","09/2020
(03/2025)","12/2027
(03/2029)","1591
(1591)",SRC-2025-12,07f56e5457c63192ae7b5b4036f975f7eb058a3364a25a87cdc6ce2369082401,71,70,All Ongoing Projects,6,pdfplumber_table,twelve_month_gate2:0.1.0,"pdf_page_index=71,table_index=logical8,row_index=20"
OBS-202512-00581,2025-12,581,Kumbalam-Turavur doubling project [15.59 Km],Ministry of Railways,705638,-,-,Kerala,04/2023,04/2023,03/2027,03/2027,813,802.8,81.31,20,"Kumbalam-Turavur doubling project [15.59 Km]
(Ministry of Railways)
(705638)","04/2023
(04/2023)","03/2027
(03/2027)","813
(802.8)",SRC-2025-12,07f56e5457c63192ae7b5b4036f975f7eb058a3364a25a87cdc6ce2369082401,71,70,All Ongoing Projects,6,pdfplumber_table,twelve_month_gate2:0.1.0,"pdf_page_index=71,table_index=logical8,row_index=21"
OBS-202512-00582,2025-12,582,Ernakulam-Kumbalam doubling project [7.71 Km],SR-ERS,705639,-,-,Kerala,04/2023,04/2023,03/2028,02/2027,601,595.39,294.57,21,"Ernakulam-Kumbalam doubling project [7.71 Km]
(SR-ERS)
(705639)","04/2023
(04/2023)","03/2028
(02/2027)","601
(595.39)",SRC-2025-12,07f56e5457c63192ae7b5b4036f975f7eb058a3364a25a87cdc6ce2369082401,71,70,All Ongoing Projects,6,pdfplumber_table,twelve_month_gate2:0.1.0,"pdf_page_index=71,table_index=logical8,row_index=22"
OBS-202512-00583,2025-12,583,"Lalitpur-Satna, Rewa-Singrauli & Mahoba-Khajuraho",North Central Railway,705480,-,-,Madhya Pradesh,01/2007,03/1998,03/2027,12/2027,8914,8914,6546.4,73,"Lalitpur-Satna, Rewa-Singrauli & Mahoba-Khajuraho
(North Central Railway)
(705480)","01/2007
(03/1998)","03/2027
(12/2027)","8914
(8914)",SRC-2025-12,07f56e5457c63192ae7b5b4036f975f7eb058a3364a25a87cdc6ce2369082401,71,70,All Ongoing Projects,6,pdfplumber_table,twelve_month_gate2:0.1.0,"pdf_page_index=71,table_index=logical8,row_index=23"
OBS-202512-00584,2025-12,584,Katni - Bina Third Railway Line [279 km],West Central Railway WCR I,705651,-,-,Madhya Pradesh,06/2016,01/2017,03/2022,12/2025,2478.23,4127.23,3344.51,98,"Katni - Bina Third Railway Line [279 km]
(West Central Railway WCR I)
(705651)","06/2016
(01/2017)","03/2022
(12/2025)","2478.23
(4127.23)",SRC-2025-12,07f56e5457c63192ae7b5b4036f975f7eb058a3364a25a87cdc6ce2369082401,71,70,All Ongoing Projects,6,pdfplumber_table,twelve_month_gate2:0.1.0,"pdf_page_index=71,table_index=logical8,row_index=24"
OBS-202512-00585,2025-12,585,Satna-Rewa Railway Line Doubling Project,West Central Railway [WCR] - II,705659,-,-,Madhya Pradesh,11/2015,08/2017,03/2026,03/2026,500,584,545.71,85,"Satna-Rewa Railway Line Doubling Project
(West Central Railway [WCR] - II)
(705659)","11/2015
(08/2017)","03/2026
(03/2026)","500
(584)",SRC-2025-12,07f56e5457c63192ae7b5b4036f975f7eb058a3364a25a87cdc6ce2369082401,71,70,All Ongoing Projects,6,pdfplumber_table,twelve_month_gate2:0.1.0,"pdf_page_index=71,table_index=logical8,row_index=25"
OBS-202512-00586,2025-12,586,Doubling of Katni - Singrauli Railway Line [261 km],Indian Railway Construction International Limited [IRCON],705660,-,-,Madhya Pradesh,03/2016,03/2017,12/2025,12/2025,2445,4377,3253.53,100,"Doubling of Katni - Singrauli Railway Line [261 km]
(Indian Railway Construction International Limited [IRCON])
(705660)","03/2016
(03/2017)","12/2025
(12/2025)","2445
(4377)",SRC-2025-12,07f56e5457c63192ae7b5b4036f975f7eb058a3364a25a87cdc6ce2369082401,71,70,All Ongoing Projects,6,pdfplumber_table,twelve_month_gate2:0.1.0,"pdf_page_index=71,table_index=logical8,row_index=26"
OBS-202512-00587,2025-12,587,Katni Grade Separator/Bye Pass,Indian Railway Construction International Limited [IRCON],705661,-,-,Madhya Pradesh,03/2016,09/2017,09/2024,03/2026,1248,1248,1718.76,95,"Katni Grade Separator/Bye Pass
(Indian Railway Construction International Limited [IRCON])
(705661)","03/2016
(09/2017)","09/2024
(03/2026)","1248
(1248)",SRC-2025-12,07f56e5457c63192ae7b5b4036f975f7eb058a3364a25a87cdc6ce2369082401,71,70,All Ongoing Projects,6,pdfplumber_table,twelve_month_gate2:0.1.0,"pdf_page_index=71,table_index=logical8,row_index=27"
OBS-202512-00588,2025-12,588,Indore - Budni New Railway Line [198 kms],RVNL - II,705763,-,-,Madhya Pradesh,08/2019,10/2020,09/2030,09/2030,7474,7474,1939.51,27,"Indore - Budni New Railway Line [198 kms]
(RVNL - II)
(705763)","08/2019
(10/2020)","09/2030
(09/2030)","7474
(7474)",SRC-2025-12,07f56e5457c63192ae7b5b4036f975f7eb058a3364a25a87cdc6ce2369082401,71,70,All Ongoing Projects,6,pdfplumber_table,twelve_month_gate2:0.1.0,"pdf_page_index=71,table_index=logical8,row_index=28"
OBS-202512-00589,2025-12,589,Nimach-Ratlam Doubling [133 Km],Western Railway [WR] - II,705933,-,-,Madhya Pradesh,10/2021,10/2021,10/2027,10/2027,1095.88,1095.88,1067.49,89,"Nimach-Ratlam Doubling [133 Km]
(Western Railway [WR] - II)
(705933)","10/2021
(10/2021)","10/2027
(10/2027)","1095.88
(1095.88)",SRC-2025-12,07f56e5457c63192ae7b5b4036f975f7eb058a3364a25a87cdc6ce2369082401,71,70,All Ongoing Projects,6,pdfplumber_table,twelve_month_gate2:0.1.0,"pdf_page_index=71,table_index=logical8,row_index=29"
OBS-202512-00590,2025-12,590,DHULE [BORVIHIR] - NARDANA NEW LINE [50.60 KMS],Central Railway,400019,-,-,Maharashtra,01/2019,04/2023,12/2026,09/2027,492.76,1170.83,415.47,25,"DHULE [BORVIHIR] - NARDANA NEW LINE [50.60 KMS]
(Central Railway)
(400019)","01/2019
(04/2023)","12/2026
(09/2027)","492.76
(1170.83)",SRC-2025-12,07f56e5457c63192ae7b5b4036f975f7eb058a3364a25a87cdc6ce2369082401,71,70,All Ongoing Projects,6,pdfplumber_table,twelve_month_gate2:0.1.0,"pdf_page_index=71,table_index=logical8,row_index=30"
OBS-202512-00591,2025-12,591,Wardha-Nanded Via Yavatmal New BG Line,Central Railway [CR] - II,400271,-,-,Maharashtra,12/2017,04/2008,03/2025,12/2026,3445,3445,3002.93,50,"Wardha-Nanded Via Yavatmal New BG Line
(Central Railway [CR] - II)
(400271)","12/2017
(04/2008)","03/2025
(12/2026)","3445
(3445)",SRC-2025-12,07f56e5457c63192ae7b5b4036f975f7eb058a3364a25a87cdc6ce2369082401,71,70,All Ongoing Projects,6,pdfplumber_table,twelve_month_gate2:0.1.0,"pdf_page_index=71,table_index=logical8,row_index=31"
OBS-202512-00592,2025-12,592,AURANGABAD-ANKAI - DOUBLING PROJECT 98.25 Km,South Central Railway [SCR] - II,611751,-,-,Maharashtra,05/2023,05/2023,03/2027,-,960.64,960.64,732.32,1,"AURANGABAD-ANKAI - DOUBLING PROJECT 98.25 Km
(South Central Railway [SCR] - II)
(611751)","05/2023
(05/2023)","03/2027
(-)","960.64
(960.64)",SRC-2025-12,07f56e5457c63192ae7b5b4036f975f7eb058a3364a25a87cdc6ce2369082401,72,71,All Ongoing Projects,6,pdfplumber_table,twelve_month_gate2:0.1.0,"pdf_page_index=72,table_index=logical8,row_index=1"
OBS-202512-00593,2025-12,593,"Redevelopment of Chhatrapati Shivaji Maharaj Terminus [CSMT] and construction of
associated infrastructure",Rail Land Development Authority,613015,-,-,Maharashtra,04/2023,07/2023,03/2027,-,1813,1813,635.74,17,"Redevelopment of Chhatrapati Shivaji Maharaj Terminus [CSMT] and construction of
associated infrastructure
(Rail Land Development Authority)
(613015)","04/2023
(07/2023)","03/2027
(-)","1813
(1813)",SRC-2025-12,07f56e5457c63192ae7b5b4036f975f7eb058a3364a25a87cdc6ce2369082401,72,71,All Ongoing Projects,6,pdfplumber_table,twelve_month_gate2:0.1.0,"pdf_page_index=72,table_index=logical8,row_index=2"
OBS-202512-00594,2025-12,594,Gondia-Balharshah [Chanda Fort] Doubling [240 Km],South East Central Railway,617201,-,-,Maharashtra,04/2025,04/2025,03/2031,-,4373.04,4373.04,0.29,0,"Gondia-Balharshah [Chanda Fort] Doubling [240 Km]
(South East Central Railway)
(617201)","04/2025
(04/2025)","03/2031
(-)","4373.04
(4373.04)",SRC-2025-12,07f56e5457c63192ae7b5b4036f975f7eb058a3364a25a87cdc6ce2369082401,72,71,All Ongoing Projects,6,pdfplumber_table,twelve_month_gate2:0.1.0,"pdf_page_index=72,table_index=logical8,row_index=3"
OBS-202512-00595,2025-12,595,Doubling between Parbhani Parli Vaijanath stations 64.71 Km,South Central Railway [SCR] - II,617215,-,-,Maharashtra,12/2023,12/2023,03/2028,-,769.93,769.93,43.91,0,"Doubling between Parbhani Parli Vaijanath stations 64.71 Km
(South Central Railway [SCR] - II)
(617215)","12/2023
(12/2023)","03/2028
(-)","769.93
(769.93)",SRC-2025-12,07f56e5457c63192ae7b5b4036f975f7eb058a3364a25a87cdc6ce2369082401,72,71,All Ongoing Projects,6,pdfplumber_table,twelve_month_gate2:0.1.0,"pdf_page_index=72,table_index=logical8,row_index=4"
OBS-202512-00596,2025-12,596,Babupeth - Sasti New Rail Line [13.114 KMs],CentralRailway,617361,-,-,Maharashtra,10/2024,10/2024,03/2028,-,362.81,362.81,0.47,0,"Babupeth - Sasti New Rail Line [13.114 KMs]
(CentralRailway)
(617361)","10/2024
(10/2024)","03/2028
(-)","362.81
(362.81)",SRC-2025-12,07f56e5457c63192ae7b5b4036f975f7eb058a3364a25a87cdc6ce2369082401,72,71,All Ongoing Projects,6,pdfplumber_table,twelve_month_gate2:0.1.0,"pdf_page_index=72,table_index=logical8,row_index=5"
OBS-202512-00597,2025-12,597,Double Chord line Between Nilaje-Kopar,CentralRailway,617364,-,-,Maharashtra,01/2025,01/2025,07/2028,-,338.33,205,7.8,0,"Double Chord line Between Nilaje-Kopar
(CentralRailway)
(617364)","01/2025
(01/2025)","07/2028
(-)","338.33
(205)",SRC-2025-12,07f56e5457c63192ae7b5b4036f975f7eb058a3364a25a87cdc6ce2369082401,72,71,All Ongoing Projects,6,pdfplumber_table,twelve_month_gate2:0.1.0,"pdf_page_index=72,table_index=logical8,row_index=6"
OBS-202512-00598,2025-12,598,"Ahmednagar - Beed - Parli - Vaijnath New Broad Gauge Line Railway Project [261.3
km]",Central Railway [CR] - II,705356,-,-,Maharashtra,01/1999,10/2002,03/2026,03/2026,2538.67,4957.27,5183.23,98,"Ahmednagar - Beed - Parli - Vaijnath New Broad Gauge Line Railway Project [261.3
km]
(Central Railway [CR] - II)
(705356)","01/1999
(10/2002)","03/2026
(03/2026)","2538.67
(4957.27)",SRC-2025-12,07f56e5457c63192ae7b5b4036f975f7eb058a3364a25a87cdc6ce2369082401,72,71,All Ongoing Projects,6,pdfplumber_table,twelve_month_gate2:0.1.0,"pdf_page_index=72,table_index=logical8,row_index=7"
OBS-202512-00599,2025-12,599,Baramati Lonand New Line Project,Central Railway,705357,-,-,Maharashtra,03/2016,03/1999,03/2027,03/2027,138.48,1843.9,877.37,51,"Baramati Lonand New Line Project
(Central Railway)
(705357)","03/2016
(03/1999)","03/2027
(03/2027)","138.48
(1843.9)",SRC-2025-12,07f56e5457c63192ae7b5b4036f975f7eb058a3364a25a87cdc6ce2369082401,72,71,All Ongoing Projects,6,pdfplumber_table,twelve_month_gate2:0.1.0,"pdf_page_index=72,table_index=logical8,row_index=8"
OBS-202512-00600,2025-12,600,Wadsa-Gadchiroli,South East Central Railway,705479,-,-,Maharashtra,05/2017,03/2012,03/2027,03/2027,1886,1886,730.33,53,"Wadsa-Gadchiroli
(South East Central Railway)
(705479)","05/2017
(03/2012)","03/2027
(03/2027)","1886
(1886)",SRC-2025-12,07f56e5457c63192ae7b5b4036f975f7eb058a3364a25a87cdc6ce2369082401,72,71,All Ongoing Projects,6,pdfplumber_table,twelve_month_gate2:0.1.0,"pdf_page_index=72,table_index=logical8,row_index=9"
OBS-202512-00601,2025-12,601,3rd Line Kalyan - Kasara [67.35 Kilometres],Central Railway,705498,-,-,Maharashtra,09/2015,09/2015,12/2026,12/2026,792.89,1395.79,996.09,68,"3rd Line Kalyan - Kasara [67.35 Kilometres]
(Central Railway)
(705498)","09/2015
(09/2015)","12/2026
(12/2026)","792.89
(1395.79)",SRC-2025-12,07f56e5457c63192ae7b5b4036f975f7eb058a3364a25a87cdc6ce2369082401,72,71,All Ongoing Projects,6,pdfplumber_table,twelve_month_gate2:0.1.0,"pdf_page_index=72,table_index=logical8,row_index=10"
OBS-202512-00602,2025-12,602,3rd Line Wardha - Sewagram - Nagpur,Central Railway [CR] - II,705500,-,-,Maharashtra,09/2015,05/2016,12/2025,10/2026,540.02,916.53,798.01,84,"3rd Line Wardha - Sewagram - Nagpur
(Central Railway [CR] - II)
(705500)","09/2015
(05/2016)","12/2025
(10/2026)","540.02
(916.53)",SRC-2025-12,07f56e5457c63192ae7b5b4036f975f7eb058a3364a25a87cdc6ce2369082401,72,71,All Ongoing Projects,6,pdfplumber_table,twelve_month_gate2:0.1.0,"pdf_page_index=72,table_index=logical8,row_index=11"
OBS-202512-00603,2025-12,603,3rd Line Wardha - Ballarshah [132 Kilometres],Central Railway [CR] - II,705502,-,-,Maharashtra,03/2016,12/2016,12/2025,02/2026,1384.72,2033.59,1727.83,86,"3rd Line Wardha - Ballarshah [132 Kilometres]
(Central Railway [CR] - II)
(705502)","03/2016
(12/2016)","12/2025
(02/2026)","1384.72
(2033.59)",SRC-2025-12,07f56e5457c63192ae7b5b4036f975f7eb058a3364a25a87cdc6ce2369082401,72,71,All Ongoing Projects,6,pdfplumber_table,twelve_month_gate2:0.1.0,"pdf_page_index=72,table_index=logical8,row_index=12"
OBS-202512-00604,2025-12,604,Pune - Miraj-Londa [467 Kilometres],Central Railway,705503,-,-,Maharashtra,06/2016,06/2016,02/2025,08/2025,4027.53,4872.52,5113.51,100,"Pune - Miraj-Londa [467 Kilometres]
(Central Railway)
(705503)","06/2016
(06/2016)","02/2025
(08/2025)","4027.53
(4872.52)",SRC-2025-12,07f56e5457c63192ae7b5b4036f975f7eb058a3364a25a87cdc6ce2369082401,72,71,All Ongoing Projects,6,pdfplumber_table,twelve_month_gate2:0.1.0,"pdf_page_index=72,table_index=logical8,row_index=13"
OBS-202512-00605,2025-12,605,Doubling of Daund Manmad Line [247.6 km],Central Railway,705504,-,-,Maharashtra,10/2017,03/2017,12/2025,03/2026,2081.27,3267.06,2956.98,92,"Doubling of Daund Manmad Line [247.6 km]
(Central Railway)
(705504)","10/2017
(03/2017)","12/2025
(03/2026)","2081.27
(3267.06)",SRC-2025-12,07f56e5457c63192ae7b5b4036f975f7eb058a3364a25a87cdc6ce2369082401,72,71,All Ongoing Projects,6,pdfplumber_table,twelve_month_gate2:0.1.0,"pdf_page_index=72,table_index=logical8,row_index=14"
OBS-202512-00606,2025-12,606,4th Line Wardha - Nagpur [78.7 Kilometres],Central Railway [CR] - II,705505,-,-,Maharashtra,04/2017,05/2018,12/2025,10/2026,637.95,1214.69,1035.92,88,"4th Line Wardha - Nagpur [78.7 Kilometres]
(Central Railway [CR] - II)
(705505)","04/2017
(05/2018)","12/2025
(10/2026)","637.95
(1214.69)",SRC-2025-12,07f56e5457c63192ae7b5b4036f975f7eb058a3364a25a87cdc6ce2369082401,72,71,All Ongoing Projects,6,pdfplumber_table,twelve_month_gate2:0.1.0,"pdf_page_index=72,table_index=logical8,row_index=15"
OBS-202512-00607,2025-12,607,3rd Line Manmad - Jalgaon [160 Kilometres],Central Railway [CR] - II,705506,-,-,Maharashtra,05/2017,04/2018,12/2024,08/2025,1035.16,1558.75,1726.94,95,"3rd Line Manmad - Jalgaon [160 Kilometres]
(Central Railway [CR] - II)
(705506)","05/2017
(04/2018)","12/2024
(08/2025)","1035.16
(1558.75)",SRC-2025-12,07f56e5457c63192ae7b5b4036f975f7eb058a3364a25a87cdc6ce2369082401,72,71,All Ongoing Projects,6,pdfplumber_table,twelve_month_gate2:0.1.0,"pdf_page_index=72,table_index=logical8,row_index=16"
OBS-202512-00608,2025-12,608,Solapur-tuljapur-Osmanabad,Central Railway,705735,-,-,Maharashtra,08/2018,12/2023,03/2027,03/2028,904.92,3295.74,1177.85,12,"Solapur-tuljapur-Osmanabad
(Central Railway)
(705735)","08/2018
(12/2023)","03/2027
(03/2028)","904.92
(3295.74)",SRC-2025-12,07f56e5457c63192ae7b5b4036f975f7eb058a3364a25a87cdc6ce2369082401,72,71,All Ongoing Projects,6,pdfplumber_table,twelve_month_gate2:0.1.0,"pdf_page_index=72,table_index=logical8,row_index=17"
OBS-202512-00609,2025-12,609,Nagpur- Nagbhir Railway Line Gauge Conversion Project,MRIDC,705799,-,-,Maharashtra,10/2019,04/2020,12/2025,12/2025,1400,1400,1472,80,"Nagpur- Nagbhir Railway Line Gauge Conversion Project
(MRIDC)
(705799)","10/2019
(04/2020)","12/2025
(12/2025)","1400
(1400)",SRC-2025-12,07f56e5457c63192ae7b5b4036f975f7eb058a3364a25a87cdc6ce2369082401,72,71,All Ongoing Projects,6,pdfplumber_table,twelve_month_gate2:0.1.0,"pdf_page_index=72,table_index=logical8,row_index=18"
OBS-202512-00610,2025-12,610,Mumbai Urban Transport Project [MUTP] - PHASE II,Mumbai Rail Vikas Corporation Ltd.[MRVC],706779,-,-,Maharashtra,05/2008,04/2008,03/2014,12/2027,8087,8087,7428.59,87,"Mumbai Urban Transport Project [MUTP] - PHASE II
(Mumbai Rail Vikas Corporation Ltd.[MRVC])
(706779)","05/2008
(04/2008)","03/2014
(12/2027)","8087
(8087)",SRC-2025-12,07f56e5457c63192ae7b5b4036f975f7eb058a3364a25a87cdc6ce2369082401,72,71,All Ongoing Projects,6,pdfplumber_table,twelve_month_gate2:0.1.0,"pdf_page_index=72,table_index=logical8,row_index=19"
OBS-202512-00611,2025-12,611,Mumbai Urban Transport Project [MUTP] Phase-IIIA,Mumbai Rail Vikas Corporation Ltd.[MRVC],706780,-,-,Maharashtra,04/2019,04/2019,12/2027,12/2027,33690,33690,2922.12,20,"Mumbai Urban Transport Project [MUTP] Phase-IIIA
(Mumbai Rail Vikas Corporation Ltd.[MRVC])
(706780)","04/2019
(04/2019)","12/2027
(12/2027)","33690
(33690)",SRC-2025-12,07f56e5457c63192ae7b5b4036f975f7eb058a3364a25a87cdc6ce2369082401,72,71,All Ongoing Projects,6,pdfplumber_table,twelve_month_gate2:0.1.0,"pdf_page_index=72,table_index=logical8,row_index=20"
OBS-202512-00612,2025-12,612,Mumbai Urban Transport Project Phase-III,Mumbai Rail Vikas Corporation Ltd.[MRVC],706781,-,-,Maharashtra,11/2016,12/2016,03/2022,12/2026,10947,10947,5760.81,70,"Mumbai Urban Transport Project Phase-III
(Mumbai Rail Vikas Corporation Ltd.[MRVC])
(706781)","11/2016
(12/2016)","03/2022
(12/2026)","10947
(10947)",SRC-2025-12,07f56e5457c63192ae7b5b4036f975f7eb058a3364a25a87cdc6ce2369082401,72,71,All Ongoing Projects,6,pdfplumber_table,twelve_month_gate2:0.1.0,"pdf_page_index=72,table_index=logical8,row_index=21"
OBS-202512-00613,2025-12,613,Jiribam-Imphal new line project,Northeast Frontier Railway [NFR],705391,-,-,Manipur,03/2013,12/2007,12/2026,06/2029,14323,21885.9,15824.48,72,"Jiribam-Imphal new line project
(Northeast Frontier Railway [NFR])
(705391)","03/2013
(12/2007)","12/2026
(06/2029)","14323
(21885.9)",SRC-2025-12,07f56e5457c63192ae7b5b4036f975f7eb058a3364a25a87cdc6ce2369082401,72,71,All Ongoing Projects,6,pdfplumber_table,twelve_month_gate2:0.1.0,"pdf_page_index=72,table_index=logical8,row_index=22"
OBS-202512-00614,2025-12,614,Marikuppam - Kuppam New Line Project [23.70 Km],South Western Railway [SWR] - II,705491,-,-,"Multi-States
(Andhra Pradesh,
Karnataka)",04/2012,10/2018,06/2026,06/2026,297,297,137.3,20,"Marikuppam - Kuppam New Line Project [23.70 Km]
(South Western Railway [SWR] - II)
(705491)","04/2012
(10/2018)","06/2026
(06/2026)","297
(297)",SRC-2025-12,07f56e5457c63192ae7b5b4036f975f7eb058a3364a25a87cdc6ce2369082401,72,71,All Ongoing Projects,6,pdfplumber_table,twelve_month_gate2:0.1.0,"pdf_page_index=72,table_index=logical8,row_index=23"
OBS-202512-00615,2025-12,615,Rayadurg-Tumkur via Kalyandurg New Line [207 km],South Western Railway [SWR] - II,705494,-,-,"Multi-States
(Andhra Pradesh,
Karnataka)",03/2008,07/2010,09/2015,02/2028,2496,2496,1807.86,70,"Rayadurg-Tumkur via Kalyandurg New Line [207 km]
(South Western Railway [SWR] - II)
(705494)","03/2008
(07/2010)","09/2015
(02/2028)","2496
(2496)",SRC-2025-12,07f56e5457c63192ae7b5b4036f975f7eb058a3364a25a87cdc6ce2369082401,72,71,All Ongoing Projects,6,pdfplumber_table,twelve_month_gate2:0.1.0,"pdf_page_index=72,table_index=logical8,row_index=24"
OBS-202512-00616,2025-12,616,"Renigunta, Wadi & Gooty Bypass Railway Project",South Central Railway [SCR] - II,705610,-,-,"Multi-States
(Andhra Pradesh,
Karnataka)",04/2016,04/2016,12/2025,12/2025,302,543,381,50,"Renigunta, Wadi & Gooty Bypass Railway Project
(South Central Railway [SCR] - II)
(705610)","04/2016
(04/2016)","12/2025
(12/2025)","302
(543)",SRC-2025-12,07f56e5457c63192ae7b5b4036f975f7eb058a3364a25a87cdc6ce2369082401,72,71,All Ongoing Projects,6,pdfplumber_table,twelve_month_gate2:0.1.0,"pdf_page_index=72,table_index=logical8,row_index=25"
OBS-202512-00617,2025-12,617,Doubling between Mudkhed Medchal & Mahbubnagar Dhone section 417.88 Km,South Central Railway [SCR] - II,617212,-,-,"Multi-States
(Andhra Pradesh,
Maharashtra,
Telangana)",08/2023,08/2023,03/2029,-,4686.09,4686.09,1048.12,2,"Doubling between Mudkhed Medchal & Mahbubnagar Dhone section 417.88 Km
(South Central Railway [SCR] - II)
(617212)","08/2023
(08/2023)","03/2029
(-)","4686.09
(4686.09)",SRC-2025-12,07f56e5457c63192ae7b5b4036f975f7eb058a3364a25a87cdc6ce2369082401,72,71,All Ongoing Projects,6,pdfplumber_table,twelve_month_gate2:0.1.0,"pdf_page_index=72,table_index=logical8,row_index=26"
OBS-202512-00618,2025-12,618,Vizianagaram - Titlagarh 3rd line [272 Km including By - pass line of 7.68 KM],RVNL - II,400253,-,-,"Multi-States
(Andhra Pradesh,
Odisha)",06/2016,11/2016,12/2025,12/2025,4803,6669.91,6016.71,94,"Vizianagaram - Titlagarh 3rd line [272 Km including By - pass line of 7.68 KM]
(RVNL - II)
(400253)","06/2016
(11/2016)","12/2025
(12/2025)","4803
(6669.91)",SRC-2025-12,07f56e5457c63192ae7b5b4036f975f7eb058a3364a25a87cdc6ce2369082401,72,71,All Ongoing Projects,6,pdfplumber_table,twelve_month_gate2:0.1.0,"pdf_page_index=72,table_index=logical8,row_index=27"
OBS-202512-00619,2025-12,619,Doubling of Kottavalasa-Koraput Rail Line [189 KM],East Coast Railway [ECoR] - II,705512,-,-,"Multi-States
(Andhra Pradesh,
Odisha)",12/2015,01/2016,03/2022,03/2028,2500,2500,2091.69,71,"Doubling of Kottavalasa-Koraput Rail Line [189 KM]
(East Coast Railway [ECoR] - II)
(705512)","12/2015
(01/2016)","03/2022
(03/2028)","2500
(2500)",SRC-2025-12,07f56e5457c63192ae7b5b4036f975f7eb058a3364a25a87cdc6ce2369082401,72,71,All Ongoing Projects,6,pdfplumber_table,twelve_month_gate2:0.1.0,"pdf_page_index=72,table_index=logical8,row_index=28"
OBS-202512-00620,2025-12,620,Tindivanam-Nagari New Line Project [184.5 km],Ministry of Railways,400275,-,-,"Multi-States
(Andhra Pradesh,
Tamil Nadu)",07/2008,10/2008,09/2025,03/2028,3631,3631,1176.55,19,"Tindivanam-Nagari New Line Project [184.5 km]
(Ministry of Railways)
(400275)","07/2008
(10/2008)","09/2025
(03/2028)","3631
(3631)",SRC-2025-12,07f56e5457c63192ae7b5b4036f975f7eb058a3364a25a87cdc6ce2369082401,72,71,All Ongoing Projects,6,pdfplumber_table,twelve_month_gate2:0.1.0,"pdf_page_index=72,table_index=logical8,row_index=29"
OBS-202512-00621,2025-12,621,"Doubling between Motumari Vishnupuram - 88.81 Km and Rail over Rail - RoR at
Motumari - 10.877 Km",South Central Railway [SCR] - II,616857,-,-,"Multi-States
(Andhra Pradesh,
Telangana)",02/2024,03/2025,03/2029,-,1595.55,1595.55,46.01,2,"Doubling between Motumari Vishnupuram - 88.81 Km and Rail over Rail - RoR at
Motumari - 10.877 Km
(South Central Railway [SCR] - II)
(616857)","02/2024
(03/2025)","03/2029
(-)","1595.55
(1595.55)",SRC-2025-12,07f56e5457c63192ae7b5b4036f975f7eb058a3364a25a87cdc6ce2369082401,72,71,All Ongoing Projects,6,pdfplumber_table,twelve_month_gate2:0.1.0,"pdf_page_index=72,table_index=logical8,row_index=30"
OBS-202512-00622,2025-12,622,Doubling of Guntur Bibinagar 239 Km,South Central Railway [SCR] - II,617211,-,-,"Multi-States
(Andhra Pradesh,
Telangana)",08/2023,08/2023,03/2029,-,2853.23,2853.23,107.06,2,"Doubling of Guntur Bibinagar 239 Km
(South Central Railway [SCR] - II)
(617211)","08/2023
(08/2023)","03/2029
(-)","2853.23
(2853.23)",SRC-2025-12,07f56e5457c63192ae7b5b4036f975f7eb058a3364a25a87cdc6ce2369082401,73,72,All Ongoing Projects,6,pdfplumber_table,twelve_month_gate2:0.1.0,"pdf_page_index=73,table_index=logical8,row_index=1"
OBS-202512-00623,2025-12,623,Rail Connectivity to Errupalem Amravati Namburu 57 Km,South Central Railway [SCR] - II,617214,-,-,"Multi-States
(Andhra Pradesh,
Telangana)",11/2024,11/2024,03/2027,-,2047.4,2047.4,28.44,0,"Rail Connectivity to Errupalem Amravati Namburu 57 Km
(South Central Railway [SCR] - II)
(617214)","11/2024
(11/2024)","03/2027
(-)","2047.4
(2047.4)",SRC-2025-12,07f56e5457c63192ae7b5b4036f975f7eb058a3364a25a87cdc6ce2369082401,73,72,All Ongoing Projects,6,pdfplumber_table,twelve_month_gate2:0.1.0,"pdf_page_index=73,table_index=logical8,row_index=2"
OBS-202512-00624,2025-12,624,Kazipet-Vijayawada 3rd line with electrification [220 km],South Central Railway [SCR] - II,705612,-,-,"Multi-States
(Andhra Pradesh,
Telangana)",03/2013,08/2014,02/2025,12/2025,1953,3363,4037.29,94,"Kazipet-Vijayawada 3rd line with electrification [220 km]
(South Central Railway [SCR] - II)
(705612)","03/2013
(08/2014)","02/2025
(12/2025)","1953
(3363)",SRC-2025-12,07f56e5457c63192ae7b5b4036f975f7eb058a3364a25a87cdc6ce2369082401,73,72,All Ongoing Projects,6,pdfplumber_table,twelve_month_gate2:0.1.0,"pdf_page_index=73,table_index=logical8,row_index=3"
OBS-202512-00625,2025-12,625,Vijayawada - Kazipet Byepass line,South Central Railway [SCR] - II,705632,-,-,"Multi-States
(Andhra Pradesh,
Telangana)",04/2016,04/2016,01/2025,12/2025,647,904,1048.58,93,"Vijayawada - Kazipet Byepass line
(South Central Railway [SCR] - II)
(705632)","04/2016
(04/2016)","01/2025
(12/2025)","647
(904)",SRC-2025-12,07f56e5457c63192ae7b5b4036f975f7eb058a3364a25a87cdc6ce2369082401,73,72,All Ongoing Projects,6,pdfplumber_table,twelve_month_gate2:0.1.0,"pdf_page_index=73,table_index=logical8,row_index=4"
OBS-202512-00626,2025-12,626,Murkongselek-Pasighat,Northeast Frontier Railway (NFR) - II,705401,-,-,"Multi-States
(Arunachal
Pradesh, Assam)",02/2011,03/2023,03/2025,05/2026,435,1250,805.31,65,"Murkongselek-Pasighat
(Northeast Frontier Railway (NFR) - II)
(705401)","02/2011
(03/2023)","03/2025
(05/2026)","435
(1250)",SRC-2025-12,07f56e5457c63192ae7b5b4036f975f7eb058a3364a25a87cdc6ce2369082401,73,72,All Ongoing Projects,6,pdfplumber_table,twelve_month_gate2:0.1.0,"pdf_page_index=73,table_index=logical8,row_index=5"
OBS-202512-00627,2025-12,627,Lumding Furkating Doubling Project 140 km,Northeast Frontier Railway [NFR],616701,-,-,"Multi-States
(Assam,
Nagaland)",02/2024,01/2025,02/2028,-,2123.7,2123.7,13.74,0,"Lumding Furkating Doubling Project 140 km
(Northeast Frontier Railway [NFR])
(616701)","02/2024
(01/2025)","02/2028
(-)","2123.7
(2123.7)",SRC-2025-12,07f56e5457c63192ae7b5b4036f975f7eb058a3364a25a87cdc6ce2369082401,73,72,All Ongoing Projects,6,pdfplumber_table,twelve_month_gate2:0.1.0,"pdf_page_index=73,table_index=logical8,row_index=6"
OBS-202512-00628,2025-12,628,Dimapur [Dhansiri]-Sukhobi Kohima [Zubza] NL [82.5 Km],Northeast Frontier Railway (NFR) - II,705392,-,-,"Multi-States
(Assam,
Nagaland)",08/2015,02/2016,03/2025,12/2025,6663,6663,5828.35,81,"Dimapur [Dhansiri]-Sukhobi Kohima [Zubza] NL [82.5 Km]
(Northeast Frontier Railway (NFR) - II)
(705392)","08/2015
(02/2016)","03/2025
(12/2025)","6663
(6663)",SRC-2025-12,07f56e5457c63192ae7b5b4036f975f7eb058a3364a25a87cdc6ce2369082401,73,72,All Ongoing Projects,6,pdfplumber_table,twelve_month_gate2:0.1.0,"pdf_page_index=73,table_index=logical8,row_index=7"
OBS-202512-00629,2025-12,629,New Delhi- Howrah Speed Booster[160Kmph] Project,PCE/NCR,705794,-,-,"Multi-States
(Bihar, Delhi,
Jharkhand, Uttar
Pradesh, West
Bengal)",09/2019,09/2019,03/2024,-,6684.81,6684.81,127.03,0,"New Delhi- Howrah Speed Booster[160Kmph] Project
(PCE/NCR)
(705794)","09/2019
(09/2019)","03/2024
(-)","6684.81
(6684.81)",SRC-2025-12,07f56e5457c63192ae7b5b4036f975f7eb058a3364a25a87cdc6ce2369082401,73,72,All Ongoing Projects,6,pdfplumber_table,twelve_month_gate2:0.1.0,"pdf_page_index=73,table_index=logical8,row_index=8"
OBS-202512-00630,2025-12,630,Third Railway Line between Patratu-Sonnagar [291 kms],RVNL - II,400234,-,-,"Multi-States
(Bihar, Jharkhand)",11/2016,08/2018,03/2026,12/2028,8975,8975,4798.96,90,"Third Railway Line between Patratu-Sonnagar [291 kms]
(RVNL - II)
(400234)","11/2016
(08/2018)","03/2026
(12/2028)","8975
(8975)",SRC-2025-12,07f56e5457c63192ae7b5b4036f975f7eb058a3364a25a87cdc6ce2369082401,73,72,All Ongoing Projects,6,pdfplumber_table,twelve_month_gate2:0.1.0,"pdf_page_index=73,table_index=logical8,row_index=9"
OBS-202512-00631,2025-12,631,Multi tracking of Son Nagar-Andal 374.53 rkm & 814.38 tkm,East Central Railway [ECR] - I,616699,-,-,"Multi-States
(Bihar, Jharkhand)",08/2023,08/2023,03/2028,-,12333.57,12333.6,507.61,14,"Multi tracking of Son Nagar-Andal 374.53 rkm & 814.38 tkm
(East Central Railway [ECR] - I)
(616699)","08/2023
(08/2023)","03/2028
(-)","12333.57
(12333.6)",SRC-2025-12,07f56e5457c63192ae7b5b4036f975f7eb058a3364a25a87cdc6ce2369082401,73,72,All Ongoing Projects,6,pdfplumber_table,twelve_month_gate2:0.1.0,"pdf_page_index=73,table_index=logical8,row_index=10"
OBS-202512-00632,2025-12,632,Koderma-Tilaiya New Line,East Central Railway [ECR] - I,705375,-,-,"Multi-States
(Bihar, Jharkhand)",11/2004,03/2002,02/2025,02/2026,1626,2486.62,2142.8,94,"Koderma-Tilaiya New Line
(East Central Railway [ECR] - I)
(705375)","11/2004
(03/2002)","02/2025
(02/2026)","1626
(2486.62)",SRC-2025-12,07f56e5457c63192ae7b5b4036f975f7eb058a3364a25a87cdc6ce2369082401,73,72,All Ongoing Projects,6,pdfplumber_table,twelve_month_gate2:0.1.0,"pdf_page_index=73,table_index=logical8,row_index=11"
OBS-202512-00633,2025-12,633,Pirpainti - Jasidih [100.52 Km] New BG line,Eastern Railway [ER] - I,705385,-,-,"Multi-States
(Bihar, Jharkhand)",03/2014,03/2022,03/2028,03/2028,2555,2555,795.18,49,"Pirpainti - Jasidih [100.52 Km] New BG line
(Eastern Railway [ER] - I)
(705385)","03/2014
(03/2022)","03/2028
(03/2028)","2555
(2555)",SRC-2025-12,07f56e5457c63192ae7b5b4036f975f7eb058a3364a25a87cdc6ce2369082401,73,72,All Ongoing Projects,6,pdfplumber_table,twelve_month_gate2:0.1.0,"pdf_page_index=73,table_index=logical8,row_index=12"
OBS-202512-00634,2025-12,634,"NER Provision of Automatic Block Signalling on Gorakhpur Cantt[Excl] Chhapra
Gramin & Burhwal Jn [Excl] Sitapur Jn section of high density routes",North Eastern Railway [NER],611669,-,-,"Multi-States
(Bihar, Uttar
Pradesh)",NA,06/2023,03/2027,03/2028,380.47,380.47,238.47,20,"NER Provision of Automatic Block Signalling on Gorakhpur Cantt[Excl] Chhapra
Gramin & Burhwal Jn [Excl] Sitapur Jn section of high density routes
(North Eastern Railway [NER])
(611669)","NA
(06/2023)","03/2027
(03/2028)","380.47
(380.47)",SRC-2025-12,07f56e5457c63192ae7b5b4036f975f7eb058a3364a25a87cdc6ce2369082401,73,72,All Ongoing Projects,6,pdfplumber_table,twelve_month_gate2:0.1.0,"pdf_page_index=73,table_index=logical8,row_index=13"
OBS-202512-00635,2025-12,635,Gorakhpur-Valmikinagar Doubling project,NER,617224,-,-,"Multi-States
(Bihar, Uttar
Pradesh)",08/2023,03/2024,12/2027,-,1120,1120,287.73,26,"Gorakhpur-Valmikinagar Doubling project
(NER)
(617224)","08/2023
(03/2024)","12/2027
(-)","1120
(1120)",SRC-2025-12,07f56e5457c63192ae7b5b4036f975f7eb058a3364a25a87cdc6ce2369082401,73,72,All Ongoing Projects,6,pdfplumber_table,twelve_month_gate2:0.1.0,"pdf_page_index=73,table_index=logical8,row_index=14"
OBS-202512-00636,2025-12,636,Chhapra-Ballia Patch Doubling,North Eastern Railway [NER],705562,-,-,"Multi-States
(Bihar, Uttar
Pradesh)",03/2013,12/2015,02/2025,03/2026,963,1046,912.43,95,"Chhapra-Ballia Patch Doubling
(North Eastern Railway [NER])
(705562)","03/2013
(12/2015)","02/2025
(03/2026)","963
(1046)",SRC-2025-12,07f56e5457c63192ae7b5b4036f975f7eb058a3364a25a87cdc6ce2369082401,73,72,All Ongoing Projects,6,pdfplumber_table,twelve_month_gate2:0.1.0,"pdf_page_index=73,table_index=logical8,row_index=15"
OBS-202512-00637,2025-12,637,Katihar Kumedpur & Katihar Mukuria BG Doubling Project,Northeast Frontier Railway [NFR],617245,-,-,"Multi-States
(Bihar, West
Bengal)",08/2022,08/2022,08/2026,02/2027,942.64,942.64,461.36,60,"Katihar Kumedpur & Katihar Mukuria BG Doubling Project
(Northeast Frontier Railway [NFR])
(617245)","08/2022
(08/2022)","08/2026
(02/2027)","942.64
(942.64)",SRC-2025-12,07f56e5457c63192ae7b5b4036f975f7eb058a3364a25a87cdc6ce2369082401,73,72,All Ongoing Projects,6,pdfplumber_table,twelve_month_gate2:0.1.0,"pdf_page_index=73,table_index=logical8,row_index=16"
OBS-202512-00638,2025-12,638,Gondia - Dongargarh 4th line [84 Km],South Eastern Central Railway,618978,-,-,"Multi-States
(Chhattisgarh,
Maharashtra)",10/2025,10/2025,10/2030,-,2222.53,2222.53,0,0,"Gondia - Dongargarh 4th line [84 Km]
(South Eastern Central Railway)
(618978)","10/2025
(10/2025)","10/2030
(-)","2222.53
(2222.53)",SRC-2025-12,07f56e5457c63192ae7b5b4036f975f7eb058a3364a25a87cdc6ce2369082401,73,72,All Ongoing Projects,6,pdfplumber_table,twelve_month_gate2:0.1.0,"pdf_page_index=73,table_index=logical8,row_index=17"
OBS-202512-00639,2025-12,639,Rajnandgaon - Nagpur [Kalumna] Third Railway Line [228.30 km],South East Central Railway [SECR] - II,705617,-,-,"Multi-States
(Chhattisgarh,
Maharashtra)",09/2016,12/2016,12/2024,06/2026,3545,3545,3555.14,96,"Rajnandgaon - Nagpur [Kalumna] Third Railway Line [228.30 km]
(South East Central Railway [SECR] - II)
(705617)","09/2016
(12/2016)","12/2024
(06/2026)","3545
(3545)",SRC-2025-12,07f56e5457c63192ae7b5b4036f975f7eb058a3364a25a87cdc6ce2369082401,73,72,All Ongoing Projects,6,pdfplumber_table,twelve_month_gate2:0.1.0,"pdf_page_index=73,table_index=logical8,row_index=18"
OBS-202512-00640,2025-12,640,Sardega -Bhalumuda New Double line [37.24 Km],SECR,617390,-,-,"Multi-States
(Chhattisgarh,
Odisha)",09/2024,09/2024,03/2028,-,1281.81,1281.81,128.01,2,"Sardega -Bhalumuda New Double line [37.24 Km]
(SECR)
(617390)","09/2024
(09/2024)","03/2028
(-)","1281.81
(1281.81)",SRC-2025-12,07f56e5457c63192ae7b5b4036f975f7eb058a3364a25a87cdc6ce2369082401,73,72,All Ongoing Projects,6,pdfplumber_table,twelve_month_gate2:0.1.0,"pdf_page_index=73,table_index=logical8,row_index=19"
OBS-202512-00641,2025-12,641,Jagdalpur-Koraput,East Coast Railway [ECoR] - II,705511,-,-,"Multi-States
(Chhattisgarh,
Odisha)",12/2015,03/2016,03/2024,12/2026,1547,1547,1348.59,92,"Jagdalpur-Koraput
(East Coast Railway [ECoR] - II)
(705511)","12/2015
(03/2016)","03/2024
(12/2026)","1547
(1547)",SRC-2025-12,07f56e5457c63192ae7b5b4036f975f7eb058a3364a25a87cdc6ce2369082401,73,72,All Ongoing Projects,6,pdfplumber_table,twelve_month_gate2:0.1.0,"pdf_page_index=73,table_index=logical8,row_index=20"
OBS-202512-00642,2025-12,642,Jharsuguda-Bilaspur Fourth Railway Line [206 km],SECR,705616,-,-,"Multi-States
(Chhattisgarh,
Odisha)",09/2016,09/2016,10/2024,03/2026,2140,2979,2198.05,93,"Jharsuguda-Bilaspur Fourth Railway Line [206 km]
(SECR)
(705616)","09/2016
(09/2016)","10/2024
(03/2026)","2140
(2979)",SRC-2025-12,07f56e5457c63192ae7b5b4036f975f7eb058a3364a25a87cdc6ce2369082401,73,72,All Ongoing Projects,6,pdfplumber_table,twelve_month_gate2:0.1.0,"pdf_page_index=73,table_index=logical8,row_index=21"
OBS-202512-00643,2025-12,643,Mumbai-Ahmedabad High Speed Rail Project- 508 km,National High Speed Rail Corporation [NHSRC],705728,-,-,"Multi-States
(Dadra & Nagar
Haveli and Daman
& Diu, Gujarat,
Maharashtra)",03/2015,09/2017,08/2027,12/2029,108000,108000,85337.89,56,"Mumbai-Ahmedabad High Speed Rail Project- 508 km
(National High Speed Rail Corporation [NHSRC])
(705728)","03/2015
(09/2017)","08/2027
(12/2029)","108000
(108000)",SRC-2025-12,07f56e5457c63192ae7b5b4036f975f7eb058a3364a25a87cdc6ce2369082401,73,72,All Ongoing Projects,6,pdfplumber_table,twelve_month_gate2:0.1.0,"pdf_page_index=73,table_index=logical8,row_index=22"
OBS-202512-00644,2025-12,644,New Delhi- Mumbai Speed Booster[160Kmph] Project,PCE/WR,705793,-,-,"Multi-States (Delhi,
Gujarat, Madhya
Pradesh,
Maharashtra,
Rajasthan)",09/2019,09/2019,03/2024,-,6806.44,6806.44,135.65,0,"New Delhi- Mumbai Speed Booster[160Kmph] Project
(PCE/WR)
(705793)","09/2019
(09/2019)","03/2024
(-)","6806.44
(6806.44)",SRC-2025-12,07f56e5457c63192ae7b5b4036f975f7eb058a3364a25a87cdc6ce2369082401,73,72,All Ongoing Projects,6,pdfplumber_table,twelve_month_gate2:0.1.0,"pdf_page_index=73,table_index=logical8,row_index=23"
OBS-202512-00645,2025-12,645,Hospet - Tinaighat - Vasco Rail Doubling Project,RVNL - II,705650,-,-,"Multi-States (Goa,
Karnataka)",03/2010,07/2012,03/2027,12/2027,5060,5060,5271.61,86,"Hospet - Tinaighat - Vasco Rail Doubling Project
(RVNL - II)
(705650)","03/2010
(07/2012)","03/2027
(12/2027)","5060
(5060)",SRC-2025-12,07f56e5457c63192ae7b5b4036f975f7eb058a3364a25a87cdc6ce2369082401,73,72,All Ongoing Projects,6,pdfplumber_table,twelve_month_gate2:0.1.0,"pdf_page_index=73,table_index=logical8,row_index=24"
OBS-202512-00646,2025-12,646,Hospet-Hubli-Vasco da Gama Line Electrification Project,RVNL,706950,-,-,"Multi-States (Goa,
Karnataka)",07/2015,05/2018,03/2023,06/2026,744.49,1122.62,1149.24,99,"Hospet-Hubli-Vasco da Gama Line Electrification Project
(RVNL)
(706950)","07/2015
(05/2018)","03/2023
(06/2026)","744.49
(1122.62)",SRC-2025-12,07f56e5457c63192ae7b5b4036f975f7eb058a3364a25a87cdc6ce2369082401,73,72,All Ongoing Projects,6,pdfplumber_table,twelve_month_gate2:0.1.0,"pdf_page_index=73,table_index=logical8,row_index=25"
OBS-202512-00647,2025-12,647,Western Dedicated Freight Corridor,DFCCIL,705237,-,-,"Multi-States
(Gujarat, Haryana,
Maharashtra,
Rajasthan, Uttar
Pradesh)",02/2008,01/2012,03/2022,12/2025,51101,124005,124623,96,"Western Dedicated Freight Corridor
(DFCCIL)
(705237)","02/2008
(01/2012)","03/2022
(12/2025)","51101
(124005)",SRC-2025-12,07f56e5457c63192ae7b5b4036f975f7eb058a3364a25a87cdc6ce2369082401,73,72,All Ongoing Projects,6,pdfplumber_table,twelve_month_gate2:0.1.0,"pdf_page_index=73,table_index=logical8,row_index=26"
OBS-202512-00648,2025-12,648,"New line Dahod-Indore via Sardarpur, Jabuwa and Dhar",Western Railway [WR] - II,705453,-,-,"Multi-States
(Gujarat, Madhya
Pradesh)",06/2012,06/2012,02/2027,02/2027,456.07,3516.77,3945.04,52,"New line Dahod-Indore via Sardarpur, Jabuwa and Dhar
(Western Railway [WR] - II)
(705453)","06/2012
(06/2012)","02/2027
(02/2027)","456.07
(3516.77)",SRC-2025-12,07f56e5457c63192ae7b5b4036f975f7eb058a3364a25a87cdc6ce2369082401,73,72,All Ongoing Projects,6,pdfplumber_table,twelve_month_gate2:0.1.0,"pdf_page_index=73,table_index=logical8,row_index=27"
OBS-202512-00649,2025-12,649,Chhota Udaipur - Dhar New Line Project [157 km],Western Railway [WR] - II,705454,-,-,"Multi-States
(Gujarat, Madhya
Pradesh)",11/2008,01/2014,12/2025,12/2025,1794,1794,1815.94,80,"Chhota Udaipur - Dhar New Line Project [157 km]
(Western Railway [WR] - II)
(705454)","11/2008
(01/2014)","12/2025
(12/2025)","1794
(1794)",SRC-2025-12,07f56e5457c63192ae7b5b4036f975f7eb058a3364a25a87cdc6ce2369082401,73,72,All Ongoing Projects,6,pdfplumber_table,twelve_month_gate2:0.1.0,"pdf_page_index=73,table_index=logical8,row_index=28"
OBS-202512-00650,2025-12,650,"MUMBAI CENTRAL VIRAR VADODARA AHMEDABAAD TRAIN PROTECTION
SYSTEM 500 RKM",Western Railway,611452,-,-,"Multi-States
(Gujarat,
Maharashtra)",09/2019,03/2023,12/2025,12/2026,311,311,263.42,93,"MUMBAI CENTRAL VIRAR VADODARA AHMEDABAAD TRAIN PROTECTION
SYSTEM 500 RKM
(Western Railway)
(611452)","09/2019
(03/2023)","12/2025
(12/2026)","311
(311)",SRC-2025-12,07f56e5457c63192ae7b5b4036f975f7eb058a3364a25a87cdc6ce2369082401,74,73,All Ongoing Projects,6,pdfplumber_table,twelve_month_gate2:0.1.0,"pdf_page_index=74,table_index=logical8,row_index=1"
OBS-202512-00651,2025-12,651,Taranga Hill-Abu Road via Ambaji,North Western Railway [NWR],400022,-,-,"Multi-States
(Gujarat,
Rajasthan)",07/2022,07/2022,07/2030,07/2030,2798,2798,2098.09,17,"Taranga Hill-Abu Road via Ambaji
(North Western Railway [NWR])
(400022)","07/2022
(07/2022)","07/2030
(07/2030)","2798
(2798)",SRC-2025-12,07f56e5457c63192ae7b5b4036f975f7eb058a3364a25a87cdc6ce2369082401,74,73,All Ongoing Projects,6,pdfplumber_table,twelve_month_gate2:0.1.0,"pdf_page_index=74,table_index=logical8,row_index=2"
OBS-202512-00652,2025-12,652,LUNI- SAMDARI- BHILDI DOUBLING,North Western Railway [NWR],616842,-,-,"Multi-States
(Gujarat,
Rajasthan)",02/2024,02/2024,07/2027,-,3085.59,3085.59,468.4,13,"LUNI- SAMDARI- BHILDI DOUBLING
(North Western Railway [NWR])
(616842)","02/2024
(02/2024)","07/2027
(-)","3085.59
(3085.59)",SRC-2025-12,07f56e5457c63192ae7b5b4036f975f7eb058a3364a25a87cdc6ce2369082401,74,73,All Ongoing Projects,6,pdfplumber_table,twelve_month_gate2:0.1.0,"pdf_page_index=74,table_index=logical8,row_index=3"
OBS-202512-00653,2025-12,653,Chandigarh-Baddi New Rail Line- 36 km,Northen Railway [NR],705424,-,-,"Multi-States
(Haryana,
Himachal Pradesh)",02/2018,02/2018,12/2026,12/2026,1540,1540.13,554.36,37,"Chandigarh-Baddi New Rail Line- 36 km
(Northen Railway [NR])
(705424)","02/2018
(02/2018)","12/2026
(12/2026)","1540
(1540.13)",SRC-2025-12,07f56e5457c63192ae7b5b4036f975f7eb058a3364a25a87cdc6ce2369082401,74,73,All Ongoing Projects,6,pdfplumber_table,twelve_month_gate2:0.1.0,"pdf_page_index=74,table_index=logical8,row_index=4"
OBS-202512-00654,2025-12,654,Rewari - Kathuwas Doubling Project [27.72 Km],North Western Railway [NWR],611861,-,-,"Multi-States
(Haryana,
Rajasthan)",02/2023,12/2022,06/2027,06/2027,352,352,283.12,73,"Rewari - Kathuwas Doubling Project [27.72 Km]
(North Western Railway [NWR])
(611861)","02/2023
(12/2022)","06/2027
(06/2027)","352
(352)",SRC-2025-12,07f56e5457c63192ae7b5b4036f975f7eb058a3364a25a87cdc6ce2369082401,74,73,All Ongoing Projects,6,pdfplumber_table,twelve_month_gate2:0.1.0,"pdf_page_index=74,table_index=logical8,row_index=5"
OBS-202512-00655,2025-12,655,"Nangal Dam-Talwara New Broad Gauge Line [84 KM] and Taking Over Siding
Mukerian-Talwara [29 KM]",Northen Railway [NR],705410,-,-,"Multi-States
(Himachal
Pradesh, Punjab)",03/1983,05/1985,12/2025,12/2027,2018,2018,89486.62,83,"Nangal Dam-Talwara New Broad Gauge Line [84 KM] and Taking Over Siding
Mukerian-Talwara [29 KM]
(Northen Railway [NR])
(705410)","03/1983
(05/1985)","12/2025
(12/2027)","2018
(2018)",SRC-2025-12,07f56e5457c63192ae7b5b4036f975f7eb058a3364a25a87cdc6ce2369082401,74,73,All Ongoing Projects,6,pdfplumber_table,twelve_month_gate2:0.1.0,"pdf_page_index=74,table_index=logical8,row_index=6"
OBS-202512-00656,2025-12,656,Bhanupalli-Bilaspur-Beri New Railway Line Project,RVNL - II,705428,-,-,"Multi-States
(Himachal
Pradesh, Punjab)",03/2009,04/2015,12/2026,12/2027,13447,13447,7213.23,61,"Bhanupalli-Bilaspur-Beri New Railway Line Project
(RVNL - II)
(705428)","03/2009
(04/2015)","12/2026
(12/2027)","13447
(13447)",SRC-2025-12,07f56e5457c63192ae7b5b4036f975f7eb058a3364a25a87cdc6ce2369082401,74,73,All Ongoing Projects,6,pdfplumber_table,twelve_month_gate2:0.1.0,"pdf_page_index=74,table_index=logical8,row_index=7"
OBS-202512-00657,2025-12,657,Doubling of Hatia [Ranchi]-Bondamunda Rail Line - 159 km,South Eastern Railway - JH,705628,-,-,"Multi-States
(Jharkhand,
Odisha)",03/2016,02/2017,06/2025,06/2026,3029,3029.04,2533,87,"Doubling of Hatia [Ranchi]-Bondamunda Rail Line - 159 km
(South Eastern Railway - JH)
(705628)","03/2016
(02/2017)","06/2025
(06/2026)","3029
(3029.04)",SRC-2025-12,07f56e5457c63192ae7b5b4036f975f7eb058a3364a25a87cdc6ce2369082401,74,73,All Ongoing Projects,6,pdfplumber_table,twelve_month_gate2:0.1.0,"pdf_page_index=74,table_index=logical8,row_index=8"
OBS-202512-00658,2025-12,658,Buramara-Chakulia new line [59.96 km],South Eastern Railway [SER] - I,616588,-,-,"Multi-States
(Jharkhand,
Odisha, West
Bengal)",08/2024,12/2024,12/2029,-,1459.13,1459.13,4.68,0,"Buramara-Chakulia new line [59.96 km]
(South Eastern Railway [SER] - I)
(616588)","08/2024
(12/2024)","12/2029
(-)","1459.13
(1459.13)",SRC-2025-12,07f56e5457c63192ae7b5b4036f975f7eb058a3364a25a87cdc6ce2369082401,74,73,All Ongoing Projects,6,pdfplumber_table,twelve_month_gate2:0.1.0,"pdf_page_index=74,table_index=logical8,row_index=9"
OBS-202512-00659,2025-12,659,Chandil - Anara - Damodar - 3rd line [121.26 km],CAO/C/SER,616227,-,-,"Multi-States
(Jharkhand, West
Bengal)",09/2024,07/2025,09/2029,-,1932.01,1932.01,0.49,0,"Chandil - Anara - Damodar - 3rd line [121.26 km]
(CAO/C/SER)
(616227)","09/2024
(07/2025)","09/2029
(-)","1932.01
(1932.01)",SRC-2025-12,07f56e5457c63192ae7b5b4036f975f7eb058a3364a25a87cdc6ce2369082401,74,73,All Ongoing Projects,6,pdfplumber_table,twelve_month_gate2:0.1.0,"pdf_page_index=74,table_index=logical8,row_index=10"
OBS-202512-00660,2025-12,660,KHARAGPUR-ADITYAPUR THIRD RAIL LINE- 132 KM,RVNL - I,705668,-,-,"Multi-States
(Jharkhand, West
Bengal)",09/2016,01/2018,03/2025,06/2026,3250,3250,3247.89,97,"KHARAGPUR-ADITYAPUR THIRD RAIL LINE- 132 KM
(RVNL - I)
(705668)","09/2016
(01/2018)","03/2025
(06/2026)","3250
(3250)",SRC-2025-12,07f56e5457c63192ae7b5b4036f975f7eb058a3364a25a87cdc6ce2369082401,74,73,All Ongoing Projects,6,pdfplumber_table,twelve_month_gate2:0.1.0,"pdf_page_index=74,table_index=logical8,row_index=11"
OBS-202512-00661,2025-12,661,Hotgi-Kudgi-Gadag Doubling Project,South Western Railway [SWR] - II,705662,-,-,"Multi-States
(Karnataka,
Maharashtra)",04/2014,01/2016,12/2024,03/2026,1878,2459,2698.29,92,"Hotgi-Kudgi-Gadag Doubling Project
(South Western Railway [SWR] - II)
(705662)","04/2014
(01/2016)","12/2024
(03/2026)","1878
(2459)",SRC-2025-12,07f56e5457c63192ae7b5b4036f975f7eb058a3364a25a87cdc6ce2369082401,74,73,All Ongoing Projects,6,pdfplumber_table,twelve_month_gate2:0.1.0,"pdf_page_index=74,table_index=logical8,row_index=12"
OBS-202512-00662,2025-12,662,Baiyyappanahalli - Hosur Doubling Project [48 km],Karnataka Rail Infrastructure Development Company Limited [K-RIDE],703586,-,-,"Multi-States
(Karnataka, Tamil
Nadu)",04/2019,02/2019,03/2024,01/2026,498.7,748.7,658.4,86,"Baiyyappanahalli - Hosur Doubling Project [48 km]
(Karnataka Rail Infrastructure Development Company Limited [K-RIDE])
(703586)","04/2019
(02/2019)","03/2024
(01/2026)","498.7
(748.7)",SRC-2025-12,07f56e5457c63192ae7b5b4036f975f7eb058a3364a25a87cdc6ce2369082401,74,73,All Ongoing Projects,6,pdfplumber_table,twelve_month_gate2:0.1.0,"pdf_page_index=74,table_index=logical8,row_index=13"
OBS-202512-00663,2025-12,663,Trivandrum- Kanyakumari,Southern Railway (SR) - I,705635,-,-,"Multi-States
(Kerala, Tamil
Nadu)",08/2017,03/2016,03/2025,12/2026,1432,3785.45,2554.26,51,"Trivandrum- Kanyakumari
(Southern Railway (SR) - I)
(705635)","08/2017
(03/2016)","03/2025
(12/2026)","1432
(3785.45)",SRC-2025-12,07f56e5457c63192ae7b5b4036f975f7eb058a3364a25a87cdc6ce2369082401,74,73,All Ongoing Projects,6,pdfplumber_table,twelve_month_gate2:0.1.0,"pdf_page_index=74,table_index=logical8,row_index=14"
OBS-202512-00664,2025-12,664,Ratlam-Mhow-Khandwa-Akola Gauge Conversion,Western Railway [WR] - II,705457,-,-,"Multi-States
(Madhya Pradesh,
Maharashtra)",04/2008,03/2010,03/2027,09/2028,1656.25,6499.86,4570.33,82,"Ratlam-Mhow-Khandwa-Akola Gauge Conversion
(Western Railway [WR] - II)
(705457)","04/2008
(03/2010)","03/2027
(09/2028)","1656.25
(6499.86)",SRC-2025-12,07f56e5457c63192ae7b5b4036f975f7eb058a3364a25a87cdc6ce2369082401,74,73,All Ongoing Projects,6,pdfplumber_table,twelve_month_gate2:0.1.0,"pdf_page_index=74,table_index=logical8,row_index=15"
OBS-202512-00665,2025-12,665,Itarsi - Nagpur Third Railway Line [280 km],Central Railway [CR] - II,705507,-,-,"Multi-States
(Madhya Pradesh,
Maharashtra)",09/2016,09/2016,03/2027,12/2027,2449.91,2506.68,1985.94,55,"Itarsi - Nagpur Third Railway Line [280 km]
(Central Railway [CR] - II)
(705507)","09/2016
(09/2016)","03/2027
(12/2027)","2449.91
(2506.68)",SRC-2025-12,07f56e5457c63192ae7b5b4036f975f7eb058a3364a25a87cdc6ce2369082401,74,73,All Ongoing Projects,6,pdfplumber_table,twelve_month_gate2:0.1.0,"pdf_page_index=74,table_index=logical8,row_index=16"
OBS-202512-00666,2025-12,666,RATLAM- DUNGARPUR VIA BANSWARA NEW LINE PROJECT,North Western Railway [NWR],617406,-,-,"Multi-States
(Madhya Pradesh,
Rajasthan)",10/2015,05/2023,03/2028,-,2417.24,2417.24,6.79,8,"RATLAM- DUNGARPUR VIA BANSWARA NEW LINE PROJECT
(North Western Railway [NWR])
(617406)","10/2015
(05/2023)","03/2028
(-)","2417.24
(2417.24)",SRC-2025-12,07f56e5457c63192ae7b5b4036f975f7eb058a3364a25a87cdc6ce2369082401,74,73,All Ongoing Projects,6,pdfplumber_table,twelve_month_gate2:0.1.0,"pdf_page_index=74,table_index=logical8,row_index=17"
OBS-202512-00667,2025-12,667,Gwalior - Seopurkala with extension to Kota [Gauge Conversion],North Central Railway,705419,-,-,"Multi-States
(Madhya Pradesh,
Rajasthan)",03/2011,07/2018,03/2025,02/2026,2913,2913,2124.16,86,"Gwalior - Seopurkala with extension to Kota [Gauge Conversion]
(North Central Railway)
(705419)","03/2011
(07/2018)","03/2025
(02/2026)","2913
(2913)",SRC-2025-12,07f56e5457c63192ae7b5b4036f975f7eb058a3364a25a87cdc6ce2369082401,74,73,All Ongoing Projects,6,pdfplumber_table,twelve_month_gate2:0.1.0,"pdf_page_index=74,table_index=logical8,row_index=18"
OBS-202512-00668,2025-12,668,Ramganjmandi-Bhopal New Line Project [262 km],West Central Railway [WCR] - II,705481,-,-,"Multi-States
(Madhya Pradesh,
Rajasthan)",03/2001,10/2004,12/2025,12/2027,3032,5073,3817.81,78,"Ramganjmandi-Bhopal New Line Project [262 km]
(West Central Railway [WCR] - II)
(705481)","03/2001
(10/2004)","12/2025
(12/2027)","3032
(5073)",SRC-2025-12,07f56e5457c63192ae7b5b4036f975f7eb058a3364a25a87cdc6ce2369082401,74,73,All Ongoing Projects,6,pdfplumber_table,twelve_month_gate2:0.1.0,"pdf_page_index=74,table_index=logical8,row_index=19"
OBS-202512-00669,2025-12,669,Nimach-Badi Sadri New Rail Line Project,Western Railway [WR] - II,705764,-,-,"Multi-States
(Madhya Pradesh,
Rajasthan)",04/2017,09/2021,03/2026,06/2026,495,825,151.77,58,"Nimach-Badi Sadri New Rail Line Project
(Western Railway [WR] - II)
(705764)","04/2017
(09/2021)","03/2026
(06/2026)","495
(825)",SRC-2025-12,07f56e5457c63192ae7b5b4036f975f7eb058a3364a25a87cdc6ce2369082401,74,73,All Ongoing Projects,6,pdfplumber_table,twelve_month_gate2:0.1.0,"pdf_page_index=74,table_index=logical8,row_index=20"
OBS-202512-00670,2025-12,670,Mathura-Jhansi Third Railway Line [274 Km],RVNL - II,705667,-,-,"Multi-States
(Madhya Pradesh,
Rajasthan, Uttar
Pradesh)",12/2015,03/2018,12/2024,12/2026,5961,5961,5050.26,94,"Mathura-Jhansi Third Railway Line [274 Km]
(RVNL - II)
(705667)","12/2015
(03/2018)","12/2024
(12/2026)","5961
(5961)",SRC-2025-12,07f56e5457c63192ae7b5b4036f975f7eb058a3364a25a87cdc6ce2369082401,74,73,All Ongoing Projects,6,pdfplumber_table,twelve_month_gate2:0.1.0,"pdf_page_index=74,table_index=logical8,row_index=21"
OBS-202512-00671,2025-12,671,Jhansi - Bina Third Railway Line [153 Km],CAO/C/NCR,705598,-,-,"Multi-States
(Madhya Pradesh,
Uttar Pradesh)",09/2016,03/2018,03/2022,03/2026,2002,2002,1843.19,93,"Jhansi - Bina Third Railway Line [153 Km]
(CAO/C/NCR)
(705598)","09/2016
(03/2018)","03/2022
(03/2026)","2002
(2002)",SRC-2025-12,07f56e5457c63192ae7b5b4036f975f7eb058a3364a25a87cdc6ce2369082401,74,73,All Ongoing Projects,6,pdfplumber_table,twelve_month_gate2:0.1.0,"pdf_page_index=74,table_index=logical8,row_index=22"
OBS-202512-00672,2025-12,672,Jhansi-Khairar-Manikpur & Khirar-Bhimsen,North Central Railway,705608,-,-,"Multi-States
(Madhya Pradesh,
Uttar Pradesh)",03/2018,04/2019,03/2026,03/2026,4330,4330,2388.71,62,"Jhansi-Khairar-Manikpur & Khirar-Bhimsen
(North Central Railway)
(705608)","03/2018
(04/2019)","03/2026
(03/2026)","4330
(4330)",SRC-2025-12,07f56e5457c63192ae7b5b4036f975f7eb058a3364a25a87cdc6ce2369082401,74,73,All Ongoing Projects,6,pdfplumber_table,twelve_month_gate2:0.1.0,"pdf_page_index=74,table_index=logical8,row_index=23"
OBS-202512-00673,2025-12,673,Third Line [new] between Kazipet - Balharshah with electrification [201.04 Km],South Central Railway [SCR] - II,705613,-,-,"Multi-States
(Maharashtra,
Telangana)",09/2016,10/2016,01/2025,11/2025,2595,3071,3580.19,94,"Third Line [new] between Kazipet - Balharshah with electrification [201.04 Km]
(South Central Railway [SCR] - II)
(705613)","09/2016
(10/2016)","01/2025
(11/2025)","2595
(3071)",SRC-2025-12,07f56e5457c63192ae7b5b4036f975f7eb058a3364a25a87cdc6ce2369082401,74,73,All Ongoing Projects,6,pdfplumber_table,twelve_month_gate2:0.1.0,"pdf_page_index=74,table_index=logical8,row_index=24"
OBS-202512-00674,2025-12,674,Narayangarh-Bhadrak 3rd line,South Eastern Railway [SER] - I,705629,-,-,"Multi-States
(Odisha, West
Bengal)",03/2019,03/2017,12/2025,06/2026,2400,3425.32,2404.72,66,"Narayangarh-Bhadrak 3rd line
(South Eastern Railway [SER] - I)
(705629)","03/2019
(03/2017)","12/2025
(06/2026)","2400
(3425.32)",SRC-2025-12,07f56e5457c63192ae7b5b4036f975f7eb058a3364a25a87cdc6ce2369082401,74,73,All Ongoing Projects,6,pdfplumber_table,twelve_month_gate2:0.1.0,"pdf_page_index=74,table_index=logical8,row_index=25"
OBS-202512-00675,2025-12,675,Nagapattinam-Tiruturaipundi and Karaikal-Peralam New Line,Ministry of Railways,400223,-,-,"Multi-States
(Puducherry, Tamil
Nadu)",07/2008,01/2019,03/2027,03/2028,713,981,633.24,80,"Nagapattinam-Tiruturaipundi and Karaikal-Peralam New Line
(Ministry of Railways)
(400223)","07/2008
(01/2019)","03/2027
(03/2028)","713
(981)",SRC-2025-12,07f56e5457c63192ae7b5b4036f975f7eb058a3364a25a87cdc6ce2369082401,74,73,All Ongoing Projects,6,pdfplumber_table,twelve_month_gate2:0.1.0,"pdf_page_index=74,table_index=logical8,row_index=26"
OBS-202512-00676,2025-12,676,Sivok-Rangpo New Rail Line,Indian Railway Construction International Limited [IRCON],705432,-,-,"Multi-States
(Sikkim, West
Bengal)",10/2009,05/2010,05/2015,12/2027,7877,11775,9861.45,90,"Sivok-Rangpo New Rail Line
(Indian Railway Construction International Limited [IRCON])
(705432)","10/2009
(05/2010)","05/2015
(12/2027)","7877
(11775)",SRC-2025-12,07f56e5457c63192ae7b5b4036f975f7eb058a3364a25a87cdc6ce2369082401,74,73,All Ongoing Projects,6,pdfplumber_table,twelve_month_gate2:0.1.0,"pdf_page_index=74,table_index=logical8,row_index=27"
OBS-202512-00677,2025-12,677,"Sainthia, Sitarampur, Mughalsarai, Allahabad & Etawah - Bypass Line Project",Eastern Railway [ER] - I,602797,-,-,"Multi-States (Uttar
Pradesh, West
Bengal)",08/2017,12/2017,03/2027,03/2027,461.64,461.64,197.33,9,"Sainthia, Sitarampur, Mughalsarai, Allahabad & Etawah - Bypass Line Project
(Eastern Railway [ER] - I)
(602797)","08/2017
(12/2017)","03/2027
(03/2027)","461.64
(461.64)",SRC-2025-12,07f56e5457c63192ae7b5b4036f975f7eb058a3364a25a87cdc6ce2369082401,74,73,All Ongoing Projects,6,pdfplumber_table,twelve_month_gate2:0.1.0,"pdf_page_index=74,table_index=logical8,row_index=28"
OBS-202512-00678,2025-12,678,"Jharsuguda-Barpali-Sardega Ph II Works- Rail Connectivity for Coal Loading Bulb at
Barpali.",South Eastern Railway [SER] - I,400006,-,-,Odisha,10/2021,10/2021,10/2025,12/2025,808.99,808.99,505.01,31,"Jharsuguda-Barpali-Sardega Ph II Works- Rail Connectivity for Coal Loading Bulb at
Barpali.
(South Eastern Railway [SER] - I)
(400006)","10/2021
(10/2021)","10/2025
(12/2025)","808.99
(808.99)",SRC-2025-12,07f56e5457c63192ae7b5b4036f975f7eb058a3364a25a87cdc6ce2369082401,74,73,All Ongoing Projects,6,pdfplumber_table,twelve_month_gate2:0.1.0,"pdf_page_index=74,table_index=logical8,row_index=29"
OBS-202512-00679,2025-12,679,"Proposed 6 nos Road Over Bridge [ROB] at different locations under MCL Talcher
Under Deposit Scheme.",East Coast Railway [ECoR] - II,400045,-,-,Odisha,08/2022,07/2022,03/2025,01/2025,168.32,168.32,69.85,82,"Proposed 6 nos Road Over Bridge [ROB] at different locations under MCL Talcher
Under Deposit Scheme.
(East Coast Railway [ECoR] - II)
(400045)","08/2022
(07/2022)","03/2025
(01/2025)","168.32
(168.32)",SRC-2025-12,07f56e5457c63192ae7b5b4036f975f7eb058a3364a25a87cdc6ce2369082401,75,74,All Ongoing Projects,6,pdfplumber_table,twelve_month_gate2:0.1.0,"pdf_page_index=75,table_index=logical8,row_index=1"
OBS-202512-00680,2025-12,680,"Doubling of Lingaraj SILO connectivity of NTPC line and augmentation of NTPC
exchange yard and NTPC Block Cabin.",East Coast Railway [ECoR] - II,400047,-,-,Odisha,08/2022,06/2022,12/2024,07/2024,210,210,13.17,40,"Doubling of Lingaraj SILO connectivity of NTPC line and augmentation of NTPC
exchange yard and NTPC Block Cabin.
(East Coast Railway [ECoR] - II)
(400047)","08/2022
(06/2022)","12/2024
(07/2024)","210
(210)",SRC-2025-12,07f56e5457c63192ae7b5b4036f975f7eb058a3364a25a87cdc6ce2369082401,75,74,All Ongoing Projects,6,pdfplumber_table,twelve_month_gate2:0.1.0,"pdf_page_index=75,table_index=logical8,row_index=2"
OBS-202512-00681,2025-12,681,Doubling of lines connecting the loading spurs in Talcher Yard.,East Coast Railway [ECoR] - II,400048,-,-,Odisha,09/2022,06/2022,12/2024,09/2024,186.21,186.21,45,80,"Doubling of lines connecting the loading spurs in Talcher Yard.
(East Coast Railway [ECoR] - II)
(400048)","09/2022
(06/2022)","12/2024
(09/2024)","186.21
(186.21)",SRC-2025-12,07f56e5457c63192ae7b5b4036f975f7eb058a3364a25a87cdc6ce2369082401,75,74,All Ongoing Projects,6,pdfplumber_table,twelve_month_gate2:0.1.0,"pdf_page_index=75,table_index=logical8,row_index=3"
OBS-202512-00682,2025-12,682,Brundamal-Jharsuguda- flyover connection for joining downline,East Coast Railway [ECoR] - II,400232,-,-,Odisha,01/2014,01/2014,12/2026,12/2026,297,297,215.87,46,"Brundamal-Jharsuguda- flyover connection for joining downline
(East Coast Railway [ECoR] - II)
(400232)","01/2014
(01/2014)","12/2026
(12/2026)","297
(297)",SRC-2025-12,07f56e5457c63192ae7b5b4036f975f7eb058a3364a25a87cdc6ce2369082401,75,74,All Ongoing Projects,6,pdfplumber_table,twelve_month_gate2:0.1.0,"pdf_page_index=75,table_index=logical8,row_index=4"
OBS-202512-00683,2025-12,683,3rd & 4th line between Sarla - Sason [8 km] [PB 73/2023-24/NR],East Coast Railway [ECoR] - II,612834,-,-,Odisha,04/2023,04/2023,12/2025,-,252,252,97.64,68,"3rd & 4th line between Sarla - Sason [8 km] [PB 73/2023-24/NR]
(East Coast Railway [ECoR] - II)
(612834)","04/2023
(04/2023)","12/2025
(-)","252
(252)",SRC-2025-12,07f56e5457c63192ae7b5b4036f975f7eb058a3364a25a87cdc6ce2369082401,75,74,All Ongoing Projects,6,pdfplumber_table,twelve_month_gate2:0.1.0,"pdf_page_index=75,table_index=logical8,row_index=5"
OBS-202512-00684,2025-12,684,Bangriposi-Gorumahisani new line [ 85.60 km ],CAO/C/SER,616586,-,-,Odisha,08/2024,09/2025,12/2029,-,2269.49,2269.49,4.12,0,"Bangriposi-Gorumahisani new line [ 85.60 km ]
(CAO/C/SER)
(616586)","08/2024
(09/2025)","12/2029
(-)","2269.49
(2269.49)",SRC-2025-12,07f56e5457c63192ae7b5b4036f975f7eb058a3364a25a87cdc6ce2369082401,75,74,All Ongoing Projects,6,pdfplumber_table,twelve_month_gate2:0.1.0,"pdf_page_index=75,table_index=logical8,row_index=6"
OBS-202512-00685,2025-12,685,Badampahar-Kendujhargarh new line [82.06 km],CAO/C/SER,616587,-,-,Odisha,08/2024,09/2025,12/2029,-,1875.72,1875.72,1.13,0,"Badampahar-Kendujhargarh new line [82.06 km]
(CAO/C/SER)
(616587)","08/2024
(09/2025)","12/2029
(-)","1875.72
(1875.72)",SRC-2025-12,07f56e5457c63192ae7b5b4036f975f7eb058a3364a25a87cdc6ce2369082401,75,74,All Ongoing Projects,6,pdfplumber_table,twelve_month_gate2:0.1.0,"pdf_page_index=75,table_index=logical8,row_index=7"
OBS-202512-00686,2025-12,686,Flyover between Siju and Paradeep coaching Yard to avoid Surface crossing of trains,East Coast Railway [ECoR] - II,616694,-,-,Odisha,04/2023,10/2025,07/2028,-,200.77,200.77,30,2,"Flyover between Siju and Paradeep coaching Yard to avoid Surface crossing of trains
(East Coast Railway [ECoR] - II)
(616694)","04/2023
(10/2025)","07/2028
(-)","200.77
(200.77)",SRC-2025-12,07f56e5457c63192ae7b5b4036f975f7eb058a3364a25a87cdc6ce2369082401,75,74,All Ongoing Projects,6,pdfplumber_table,twelve_month_gate2:0.1.0,"pdf_page_index=75,table_index=logical8,row_index=8"
OBS-202512-00687,2025-12,687,Paradeep - Badabandha 3rd & 4th Line / 18.51kms,East Coast Railway [ECoR] - II,616695,-,-,Odisha,08/2023,04/2025,11/2028,-,300.15,300.15,0.1,5,"Paradeep - Badabandha 3rd & 4th Line / 18.51kms
(East Coast Railway [ECoR] - II)
(616695)","08/2023
(04/2025)","11/2028
(-)","300.15
(300.15)",SRC-2025-12,07f56e5457c63192ae7b5b4036f975f7eb058a3364a25a87cdc6ce2369082401,75,74,All Ongoing Projects,6,pdfplumber_table,twelve_month_gate2:0.1.0,"pdf_page_index=75,table_index=logical8,row_index=9"
OBS-202512-00688,2025-12,688,New Line between Junagarh - Nabarangpur [116.21 Km],Indian Railway,618995,-,-,Odisha,08/2024,08/2025,08/2030,-,2864.51,2864.51,0,0,"New Line between Junagarh - Nabarangpur [116.21 Km]
(Indian Railway)
(618995)","08/2024
(08/2025)","08/2030
(-)","2864.51
(2864.51)",SRC-2025-12,07f56e5457c63192ae7b5b4036f975f7eb058a3364a25a87cdc6ce2369082401,75,74,All Ongoing Projects,6,pdfplumber_table,twelve_month_gate2:0.1.0,"pdf_page_index=75,table_index=logical8,row_index=10"
OBS-202512-00689,2025-12,689,Khurda-Bolangir New Broad Gauge Rail Link [301km],East Coast Railway [ECoR] - II,705358,-,-,Odisha,03/1994,03/2001,12/2026,12/2026,3792,5089,5315.25,90,"Khurda-Bolangir New Broad Gauge Rail Link [301km]
(East Coast Railway [ECoR] - II)
(705358)","03/1994
(03/2001)","12/2026
(12/2026)","3792
(5089)",SRC-2025-12,07f56e5457c63192ae7b5b4036f975f7eb058a3364a25a87cdc6ce2369082401,75,74,All Ongoing Projects,6,pdfplumber_table,twelve_month_gate2:0.1.0,"pdf_page_index=75,table_index=logical8,row_index=11"
OBS-202512-00690,2025-12,690,Talcher-Bimlagarh New Railway Line,East Coast Railway [ECoR] - II,705359,-,-,Odisha,03/2004,12/2004,03/2025,03/2027,1928,1928,1995.82,50,"Talcher-Bimlagarh New Railway Line
(East Coast Railway [ECoR] - II)
(705359)","03/2004
(12/2004)","03/2025
(03/2027)","1928
(1928)",SRC-2025-12,07f56e5457c63192ae7b5b4036f975f7eb058a3364a25a87cdc6ce2369082401,75,74,All Ongoing Projects,6,pdfplumber_table,twelve_month_gate2:0.1.0,"pdf_page_index=75,table_index=logical8,row_index=12"
OBS-202512-00691,2025-12,691,Bhadrak-Nergundi Third Line,East Coast Railway [ECoR] - II,705510,-,-,Odisha,10/2015,04/2015,11/2024,01/2026,1284,1284,1323.62,91,"Bhadrak-Nergundi Third Line
(East Coast Railway [ECoR] - II)
(705510)","10/2015
(04/2015)","11/2024
(01/2026)","1284
(1284)",SRC-2025-12,07f56e5457c63192ae7b5b4036f975f7eb058a3364a25a87cdc6ce2369082401,75,74,All Ongoing Projects,6,pdfplumber_table,twelve_month_gate2:0.1.0,"pdf_page_index=75,table_index=logical8,row_index=13"
OBS-202512-00692,2025-12,692,Koraput - Singapur Railway Doubling,East Coast Railway [ECoR] - II,705513,-,-,Odisha,12/2015,12/2015,12/2027,03/2028,2362,2362,1856.42,71,"Koraput - Singapur Railway Doubling
(East Coast Railway [ECoR] - II)
(705513)","12/2015
(12/2015)","12/2027
(03/2028)","2362
(2362)",SRC-2025-12,07f56e5457c63192ae7b5b4036f975f7eb058a3364a25a87cdc6ce2369082401,75,74,All Ongoing Projects,6,pdfplumber_table,twelve_month_gate2:0.1.0,"pdf_page_index=75,table_index=logical8,row_index=14"
OBS-202512-00693,2025-12,693,Jarapada- Budhapank with flyover at Talcher road 3rd and 4th Line,East Coast Railway [ECoR] - II,705514,-,-,Odisha,11/2015,12/2015,11/2018,03/2026,1000,810.02,428.84,58,"Jarapada- Budhapank with flyover at Talcher road 3rd and 4th Line
(East Coast Railway [ECoR] - II)
(705514)","11/2015
(12/2015)","11/2018
(03/2026)","1000
(810.02)",SRC-2025-12,07f56e5457c63192ae7b5b4036f975f7eb058a3364a25a87cdc6ce2369082401,75,74,All Ongoing Projects,6,pdfplumber_table,twelve_month_gate2:0.1.0,"pdf_page_index=75,table_index=logical8,row_index=15"
OBS-202512-00694,2025-12,694,3rd & 4th Railway Line Project from Salegaon to Budhapank via Rajathgarh.,East Coast Railway [ECoR] - II,705515,-,-,Odisha,07/2013,12/2015,03/2026,03/2026,1173,2092,2063.93,85,"3rd & 4th Railway Line Project from Salegaon to Budhapank via Rajathgarh.
(East Coast Railway [ECoR] - II)
(705515)","07/2013
(12/2015)","03/2026
(03/2026)","1173
(2092)",SRC-2025-12,07f56e5457c63192ae7b5b4036f975f7eb058a3364a25a87cdc6ce2369082401,75,74,All Ongoing Projects,6,pdfplumber_table,twelve_month_gate2:0.1.0,"pdf_page_index=75,table_index=logical8,row_index=16"
OBS-202512-00695,2025-12,695,Jeypore-Navarangpur New Rail Line Project,East Coast Railway [ECoR] - II,705741,-,-,Odisha,07/2017,04/2023,07/2028,12/2029,748,748,13.16,1,"Jeypore-Navarangpur New Rail Line Project
(East Coast Railway [ECoR] - II)
(705741)","07/2017
(04/2023)","07/2028
(12/2029)","748
(748)",SRC-2025-12,07f56e5457c63192ae7b5b4036f975f7eb058a3364a25a87cdc6ce2369082401,75,74,All Ongoing Projects,6,pdfplumber_table,twelve_month_gate2:0.1.0,"pdf_page_index=75,table_index=logical8,row_index=17"
OBS-202512-00696,2025-12,696,Jeypore-Malkanagiri New Railway Line Project,East Coast Railway [ECoR] - II,705742,-,-,Odisha,02/2018,12/2023,07/2033,07/2033,2344,2344,491.99,20,"Jeypore-Malkanagiri New Railway Line Project
(East Coast Railway [ECoR] - II)
(705742)","02/2018
(12/2023)","07/2033
(07/2033)","2344
(2344)",SRC-2025-12,07f56e5457c63192ae7b5b4036f975f7eb058a3364a25a87cdc6ce2369082401,75,74,All Ongoing Projects,6,pdfplumber_table,twelve_month_gate2:0.1.0,"pdf_page_index=75,table_index=logical8,row_index=18"
OBS-202512-00697,2025-12,697,Khurda Road - Balangir Electrification of Railway Track Project,Ministry of Railways,706898,-,-,Odisha,09/2018,09/2019,03/2021,-,267.61,267.61,0,0,"Khurda Road - Balangir Electrification of Railway Track Project
(Ministry of Railways)
(706898)","09/2018
(09/2019)","03/2021
(-)","267.61
(267.61)",SRC-2025-12,07f56e5457c63192ae7b5b4036f975f7eb058a3364a25a87cdc6ce2369082401,75,74,All Ongoing Projects,6,pdfplumber_table,twelve_month_gate2:0.1.0,"pdf_page_index=75,table_index=logical8,row_index=19"
OBS-202512-00698,2025-12,698,GANDHAMARDAN IRON ORE MINES TO GOALDIH STATION/12.76kms,East Coast Railway [ECoR] - II,709811,-,-,Odisha,09/2022,05/2025,09/2027,09/2027,190,189.93,0,0,"GANDHAMARDAN IRON ORE MINES TO GOALDIH STATION/12.76kms
(East Coast Railway [ECoR] - II)
(709811)","09/2022
(05/2025)","09/2027
(09/2027)","190
(189.93)",SRC-2025-12,07f56e5457c63192ae7b5b4036f975f7eb058a3364a25a87cdc6ce2369082401,75,74,All Ongoing Projects,6,pdfplumber_table,twelve_month_gate2:0.1.0,"pdf_page_index=75,table_index=logical8,row_index=20"
OBS-202512-00699,2025-12,699,"Jaynagar-Bijalpura, incl. extn. Bet, Bijalpura-Bardibas [Nepal]",East Central Railway [ECR] - I,705362,-,-,Offshore,08/2015,03/2011,03/2022,03/2026,819,819,580.51,75,"Jaynagar-Bijalpura, incl. extn. Bet, Bijalpura-Bardibas [Nepal]
(East Central Railway [ECR] - I)
(705362)","08/2015
(03/2011)","03/2022
(03/2026)","819
(819)",SRC-2025-12,07f56e5457c63192ae7b5b4036f975f7eb058a3364a25a87cdc6ce2369082401,75,74,All Ongoing Projects,6,pdfplumber_table,twelve_month_gate2:0.1.0,"pdf_page_index=75,table_index=logical8,row_index=21"
OBS-202512-00700,2025-12,700,North Region Video Surveillance Project,RCIL,705298,-,-,PAN India,06/2020,04/2023,03/2024,-,274.39,274.39,0,48,"North Region Video Surveillance Project
(RCIL)
(705298)","06/2020
(04/2023)","03/2024
(-)","274.39
(274.39)",SRC-2025-12,07f56e5457c63192ae7b5b4036f975f7eb058a3364a25a87cdc6ce2369082401,75,74,All Ongoing Projects,6,pdfplumber_table,twelve_month_gate2:0.1.0,"pdf_page_index=75,table_index=logical8,row_index=22"
OBS-202512-00701,2025-12,701,Ludhiana- Killa Raipur Railway Doubling Project,Railway,705783,-,-,Punjab,03/2019,12/2022,03/2025,03/2026,237.64,238,135.92,56,"Ludhiana- Killa Raipur Railway Doubling Project
(Railway)
(705783)","03/2019
(12/2022)","03/2025
(03/2026)","237.64
(238)",SRC-2025-12,07f56e5457c63192ae7b5b4036f975f7eb058a3364a25a87cdc6ce2369082401,75,74,All Ongoing Projects,6,pdfplumber_table,twelve_month_gate2:0.1.0,"pdf_page_index=75,table_index=logical8,row_index=23"
OBS-202512-00702,2025-12,702,"Devgarh Madariya - Nathdwara Gauge Conversion [82.54 Km] part of Marwar - Mavli
Gauge Conversion [152 Km]",North Western Railway [NWR],611849,-,-,Rajasthan,01/2023,01/2023,06/2028,06/2028,968.92,968.92,192.98,57,"Devgarh Madariya - Nathdwara Gauge Conversion [82.54 Km] part of Marwar - Mavli
Gauge Conversion [152 Km]
(North Western Railway [NWR])
(611849)","01/2023
(01/2023)","06/2028
(06/2028)","968.92
(968.92)",SRC-2025-12,07f56e5457c63192ae7b5b4036f975f7eb058a3364a25a87cdc6ce2369082401,75,74,All Ongoing Projects,6,pdfplumber_table,twelve_month_gate2:0.1.0,"pdf_page_index=75,table_index=logical8,row_index=24"
OBS-202512-00703,2025-12,703,"Maintenance cum workshop depot for Vande Bharat Sleeper Trains as per conditions
under WTA 527",WPO/Patna,611929,-,-,Rajasthan,09/2022,06/2023,12/2024,-,166.86,166.86,0,0,"Maintenance cum workshop depot for Vande Bharat Sleeper Trains as per conditions
under WTA 527
(WPO/Patna)
(611929)","09/2022
(06/2023)","12/2024
(-)","166.86
(166.86)",SRC-2025-12,07f56e5457c63192ae7b5b4036f975f7eb058a3364a25a87cdc6ce2369082401,75,74,All Ongoing Projects,6,pdfplumber_table,twelve_month_gate2:0.1.0,"pdf_page_index=75,table_index=logical8,row_index=25"
OBS-202512-00704,2025-12,704,PUSHKAR- MERTA CITY NEW LINE,North Western Railway [NWR],616841,-,-,Rajasthan,02/2024,02/2024,12/2026,-,799.64,799.64,75.45,6,"PUSHKAR- MERTA CITY NEW LINE
(North Western Railway [NWR])
(616841)","02/2024
(02/2024)","12/2026
(-)","799.64
(799.64)",SRC-2025-12,07f56e5457c63192ae7b5b4036f975f7eb058a3364a25a87cdc6ce2369082401,75,74,All Ongoing Projects,6,pdfplumber_table,twelve_month_gate2:0.1.0,"pdf_page_index=75,table_index=logical8,row_index=26"
OBS-202512-00705,2025-12,705,AJMER- CHANDERIYA DOUBLING,North Western Railway [NWR],616843,-,-,Rajasthan,02/2024,02/2024,06/2027,-,1634.79,1634.79,203.52,9,"AJMER- CHANDERIYA DOUBLING
(North Western Railway [NWR])
(616843)","02/2024
(02/2024)","06/2027
(-)","1634.79
(1634.79)",SRC-2025-12,07f56e5457c63192ae7b5b4036f975f7eb058a3364a25a87cdc6ce2369082401,75,74,All Ongoing Projects,6,pdfplumber_table,twelve_month_gate2:0.1.0,"pdf_page_index=75,table_index=logical8,row_index=27"
OBS-202512-00706,2025-12,706,SADULPUR - CHURU DOUBLING PROJECT,North Western Railway [NWR],617403,-,-,Rajasthan,01/2024,01/2024,06/2026,-,468.64,468.64,136.58,55,"SADULPUR - CHURU DOUBLING PROJECT
(North Western Railway [NWR])
(617403)","01/2024
(01/2024)","06/2026
(-)","468.64
(468.64)",SRC-2025-12,07f56e5457c63192ae7b5b4036f975f7eb058a3364a25a87cdc6ce2369082401,75,74,All Ongoing Projects,6,pdfplumber_table,twelve_month_gate2:0.1.0,"pdf_page_index=75,table_index=logical8,row_index=28"
OBS-202512-00707,2025-12,707,POKHRAN - RAMDEVRA New Line,North Western Railway [NWR],617404,-,-,Rajasthan,04/2025,04/2025,03/2028,-,189.21,189.21,0,0,"POKHRAN - RAMDEVRA New Line
(North Western Railway [NWR])
(617404)","04/2025
(04/2025)","03/2028
(-)","189.21
(189.21)",SRC-2025-12,07f56e5457c63192ae7b5b4036f975f7eb058a3364a25a87cdc6ce2369082401,75,74,All Ongoing Projects,6,pdfplumber_table,twelve_month_gate2:0.1.0,"pdf_page_index=75,table_index=logical8,row_index=29"
OBS-202512-00708,2025-12,708,NATHDWARA- NATHDWARA TOWN NL,North Western Railway [NWR],617408,-,-,Rajasthan,03/2019,04/2024,03/2027,-,166.33,166.33,89.62,5,"NATHDWARA- NATHDWARA TOWN NL
(North Western Railway [NWR])
(617408)","03/2019
(04/2024)","03/2027
(-)","166.33
(166.33)",SRC-2025-12,07f56e5457c63192ae7b5b4036f975f7eb058a3364a25a87cdc6ce2369082401,75,74,All Ongoing Projects,6,pdfplumber_table,twelve_month_gate2:0.1.0,"pdf_page_index=75,table_index=logical8,row_index=30"
OBS-202512-00709,2025-12,709,Dholpur - Sirmuttra Gauge Conversion,North Central Railway,705482,-,-,Rajasthan,03/2022,04/2020,02/2019,02/2027,747,747,436.56,45,"Dholpur - Sirmuttra Gauge Conversion
(North Central Railway)
(705482)","03/2022
(04/2020)","02/2019
(02/2027)","747
(747)",SRC-2025-12,07f56e5457c63192ae7b5b4036f975f7eb058a3364a25a87cdc6ce2369082401,76,75,All Ongoing Projects,6,pdfplumber_table,twelve_month_gate2:0.1.0,"pdf_page_index=76,table_index=logical8,row_index=1"
OBS-202512-00710,2025-12,710,Gudha-Thatha Mithri Construction of Railway Track Project,North Western Railway [NWR],705752,-,-,Rajasthan,04/2019,04/2019,11/2026,11/2026,819.48,967.06,393.8,99,"Gudha-Thatha Mithri Construction of Railway Track Project
(North Western Railway [NWR])
(705752)","04/2019
(04/2019)","11/2026
(11/2026)","819.48
(967.06)",SRC-2025-12,07f56e5457c63192ae7b5b4036f975f7eb058a3364a25a87cdc6ce2369082401,76,75,All Ongoing Projects,6,pdfplumber_table,twelve_month_gate2:0.1.0,"pdf_page_index=76,table_index=logical8,row_index=2"
OBS-202512-00711,2025-12,711,Sawai Madhopur-Jaipur Railway Line Project,North Western Railway [NWR],705912,-,-,Rajasthan,02/2024,04/2023,03/2027,-,1203.89,1203.89,137.81,13,"Sawai Madhopur-Jaipur Railway Line Project
(North Western Railway [NWR])
(705912)","02/2024
(04/2023)","03/2027
(-)","1203.89
(1203.89)",SRC-2025-12,07f56e5457c63192ae7b5b4036f975f7eb058a3364a25a87cdc6ce2369082401,76,75,All Ongoing Projects,6,pdfplumber_table,twelve_month_gate2:0.1.0,"pdf_page_index=76,table_index=logical8,row_index=3"
OBS-202512-00712,2025-12,712,Agra Fort-Bandikui Doubling Line Project,CAO/C/NCR,705919,-,-,Rajasthan,06/2022,02/2021,06/2027,06/2027,1390,1390,362.92,57,"Agra Fort-Bandikui Doubling Line Project
(CAO/C/NCR)
(705919)","06/2022
(02/2021)","06/2027
(06/2027)","1390
(1390)",SRC-2025-12,07f56e5457c63192ae7b5b4036f975f7eb058a3364a25a87cdc6ce2369082401,76,75,All Ongoing Projects,6,pdfplumber_table,twelve_month_gate2:0.1.0,"pdf_page_index=76,table_index=logical8,row_index=4"
OBS-202512-00713,2025-12,713,Sawaimadhopur Bye Pass Line Project,North Western Railway [NWR],706866,-,-,Rajasthan,12/2022,01/2023,03/2026,05/2027,304,304,60.48,65,"Sawaimadhopur Bye Pass Line Project
(North Western Railway [NWR])
(706866)","12/2022
(01/2023)","03/2026
(05/2027)","304
(304)",SRC-2025-12,07f56e5457c63192ae7b5b4036f975f7eb058a3364a25a87cdc6ce2369082401,76,75,All Ongoing Projects,6,pdfplumber_table,twelve_month_gate2:0.1.0,"pdf_page_index=76,table_index=logical8,row_index=5"
OBS-202512-00714,2025-12,714,Phase II extension of MRTS from Velachery to St Thomas Mount,Ministry of Railways,400280,-,-,Tamil Nadu,11/2007,11/2008,07/2025,09/2025,734,734.01,479.19,99,"Phase II extension of MRTS from Velachery to St Thomas Mount
(Ministry of Railways)
(400280)","11/2007
(11/2008)","07/2025
(09/2025)","734
(734.01)",SRC-2025-12,07f56e5457c63192ae7b5b4036f975f7eb058a3364a25a87cdc6ce2369082401,76,75,All Ongoing Projects,6,pdfplumber_table,twelve_month_gate2:0.1.0,"pdf_page_index=76,table_index=logical8,row_index=6"
OBS-202512-00715,2025-12,715,Redevelopment of Chennai Egmore Station,Ministry of Railways,613002,-,-,Tamil Nadu,05/2022,10/2022,03/2026,-,842,842,340,0,"Redevelopment of Chennai Egmore Station
(Ministry of Railways)
(613002)","05/2022
(10/2022)","03/2026
(-)","842
(842)",SRC-2025-12,07f56e5457c63192ae7b5b4036f975f7eb058a3364a25a87cdc6ce2369082401,76,75,All Ongoing Projects,6,pdfplumber_table,twelve_month_gate2:0.1.0,"pdf_page_index=76,table_index=logical8,row_index=7"
OBS-202512-00716,2025-12,716,Coach Production Factory Upgradation Project,CPM/ICF,705244,-,-,Tamil Nadu,12/2017,07/2018,12/2021,-,520,520,192.25,0,"Coach Production Factory Upgradation Project
(CPM/ICF)
(705244)","12/2017
(07/2018)","12/2021
(-)","520
(520)",SRC-2025-12,07f56e5457c63192ae7b5b4036f975f7eb058a3364a25a87cdc6ce2369082401,76,75,All Ongoing Projects,6,pdfplumber_table,twelve_month_gate2:0.1.0,"pdf_page_index=76,table_index=logical8,row_index=8"
OBS-202512-00717,2025-12,717,Doubling between Bhadrachalam Road and Dornakal,South Central Railway [SCR] - II,616856,-,-,Telangana,08/2023,04/2025,04/2029,-,770.12,770.12,48.35,0,"Doubling between Bhadrachalam Road and Dornakal
(South Central Railway [SCR] - II)
(616856)","08/2023
(04/2025)","04/2029
(-)","770.12
(770.12)",SRC-2025-12,07f56e5457c63192ae7b5b4036f975f7eb058a3364a25a87cdc6ce2369082401,76,75,All Ongoing Projects,6,pdfplumber_table,twelve_month_gate2:0.1.0,"pdf_page_index=76,table_index=logical8,row_index=9"
OBS-202512-00718,2025-12,718,Railway Manufacturing Unit,RVNL - II,617409,-,-,Telangana,07/2016,02/2023,12/2026,03/2026,521.36,521.36,439.95,80,"Railway Manufacturing Unit
(RVNL - II)
(617409)","07/2016
(02/2023)","12/2026
(03/2026)","521.36
(521.36)",SRC-2025-12,07f56e5457c63192ae7b5b4036f975f7eb058a3364a25a87cdc6ce2369082401,76,75,All Ongoing Projects,6,pdfplumber_table,twelve_month_gate2:0.1.0,"pdf_page_index=76,table_index=logical8,row_index=10"
OBS-202512-00719,2025-12,719,Kazipet Wagon Overhauling Project,RVNL,705252,-,-,Telangana,09/2017,07/2017,12/2023,-,385,385,0,0,"Kazipet Wagon Overhauling Project
(RVNL)
(705252)","09/2017
(07/2017)","12/2023
(-)","385
(385)",SRC-2025-12,07f56e5457c63192ae7b5b4036f975f7eb058a3364a25a87cdc6ce2369082401,76,75,All Ongoing Projects,6,pdfplumber_table,twelve_month_gate2:0.1.0,"pdf_page_index=76,table_index=logical8,row_index=11"
OBS-202512-00720,2025-12,720,Manoharabad-Kothapalli New Rail Line [151 km],South Central Railway [SCR] - II,705437,-,-,Telangana,07/2016,01/2017,03/2027,12/2027,1160,2781,2332.39,71,"Manoharabad-Kothapalli New Rail Line [151 km]
(South Central Railway [SCR] - II)
(705437)","07/2016
(01/2017)","03/2027
(12/2027)","1160
(2781)",SRC-2025-12,07f56e5457c63192ae7b5b4036f975f7eb058a3364a25a87cdc6ce2369082401,76,75,All Ongoing Projects,6,pdfplumber_table,twelve_month_gate2:0.1.0,"pdf_page_index=76,table_index=logical8,row_index=12"
OBS-202512-00721,2025-12,721,Bahraich-Shravasti-Balrampur-Siddharthnagar -Santkabir nagar,North Eastern Railway [NER],400204,-,-,Uttar Pradesh,10/2018,03/2017,10/2030,10/2030,4939.78,4939.78,1263.98,8,"Bahraich-Shravasti-Balrampur-Siddharthnagar -Santkabir nagar
(North Eastern Railway [NER])
(400204)","10/2018
(03/2017)","10/2030
(10/2030)","4939.78
(4939.78)",SRC-2025-12,07f56e5457c63192ae7b5b4036f975f7eb058a3364a25a87cdc6ce2369082401,76,75,All Ongoing Projects,6,pdfplumber_table,twelve_month_gate2:0.1.0,"pdf_page_index=76,table_index=logical8,row_index=13"
OBS-202512-00722,2025-12,722,Sahjanwa-Dohrighat,North Eastern Railway [NER],400205,-,-,Uttar Pradesh,08/2019,03/2017,03/2029,03/2029,1319.75,1319.75,511.08,3,"Sahjanwa-Dohrighat
(North Eastern Railway [NER])
(400205)","08/2019
(03/2017)","03/2029
(03/2029)","1319.75
(1319.75)",SRC-2025-12,07f56e5457c63192ae7b5b4036f975f7eb058a3364a25a87cdc6ce2369082401,76,75,All Ongoing Projects,6,pdfplumber_table,twelve_month_gate2:0.1.0,"pdf_page_index=76,table_index=logical8,row_index=14"
OBS-202512-00723,2025-12,723,"Varanasi-Pt. Deen Dayal Upadhyaya multitracking 15km including construction of new
Rail-cum-Road Bridge across Ganga River.",Northern Railways,617213,-,-,Uttar Pradesh,10/2024,10/2025,10/2029,-,2464.46,2464.46,0,0,"Varanasi-Pt. Deen Dayal Upadhyaya multitracking 15km including construction of new
Rail-cum-Road Bridge across Ganga River.
(Northern Railways)
(617213)","10/2024
(10/2025)","10/2029
(-)","2464.46
(2464.46)",SRC-2025-12,07f56e5457c63192ae7b5b4036f975f7eb058a3364a25a87cdc6ce2369082401,76,75,All Ongoing Projects,6,pdfplumber_table,twelve_month_gate2:0.1.0,"pdf_page_index=76,table_index=logical8,row_index=15"
OBS-202512-00724,2025-12,724,Anandnagar - Ghugli via Maharajganj New line 52.7 km,Construction NER,617252,-,-,Uttar Pradesh,10/2023,11/2023,03/2028,-,958.27,958.27,455.29,23,"Anandnagar - Ghugli via Maharajganj New line 52.7 km
(Construction NER)
(617252)","10/2023
(11/2023)","03/2028
(-)","958.27
(958.27)",SRC-2025-12,07f56e5457c63192ae7b5b4036f975f7eb058a3364a25a87cdc6ce2369082401,76,75,All Ongoing Projects,6,pdfplumber_table,twelve_month_gate2:0.1.0,"pdf_page_index=76,table_index=logical8,row_index=16"
OBS-202512-00725,2025-12,725,Chunar-Chopan doubling project,North Central Railway,617284,-,-,Uttar Pradesh,08/2023,01/2025,03/2028,-,1423.96,1423.96,64.45,8,"Chunar-Chopan doubling project
(North Central Railway)
(617284)","08/2023
(01/2025)","03/2028
(-)","1423.96
(1423.96)",SRC-2025-12,07f56e5457c63192ae7b5b4036f975f7eb058a3364a25a87cdc6ce2369082401,76,75,All Ongoing Projects,6,pdfplumber_table,twelve_month_gate2:0.1.0,"pdf_page_index=76,table_index=logical8,row_index=17"
OBS-202512-00726,2025-12,726,Surface triangle line bet. Bhadura stn and new crossing stn Karma,East Central Railway [ECR] - I,617333,-,-,Uttar Pradesh,10/2022,05/2024,02/2027,-,199.96,199.96,1.05,0,"Surface triangle line bet. Bhadura stn and new crossing stn Karma
(East Central Railway [ECR] - I)
(617333)","10/2022
(05/2024)","02/2027
(-)","199.96
(199.96)",SRC-2025-12,07f56e5457c63192ae7b5b4036f975f7eb058a3364a25a87cdc6ce2369082401,76,75,All Ongoing Projects,6,pdfplumber_table,twelve_month_gate2:0.1.0,"pdf_page_index=76,table_index=logical8,row_index=18"
OBS-202512-00727,2025-12,727,Doubling between Jaunpur Jn - Zaffarabad 6.28 km,M/S SRC company Infra Private Limited,617370,-,-,Uttar Pradesh,03/2023,02/2025,01/2027,-,180.66,180.66,4,13,"Doubling between Jaunpur Jn - Zaffarabad 6.28 km
(M/S SRC company Infra Private Limited)
(617370)","03/2023
(02/2025)","01/2027
(-)","180.66
(180.66)",SRC-2025-12,07f56e5457c63192ae7b5b4036f975f7eb058a3364a25a87cdc6ce2369082401,76,75,All Ongoing Projects,6,pdfplumber_table,twelve_month_gate2:0.1.0,"pdf_page_index=76,table_index=logical8,row_index=19"
OBS-202512-00728,2025-12,728,Burhwal Gonda 3rd line,North Eastern Railway [NER],705567,-,-,Uttar Pradesh,11/2017,07/2019,03/2025,01/2026,1016,1118,1461.48,88,"Burhwal Gonda 3rd line
(North Eastern Railway [NER])
(705567)","11/2017
(07/2019)","03/2025
(01/2026)","1016
(1118)",SRC-2025-12,07f56e5457c63192ae7b5b4036f975f7eb058a3364a25a87cdc6ce2369082401,76,75,All Ongoing Projects,6,pdfplumber_table,twelve_month_gate2:0.1.0,"pdf_page_index=76,table_index=logical8,row_index=20"
OBS-202512-00729,2025-12,729,Janghai-Pratapgarh- Amethi,CAO/C/II/NR,705588,-,-,Uttar Pradesh,11/2017,03/2017,03/2025,03/2026,722,1194,1601,70,"Janghai-Pratapgarh- Amethi
(CAO/C/II/NR)
(705588)","11/2017
(03/2017)","03/2025
(03/2026)","722
(1194)",SRC-2025-12,07f56e5457c63192ae7b5b4036f975f7eb058a3364a25a87cdc6ce2369082401,76,75,All Ongoing Projects,6,pdfplumber_table,twelve_month_gate2:0.1.0,"pdf_page_index=76,table_index=logical8,row_index=21"
OBS-202512-00730,2025-12,730,Lalitpur-Birari with flyover at Lalitpur- 16 Km,North Central Railway,705766,-,-,Uttar Pradesh,03/2017,11/2017,12/2024,01/2026,304.44,356,241.27,80,"Lalitpur-Birari with flyover at Lalitpur- 16 Km
(North Central Railway)
(705766)","03/2017
(11/2017)","12/2024
(01/2026)","304.44
(356)",SRC-2025-12,07f56e5457c63192ae7b5b4036f975f7eb058a3364a25a87cdc6ce2369082401,76,75,All Ongoing Projects,6,pdfplumber_table,twelve_month_gate2:0.1.0,"pdf_page_index=76,table_index=logical8,row_index=22"
OBS-202512-00731,2025-12,731,Allahabad-Bamhrauli Flyover Construction & 4th Railway Line Project,North Central Railway,705771,-,-,Uttar Pradesh,04/2019,10/2020,03/2026,03/2026,494,494,371.2,67,"Allahabad-Bamhrauli Flyover Construction & 4th Railway Line Project
(North Central Railway)
(705771)","04/2019
(10/2020)","03/2026
(03/2026)","494
(494)",SRC-2025-12,07f56e5457c63192ae7b5b4036f975f7eb058a3364a25a87cdc6ce2369082401,76,75,All Ongoing Projects,6,pdfplumber_table,twelve_month_gate2:0.1.0,"pdf_page_index=76,table_index=logical8,row_index=23"
OBS-202512-00732,2025-12,732,"Mughalsarai-Allahabad, 3rd line",North Central Railway,705772,-,-,Uttar Pradesh,12/2015,03/2016,12/2026,03/2027,2649,2649.44,1728.5,66,"Mughalsarai-Allahabad, 3rd line
(North Central Railway)
(705772)","12/2015
(03/2016)","12/2026
(03/2027)","2649
(2649.44)",SRC-2025-12,07f56e5457c63192ae7b5b4036f975f7eb058a3364a25a87cdc6ce2369082401,76,75,All Ongoing Projects,6,pdfplumber_table,twelve_month_gate2:0.1.0,"pdf_page_index=76,table_index=logical8,row_index=24"
OBS-202512-00733,2025-12,733,Aligarh -Daud Khan Flyover Construction & 3rd Railway Line Project,CAO/C/NCR,705774,-,-,Uttar Pradesh,04/2019,09/2020,01/2025,03/2027,758,779.49,421.6,73,"Aligarh -Daud Khan Flyover Construction & 3rd Railway Line Project
(CAO/C/NCR)
(705774)","04/2019
(09/2020)","01/2025
(03/2027)","758
(779.49)",SRC-2025-12,07f56e5457c63192ae7b5b4036f975f7eb058a3364a25a87cdc6ce2369082401,76,75,All Ongoing Projects,6,pdfplumber_table,twelve_month_gate2:0.1.0,"pdf_page_index=76,table_index=logical8,row_index=25"
OBS-202512-00734,2025-12,734,Bhandai - Flyover for Etawah bound down train- 10 Km,North Central Railway (NCR) - II,705777,-,-,Uttar Pradesh,07/2020,04/2021,02/2026,02/2027,250.18,250.18,115.69,8,"Bhandai - Flyover for Etawah bound down train- 10 Km
(North Central Railway (NCR) - II)
(705777)","07/2020
(04/2021)","02/2026
(02/2027)","250.18
(250.18)",SRC-2025-12,07f56e5457c63192ae7b5b4036f975f7eb058a3364a25a87cdc6ce2369082401,76,75,All Ongoing Projects,6,pdfplumber_table,twelve_month_gate2:0.1.0,"pdf_page_index=76,table_index=logical8,row_index=26"
OBS-202512-00735,2025-12,735,Bhatni-Aurnihar with electrification excluding Indara-Mau,RVNL - I,705780,-,-,Uttar Pradesh,03/2018,03/2017,12/2024,03/2026,2529,2529.46,2080.41,94,"Bhatni-Aurnihar with electrification excluding Indara-Mau
(RVNL - I)
(705780)","03/2018
(03/2017)","12/2024
(03/2026)","2529
(2529.46)",SRC-2025-12,07f56e5457c63192ae7b5b4036f975f7eb058a3364a25a87cdc6ce2369082401,76,75,All Ongoing Projects,6,pdfplumber_table,twelve_month_gate2:0.1.0,"pdf_page_index=76,table_index=logical8,row_index=27"
OBS-202512-00736,2025-12,736,Barabanki-Malhaur 3rd & 4th Railway Line Project,Ministry of Railways,705782,-,-,Uttar Pradesh,01/2019,04/2017,03/2025,03/2026,407,407,317,75,"Barabanki-Malhaur 3rd & 4th Railway Line Project
(Ministry of Railways)
(705782)","01/2019
(04/2017)","03/2025
(03/2026)","407
(407)",SRC-2025-12,07f56e5457c63192ae7b5b4036f975f7eb058a3364a25a87cdc6ce2369082401,76,75,All Ongoing Projects,6,pdfplumber_table,twelve_month_gate2:0.1.0,"pdf_page_index=76,table_index=logical8,row_index=28"
OBS-202512-00737,2025-12,737,Rishikesh-Karnaprayag New Rail Line- 125 km,RVNL - II,705429,-,-,Uttarakhand,11/2016,08/2018,12/2025,12/2028,38953,38953,26840.95,72,"Rishikesh-Karnaprayag New Rail Line- 125 km
(RVNL - II)
(705429)","11/2016
(08/2018)","12/2025
(12/2028)","38953
(38953)",SRC-2025-12,07f56e5457c63192ae7b5b4036f975f7eb058a3364a25a87cdc6ce2369082401,76,75,All Ongoing Projects,6,pdfplumber_table,twelve_month_gate2:0.1.0,"pdf_page_index=76,table_index=logical8,row_index=29"
OBS-202512-00738,2025-12,738,"Kalinarayanpur-Krishnanagar Doubling Alongwith Krishnanagar - Chapra New Line
And Naihati-Ranaghat 3rd Line.",Eastern Railway [ER] - I,400247,-,-,West Bengal,07/2015,11/2005,02/2027,02/2027,1000,1000,1054.94,69,"Kalinarayanpur-Krishnanagar Doubling Alongwith Krishnanagar - Chapra New Line
And Naihati-Ranaghat 3rd Line.
(Eastern Railway [ER] - I)
(400247)","07/2015
(11/2005)","02/2027
(02/2027)","1000
(1000)",SRC-2025-12,07f56e5457c63192ae7b5b4036f975f7eb058a3364a25a87cdc6ce2369082401,76,75,All Ongoing Projects,6,pdfplumber_table,twelve_month_gate2:0.1.0,"pdf_page_index=76,table_index=logical8,row_index=30"
OBS-202512-00739,2025-12,739,Tarakeshwar-Bishnupur New Line [82.47 km],Eastern Railway [ER] - I,400273,-,-,West Bengal,03/2001,02/2008,03/2019,02/2026,1189,1542,1338.36,92,"Tarakeshwar-Bishnupur New Line [82.47 km]
(Eastern Railway [ER] - I)
(400273)","03/2001
(02/2008)","03/2019
(02/2026)","1189
(1542)",SRC-2025-12,07f56e5457c63192ae7b5b4036f975f7eb058a3364a25a87cdc6ce2369082401,77,76,All Ongoing Projects,6,pdfplumber_table,twelve_month_gate2:0.1.0,"pdf_page_index=77,table_index=logical8,row_index=1"
OBS-202512-00740,2025-12,740,Dum Dum Airport-New Garia via Rajarhat-Construction of Metro Railway,RVNL - II,400277,-,-,West Bengal,03/2010,10/2011,12/2025,03/2026,8964,8964,8428.89,85,"Dum Dum Airport-New Garia via Rajarhat-Construction of Metro Railway
(RVNL - II)
(400277)","03/2010
(10/2011)","12/2025
(03/2026)","8964
(8964)",SRC-2025-12,07f56e5457c63192ae7b5b4036f975f7eb058a3364a25a87cdc6ce2369082401,77,76,All Ongoing Projects,6,pdfplumber_table,twelve_month_gate2:0.1.0,"pdf_page_index=77,table_index=logical8,row_index=2"
OBS-202512-00741,2025-12,741,Construction of Balurghat-Hilli new BG Line,Northeast Frontier Railway [NFR],612096,-,-,West Bengal,12/2010,12/2010,03/2027,03/2027,1209,1181.57,428.37,12,"Construction of Balurghat-Hilli new BG Line
(Northeast Frontier Railway [NFR])
(612096)","12/2010
(12/2010)","03/2027
(03/2027)","1209
(1181.57)",SRC-2025-12,07f56e5457c63192ae7b5b4036f975f7eb058a3364a25a87cdc6ce2369082401,77,76,All Ongoing Projects,6,pdfplumber_table,twelve_month_gate2:0.1.0,"pdf_page_index=77,table_index=logical8,row_index=3"
OBS-202512-00742,2025-12,742,"SER Upgradation of maintenance infrastructure at Shalimar into Vande Bharat Chair
Car maintenance cum workshop depot.",South Eastern Railway - JH,617345,-,-,West Bengal,03/2024,12/2024,10/2026,-,226.87,226.87,33.7,36,"SER Upgradation of maintenance infrastructure at Shalimar into Vande Bharat Chair
Car maintenance cum workshop depot.
(South Eastern Railway - JH)
(617345)","03/2024
(12/2024)","10/2026
(-)","226.87
(226.87)",SRC-2025-12,07f56e5457c63192ae7b5b4036f975f7eb058a3364a25a87cdc6ce2369082401,77,76,All Ongoing Projects,6,pdfplumber_table,twelve_month_gate2:0.1.0,"pdf_page_index=77,table_index=logical8,row_index=4"
OBS-202512-00743,2025-12,743,Joka-BBD Bag new metro project,RVNL - II,705730,-,-,West Bengal,03/2010,04/2010,12/2026,12/2029,4835,10362,4740.17,51,"Joka-BBD Bag new metro project
(RVNL - II)
(705730)","03/2010
(04/2010)","12/2026
(12/2029)","4835
(10362)",SRC-2025-12,07f56e5457c63192ae7b5b4036f975f7eb058a3364a25a87cdc6ce2369082401,77,76,All Ongoing Projects,6,pdfplumber_table,twelve_month_gate2:0.1.0,"pdf_page_index=77,table_index=logical8,row_index=5"
OBS-202512-00744,2025-12,744,Noapara-Barasat via Bimanbandar - Construction of Metro railway [18 km],"Metro Railway, Kolkata",706776,-,-,West Bengal,11/2010,03/2010,08/2026,03/2029,4830,4830,2764.13,32,"Noapara-Barasat via Bimanbandar - Construction of Metro railway [18 km]
(Metro Railway, Kolkata)
(706776)","11/2010
(03/2010)","08/2026
(03/2029)","4830
(4830)",SRC-2025-12,07f56e5457c63192ae7b5b4036f975f7eb058a3364a25a87cdc6ce2369082401,77,76,All Ongoing Projects,6,pdfplumber_table,twelve_month_gate2:0.1.0,"pdf_page_index=77,table_index=logical8,row_index=6"
OBS-202512-00745,2025-12,745,Baranagar-Barrackpore and Dakshineshwar- Construction of Metro Railway,RVNL - II,706777,-,-,West Bengal,03/2010,03/2010,12/2026,12/2030,2298,2734,393.01,17,"Baranagar-Barrackpore and Dakshineshwar- Construction of Metro Railway
(RVNL - II)
(706777)","03/2010
(03/2010)","12/2026
(12/2030)","2298
(2734)",SRC-2025-12,07f56e5457c63192ae7b5b4036f975f7eb058a3364a25a87cdc6ce2369082401,77,76,All Ongoing Projects,6,pdfplumber_table,twelve_month_gate2:0.1.0,"pdf_page_index=77,table_index=logical8,row_index=7"
OBS-202512-00746,2025-12,746,Krishnapatnam Node - Phase 1 - Roads and Services Development,National Industrial Corridor Development Corporation,701658,-,-,Andhra Pradesh,12/2020,02/2024,02/2028,-,2139.44,2139.44,568.22,27,"Krishnapatnam Node - Phase 1 - Roads and Services Development
(National Industrial Corridor Development Corporation)
(701658)","12/2020
(02/2024)","02/2028
(-)","2139.44
(2139.44)",SRC-2025-12,07f56e5457c63192ae7b5b4036f975f7eb058a3364a25a87cdc6ce2369082401,77,76,All Ongoing Projects,6,pdfplumber_table,twelve_month_gate2:0.1.0,"pdf_page_index=77,table_index=logical8,row_index=11"
OBS-202512-00747,2025-12,747,Tumakuru Node - Phase 1 - Roads and Services Development,National Highways & Infrastructure Development Corporation Ltd. [NHIDCL],701657,-,-,Karnataka,12/2020,02/2023,09/2026,-,1701.81,1701.81,184.16,17,"Tumakuru Node - Phase 1 - Roads and Services Development
(National Highways & Infrastructure Development Corporation Ltd. [NHIDCL])
(701657)","12/2020
(02/2023)","09/2026
(-)","1701.81
(1701.81)",SRC-2025-12,07f56e5457c63192ae7b5b4036f975f7eb058a3364a25a87cdc6ce2369082401,77,76,All Ongoing Projects,6,pdfplumber_table,twelve_month_gate2:0.1.0,"pdf_page_index=77,table_index=logical8,row_index=12"
OBS-202512-00748,2025-12,748,"Rehabilitation and Up-gradation from Km 170700 Bhadrachalam to Km 234567 Konta
on NH-30 to Two lane with Paved Shoulder in the State of Andra Pradesh on EPC
mode.",MoRTH,617907,-,-,Andhra Pradesh,12/2021,09/2022,09/2024,-,436.09,436.09,207.05,89,"Rehabilitation and Up-gradation from Km 170700 Bhadrachalam to Km 234567 Konta
on NH-30 to Two lane with Paved Shoulder in the State of Andra Pradesh on EPC
mode.
(MoRTH)
(617907)","12/2021
(09/2022)","09/2024
(-)","436.09
(436.09)",SRC-2025-12,07f56e5457c63192ae7b5b4036f975f7eb058a3364a25a87cdc6ce2369082401,77,76,All Ongoing Projects,6,pdfplumber_table,twelve_month_gate2:0.1.0,"pdf_page_index=77,table_index=logical8,row_index=16"
OBS-202512-00749,2025-12,749,"Tadipatri Bypass Km 0000 to Km 6285 of 4-Lane on NH-67 in Anantapuramu district
of AP state under NHO on EPC Mode under Annual Plan 2022-23",MoRTH,617949,-,-,Andhra Pradesh,03/2023,03/2024,03/2026,-,159.66,159.66,32.57,69,"Tadipatri Bypass Km 0000 to Km 6285 of 4-Lane on NH-67 in Anantapuramu district
of AP state under NHO on EPC Mode under Annual Plan 2022-23
(MoRTH)
(617949)","03/2023
(03/2024)","03/2026
(-)","159.66
(159.66)",SRC-2025-12,07f56e5457c63192ae7b5b4036f975f7eb058a3364a25a87cdc6ce2369082401,77,76,All Ongoing Projects,6,pdfplumber_table,twelve_month_gate2:0.1.0,"pdf_page_index=77,table_index=logical8,row_index=17"
OBS-202512-00750,2025-12,750,"Gudivada Town 2 RoB, and Road improvement NH-165",MoRTH,617984,-,-,Andhra Pradesh,03/2022,05/2023,05/2025,-,317.22,317.22,0,67,"Gudivada Town 2 RoB, and Road improvement NH-165
(MoRTH)
(617984)","03/2022
(05/2023)","05/2025
(-)","317.22
(317.22)",SRC-2025-12,07f56e5457c63192ae7b5b4036f975f7eb058a3364a25a87cdc6ce2369082401,77,76,All Ongoing Projects,6,pdfplumber_table,twelve_month_gate2:0.1.0,"pdf_page_index=77,table_index=logical8,row_index=18"
OBS-202512-00751,2025-12,751,"Widening to two lane with paved shoulders from Km 0/0 to 64/020 Pamarru to
Akiveedu",MoRTH,617985,-,-,Andhra Pradesh,03/2020,11/2021,11/2023,02/2024,529.54,588.65,0,0,"Widening to two lane with paved shoulders from Km 0/0 to 64/020 Pamarru to
Akiveedu
(MoRTH)
(617985)","03/2020
(11/2021)","11/2023
(02/2024)","529.54
(588.65)",SRC-2025-12,07f56e5457c63192ae7b5b4036f975f7eb058a3364a25a87cdc6ce2369082401,77,76,All Ongoing Projects,6,pdfplumber_table,twelve_month_gate2:0.1.0,"pdf_page_index=77,table_index=logical8,row_index=19"
OBS-202512-00752,2025-12,752,"Kurnool/Kadapa Border-Jammalamadugu section of NH-167K i.e. Design Ch. Km
248010 to km 269900 to 2",MoRTH,617986,-,-,Andhra Pradesh,03/2023,12/2024,12/2026,-,292.63,292.63,0,40,"Kurnool/Kadapa Border-Jammalamadugu section of NH-167K i.e. Design Ch. Km
248010 to km 269900 to 2
(MoRTH)
(617986)","03/2023
(12/2024)","12/2026
(-)","292.63
(292.63)",SRC-2025-12,07f56e5457c63192ae7b5b4036f975f7eb058a3364a25a87cdc6ce2369082401,77,76,All Ongoing Projects,6,pdfplumber_table,twelve_month_gate2:0.1.0,"pdf_page_index=77,table_index=logical8,row_index=20"
OBS-202512-00753,2025-12,753,"Construction of bypass road to Adoni town connecting NH-167 Hagari - Jadcharla
road from km.62/700 to 71/400 in Kurnool District in the State of Andhra Pradesh.",MoRTH,617990,-,-,Andhra Pradesh,03/2023,02/2024,11/2025,-,242,242,78.49,95,"Construction of bypass road to Adoni town connecting NH-167 Hagari - Jadcharla
road from km.62/700 to 71/400 in Kurnool District in the State of Andhra Pradesh.
(MoRTH)
(617990)","03/2023
(02/2024)","11/2025
(-)","242
(242)",SRC-2025-12,07f56e5457c63192ae7b5b4036f975f7eb058a3364a25a87cdc6ce2369082401,77,76,All Ongoing Projects,6,pdfplumber_table,twelve_month_gate2:0.1.0,"pdf_page_index=77,table_index=logical8,row_index=21"
OBS-202512-00754,2025-12,754,"Rehabilitation and up-gradation of NH-167 from Km 14/900 to Km70/000 Design Ch.
14/900 to 69/700 Chintakunta to Adoni section to two lane with paved shoulders in the
State of Andhra Pradesh under Corridor Approach through Engineering, Procurement",MoRTH,617991,-,-,Andhra Pradesh,11/2016,05/2017,05/2019,11/2020,290.15,290.15,0,0,"Rehabilitation and up-gradation of NH-167 from Km 14/900 to Km70/000 Design Ch.
14/900 to 69/700 Chintakunta to Adoni section to two lane with paved shoulders in the
State of Andhra Pradesh under Corridor Approach through Engineering, Procurement
(MoRTH)
(617991)","11/2016
(05/2017)","05/2019
(11/2020)","290.15
(290.15)",SRC-2025-12,07f56e5457c63192ae7b5b4036f975f7eb058a3364a25a87cdc6ce2369082401,77,76,All Ongoing Projects,6,pdfplumber_table,twelve_month_gate2:0.1.0,"pdf_page_index=77,table_index=logical8,row_index=22"
OBS-202512-00755,2025-12,755,"Rehabilitation and Up-gradation of existin of road from 2-lane to 2-lane with paved
shoulders from km. 0.00 to km 53.590 total length-53.590 km of Raychoti to Vempalli
section of NH-440 in the State of Andhra Pradesh on EPC mode.",MoRTH,618037,-,-,Andhra Pradesh,12/2021,05/2022,05/2024,-,439.82,359.52,121.22,0,"Rehabilitation and Up-gradation of existin of road from 2-lane to 2-lane with paved
shoulders from km. 0.00 to km 53.590 total length-53.590 km of Raychoti to Vempalli
section of NH-440 in the State of Andhra Pradesh on EPC mode.
(MoRTH)
(618037)","12/2021
(05/2022)","05/2024
(-)","439.82
(359.52)",SRC-2025-12,07f56e5457c63192ae7b5b4036f975f7eb058a3364a25a87cdc6ce2369082401,77,76,All Ongoing Projects,6,pdfplumber_table,twelve_month_gate2:0.1.0,"pdf_page_index=77,table_index=logical8,row_index=23"
OBS-202512-00756,2025-12,756,"Dornala to Kunta Junction from Design Chainage Km 244000 to 267990 section of
NH-765 Package-2",MoRTH,618062,-,-,Andhra Pradesh,12/2022,03/2024,09/2025,-,244.83,244.83,0,83,"Dornala to Kunta Junction from Design Chainage Km 244000 to 267990 section of
NH-765 Package-2
(MoRTH)
(618062)","12/2022
(03/2024)","09/2025
(-)","244.83
(244.83)",SRC-2025-12,07f56e5457c63192ae7b5b4036f975f7eb058a3364a25a87cdc6ce2369082401,77,76,All Ongoing Projects,6,pdfplumber_table,twelve_month_gate2:0.1.0,"pdf_page_index=77,table_index=logical8,row_index=24"
OBS-202512-00757,2025-12,757,"Widening to two lane with paved shoulder of Rampachodavaram - Koyyuru section of
NH 516E from Km 43700 to Km 113820 in the State of Andhra Pradesh on EPC
mode Job No. 737",MoRTH,618145,-,-,Andhra Pradesh,03/2022,01/2023,01/2025,-,568.12,568.12,289.47,92,"Widening to two lane with paved shoulder of Rampachodavaram - Koyyuru section of
NH 516E from Km 43700 to Km 113820 in the State of Andhra Pradesh on EPC
mode Job No. 737
(MoRTH)
(618145)","03/2022
(01/2023)","01/2025
(-)","568.12
(568.12)",SRC-2025-12,07f56e5457c63192ae7b5b4036f975f7eb058a3364a25a87cdc6ce2369082401,77,76,All Ongoing Projects,6,pdfplumber_table,twelve_month_gate2:0.1.0,"pdf_page_index=77,table_index=logical8,row_index=25"
OBS-202512-00758,2025-12,758,"Widening and Reconstruction of existing road to four lane from Km.56400 to Km
120300 i.e. from B.Kothapalli Junction to Gorantla excluding Kadiri Bypass from Km
70200 to Km 77105 of NH 716G in the State of Andhra Pradesh on EPC mode Job
no. 742",MoRTH,618161,-,-,Andhra Pradesh,03/2022,09/2023,12/2025,-,839.98,839.98,360.45,99,"Widening and Reconstruction of existing road to four lane from Km.56400 to Km
120300 i.e. from B.Kothapalli Junction to Gorantla excluding Kadiri Bypass from Km
70200 to Km 77105 of NH 716G in the State of Andhra Pradesh on EPC mode Job
no. 742
(MoRTH)
(618161)","03/2022
(09/2023)","12/2025
(-)","839.98
(839.98)",SRC-2025-12,07f56e5457c63192ae7b5b4036f975f7eb058a3364a25a87cdc6ce2369082401,77,76,All Ongoing Projects,6,pdfplumber_table,twelve_month_gate2:0.1.0,"pdf_page_index=77,table_index=logical8,row_index=26"
OBS-202512-00759,2025-12,759,"Rehabilitation and upgradation of NH-167AD from Macherla to Dachepalli via Paluvai
Junction, Rentachinthala, Gurazala from Km.0.000 to 43.659 to two lane with paved
shoulders in the state of Andhra Pradesh job-729",MoRTH,618191,-,-,Andhra Pradesh,01/2022,01/2023,01/2025,-,403.22,403.22,220.99,97,"Rehabilitation and upgradation of NH-167AD from Macherla to Dachepalli via Paluvai
Junction, Rentachinthala, Gurazala from Km.0.000 to 43.659 to two lane with paved
shoulders in the state of Andhra Pradesh job-729
(MoRTH)
(618191)","01/2022
(01/2023)","01/2025
(-)","403.22
(403.22)",SRC-2025-12,07f56e5457c63192ae7b5b4036f975f7eb058a3364a25a87cdc6ce2369082401,77,76,All Ongoing Projects,6,pdfplumber_table,twelve_month_gate2:0.1.0,"pdf_page_index=77,table_index=logical8,row_index=27"
OBS-202512-00760,2025-12,760,"Duttalur at NH-565 Junction to Kavali Joining on NH-16 Chainage Km. 36/400 to Km.
107/224 excluding the stretch from Km 101.880 to 105.300 67.404 Km of NH-167BG
from in the State of Andhra Pradesh on EPC mode",MoRTH,618192,-,-,Andhra Pradesh,03/2021,07/2022,07/2024,-,423.67,423.67,0,81,"Duttalur at NH-565 Junction to Kavali Joining on NH-16 Chainage Km. 36/400 to Km.
107/224 excluding the stretch from Km 101.880 to 105.300 67.404 Km of NH-167BG
from in the State of Andhra Pradesh on EPC mode
(MoRTH)
(618192)","03/2021
(07/2022)","07/2024
(-)","423.67
(423.67)",SRC-2025-12,07f56e5457c63192ae7b5b4036f975f7eb058a3364a25a87cdc6ce2369082401,77,76,All Ongoing Projects,6,pdfplumber_table,twelve_month_gate2:0.1.0,"pdf_page_index=77,table_index=logical8,row_index=28"
OBS-202512-00761,2025-12,761,"Rehabilitation and upgradation of New NH 544DD from design Chainage Km. 56/000
to 102/20 of Kalyandrg - Molakalmuru Section",MoRTH,618194,-,-,Andhra Pradesh,03/2018,08/2018,02/2020,11/2021,294.13,285.29,287.94,98,"Rehabilitation and upgradation of New NH 544DD from design Chainage Km. 56/000
to 102/20 of Kalyandrg - Molakalmuru Section
(MoRTH)
(618194)","03/2018
(08/2018)","02/2020
(11/2021)","294.13
(285.29)",SRC-2025-12,07f56e5457c63192ae7b5b4036f975f7eb058a3364a25a87cdc6ce2369082401,78,77,All Ongoing Projects,6,pdfplumber_table,twelve_month_gate2:0.1.0,"pdf_page_index=78,table_index=logical8,row_index=1"
OBS-202512-00762,2025-12,762,"Rehabilitation and Up-gradation of Pasarlapudi to Dhindi section from Km 105/170 to
Km 126/510 of NH -214 New NH -216 to two lane with paved shoulder in the state of
Andhra Pradesh under NHDP-IV",MoRTH,618237,-,-,Andhra Pradesh,03/2017,09/2017,09/2019,05/2024,263.45,263.45,151.56,98,"Rehabilitation and Up-gradation of Pasarlapudi to Dhindi section from Km 105/170 to
Km 126/510 of NH -214 New NH -216 to two lane with paved shoulder in the state of
Andhra Pradesh under NHDP-IV
(MoRTH)
(618237)","03/2017
(09/2017)","09/2019
(05/2024)","263.45
(263.45)",SRC-2025-12,07f56e5457c63192ae7b5b4036f975f7eb058a3364a25a87cdc6ce2369082401,78,77,All Ongoing Projects,6,pdfplumber_table,twelve_month_gate2:0.1.0,"pdf_page_index=78,table_index=logical8,row_index=2"
OBS-202512-00763,2025-12,763,"Rehabilitation and Up-gradation of Thimmapuram to Gurajanapalli section from Km
26/150 to Km 41/161 of NH - 214 New NH - 216 to two lane with paved shoulder in
the state of Andhra Pradesh under NHDP-IV",MoRTH,618238,-,-,Andhra Pradesh,08/2016,01/2017,07/2018,12/2021,350.61,432.91,0,0,"Rehabilitation and Up-gradation of Thimmapuram to Gurajanapalli section from Km
26/150 to Km 41/161 of NH - 214 New NH - 216 to two lane with paved shoulder in
the state of Andhra Pradesh under NHDP-IV
(MoRTH)
(618238)","08/2016
(01/2017)","07/2018
(12/2021)","350.61
(432.91)",SRC-2025-12,07f56e5457c63192ae7b5b4036f975f7eb058a3364a25a87cdc6ce2369082401,78,77,All Ongoing Projects,6,pdfplumber_table,twelve_month_gate2:0.1.0,"pdf_page_index=78,table_index=logical8,row_index=3"
OBS-202512-00764,2025-12,764,"Construction of Paderu bypass Km 0000 to Km 13000 of 2- lane with paved shoulder
on NH-516E",MoRTH,618254,-,-,Andhra Pradesh,03/2023,01/2025,07/2026,-,244.43,244.43,2.14,3,"Construction of Paderu bypass Km 0000 to Km 13000 of 2- lane with paved shoulder
on NH-516E
(MoRTH)
(618254)","03/2023
(01/2025)","07/2026
(-)","244.43
(244.43)",SRC-2025-12,07f56e5457c63192ae7b5b4036f975f7eb058a3364a25a87cdc6ce2369082401,78,77,All Ongoing Projects,6,pdfplumber_table,twelve_month_gate2:0.1.0,"pdf_page_index=78,table_index=logical8,row_index=4"
OBS-202512-00765,2025-12,765,Two laning with paved shoulders of Lambasingi to Paderusection of NH 516E,MoRTH,618255,-,-,Andhra Pradesh,04/2020,11/2023,11/2025,-,361.24,358.05,77.68,23,"Two laning with paved shoulders of Lambasingi to Paderusection of NH 516E
(MoRTH)
(618255)","04/2020
(11/2023)","11/2025
(-)","361.24
(358.05)",SRC-2025-12,07f56e5457c63192ae7b5b4036f975f7eb058a3364a25a87cdc6ce2369082401,78,77,All Ongoing Projects,6,pdfplumber_table,twelve_month_gate2:0.1.0,"pdf_page_index=78,table_index=logical8,row_index=5"
OBS-202512-00766,2025-12,766,"Rehabilitation and Upgradation to 2-lane with paved should ders Sir, configuration of
Chaprathipalem to Lambasingi section Km 165500 to Km 205000 of NH-516E in the
State of Andhra Pradesh under Green National Highways Corridor Project GNHCP
with the loan assistance of World Bank on EPC mode",MoRTH,618256,-,-,Andhra Pradesh,08/2020,10/2022,10/2024,-,311.22,311.22,172.01,76,"Rehabilitation and Upgradation to 2-lane with paved should ders Sir, configuration of
Chaprathipalem to Lambasingi section Km 165500 to Km 205000 of NH-516E in the
State of Andhra Pradesh under Green National Highways Corridor Project GNHCP
with the loan assistance of World Bank on EPC mode
(MoRTH)
(618256)","08/2020
(10/2022)","10/2024
(-)","311.22
(311.22)",SRC-2025-12,07f56e5457c63192ae7b5b4036f975f7eb058a3364a25a87cdc6ce2369082401,78,77,All Ongoing Projects,6,pdfplumber_table,twelve_month_gate2:0.1.0,"pdf_page_index=78,table_index=logical8,row_index=6"
OBS-202512-00767,2025-12,767,"Rehabilitation and Upgradation to 2-lane with paved shoulders configuration of
Koyyuru to Chaprathipalem section Km 120000 to Km 165500 of NH-516E in the
State of Andhra Pradesh under Green National Highways Corridor Project GNHCP
with the loan assistance of World Bank on EPC mode",MoRTH,618257,-,-,Andhra Pradesh,08/2020,07/2022,07/2024,06/2025,349.29,349.29,221.52,86,"Rehabilitation and Upgradation to 2-lane with paved shoulders configuration of
Koyyuru to Chaprathipalem section Km 120000 to Km 165500 of NH-516E in the
State of Andhra Pradesh under Green National Highways Corridor Project GNHCP
with the loan assistance of World Bank on EPC mode
(MoRTH)
(618257)","08/2020
(07/2022)","07/2024
(06/2025)","349.29
(349.29)",SRC-2025-12,07f56e5457c63192ae7b5b4036f975f7eb058a3364a25a87cdc6ce2369082401,78,77,All Ongoing Projects,6,pdfplumber_table,twelve_month_gate2:0.1.0,"pdf_page_index=78,table_index=logical8,row_index=7"
OBS-202512-00768,2025-12,768,"Two laning with paved shoulders of Gondiguda to Araku uptoBhallaguda section of NH
516E",MoRTH,618258,-,-,Andhra Pradesh,08/2020,09/2021,09/2023,09/2024,296.66,289.11,237.52,91,"Two laning with paved shoulders of Gondiguda to Araku uptoBhallaguda section of NH
516E
(MoRTH)
(618258)","08/2020
(09/2021)","09/2023
(09/2024)","296.66
(289.11)",SRC-2025-12,07f56e5457c63192ae7b5b4036f975f7eb058a3364a25a87cdc6ce2369082401,78,77,All Ongoing Projects,6,pdfplumber_table,twelve_month_gate2:0.1.0,"pdf_page_index=78,table_index=logical8,row_index=8"
OBS-202512-00769,2025-12,769,Two laning with paved shoulders of Paderu to GundigudaSection of NH 516E,MoRTH,618259,-,-,Andhra Pradesh,08/2020,03/2021,03/2023,03/2024,222.61,222.61,122.52,100,"Two laning with paved shoulders of Paderu to GundigudaSection of NH 516E
(MoRTH)
(618259)","08/2020
(03/2021)","03/2023
(03/2024)","222.61
(222.61)",SRC-2025-12,07f56e5457c63192ae7b5b4036f975f7eb058a3364a25a87cdc6ce2369082401,78,77,All Ongoing Projects,6,pdfplumber_table,twelve_month_gate2:0.1.0,"pdf_page_index=78,table_index=logical8,row_index=9"
OBS-202512-00770,2025-12,770,"Construction of i Connecting Road from Z-Morh Tunnel to Zojila Tunnel Road Length
18.475km and ii 14.150 Km long 2-L Bi-directional single tube Zoji-la Tunnel across
Zojila Pass on Sonamarg - Kargil section from Km 82 to Km 118 of NH-01 under
PMDP",NHIDCL,618412,-,-,Andhra Pradesh,01/2018,10/2020,09/2026,12/2027,6808.69,6808.69,0,0,"Construction of i Connecting Road from Z-Morh Tunnel to Zojila Tunnel Road Length
18.475km and ii 14.150 Km long 2-L Bi-directional single tube Zoji-la Tunnel across
Zojila Pass on Sonamarg - Kargil section from Km 82 to Km 118 of NH-01 under
PMDP
(NHIDCL)
(618412)","01/2018
(10/2020)","09/2026
(12/2027)","6808.69
(6808.69)",SRC-2025-12,07f56e5457c63192ae7b5b4036f975f7eb058a3364a25a87cdc6ce2369082401,78,77,All Ongoing Projects,6,pdfplumber_table,twelve_month_gate2:0.1.0,"pdf_page_index=78,table_index=logical8,row_index=10"
OBS-202512-00771,2025-12,771,"Bangalore Chennai Expressway Phase-II Pkg-II from km.96.000 to Km 127.000
Baireddypalle to Bangarupalem section",National Highways Authority of India [NHAI],618475,-,-,Andhra Pradesh,02/2021,06/2023,06/2025,06/2026,2548.04,2548.04,1058.1,81,"Bangalore Chennai Expressway Phase-II Pkg-II from km.96.000 to Km 127.000
Baireddypalle to Bangarupalem section
(National Highways Authority of India [NHAI])
(618475)","02/2021
(06/2023)","06/2025
(06/2026)","2548.04
(2548.04)",SRC-2025-12,07f56e5457c63192ae7b5b4036f975f7eb058a3364a25a87cdc6ce2369082401,78,77,All Ongoing Projects,6,pdfplumber_table,twelve_month_gate2:0.1.0,"pdf_page_index=78,table_index=logical8,row_index=11"
OBS-202512-00772,2025-12,772,"Bangalore Chennai Expressway Phase-II Pkg-III from km.127.000 to Km 156.000
Bangarupalem to Gudipala section",National Highways Authority of India [NHAI],618476,-,-,Andhra Pradesh,11/2020,10/2022,10/2024,-,1407.33,1407.33,675.5,99,"Bangalore Chennai Expressway Phase-II Pkg-III from km.127.000 to Km 156.000
Bangarupalem to Gudipala section
(National Highways Authority of India [NHAI])
(618476)","11/2020
(10/2022)","10/2024
(-)","1407.33
(1407.33)",SRC-2025-12,07f56e5457c63192ae7b5b4036f975f7eb058a3364a25a87cdc6ce2369082401,78,77,All Ongoing Projects,6,pdfplumber_table,twelve_month_gate2:0.1.0,"pdf_page_index=78,table_index=logical8,row_index=12"
OBS-202512-00773,2025-12,773,"Six Laning of Vijayawada Bypass from Gollapudi to Chinnakakani in Vijayawada -
Gundugolanu Section from km. 30.00 to km. 47.881 Pkg-IV",National Highways Authority of India [NHAI],618527,-,-,Andhra Pradesh,01/2020,07/2021,01/2024,-,1194.57,1757.82,683.06,97,"Six Laning of Vijayawada Bypass from Gollapudi to Chinnakakani in Vijayawada -
Gundugolanu Section from km. 30.00 to km. 47.881 Pkg-IV
(National Highways Authority of India [NHAI])
(618527)","01/2020
(07/2021)","01/2024
(-)","1194.57
(1757.82)",SRC-2025-12,07f56e5457c63192ae7b5b4036f975f7eb058a3364a25a87cdc6ce2369082401,78,77,All Ongoing Projects,6,pdfplumber_table,twelve_month_gate2:0.1.0,"pdf_page_index=78,table_index=logical8,row_index=13"
OBS-202512-00774,2025-12,774,Renigunta - Poyya - Naidupeta km 124.60 to km 183.4 of NH 71,National Highways Authority of India [NHAI],618700,-,-,Andhra Pradesh,03/2020,01/2022,01/2024,10/2024,1863.09,2510.14,1231.42,98,"Renigunta - Poyya - Naidupeta km 124.60 to km 183.4 of NH 71
(National Highways Authority of India [NHAI])
(618700)","03/2020
(01/2022)","01/2024
(10/2024)","1863.09
(2510.14)",SRC-2025-12,07f56e5457c63192ae7b5b4036f975f7eb058a3364a25a87cdc6ce2369082401,78,77,All Ongoing Projects,6,pdfplumber_table,twelve_month_gate2:0.1.0,"pdf_page_index=78,table_index=logical8,row_index=14"
OBS-202512-00775,2025-12,775,"6L Access Controlled Greenfield Highway from Kodur Ch. 0000 to Vanavolu Ch.
24300 of [NH-544G] Package-1",National Highways Authority of India [NHAI],618712,-,-,Andhra Pradesh,01/2023,02/2024,02/2026,-,912.94,798.25,300.35,79,"6L Access Controlled Greenfield Highway from Kodur Ch. 0000 to Vanavolu Ch.
24300 of [NH-544G] Package-1
(National Highways Authority of India [NHAI])
(618712)","01/2023
(02/2024)","02/2026
(-)","912.94
(798.25)",SRC-2025-12,07f56e5457c63192ae7b5b4036f975f7eb058a3364a25a87cdc6ce2369082401,78,77,All Ongoing Projects,6,pdfplumber_table,twelve_month_gate2:0.1.0,"pdf_page_index=78,table_index=logical8,row_index=15"
OBS-202512-00776,2025-12,776,"6L Access Controlled Greenfield Highway from Yerragudipadu Ch. 129000 to
Audireddipalle Ch. 160000 of [NH 544G] Package-6",National Highways Authority of India [NHAI],618713,-,-,Andhra Pradesh,02/2023,02/2024,02/2026,-,1200.42,1019.69,178.26,24,"6L Access Controlled Greenfield Highway from Yerragudipadu Ch. 129000 to
Audireddipalle Ch. 160000 of [NH 544G] Package-6
(National Highways Authority of India [NHAI])
(618713)","02/2023
(02/2024)","02/2026
(-)","1200.42
(1019.69)",SRC-2025-12,07f56e5457c63192ae7b5b4036f975f7eb058a3364a25a87cdc6ce2369082401,78,77,All Ongoing Projects,6,pdfplumber_table,twelve_month_gate2:0.1.0,"pdf_page_index=78,table_index=logical8,row_index=16"
OBS-202512-00777,2025-12,777,"6L Access Controlled Greenfield Highway from Nallacheruvu palli Ch. 96300 to
Yerragudipadu Ch. 129000 of [NH-544G] Package-5",National Highways Authority of India [NHAI],618714,-,-,Andhra Pradesh,02/2022,02/2024,02/2026,-,1253.26,1095.78,253.91,41,"6L Access Controlled Greenfield Highway from Nallacheruvu palli Ch. 96300 to
Yerragudipadu Ch. 129000 of [NH-544G] Package-5
(National Highways Authority of India [NHAI])
(618714)","02/2022
(02/2024)","02/2026
(-)","1253.26
(1095.78)",SRC-2025-12,07f56e5457c63192ae7b5b4036f975f7eb058a3364a25a87cdc6ce2369082401,78,77,All Ongoing Projects,6,pdfplumber_table,twelve_month_gate2:0.1.0,"pdf_page_index=78,table_index=logical8,row_index=17"
OBS-202512-00778,2025-12,778,"6L Access Controlled Greenfield Highway from Odulapalle Ch. 72000 to Nallacheruvu-
palli Ch. 96300 of [NH-544G]Package-4",National Highways Authority of India [NHAI],618715,-,-,Andhra Pradesh,01/2023,02/2024,02/2026,-,1058.9,946.1,328.59,63,"6L Access Controlled Greenfield Highway from Odulapalle Ch. 72000 to Nallacheruvu-
palli Ch. 96300 of [NH-544G]Package-4
(National Highways Authority of India [NHAI])
(618715)","01/2023
(02/2024)","02/2026
(-)","1058.9
(946.1)",SRC-2025-12,07f56e5457c63192ae7b5b4036f975f7eb058a3364a25a87cdc6ce2369082401,78,77,All Ongoing Projects,6,pdfplumber_table,twelve_month_gate2:0.1.0,"pdf_page_index=78,table_index=logical8,row_index=18"
OBS-202512-00779,2025-12,779,"6L Access Controlled Greenfield Highway from Vankarakunta Ch. 45700 to Odulapalle
Ch. 72000 of [NH-544G]Package-3",National Highways Authority of India [NHAI],618716,-,-,Andhra Pradesh,12/2022,03/2024,03/2026,-,992.91,888.07,279.55,65,"6L Access Controlled Greenfield Highway from Vankarakunta Ch. 45700 to Odulapalle
Ch. 72000 of [NH-544G]Package-3
(National Highways Authority of India [NHAI])
(618716)","12/2022
(03/2024)","03/2026
(-)","992.91
(888.07)",SRC-2025-12,07f56e5457c63192ae7b5b4036f975f7eb058a3364a25a87cdc6ce2369082401,78,77,All Ongoing Projects,6,pdfplumber_table,twelve_month_gate2:0.1.0,"pdf_page_index=78,table_index=logical8,row_index=19"
OBS-202512-00780,2025-12,780,"6L Access Controlled Greenfield Highway from Vanavolu Ch. 24300 to Vankarakunta
Ch. 45700 of [NH-544G] Package-2",National Highways Authority of India [NHAI],618717,-,-,Andhra Pradesh,01/2023,03/2024,03/2026,-,750.81,626.91,203.13,72,"6L Access Controlled Greenfield Highway from Vanavolu Ch. 24300 to Vankarakunta
Ch. 45700 of [NH-544G] Package-2
(National Highways Authority of India [NHAI])
(618717)","01/2023
(03/2024)","03/2026
(-)","750.81
(626.91)",SRC-2025-12,07f56e5457c63192ae7b5b4036f975f7eb058a3364a25a87cdc6ce2369082401,78,77,All Ongoing Projects,6,pdfplumber_table,twelve_month_gate2:0.1.0,"pdf_page_index=78,table_index=logical8,row_index=20"
OBS-202512-00781,2025-12,781,"6L Access Controlled Greenfield Highway from Mallapalle Ch. 176000 to
Kavulakuntla Ch. 196000 Package-08",National Highways Authority of India [NHAI],618719,-,-,Andhra Pradesh,02/2023,02/2024,02/2026,-,909.02,751.81,225.97,40,"6L Access Controlled Greenfield Highway from Mallapalle Ch. 176000 to
Kavulakuntla Ch. 196000 Package-08
(National Highways Authority of India [NHAI])
(618719)","02/2023
(02/2024)","02/2026
(-)","909.02
(751.81)",SRC-2025-12,07f56e5457c63192ae7b5b4036f975f7eb058a3364a25a87cdc6ce2369082401,78,77,All Ongoing Projects,6,pdfplumber_table,twelve_month_gate2:0.1.0,"pdf_page_index=78,table_index=logical8,row_index=21"
OBS-202512-00782,2025-12,782,"6L Access Controlled Greenfield Highway from Audireddipalle Ch. 160000 to
Mallapalle Ch. 176000Package-07",National Highways Authority of India [NHAI],618720,-,-,Andhra Pradesh,02/2023,03/2024,03/2026,-,987.1,848.06,254.31,54,"6L Access Controlled Greenfield Highway from Audireddipalle Ch. 160000 to
Mallapalle Ch. 176000Package-07
(National Highways Authority of India [NHAI])
(618720)","02/2023
(03/2024)","03/2026
(-)","987.1
(848.06)",SRC-2025-12,07f56e5457c63192ae7b5b4036f975f7eb058a3364a25a87cdc6ce2369082401,78,77,All Ongoing Projects,6,pdfplumber_table,twelve_month_gate2:0.1.0,"pdf_page_index=78,table_index=logical8,row_index=22"
OBS-202512-00783,2025-12,783,"6L Access Controlled Greenfield Highway from Chandrasekharapuram Ch. 228000 to
Polavaram Ch. 260000of [NH-544G] Package-11",National Highways Authority of India [NHAI],618721,-,-,Andhra Pradesh,02/2023,02/2024,02/2026,07/2026,1292.65,1110.33,255.71,43,"6L Access Controlled Greenfield Highway from Chandrasekharapuram Ch. 228000 to
Polavaram Ch. 260000of [NH-544G] Package-11
(National Highways Authority of India [NHAI])
(618721)","02/2023
(02/2024)","02/2026
(07/2026)","1292.65
(1110.33)",SRC-2025-12,07f56e5457c63192ae7b5b4036f975f7eb058a3364a25a87cdc6ce2369082401,78,77,All Ongoing Projects,6,pdfplumber_table,twelve_month_gate2:0.1.0,"pdf_page_index=78,table_index=logical8,row_index=23"
OBS-202512-00784,2025-12,784,"Khammam-Devarapalle Pkg IV [4L Access Controlled Greenfield from Recherla village
to Gurvaygudem village Design Chainage 105236 to 132664]",National Highways Authority of India [NHAI],618748,-,-,Andhra Pradesh,11/2020,09/2022,09/2024,05/2025,569.37,752.02,322.19,94,"Khammam-Devarapalle Pkg IV [4L Access Controlled Greenfield from Recherla village
to Gurvaygudem village Design Chainage 105236 to 132664]
(National Highways Authority of India [NHAI])
(618748)","11/2020
(09/2022)","09/2024
(05/2025)","569.37
(752.02)",SRC-2025-12,07f56e5457c63192ae7b5b4036f975f7eb058a3364a25a87cdc6ce2369082401,79,78,All Ongoing Projects,6,pdfplumber_table,twelve_month_gate2:0.1.0,"pdf_page_index=79,table_index=logical8,row_index=1"
OBS-202512-00785,2025-12,785,"Khammam-Devarapalle Pkg V [4L Access Controlled Greenfield from Gurvaygudem
village to Devarapalle village Design Chainage 132664 to 162126",National Highways Authority of India [NHAI],618749,-,-,Andhra Pradesh,12/2020,09/2022,09/2024,06/2025,711.94,926.48,376.11,88,"Khammam-Devarapalle Pkg V [4L Access Controlled Greenfield from Gurvaygudem
village to Devarapalle village Design Chainage 132664 to 162126
(National Highways Authority of India [NHAI])
(618749)","12/2020
(09/2022)","09/2024
(06/2025)","711.94
(926.48)",SRC-2025-12,07f56e5457c63192ae7b5b4036f975f7eb058a3364a25a87cdc6ce2369082401,79,78,All Ongoing Projects,6,pdfplumber_table,twelve_month_gate2:0.1.0,"pdf_page_index=79,table_index=logical8,row_index=2"
OBS-202512-00786,2025-12,786,"4L of Pileru to Kalur Section from Km 55.900 to Km 92.800 & Km 94.500 to Km
95.717 of NH-71Package-II",National Highways Authority of India [NHAI],618777,-,-,Andhra Pradesh,03/2022,10/2023,11/2025,-,1877.47,592.85,245.55,98,"4L of Pileru to Kalur Section from Km 55.900 to Km 92.800 & Km 94.500 to Km
95.717 of NH-71Package-II
(National Highways Authority of India [NHAI])
(618777)","03/2022
(10/2023)","11/2025
(-)","1877.47
(592.85)",SRC-2025-12,07f56e5457c63192ae7b5b4036f975f7eb058a3364a25a87cdc6ce2369082401,79,78,All Ongoing Projects,6,pdfplumber_table,twelve_month_gate2:0.1.0,"pdf_page_index=79,table_index=logical8,row_index=3"
OBS-202512-00787,2025-12,787,4L of Madanapalle to Pileru Section from Km 0.000 to Km 55.900 of NH-71Package-I,National Highways Authority of India [NHAI],618778,-,-,Andhra Pradesh,02/2022,01/2023,01/2025,06/2025,1877.47,1994.1,1024.27,94,"4L of Madanapalle to Pileru Section from Km 0.000 to Km 55.900 of NH-71Package-I
(National Highways Authority of India [NHAI])
(618778)","02/2022
(01/2023)","01/2025
(06/2025)","1877.47
(1994.1)",SRC-2025-12,07f56e5457c63192ae7b5b4036f975f7eb058a3364a25a87cdc6ce2369082401,79,78,All Ongoing Projects,6,pdfplumber_table,twelve_month_gate2:0.1.0,"pdf_page_index=79,table_index=logical8,row_index=4"
OBS-202512-00788,2025-12,788,"Development of 4L Road from Samarlakota to Achampeta Junction as part of
Kakinada Port Connectivity to NH-16 Rajanagaram Junction in East Godavari District",National Highways Authority of India [NHAI],618803,-,-,Andhra Pradesh,09/2022,08/2023,08/2025,-,645.63,750.2,543.32,74,"Development of 4L Road from Samarlakota to Achampeta Junction as part of
Kakinada Port Connectivity to NH-16 Rajanagaram Junction in East Godavari District
(National Highways Authority of India [NHAI])
(618803)","09/2022
(08/2023)","08/2025
(-)","645.63
(750.2)",SRC-2025-12,07f56e5457c63192ae7b5b4036f975f7eb058a3364a25a87cdc6ce2369082401,79,78,All Ongoing Projects,6,pdfplumber_table,twelve_month_gate2:0.1.0,"pdf_page_index=79,table_index=logical8,row_index=5"
OBS-202512-00789,2025-12,789,Dedicated Port road to Krishnapatnam Port Package-I from Km. 0.000 to Km. 18.000,National Highways Authority of India [NHAI],618804,-,-,Andhra Pradesh,03/2018,12/2018,12/2020,-,348.72,341.36,59.91,75,"Dedicated Port road to Krishnapatnam Port Package-I from Km. 0.000 to Km. 18.000
(National Highways Authority of India [NHAI])
(618804)","03/2018
(12/2018)","12/2020
(-)","348.72
(341.36)",SRC-2025-12,07f56e5457c63192ae7b5b4036f975f7eb058a3364a25a87cdc6ce2369082401,79,78,All Ongoing Projects,6,pdfplumber_table,twelve_month_gate2:0.1.0,"pdf_page_index=79,table_index=logical8,row_index=6"
OBS-202512-00790,2025-12,790,"4L Greenfield Road connecting North and South industrial cluster of Khandaleru Creek
near Krishnapatnam port at Thamminapatnam to Mollur from Km 0.0 to Km 16.046,
Part I & 6L extension of dedicated port road of NH-67 Km 18.0 to Km 19.3, Part II",National Highways Authority of India [NHAI],618807,-,-,Andhra Pradesh,08/2022,09/2023,09/2025,-,609.43,559.98,403.36,73,"4L Greenfield Road connecting North and South industrial cluster of Khandaleru Creek
near Krishnapatnam port at Thamminapatnam to Mollur from Km 0.0 to Km 16.046,
Part I & 6L extension of dedicated port road of NH-67 Km 18.0 to Km 19.3, Part II
(National Highways Authority of India [NHAI])
(618807)","08/2022
(09/2023)","09/2025
(-)","609.43
(559.98)",SRC-2025-12,07f56e5457c63192ae7b5b4036f975f7eb058a3364a25a87cdc6ce2369082401,79,78,All Ongoing Projects,6,pdfplumber_table,twelve_month_gate2:0.1.0,"pdf_page_index=79,table_index=logical8,row_index=7"
OBS-202512-00791,2025-12,791,"4 Laning of NH-544D from Km 0.000 to km 37.000 of Anantapur- Muchukota section
Pkg-1",National Highways Authority of India [NHAI],618826,-,-,Andhra Pradesh,10/2022,07/2023,07/2025,-,907.76,905.98,410.28,91,"4 Laning of NH-544D from Km 0.000 to km 37.000 of Anantapur- Muchukota section
Pkg-1
(National Highways Authority of India [NHAI])
(618826)","10/2022
(07/2023)","07/2025
(-)","907.76
(905.98)",SRC-2025-12,07f56e5457c63192ae7b5b4036f975f7eb058a3364a25a87cdc6ce2369082401,79,78,All Ongoing Projects,6,pdfplumber_table,twelve_month_gate2:0.1.0,"pdf_page_index=79,table_index=logical8,row_index=8"
OBS-202512-00792,2025-12,792,"4 Laning of NH-544D from Km 37.000 to km 69.000 of Muchukota- Bugga section
Pkg-2",National Highways Authority of India [NHAI],618827,-,-,Andhra Pradesh,10/2022,08/2023,08/2025,-,1097.57,1055.23,320.15,70,"4 Laning of NH-544D from Km 37.000 to km 69.000 of Muchukota- Bugga section
Pkg-2
(National Highways Authority of India [NHAI])
(618827)","10/2022
(08/2023)","08/2025
(-)","1097.57
(1055.23)",SRC-2025-12,07f56e5457c63192ae7b5b4036f975f7eb058a3364a25a87cdc6ce2369082401,79,78,All Ongoing Projects,6,pdfplumber_table,twelve_month_gate2:0.1.0,"pdf_page_index=79,table_index=logical8,row_index=9"
OBS-202512-00793,2025-12,793,"4L PS from Mandlem Existing Km. 38.000/Design Km.30.600 to Atmakur Existing
Km.73.000/Design Km 66.115 of NH340C Package2",National Highways Authority of India [NHAI],618919,-,-,Andhra Pradesh,03/2023,11/2023,11/2025,-,887.28,913.03,374.34,99,"4L PS from Mandlem Existing Km. 38.000/Design Km.30.600 to Atmakur Existing
Km.73.000/Design Km 66.115 of NH340C Package2
(National Highways Authority of India [NHAI])
(618919)","03/2023
(11/2023)","11/2025
(-)","887.28
(913.03)",SRC-2025-12,07f56e5457c63192ae7b5b4036f975f7eb058a3364a25a87cdc6ce2369082401,79,78,All Ongoing Projects,6,pdfplumber_table,twelve_month_gate2:0.1.0,"pdf_page_index=79,table_index=logical8,row_index=10"
OBS-202512-00794,2025-12,794,"Construction of 2-lane road of Potin to Pangin section of NH-13 from Km 163.59 to Km
206.66 Package-5 on EPC Mode in the State of Arunachal Pradesh under Arunachal
Pradesh Package of Roads and Highways of SARDP-NE [Job No SARDP-NE/P-
P/Pkg-A/NH-13/Ar.Pr./PWD/2018-19/116]",MoRTH,617892,-,-,Arunachal Pradesh,03/2019,11/2020,11/2023,07/2024,450.65,450.65,303.39,96,"Construction of 2-lane road of Potin to Pangin section of NH-13 from Km 163.59 to Km
206.66 Package-5 on EPC Mode in the State of Arunachal Pradesh under Arunachal
Pradesh Package of Roads and Highways of SARDP-NE [Job No SARDP-NE/P-
P/Pkg-A/NH-13/Ar.Pr./PWD/2018-19/116]
(MoRTH)
(617892)","03/2019
(11/2020)","11/2023
(07/2024)","450.65
(450.65)",SRC-2025-12,07f56e5457c63192ae7b5b4036f975f7eb058a3364a25a87cdc6ce2369082401,79,78,All Ongoing Projects,6,pdfplumber_table,twelve_month_gate2:0.1.0,"pdf_page_index=79,table_index=logical8,row_index=11"
OBS-202512-00795,2025-12,795,"4-Laning of Itanagar to Bandardewa section of NH-415from km 40430 to km 51735
Package-Bon EPC Mode in the state of Arunachal Pradesh Job NO. 415/Ar. P/2020-
21/031",MoRTH,618033,-,-,Arunachal Pradesh,06/2020,12/2021,12/2024,-,496.47,496.47,153.63,48,"4-Laning of Itanagar to Bandardewa section of NH-415from km 40430 to km 51735
Package-Bon EPC Mode in the state of Arunachal Pradesh Job NO. 415/Ar. P/2020-
21/031
(MoRTH)
(618033)","06/2020
(12/2021)","12/2024
(-)","496.47
(496.47)",SRC-2025-12,07f56e5457c63192ae7b5b4036f975f7eb058a3364a25a87cdc6ce2369082401,79,78,All Ongoing Projects,6,pdfplumber_table,twelve_month_gate2:0.1.0,"pdf_page_index=79,table_index=logical8,row_index=12"
OBS-202512-00796,2025-12,796,"Construction of 2-Laning with hard shoulders of Hayuliang Hawai bypass Road on
EPC basis from design Km. 51.825 to Km. 63.131 Existing Km 45.050 of
HayuliangHawai road to Hawai Town under SARDP-NE -Balance work Pkg - IV",NHIDCL,618424,-,-,Arunachal Pradesh,01/2017,05/2021,05/2023,07/2026,256.66,216.76,0,93,"Construction of 2-Laning with hard shoulders of Hayuliang Hawai bypass Road on
EPC basis from design Km. 51.825 to Km. 63.131 Existing Km 45.050 of
HayuliangHawai road to Hawai Town under SARDP-NE -Balance work Pkg - IV
(NHIDCL)
(618424)","01/2017
(05/2021)","05/2023
(07/2026)","256.66
(216.76)",SRC-2025-12,07f56e5457c63192ae7b5b4036f975f7eb058a3364a25a87cdc6ce2369082401,79,78,All Ongoing Projects,6,pdfplumber_table,twelve_month_gate2:0.1.0,"pdf_page_index=79,table_index=logical8,row_index=13"
OBS-202512-00797,2025-12,797,"Construction of Balance work of 2-Lane with PS of Joram-Koloriang Road NH-713 on
EPC basis from Design Km 44.989 to Km 61.547 Existing Km 50.050 to Km 70.000 in
the state of Arunachal Pradesh under SARDP-NE Pkg-3",NHIDCL,618432,-,-,Arunachal Pradesh,02/2017,10/2020,04/2022,07/2023,228.72,228.72,0,99,"Construction of Balance work of 2-Lane with PS of Joram-Koloriang Road NH-713 on
EPC basis from Design Km 44.989 to Km 61.547 Existing Km 50.050 to Km 70.000 in
the state of Arunachal Pradesh under SARDP-NE Pkg-3
(NHIDCL)
(618432)","02/2017
(10/2020)","04/2022
(07/2023)","228.72
(228.72)",SRC-2025-12,07f56e5457c63192ae7b5b4036f975f7eb058a3364a25a87cdc6ce2369082401,79,78,All Ongoing Projects,6,pdfplumber_table,twelve_month_gate2:0.1.0,"pdf_page_index=79,table_index=logical8,row_index=14"
OBS-202512-00798,2025-12,798,"Construction of Balance work of 2-Lane with PS of Joram Koloriang Road from
existing Km122.600 to km138.00 [Design Km108.724 to Km123.714] in Arunachal
Pradesh on EPC Mode under SARDP-NE Pkg-7",NHIDCL,618433,-,-,Arunachal Pradesh,02/2017,10/2020,04/2022,07/2023,184.89,184.89,0,98,"Construction of Balance work of 2-Lane with PS of Joram Koloriang Road from
existing Km122.600 to km138.00 [Design Km108.724 to Km123.714] in Arunachal
Pradesh on EPC Mode under SARDP-NE Pkg-7
(NHIDCL)
(618433)","02/2017
(10/2020)","04/2022
(07/2023)","184.89
(184.89)",SRC-2025-12,07f56e5457c63192ae7b5b4036f975f7eb058a3364a25a87cdc6ce2369082401,79,78,All Ongoing Projects,6,pdfplumber_table,twelve_month_gate2:0.1.0,"pdf_page_index=79,table_index=logical8,row_index=15"
OBS-202512-00799,2025-12,799,Roing-Hunli Road Greenfield Alignment Project,NHIDCL,618434,-,-,Arunachal Pradesh,02/2017,03/2018,03/2022,04/2025,1718.59,1718.59,0,77,"Roing-Hunli Road Greenfield Alignment Project
(NHIDCL)
(618434)","02/2017
(03/2018)","03/2022
(04/2025)","1718.59
(1718.59)",SRC-2025-12,07f56e5457c63192ae7b5b4036f975f7eb058a3364a25a87cdc6ce2369082401,79,78,All Ongoing Projects,6,pdfplumber_table,twelve_month_gate2:0.1.0,"pdf_page_index=79,table_index=logical8,row_index=16"
OBS-202512-00800,2025-12,800,"Construction of Mangaldoi Bypass NH-15 starting at Ch 26400 and terminating at Ch
41505 under Rangia NH Division L 15.105 Km in the State of Assam. Job No.
15/AS/2021-22/234",MoRTH,617895,-,-,Assam,03/2022,04/2023,04/2025,-,535.03,535.03,104.57,55,"Construction of Mangaldoi Bypass NH-15 starting at Ch 26400 and terminating at Ch
41505 under Rangia NH Division L 15.105 Km in the State of Assam. Job No.
15/AS/2021-22/234
(MoRTH)
(617895)","03/2022
(04/2023)","04/2025
(-)","535.03
(535.03)",SRC-2025-12,07f56e5457c63192ae7b5b4036f975f7eb058a3364a25a87cdc6ce2369082401,79,78,All Ongoing Projects,6,pdfplumber_table,twelve_month_gate2:0.1.0,"pdf_page_index=79,table_index=logical8,row_index=17"
OBS-202512-00801,2025-12,801,4-L Bilasipara-Guwahati Package-10,NHIDCL,618282,-,-,Assam,03/2023,12/2023,06/2026,-,1264.9,1264.9,0,39,"4-L Bilasipara-Guwahati Package-10
(NHIDCL)
(618282)","03/2023
(12/2023)","06/2026
(-)","1264.9
(1264.9)",SRC-2025-12,07f56e5457c63192ae7b5b4036f975f7eb058a3364a25a87cdc6ce2369082401,79,78,All Ongoing Projects,6,pdfplumber_table,twelve_month_gate2:0.1.0,"pdf_page_index=79,table_index=logical8,row_index=18"
OBS-202512-00802,2025-12,802,4-L Bilasipara-Guwahati Package-9,NHIDCL,618283,-,-,Assam,03/2023,12/2023,06/2026,-,1000.27,1000.27,0,40,"4-L Bilasipara-Guwahati Package-9
(NHIDCL)
(618283)","03/2023
(12/2023)","06/2026
(-)","1000.27
(1000.27)",SRC-2025-12,07f56e5457c63192ae7b5b4036f975f7eb058a3364a25a87cdc6ce2369082401,79,78,All Ongoing Projects,6,pdfplumber_table,twelve_month_gate2:0.1.0,"pdf_page_index=79,table_index=logical8,row_index=19"
OBS-202512-00803,2025-12,803,"Widening/Improvement to 4-Lane with paved shoulder from Km 99930 to Km 143680
Design Chainage 96000 to 139750 of Paikan to Dhupdhara Sahar of Bilasipura-
Guwahati Road on NH-17 in the state of Assam on EPC mode under Bharatmala
Pariyojana in Economic Corridors Project Length 43.750km under NHO-NE Package-
8",NHIDCL,618284,-,-,Assam,03/2023,12/2023,12/2026,-,1457.59,1457.59,0,56,"Widening/Improvement to 4-Lane with paved shoulder from Km 99930 to Km 143680
Design Chainage 96000 to 139750 of Paikan to Dhupdhara Sahar of Bilasipura-
Guwahati Road on NH-17 in the state of Assam on EPC mode under Bharatmala
Pariyojana in Economic Corridors Project Length 43.750km under NHO-NE Package-
8
(NHIDCL)
(618284)","03/2023
(12/2023)","12/2026
(-)","1457.59
(1457.59)",SRC-2025-12,07f56e5457c63192ae7b5b4036f975f7eb058a3364a25a87cdc6ce2369082401,79,78,All Ongoing Projects,6,pdfplumber_table,twelve_month_gate2:0.1.0,"pdf_page_index=79,table_index=logical8,row_index=20"
OBS-202512-00804,2025-12,804,"Widening/Improvement to 4 -Lane with Paved Shoulder from Ch. 88.000km to
Ch.99.930 km Design Ch.84.100km to Ch.96.000 km of Sagunbashi forest near
Nichinta to starting of Krishnai Bypass Section of Bilasipura Guwahati road NH 17 on
EPC Package-7",NHIDCL,618285,-,-,Assam,03/2021,10/2023,10/2025,-,286.72,286.72,0,100,"Widening/Improvement to 4 -Lane with Paved Shoulder from Ch. 88.000km to
Ch.99.930 km Design Ch.84.100km to Ch.96.000 km of Sagunbashi forest near
Nichinta to starting of Krishnai Bypass Section of Bilasipura Guwahati road NH 17 on
EPC Package-7
(NHIDCL)
(618285)","03/2021
(10/2023)","10/2025
(-)","286.72
(286.72)",SRC-2025-12,07f56e5457c63192ae7b5b4036f975f7eb058a3364a25a87cdc6ce2369082401,79,78,All Ongoing Projects,6,pdfplumber_table,twelve_month_gate2:0.1.0,"pdf_page_index=79,table_index=logical8,row_index=21"
OBS-202512-00805,2025-12,805,"Construction of New 2-Lane Bridge with its approaches from km 0000 to Km 4385
across River Brahmaputra on NH-17 at Jogighopa in Assam on EPC mode",NHIDCL,618286,-,-,Assam,09/2021,11/2021,11/2024,06/2026,746.76,746.76,0,0,"Construction of New 2-Lane Bridge with its approaches from km 0000 to Km 4385
across River Brahmaputra on NH-17 at Jogighopa in Assam on EPC mode
(NHIDCL)
(618286)","09/2021
(11/2021)","11/2024
(06/2026)","746.76
(746.76)",SRC-2025-12,07f56e5457c63192ae7b5b4036f975f7eb058a3364a25a87cdc6ce2369082401,79,78,All Ongoing Projects,6,pdfplumber_table,twelve_month_gate2:0.1.0,"pdf_page_index=79,table_index=logical8,row_index=22"
OBS-202512-00806,2025-12,806,"Construction and up gradation to 4-Lane of existing two lane with paved shoulder from
Hapachara to Tulungia road of NH-117 of existing Km 0.00 to km 14.050 and Design
Km 0.000 to km 14.660 under BMP on EPC mode",NHIDCL,618289,-,-,Assam,03/2020,06/2020,12/2022,06/2024,224.85,224.85,204.19,0,"Construction and up gradation to 4-Lane of existing two lane with paved shoulder from
Hapachara to Tulungia road of NH-117 of existing Km 0.00 to km 14.050 and Design
Km 0.000 to km 14.660 under BMP on EPC mode
(NHIDCL)
(618289)","03/2020
(06/2020)","12/2022
(06/2024)","224.85
(224.85)",SRC-2025-12,07f56e5457c63192ae7b5b4036f975f7eb058a3364a25a87cdc6ce2369082401,80,79,All Ongoing Projects,6,pdfplumber_table,twelve_month_gate2:0.1.0,"pdf_page_index=80,table_index=logical8,row_index=1"
OBS-202512-00807,2025-12,807,"Construction of 4-Lane Panchgram Bypass from Design Chainage km 15500 on NH-
37 Old NH-53 at Kalinagar Pt.-I Village to Design Chainage km 27300 at crossing with
NH-6 Old NH-44 Near Siddeswar Pt.-I Village on Silchar - Churaibari stretch in the
State of Assam on EPC Mode under Bharatmala Pariyojana in Economic Corridors
Silchar- Churaibari Package-2",NHIDCL,618308,-,-,Assam,03/2023,08/2024,02/2027,-,676.18,728.97,0,46,"Construction of 4-Lane Panchgram Bypass from Design Chainage km 15500 on NH-
37 Old NH-53 at Kalinagar Pt.-I Village to Design Chainage km 27300 at crossing with
NH-6 Old NH-44 Near Siddeswar Pt.-I Village on Silchar - Churaibari stretch in the
State of Assam on EPC Mode under Bharatmala Pariyojana in Economic Corridors
Silchar- Churaibari Package-2
(NHIDCL)
(618308)","03/2023
(08/2024)","02/2027
(-)","676.18
(728.97)",SRC-2025-12,07f56e5457c63192ae7b5b4036f975f7eb058a3364a25a87cdc6ce2369082401,80,79,All Ongoing Projects,6,pdfplumber_table,twelve_month_gate2:0.1.0,"pdf_page_index=80,table_index=logical8,row_index=2"
OBS-202512-00808,2025-12,808,"4-Laning of Dhanehari Lailapur / Vairengte section from Existing Chainage km 12920
to km 43000 of NH 306 Design Chainage km 20000 to km 49360 on Silchar -
Vairengte Sairang road in the State of Assam under Bharatmala Pariyojna on EPC
mode. Project Length 29.360 km under NHO-NE Package-2",NHIDCL,618314,-,-,Assam,03/2023,02/2024,08/2026,-,1716.21,1716.21,848.23,64,"4-Laning of Dhanehari Lailapur / Vairengte section from Existing Chainage km 12920
to km 43000 of NH 306 Design Chainage km 20000 to km 49360 on Silchar -
Vairengte Sairang road in the State of Assam under Bharatmala Pariyojna on EPC
mode. Project Length 29.360 km under NHO-NE Package-2
(NHIDCL)
(618314)","03/2023
(02/2024)","08/2026
(-)","1716.21
(1716.21)",SRC-2025-12,07f56e5457c63192ae7b5b4036f975f7eb058a3364a25a87cdc6ce2369082401,80,79,All Ongoing Projects,6,pdfplumber_table,twelve_month_gate2:0.1.0,"pdf_page_index=80,table_index=logical8,row_index=3"
OBS-202512-00809,2025-12,809,"4-Laning of Silchar - Dhanehari section from Existing Chainage km 263800 of NH 37
to km 12920 of NH 306 Design Chainage km 0000 to km 20000 on Silchar - Vairengte
- Sairang road in the State of Assam under Bharatmala Pariyojna on EPC mode
Package-1",NHIDCL,618315,-,-,Assam,02/2023,01/2024,07/2026,-,1256.9,1256.9,0,0,"4-Laning of Silchar - Dhanehari section from Existing Chainage km 263800 of NH 37
to km 12920 of NH 306 Design Chainage km 0000 to km 20000 on Silchar - Vairengte
- Sairang road in the State of Assam under Bharatmala Pariyojna on EPC mode
Package-1
(NHIDCL)
(618315)","02/2023
(01/2024)","07/2026
(-)","1256.9
(1256.9)",SRC-2025-12,07f56e5457c63192ae7b5b4036f975f7eb058a3364a25a87cdc6ce2369082401,80,79,All Ongoing Projects,6,pdfplumber_table,twelve_month_gate2:0.1.0,"pdf_page_index=80,table_index=logical8,row_index=4"
OBS-202512-00810,2025-12,810,Dillai to Lahorijan Package-7,NHIDCL,618325,-,-,Assam,11/2021,01/2023,07/2024,12/2025,204.1,204.1,0,0,"Dillai to Lahorijan Package-7
(NHIDCL)
(618325)","11/2021
(01/2023)","07/2024
(12/2025)","204.1
(204.1)",SRC-2025-12,07f56e5457c63192ae7b5b4036f975f7eb058a3364a25a87cdc6ce2369082401,80,79,All Ongoing Projects,6,pdfplumber_table,twelve_month_gate2:0.1.0,"pdf_page_index=80,table_index=logical8,row_index=5"
OBS-202512-00811,2025-12,811,"Widening/Improvement to 4-Lane with Paved Shoulder from KM 38500 to Km 51246
Design Chainage 38500 to 50959 with proposed Daboka Bypass of Daboka-
Parokhaowa of NH 29 on EPC under NHO-NE Package-1",NHIDCL,618326,-,-,Assam,01/2023,11/2023,11/2025,-,516.88,516.88,0,0,"Widening/Improvement to 4-Lane with Paved Shoulder from KM 38500 to Km 51246
Design Chainage 38500 to 50959 with proposed Daboka Bypass of Daboka-
Parokhaowa of NH 29 on EPC under NHO-NE Package-1
(NHIDCL)
(618326)","01/2023
(11/2023)","11/2025
(-)","516.88
(516.88)",SRC-2025-12,07f56e5457c63192ae7b5b4036f975f7eb058a3364a25a87cdc6ce2369082401,80,79,All Ongoing Projects,6,pdfplumber_table,twelve_month_gate2:0.1.0,"pdf_page_index=80,table_index=logical8,row_index=6"
OBS-202512-00812,2025-12,812,"Widening/Improvement to 4-Lane with Paved Shoulder from KM 113300 to Km
146230 Design Chainage 113830 to 145712 of Kwaram Taro Village - Dillai Section in
Assam on EPC Package-6",NHIDCL,618327,-,-,Assam,09/2021,07/2022,07/2024,03/2025,625.64,625.64,0,0,"Widening/Improvement to 4-Lane with Paved Shoulder from KM 113300 to Km
146230 Design Chainage 113830 to 145712 of Kwaram Taro Village - Dillai Section in
Assam on EPC Package-6
(NHIDCL)
(618327)","09/2021
(07/2022)","07/2024
(03/2025)","625.64
(625.64)",SRC-2025-12,07f56e5457c63192ae7b5b4036f975f7eb058a3364a25a87cdc6ce2369082401,80,79,All Ongoing Projects,6,pdfplumber_table,twelve_month_gate2:0.1.0,"pdf_page_index=80,table_index=logical8,row_index=7"
OBS-202512-00813,2025-12,813,"Construction of 4/6 Laning from existing Km 159.400 of NH-36 to existing Km 102.500
of NH-39 and upto end point of Assam portion [Design Km 118.050 to design Km
132.375] Total New Alignment length of 14.325 Km of Daboka -Dimapur Section
Dimapur Bypass in the state of Assam under SARDP-NE 'Phase-A' on EPC mode
Assam Portion",NHIDCL,618330,-,-,Assam,03/2018,11/2019,11/2022,08/2024,511.02,511.02,0,0,"Construction of 4/6 Laning from existing Km 159.400 of NH-36 to existing Km 102.500
of NH-39 and upto end point of Assam portion [Design Km 118.050 to design Km
132.375] Total New Alignment length of 14.325 Km of Daboka -Dimapur Section
Dimapur Bypass in the state of Assam under SARDP-NE 'Phase-A' on EPC mode
Assam Portion
(NHIDCL)
(618330)","03/2018
(11/2019)","11/2022
(08/2024)","511.02
(511.02)",SRC-2025-12,07f56e5457c63192ae7b5b4036f975f7eb058a3364a25a87cdc6ce2369082401,80,79,All Ongoing Projects,6,pdfplumber_table,twelve_month_gate2:0.1.0,"pdf_page_index=80,table_index=logical8,row_index=8"
OBS-202512-00814,2025-12,814,"Widening/Improvement to 2-Lane Lane with Paved Shoulder from km 16900 Bogapani
to km 27150 Golai Goan on existing Dibrugarh to Ledo section with proposed Digboi
Bypass Green Field and Brownfield 2-LanePS of NH-315 OLD NH-38 in Tinsukia
District under NHO- NE Package-4",NHIDCL,618339,-,-,Assam,01/2023,12/2023,12/2026,-,356.65,356.65,0,20,"Widening/Improvement to 2-Lane Lane with Paved Shoulder from km 16900 Bogapani
to km 27150 Golai Goan on existing Dibrugarh to Ledo section with proposed Digboi
Bypass Green Field and Brownfield 2-LanePS of NH-315 OLD NH-38 in Tinsukia
District under NHO- NE Package-4
(NHIDCL)
(618339)","01/2023
(12/2023)","12/2026
(-)","356.65
(356.65)",SRC-2025-12,07f56e5457c63192ae7b5b4036f975f7eb058a3364a25a87cdc6ce2369082401,80,79,All Ongoing Projects,6,pdfplumber_table,twelve_month_gate2:0.1.0,"pdf_page_index=80,table_index=logical8,row_index=9"
OBS-202512-00815,2025-12,815,"Widening/Improvement to 4-Lane with Paved Shoulder from km 626030 Nalani hulla
Gaon to km 650450 Chotahapjan on existing Tinsukhia -Makum Bypass of NH-15
OLD NH-37 and Strengthening of existing NH-315 OLD NH-38 from Km 0000
Chotahapjan to Km 16900 Bogapani section 2-Lane PS in Assam on EPCMode under
NHO-NE Package-3",NHIDCL,618340,-,-,Assam,01/2023,05/2023,09/2025,-,458.59,458.59,0,68,"Widening/Improvement to 4-Lane with Paved Shoulder from km 626030 Nalani hulla
Gaon to km 650450 Chotahapjan on existing Tinsukhia -Makum Bypass of NH-15
OLD NH-37 and Strengthening of existing NH-315 OLD NH-38 from Km 0000
Chotahapjan to Km 16900 Bogapani section 2-Lane PS in Assam on EPCMode under
NHO-NE Package-3
(NHIDCL)
(618340)","01/2023
(05/2023)","09/2025
(-)","458.59
(458.59)",SRC-2025-12,07f56e5457c63192ae7b5b4036f975f7eb058a3364a25a87cdc6ce2369082401,80,79,All Ongoing Projects,6,pdfplumber_table,twelve_month_gate2:0.1.0,"pdf_page_index=80,table_index=logical8,row_index=10"
OBS-202512-00816,2025-12,816,"Widening & Upgradation to 2 lanes with paved shoulders road from Tamenglong to
Mahur NH-137 in the State of Assam starting from km 156.489 near P. Leikul to km
176.410 near Borowapu on EPC mode under NHO-NE Assam portion Package-10",NHIDCL,618351,-,-,Assam,03/2023,08/2023,08/2025,-,890.33,693.15,0,0,"Widening & Upgradation to 2 lanes with paved shoulders road from Tamenglong to
Mahur NH-137 in the State of Assam starting from km 156.489 near P. Leikul to km
176.410 near Borowapu on EPC mode under NHO-NE Assam portion Package-10
(NHIDCL)
(618351)","03/2023
(08/2023)","08/2025
(-)","890.33
(693.15)",SRC-2025-12,07f56e5457c63192ae7b5b4036f975f7eb058a3364a25a87cdc6ce2369082401,80,79,All Ongoing Projects,6,pdfplumber_table,twelve_month_gate2:0.1.0,"pdf_page_index=80,table_index=logical8,row_index=11"
OBS-202512-00817,2025-12,817,"Widening & Upgradation to 2 lanes with paved shoulders road from Tamenglong to
Mahur NH-137 in the State of Assam starting from km 136.500 near Hejaichak to km
156.489 near P. Leikul Package-9 on EPC mode under NHO-NE Package-9",NHIDCL,618352,-,-,Assam,03/2023,08/2023,08/2025,-,860.37,614.43,0,0,"Widening & Upgradation to 2 lanes with paved shoulders road from Tamenglong to
Mahur NH-137 in the State of Assam starting from km 136.500 near Hejaichak to km
156.489 near P. Leikul Package-9 on EPC mode under NHO-NE Package-9
(NHIDCL)
(618352)","03/2023
(08/2023)","08/2025
(-)","860.37
(614.43)",SRC-2025-12,07f56e5457c63192ae7b5b4036f975f7eb058a3364a25a87cdc6ce2369082401,80,79,All Ongoing Projects,6,pdfplumber_table,twelve_month_gate2:0.1.0,"pdf_page_index=80,table_index=logical8,row_index=12"
OBS-202512-00818,2025-12,818,"Widening & Upgradation to 2-lanes with paved shoulders road from Tamenglong to
Mahur NH-137 in the State of Assam starting from km 116.480 near Hangrum to km
136.500 near Hejaichak Package-8 on EPC mode under NHO-NE Package 8",NHIDCL,618353,-,-,Assam,03/2023,08/2023,08/2025,-,904.04,904.04,0,0,"Widening & Upgradation to 2-lanes with paved shoulders road from Tamenglong to
Mahur NH-137 in the State of Assam starting from km 116.480 near Hangrum to km
136.500 near Hejaichak Package-8 on EPC mode under NHO-NE Package 8
(NHIDCL)
(618353)","03/2023
(08/2023)","08/2025
(-)","904.04
(904.04)",SRC-2025-12,07f56e5457c63192ae7b5b4036f975f7eb058a3364a25a87cdc6ce2369082401,80,79,All Ongoing Projects,6,pdfplumber_table,twelve_month_gate2:0.1.0,"pdf_page_index=80,table_index=logical8,row_index=13"
OBS-202512-00819,2025-12,819,"Wideinig & Upgradation to 2-lanes with paved shoulders road from Tamenglong to
Mahur NH-137 in the State of Assam starting from km 96.870 near Jiri River to km
116.550 near Hangrum Package-7 on EPC mode Package7",NHIDCL,618354,-,-,Assam,12/2023,03/2024,03/2026,-,846.82,846.82,0,71,"Wideinig & Upgradation to 2-lanes with paved shoulders road from Tamenglong to
Mahur NH-137 in the State of Assam starting from km 96.870 near Jiri River to km
116.550 near Hangrum Package-7 on EPC mode Package7
(NHIDCL)
(618354)","12/2023
(03/2024)","03/2026
(-)","846.82
(846.82)",SRC-2025-12,07f56e5457c63192ae7b5b4036f975f7eb058a3364a25a87cdc6ce2369082401,80,79,All Ongoing Projects,6,pdfplumber_table,twelve_month_gate2:0.1.0,"pdf_page_index=80,table_index=logical8,row_index=14"
OBS-202512-00820,2025-12,820,"Widening/Improvement to 4-Lane with Paved Shoulder from km 55000 Nagabang
Gamsuk to km 82514 Oyan in the State of Assam and Arunachal Pradesh on EPC
mode under Bharatmala Pariyojna of Length 27.514 Km Package-3",NHIDCL,618359,-,-,Assam,03/2023,09/2024,08/2025,-,665.47,665.47,0,54,"Widening/Improvement to 4-Lane with Paved Shoulder from km 55000 Nagabang
Gamsuk to km 82514 Oyan in the State of Assam and Arunachal Pradesh on EPC
mode under Bharatmala Pariyojna of Length 27.514 Km Package-3
(NHIDCL)
(618359)","03/2023
(09/2024)","08/2025
(-)","665.47
(665.47)",SRC-2025-12,07f56e5457c63192ae7b5b4036f975f7eb058a3364a25a87cdc6ce2369082401,80,79,All Ongoing Projects,6,pdfplumber_table,twelve_month_gate2:0.1.0,"pdf_page_index=80,table_index=logical8,row_index=15"
OBS-202512-00821,2025-12,821,"Widening/Improvement to 4-Lane with Paved Shoulder configuration of existing single
lane road from Srirampur near Bhairiguri Village to Kachukhana Harichara Paglagaunj
Package-I of Srirampur - Dhubri Section of NH-127B from existing Km 0.000 to Km
28.050 Design Km 0.000 to Km 27.650, Design Length27.650 Km under JICA ODA
Loan assistance Phase-V -Balance work",NHIDCL,618371,-,-,Assam,03/2022,11/2024,11/2026,-,613.89,613.89,0,43,"Widening/Improvement to 4-Lane with Paved Shoulder configuration of existing single
lane road from Srirampur near Bhairiguri Village to Kachukhana Harichara Paglagaunj
Package-I of Srirampur - Dhubri Section of NH-127B from existing Km 0.000 to Km
28.050 Design Km 0.000 to Km 27.650, Design Length27.650 Km under JICA ODA
Loan assistance Phase-V -Balance work
(NHIDCL)
(618371)","03/2022
(11/2024)","11/2026
(-)","613.89
(613.89)",SRC-2025-12,07f56e5457c63192ae7b5b4036f975f7eb058a3364a25a87cdc6ce2369082401,80,79,All Ongoing Projects,6,pdfplumber_table,twelve_month_gate2:0.1.0,"pdf_page_index=80,table_index=logical8,row_index=16"
OBS-202512-00822,2025-12,822,"Widening / Improvement to 4-Lane with Paved Shoulder configuration of existing
single lane road from Kachukhana Harichara Paglagaunj to Dhubri - Phulbari Bridge
approach Package-II of Srirampur - Dhubri Section of NH-127B from existing Km
28.050 to Km 55.060 Design Km 27.650 to Km 54.154, Design Length26.504 Km
under JICA ODA Loan assistance Phase-V [Srirampur - Dhubri Pkg-2]",NHIDCL,618372,-,-,Assam,03/2022,01/2023,06/2025,-,909.02,909.02,0,100,"Widening / Improvement to 4-Lane with Paved Shoulder configuration of existing
single lane road from Kachukhana Harichara Paglagaunj to Dhubri - Phulbari Bridge
approach Package-II of Srirampur - Dhubri Section of NH-127B from existing Km
28.050 to Km 55.060 Design Km 27.650 to Km 54.154, Design Length26.504 Km
under JICA ODA Loan assistance Phase-V [Srirampur - Dhubri Pkg-2]
(NHIDCL)
(618372)","03/2022
(01/2023)","06/2025
(-)","909.02
(909.02)",SRC-2025-12,07f56e5457c63192ae7b5b4036f975f7eb058a3364a25a87cdc6ce2369082401,80,79,All Ongoing Projects,6,pdfplumber_table,twelve_month_gate2:0.1.0,"pdf_page_index=80,table_index=logical8,row_index=17"
OBS-202512-00823,2025-12,823,"Construction of 4-Lane Bridge including approaches over River Brahmaputra between
Dhubri on North Bank,Assam and Phulbari on south Bank,Meghalaya on NH-127B
under JICA ODA Loan assistance Phase-III",NHIDCL,618373,-,-,Assam,05/2019,12/2020,09/2028,12/2028,4997.04,4997.04,0,67,"Construction of 4-Lane Bridge including approaches over River Brahmaputra between
Dhubri on North Bank,Assam and Phulbari on south Bank,Meghalaya on NH-127B
under JICA ODA Loan assistance Phase-III
(NHIDCL)
(618373)","05/2019
(12/2020)","09/2028
(12/2028)","4997.04
(4997.04)",SRC-2025-12,07f56e5457c63192ae7b5b4036f975f7eb058a3364a25a87cdc6ce2369082401,81,80,All Ongoing Projects,6,pdfplumber_table,twelve_month_gate2:0.1.0,"pdf_page_index=81,table_index=logical8,row_index=1"
OBS-202512-00824,2025-12,824,"4-Laning from Rangagara to Kaliabor Tiniali from km 297.00 to km 315.315 of NH-37
on EPC basis under SARDP-NE in state of Assam",NHIDCL,618435,-,-,Assam,01/2016,10/2017,04/2020,03/2025,386.51,386.51,0,0,"4-Laning from Rangagara to Kaliabor Tiniali from km 297.00 to km 315.315 of NH-37
on EPC basis under SARDP-NE in state of Assam
(NHIDCL)
(618435)","01/2016
(10/2017)","04/2020
(03/2025)","386.51
(386.51)",SRC-2025-12,07f56e5457c63192ae7b5b4036f975f7eb058a3364a25a87cdc6ce2369082401,81,80,All Ongoing Projects,6,pdfplumber_table,twelve_month_gate2:0.1.0,"pdf_page_index=81,table_index=logical8,row_index=2"
OBS-202512-00825,2025-12,825,"4-Laning of Jamugurihat to end of Biswanath Chariali By-Pass from Km 182.000 to
Km 208.000 of NH-52 on EPC mode in state of Assam under SARDP-NE",NHIDCL,618436,-,-,Assam,03/2015,12/2016,06/2019,03/2025,599,599,0,0,"4-Laning of Jamugurihat to end of Biswanath Chariali By-Pass from Km 182.000 to
Km 208.000 of NH-52 on EPC mode in state of Assam under SARDP-NE
(NHIDCL)
(618436)","03/2015
(12/2016)","06/2019
(03/2025)","599
(599)",SRC-2025-12,07f56e5457c63192ae7b5b4036f975f7eb058a3364a25a87cdc6ce2369082401,81,80,All Ongoing Projects,6,pdfplumber_table,twelve_month_gate2:0.1.0,"pdf_page_index=81,table_index=logical8,row_index=3"
OBS-202512-00826,2025-12,826,"Construction of Balance Work of 4-Laning of NH-37 Section between End of Moran
Bypass to Bogibeel junction near Lapetketa Km. 561.700-Km. 580.875 under SARDP-
NE, Phase 'A' in the State of Assam on EPC mode Pkg-I Road works & Toll Plaza",NHIDCL,618437,-,-,Assam,01/2016,09/2024,08/2025,-,274.34,274.34,0,100,"Construction of Balance Work of 4-Laning of NH-37 Section between End of Moran
Bypass to Bogibeel junction near Lapetketa Km. 561.700-Km. 580.875 under SARDP-
NE, Phase 'A' in the State of Assam on EPC mode Pkg-I Road works & Toll Plaza
(NHIDCL)
(618437)","01/2016
(09/2024)","08/2025
(-)","274.34
(274.34)",SRC-2025-12,07f56e5457c63192ae7b5b4036f975f7eb058a3364a25a87cdc6ce2369082401,81,80,All Ongoing Projects,6,pdfplumber_table,twelve_month_gate2:0.1.0,"pdf_page_index=81,table_index=logical8,row_index=4"
OBS-202512-00827,2025-12,827,"4-Laning of NH-37 Section between Demow to End of Moran Bypass From Km.
534.800 to Km. 561.700 including Emergency Landing Facility ELF under SARDP-NE,
Phase 'A' in the State of Assam on EPC mode",NHIDCL,618438,-,-,Assam,01/2016,01/2023,08/2025,01/2025,385.57,385.57,0,0,"4-Laning of NH-37 Section between Demow to End of Moran Bypass From Km.
534.800 to Km. 561.700 including Emergency Landing Facility ELF under SARDP-NE,
Phase 'A' in the State of Assam on EPC mode
(NHIDCL)
(618438)","01/2016
(01/2023)","08/2025
(01/2025)","385.57
(385.57)",SRC-2025-12,07f56e5457c63192ae7b5b4036f975f7eb058a3364a25a87cdc6ce2369082401,81,80,All Ongoing Projects,6,pdfplumber_table,twelve_month_gate2:0.1.0,"pdf_page_index=81,table_index=logical8,row_index=5"
OBS-202512-00828,2025-12,828,"Construction of Balance Work of 4-Laning of the Section from Jhanji to Demow of NH-
37 Old from Km 490.800 to Km 501.800 11.000 Km, under SARDP- NE under EPC
Mode in the state of Assam Pkg-I Road Works",NHIDCL,618441,-,-,Assam,01/2016,10/2024,09/2025,-,467.79,476.5,72.13,0,"Construction of Balance Work of 4-Laning of the Section from Jhanji to Demow of NH-
37 Old from Km 490.800 to Km 501.800 11.000 Km, under SARDP- NE under EPC
Mode in the state of Assam Pkg-I Road Works
(NHIDCL)
(618441)","01/2016
(10/2024)","09/2025
(-)","467.79
(476.5)",SRC-2025-12,07f56e5457c63192ae7b5b4036f975f7eb058a3364a25a87cdc6ce2369082401,81,80,All Ongoing Projects,6,pdfplumber_table,twelve_month_gate2:0.1.0,"pdf_page_index=81,table_index=logical8,row_index=6"
OBS-202512-00829,2025-12,829,"Development of External Trunk Connectivity and Internal Infrastructure Works at Multi
Model Logistics ParkMMLP at Jogighopa in the State of Assam on EPC Mode
Package-I Road and Utility Works",NHIDCL,618455,-,-,Assam,02/2020,09/2020,09/2024,10/2024,693.97,693.97,0,0,"Development of External Trunk Connectivity and Internal Infrastructure Works at Multi
Model Logistics ParkMMLP at Jogighopa in the State of Assam on EPC Mode
Package-I Road and Utility Works
(NHIDCL)
(618455)","02/2020
(09/2020)","09/2024
(10/2024)","693.97
(693.97)",SRC-2025-12,07f56e5457c63192ae7b5b4036f975f7eb058a3364a25a87cdc6ce2369082401,81,80,All Ongoing Projects,6,pdfplumber_table,twelve_month_gate2:0.1.0,"pdf_page_index=81,table_index=logical8,row_index=7"
OBS-202512-00830,2025-12,830,"6L Standalone Flyovers at Bongaigaon, Chapaguri, Pathsala, Simlaguri chowk and
Baihata Bypass Junctions on stretches of NH-31 and NH-27",National Highways Authority of India [NHAI],618575,-,-,Assam,03/2022,01/2023,07/2024,-,457.72,412.15,371.63,100,"6L Standalone Flyovers at Bongaigaon, Chapaguri, Pathsala, Simlaguri chowk and
Baihata Bypass Junctions on stretches of NH-31 and NH-27
(National Highways Authority of India [NHAI])
(618575)","03/2022
(01/2023)","07/2024
(-)","457.72
(412.15)",SRC-2025-12,07f56e5457c63192ae7b5b4036f975f7eb058a3364a25a87cdc6ce2369082401,81,80,All Ongoing Projects,6,pdfplumber_table,twelve_month_gate2:0.1.0,"pdf_page_index=81,table_index=logical8,row_index=8"
OBS-202512-00831,2025-12,831,"6L Standalone Flyovers at Raha, Demow, Borghat, Kathiatali junctions and ROB at
Jagiroad on stretches of NH 36 and NH 27",National Highways Authority of India [NHAI],618576,-,-,Assam,03/2022,12/2022,06/2024,-,280.75,255.53,211.79,99,"6L Standalone Flyovers at Raha, Demow, Borghat, Kathiatali junctions and ROB at
Jagiroad on stretches of NH 36 and NH 27
(National Highways Authority of India [NHAI])
(618576)","03/2022
(12/2022)","06/2024
(-)","280.75
(255.53)",SRC-2025-12,07f56e5457c63192ae7b5b4036f975f7eb058a3364a25a87cdc6ce2369082401,81,80,All Ongoing Projects,6,pdfplumber_table,twelve_month_gate2:0.1.0,"pdf_page_index=81,table_index=logical8,row_index=9"
OBS-202512-00832,2025-12,832,"Construction of proposed 4Lane Revelgunj bypass NH-19 in the State of Bihar on
EPC mode connecting NH 19 to 85 origin",MoRTH,617897,-,-,Bihar,03/2022,07/2023,07/2025,-,295.24,295.24,33.07,73,"Construction of proposed 4Lane Revelgunj bypass NH-19 in the State of Bihar on
EPC mode connecting NH 19 to 85 origin
(MoRTH)
(617897)","03/2022
(07/2023)","07/2025
(-)","295.24
(295.24)",SRC-2025-12,07f56e5457c63192ae7b5b4036f975f7eb058a3364a25a87cdc6ce2369082401,81,80,All Ongoing Projects,6,pdfplumber_table,twelve_month_gate2:0.1.0,"pdf_page_index=81,table_index=logical8,row_index=10"
OBS-202512-00833,2025-12,833,Widening & Strenthening from km132.895 to km 190.15 NH-80,MoRTH,617958,-,-,Bihar,03/2021,11/2022,11/2024,-,566.1,566.1,221.6,37,"Widening & Strenthening from km132.895 to km 190.15 NH-80
(MoRTH)
(617958)","03/2021
(11/2022)","11/2024
(-)","566.1
(566.1)",SRC-2025-12,07f56e5457c63192ae7b5b4036f975f7eb058a3364a25a87cdc6ce2369082401,81,80,All Ongoing Projects,6,pdfplumber_table,twelve_month_gate2:0.1.0,"pdf_page_index=81,table_index=logical8,row_index=11"
OBS-202512-00834,2025-12,834,"Rehabilitation & Widening work for 2 Lane with Paved Shoulder of Existing NH-80
from km 70.15 to Km 121.025 of Munger-Suttanganj -BhagatpurMirzachowki section
on EPC Mode in the State of Bihar.",MoRTH,617959,-,-,Bihar,03/2021,02/2023,01/2025,-,477.54,477.54,311.39,95,"Rehabilitation & Widening work for 2 Lane with Paved Shoulder of Existing NH-80
from km 70.15 to Km 121.025 of Munger-Suttanganj -BhagatpurMirzachowki section
on EPC Mode in the State of Bihar.
(MoRTH)
(617959)","03/2021
(02/2023)","01/2025
(-)","477.54
(477.54)",SRC-2025-12,07f56e5457c63192ae7b5b4036f975f7eb058a3364a25a87cdc6ce2369082401,81,80,All Ongoing Projects,6,pdfplumber_table,twelve_month_gate2:0.1.0,"pdf_page_index=81,table_index=logical8,row_index=12"
OBS-202512-00835,2025-12,835,Gaya-Hisua-Rajgir-Nalanda-Biharsharif section km0.00 to 92.935 NH-82,MoRTH,617961,-,-,Bihar,01/2014,11/2016,11/2019,07/2022,1408.85,2138.16,0,0,"Gaya-Hisua-Rajgir-Nalanda-Biharsharif section km0.00 to 92.935 NH-82
(MoRTH)
(617961)","01/2014
(11/2016)","11/2019
(07/2022)","1408.85
(2138.16)",SRC-2025-12,07f56e5457c63192ae7b5b4036f975f7eb058a3364a25a87cdc6ce2369082401,81,80,All Ongoing Projects,6,pdfplumber_table,twelve_month_gate2:0.1.0,"pdf_page_index=81,table_index=logical8,row_index=13"
OBS-202512-00836,2025-12,836,"Rehabilitation and Upgrading to 2 lanes/2-lane with paved shoulders configuration and
strengthening of of Birpur and Bihpur Section from km 0.0 to Km 106 of NH 106 under
phase I of National Highways Interconnectivity Improvement Projects NHIIP ICB No.
NHIIP-BR-106-7 [NHIIP-BR-106-7]",MoRTH,617966,-,-,Bihar,01/2014,10/2016,10/2019,06/2022,780.77,961.33,0,0,"Rehabilitation and Upgrading to 2 lanes/2-lane with paved shoulders configuration and
strengthening of of Birpur and Bihpur Section from km 0.0 to Km 106 of NH 106 under
phase I of National Highways Interconnectivity Improvement Projects NHIIP ICB No.
NHIIP-BR-106-7 [NHIIP-BR-106-7]
(MoRTH)
(617966)","01/2014
(10/2016)","10/2019
(06/2022)","780.77
(961.33)",SRC-2025-12,07f56e5457c63192ae7b5b4036f975f7eb058a3364a25a87cdc6ce2369082401,81,80,All Ongoing Projects,6,pdfplumber_table,twelve_month_gate2:0.1.0,"pdf_page_index=81,table_index=logical8,row_index=14"
OBS-202512-00837,2025-12,837,"Construction of 4 Lane ROB and its approaches at the level crossing LC No 29 B of
Km 29 Ekangarsarai at NH 110 New NH 33 & Railway Km 32.63 at Fatwa FUT
Islampur IPR section in the state of Bihar on EPC mode.",MoRTH,617969,-,-,Bihar,03/2023,07/2024,07/2026,-,201.08,201.08,0.01,32,"Construction of 4 Lane ROB and its approaches at the level crossing LC No 29 B of
Km 29 Ekangarsarai at NH 110 New NH 33 & Railway Km 32.63 at Fatwa FUT
Islampur IPR section in the state of Bihar on EPC mode.
(MoRTH)
(617969)","03/2023
(07/2024)","07/2026
(-)","201.08
(201.08)",SRC-2025-12,07f56e5457c63192ae7b5b4036f975f7eb058a3364a25a87cdc6ce2369082401,81,80,All Ongoing Projects,6,pdfplumber_table,twelve_month_gate2:0.1.0,"pdf_page_index=81,table_index=logical8,row_index=15"
OBS-202512-00838,2025-12,838,"Construction of Bhabhua Bypass from Ch. 10800Design Ch. 10800 to Ch. 19860
Design Ch. 18150 and Chand Bypass from Ch. 38060 Design Ch. 36250 to Ch. 40460
Design Ch. 38650 and widening of existing road to 2 - lane with Paved shoulder from
Ch. 40460 Design Ch. 38650 to Ch. 46860 Design Ch. 45050 of NH-219 Total length-
16.150 Kmunder EPC mode in the state of Bihar",MoRTH,618004,-,-,Bihar,02/2022,01/2025,07/2026,-,179.86,179.86,0,0,"Construction of Bhabhua Bypass from Ch. 10800Design Ch. 10800 to Ch. 19860
Design Ch. 18150 and Chand Bypass from Ch. 38060 Design Ch. 36250 to Ch. 40460
Design Ch. 38650 and widening of existing road to 2 - lane with Paved shoulder from
Ch. 40460 Design Ch. 38650 to Ch. 46860 Design Ch. 45050 of NH-219 Total length-
16.150 Kmunder EPC mode in the state of Bihar
(MoRTH)
(618004)","02/2022
(01/2025)","07/2026
(-)","179.86
(179.86)",SRC-2025-12,07f56e5457c63192ae7b5b4036f975f7eb058a3364a25a87cdc6ce2369082401,81,80,All Ongoing Projects,6,pdfplumber_table,twelve_month_gate2:0.1.0,"pdf_page_index=81,table_index=logical8,row_index=16"
OBS-202512-00839,2025-12,839,Sheohar-Sitamarhi Section km 40.000 to 79.400 km Lot-I,MoRTH,618005,-,-,Bihar,02/2016,05/2016,05/2018,06/2021,178.85,278.53,0,98,"Sheohar-Sitamarhi Section km 40.000 to 79.400 km Lot-I
(MoRTH)
(618005)","02/2016
(05/2016)","05/2018
(06/2021)","178.85
(278.53)",SRC-2025-12,07f56e5457c63192ae7b5b4036f975f7eb058a3364a25a87cdc6ce2369082401,81,80,All Ongoing Projects,6,pdfplumber_table,twelve_month_gate2:0.1.0,"pdf_page_index=81,table_index=logical8,row_index=17"
OBS-202512-00840,2025-12,840,Sitamarhi-Jaynagar Section km 79.400 to km 156.500 Lot-II,MoRTH,618006,-,-,Bihar,02/2016,06/2016,12/2018,06/2021,369.77,503.28,0,98,"Sitamarhi-Jaynagar Section km 79.400 to km 156.500 Lot-II
(MoRTH)
(618006)","02/2016
(06/2016)","12/2018
(06/2021)","369.77
(503.28)",SRC-2025-12,07f56e5457c63192ae7b5b4036f975f7eb058a3364a25a87cdc6ce2369082401,81,80,All Ongoing Projects,6,pdfplumber_table,twelve_month_gate2:0.1.0,"pdf_page_index=81,table_index=logical8,row_index=18"
OBS-202512-00841,2025-12,841,Jaynagar-Narahia Section km 156.500 to km 219.945 Lot-III,MoRTH,618007,-,-,Bihar,02/2016,05/2016,11/2018,03/2021,553.3,706.39,0,99,"Jaynagar-Narahia Section km 156.500 to km 219.945 Lot-III
(MoRTH)
(618007)","02/2016
(05/2016)","11/2018
(03/2021)","553.3
(706.39)",SRC-2025-12,07f56e5457c63192ae7b5b4036f975f7eb058a3364a25a87cdc6ce2369082401,81,80,All Ongoing Projects,6,pdfplumber_table,twelve_month_gate2:0.1.0,"pdf_page_index=81,table_index=logical8,row_index=19"
OBS-202512-00842,2025-12,842,"Improvement to Two lane with Paved Shoulder from Junction of NH22 near Hajipur to
Junction of NH -122 at Bachhwara via Mahnar and Mohiuddin Nagar from Km 0.00 to
Km 29.730 of NH 122 B in the State of Bihar.",MoRTH,618073,-,-,Bihar,02/2024,08/2024,11/2025,-,226.16,226.16,0,0,"Improvement to Two lane with Paved Shoulder from Junction of NH22 near Hajipur to
Junction of NH -122 at Bachhwara via Mahnar and Mohiuddin Nagar from Km 0.00 to
Km 29.730 of NH 122 B in the State of Bihar.
(MoRTH)
(618073)","02/2024
(08/2024)","11/2025
(-)","226.16
(226.16)",SRC-2025-12,07f56e5457c63192ae7b5b4036f975f7eb058a3364a25a87cdc6ce2369082401,81,80,All Ongoing Projects,6,pdfplumber_table,twelve_month_gate2:0.1.0,"pdf_page_index=81,table_index=logical8,row_index=20"
OBS-202512-00843,2025-12,843,"Pre construction activity of NH 122B from km 0 to 72.348 and Improvement to two
lane with paved shoulders of NH 122B from km 29.730 to km 72.348 in state of Bihar
under EPC mode",MoRTH,618074,-,-,Bihar,02/2022,05/2023,11/2024,-,624.43,624.43,153.21,90,"Pre construction activity of NH 122B from km 0 to 72.348 and Improvement to two
lane with paved shoulders of NH 122B from km 29.730 to km 72.348 in state of Bihar
under EPC mode
(MoRTH)
(618074)","02/2022
(05/2023)","11/2024
(-)","624.43
(624.43)",SRC-2025-12,07f56e5457c63192ae7b5b4036f975f7eb058a3364a25a87cdc6ce2369082401,81,80,All Ongoing Projects,6,pdfplumber_table,twelve_month_gate2:0.1.0,"pdf_page_index=81,table_index=logical8,row_index=21"
OBS-202512-00844,2025-12,844,"Improvement to two lane with paved shoulders of BH WB Border Amdabad Manihari
section from design Km 0.000 to Km 23.945 of NH 131 A Total length 23.945 Km
under EPC mode in the state of Bihar",MoRTH,618080,-,-,Bihar,01/2022,09/2024,03/2026,-,353.27,353.27,0,2,"Improvement to two lane with paved shoulders of BH WB Border Amdabad Manihari
section from design Km 0.000 to Km 23.945 of NH 131 A Total length 23.945 Km
under EPC mode in the state of Bihar
(MoRTH)
(618080)","01/2022
(09/2024)","03/2026
(-)","353.27
(353.27)",SRC-2025-12,07f56e5457c63192ae7b5b4036f975f7eb058a3364a25a87cdc6ce2369082401,82,81,All Ongoing Projects,6,pdfplumber_table,twelve_month_gate2:0.1.0,"pdf_page_index=82,table_index=logical8,row_index=1"
OBS-202512-00845,2025-12,845,"Improvement to two lane with paved shoulders of NH-319A from km 0 to km 45 in
state of Bihar under EPC mode",MoRTH,618121,-,-,Bihar,02/2022,06/2023,12/2024,-,427.29,427.29,176.32,0,"Improvement to two lane with paved shoulders of NH-319A from km 0 to km 45 in
state of Bihar under EPC mode
(MoRTH)
(618121)","02/2022
(06/2023)","12/2024
(-)","427.29
(427.29)",SRC-2025-12,07f56e5457c63192ae7b5b4036f975f7eb058a3364a25a87cdc6ce2369082401,82,81,All Ongoing Projects,6,pdfplumber_table,twelve_month_gate2:0.1.0,"pdf_page_index=82,table_index=logical8,row_index=2"
OBS-202512-00846,2025-12,846,"Estimate for Improvement to two lane with paved shoulder from Ramnagar to Roseda
from km 3.500 to 43.000 of NH 527 E on EPC mode in State of Bihar",MoRTH,618146,-,-,Bihar,01/2022,10/2024,04/2026,-,495.16,495.16,0,0,"Estimate for Improvement to two lane with paved shoulder from Ramnagar to Roseda
from km 3.500 to 43.000 of NH 527 E on EPC mode in State of Bihar
(MoRTH)
(618146)","01/2022
(10/2024)","04/2026
(-)","495.16
(495.16)",SRC-2025-12,07f56e5457c63192ae7b5b4036f975f7eb058a3364a25a87cdc6ce2369082401,82,81,All Ongoing Projects,6,pdfplumber_table,twelve_month_gate2:0.1.0,"pdf_page_index=82,table_index=logical8,row_index=3"
OBS-202512-00847,2025-12,847,"construction of a new 4 lane Parallel to existing MG Setu with its approaces from km
0.00 to km 14.500 across river Ganga on NH-19 at Patna in the state of Bihar.",MoRTH,618228,-,-,Bihar,02/2019,03/2021,09/2024,01/2025,2926.42,2926.42,0,66,"construction of a new 4 lane Parallel to existing MG Setu with its approaces from km
0.00 to km 14.500 across river Ganga on NH-19 at Patna in the state of Bihar.
(MoRTH)
(618228)","02/2019
(03/2021)","09/2024
(01/2025)","2926.42
(2926.42)",SRC-2025-12,07f56e5457c63192ae7b5b4036f975f7eb058a3364a25a87cdc6ce2369082401,82,81,All Ongoing Projects,6,pdfplumber_table,twelve_month_gate2:0.1.0,"pdf_page_index=82,table_index=logical8,row_index=4"
OBS-202512-00848,2025-12,848,"Construction of a new 4-lane major bridge across river Kosi at Phulaut including
Rehabilitation and upgradation of existing Birpur and Bihpur section of NH-106 from
km 106.000 to km 136.000 to 2-lane with paved shoulders in the State of Bihar on
EPC mode",MoRTH,618234,-,-,Bihar,09/2018,06/2021,06/2024,03/2026,1478.4,1478.4,753.21,86,"Construction of a new 4-lane major bridge across river Kosi at Phulaut including
Rehabilitation and upgradation of existing Birpur and Bihpur section of NH-106 from
km 106.000 to km 136.000 to 2-lane with paved shoulders in the State of Bihar on
EPC mode
(MoRTH)
(618234)","09/2018
(06/2021)","06/2024
(03/2026)","1478.4
(1478.4)",SRC-2025-12,07f56e5457c63192ae7b5b4036f975f7eb058a3364a25a87cdc6ce2369082401,82,81,All Ongoing Projects,6,pdfplumber_table,twelve_month_gate2:0.1.0,"pdf_page_index=82,table_index=logical8,row_index=5"
OBS-202512-00849,2025-12,849,"Construction of New 4-Lane Bridge Parallel to existing Vikramashila Setufrom km
8920 to Km 13375including approach road 35m Naugachhia side &53 m Bhagalpur
sideacross River Ganga on newly declared NH-131B at Bhagalpur in the State of
Bihar",MoRTH,618246,-,-,Bihar,07/2020,05/2023,05/2027,-,1110.23,1110.23,0,44,"Construction of New 4-Lane Bridge Parallel to existing Vikramashila Setufrom km
8920 to Km 13375including approach road 35m Naugachhia side &53 m Bhagalpur
sideacross River Ganga on newly declared NH-131B at Bhagalpur in the State of
Bihar
(MoRTH)
(618246)","07/2020
(05/2023)","05/2027
(-)","1110.23
(1110.23)",SRC-2025-12,07f56e5457c63192ae7b5b4036f975f7eb058a3364a25a87cdc6ce2369082401,82,81,All Ongoing Projects,6,pdfplumber_table,twelve_month_gate2:0.1.0,"pdf_page_index=82,table_index=logical8,row_index=6"
OBS-202512-00850,2025-12,850,"Construction of 6-Lane Elevated / Extra Dose Cable Bridge on River Ganga parallel to
& Western side of Digha-Sonepur Rail cum-Road Bridge of NH 139W in the State of
Bihar",MoRTH,618250,-,-,Bihar,01/2024,05/2024,11/2027,-,3064.45,3064.45,0,8,"Construction of 6-Lane Elevated / Extra Dose Cable Bridge on River Ganga parallel to
& Western side of Digha-Sonepur Rail cum-Road Bridge of NH 139W in the State of
Bihar
(MoRTH)
(618250)","01/2024
(05/2024)","11/2027
(-)","3064.45
(3064.45)",SRC-2025-12,07f56e5457c63192ae7b5b4036f975f7eb058a3364a25a87cdc6ce2369082401,82,81,All Ongoing Projects,6,pdfplumber_table,twelve_month_gate2:0.1.0,"pdf_page_index=82,table_index=logical8,row_index=7"
OBS-202512-00851,2025-12,851,Balance work - WB-10 Gandak Bridge Km 402.00 to Km 440.00 Devanpur - Kotwa,National Highways Authority of India [NHAI],618569,-,-,Bihar,11/2021,07/2022,01/2024,-,210.05,358.3,99.85,63,"Balance work - WB-10 Gandak Bridge Km 402.00 to Km 440.00 Devanpur - Kotwa
(National Highways Authority of India [NHAI])
(618569)","11/2021
(07/2022)","01/2024
(-)","210.05
(358.3)",SRC-2025-12,07f56e5457c63192ae7b5b4036f975f7eb058a3364a25a87cdc6ce2369082401,82,81,All Ongoing Projects,6,pdfplumber_table,twelve_month_gate2:0.1.0,"pdf_page_index=82,table_index=logical8,row_index=8"
OBS-202512-00852,2025-12,852,"4L Elevated Highway and at grade improvements at Gopalganj Town from Km.
384.000 to Km. 386.750 on NH-27",National Highways Authority of India [NHAI],618570,-,-,Bihar,10/2021,03/2022,08/2024,-,325.57,248.92,227.89,96,"4L Elevated Highway and at grade improvements at Gopalganj Town from Km.
384.000 to Km. 386.750 on NH-27
(National Highways Authority of India [NHAI])
(618570)","10/2021
(03/2022)","08/2024
(-)","325.57
(248.92)",SRC-2025-12,07f56e5457c63192ae7b5b4036f975f7eb058a3364a25a87cdc6ce2369082401,82,81,All Ongoing Projects,6,pdfplumber_table,twelve_month_gate2:0.1.0,"pdf_page_index=82,table_index=logical8,row_index=9"
OBS-202512-00853,2025-12,853,"Permanent rectification of 3 nos. of black spots in project Highway NH-27 of U.P
border - Dewapur - Kotwa section from Km.360.915 to km.440.000 Total Length of
79.085 Km of NH-27& Permanent rectification of 5 nos. of black spots of project
Highway NH-27 of Kotwa - Mehsi - Muzaffarpur Section from km.440.000 to
km.520.000 Total length 80.00Km",National Highways Authority of India [NHAI],618571,-,-,Bihar,04/2022,12/2023,12/2025,-,227.25,321.23,193.52,68,"Permanent rectification of 3 nos. of black spots in project Highway NH-27 of U.P
border - Dewapur - Kotwa section from Km.360.915 to km.440.000 Total Length of
79.085 Km of NH-27& Permanent rectification of 5 nos. of black spots of project
Highway NH-27 of Kotwa - Mehsi - Muzaffarpur Section from km.440.000 to
km.520.000 Total length 80.00Km
(National Highways Authority of India [NHAI])
(618571)","04/2022
(12/2023)","12/2025
(-)","227.25
(321.23)",SRC-2025-12,07f56e5457c63192ae7b5b4036f975f7eb058a3364a25a87cdc6ce2369082401,82,81,All Ongoing Projects,6,pdfplumber_table,twelve_month_gate2:0.1.0,"pdf_page_index=82,table_index=logical8,row_index=10"
OBS-202512-00854,2025-12,854,"6L Bridge and its approaches across River Ganga as Part of Patna Ring Road NH-
131G starting from Km 8.480 near Sherpur to Km 23.000 near Dighwara",National Highways Authority of India [NHAI],618738,-,-,Bihar,09/2022,09/2023,09/2027,-,6291.69,3351.62,421.4,13,"6L Bridge and its approaches across River Ganga as Part of Patna Ring Road NH-
131G starting from Km 8.480 near Sherpur to Km 23.000 near Dighwara
(National Highways Authority of India [NHAI])
(618738)","09/2022
(09/2023)","09/2027
(-)","6291.69
(3351.62)",SRC-2025-12,07f56e5457c63192ae7b5b4036f975f7eb058a3364a25a87cdc6ce2369082401,82,81,All Ongoing Projects,6,pdfplumber_table,twelve_month_gate2:0.1.0,"pdf_page_index=82,table_index=logical8,row_index=11"
OBS-202512-00855,2025-12,855,"4L Greenfield Alignment of Amas to Shivrampur from 0.000 Km. to 55.002 Km. of NH
119 D Pkg-I",National Highways Authority of India [NHAI],618739,-,-,Bihar,02/2022,03/2023,11/2024,12/2025,1390.92,1427.43,282.35,33,"4L Greenfield Alignment of Amas to Shivrampur from 0.000 Km. to 55.002 Km. of NH
119 D Pkg-I
(National Highways Authority of India [NHAI])
(618739)","02/2022
(03/2023)","11/2024
(12/2025)","1390.92
(1427.43)",SRC-2025-12,07f56e5457c63192ae7b5b4036f975f7eb058a3364a25a87cdc6ce2369082401,82,81,All Ongoing Projects,6,pdfplumber_table,twelve_month_gate2:0.1.0,"pdf_page_index=82,table_index=logical8,row_index=12"
OBS-202512-00856,2025-12,856,"4L Greenfield Alignment of Shivrampur to Ramnagar from Km. 55.002 to Km.
109.300 of NH 119 D Pkg-II",National Highways Authority of India [NHAI],618740,-,-,Bihar,02/2022,07/2023,07/2025,12/2025,1494.31,1546.07,243.51,34,"4L Greenfield Alignment of Shivrampur to Ramnagar from Km. 55.002 to Km.
109.300 of NH 119 D Pkg-II
(National Highways Authority of India [NHAI])
(618740)","02/2022
(07/2023)","07/2025
(12/2025)","1494.31
(1546.07)",SRC-2025-12,07f56e5457c63192ae7b5b4036f975f7eb058a3364a25a87cdc6ce2369082401,82,81,All Ongoing Projects,6,pdfplumber_table,twelve_month_gate2:0.1.0,"pdf_page_index=82,table_index=logical8,row_index=13"
OBS-202512-00857,2025-12,857,4L Greenfield Alignment from Kalyanapur to Tal Dashraha of NH-119D Pkg-III,NHAI,618741,-,-,Bihar,03/2022,02/2023,02/2025,-,1857.58,1969.3,345.49,23,"4L Greenfield Alignment from Kalyanapur to Tal Dashraha of NH-119D Pkg-III
(NHAI)
(618741)","03/2022
(02/2023)","02/2025
(-)","1857.58
(1969.3)",SRC-2025-12,07f56e5457c63192ae7b5b4036f975f7eb058a3364a25a87cdc6ce2369082401,82,81,All Ongoing Projects,6,pdfplumber_table,twelve_month_gate2:0.1.0,"pdf_page_index=82,table_index=logical8,row_index=14"
OBS-202512-00858,2025-12,858,Ara - Mohania Pkg-II,National Highways Authority of India [NHAI],618774,-,-,Bihar,08/2020,01/2021,07/2023,11/2025,984.63,827.51,798.12,100,"Ara - Mohania Pkg-II
(National Highways Authority of India [NHAI])
(618774)","08/2020
(01/2021)","07/2023
(11/2025)","984.63
(827.51)",SRC-2025-12,07f56e5457c63192ae7b5b4036f975f7eb058a3364a25a87cdc6ce2369082401,82,81,All Ongoing Projects,6,pdfplumber_table,twelve_month_gate2:0.1.0,"pdf_page_index=82,table_index=logical8,row_index=15"
OBS-202512-00859,2025-12,859,4L of Aurangabad-Paithan,NHAI,618779,-,-,Bihar,09/2022,01/2023,07/2024,-,1505,349.96,304.99,78,"4L of Aurangabad-Paithan
(NHAI)
(618779)","09/2022
(01/2023)","07/2024
(-)","1505
(349.96)",SRC-2025-12,07f56e5457c63192ae7b5b4036f975f7eb058a3364a25a87cdc6ce2369082401,82,81,All Ongoing Projects,6,pdfplumber_table,twelve_month_gate2:0.1.0,"pdf_page_index=82,table_index=logical8,row_index=16"
OBS-202512-00860,2025-12,860,Aunta - Simaria including Ganga Bridge,National Highways Authority of India [NHAI],618839,-,-,Bihar,NA,08/2018,02/2022,05/2025,1309.47,2107.68,796.99,100,"Aunta - Simaria including Ganga Bridge
(National Highways Authority of India [NHAI])
(618839)","NA
(08/2018)","02/2022
(05/2025)","1309.47
(2107.68)",SRC-2025-12,07f56e5457c63192ae7b5b4036f975f7eb058a3364a25a87cdc6ce2369082401,82,81,All Ongoing Projects,6,pdfplumber_table,twelve_month_gate2:0.1.0,"pdf_page_index=82,table_index=logical8,row_index=17"
OBS-202512-00861,2025-12,861,Simaria Km. 206.050 to Khagaria Km. 266.282,National Highways Authority of India [NHAI],618840,-,-,Bihar,NA,10/2016,04/2019,03/2025,664.02,891.64,337.23,97,"Simaria Km. 206.050 to Khagaria Km. 266.282
(National Highways Authority of India [NHAI])
(618840)","NA
(10/2016)","04/2019
(03/2025)","664.02
(891.64)",SRC-2025-12,07f56e5457c63192ae7b5b4036f975f7eb058a3364a25a87cdc6ce2369082401,82,81,All Ongoing Projects,6,pdfplumber_table,twelve_month_gate2:0.1.0,"pdf_page_index=82,table_index=logical8,row_index=18"
OBS-202512-00862,2025-12,862,"4L Elevated Section and at-grade improvements at Begusarai town Simaria - Khagaria
section from Km. 221.047 to Km. 225.302 of NH-31",National Highways Authority of India [NHAI],618841,-,-,Bihar,10/2021,06/2022,12/2024,12/2025,491.04,348.38,316.67,92,"4L Elevated Section and at-grade improvements at Begusarai town Simaria - Khagaria
section from Km. 221.047 to Km. 225.302 of NH-31
(National Highways Authority of India [NHAI])
(618841)","10/2021
(06/2022)","12/2024
(12/2025)","491.04
(348.38)",SRC-2025-12,07f56e5457c63192ae7b5b4036f975f7eb058a3364a25a87cdc6ce2369082401,82,81,All Ongoing Projects,6,pdfplumber_table,twelve_month_gate2:0.1.0,"pdf_page_index=82,table_index=logical8,row_index=19"
OBS-202512-00863,2025-12,863,Bakhtiyarpur-Rajauli Pkg-II from km. 54.405 to km.101.630,National Highways Authority of India [NHAI],618861,-,-,Bihar,09/2020,04/2021,07/2023,-,897.45,1397.47,697.4,91,"Bakhtiyarpur-Rajauli Pkg-II from km. 54.405 to km.101.630
(National Highways Authority of India [NHAI])
(618861)","09/2020
(04/2021)","07/2023
(-)","897.45
(1397.47)",SRC-2025-12,07f56e5457c63192ae7b5b4036f975f7eb058a3364a25a87cdc6ce2369082401,82,81,All Ongoing Projects,6,pdfplumber_table,twelve_month_gate2:0.1.0,"pdf_page_index=82,table_index=logical8,row_index=20"
OBS-202512-00864,2025-12,864,Maheshkunt-Saharsa-Purnea Pkg I km 0.00 to km. 90.00 of NH-107,National Highways Authority of India [NHAI],618902,-,-,Bihar,02/2017,12/2019,12/2021,08/2025,662.44,1311.22,867.61,85,"Maheshkunt-Saharsa-Purnea Pkg I km 0.00 to km. 90.00 of NH-107
(National Highways Authority of India [NHAI])
(618902)","02/2017
(12/2019)","12/2021
(08/2025)","662.44
(1311.22)",SRC-2025-12,07f56e5457c63192ae7b5b4036f975f7eb058a3364a25a87cdc6ce2369082401,82,81,All Ongoing Projects,6,pdfplumber_table,twelve_month_gate2:0.1.0,"pdf_page_index=82,table_index=logical8,row_index=21"
OBS-202512-00865,2025-12,865,Maheshkunt -Saharsa-Purnea Pkg II,National Highways Authority of India [NHAI],618903,-,-,Bihar,NA,12/2018,12/2020,11/2025,1028.28,1244.09,805.43,89,"Maheshkunt -Saharsa-Purnea Pkg II
(National Highways Authority of India [NHAI])
(618903)","NA
(12/2018)","12/2020
(11/2025)","1028.28
(1244.09)",SRC-2025-12,07f56e5457c63192ae7b5b4036f975f7eb058a3364a25a87cdc6ce2369082401,82,81,All Ongoing Projects,6,pdfplumber_table,twelve_month_gate2:0.1.0,"pdf_page_index=82,table_index=logical8,row_index=22"
OBS-202512-00866,2025-12,866,Chhapra - Hajipur from km. 143.200 to km. 209.200,National Highways Authority of India [NHAI],618904,-,-,Bihar,NA,01/2011,07/2013,-,2127.86,2171.6,3.78,57,"Chhapra - Hajipur from km. 143.200 to km. 209.200
(National Highways Authority of India [NHAI])
(618904)","NA
(01/2011)","07/2013
(-)","2127.86
(2171.6)",SRC-2025-12,07f56e5457c63192ae7b5b4036f975f7eb058a3364a25a87cdc6ce2369082401,82,81,All Ongoing Projects,6,pdfplumber_table,twelve_month_gate2:0.1.0,"pdf_page_index=82,table_index=logical8,row_index=23"
OBS-202512-00867,2025-12,867,"4L of Bal. works of Patna - Gaya -Dobhi Pkg-II from km. 39.00 to km. 83.00 of Old NH-
83",National Highways Authority of India [NHAI],618915,-,-,Bihar,09/2019,11/2020,11/2022,05/2025,1637.29,777.2,728.91,89,"4L of Bal. works of Patna - Gaya -Dobhi Pkg-II from km. 39.00 to km. 83.00 of Old NH-
83
(National Highways Authority of India [NHAI])
(618915)","09/2019
(11/2020)","11/2022
(05/2025)","1637.29
(777.2)",SRC-2025-12,07f56e5457c63192ae7b5b4036f975f7eb058a3364a25a87cdc6ce2369082401,82,81,All Ongoing Projects,6,pdfplumber_table,twelve_month_gate2:0.1.0,"pdf_page_index=82,table_index=logical8,row_index=24"
OBS-202512-00868,2025-12,868,"4L of Bal. works of Patna - Gaya -Dobhi Pkg-III from km. 83.00 to km. 127.217 of Old
NH-83",National Highways Authority of India [NHAI],618916,-,-,Bihar,09/2019,11/2020,11/2022,05/2025,1077.46,799.7,774.78,92,"4L of Bal. works of Patna - Gaya -Dobhi Pkg-III from km. 83.00 to km. 127.217 of Old
NH-83
(National Highways Authority of India [NHAI])
(618916)","09/2019
(11/2020)","11/2022
(05/2025)","1077.46
(799.7)",SRC-2025-12,07f56e5457c63192ae7b5b4036f975f7eb058a3364a25a87cdc6ce2369082401,83,82,All Ongoing Projects,6,pdfplumber_table,twelve_month_gate2:0.1.0,"pdf_page_index=83,table_index=logical8,row_index=1"
OBS-202512-00869,2025-12,869,Umagaon-Saharsa Package-IV Koshi Bridge & approach Road - Bheja-Bakaur,NHAI,618953,-,-,Bihar,02/2019,02/2020,08/2023,-,1199.58,1223.94,837.89,81,"Umagaon-Saharsa Package-IV Koshi Bridge & approach Road - Bheja-Bakaur
(NHAI)
(618953)","02/2019
(02/2020)","08/2023
(-)","1199.58
(1223.94)",SRC-2025-12,07f56e5457c63192ae7b5b4036f975f7eb058a3364a25a87cdc6ce2369082401,83,82,All Ongoing Projects,6,pdfplumber_table,twelve_month_gate2:0.1.0,"pdf_page_index=83,table_index=logical8,row_index=2"
OBS-202512-00870,2025-12,870,2L PS of Majhauli to Charout section from km. 0.00 to km. 63.655,NHAI,618955,-,-,Bihar,01/2018,11/2019,11/2021,-,638.29,1067.51,125.16,95,"2L PS of Majhauli to Charout section from km. 0.00 to km. 63.655
(NHAI)
(618955)","01/2018
(11/2019)","11/2021
(-)","638.29
(1067.51)",SRC-2025-12,07f56e5457c63192ae7b5b4036f975f7eb058a3364a25a87cdc6ce2369082401,83,82,All Ongoing Projects,6,pdfplumber_table,twelve_month_gate2:0.1.0,"pdf_page_index=83,table_index=logical8,row_index=3"
OBS-202512-00871,2025-12,871,"Construction of 4 Nos Grade separtor between km. 281.000 to km. 307.600 km.
286.400 kumhari km. 299.000 Transport Nagar km. 302.000 Power House km.
304.000 Chandra Moura Chowk to km. 305.000 supeia of NH-53 old NH-06 Raipur -
Durg 4 Lane on EPC mode in the state of chhattisgarh job NO. NH-53old NH-06 CG-
2017-18-56",MoRTH,617919,-,-,Chhattisgarh,03/2018,01/2019,01/2021,01/2021,349.03,349.03,0,97,"Construction of 4 Nos Grade separtor between km. 281.000 to km. 307.600 km.
286.400 kumhari km. 299.000 Transport Nagar km. 302.000 Power House km.
304.000 Chandra Moura Chowk to km. 305.000 supeia of NH-53 old NH-06 Raipur -
Durg 4 Lane on EPC mode in the state of chhattisgarh job NO. NH-53old NH-06 CG-
2017-18-56
(MoRTH)
(617919)","03/2018
(01/2019)","01/2021
(01/2021)","349.03
(349.03)",SRC-2025-12,07f56e5457c63192ae7b5b4036f975f7eb058a3364a25a87cdc6ce2369082401,83,82,All Ongoing Projects,6,pdfplumber_table,twelve_month_gate2:0.1.0,"pdf_page_index=83,table_index=logical8,row_index=4"
OBS-202512-00872,2025-12,872,"Strengthening and widening of existing 2 lane road to two lane paved shoulder from
km 7.750 to 26.542 & km. 32.093 to 45.786 of NH-130 on EPC mode in the state of
chhattisgarh.job No. 130-CG-2017-18-348",MoRTH,617973,-,-,Chhattisgarh,11/2017,05/2019,11/2020,-,188.8,188.8,1.06,97,"Strengthening and widening of existing 2 lane road to two lane paved shoulder from
km 7.750 to 26.542 & km. 32.093 to 45.786 of NH-130 on EPC mode in the state of
chhattisgarh.job No. 130-CG-2017-18-348
(MoRTH)
(617973)","11/2017
(05/2019)","11/2020
(-)","188.8
(188.8)",SRC-2025-12,07f56e5457c63192ae7b5b4036f975f7eb058a3364a25a87cdc6ce2369082401,83,82,All Ongoing Projects,6,pdfplumber_table,twelve_month_gate2:0.1.0,"pdf_page_index=83,table_index=logical8,row_index=5"
OBS-202512-00873,2025-12,873,"Up-gradation of NH-930 Sherpar to Kohka from Km.67880 to Km.114860 to 2LPS in
Chhattisgarh under EPC mode",MoRTH,618064,-,-,Chhattisgarh,03/2020,05/2022,05/2024,-,278.97,278.97,201.05,0,"Up-gradation of NH-930 Sherpar to Kohka from Km.67880 to Km.114860 to 2LPS in
Chhattisgarh under EPC mode
(MoRTH)
(618064)","03/2020
(05/2022)","05/2024
(-)","278.97
(278.97)",SRC-2025-12,07f56e5457c63192ae7b5b4036f975f7eb058a3364a25a87cdc6ce2369082401,83,82,All Ongoing Projects,6,pdfplumber_table,twelve_month_gate2:0.1.0,"pdf_page_index=83,table_index=logical8,row_index=6"
OBS-202512-00874,2025-12,874,"Up-gradation of NH-130C Abhanpur to Paund from NH Km. 0000 to KM 40380 to two
lane with paved shoulders in the State of Chhattisgarh on EPC mode.",MoRTH,618078,-,-,Chhattisgarh,12/2020,03/2022,09/2023,-,193.16,193.16,56.27,0,"Up-gradation of NH-130C Abhanpur to Paund from NH Km. 0000 to KM 40380 to two
lane with paved shoulders in the State of Chhattisgarh on EPC mode.
(MoRTH)
(618078)","12/2020
(03/2022)","09/2023
(-)","193.16
(193.16)",SRC-2025-12,07f56e5457c63192ae7b5b4036f975f7eb058a3364a25a87cdc6ce2369082401,83,82,All Ongoing Projects,6,pdfplumber_table,twelve_month_gate2:0.1.0,"pdf_page_index=83,table_index=logical8,row_index=7"
OBS-202512-00875,2025-12,875,"Durg-Raipur Bypass Section Package - 1 from km. 0.00 to km. 44.50 near Tendesara
to near Khatti Village",National Highways Authority of India [NHAI],618589,-,-,Chhattisgarh,06/2022,07/2023,07/2025,-,1072.99,1656.73,537,60,"Durg-Raipur Bypass Section Package - 1 from km. 0.00 to km. 44.50 near Tendesara
to near Khatti Village
(National Highways Authority of India [NHAI])
(618589)","06/2022
(07/2023)","07/2025
(-)","1072.99
(1656.73)",SRC-2025-12,07f56e5457c63192ae7b5b4036f975f7eb058a3364a25a87cdc6ce2369082401,83,82,All Ongoing Projects,6,pdfplumber_table,twelve_month_gate2:0.1.0,"pdf_page_index=83,table_index=logical8,row_index=8"
OBS-202512-00876,2025-12,876,"Durg-Raipur-Arang Package - 2 from km. 44.50 to km. 92.23 near Khatti Village to
near Aurang",National Highways Authority of India [NHAI],618590,-,-,Chhattisgarh,06/2022,06/2023,05/2025,-,1216.23,1561.97,406.66,40,"Durg-Raipur-Arang Package - 2 from km. 44.50 to km. 92.23 near Khatti Village to
near Aurang
(National Highways Authority of India [NHAI])
(618590)","06/2022
(06/2023)","05/2025
(-)","1216.23
(1561.97)",SRC-2025-12,07f56e5457c63192ae7b5b4036f975f7eb058a3364a25a87cdc6ce2369082401,83,82,All Ongoing Projects,6,pdfplumber_table,twelve_month_gate2:0.1.0,"pdf_page_index=83,table_index=logical8,row_index=9"
OBS-202512-00877,2025-12,877,"Development of 6L of Jhanki Sargi Section Road from km 0.000 to km 42.800 of NH-
130CD Pkg-CG-1",National Highways Authority of India [NHAI],618673,-,-,Chhattisgarh,11/2021,09/2022,09/2024,-,1368.19,1129.14,613.02,77,"Development of 6L of Jhanki Sargi Section Road from km 0.000 to km 42.800 of NH-
130CD Pkg-CG-1
(National Highways Authority of India [NHAI])
(618673)","11/2021
(09/2022)","09/2024
(-)","1368.19
(1129.14)",SRC-2025-12,07f56e5457c63192ae7b5b4036f975f7eb058a3364a25a87cdc6ce2369082401,83,82,All Ongoing Projects,6,pdfplumber_table,twelve_month_gate2:0.1.0,"pdf_page_index=83,table_index=logical8,row_index=10"
OBS-202512-00878,2025-12,878,"Development of 6L Sargi Basanwahi Section from km 42.800 to km 99.500 of NH-
130CD Pkg-CG-2",National Highways Authority of India [NHAI],618674,-,-,Chhattisgarh,12/2021,01/2023,01/2025,09/2025,1470.73,1461.81,694.31,92,"Development of 6L Sargi Basanwahi Section from km 42.800 to km 99.500 of NH-
130CD Pkg-CG-2
(National Highways Authority of India [NHAI])
(618674)","12/2021
(01/2023)","01/2025
(09/2025)","1470.73
(1461.81)",SRC-2025-12,07f56e5457c63192ae7b5b4036f975f7eb058a3364a25a87cdc6ce2369082401,83,82,All Ongoing Projects,6,pdfplumber_table,twelve_month_gate2:0.1.0,"pdf_page_index=83,table_index=logical8,row_index=11"
OBS-202512-00879,2025-12,879,"Development of 6L of Basanwahi Marangpuri Section from km 99.500 to km 124.661
of NH-130-CD",National Highways Authority of India [NHAI],618675,-,-,Chhattisgarh,03/2022,10/2023,10/2025,07/2026,1307.16,1303.63,373.53,53,"Development of 6L of Basanwahi Marangpuri Section from km 99.500 to km 124.661
of NH-130-CD
(National Highways Authority of India [NHAI])
(618675)","03/2022
(10/2023)","10/2025
(07/2026)","1307.16
(1303.63)",SRC-2025-12,07f56e5457c63192ae7b5b4036f975f7eb058a3364a25a87cdc6ce2369082401,83,82,All Ongoing Projects,6,pdfplumber_table,twelve_month_gate2:0.1.0,"pdf_page_index=83,table_index=logical8,row_index=12"
OBS-202512-00880,2025-12,880,"Conversion of Partially Excavated Escape Tunnel to Uni-Directional 2L
Tunnelincluding construction of cross passages and approach roads on either side of
the tunnel from Km 12.732 to Km 14.568 of Kiratpur to Nerchowk Section of NH-21",National Highways Authority of India [NHAI],618849,-,-,Chhattisgarh,05/2022,09/2022,03/2024,08/2025,444.21,412.88,394.5,100,"Conversion of Partially Excavated Escape Tunnel to Uni-Directional 2L
Tunnelincluding construction of cross passages and approach roads on either side of
the tunnel from Km 12.732 to Km 14.568 of Kiratpur to Nerchowk Section of NH-21
(National Highways Authority of India [NHAI])
(618849)","05/2022
(09/2022)","03/2024
(08/2025)","444.21
(412.88)",SRC-2025-12,07f56e5457c63192ae7b5b4036f975f7eb058a3364a25a87cdc6ce2369082401,83,82,All Ongoing Projects,6,pdfplumber_table,twelve_month_gate2:0.1.0,"pdf_page_index=83,table_index=logical8,row_index=13"
OBS-202512-00881,2025-12,881,"Development of 6L UER II [Package - I] NH-1 Near Bakoli till Karala Kanjhawala Road
from km. 0.70 to km.15.00",National Highways Authority of India [NHAI],618509,-,-,Delhi,07/2020,10/2021,10/2023,02/2025,2089.94,2203.45,1794.18,99,"Development of 6L UER II [Package - I] NH-1 Near Bakoli till Karala Kanjhawala Road
from km. 0.70 to km.15.00
(National Highways Authority of India [NHAI])
(618509)","07/2020
(10/2021)","10/2023
(02/2025)","2089.94
(2203.45)",SRC-2025-12,07f56e5457c63192ae7b5b4036f975f7eb058a3364a25a87cdc6ce2369082401,83,82,All Ongoing Projects,6,pdfplumber_table,twelve_month_gate2:0.1.0,"pdf_page_index=83,table_index=logical8,row_index=14"
OBS-202512-00882,2025-12,882,"6L Access Controlled Highway from DND Maharani Bagh - Jn. with Jaitpur - Pushta
Road of NH-148NA from km. 0.00 to km. 9.00 in NCR",National Highways Authority of India [NHAI],618578,-,-,Delhi,07/2020,01/2022,07/2024,09/2025,1467.44,2510.34,1349.78,95,"6L Access Controlled Highway from DND Maharani Bagh - Jn. with Jaitpur - Pushta
Road of NH-148NA from km. 0.00 to km. 9.00 in NCR
(National Highways Authority of India [NHAI])
(618578)","07/2020
(01/2022)","07/2024
(09/2025)","1467.44
(2510.34)",SRC-2025-12,07f56e5457c63192ae7b5b4036f975f7eb058a3364a25a87cdc6ce2369082401,83,82,All Ongoing Projects,6,pdfplumber_table,twelve_month_gate2:0.1.0,"pdf_page_index=83,table_index=logical8,row_index=15"
OBS-202512-00883,2025-12,883,"Construction of Six lane Elevated Corridor from Km. 508.000 to Km. 513.150 including
approaches on NH-66",MoRTH,617942,-,-,Goa,04/2023,04/2024,04/2026,02/2026,641.46,641.46,0,62,"Construction of Six lane Elevated Corridor from Km. 508.000 to Km. 513.150 including
approaches on NH-66
(MoRTH)
(617942)","04/2023
(04/2024)","04/2026
(02/2026)","641.46
(641.46)",SRC-2025-12,07f56e5457c63192ae7b5b4036f975f7eb058a3364a25a87cdc6ce2369082401,83,82,All Ongoing Projects,6,pdfplumber_table,twelve_month_gate2:0.1.0,"pdf_page_index=83,table_index=logical8,row_index=16"
OBS-202512-00884,2025-12,884,"Widening 2 lane to 4-lane from KM 92/320 to Km 115/320 Vav Chokdi-Satlasana to to
Vrundavan Chokdi, Kheralu on NH-58 in the State of Gujarat.",MoRTH,617928,-,-,Gujarat,03/2022,03/2024,03/2026,-,151.13,171.27,0,78,"Widening 2 lane to 4-lane from KM 92/320 to Km 115/320 Vav Chokdi-Satlasana to to
Vrundavan Chokdi, Kheralu on NH-58 in the State of Gujarat.
(MoRTH)
(617928)","03/2022
(03/2024)","03/2026
(-)","151.13
(171.27)",SRC-2025-12,07f56e5457c63192ae7b5b4036f975f7eb058a3364a25a87cdc6ce2369082401,83,82,All Ongoing Projects,6,pdfplumber_table,twelve_month_gate2:0.1.0,"pdf_page_index=83,table_index=logical8,row_index=17"
OBS-202512-00885,2025-12,885,"Work of development and construction of elevated corridorfrom km 38/660 to km
42/690 Iscon junction to start point of approach of sanand flyover of NH-147 in the
sate of Gujarat",MoRTH,617976,-,-,Gujarat,03/2023,06/2024,06/2026,-,530.2,530.2,28.67,55,"Work of development and construction of elevated corridorfrom km 38/660 to km
42/690 Iscon junction to start point of approach of sanand flyover of NH-147 in the
sate of Gujarat
(MoRTH)
(617976)","03/2023
(06/2024)","06/2026
(-)","530.2
(530.2)",SRC-2025-12,07f56e5457c63192ae7b5b4036f975f7eb058a3364a25a87cdc6ce2369082401,83,82,All Ongoing Projects,6,pdfplumber_table,twelve_month_gate2:0.1.0,"pdf_page_index=83,table_index=logical8,row_index=18"
OBS-202512-00886,2025-12,886,"Up-gradation and strengthening to 2lanePS from Km 95/500 to km 129/775 of Nh
168G Idar-Bhiloda-Samlaji in the state of Gujarat Length 34.275 km",MoRTH,618108,-,-,Gujarat,09/2022,12/2023,12/2025,-,237.28,237.28,0,47,"Up-gradation and strengthening to 2lanePS from Km 95/500 to km 129/775 of Nh
168G Idar-Bhiloda-Samlaji in the state of Gujarat Length 34.275 km
(MoRTH)
(618108)","09/2022
(12/2023)","12/2025
(-)","237.28
(237.28)",SRC-2025-12,07f56e5457c63192ae7b5b4036f975f7eb058a3364a25a87cdc6ce2369082401,83,82,All Ongoing Projects,6,pdfplumber_table,twelve_month_gate2:0.1.0,"pdf_page_index=83,table_index=logical8,row_index=19"
OBS-202512-00887,2025-12,887,Delhi-Vadodara Greenfield Alignment NH-148N Pkg-26 Ch.696890 to Ch.726390,National Highways Authority of India [NHAI],618459,-,-,Gujarat,09/2020,12/2022,08/2024,-,1555.2,1556.4,941.64,72,"Delhi-Vadodara Greenfield Alignment NH-148N Pkg-26 Ch.696890 to Ch.726390
(National Highways Authority of India [NHAI])
(618459)","09/2020
(12/2022)","08/2024
(-)","1555.2
(1556.4)",SRC-2025-12,07f56e5457c63192ae7b5b4036f975f7eb058a3364a25a87cdc6ce2369082401,83,82,All Ongoing Projects,6,pdfplumber_table,twelve_month_gate2:0.1.0,"pdf_page_index=83,table_index=logical8,row_index=20"
OBS-202512-00888,2025-12,888,Delhi-Vadodara Greenfield Alignment NH-148N Pkg-28 Ch.756052 to Ch.781282,National Highways Authority of India [NHAI],618460,-,-,Gujarat,09/2020,11/2021,11/2023,05/2025,1263.38,1266.98,860.42,96,"Delhi-Vadodara Greenfield Alignment NH-148N Pkg-28 Ch.756052 to Ch.781282
(National Highways Authority of India [NHAI])
(618460)","09/2020
(11/2021)","11/2023
(05/2025)","1263.38
(1266.98)",SRC-2025-12,07f56e5457c63192ae7b5b4036f975f7eb058a3364a25a87cdc6ce2369082401,83,82,All Ongoing Projects,6,pdfplumber_table,twelve_month_gate2:0.1.0,"pdf_page_index=83,table_index=logical8,row_index=21"
OBS-202512-00889,2025-12,889,"Delhi-Vadodara Greenfield Alignment NH-148N Pkg-30 Ch 803420 to Ch.824920
[Baletiya Village - Junction near Pratap Nagar Village]",National Highways Authority of India [NHAI],618461,-,-,Gujarat,11/2019,09/2021,09/2023,06/2024,1800.73,1800.73,1090.06,99,"Delhi-Vadodara Greenfield Alignment NH-148N Pkg-30 Ch 803420 to Ch.824920
[Baletiya Village - Junction near Pratap Nagar Village]
(National Highways Authority of India [NHAI])
(618461)","11/2019
(09/2021)","09/2023
(06/2024)","1800.73
(1800.73)",SRC-2025-12,07f56e5457c63192ae7b5b4036f975f7eb058a3364a25a87cdc6ce2369082401,83,82,All Ongoing Projects,6,pdfplumber_table,twelve_month_gate2:0.1.0,"pdf_page_index=83,table_index=logical8,row_index=22"
OBS-202512-00890,2025-12,890,"Delhi-Vadodara Greenfield Alignment NH-148N Pkg-31 Ch.824920 to Ch.844382
[Junction near Pratap nagar Village - Junction near Dodka Village]",National Highways Authority of India [NHAI],618462,-,-,Gujarat,11/2019,05/2021,05/2023,-,1644.85,1651.14,926.73,95,"Delhi-Vadodara Greenfield Alignment NH-148N Pkg-31 Ch.824920 to Ch.844382
[Junction near Pratap nagar Village - Junction near Dodka Village]
(National Highways Authority of India [NHAI])
(618462)","11/2019
(05/2021)","05/2023
(-)","1644.85
(1651.14)",SRC-2025-12,07f56e5457c63192ae7b5b4036f975f7eb058a3364a25a87cdc6ce2369082401,83,82,All Ongoing Projects,6,pdfplumber_table,twelve_month_gate2:0.1.0,"pdf_page_index=83,table_index=logical8,row_index=23"
OBS-202512-00891,2025-12,891,Vadodara Mumbai Expressway Kim to Ankleshwar Phase IA - Pkg V,National Highways Authority of India [NHAI],618463,-,-,Gujarat,02/2018,11/2019,10/2021,04/2025,1324.84,2807.48,1232.22,61,"Vadodara Mumbai Expressway Kim to Ankleshwar Phase IA - Pkg V
(National Highways Authority of India [NHAI])
(618463)","02/2018
(11/2019)","10/2021
(04/2025)","1324.84
(2807.48)",SRC-2025-12,07f56e5457c63192ae7b5b4036f975f7eb058a3364a25a87cdc6ce2369082401,84,83,All Ongoing Projects,6,pdfplumber_table,twelve_month_gate2:0.1.0,"pdf_page_index=84,table_index=logical8,row_index=1"
OBS-202512-00892,2025-12,892,"Vadodara Mumbai Expressway Gandeva to Ena Phase IB - Pkg VII [Km 190.00 to Km
217.500]",National Highways Authority of India [NHAI],618465,-,-,Gujarat,07/2020,11/2021,11/2023,03/2025,1710.3,3392.21,2152.35,52,"Vadodara Mumbai Expressway Gandeva to Ena Phase IB - Pkg VII [Km 190.00 to Km
217.500]
(National Highways Authority of India [NHAI])
(618465)","07/2020
(11/2021)","11/2023
(03/2025)","1710.3
(3392.21)",SRC-2025-12,07f56e5457c63192ae7b5b4036f975f7eb058a3364a25a87cdc6ce2369082401,84,83,All Ongoing Projects,6,pdfplumber_table,twelve_month_gate2:0.1.0,"pdf_page_index=84,table_index=logical8,row_index=2"
OBS-202512-00893,2025-12,893,"Ahmedabad - Dholera Pkg I from km. 0.00 to km. 22.00 [Sardar Patel Ring Road -
Sindhrej Village]",National Highways Authority of India [NHAI],618501,-,-,Gujarat,05/2020,01/2022,01/2024,10/2024,1298,1421.05,994.98,99,"Ahmedabad - Dholera Pkg I from km. 0.00 to km. 22.00 [Sardar Patel Ring Road -
Sindhrej Village]
(National Highways Authority of India [NHAI])
(618501)","05/2020
(01/2022)","01/2024
(10/2024)","1298
(1421.05)",SRC-2025-12,07f56e5457c63192ae7b5b4036f975f7eb058a3364a25a87cdc6ce2369082401,84,83,All Ongoing Projects,6,pdfplumber_table,twelve_month_gate2:0.1.0,"pdf_page_index=84,table_index=logical8,row_index=3"
OBS-202512-00894,2025-12,894,"Ahmedabad - Dholera Pkg II from km. 22.00 to km. 48.52 [Sindhrej Village - Vejallka
Village]",National Highways Authority of India [NHAI],618502,-,-,Gujarat,05/2020,01/2022,01/2024,-,1415.34,1729.69,982.57,99,"Ahmedabad - Dholera Pkg II from km. 22.00 to km. 48.52 [Sindhrej Village - Vejallka
Village]
(National Highways Authority of India [NHAI])
(618502)","05/2020
(01/2022)","01/2024
(-)","1415.34
(1729.69)",SRC-2025-12,07f56e5457c63192ae7b5b4036f975f7eb058a3364a25a87cdc6ce2369082401,84,83,All Ongoing Projects,6,pdfplumber_table,twelve_month_gate2:0.1.0,"pdf_page_index=84,table_index=logical8,row_index=4"
OBS-202512-00895,2025-12,895,"Ahmedabad - Dholera Pkg III from km. 48.52 to km. 71.06 [Vejallka Village - Start of
DSIR zone]",National Highways Authority of India [NHAI],618503,-,-,Gujarat,05/2020,07/2021,07/2023,05/2024,1034.04,1155.41,942.31,99,"Ahmedabad - Dholera Pkg III from km. 48.52 to km. 71.06 [Vejallka Village - Start of
DSIR zone]
(National Highways Authority of India [NHAI])
(618503)","05/2020
(07/2021)","07/2023
(05/2024)","1034.04
(1155.41)",SRC-2025-12,07f56e5457c63192ae7b5b4036f975f7eb058a3364a25a87cdc6ce2369082401,84,83,All Ongoing Projects,6,pdfplumber_table,twelve_month_gate2:0.1.0,"pdf_page_index=84,table_index=logical8,row_index=5"
OBS-202512-00896,2025-12,896,"Ahmedabad - Dholera Pkg IV from km. 71.06 to km. 109.019 [Start of DSIR zone -
Adhelai Village]",National Highways Authority of India [NHAI],618504,-,-,Gujarat,05/2020,12/2021,12/2023,10/2024,1181.76,1358.73,1202.2,97,"Ahmedabad - Dholera Pkg IV from km. 71.06 to km. 109.019 [Start of DSIR zone -
Adhelai Village]
(National Highways Authority of India [NHAI])
(618504)","05/2020
(12/2021)","12/2023
(10/2024)","1181.76
(1358.73)",SRC-2025-12,07f56e5457c63192ae7b5b4036f975f7eb058a3364a25a87cdc6ce2369082401,84,83,All Ongoing Projects,6,pdfplumber_table,twelve_month_gate2:0.1.0,"pdf_page_index=84,table_index=logical8,row_index=6"
OBS-202512-00897,2025-12,897,Sanchore - Santalpur from km 67.000 - km 99.000 of NH-754K AJ-RGBS-Package-3,National Highways Authority of India [NHAI],618614,-,-,Gujarat,02/2020,08/2021,08/2023,01/2024,752.3,765.25,560.81,99,"Sanchore - Santalpur from km 67.000 - km 99.000 of NH-754K AJ-RGBS-Package-3
(National Highways Authority of India [NHAI])
(618614)","02/2020
(08/2021)","08/2023
(01/2024)","752.3
(765.25)",SRC-2025-12,07f56e5457c63192ae7b5b4036f975f7eb058a3364a25a87cdc6ce2369082401,84,83,All Ongoing Projects,6,pdfplumber_table,twelve_month_gate2:0.1.0,"pdf_page_index=84,table_index=logical8,row_index=7"
OBS-202512-00898,2025-12,898,Sanchore - Santalpur from km 99.000 - km 130.073 of NH-754K AJ-RGBS-Package-4,National Highways Authority of India [NHAI],618615,-,-,Gujarat,02/2020,03/2021,03/2023,12/2024,778.15,835.55,663.18,73,"Sanchore - Santalpur from km 99.000 - km 130.073 of NH-754K AJ-RGBS-Package-4
(National Highways Authority of India [NHAI])
(618615)","02/2020
(03/2021)","03/2023
(12/2024)","778.15
(835.55)",SRC-2025-12,07f56e5457c63192ae7b5b4036f975f7eb058a3364a25a87cdc6ce2369082401,84,83,All Ongoing Projects,6,pdfplumber_table,twelve_month_gate2:0.1.0,"pdf_page_index=84,table_index=logical8,row_index=8"
OBS-202512-00899,2025-12,899,"Upgradation to 4L PS from Bhimasar, Junction of NH-41 to Anjar- Bhuj upto Airport
Junction from Km 0.000 to Km 65.478 of NH-341",National Highways Authority of India [NHAI],618787,-,-,Gujarat,03/2022,01/2023,06/2025,-,1373.06,1687.25,728.15,90,"Upgradation to 4L PS from Bhimasar, Junction of NH-41 to Anjar- Bhuj upto Airport
Junction from Km 0.000 to Km 65.478 of NH-341
(National Highways Authority of India [NHAI])
(618787)","03/2022
(01/2023)","06/2025
(-)","1373.06
(1687.25)",SRC-2025-12,07f56e5457c63192ae7b5b4036f975f7eb058a3364a25a87cdc6ce2369082401,84,83,All Ongoing Projects,6,pdfplumber_table,twelve_month_gate2:0.1.0,"pdf_page_index=84,table_index=logical8,row_index=9"
OBS-202512-00900,2025-12,900,"Kodinar - Veraval Package VI from km. 221.610 to km. 263.00 of NH-8E & km.
120.900 to km. 121.150 of NH-8D",National Highways Authority of India [NHAI],618833,-,-,Gujarat,NA,02/2018,07/2020,10/2024,894.01,1127.42,439.5,98,"Kodinar - Veraval Package VI from km. 221.610 to km. 263.00 of NH-8E & km.
120.900 to km. 121.150 of NH-8D
(National Highways Authority of India [NHAI])
(618833)","NA
(02/2018)","07/2020
(10/2024)","894.01
(1127.42)",SRC-2025-12,07f56e5457c63192ae7b5b4036f975f7eb058a3364a25a87cdc6ce2369082401,84,83,All Ongoing Projects,6,pdfplumber_table,twelve_month_gate2:0.1.0,"pdf_page_index=84,table_index=logical8,row_index=10"
OBS-202512-00901,2025-12,901,"4L Kodinar - Veraval Package VI from km. 222.400 to km. 230.00 Kodinar Bypass of
NH-8E NH 51 new",National Highways Authority of India [NHAI],618834,-,-,Gujarat,03/2022,04/2022,09/2023,-,162.73,192.01,162,100,"4L Kodinar - Veraval Package VI from km. 222.400 to km. 230.00 Kodinar Bypass of
NH-8E NH 51 new
(National Highways Authority of India [NHAI])
(618834)","03/2022
(04/2022)","09/2023
(-)","162.73
(192.01)",SRC-2025-12,07f56e5457c63192ae7b5b4036f975f7eb058a3364a25a87cdc6ce2369082401,84,83,All Ongoing Projects,6,pdfplumber_table,twelve_month_gate2:0.1.0,"pdf_page_index=84,table_index=logical8,row_index=11"
OBS-202512-00902,2025-12,902,"4L of Bal Works of Talaja - Mahuva from 54.990 km. to 100.450 km. of Old NH-8E
Package-II",National Highways Authority of India [NHAI],618835,-,-,Gujarat,08/2020,03/2021,09/2022,-,698.4,735.51,418.26,100,"4L of Bal Works of Talaja - Mahuva from 54.990 km. to 100.450 km. of Old NH-8E
Package-II
(National Highways Authority of India [NHAI])
(618835)","08/2020
(03/2021)","09/2022
(-)","698.4
(735.51)",SRC-2025-12,07f56e5457c63192ae7b5b4036f975f7eb058a3364a25a87cdc6ce2369082401,84,83,All Ongoing Projects,6,pdfplumber_table,twelve_month_gate2:0.1.0,"pdf_page_index=84,table_index=logical8,row_index=12"
OBS-202512-00903,2025-12,903,"Delhi-Amritsar-Katra Expressway Phase-I Pkg-III from Junction with Jind-Panipat road
NH-352A near Gangana village to Junction with Jind-Karnal road NH-709A near
Alewa village Km 60800 to Km 91400",National Highways Authority of India [NHAI],618484,-,-,Haryana,12/2020,12/2021,12/2023,05/2024,1606.27,1813.91,631.62,79,"Delhi-Amritsar-Katra Expressway Phase-I Pkg-III from Junction with Jind-Panipat road
NH-352A near Gangana village to Junction with Jind-Karnal road NH-709A near
Alewa village Km 60800 to Km 91400
(National Highways Authority of India [NHAI])
(618484)","12/2020
(12/2021)","12/2023
(05/2024)","1606.27
(1813.91)",SRC-2025-12,07f56e5457c63192ae7b5b4036f975f7eb058a3364a25a87cdc6ce2369082401,84,83,All Ongoing Projects,6,pdfplumber_table,twelve_month_gate2:0.1.0,"pdf_page_index=84,table_index=logical8,row_index=13"
OBS-202512-00904,2025-12,904,"Delhi-Amritsar-Katra Expressway Phase-I Pkg-IV from Junction with Jind-Karnal road
NH-709A near Alewa village to Junction with Ambala-Kaithal-Hissar road NH-152 near
Kharak Pandwa village Km 91400 to Km 120250",National Highways Authority of India [NHAI],618485,-,-,Haryana,01/2021,12/2021,12/2023,03/2024,1306.95,1578.66,563.2,76,"Delhi-Amritsar-Katra Expressway Phase-I Pkg-IV from Junction with Jind-Karnal road
NH-709A near Alewa village to Junction with Ambala-Kaithal-Hissar road NH-152 near
Kharak Pandwa village Km 91400 to Km 120250
(National Highways Authority of India [NHAI])
(618485)","01/2021
(12/2021)","12/2023
(03/2024)","1306.95
(1578.66)",SRC-2025-12,07f56e5457c63192ae7b5b4036f975f7eb058a3364a25a87cdc6ce2369082401,84,83,All Ongoing Projects,6,pdfplumber_table,twelve_month_gate2:0.1.0,"pdf_page_index=84,table_index=logical8,row_index=14"
OBS-202512-00905,2025-12,905,Gohana - Sonipat PKG-2,National Highways Authority of India [NHAI],618580,-,-,Haryana,01/2019,07/2020,07/2022,-,1275.31,1957.44,457.89,80,"Gohana - Sonipat PKG-2
(National Highways Authority of India [NHAI])
(618580)","01/2019
(07/2020)","07/2022
(-)","1275.31
(1957.44)",SRC-2025-12,07f56e5457c63192ae7b5b4036f975f7eb058a3364a25a87cdc6ce2369082401,84,83,All Ongoing Projects,6,pdfplumber_table,twelve_month_gate2:0.1.0,"pdf_page_index=84,table_index=logical8,row_index=15"
OBS-202512-00906,2025-12,906,Jagadhari - Tajewala from Km -0.175 to 32.337 km of NH-344,National Highways Authority of India [NHAI],618936,-,-,Haryana,03/2022,02/2023,02/2025,03/2026,1269.5,919.43,610.57,53,"Jagadhari - Tajewala from Km -0.175 to 32.337 km of NH-344
(National Highways Authority of India [NHAI])
(618936)","03/2022
(02/2023)","02/2025
(03/2026)","1269.5
(919.43)",SRC-2025-12,07f56e5457c63192ae7b5b4036f975f7eb058a3364a25a87cdc6ce2369082401,84,83,All Ongoing Projects,6,pdfplumber_table,twelve_month_gate2:0.1.0,"pdf_page_index=84,table_index=logical8,row_index=16"
OBS-202512-00907,2025-12,907,"Rehabilitation and Upgradation to 2-lane/Intermediate lane configuration of Ashyari-
Shri Kyari Section km 50.000 to km 75.000 of NH-707 in the state of Himachal
Pradesh under Green National Highways Corridor Project GNHCP with the loan
assistance of World Bank on EPC mode.",MoRTH,618050,-,-,Himachal Pradesh,08/2020,09/2021,09/2023,11/2024,345.89,359.56,146.64,0,"Rehabilitation and Upgradation to 2-lane/Intermediate lane configuration of Ashyari-
Shri Kyari Section km 50.000 to km 75.000 of NH-707 in the state of Himachal
Pradesh under Green National Highways Corridor Project GNHCP with the loan
assistance of World Bank on EPC mode.
(MoRTH)
(618050)","08/2020
(09/2021)","09/2023
(11/2024)","345.89
(359.56)",SRC-2025-12,07f56e5457c63192ae7b5b4036f975f7eb058a3364a25a87cdc6ce2369082401,84,83,All Ongoing Projects,6,pdfplumber_table,twelve_month_gate2:0.1.0,"pdf_page_index=84,table_index=logical8,row_index=17"
OBS-202512-00908,2025-12,908,Rehabilitation and Upgrading of NH-707 OLD 72-B Package - 2 Hewna to Ashyari,MoRTH,618051,-,-,Himachal Pradesh,04/2020,03/2021,03/2023,03/2023,242.8,220.95,74.87,98,"Rehabilitation and Upgrading of NH-707 OLD 72-B Package - 2 Hewna to Ashyari
(MoRTH)
(618051)","04/2020
(03/2021)","03/2023
(03/2023)","242.8
(220.95)",SRC-2025-12,07f56e5457c63192ae7b5b4036f975f7eb058a3364a25a87cdc6ce2369082401,84,83,All Ongoing Projects,6,pdfplumber_table,twelve_month_gate2:0.1.0,"pdf_page_index=84,table_index=logical8,row_index=18"
OBS-202512-00909,2025-12,909,"Improvement/construction of existing CL-5 Road to NH Intermediate lane specification
with hard shoulder from Km 133.000 to 166.000 net Length 33.000 kms of NH-505
Sumdo-Kaza-Gramphoo road in the state of Himachal Pradesh on EPC mode under
project Deepak, BRO",MoRTH,618216,-,-,Himachal Pradesh,03/2021,07/2023,06/2026,-,230.55,203.15,42.4,0,"Improvement/construction of existing CL-5 Road to NH Intermediate lane specification
with hard shoulder from Km 133.000 to 166.000 net Length 33.000 kms of NH-505
Sumdo-Kaza-Gramphoo road in the state of Himachal Pradesh on EPC mode under
project Deepak, BRO
(MoRTH)
(618216)","03/2021
(07/2023)","06/2026
(-)","230.55
(203.15)",SRC-2025-12,07f56e5457c63192ae7b5b4036f975f7eb058a3364a25a87cdc6ce2369082401,84,83,All Ongoing Projects,6,pdfplumber_table,twelve_month_gate2:0.1.0,"pdf_page_index=84,table_index=logical8,row_index=19"
OBS-202512-00910,2025-12,910,"Improvement/construction of existing Class-5 Road to NH Intermediate lane
specification with hard shoulder from existing Km 76/340 to 134/940 Design chainage
from Km 76/300 to 133/000 net Length 56.700 kms of NH-505 Sumdo-Kaza-
Gramphoo road in the state of Himachal Pradesh Package I",MoRTH,618217,-,-,Himachal Pradesh,03/2021,05/2023,05/2026,-,314.67,244.15,76.97,0,"Improvement/construction of existing Class-5 Road to NH Intermediate lane
specification with hard shoulder from existing Km 76/340 to 134/940 Design chainage
from Km 76/300 to 133/000 net Length 56.700 kms of NH-505 Sumdo-Kaza-
Gramphoo road in the state of Himachal Pradesh Package I
(MoRTH)
(618217)","03/2021
(05/2023)","05/2026
(-)","314.67
(244.15)",SRC-2025-12,07f56e5457c63192ae7b5b4036f975f7eb058a3364a25a87cdc6ce2369082401,84,83,All Ongoing Projects,6,pdfplumber_table,twelve_month_gate2:0.1.0,"pdf_page_index=84,table_index=logical8,row_index=20"
OBS-202512-00911,2025-12,911,"Rehabilitation and Upgradation to 2-lane configuration of Kalwahn-Mandi Section km
208.950 to 250.592 of NH-70 in the State of Himachal Pradesh under Green National
Highways Corridor Project GNHCP with the loan assistance of World Bank on EPC
mode.Package-3",MoRTH,618230,-,-,Himachal Pradesh,08/2020,10/2022,04/2025,-,314.32,314.32,0,0,"Rehabilitation and Upgradation to 2-lane configuration of Kalwahn-Mandi Section km
208.950 to 250.592 of NH-70 in the State of Himachal Pradesh under Green National
Highways Corridor Project GNHCP with the loan assistance of World Bank on EPC
mode.Package-3
(MoRTH)
(618230)","08/2020
(10/2022)","04/2025
(-)","314.32
(314.32)",SRC-2025-12,07f56e5457c63192ae7b5b4036f975f7eb058a3364a25a87cdc6ce2369082401,84,83,All Ongoing Projects,6,pdfplumber_table,twelve_month_gate2:0.1.0,"pdf_page_index=84,table_index=logical8,row_index=21"
OBS-202512-00912,2025-12,912,"Rehabilitation and Upgradation to 2-lane configuration of Hamirpur-Karnohal Section
km 141.00 to 181.00 of NH-70 in the State of Himachal Pradesh under Green National
Highways Corridor Project GNHCP with the loan assistance of World Bank on EPC
mode.Package-1",MoRTH,618231,-,-,Himachal Pradesh,08/2020,06/2022,12/2024,-,371.93,371.93,185.24,0,"Rehabilitation and Upgradation to 2-lane configuration of Hamirpur-Karnohal Section
km 141.00 to 181.00 of NH-70 in the State of Himachal Pradesh under Green National
Highways Corridor Project GNHCP with the loan assistance of World Bank on EPC
mode.Package-1
(MoRTH)
(618231)","08/2020
(06/2022)","12/2024
(-)","371.93
(371.93)",SRC-2025-12,07f56e5457c63192ae7b5b4036f975f7eb058a3364a25a87cdc6ce2369082401,84,83,All Ongoing Projects,6,pdfplumber_table,twelve_month_gate2:0.1.0,"pdf_page_index=84,table_index=logical8,row_index=22"
OBS-202512-00913,2025-12,913,Nerchowk km 190.000 to Pandoh including Pandoh bypass km221.305,National Highways Authority of India [NHAI],618850,-,-,Himachal Pradesh,03/2016,01/2018,07/2020,07/2025,1464.12,1651.67,837.27,99,"Nerchowk km 190.000 to Pandoh including Pandoh bypass km221.305
(National Highways Authority of India [NHAI])
(618850)","03/2016
(01/2018)","07/2020
(07/2025)","1464.12
(1651.67)",SRC-2025-12,07f56e5457c63192ae7b5b4036f975f7eb058a3364a25a87cdc6ce2369082401,84,83,All Ongoing Projects,6,pdfplumber_table,twelve_month_gate2:0.1.0,"pdf_page_index=84,table_index=logical8,row_index=23"
OBS-202512-00914,2025-12,914,4L Sundar Nagar Bypass from Km.173.900 to Km.179.600 of NH-21,National Highways Authority of India [NHAI],618852,-,-,Himachal Pradesh,02/2022,06/2022,06/2024,-,191.11,192.11,181.27,100,"4L Sundar Nagar Bypass from Km.173.900 to Km.179.600 of NH-21
(National Highways Authority of India [NHAI])
(618852)","02/2022
(06/2022)","06/2024
(-)","191.11
(192.11)",SRC-2025-12,07f56e5457c63192ae7b5b4036f975f7eb058a3364a25a87cdc6ce2369082401,85,84,All Ongoing Projects,6,pdfplumber_table,twelve_month_gate2:0.1.0,"pdf_page_index=85,table_index=logical8,row_index=1"
OBS-202512-00915,2025-12,915,"Rehabilitation and Upgradation to 4L configuration & Strengthening of Sihuni to Rajol
from Km 51.000 to Km 72.000 of NH-154 Package-IIA",National Highways Authority of India [NHAI],618878,-,-,Himachal Pradesh,03/2022,09/2023,09/2025,-,696.65,776.59,288.14,82,"Rehabilitation and Upgradation to 4L configuration & Strengthening of Sihuni to Rajol
from Km 51.000 to Km 72.000 of NH-154 Package-IIA
(National Highways Authority of India [NHAI])
(618878)","03/2022
(09/2023)","09/2025
(-)","696.65
(776.59)",SRC-2025-12,07f56e5457c63192ae7b5b4036f975f7eb058a3364a25a87cdc6ce2369082401,85,84,All Ongoing Projects,6,pdfplumber_table,twelve_month_gate2:0.1.0,"pdf_page_index=85,table_index=logical8,row_index=2"
OBS-202512-00916,2025-12,916,"Rehabilitation and Up-gradation of existing road to 2L PS from End of Hamirpur
Bypass near Chilbahal to Bhangbar section from Km. 138.295 to Km.175.270 of NH-
88 Pkg-IV",National Highways Authority of India [NHAI],618888,-,-,Himachal Pradesh,03/2022,04/2023,04/2025,-,1146.19,1358.62,270.47,84,"Rehabilitation and Up-gradation of existing road to 2L PS from End of Hamirpur
Bypass near Chilbahal to Bhangbar section from Km. 138.295 to Km.175.270 of NH-
88 Pkg-IV
(National Highways Authority of India [NHAI])
(618888)","03/2022
(04/2023)","04/2025
(-)","1146.19
(1358.62)",SRC-2025-12,07f56e5457c63192ae7b5b4036f975f7eb058a3364a25a87cdc6ce2369082401,85,84,All Ongoing Projects,6,pdfplumber_table,twelve_month_gate2:0.1.0,"pdf_page_index=85,table_index=logical8,row_index=3"
OBS-202512-00917,2025-12,917,"4L of Bhangbar Near Ranital to Kangra Bypass Section of Old NH-88 New NH-
303,503 up to Intersection with NH-154 from Km 175.270 to Km 193.400 Pkg-VB",National Highways Authority of India [NHAI],618889,-,-,Himachal Pradesh,03/2021,12/2022,12/2024,-,1322.95,1829.49,739.17,96,"4L of Bhangbar Near Ranital to Kangra Bypass Section of Old NH-88 New NH-
303,503 up to Intersection with NH-154 from Km 175.270 to Km 193.400 Pkg-VB
(National Highways Authority of India [NHAI])
(618889)","03/2021
(12/2022)","12/2024
(-)","1322.95
(1829.49)",SRC-2025-12,07f56e5457c63192ae7b5b4036f975f7eb058a3364a25a87cdc6ce2369082401,85,84,All Ongoing Projects,6,pdfplumber_table,twelve_month_gate2:0.1.0,"pdf_page_index=85,table_index=logical8,row_index=4"
OBS-202512-00918,2025-12,918,2L PS of Hamirpur Bypass from Km 121.175 to Km.138.295 of NH-103&3,National Highways Authority of India [NHAI],618890,-,-,Himachal Pradesh,08/2022,10/2023,10/2025,-,739.39,754.82,231.02,91,"2L PS of Hamirpur Bypass from Km 121.175 to Km.138.295 of NH-103&3
(National Highways Authority of India [NHAI])
(618890)","08/2022
(10/2023)","10/2025
(-)","739.39
(754.82)",SRC-2025-12,07f56e5457c63192ae7b5b4036f975f7eb058a3364a25a87cdc6ce2369082401,85,84,All Ongoing Projects,6,pdfplumber_table,twelve_month_gate2:0.1.0,"pdf_page_index=85,table_index=logical8,row_index=5"
OBS-202512-00919,2025-12,919,"4L of Kathlighat to Shakral Village from Km 128.835 to Km 146.300 of NH- 5 Shimla
Bypass - Pkg I",National Highways Authority of India [NHAI],618921,-,-,Himachal Pradesh,03/2022,04/2023,04/2026,-,1703.48,2648.8,752.37,49,"4L of Kathlighat to Shakral Village from Km 128.835 to Km 146.300 of NH- 5 Shimla
Bypass - Pkg I
(National Highways Authority of India [NHAI])
(618921)","03/2022
(04/2023)","04/2026
(-)","1703.48
(2648.8)",SRC-2025-12,07f56e5457c63192ae7b5b4036f975f7eb058a3364a25a87cdc6ce2369082401,85,84,All Ongoing Projects,6,pdfplumber_table,twelve_month_gate2:0.1.0,"pdf_page_index=85,table_index=logical8,row_index=6"
OBS-202512-00920,2025-12,920,"Up-gradation to 2-lane with Paved Shoulder from Km 12.850 to Km20.300 of 7.450Km
length on Goha-Khellani section and a link road to Goha village of 2.016 km on NH-
244 in UT of Jammu and Kashmir on EPC Mode Pkg-1",NHIDCL,618394,-,-,"Jammu and
Kashmir",07/2020,10/2020,04/2022,06/2025,228.39,225.37,159.56,90,"Up-gradation to 2-lane with Paved Shoulder from Km 12.850 to Km20.300 of 7.450Km
length on Goha-Khellani section and a link road to Goha village of 2.016 km on NH-
244 in UT of Jammu and Kashmir on EPC Mode Pkg-1
(NHIDCL)
(618394)","07/2020
(10/2020)","04/2022
(06/2025)","228.39
(225.37)",SRC-2025-12,07f56e5457c63192ae7b5b4036f975f7eb058a3364a25a87cdc6ce2369082401,85,84,All Ongoing Projects,6,pdfplumber_table,twelve_month_gate2:0.1.0,"pdf_page_index=85,table_index=logical8,row_index=7"
OBS-202512-00921,2025-12,921,"Construction & Upgradation to 2-lane with paved shoulder from Design Ch. Km 51700
at Premnagar km 66315 to Km 66535 New Thatri at Start of Km 83rd, Tunnel Km
82665 of 14.835 Km design length on Chenani-Sudhmahadev-Goha Khellani-
Kishtwar-Vailoo Donipawa-Ashajipora section of NH-244 in the UT of J&K on EPC
Mode under NHO-Gen Pkg - 2",NHIDCL,618395,-,-,"Jammu and
Kashmir",03/2021,08/2021,03/2023,07/2025,512.43,512.43,0,0,"Construction & Upgradation to 2-lane with paved shoulder from Design Ch. Km 51700
at Premnagar km 66315 to Km 66535 New Thatri at Start of Km 83rd, Tunnel Km
82665 of 14.835 Km design length on Chenani-Sudhmahadev-Goha Khellani-
Kishtwar-Vailoo Donipawa-Ashajipora section of NH-244 in the UT of J&K on EPC
Mode under NHO-Gen Pkg - 2
(NHIDCL)
(618395)","03/2021
(08/2021)","03/2023
(07/2025)","512.43
(512.43)",SRC-2025-12,07f56e5457c63192ae7b5b4036f975f7eb058a3364a25a87cdc6ce2369082401,85,84,All Ongoing Projects,6,pdfplumber_table,twelve_month_gate2:0.1.0,"pdf_page_index=85,table_index=logical8,row_index=8"
OBS-202512-00922,2025-12,922,"Construction & Upgradation to 2 lane with paved shoulder from Design Km. 31.449
Khellani Ex. Km 44.946 to Km 51.700 Prem Nagar Ex. Km 68617 of 20.251 Km length
on Khellani - Kishtwar - Chattroo section of NH-244 in the UT of J&K on EPC Mode
under NHO-Gen PKG- 1",NHIDCL,618396,-,-,"Jammu and
Kashmir",02/2021,03/2021,09/2021,10/2024,486.45,486.45,0,0,"Construction & Upgradation to 2 lane with paved shoulder from Design Km. 31.449
Khellani Ex. Km 44.946 to Km 51.700 Prem Nagar Ex. Km 68617 of 20.251 Km length
on Khellani - Kishtwar - Chattroo section of NH-244 in the UT of J&K on EPC Mode
under NHO-Gen PKG- 1
(NHIDCL)
(618396)","02/2021
(03/2021)","09/2021
(10/2024)","486.45
(486.45)",SRC-2025-12,07f56e5457c63192ae7b5b4036f975f7eb058a3364a25a87cdc6ce2369082401,85,84,All Ongoing Projects,6,pdfplumber_table,twelve_month_gate2:0.1.0,"pdf_page_index=85,table_index=logical8,row_index=9"
OBS-202512-00923,2025-12,923,"Up-gradation to 2-lane with Paved Shoulder from Km 20.300 to Km 29.030 of 8.730
Km length on Goha-Khellani section on NH-244 in UT of Jammu and Kashmir on EPC
Mode Package II",NHIDCL,618398,-,-,"Jammu and
Kashmir",07/2020,10/2020,04/2022,06/2025,210.79,210.79,172.27,94,"Up-gradation to 2-lane with Paved Shoulder from Km 20.300 to Km 29.030 of 8.730
Km length on Goha-Khellani section on NH-244 in UT of Jammu and Kashmir on EPC
Mode Package II
(NHIDCL)
(618398)","07/2020
(10/2020)","04/2022
(06/2025)","210.79
(210.79)",SRC-2025-12,07f56e5457c63192ae7b5b4036f975f7eb058a3364a25a87cdc6ce2369082401,85,84,All Ongoing Projects,6,pdfplumber_table,twelve_month_gate2:0.1.0,"pdf_page_index=85,table_index=logical8,row_index=10"
OBS-202512-00924,2025-12,924,"Construction of Kishtwar bypass with 2 lane with paved shoulder from Design Km.
80.675 Dulhasti to km 95.550 Bandarkoot of 14.88 km & a link road to Kishtwar town
from 0000 to 1.871 of length1.871 Km on Khellani - Kishtwar - Chattroo section in UT
of Jammu and Kashmir on EPC Mode Pkg-4",NHIDCL,618399,-,-,"Jammu and
Kashmir",03/2021,08/2021,08/2023,11/2024,859.67,859.67,0,0,"Construction of Kishtwar bypass with 2 lane with paved shoulder from Design Km.
80.675 Dulhasti to km 95.550 Bandarkoot of 14.88 km & a link road to Kishtwar town
from 0000 to 1.871 of length1.871 Km on Khellani - Kishtwar - Chattroo section in UT
of Jammu and Kashmir on EPC Mode Pkg-4
(NHIDCL)
(618399)","03/2021
(08/2021)","08/2023
(11/2024)","859.67
(859.67)",SRC-2025-12,07f56e5457c63192ae7b5b4036f975f7eb058a3364a25a87cdc6ce2369082401,85,84,All Ongoing Projects,6,pdfplumber_table,twelve_month_gate2:0.1.0,"pdf_page_index=85,table_index=logical8,row_index=11"
OBS-202512-00925,2025-12,925,"Construction & Upgradation to 2-lane with paved shoulder from Design Km 67.805 at
the end of Km 83rd Tunnel near Dhrabshalla Ex. Km 83905 to Km 80.675 start of
Kishtwar Bypass - Dulhasti Ex. Km 970751 of 12.870 Km length on chenani-
Sudhmahadev-Goha Khellani-Kishtwar-vailoo-Donipawa-Ashajipora seition of NH-244
in the UT of J&K on EPC Mode under NHO-Gen Pkg-3",NHIDCL,618400,-,-,"Jammu and
Kashmir",03/2021,07/2021,12/2022,10/2024,398.51,398.51,0,0,"Construction & Upgradation to 2-lane with paved shoulder from Design Km 67.805 at
the end of Km 83rd Tunnel near Dhrabshalla Ex. Km 83905 to Km 80.675 start of
Kishtwar Bypass - Dulhasti Ex. Km 970751 of 12.870 Km length on chenani-
Sudhmahadev-Goha Khellani-Kishtwar-vailoo-Donipawa-Ashajipora seition of NH-244
in the UT of J&K on EPC Mode under NHO-Gen Pkg-3
(NHIDCL)
(618400)","03/2021
(07/2021)","12/2022
(10/2024)","398.51
(398.51)",SRC-2025-12,07f56e5457c63192ae7b5b4036f975f7eb058a3364a25a87cdc6ce2369082401,85,84,All Ongoing Projects,6,pdfplumber_table,twelve_month_gate2:0.1.0,"pdf_page_index=85,table_index=logical8,row_index=12"
OBS-202512-00926,2025-12,926,"Up-gradation to 4-lane with Paved Shoulder of Jammu-Akhnoor road section of NH-
144A from Ganesh Vihar Km 6.000 to Khati Chowk Km 26.350 in UT of Jammu and
Kashmir on EPC basis Pkg-3A",NHIDCL,618406,-,-,"Jammu and
Kashmir",03/2018,07/2019,07/2021,05/2022,322.49,322.49,0,0,"Up-gradation to 4-lane with Paved Shoulder of Jammu-Akhnoor road section of NH-
144A from Ganesh Vihar Km 6.000 to Khati Chowk Km 26.350 in UT of Jammu and
Kashmir on EPC basis Pkg-3A
(NHIDCL)
(618406)","03/2018
(07/2019)","07/2021
(05/2022)","322.49
(322.49)",SRC-2025-12,07f56e5457c63192ae7b5b4036f975f7eb058a3364a25a87cdc6ce2369082401,85,84,All Ongoing Projects,6,pdfplumber_table,twelve_month_gate2:0.1.0,"pdf_page_index=85,table_index=logical8,row_index=13"
OBS-202512-00927,2025-12,927,Jammu-Akhnoor Road Pkg-I,NHIDCL,618407,-,-,"Jammu and
Kashmir",03/2018,01/2023,01/2025,-,245.3,245.3,0,0,"Jammu-Akhnoor Road Pkg-I
(NHIDCL)
(618407)","03/2018
(01/2023)","01/2025
(-)","245.3
(245.3)",SRC-2025-12,07f56e5457c63192ae7b5b4036f975f7eb058a3364a25a87cdc6ce2369082401,85,84,All Ongoing Projects,6,pdfplumber_table,twelve_month_gate2:0.1.0,"pdf_page_index=85,table_index=logical8,row_index=14"
OBS-202512-00928,2025-12,928,"Delhi-Amritsar-Katra Expressway Phase-II Pkg-XV [Junction with Hiranagar Road
near village Gurha Baildaran to Junction with Jammu Ring Road NH-244A near Jakh
village from Km 468100 to Km 503250]",National Highways Authority of India [NHAI],618494,-,-,"Jammu and
Kashmir",10/2021,09/2022,09/2024,02/2026,2714.95,3716.56,1602.61,88,"Delhi-Amritsar-Katra Expressway Phase-II Pkg-XV [Junction with Hiranagar Road
near village Gurha Baildaran to Junction with Jammu Ring Road NH-244A near Jakh
village from Km 468100 to Km 503250]
(National Highways Authority of India [NHAI])
(618494)","10/2021
(09/2022)","09/2024
(02/2026)","2714.95
(3716.56)",SRC-2025-12,07f56e5457c63192ae7b5b4036f975f7eb058a3364a25a87cdc6ce2369082401,85,84,All Ongoing Projects,6,pdfplumber_table,twelve_month_gate2:0.1.0,"pdf_page_index=85,table_index=logical8,row_index=15"
OBS-202512-00929,2025-12,929,"4/6L Access Control Expressway from Design Chainage Km 515.000 to 528.300
Kunjwani to Sidhra Section of NH-44 and from Design Chainage Km 550.900 to Km
566.520 Domel to Katra Section Phase II-Package XVII",National Highways Authority of India [NHAI],618495,-,-,"Jammu and
Kashmir",06/2022,06/2023,06/2025,02/2026,2894.74,2894.74,682.85,53,"4/6L Access Control Expressway from Design Chainage Km 515.000 to 528.300
Kunjwani to Sidhra Section of NH-44 and from Design Chainage Km 550.900 to Km
566.520 Domel to Katra Section Phase II-Package XVII
(National Highways Authority of India [NHAI])
(618495)","06/2022
(06/2023)","06/2025
(02/2026)","2894.74
(2894.74)",SRC-2025-12,07f56e5457c63192ae7b5b4036f975f7eb058a3364a25a87cdc6ce2369082401,85,84,All Ongoing Projects,6,pdfplumber_table,twelve_month_gate2:0.1.0,"pdf_page_index=85,table_index=logical8,row_index=16"
OBS-202512-00930,2025-12,930,"Delhi-Amritsar-Katra Expressway Phase-II Pkg-XVI Existing Jakh Vijaypur-Kunjwani
section of NH-44 including spur Connectivity to Jammu Airport NH-144A [Km 503500
to km 514500]",National Highways Authority of India [NHAI],618496,-,-,"Jammu and
Kashmir",09/2021,09/2022,09/2024,03/2026,1821.72,2522.56,1120.3,92,"Delhi-Amritsar-Katra Expressway Phase-II Pkg-XVI Existing Jakh Vijaypur-Kunjwani
section of NH-44 including spur Connectivity to Jammu Airport NH-144A [Km 503500
to km 514500]
(National Highways Authority of India [NHAI])
(618496)","09/2021
(09/2022)","09/2024
(03/2026)","1821.72
(2522.56)",SRC-2025-12,07f56e5457c63192ae7b5b4036f975f7eb058a3364a25a87cdc6ce2369082401,85,84,All Ongoing Projects,6,pdfplumber_table,twelve_month_gate2:0.1.0,"pdf_page_index=85,table_index=logical8,row_index=17"
OBS-202512-00931,2025-12,931,"Delhi Amritsar Katra Expressway Phase-II Pkg XVIII Development and Upgradation of
Four lane Access Control Expressway from Design Chainage KM 530.00 to KM
545.300 Sidhra to Domel Section of NH-44",National Highways Authority of India [NHAI],618497,-,-,"Jammu and
Kashmir",12/2022,11/2023,11/2025,-,975.38,975.38,433.72,51,"Delhi Amritsar Katra Expressway Phase-II Pkg XVIII Development and Upgradation of
Four lane Access Control Expressway from Design Chainage KM 530.00 to KM
545.300 Sidhra to Domel Section of NH-44
(National Highways Authority of India [NHAI])
(618497)","12/2022
(11/2023)","11/2025
(-)","975.38
(975.38)",SRC-2025-12,07f56e5457c63192ae7b5b4036f975f7eb058a3364a25a87cdc6ce2369082401,85,84,All Ongoing Projects,6,pdfplumber_table,twelve_month_gate2:0.1.0,"pdf_page_index=85,table_index=logical8,row_index=18"
OBS-202512-00932,2025-12,932,4L Ring road/bypass around Srinagar city from km 0.000 to km 42.100 Phase-I,National Highways Authority of India [NHAI],618541,-,-,"Jammu and
Kashmir",03/2021,08/2021,02/2024,10/2025,2919.96,2604.76,1662.84,83,"4L Ring road/bypass around Srinagar city from km 0.000 to km 42.100 Phase-I
(National Highways Authority of India [NHAI])
(618541)","03/2021
(08/2021)","02/2024
(10/2025)","2919.96
(2604.76)",SRC-2025-12,07f56e5457c63192ae7b5b4036f975f7eb058a3364a25a87cdc6ce2369082401,85,84,All Ongoing Projects,6,pdfplumber_table,twelve_month_gate2:0.1.0,"pdf_page_index=85,table_index=logical8,row_index=19"
OBS-202512-00933,2025-12,933,"4L of twin tube tunnel configuration including approaches from Marog to Digdol from
Km.154.210 to Km.158.650 North Bound and from Km.155.940 to Km.160.260 South
Bound of Ramban to Banihal Pkg-I of Old NH-1A New NH-44",National Highways Authority of India [NHAI],618543,-,-,"Jammu and
Kashmir",07/2021,08/2022,08/2025,06/2026,1912.17,1034.3,272.7,21,"4L of twin tube tunnel configuration including approaches from Marog to Digdol from
Km.154.210 to Km.158.650 North Bound and from Km.155.940 to Km.160.260 South
Bound of Ramban to Banihal Pkg-I of Old NH-1A New NH-44
(National Highways Authority of India [NHAI])
(618543)","07/2021
(08/2022)","08/2025
(06/2026)","1912.17
(1034.3)",SRC-2025-12,07f56e5457c63192ae7b5b4036f975f7eb058a3364a25a87cdc6ce2369082401,85,84,All Ongoing Projects,6,pdfplumber_table,twelve_month_gate2:0.1.0,"pdf_page_index=85,table_index=logical8,row_index=20"
OBS-202512-00934,2025-12,934,"4L twin tube tunnel including approaches from Digdol to Khuni Nallah North Bound
connecting with existing major bridge on NB and South Bound connecting with Tunnel
T4 ,Single tube tunnel of Ramban to Banihal Pkg-II of Old NH-1A New NH-44",National Highways Authority of India [NHAI],618544,-,-,"Jammu and
Kashmir",07/2021,02/2022,06/2024,05/2025,1401.87,1020.99,898.96,84,"4L twin tube tunnel including approaches from Digdol to Khuni Nallah North Bound
connecting with existing major bridge on NB and South Bound connecting with Tunnel
T4 ,Single tube tunnel of Ramban to Banihal Pkg-II of Old NH-1A New NH-44
(National Highways Authority of India [NHAI])
(618544)","07/2021
(02/2022)","06/2024
(05/2025)","1401.87
(1020.99)",SRC-2025-12,07f56e5457c63192ae7b5b4036f975f7eb058a3364a25a87cdc6ce2369082401,86,85,All Ongoing Projects,6,pdfplumber_table,twelve_month_gate2:0.1.0,"pdf_page_index=86,table_index=logical8,row_index=1"
OBS-202512-00935,2025-12,935,"4L of Km.165.092 to Km.171.855 North Bound and from Km.166.895 to Km.173.638
South Bound, excl. certain reaches of North Bound and South Bound of Ramban to
Banihal Pkg-III of Old NH-1A New NH-44",National Highways Authority of India [NHAI],618545,-,-,"Jammu and
Kashmir",07/2021,02/2022,08/2024,-,614.48,444.76,231.2,35,"4L of Km.165.092 to Km.171.855 North Bound and from Km.166.895 to Km.173.638
South Bound, excl. certain reaches of North Bound and South Bound of Ramban to
Banihal Pkg-III of Old NH-1A New NH-44
(National Highways Authority of India [NHAI])
(618545)","07/2021
(02/2022)","08/2024
(-)","614.48
(444.76)",SRC-2025-12,07f56e5457c63192ae7b5b4036f975f7eb058a3364a25a87cdc6ce2369082401,86,85,All Ongoing Projects,6,pdfplumber_table,twelve_month_gate2:0.1.0,"pdf_page_index=86,table_index=logical8,row_index=2"
OBS-202512-00936,2025-12,936,"Construction of Tunnels/Viaducts at identified sliding/slip zones at Km 130.550 to
Km.130.750 Km. 131.170 to Km. 131.763 Km. 132.560 to Km. 133.168 Km. 133.590
to Km. 133.743 and Km. 147.877 to Km. 148.715 of Udhampur-Ramban section of
NH-44",National Highways Authority of India [NHAI],618546,-,-,"Jammu and
Kashmir",09/2021,04/2022,10/2023,06/2025,442.14,533.11,324.74,36,"Construction of Tunnels/Viaducts at identified sliding/slip zones at Km 130.550 to
Km.130.750 Km. 131.170 to Km. 131.763 Km. 132.560 to Km. 133.168 Km. 133.590
to Km. 133.743 and Km. 147.877 to Km. 148.715 of Udhampur-Ramban section of
NH-44
(National Highways Authority of India [NHAI])
(618546)","09/2021
(04/2022)","10/2023
(06/2025)","442.14
(533.11)",SRC-2025-12,07f56e5457c63192ae7b5b4036f975f7eb058a3364a25a87cdc6ce2369082401,86,85,All Ongoing Projects,6,pdfplumber_table,twelve_month_gate2:0.1.0,"pdf_page_index=86,table_index=logical8,row_index=3"
OBS-202512-00937,2025-12,937,"2L NH-1 from km 8.660 to km 33.775 Sumbal to Wayul to 4L dual carriageway NH
standard as part of Srinagar Ring Road PhaseII [Design Ch. 41.907 to Ch. 66.609]",National Highways Authority of India [NHAI],618547,-,-,"Jammu and
Kashmir",11/2022,12/2023,06/2026,-,961,643.64,355.59,41,"2L NH-1 from km 8.660 to km 33.775 Sumbal to Wayul to 4L dual carriageway NH
standard as part of Srinagar Ring Road PhaseII [Design Ch. 41.907 to Ch. 66.609]
(National Highways Authority of India [NHAI])
(618547)","11/2022
(12/2023)","06/2026
(-)","961
(643.64)",SRC-2025-12,07f56e5457c63192ae7b5b4036f975f7eb058a3364a25a87cdc6ce2369082401,86,85,All Ongoing Projects,6,pdfplumber_table,twelve_month_gate2:0.1.0,"pdf_page_index=86,table_index=logical8,row_index=4"
OBS-202512-00938,2025-12,938,"Stand-alone Ring road/bypass around Jammu City from Raya Morh km. -0.687 to
Jagti km. 57.568",National Highways Authority of India [NHAI],618548,-,-,"Jammu and
Kashmir",12/2017,01/2018,01/2021,10/2023,2023.88,2117.63,54.24,99,"Stand-alone Ring road/bypass around Jammu City from Raya Morh km. -0.687 to
Jagti km. 57.568
(National Highways Authority of India [NHAI])
(618548)","12/2017
(01/2018)","01/2021
(10/2023)","2023.88
(2117.63)",SRC-2025-12,07f56e5457c63192ae7b5b4036f975f7eb058a3364a25a87cdc6ce2369082401,86,85,All Ongoing Projects,6,pdfplumber_table,twelve_month_gate2:0.1.0,"pdf_page_index=86,table_index=logical8,row_index=5"
OBS-202512-00939,2025-12,939,"Construction of twin tube tunnels on Jammu Kashmir Ring Road NH-244A Between
Design Ch. 50600 to 51700 and design Ch. 53535 to 55700 on EPC mode under
residual NHDP component of Bharatmala Pariyojna",National Highways Authority of India [NHAI],618549,-,-,"Jammu and
Kashmir",11/2022,06/2023,06/2025,03/2026,242.65,731.59,637.61,81,"Construction of twin tube tunnels on Jammu Kashmir Ring Road NH-244A Between
Design Ch. 50600 to 51700 and design Ch. 53535 to 55700 on EPC mode under
residual NHDP component of Bharatmala Pariyojna
(National Highways Authority of India [NHAI])
(618549)","11/2022
(06/2023)","06/2025
(03/2026)","242.65
(731.59)",SRC-2025-12,07f56e5457c63192ae7b5b4036f975f7eb058a3364a25a87cdc6ce2369082401,86,85,All Ongoing Projects,6,pdfplumber_table,twelve_month_gate2:0.1.0,"pdf_page_index=86,table_index=logical8,row_index=6"
OBS-202512-00940,2025-12,940,"Corridor Efficiency Improvement including removal of black spots in Lakhanpur -
Samba section of NH-44 from Chainage Km. 16.300 to Km. 74.100",National Highways Authority of India [NHAI],618550,-,-,"Jammu and
Kashmir",06/2022,12/2022,06/2024,05/2025,855.74,215.68,176.32,70,"Corridor Efficiency Improvement including removal of black spots in Lakhanpur -
Samba section of NH-44 from Chainage Km. 16.300 to Km. 74.100
(National Highways Authority of India [NHAI])
(618550)","06/2022
(12/2022)","06/2024
(05/2025)","855.74
(215.68)",SRC-2025-12,07f56e5457c63192ae7b5b4036f975f7eb058a3364a25a87cdc6ce2369082401,86,85,All Ongoing Projects,6,pdfplumber_table,twelve_month_gate2:0.1.0,"pdf_page_index=86,table_index=logical8,row_index=7"
OBS-202512-00941,2025-12,941,"Widening and Strengthening of existing paveemnt to two lane with paved shoulders
from km 116.00 to km 176.355 of NH-75E in the State of Jharkhand on EPC mode.",MoRTH,618060,-,-,Jharkhand,01/2022,01/2023,07/2024,-,315.21,315.21,129.49,87,"Widening and Strengthening of existing paveemnt to two lane with paved shoulders
from km 116.00 to km 176.355 of NH-75E in the State of Jharkhand on EPC mode.
(MoRTH)
(618060)","01/2022
(01/2023)","07/2024
(-)","315.21
(315.21)",SRC-2025-12,07f56e5457c63192ae7b5b4036f975f7eb058a3364a25a87cdc6ce2369082401,86,85,All Ongoing Projects,6,pdfplumber_table,twelve_month_gate2:0.1.0,"pdf_page_index=86,table_index=logical8,row_index=8"
OBS-202512-00942,2025-12,942,"Widening to 2-lane with paved shoulder from km 0.00 to 44.00 Kuru-Ghaghra section
of NH-143A including re-construction of culverts and bridges.",MoRTH,618084,-,-,Jharkhand,02/2020,08/2021,08/2023,11/2023,153.01,133.67,77,0,"Widening to 2-lane with paved shoulder from km 0.00 to 44.00 Kuru-Ghaghra section
of NH-143A including re-construction of culverts and bridges.
(MoRTH)
(618084)","02/2020
(08/2021)","08/2023
(11/2023)","153.01
(133.67)",SRC-2025-12,07f56e5457c63192ae7b5b4036f975f7eb058a3364a25a87cdc6ce2369082401,86,85,All Ongoing Projects,6,pdfplumber_table,twelve_month_gate2:0.1.0,"pdf_page_index=86,table_index=logical8,row_index=9"
OBS-202512-00943,2025-12,943,"Widening and Strengthening/Reconstruction to Two Lane with Paved Shoulder/ Two
Lane with paved shoulders with service road from km 0000 to km 42250 excluding
design Ch. 03220 to 04200 & 28350 to 29060 of NH-320G in the state of Jharkhand
under EPC mode",MoRTH,618123,-,-,Jharkhand,03/2022,08/2023,08/2025,-,423.18,423.18,4.11,0,"Widening and Strengthening/Reconstruction to Two Lane with Paved Shoulder/ Two
Lane with paved shoulders with service road from km 0000 to km 42250 excluding
design Ch. 03220 to 04200 & 28350 to 29060 of NH-320G in the state of Jharkhand
under EPC mode
(MoRTH)
(618123)","03/2022
(08/2023)","08/2025
(-)","423.18
(423.18)",SRC-2025-12,07f56e5457c63192ae7b5b4036f975f7eb058a3364a25a87cdc6ce2369082401,86,85,All Ongoing Projects,6,pdfplumber_table,twelve_month_gate2:0.1.0,"pdf_page_index=86,table_index=logical8,row_index=10"
OBS-202512-00944,2025-12,944,4L of Palma to Gumla from km. 26.00 to km. 89.170 of NH-23,National Highways Authority of India [NHAI],618642,-,-,Jharkhand,03/2020,04/2022,03/2024,10/2024,1882.93,1895.75,826.77,98,"4L of Palma to Gumla from km. 26.00 to km. 89.170 of NH-23
(National Highways Authority of India [NHAI])
(618642)","03/2020
(04/2022)","03/2024
(10/2024)","1882.93
(1895.75)",SRC-2025-12,07f56e5457c63192ae7b5b4036f975f7eb058a3364a25a87cdc6ce2369082401,86,85,All Ongoing Projects,6,pdfplumber_table,twelve_month_gate2:0.1.0,"pdf_page_index=86,table_index=logical8,row_index=11"
OBS-202512-00945,2025-12,945,4L of Ormanjhi-Gola section from Km 81.450 to Km 53.600 of NH- 320BPKG-II,National Highways Authority of India [NHAI],618644,-,-,Jharkhand,02/2022,06/2023,06/2025,-,1214.93,1462.19,763.1,87,"4L of Ormanjhi-Gola section from Km 81.450 to Km 53.600 of NH- 320BPKG-II
(National Highways Authority of India [NHAI])
(618644)","02/2022
(06/2023)","06/2025
(-)","1214.93
(1462.19)",SRC-2025-12,07f56e5457c63192ae7b5b4036f975f7eb058a3364a25a87cdc6ce2369082401,86,85,All Ongoing Projects,6,pdfplumber_table,twelve_month_gate2:0.1.0,"pdf_page_index=86,table_index=logical8,row_index=12"
OBS-202512-00946,2025-12,946,4L of Gola-BokaroJaina More section from Km 53.600 to Km 21.110 of NH-320PKG-1,National Highways Authority of India [NHAI],618645,-,-,Jharkhand,02/2022,06/2023,06/2025,01/2026,1007.97,1030.64,366.57,72,"4L of Gola-BokaroJaina More section from Km 53.600 to Km 21.110 of NH-320PKG-1
(National Highways Authority of India [NHAI])
(618645)","02/2022
(06/2023)","06/2025
(01/2026)","1007.97
(1030.64)",SRC-2025-12,07f56e5457c63192ae7b5b4036f975f7eb058a3364a25a87cdc6ce2369082401,86,85,All Ongoing Projects,6,pdfplumber_table,twelve_month_gate2:0.1.0,"pdf_page_index=86,table_index=logical8,row_index=13"
OBS-202512-00947,2025-12,947,4L from km 196.87 Sankha to km 219.6 Khajuri on NH-75 [Rehla / Garhwa Bypass],National Highways Authority of India [NHAI],618829,-,-,Jharkhand,09/2020,10/2021,10/2023,-,1129.48,1129.48,527.11,93,"4L from km 196.87 Sankha to km 219.6 Khajuri on NH-75 [Rehla / Garhwa Bypass]
(National Highways Authority of India [NHAI])
(618829)","09/2020
(10/2021)","10/2023
(-)","1129.48
(1129.48)",SRC-2025-12,07f56e5457c63192ae7b5b4036f975f7eb058a3364a25a87cdc6ce2369082401,86,85,All Ongoing Projects,6,pdfplumber_table,twelve_month_gate2:0.1.0,"pdf_page_index=86,table_index=logical8,row_index=14"
OBS-202512-00948,2025-12,948,4L from Km 147.450 Bhogu to Km 196.870 Sankha on NH-75 Sec-III,National Highways Authority of India [NHAI],618830,-,-,Jharkhand,10/2022,11/2023,11/2025,-,1517.87,1652.09,962.12,76,"4L from Km 147.450 Bhogu to Km 196.870 Sankha on NH-75 Sec-III
(National Highways Authority of India [NHAI])
(618830)","10/2022
(11/2023)","11/2025
(-)","1517.87
(1652.09)",SRC-2025-12,07f56e5457c63192ae7b5b4036f975f7eb058a3364a25a87cdc6ce2369082401,86,85,All Ongoing Projects,6,pdfplumber_table,twelve_month_gate2:0.1.0,"pdf_page_index=86,table_index=logical8,row_index=15"
OBS-202512-00949,2025-12,949,4L of Mehgama - Hansdiha from km. 41.900 to km. 93.000 of NH -133A Pkg-II,National Highways Authority of India [NHAI],618946,-,-,Jharkhand,03/2022,05/2023,05/2025,03/2026,1479.72,1568.18,849.01,98,"4L of Mehgama - Hansdiha from km. 41.900 to km. 93.000 of NH -133A Pkg-II
(National Highways Authority of India [NHAI])
(618946)","03/2022
(05/2023)","05/2025
(03/2026)","1479.72
(1568.18)",SRC-2025-12,07f56e5457c63192ae7b5b4036f975f7eb058a3364a25a87cdc6ce2369082401,86,85,All Ongoing Projects,6,pdfplumber_table,twelve_month_gate2:0.1.0,"pdf_page_index=86,table_index=logical8,row_index=16"
OBS-202512-00950,2025-12,950,4L of NH-80 from km 215.00 to km 260.00 Mirza Chauki to Farkka Pkg-I,National Highways Authority of India [NHAI],618947,-,-,Jharkhand,03/2018,12/2021,07/2023,06/2025,1504.8,1508.21,643.11,75,"4L of NH-80 from km 215.00 to km 260.00 Mirza Chauki to Farkka Pkg-I
(National Highways Authority of India [NHAI])
(618947)","03/2018
(12/2021)","07/2023
(06/2025)","1504.8
(1508.21)",SRC-2025-12,07f56e5457c63192ae7b5b4036f975f7eb058a3364a25a87cdc6ce2369082401,86,85,All Ongoing Projects,6,pdfplumber_table,twelve_month_gate2:0.1.0,"pdf_page_index=86,table_index=logical8,row_index=17"
OBS-202512-00951,2025-12,951,4L of Basukinath- Deoghar Section of NH-114A,National Highways Authority of India [NHAI],618949,-,-,Jharkhand,09/2022,12/2023,12/2025,-,1444.94,1553.76,593.59,76,"4L of Basukinath- Deoghar Section of NH-114A
(National Highways Authority of India [NHAI])
(618949)","09/2022
(12/2023)","12/2025
(-)","1444.94
(1553.76)",SRC-2025-12,07f56e5457c63192ae7b5b4036f975f7eb058a3364a25a87cdc6ce2369082401,86,85,All Ongoing Projects,6,pdfplumber_table,twelve_month_gate2:0.1.0,"pdf_page_index=86,table_index=logical8,row_index=18"
OBS-202512-00952,2025-12,952,"Construction of Elevated corridor from Km. 135.650 to 136.300 on 63, from Km. 249 to
Km. 250.050 on old NH-4 and from Km. 192.910 to Km. 193.350 on NH-218 from
decongestion of traffic in Ranichennamma circle in Hubli city in the state of Karnataka
on EPC basis",MoRTH,617935,-,-,Karnataka,08/2020,06/2021,06/2024,08/2025,298,349.49,141.25,52,"Construction of Elevated corridor from Km. 135.650 to 136.300 on 63, from Km. 249 to
Km. 250.050 on old NH-4 and from Km. 192.910 to Km. 193.350 on NH-218 from
decongestion of traffic in Ranichennamma circle in Hubli city in the state of Karnataka
on EPC basis
(MoRTH)
(617935)","08/2020
(06/2021)","06/2024
(08/2025)","298
(349.49)",SRC-2025-12,07f56e5457c63192ae7b5b4036f975f7eb058a3364a25a87cdc6ce2369082401,86,85,All Ongoing Projects,6,pdfplumber_table,twelve_month_gate2:0.1.0,"pdf_page_index=86,table_index=logical8,row_index=19"
OBS-202512-00953,2025-12,953,"Balance work of Rehabilitation and upgrading to 2lane/2lane with paved shoulder
configuration and strengthening from from Km 343.80 to 400.33 of Gowribidanur-Chik
Ballapur section in the state of Karnataka Under Annual Plan 2021-22 under EPC
Mode.-952",MoRTH,617954,-,-,Karnataka,03/2022,02/2023,02/2025,-,398.48,398.48,179.01,72,"Balance work of Rehabilitation and upgrading to 2lane/2lane with paved shoulder
configuration and strengthening from from Km 343.80 to 400.33 of Gowribidanur-Chik
Ballapur section in the state of Karnataka Under Annual Plan 2021-22 under EPC
Mode.-952
(MoRTH)
(617954)","03/2022
(02/2023)","02/2025
(-)","398.48
(398.48)",SRC-2025-12,07f56e5457c63192ae7b5b4036f975f7eb058a3364a25a87cdc6ce2369082401,86,85,All Ongoing Projects,6,pdfplumber_table,twelve_month_gate2:0.1.0,"pdf_page_index=86,table_index=logical8,row_index=20"
OBS-202512-00954,2025-12,954,"Widening to two lane with paved Shoulders from Km 40.00 to Km 75.00 Existing
chainages of Mangalore - Tumkur section of NH-73 in the State of Karnataka on
EPC Mode under Annual Plan 2021-22 Job No NH-73-KNT-2021-22-945",MoRTH,617955,-,-,Karnataka,03/2022,03/2023,03/2025,-,718.52,718.52,260.03,72,"Widening to two lane with paved Shoulders from Km 40.00 to Km 75.00 Existing
chainages of Mangalore - Tumkur section of NH-73 in the State of Karnataka on
EPC Mode under Annual Plan 2021-22 Job No NH-73-KNT-2021-22-945
(MoRTH)
(617955)","03/2022
(03/2023)","03/2025
(-)","718.52
(718.52)",SRC-2025-12,07f56e5457c63192ae7b5b4036f975f7eb058a3364a25a87cdc6ce2369082401,86,85,All Ongoing Projects,6,pdfplumber_table,twelve_month_gate2:0.1.0,"pdf_page_index=86,table_index=logical8,row_index=21"
OBS-202512-00955,2025-12,955,"Construction of Major Bridge at Km.180.865 across river Krishna on NH 167 Hagari
Jadcherla section",MoRTH,617989,-,-,Karnataka,03/2019,05/2019,11/2021,10/2024,157.32,187.61,92.25,68,"Construction of Major Bridge at Km.180.865 across river Krishna on NH 167 Hagari
Jadcherla section
(MoRTH)
(617989)","03/2019
(05/2019)","11/2021
(10/2024)","157.32
(187.61)",SRC-2025-12,07f56e5457c63192ae7b5b4036f975f7eb058a3364a25a87cdc6ce2369082401,86,85,All Ongoing Projects,6,pdfplumber_table,twelve_month_gate2:0.1.0,"pdf_page_index=86,table_index=logical8,row_index=22"
OBS-202512-00956,2025-12,956,"Widening to existing 2 lane with paved Shoulder to 4 Lane with paved shoulder from
design Km 153.00 to 168.27 Mala Gate to Karkala of NH -169 on Shimoga -
Mangalore section in the state of Karnataka on EPC mode under Annula Plan 2021-22
Job No. NH-169-KNT-2021-22-949",MoRTH,617998,-,-,Karnataka,03/2022,02/2023,02/2025,-,177.94,177.94,94.59,75,"Widening to existing 2 lane with paved Shoulder to 4 Lane with paved shoulder from
design Km 153.00 to 168.27 Mala Gate to Karkala of NH -169 on Shimoga -
Mangalore section in the state of Karnataka on EPC mode under Annula Plan 2021-22
Job No. NH-169-KNT-2021-22-949
(MoRTH)
(617998)","03/2022
(02/2023)","02/2025
(-)","177.94
(177.94)",SRC-2025-12,07f56e5457c63192ae7b5b4036f975f7eb058a3364a25a87cdc6ce2369082401,87,86,All Ongoing Projects,6,pdfplumber_table,twelve_month_gate2:0.1.0,"pdf_page_index=87,table_index=logical8,row_index=1"
OBS-202512-00957,2025-12,957,"Widening to 2-Lane with Paved Shoulders from Km 116.800 to 149.070Design
Changes on Hosadurga - Holalkere Section of NH-173 in the State of Karnataka on
EPC mode under Annual Plan 2021-22 Job no. NH-173-KNT-2021-22-946",MoRTH,618000,-,-,Karnataka,03/2022,08/2022,02/2024,-,170.34,147.39,60.21,92,"Widening to 2-Lane with Paved Shoulders from Km 116.800 to 149.070Design
Changes on Hosadurga - Holalkere Section of NH-173 in the State of Karnataka on
EPC mode under Annual Plan 2021-22 Job no. NH-173-KNT-2021-22-946
(MoRTH)
(618000)","03/2022
(08/2022)","02/2024
(-)","170.34
(147.39)",SRC-2025-12,07f56e5457c63192ae7b5b4036f975f7eb058a3364a25a87cdc6ce2369082401,87,86,All Ongoing Projects,6,pdfplumber_table,twelve_month_gate2:0.1.0,"pdf_page_index=87,table_index=logical8,row_index=2"
OBS-202512-00958,2025-12,958,"Widening to 4 lane from Km. 133.00 to 158.04 design Chainage Km. 130.88 to
155.145 Shirur Cross to Gaddankeri of NH-367 in the State of Karnataka on EPC
mode. Job No. NH-367-KNT-2021-22-930",MoRTH,618029,-,-,Karnataka,01/2022,01/2023,01/2025,-,350.69,312.06,195.06,78,"Widening to 4 lane from Km. 133.00 to 158.04 design Chainage Km. 130.88 to
155.145 Shirur Cross to Gaddankeri of NH-367 in the State of Karnataka on EPC
mode. Job No. NH-367-KNT-2021-22-930
(MoRTH)
(618029)","01/2022
(01/2023)","01/2025
(-)","350.69
(312.06)",SRC-2025-12,07f56e5457c63192ae7b5b4036f975f7eb058a3364a25a87cdc6ce2369082401,87,86,All Ongoing Projects,6,pdfplumber_table,twelve_month_gate2:0.1.0,"pdf_page_index=87,table_index=logical8,row_index=3"
OBS-202512-00959,2025-12,959,"Widening to 2 lane with paved shoulder from Km. 103.225 Pattadakal to Km. 133.00
Shirur cross of NH-367 in the state of Karnataka on EPC Mode.Job No. NH-367-KNT-
2021-22-934",MoRTH,618030,-,-,Karnataka,02/2022,11/2022,05/2024,-,264.14,264.14,3.58,0,"Widening to 2 lane with paved shoulder from Km. 103.225 Pattadakal to Km. 133.00
Shirur cross of NH-367 in the state of Karnataka on EPC Mode.Job No. NH-367-KNT-
2021-22-934
(MoRTH)
(618030)","02/2022
(11/2022)","05/2024
(-)","264.14
(264.14)",SRC-2025-12,07f56e5457c63192ae7b5b4036f975f7eb058a3364a25a87cdc6ce2369082401,87,86,All Ongoing Projects,6,pdfplumber_table,twelve_month_gate2:0.1.0,"pdf_page_index=87,table_index=logical8,row_index=4"
OBS-202512-00960,2025-12,960,"Balance work of Construction of Two/Four lane with paved shoulder from Km 422.000
to 523.600 Chitradurga to Shivamogga of NH-13 in the state of Kanataka on EPC
mode.",MoRTH,618031,-,-,Karnataka,01/2021,12/2021,06/2024,-,516.96,516.96,333.48,0,"Balance work of Construction of Two/Four lane with paved shoulder from Km 422.000
to 523.600 Chitradurga to Shivamogga of NH-13 in the state of Kanataka on EPC
mode.
(MoRTH)
(618031)","01/2021
(12/2021)","06/2024
(-)","516.96
(516.96)",SRC-2025-12,07f56e5457c63192ae7b5b4036f975f7eb058a3364a25a87cdc6ce2369082401,87,86,All Ongoing Projects,6,pdfplumber_table,twelve_month_gate2:0.1.0,"pdf_page_index=87,table_index=logical8,row_index=5"
OBS-202512-00961,2025-12,961,"Widening to intermediate/two lane to 2 lane with paved shoulder from Existing
chanages Km 112.750 to 142.00 Liingasur to Mudabal cross & from Km. 147.070 to
Km. 149.070 Maski city limit of Jewargi Chamrajnagar setion of NH-150A in the state
of Karnataka on EPC mode. Job No. NH-150A-KNT-2021-22-951",MoRTH,618087,-,-,Karnataka,03/2022,01/2023,07/2024,-,255.88,255.88,175.75,93,"Widening to intermediate/two lane to 2 lane with paved shoulder from Existing
chanages Km 112.750 to 142.00 Liingasur to Mudabal cross & from Km. 147.070 to
Km. 149.070 Maski city limit of Jewargi Chamrajnagar setion of NH-150A in the state
of Karnataka on EPC mode. Job No. NH-150A-KNT-2021-22-951
(MoRTH)
(618087)","03/2022
(01/2023)","07/2024
(-)","255.88
(255.88)",SRC-2025-12,07f56e5457c63192ae7b5b4036f975f7eb058a3364a25a87cdc6ce2369082401,87,86,All Ongoing Projects,6,pdfplumber_table,twelve_month_gate2:0.1.0,"pdf_page_index=87,table_index=logical8,row_index=6"
OBS-202512-00962,2025-12,962,"Widening to 4 lane from Km 51.60 to 76.20 Hebri to Parkala and from Km 85.20 to
88.90 Karavali junction to Malpe of Thirthahalli-Udupi-Malpe Section of NH-169A in
the State of Karnataka on EPC Mode under Annual plan 2021-22 Job No. NH-169A-
KNT-2021-22-927",MoRTH,618109,-,-,Karnataka,01/2022,12/2022,12/2024,-,355.72,355.72,170.76,76,"Widening to 4 lane from Km 51.60 to 76.20 Hebri to Parkala and from Km 85.20 to
88.90 Karavali junction to Malpe of Thirthahalli-Udupi-Malpe Section of NH-169A in
the State of Karnataka on EPC Mode under Annual plan 2021-22 Job No. NH-169A-
KNT-2021-22-927
(MoRTH)
(618109)","01/2022
(12/2022)","12/2024
(-)","355.72
(355.72)",SRC-2025-12,07f56e5457c63192ae7b5b4036f975f7eb058a3364a25a87cdc6ce2369082401,87,86,All Ongoing Projects,6,pdfplumber_table,twelve_month_gate2:0.1.0,"pdf_page_index=87,table_index=logical8,row_index=7"
OBS-202512-00963,2025-12,963,"Construction of Major Bridge Across Sharavathi Backwaters and approches between
Ambargodu and Kalasavalli Near Sigandhur in Sagar Taluk on NH 369E in the State
of Karnataka on EPC mode.Job No. NH-369E-KNT-2018-19-895 dated 06.03.2019.",MoRTH,618144,-,-,Karnataka,03/2019,12/2019,12/2022,-,423.15,423.15,0,0,"Construction of Major Bridge Across Sharavathi Backwaters and approches between
Ambargodu and Kalasavalli Near Sigandhur in Sagar Taluk on NH 369E in the State
of Karnataka on EPC mode.Job No. NH-369E-KNT-2018-19-895 dated 06.03.2019.
(MoRTH)
(618144)","03/2019
(12/2019)","12/2022
(-)","423.15
(423.15)",SRC-2025-12,07f56e5457c63192ae7b5b4036f975f7eb058a3364a25a87cdc6ce2369082401,87,86,All Ongoing Projects,6,pdfplumber_table,twelve_month_gate2:0.1.0,"pdf_page_index=87,table_index=logical8,row_index=8"
OBS-202512-00964,2025-12,964,"4/6L of Bangalore - Pune Section of bypass connecting Dharwad - Hubli from km.
403.80 to km. 433.20",National Highways Authority of India [NHAI],618517,-,-,Karnataka,12/2021,03/2023,09/2025,-,1135.39,763.36,659.51,76,"4/6L of Bangalore - Pune Section of bypass connecting Dharwad - Hubli from km.
403.80 to km. 433.20
(National Highways Authority of India [NHAI])
(618517)","12/2021
(03/2023)","09/2025
(-)","1135.39
(763.36)",SRC-2025-12,07f56e5457c63192ae7b5b4036f975f7eb058a3364a25a87cdc6ce2369082401,87,86,All Ongoing Projects,6,pdfplumber_table,twelve_month_gate2:0.1.0,"pdf_page_index=87,table_index=logical8,row_index=9"
OBS-202512-00965,2025-12,965,"6L of MH/KN Border Nimbal Village to KN/TS Border Singnodi Village from Km.
26.000 to Km. 97.000 in Gulbarga of NH-150C Pkg-II",National Highways Authority of India [NHAI],618630,-,-,Karnataka,02/2022,12/2022,06/2025,05/2026,2355.56,1923.3,696.37,55,"6L of MH/KN Border Nimbal Village to KN/TS Border Singnodi Village from Km.
26.000 to Km. 97.000 in Gulbarga of NH-150C Pkg-II
(National Highways Authority of India [NHAI])
(618630)","02/2022
(12/2022)","06/2025
(05/2026)","2355.56
(1923.3)",SRC-2025-12,07f56e5457c63192ae7b5b4036f975f7eb058a3364a25a87cdc6ce2369082401,87,86,All Ongoing Projects,6,pdfplumber_table,twelve_month_gate2:0.1.0,"pdf_page_index=87,table_index=logical8,row_index=10"
OBS-202512-00966,2025-12,966,"4L of Addahole Near Gundya to Bantwal Cross section Pkg-02 from Design Km
270.270 to Design km 318.55 including flyover at Kalladka Town including approaches
from Km. 311.57 to Km. 313.67 of NH-75 Old NH-48",National Highways Authority of India [NHAI],618702,-,-,Karnataka,12/2020,11/2021,11/2023,04/2026,1660.19,1318.24,1235.46,89,"4L of Addahole Near Gundya to Bantwal Cross section Pkg-02 from Design Km
270.270 to Design km 318.55 including flyover at Kalladka Town including approaches
from Km. 311.57 to Km. 313.67 of NH-75 Old NH-48
(National Highways Authority of India [NHAI])
(618702)","12/2020
(11/2021)","11/2023
(04/2026)","1660.19
(1318.24)",SRC-2025-12,07f56e5457c63192ae7b5b4036f975f7eb058a3364a25a87cdc6ce2369082401,87,86,All Ongoing Projects,6,pdfplumber_table,twelve_month_gate2:0.1.0,"pdf_page_index=87,table_index=logical8,row_index=11"
OBS-202512-00967,2025-12,967,"Belakeri Port to Kumta - Sirsi road from km 0.00 - km 4.265 of Belekeri Port Road Link
Rd. and km 4.965 - km 60.00 of SH-69",National Highways Authority of India [NHAI],618799,-,-,Karnataka,03/2018,12/2020,12/2022,12/2025,456.32,456.79,381.34,79,"Belakeri Port to Kumta - Sirsi road from km 0.00 - km 4.265 of Belekeri Port Road Link
Rd. and km 4.965 - km 60.00 of SH-69
(National Highways Authority of India [NHAI])
(618799)","03/2018
(12/2020)","12/2022
(12/2025)","456.32
(456.79)",SRC-2025-12,07f56e5457c63192ae7b5b4036f975f7eb058a3364a25a87cdc6ce2369082401,87,86,All Ongoing Projects,6,pdfplumber_table,twelve_month_gate2:0.1.0,"pdf_page_index=87,table_index=logical8,row_index=12"
OBS-202512-00968,2025-12,968,"4L of Bettadahalli- Shivamogga section from Km.170.415 to km. 226.750 of NH-206
Tumkur- Shivamogga Pkg-IV",National Highways Authority of India [NHAI],618887,-,-,Karnataka,01/2019,10/2021,10/2023,10/2024,2082.98,2545.11,859.62,80,"4L of Bettadahalli- Shivamogga section from Km.170.415 to km. 226.750 of NH-206
Tumkur- Shivamogga Pkg-IV
(National Highways Authority of India [NHAI])
(618887)","01/2019
(10/2021)","10/2023
(10/2024)","2082.98
(2545.11)",SRC-2025-12,07f56e5457c63192ae7b5b4036f975f7eb058a3364a25a87cdc6ce2369082401,87,86,All Ongoing Projects,6,pdfplumber_table,twelve_month_gate2:0.1.0,"pdf_page_index=87,table_index=logical8,row_index=13"
OBS-202512-00969,2025-12,969,"4L of Sannur to Bikarnakatte section from Km 691.350 to Km 736.362 of NH-169
Karkala - Mangalore Package-III",National Highways Authority of India [NHAI],618896,-,-,Karnataka,03/2021,10/2022,10/2024,06/2026,1386.41,2038.71,900.61,60,"4L of Sannur to Bikarnakatte section from Km 691.350 to Km 736.362 of NH-169
Karkala - Mangalore Package-III
(National Highways Authority of India [NHAI])
(618896)","03/2021
(10/2022)","10/2024
(06/2026)","1386.41
(2038.71)",SRC-2025-12,07f56e5457c63192ae7b5b4036f975f7eb058a3364a25a87cdc6ce2369082401,87,86,All Ongoing Projects,6,pdfplumber_table,twelve_month_gate2:0.1.0,"pdf_page_index=87,table_index=logical8,row_index=14"
OBS-202512-00970,2025-12,970,"Widening to 2 Lanes with paved shoulders from Km.87/000 to 133/720 Nattukal to
Thanau Jn. in Palakkad of NH-966 Old NH-213 on EPC mode Basis under NHO
Annual Plan 2016-17 in the state of Kerala",MoRTH,618070,-,-,Kerala,02/2017,08/2017,08/2019,06/2025,294.28,315.63,0,98,"Widening to 2 Lanes with paved shoulders from Km.87/000 to 133/720 Nattukal to
Thanau Jn. in Palakkad of NH-966 Old NH-213 on EPC mode Basis under NHO
Annual Plan 2016-17 in the state of Kerala
(MoRTH)
(618070)","02/2017
(08/2017)","08/2019
(06/2025)","294.28
(315.63)",SRC-2025-12,07f56e5457c63192ae7b5b4036f975f7eb058a3364a25a87cdc6ce2369082401,87,86,All Ongoing Projects,6,pdfplumber_table,twelve_month_gate2:0.1.0,"pdf_page_index=87,table_index=logical8,row_index=15"
OBS-202512-00971,2025-12,971,6L of Chengala - Neeleshwaram from km. 56.200 to km. 93.468,National Highways Authority of India [NHAI],618595,-,-,Kerala,06/2020,10/2021,04/2024,-,1746.45,2538.06,775.85,79,"6L of Chengala - Neeleshwaram from km. 56.200 to km. 93.468
(National Highways Authority of India [NHAI])
(618595)","06/2020
(10/2021)","04/2024
(-)","1746.45
(2538.06)",SRC-2025-12,07f56e5457c63192ae7b5b4036f975f7eb058a3364a25a87cdc6ce2369082401,87,86,All Ongoing Projects,6,pdfplumber_table,twelve_month_gate2:0.1.0,"pdf_page_index=87,table_index=logical8,row_index=16"
OBS-202512-00972,2025-12,972,6L of Taliparamba to Muzhappilangad from Km 134.650 to Km 170.6 of NH-66,National Highways Authority of India [NHAI],618596,-,-,Kerala,08/2020,11/2021,05/2024,08/2025,2714.6,3557.65,1006.75,80,"6L of Taliparamba to Muzhappilangad from Km 134.650 to Km 170.6 of NH-66
(National Highways Authority of India [NHAI])
(618596)","08/2020
(11/2021)","05/2024
(08/2025)","2714.6
(3557.65)",SRC-2025-12,07f56e5457c63192ae7b5b4036f975f7eb058a3364a25a87cdc6ce2369082401,87,86,All Ongoing Projects,6,pdfplumber_table,twelve_month_gate2:0.1.0,"pdf_page_index=87,table_index=logical8,row_index=17"
OBS-202512-00973,2025-12,973,6L of Azhiyur-Vengalam from km. 189.200 to km. 230.400 of NH-66,National Highways Authority of India [NHAI],618597,-,-,Kerala,10/2020,10/2021,07/2024,-,3205.77,3898.46,771.21,57,"6L of Azhiyur-Vengalam from km. 189.200 to km. 230.400 of NH-66
(National Highways Authority of India [NHAI])
(618597)","10/2020
(10/2021)","07/2024
(-)","3205.77
(3898.46)",SRC-2025-12,07f56e5457c63192ae7b5b4036f975f7eb058a3364a25a87cdc6ce2369082401,87,86,All Ongoing Projects,6,pdfplumber_table,twelve_month_gate2:0.1.0,"pdf_page_index=87,table_index=logical8,row_index=18"
OBS-202512-00974,2025-12,974,"6L Minor Bridge Paloli Palam at km. 203.160 & Major Bridge Morad at km. 204.895
and allied works",National Highways Authority of India [NHAI],618598,-,-,Kerala,03/2020,12/2020,06/2022,02/2024,210,216.94,70.89,93,"6L Minor Bridge Paloli Palam at km. 203.160 & Major Bridge Morad at km. 204.895
and allied works
(National Highways Authority of India [NHAI])
(618598)","03/2020
(12/2020)","06/2022
(02/2024)","210
(216.94)",SRC-2025-12,07f56e5457c63192ae7b5b4036f975f7eb058a3364a25a87cdc6ce2369082401,87,86,All Ongoing Projects,6,pdfplumber_table,twelve_month_gate2:0.1.0,"pdf_page_index=87,table_index=logical8,row_index=19"
OBS-202512-00975,2025-12,975,6L of Ramanatukkara Junction to start of Valanchery bypass section of NH-66,National Highways Authority of India [NHAI],618599,-,-,Kerala,01/2021,01/2022,07/2024,03/2025,4924.11,4919.46,1668.84,99,"6L of Ramanatukkara Junction to start of Valanchery bypass section of NH-66
(National Highways Authority of India [NHAI])
(618599)","01/2021
(01/2022)","07/2024
(03/2025)","4924.11
(4919.46)",SRC-2025-12,07f56e5457c63192ae7b5b4036f975f7eb058a3364a25a87cdc6ce2369082401,87,86,All Ongoing Projects,6,pdfplumber_table,twelve_month_gate2:0.1.0,"pdf_page_index=87,table_index=logical8,row_index=20"
OBS-202512-00976,2025-12,976,6L of Valanchery bypass to Kappirikkad of NH 66 from km. 298500 to km 335850,National Highways Authority of India [NHAI],618600,-,-,Kerala,02/2021,01/2022,07/2024,03/2025,4023.94,4023.94,1348.96,98,"6L of Valanchery bypass to Kappirikkad of NH 66 from km. 298500 to km 335850
(National Highways Authority of India [NHAI])
(618600)","02/2021
(01/2022)","07/2024
(03/2025)","4023.94
(4023.94)",SRC-2025-12,07f56e5457c63192ae7b5b4036f975f7eb058a3364a25a87cdc6ce2369082401,87,86,All Ongoing Projects,6,pdfplumber_table,twelve_month_gate2:0.1.0,"pdf_page_index=87,table_index=logical8,row_index=21"
OBS-202512-00977,2025-12,977,"6L of Kappirikkad to Thalikulam section from km 335.85 to km 369.015 of NH - 66 old
NH-17",National Highways Authority of India [NHAI],618601,-,-,Kerala,06/2021,09/2022,01/2025,10/2025,4225.59,4225.59,646.6,85,"6L of Kappirikkad to Thalikulam section from km 335.85 to km 369.015 of NH - 66 old
NH-17
(National Highways Authority of India [NHAI])
(618601)","06/2021
(09/2022)","01/2025
(10/2025)","4225.59
(4225.59)",SRC-2025-12,07f56e5457c63192ae7b5b4036f975f7eb058a3364a25a87cdc6ce2369082401,87,86,All Ongoing Projects,6,pdfplumber_table,twelve_month_gate2:0.1.0,"pdf_page_index=87,table_index=logical8,row_index=22"
OBS-202512-00978,2025-12,978,"6L of Thalikulam to Kodugallur section from km 369.015 to km 397.850 of NH - 66 old
NH-17",National Highways Authority of India [NHAI],618602,-,-,Kerala,06/2021,09/2022,02/2025,11/2025,4302.06,4302.06,618.13,80,"6L of Thalikulam to Kodugallur section from km 369.015 to km 397.850 of NH - 66 old
NH-17
(National Highways Authority of India [NHAI])
(618602)","06/2021
(09/2022)","02/2025
(11/2025)","4302.06
(4302.06)",SRC-2025-12,07f56e5457c63192ae7b5b4036f975f7eb058a3364a25a87cdc6ce2369082401,88,87,All Ongoing Projects,6,pdfplumber_table,twelve_month_gate2:0.1.0,"pdf_page_index=88,table_index=logical8,row_index=1"
OBS-202512-00979,2025-12,979,"6L of Kodugallur to Edapppally section from km 397.750 to km 423.780 of NH - 66 old
NH-17",National Highways Authority of India [NHAI],618603,-,-,Kerala,11/2021,10/2022,04/2025,-,3465.82,3606.2,767.36,64,"6L of Kodugallur to Edapppally section from km 397.750 to km 423.780 of NH - 66 old
NH-17
(National Highways Authority of India [NHAI])
(618603)","11/2021
(10/2022)","04/2025
(-)","3465.82
(3606.2)",SRC-2025-12,07f56e5457c63192ae7b5b4036f975f7eb058a3364a25a87cdc6ce2369082401,88,87,All Ongoing Projects,6,pdfplumber_table,twelve_month_gate2:0.1.0,"pdf_page_index=88,table_index=logical8,row_index=2"
OBS-202512-00980,2025-12,980,Aroor-Thuravoor Thekku,National Highways Authority of India [NHAI],618604,-,-,Kerala,08/2022,02/2023,01/2026,-,2429.52,2382.83,1567.88,81,"Aroor-Thuravoor Thekku
(National Highways Authority of India [NHAI])
(618604)","08/2022
(02/2023)","01/2026
(-)","2429.52
(2382.83)",SRC-2025-12,07f56e5457c63192ae7b5b4036f975f7eb058a3364a25a87cdc6ce2369082401,88,87,All Ongoing Projects,6,pdfplumber_table,twelve_month_gate2:0.1.0,"pdf_page_index=88,table_index=logical8,row_index=3"
OBS-202512-00981,2025-12,981,Thuravoor Thekku-Paravoor,National Highways Authority of India [NHAI],618605,-,-,Kerala,09/2021,03/2022,09/2024,03/2026,2878.97,2638.67,1880.96,65,"Thuravoor Thekku-Paravoor
(National Highways Authority of India [NHAI])
(618605)","09/2021
(03/2022)","09/2024
(03/2026)","2878.97
(2638.67)",SRC-2025-12,07f56e5457c63192ae7b5b4036f975f7eb058a3364a25a87cdc6ce2369082401,88,87,All Ongoing Projects,6,pdfplumber_table,twelve_month_gate2:0.1.0,"pdf_page_index=88,table_index=logical8,row_index=4"
OBS-202512-00982,2025-12,982,Paravoor-Kottankulangara,National Highways Authority of India [NHAI],618606,-,-,Kerala,12/2021,08/2022,02/2025,-,3273.61,3200.24,1131.86,61,"Paravoor-Kottankulangara
(National Highways Authority of India [NHAI])
(618606)","12/2021
(08/2022)","02/2025
(-)","3273.61
(3200.24)",SRC-2025-12,07f56e5457c63192ae7b5b4036f975f7eb058a3364a25a87cdc6ce2369082401,88,87,All Ongoing Projects,6,pdfplumber_table,twelve_month_gate2:0.1.0,"pdf_page_index=88,table_index=logical8,row_index=5"
OBS-202512-00983,2025-12,983,Kottankulangara- Start of Kollam Bypass,National Highways Authority of India [NHAI],618607,-,-,Kerala,06/2021,04/2022,10/2024,-,2842.14,3680.49,684.52,73,"Kottankulangara- Start of Kollam Bypass
(National Highways Authority of India [NHAI])
(618607)","06/2021
(04/2022)","10/2024
(-)","2842.14
(3680.49)",SRC-2025-12,07f56e5457c63192ae7b5b4036f975f7eb058a3364a25a87cdc6ce2369082401,88,87,All Ongoing Projects,6,pdfplumber_table,twelve_month_gate2:0.1.0,"pdf_page_index=88,table_index=logical8,row_index=6"
OBS-202512-00984,2025-12,984,"Widening/Development of Existing NH-85 from Km 0.000 to Km 124.636 section to
2L/LPS section in the state of Kerala on EPC Mode under Bharatmala Pariyojana",National Highways Authority of India [NHAI],618708,-,-,Kerala,09/2022,06/2023,06/2025,-,1187.47,1265.47,545.52,50,"Widening/Development of Existing NH-85 from Km 0.000 to Km 124.636 section to
2L/LPS section in the state of Kerala on EPC Mode under Bharatmala Pariyojana
(National Highways Authority of India [NHAI])
(618708)","09/2022
(06/2023)","06/2025
(-)","1187.47
(1265.47)",SRC-2025-12,07f56e5457c63192ae7b5b4036f975f7eb058a3364a25a87cdc6ce2369082401,88,87,All Ongoing Projects,6,pdfplumber_table,twelve_month_gate2:0.1.0,"pdf_page_index=88,table_index=logical8,row_index=7"
OBS-202512-00985,2025-12,985,Kargil Zanskar Road,NHIDCL,618408,-,-,Ladakh,03/2021,07/2021,01/2023,03/2025,398.37,398.37,0,0,"Kargil Zanskar Road
(NHIDCL)
(618408)","03/2021
(07/2021)","01/2023
(03/2025)","398.37
(398.37)",SRC-2025-12,07f56e5457c63192ae7b5b4036f975f7eb058a3364a25a87cdc6ce2369082401,88,87,All Ongoing Projects,6,pdfplumber_table,twelve_month_gate2:0.1.0,"pdf_page_index=88,table_index=logical8,row_index=8"
OBS-202512-00986,2025-12,986,"Widening & Up-gradation to 2 lane with Paved shoulder of NH-301 Kargil- Zanskar
Road from Design km 57.000 Ex. Km. 57.905 to Km 87.000 Ex. Km. 88.2491 of
30.000 Km length Pkg-lll",NHIDCL,618409,-,-,Ladakh,03/2021,07/2021,01/2023,02/2025,381.01,381.01,0,0,"Widening & Up-gradation to 2 lane with Paved shoulder of NH-301 Kargil- Zanskar
Road from Design km 57.000 Ex. Km. 57.905 to Km 87.000 Ex. Km. 88.2491 of
30.000 Km length Pkg-lll
(NHIDCL)
(618409)","03/2021
(07/2021)","01/2023
(02/2025)","381.01
(381.01)",SRC-2025-12,07f56e5457c63192ae7b5b4036f975f7eb058a3364a25a87cdc6ce2369082401,88,87,All Ongoing Projects,6,pdfplumber_table,twelve_month_gate2:0.1.0,"pdf_page_index=88,table_index=logical8,row_index=9"
OBS-202512-00987,2025-12,987,"Widening & Up-gradation to 2 lane with paved shoulder of NH-301 Kargil- Zanskar
Road from Design Km .30.040 Ex. Km. 30.000 to Design Km 57.000 Ex. Km. 57.905
of 26.960 Km length Pkg-II",NHIDCL,618410,-,-,Ladakh,03/2021,07/2021,01/2023,12/2026,404.89,404.89,0,0,"Widening & Up-gradation to 2 lane with paved shoulder of NH-301 Kargil- Zanskar
Road from Design Km .30.040 Ex. Km. 30.000 to Design Km 57.000 Ex. Km. 57.905
of 26.960 Km length Pkg-II
(NHIDCL)
(618410)","03/2021
(07/2021)","01/2023
(12/2026)","404.89
(404.89)",SRC-2025-12,07f56e5457c63192ae7b5b4036f975f7eb058a3364a25a87cdc6ce2369082401,88,87,All Ongoing Projects,6,pdfplumber_table,twelve_month_gate2:0.1.0,"pdf_page_index=88,table_index=logical8,row_index=10"
OBS-202512-00988,2025-12,988,"Rehabilitation and upgradation Umaria to Shahdol section of NH-78 from Existing Km.
68/4 to Km. 142/2 to 2LPS including construction of Birshinghpur and Shahdol Bypass
on EPC mode under NHDP-IVA",MoRTH,617911,-,-,Madhya Pradesh,03/2015,08/2015,07/2017,07/2023,511.83,613.16,0,0,"Rehabilitation and upgradation Umaria to Shahdol section of NH-78 from Existing Km.
68/4 to Km. 142/2 to 2LPS including construction of Birshinghpur and Shahdol Bypass
on EPC mode under NHDP-IVA
(MoRTH)
(617911)","03/2015
(08/2015)","07/2017
(07/2023)","511.83
(613.16)",SRC-2025-12,07f56e5457c63192ae7b5b4036f975f7eb058a3364a25a87cdc6ce2369082401,88,87,All Ongoing Projects,6,pdfplumber_table,twelve_month_gate2:0.1.0,"pdf_page_index=88,table_index=logical8,row_index=11"
OBS-202512-00989,2025-12,989,"Upgradation of Dindori-Sagartola-kabichabutra MP-CG border section of NH -45 from
km 000Design to km 77.00 Design to Two lane with paved shoulder configration along
with one time improvement in 04 nos. of bypaased built-up areas in a total length of
9.1 km in the state of Madhya Pradesh on EPC mode.",MoRTH,617915,-,-,Madhya Pradesh,01/2022,09/2023,09/2025,-,329.14,319.09,0,0,"Upgradation of Dindori-Sagartola-kabichabutra MP-CG border section of NH -45 from
km 000Design to km 77.00 Design to Two lane with paved shoulder configration along
with one time improvement in 04 nos. of bypaased built-up areas in a total length of
9.1 km in the state of Madhya Pradesh on EPC mode.
(MoRTH)
(617915)","01/2022
(09/2023)","09/2025
(-)","329.14
(319.09)",SRC-2025-12,07f56e5457c63192ae7b5b4036f975f7eb058a3364a25a87cdc6ce2369082401,88,87,All Ongoing Projects,6,pdfplumber_table,twelve_month_gate2:0.1.0,"pdf_page_index=88,table_index=logical8,row_index=12"
OBS-202512-00990,2025-12,990,"Upgradation & widening of Jharkheda- Berasia - Dholkhedi from design km 0000 to
km 87900 Design length 87.90km of NH-346 including 3 nos. bypasses of 13.10 Km in
the State of Madhya Pradesh under EPC mode.",MoRTH,618019,-,-,Madhya Pradesh,03/2022,05/2023,05/2025,-,365.21,365.21,0,0,"Upgradation & widening of Jharkheda- Berasia - Dholkhedi from design km 0000 to
km 87900 Design length 87.90km of NH-346 including 3 nos. bypasses of 13.10 Km in
the State of Madhya Pradesh under EPC mode.
(MoRTH)
(618019)","03/2022
(05/2023)","05/2025
(-)","365.21
(365.21)",SRC-2025-12,07f56e5457c63192ae7b5b4036f975f7eb058a3364a25a87cdc6ce2369082401,88,87,All Ongoing Projects,6,pdfplumber_table,twelve_month_gate2:0.1.0,"pdf_page_index=88,table_index=logical8,row_index=13"
OBS-202512-00991,2025-12,991,"Rehabilitation & Upgradation of KurwaiMungaoliChanderi Road section of NH-346,
from Design Chainge 0.000 to 81.300 Km Total length 83.1 km to Two lane with paved
shoulder configuration along with One time improvement in 07 nos of bypassed built-
up areas in a total length of 22.615 km in the state of Madhya Pradesh on EPC mode.",MoRTH,618020,-,-,Madhya Pradesh,03/2022,02/2023,02/2025,07/2025,386.49,386.49,160.38,0,"Rehabilitation & Upgradation of KurwaiMungaoliChanderi Road section of NH-346,
from Design Chainge 0.000 to 81.300 Km Total length 83.1 km to Two lane with paved
shoulder configuration along with One time improvement in 07 nos of bypassed built-
up areas in a total length of 22.615 km in the state of Madhya Pradesh on EPC mode.
(MoRTH)
(618020)","03/2022
(02/2023)","02/2025
(07/2025)","386.49
(386.49)",SRC-2025-12,07f56e5457c63192ae7b5b4036f975f7eb058a3364a25a87cdc6ce2369082401,88,87,All Ongoing Projects,6,pdfplumber_table,twelve_month_gate2:0.1.0,"pdf_page_index=88,table_index=logical8,row_index=14"
OBS-202512-00992,2025-12,992,"Construction of Mihona bypass, Lahar bypass, Daboh bypass & Bhander Bypass total
length 20.60 km to 2-lane with paved shoulder from on Mihona-Bhander-MP/UP
border section of NH 552E in the State of Madhya Pradesh on EPC mode",MoRTH,618045,-,-,Madhya Pradesh,03/2022,06/2023,12/2024,-,179.18,179.18,71.77,67,"Construction of Mihona bypass, Lahar bypass, Daboh bypass & Bhander Bypass total
length 20.60 km to 2-lane with paved shoulder from on Mihona-Bhander-MP/UP
border section of NH 552E in the State of Madhya Pradesh on EPC mode
(MoRTH)
(618045)","03/2022
(06/2023)","12/2024
(-)","179.18
(179.18)",SRC-2025-12,07f56e5457c63192ae7b5b4036f975f7eb058a3364a25a87cdc6ce2369082401,88,87,All Ongoing Projects,6,pdfplumber_table,twelve_month_gate2:0.1.0,"pdf_page_index=88,table_index=logical8,row_index=15"
OBS-202512-00993,2025-12,993,"Construction of Kaithi-Padaria Kala bypass, Patna-Tamoli bypass, Jaso bypass and
Nagod bypass total length 15.44 Km to 2-lane with paved shoulders flexible pavement
on NH-943 in the State of Madhya Pradesh on EPC Mode.",MoRTH,618068,-,-,Madhya Pradesh,03/2022,10/2023,10/2025,-,158.36,158.36,0,0,"Construction of Kaithi-Padaria Kala bypass, Patna-Tamoli bypass, Jaso bypass and
Nagod bypass total length 15.44 Km to 2-lane with paved shoulders flexible pavement
on NH-943 in the State of Madhya Pradesh on EPC Mode.
(MoRTH)
(618068)","03/2022
(10/2023)","10/2025
(-)","158.36
(158.36)",SRC-2025-12,07f56e5457c63192ae7b5b4036f975f7eb058a3364a25a87cdc6ce2369082401,88,87,All Ongoing Projects,6,pdfplumber_table,twelve_month_gate2:0.1.0,"pdf_page_index=88,table_index=logical8,row_index=16"
OBS-202512-00994,2025-12,994,"Upgradation of Nasrullagani-Rehti-Budhni Scction to 2-lane with paved shoulder from
Km 0150 to Km 50500 of NH-146B in the state of Madhya Pradesh on EPC mode.",MoRTH,618085,-,-,Madhya Pradesh,12/2021,04/2023,10/2024,02/2025,305.12,293.74,0,0,"Upgradation of Nasrullagani-Rehti-Budhni Scction to 2-lane with paved shoulder from
Km 0150 to Km 50500 of NH-146B in the state of Madhya Pradesh on EPC mode.
(MoRTH)
(618085)","12/2021
(04/2023)","10/2024
(02/2025)","305.12
(293.74)",SRC-2025-12,07f56e5457c63192ae7b5b4036f975f7eb058a3364a25a87cdc6ce2369082401,88,87,All Ongoing Projects,6,pdfplumber_table,twelve_month_gate2:0.1.0,"pdf_page_index=88,table_index=logical8,row_index=17"
OBS-202512-00995,2025-12,995,Indore - Edlabad Pkg-II [Tejajinagar to Balwara],National Highways Authority of India [NHAI],618621,-,-,Madhya Pradesh,03/2022,01/2023,01/2025,-,1162.8,1530.82,484.47,79,"Indore - Edlabad Pkg-II [Tejajinagar to Balwara]
(National Highways Authority of India [NHAI])
(618621)","03/2022
(01/2023)","01/2025
(-)","1162.8
(1530.82)",SRC-2025-12,07f56e5457c63192ae7b5b4036f975f7eb058a3364a25a87cdc6ce2369082401,88,87,All Ongoing Projects,6,pdfplumber_table,twelve_month_gate2:0.1.0,"pdf_page_index=88,table_index=logical8,row_index=18"
OBS-202512-00996,2025-12,996,"4L of Indore - Boregaon Pkg-III [Balwara to Dhangaon] from km. 42.260 to km. 82.660
of NH347BG & 753L",National Highways Authority of India [NHAI],618622,-,-,Madhya Pradesh,01/2021,04/2022,04/2024,05/2025,1001.69,888.81,679.16,87,"4L of Indore - Boregaon Pkg-III [Balwara to Dhangaon] from km. 42.260 to km. 82.660
of NH347BG & 753L
(National Highways Authority of India [NHAI])
(618622)","01/2021
(04/2022)","04/2024
(05/2025)","1001.69
(888.81)",SRC-2025-12,07f56e5457c63192ae7b5b4036f975f7eb058a3364a25a87cdc6ce2369082401,88,87,All Ongoing Projects,6,pdfplumber_table,twelve_month_gate2:0.1.0,"pdf_page_index=88,table_index=logical8,row_index=19"
OBS-202512-00997,2025-12,997,4L Greenfield Rudhi to Deshgaon Pkg V of Betul-Khandwa/Deshgaon,National Highways Authority of India [NHAI],618654,-,-,Madhya Pradesh,11/2022,10/2023,10/2025,03/2026,521.21,469.68,162.85,59,"4L Greenfield Rudhi to Deshgaon Pkg V of Betul-Khandwa/Deshgaon
(National Highways Authority of India [NHAI])
(618654)","11/2022
(10/2023)","10/2025
(03/2026)","521.21
(469.68)",SRC-2025-12,07f56e5457c63192ae7b5b4036f975f7eb058a3364a25a87cdc6ce2369082401,88,87,All Ongoing Projects,6,pdfplumber_table,twelve_month_gate2:0.1.0,"pdf_page_index=88,table_index=logical8,row_index=20"
OBS-202512-00998,2025-12,998,"i 4L Vidisha to Hinotiya from km 0.000 to Km 27.000 Vidisha Mehulwa-Talbehat Pkg-
I Section of NH- 346 and ii 4L Vidisha to Morikori from Km 39.000 to 59.476 section of
NH-146",National Highways Authority of India [NHAI],618663,-,-,Madhya Pradesh,09/2022,12/2023,12/2025,05/2026,1003.87,941.12,305.39,70,"i 4L Vidisha to Hinotiya from km 0.000 to Km 27.000 Vidisha Mehulwa-Talbehat Pkg-
I Section of NH- 346 and ii 4L Vidisha to Morikori from Km 39.000 to 59.476 section of
NH-146
(National Highways Authority of India [NHAI])
(618663)","09/2022
(12/2023)","12/2025
(05/2026)","1003.87
(941.12)",SRC-2025-12,07f56e5457c63192ae7b5b4036f975f7eb058a3364a25a87cdc6ce2369082401,88,87,All Ongoing Projects,6,pdfplumber_table,twelve_month_gate2:0.1.0,"pdf_page_index=88,table_index=logical8,row_index=21"
OBS-202512-00999,2025-12,999,Berkhedi to Godpehra on NH-44 Sagar link road,National Highways Authority of India [NHAI],618664,-,-,Madhya Pradesh,02/2022,11/2022,11/2024,08/2025,524.84,471.31,292.9,0,"Berkhedi to Godpehra on NH-44 Sagar link road
(National Highways Authority of India [NHAI])
(618664)","02/2022
(11/2022)","11/2024
(08/2025)","524.84
(471.31)",SRC-2025-12,07f56e5457c63192ae7b5b4036f975f7eb058a3364a25a87cdc6ce2369082401,88,87,All Ongoing Projects,6,pdfplumber_table,twelve_month_gate2:0.1.0,"pdf_page_index=88,table_index=logical8,row_index=22"
OBS-202512-01000,2025-12,1000,4L of Sagar - Mohari from Km.8 to Km.50 Pkg-I,National Highways Authority of India [NHAI],618665,-,-,Madhya Pradesh,03/2021,04/2022,04/2024,-,790.78,660.38,411.38,75,"4L of Sagar - Mohari from Km.8 to Km.50 Pkg-I
(National Highways Authority of India [NHAI])
(618665)","03/2021
(04/2022)","04/2024
(-)","790.78
(660.38)",SRC-2025-12,07f56e5457c63192ae7b5b4036f975f7eb058a3364a25a87cdc6ce2369082401,88,87,All Ongoing Projects,6,pdfplumber_table,twelve_month_gate2:0.1.0,"pdf_page_index=88,table_index=logical8,row_index=23"
OBS-202512-01001,2025-12,1001,Indore - Harda Pkg-I [Indore to Raghav Garh from km. 0.25 to km. 26.903],National Highways Authority of India [NHAI],618694,-,-,Madhya Pradesh,01/2022,11/2022,10/2024,07/2025,1011.29,813.03,326.05,73,"Indore - Harda Pkg-I [Indore to Raghav Garh from km. 0.25 to km. 26.903]
(National Highways Authority of India [NHAI])
(618694)","01/2022
(11/2022)","10/2024
(07/2025)","1011.29
(813.03)",SRC-2025-12,07f56e5457c63192ae7b5b4036f975f7eb058a3364a25a87cdc6ce2369082401,89,88,All Ongoing Projects,6,pdfplumber_table,twelve_month_gate2:0.1.0,"pdf_page_index=89,table_index=logical8,row_index=3"
OBS-202512-01002,2025-12,1002,Indore - Harda Pkg-III [Nanasa to Pidgaon Section from km 95.000 to km 142.445],National Highways Authority of India [NHAI],618695,-,-,Madhya Pradesh,01/2020,10/2021,10/2023,-,1146.22,1240.64,386.74,78,"Indore - Harda Pkg-III [Nanasa to Pidgaon Section from km 95.000 to km 142.445]
(National Highways Authority of India [NHAI])
(618695)","01/2020
(10/2021)","10/2023
(-)","1146.22
(1240.64)",SRC-2025-12,07f56e5457c63192ae7b5b4036f975f7eb058a3364a25a87cdc6ce2369082401,89,88,All Ongoing Projects,6,pdfplumber_table,twelve_month_gate2:0.1.0,"pdf_page_index=89,table_index=logical8,row_index=4"
OBS-202512-01003,2025-12,1003,"Balance work of 4L of Nauradehi Sanctuary de-scoped stretch of Hiran River to
Sindoor River from Km. 66.00 to 130.00 NH-12 New NH-45",National Highways Authority of India [NHAI],618701,-,-,Madhya Pradesh,01/2021,07/2021,07/2023,04/2024,178.18,153.15,142.2,57,"Balance work of 4L of Nauradehi Sanctuary de-scoped stretch of Hiran River to
Sindoor River from Km. 66.00 to 130.00 NH-12 New NH-45
(National Highways Authority of India [NHAI])
(618701)","01/2021
(07/2021)","07/2023
(04/2024)","178.18
(153.15)",SRC-2025-12,07f56e5457c63192ae7b5b4036f975f7eb058a3364a25a87cdc6ce2369082401,89,88,All Ongoing Projects,6,pdfplumber_table,twelve_month_gate2:0.1.0,"pdf_page_index=89,table_index=logical8,row_index=5"
OBS-202512-01004,2025-12,1004,"4L of Chandesara to Khedakhajuriya from Km. 0.000 to - 750 & Km 0.000 to km
41.400 of NH-148NG Pkg-I",National Highways Authority of India [NHAI],618735,-,-,Madhya Pradesh,12/2021,09/2022,05/2024,12/2024,909.84,976.55,399.02,99,"4L of Chandesara to Khedakhajuriya from Km. 0.000 to - 750 & Km 0.000 to km
41.400 of NH-148NG Pkg-I
(National Highways Authority of India [NHAI])
(618735)","12/2021
(09/2022)","05/2024
(12/2024)","909.84
(976.55)",SRC-2025-12,07f56e5457c63192ae7b5b4036f975f7eb058a3364a25a87cdc6ce2369082401,89,88,All Ongoing Projects,6,pdfplumber_table,twelve_month_gate2:0.1.0,"pdf_page_index=89,table_index=logical8,row_index=6"
OBS-202512-01005,2025-12,1005,"2L PS of Hinotiya-Mehulwa section of NH-346 from Km. 27.000 to Km 75.700 Vidisha
Mehulwa-Talbehat Pkg-II Section of NH- 346",National Highways Authority of India [NHAI],618751,-,-,Madhya Pradesh,10/2022,09/2023,09/2025,04/2026,581.65,592.71,182.7,55,"2L PS of Hinotiya-Mehulwa section of NH-346 from Km. 27.000 to Km 75.700 Vidisha
Mehulwa-Talbehat Pkg-II Section of NH- 346
(National Highways Authority of India [NHAI])
(618751)","10/2022
(09/2023)","09/2025
(04/2026)","581.65
(592.71)",SRC-2025-12,07f56e5457c63192ae7b5b4036f975f7eb058a3364a25a87cdc6ce2369082401,89,88,All Ongoing Projects,6,pdfplumber_table,twelve_month_gate2:0.1.0,"pdf_page_index=89,table_index=logical8,row_index=7"
OBS-202512-01006,2025-12,1006,"Construction of 4 Lane Flyover at Nagpur RTO Chowk To Nagpur University Campus
from Ch 2/250 to 5/100 and 4 lane flyover at wadi/midc junction from km 8/360 to km,
10/300 on NH 53 in state of Maharashtra.",MoRTH,617917,-,-,Maharashtra,03/2021,03/2022,03/2024,04/2025,478.83,490.52,0,95,"Construction of 4 Lane Flyover at Nagpur RTO Chowk To Nagpur University Campus
from Ch 2/250 to 5/100 and 4 lane flyover at wadi/midc junction from km 8/360 to km,
10/300 on NH 53 in state of Maharashtra.
(MoRTH)
(617917)","03/2021
(03/2022)","03/2024
(04/2025)","478.83
(490.52)",SRC-2025-12,07f56e5457c63192ae7b5b4036f975f7eb058a3364a25a87cdc6ce2369082401,89,88,All Ongoing Projects,6,pdfplumber_table,twelve_month_gate2:0.1.0,"pdf_page_index=89,table_index=logical8,row_index=8"
OBS-202512-01007,2025-12,1007,"Construction of New Four Lane Bypass to Parbhani City Parwa to Asola Km 463/265
to Km 481/180 Design Ch. 19220 to Ch. 34434 Length-15.214 Km section of NH-61
on EPC mode in the State of Maharashtra.",MoRTH,617932,-,-,Maharashtra,03/2022,07/2023,10/2024,05/2025,496.64,496.64,0,60,"Construction of New Four Lane Bypass to Parbhani City Parwa to Asola Km 463/265
to Km 481/180 Design Ch. 19220 to Ch. 34434 Length-15.214 Km section of NH-61
on EPC mode in the State of Maharashtra.
(MoRTH)
(617932)","03/2022
(07/2023)","10/2024
(05/2025)","496.64
(496.64)",SRC-2025-12,07f56e5457c63192ae7b5b4036f975f7eb058a3364a25a87cdc6ce2369082401,89,88,All Ongoing Projects,6,pdfplumber_table,twelve_month_gate2:0.1.0,"pdf_page_index=89,table_index=logical8,row_index=9"
OBS-202512-01008,2025-12,1008,"Up-gradation to four lane/ Two lane with paved shoulders configuration of Kalyan -
Murbad - Malshej Ghat - Nirmal Road NH- 61 km 15/200 to Km 38/00 and from Km.
58/00 to Km 84/00 Design length 48.58 km of NH-61 on EPC Mode in Thane District
in the state of Maharashtra",MoRTH,617933,-,-,Maharashtra,02/2023,03/2024,08/2026,-,984.07,984.07,0,74,"Up-gradation to four lane/ Two lane with paved shoulders configuration of Kalyan -
Murbad - Malshej Ghat - Nirmal Road NH- 61 km 15/200 to Km 38/00 and from Km.
58/00 to Km 84/00 Design length 48.58 km of NH-61 on EPC Mode in Thane District
in the state of Maharashtra
(MoRTH)
(617933)","02/2023
(03/2024)","08/2026
(-)","984.07
(984.07)",SRC-2025-12,07f56e5457c63192ae7b5b4036f975f7eb058a3364a25a87cdc6ce2369082401,89,88,All Ongoing Projects,6,pdfplumber_table,twelve_month_gate2:0.1.0,"pdf_page_index=89,table_index=logical8,row_index=10"
OBS-202512-01009,2025-12,1009,Nasratpur to Barasgaon section of NH-61 2L / 4L PS from Km.514/00 to 558/200,MoRTH,617934,-,-,Maharashtra,07/2017,09/2017,09/2019,12/2020,406.54,406.54,0,95,"Nasratpur to Barasgaon section of NH-61 2L / 4L PS from Km.514/00 to 558/200
(MoRTH)
(617934)","07/2017
(09/2017)","09/2019
(12/2020)","406.54
(406.54)",SRC-2025-12,07f56e5457c63192ae7b5b4036f975f7eb058a3364a25a87cdc6ce2369082401,89,88,All Ongoing Projects,6,pdfplumber_table,twelve_month_gate2:0.1.0,"pdf_page_index=89,table_index=logical8,row_index=11"
OBS-202512-01010,2025-12,1010,"Kashedi ghat tunnel NH-66 [Bhogaon Khurd - Kashedi section] 4 lanes under NHDP
on EPC mode",MoRTH,617944,-,-,Maharashtra,09/2018,10/2018,04/2021,04/2021,680.43,701.46,0,98,"Kashedi ghat tunnel NH-66 [Bhogaon Khurd - Kashedi section] 4 lanes under NHDP
on EPC mode
(MoRTH)
(617944)","09/2018
(10/2018)","04/2021
(04/2021)","680.43
(701.46)",SRC-2025-12,07f56e5457c63192ae7b5b4036f975f7eb058a3364a25a87cdc6ce2369082401,89,88,All Ongoing Projects,6,pdfplumber_table,twelve_month_gate2:0.1.0,"pdf_page_index=89,table_index=logical8,row_index=12"
OBS-202512-01011,2025-12,1011,Arawali Kante section of NH-17New NH-66 4L PS from Km.241/300 to 281/300,MoRTH,617947,-,-,Maharashtra,03/2016,11/2017,11/2019,02/2024,1006.99,1443.09,0,0,"Arawali Kante section of NH-17New NH-66 4L PS from Km.241/300 to 281/300
(MoRTH)
(617947)","03/2016
(11/2017)","11/2019
(02/2024)","1006.99
(1443.09)",SRC-2025-12,07f56e5457c63192ae7b5b4036f975f7eb058a3364a25a87cdc6ce2369082401,89,88,All Ongoing Projects,6,pdfplumber_table,twelve_month_gate2:0.1.0,"pdf_page_index=89,table_index=logical8,row_index=13"
OBS-202512-01012,2025-12,1012,Kante - Wakad section of NH-66 4L PS from Km.281/300 to 332/200,MoRTH,617948,-,-,Maharashtra,03/2016,11/2017,11/2019,03/2023,1117.75,2020.56,171.12,90,"Kante - Wakad section of NH-66 4L PS from Km.281/300 to 332/200
(MoRTH)
(617948)","03/2016
(11/2017)","11/2019
(03/2023)","1117.75
(2020.56)",SRC-2025-12,07f56e5457c63192ae7b5b4036f975f7eb058a3364a25a87cdc6ce2369082401,89,88,All Ongoing Projects,6,pdfplumber_table,twelve_month_gate2:0.1.0,"pdf_page_index=89,table_index=logical8,row_index=14"
OBS-202512-01013,2025-12,1013,Kopargaon to Savali Vihir section,MoRTH,617965,-,-,Maharashtra,06/2022,01/2023,07/2024,09/2025,195.38,195.38,0,77,"Kopargaon to Savali Vihir section
(MoRTH)
(617965)","06/2022
(01/2023)","07/2024
(09/2025)","195.38
(195.38)",SRC-2025-12,07f56e5457c63192ae7b5b4036f975f7eb058a3364a25a87cdc6ce2369082401,89,88,All Ongoing Projects,6,pdfplumber_table,twelve_month_gate2:0.1.0,"pdf_page_index=89,table_index=logical8,row_index=15"
OBS-202512-01014,2025-12,1014,"Rehabilitation/ Upgradation of existing Highway to four lane standards in Kurkheda
town from km.413257 to km 410775, Two lane in Shankarpur Gurnuli km 42400 to km
43100 section and Reconstruction of Major Bridge at Ch. 448558 Bhuti Nallah and Ch.
411695 Sati River bridge, Minor Bridge at Ch. 411477 and Ch. 405800 Lendhari
Bridge of NH 543 Bhamhapuri-wadsa-kurkheda-korchi-Deori-Amgaon road on EPC
mode in the State of Maharashtra",MoRTH,618042,-,-,Maharashtra,03/2022,11/2023,05/2025,-,163.86,163.86,0,33,"Rehabilitation/ Upgradation of existing Highway to four lane standards in Kurkheda
town from km.413257 to km 410775, Two lane in Shankarpur Gurnuli km 42400 to km
43100 section and Reconstruction of Major Bridge at Ch. 448558 Bhuti Nallah and Ch.
411695 Sati River bridge, Minor Bridge at Ch. 411477 and Ch. 405800 Lendhari
Bridge of NH 543 Bhamhapuri-wadsa-kurkheda-korchi-Deori-Amgaon road on EPC
mode in the State of Maharashtra
(MoRTH)
(618042)","03/2022
(11/2023)","05/2025
(-)","163.86
(163.86)",SRC-2025-12,07f56e5457c63192ae7b5b4036f975f7eb058a3364a25a87cdc6ce2369082401,89,88,All Ongoing Projects,6,pdfplumber_table,twelve_month_gate2:0.1.0,"pdf_page_index=89,table_index=logical8,row_index=16"
OBS-202512-01015,2025-12,1015,"Rehabilitation & Up-gradation of Sabalkhed to Ashti Section from Km 37900 to Km
55100 & Chinchpur to Jamkhed Section from km 70000 to km 72922 of NH-561 to
Two lane with Paved shoulder/ Four lane configuration in the State of Maharashtra on
EPC Mode Length20.122km.",MoRTH,618046,-,-,Maharashtra,03/2022,04/2023,09/2024,-,213.33,213.33,0,95,"Rehabilitation & Up-gradation of Sabalkhed to Ashti Section from Km 37900 to Km
55100 & Chinchpur to Jamkhed Section from km 70000 to km 72922 of NH-561 to
Two lane with Paved shoulder/ Four lane configuration in the State of Maharashtra on
EPC Mode Length20.122km.
(MoRTH)
(618046)","03/2022
(04/2023)","09/2024
(-)","213.33
(213.33)",SRC-2025-12,07f56e5457c63192ae7b5b4036f975f7eb058a3364a25a87cdc6ce2369082401,89,88,All Ongoing Projects,6,pdfplumber_table,twelve_month_gate2:0.1.0,"pdf_page_index=89,table_index=logical8,row_index=17"
OBS-202512-01016,2025-12,1016,"Construction of four-lane Concrete Road from Police Headquarter Gondia City to
Rawanwadi Village Birsi Airport Junction from design km 0.000 to km 15.781 existing
km 39/720 of NH-753 to existing Km 8/400 of NH 543 on sections from Kohmara-
Goregaon- Police HeadquarterKaranja - Collector Office Square - Balaghat T Point-
Rawanwadi- Rajegaon of NH-753 and NH-543 in Gondia District in the state of
Maharashtra. Total Length of the project 15.781 Km.",MoRTH,618059,-,-,Maharashtra,02/2023,02/2024,08/2025,-,328.11,328.11,0,34,"Construction of four-lane Concrete Road from Police Headquarter Gondia City to
Rawanwadi Village Birsi Airport Junction from design km 0.000 to km 15.781 existing
km 39/720 of NH-753 to existing Km 8/400 of NH 543 on sections from Kohmara-
Goregaon- Police HeadquarterKaranja - Collector Office Square - Balaghat T Point-
Rawanwadi- Rajegaon of NH-753 and NH-543 in Gondia District in the state of
Maharashtra. Total Length of the project 15.781 Km.
(MoRTH)
(618059)","02/2023
(02/2024)","08/2025
(-)","328.11
(328.11)",SRC-2025-12,07f56e5457c63192ae7b5b4036f975f7eb058a3364a25a87cdc6ce2369082401,89,88,All Ongoing Projects,6,pdfplumber_table,twelve_month_gate2:0.1.0,"pdf_page_index=89,table_index=logical8,row_index=18"
OBS-202512-01017,2025-12,1017,"Rehabilitation/Upgradation of existing Highway to 2LPS/4 lane of Dhawali to Rajoli
from Design Km.149476 to 163476 existing Km.150000 to 164000, Pandhasala to
Mohadongri from design Km.170476 to 181476 existing Km.171000 to 182000,
Ambeshivni Fata to Bodli from design Km.183476 to 185476 existing Km.184000 to
186000 and Made Tukum to Gadchiroli from design Km.188476 to 189476 existing
Km.188000 to 18900 having length 28 km of NH-930 of Dhawali to Gadchroli road in
the",MoRTH,618065,-,-,Maharashtra,03/2022,03/2024,09/2025,-,316.44,316.44,0,25,"Rehabilitation/Upgradation of existing Highway to 2LPS/4 lane of Dhawali to Rajoli
from Design Km.149476 to 163476 existing Km.150000 to 164000, Pandhasala to
Mohadongri from design Km.170476 to 181476 existing Km.171000 to 182000,
Ambeshivni Fata to Bodli from design Km.183476 to 185476 existing Km.184000 to
186000 and Made Tukum to Gadchiroli from design Km.188476 to 189476 existing
Km.188000 to 18900 having length 28 km of NH-930 of Dhawali to Gadchroli road in
the
(MoRTH)
(618065)","03/2022
(03/2024)","09/2025
(-)","316.44
(316.44)",SRC-2025-12,07f56e5457c63192ae7b5b4036f975f7eb058a3364a25a87cdc6ce2369082401,89,88,All Ongoing Projects,6,pdfplumber_table,twelve_month_gate2:0.1.0,"pdf_page_index=89,table_index=logical8,row_index=19"
OBS-202512-01018,2025-12,1018,"Rehabilitation & Up-gradation of Mudkhed to Nanded section from Km. 372000 to Km
388400 of NH 161A i.e. Nanded-Bhokar-Himayatnagar-Kinwat-Mahur-Arani Road
Design chainage from Km 372000 Mudkhed to Km 387650 Nanded of NH 161A
Length 15.65 Km to 2/4Lane with paved shoulders configuration in the State of
Maharashtra on EPC mode.",MoRTH,618089,-,-,Maharashtra,03/2022,04/2023,04/2025,04/2025,206.54,206.54,0,63,"Rehabilitation & Up-gradation of Mudkhed to Nanded section from Km. 372000 to Km
388400 of NH 161A i.e. Nanded-Bhokar-Himayatnagar-Kinwat-Mahur-Arani Road
Design chainage from Km 372000 Mudkhed to Km 387650 Nanded of NH 161A
Length 15.65 Km to 2/4Lane with paved shoulders configuration in the State of
Maharashtra on EPC mode.
(MoRTH)
(618089)","03/2022
(04/2023)","04/2025
(04/2025)","206.54
(206.54)",SRC-2025-12,07f56e5457c63192ae7b5b4036f975f7eb058a3364a25a87cdc6ce2369082401,89,88,All Ongoing Projects,6,pdfplumber_table,twelve_month_gate2:0.1.0,"pdf_page_index=89,table_index=logical8,row_index=20"
OBS-202512-01019,2025-12,1019,Sarsam - Kothari of NH-161A - 2L PS from Km.33/00 to 90/00,MoRTH,618090,-,-,Maharashtra,02/2017,06/2017,06/2019,10/2022,545.64,545.64,0,97,"Sarsam - Kothari of NH-161A - 2L PS from Km.33/00 to 90/00
(MoRTH)
(618090)","02/2017
(06/2017)","06/2019
(10/2022)","545.64
(545.64)",SRC-2025-12,07f56e5457c63192ae7b5b4036f975f7eb058a3364a25a87cdc6ce2369082401,89,88,All Ongoing Projects,6,pdfplumber_table,twelve_month_gate2:0.1.0,"pdf_page_index=89,table_index=logical8,row_index=21"
OBS-202512-01020,2025-12,1020,Pen to Khopoli 2LPS,MoRTH,618094,-,-,Maharashtra,03/2018,06/2018,12/2019,10/2022,369.39,369.39,143.65,86,"Pen to Khopoli 2LPS
(MoRTH)
(618094)","03/2018
(06/2018)","12/2019
(10/2022)","369.39
(369.39)",SRC-2025-12,07f56e5457c63192ae7b5b4036f975f7eb058a3364a25a87cdc6ce2369082401,89,88,All Ongoing Projects,6,pdfplumber_table,twelve_month_gate2:0.1.0,"pdf_page_index=89,table_index=logical8,row_index=22"
OBS-202512-01021,2025-12,1021,"Guhagar - Rampur - 2L-PS - km 0/00 Guhagar to 26/230 Rampur and 40/00 Mirjoli to
53/600 Sati on NH-166E",MoRTH,618097,-,-,Maharashtra,01/2017,06/2017,06/2019,09/2022,407.2,407.2,0,91,"Guhagar - Rampur - 2L-PS - km 0/00 Guhagar to 26/230 Rampur and 40/00 Mirjoli to
53/600 Sati on NH-166E
(MoRTH)
(618097)","01/2017
(06/2017)","06/2019
(09/2022)","407.2
(407.2)",SRC-2025-12,07f56e5457c63192ae7b5b4036f975f7eb058a3364a25a87cdc6ce2369082401,89,88,All Ongoing Projects,6,pdfplumber_table,twelve_month_gate2:0.1.0,"pdf_page_index=89,table_index=logical8,row_index=23"
OBS-202512-01022,2025-12,1022,"Upgradation of exhisting 2 lane flexible pavement to 2 lane paved shoulders rigid
pavement from design chainage Km 66.00 to Design Km 82.440 Start of Kolhapur
Municipal corporation near Phulewadi to kale, design length 16.440 Km section on
Talere Gaganbawada-Kolhapur road NH 166G in the state of Maharashtra on EPC
mode",MoRTH,618098,-,-,Maharashtra,03/2021,11/2022,05/2024,05/2025,167.97,167.97,0,83,"Upgradation of exhisting 2 lane flexible pavement to 2 lane paved shoulders rigid
pavement from design chainage Km 66.00 to Design Km 82.440 Start of Kolhapur
Municipal corporation near Phulewadi to kale, design length 16.440 Km section on
Talere Gaganbawada-Kolhapur road NH 166G in the state of Maharashtra on EPC
mode
(MoRTH)
(618098)","03/2021
(11/2022)","05/2024
(05/2025)","167.97
(167.97)",SRC-2025-12,07f56e5457c63192ae7b5b4036f975f7eb058a3364a25a87cdc6ce2369082401,90,89,All Ongoing Projects,6,pdfplumber_table,twelve_month_gate2:0.1.0,"pdf_page_index=90,table_index=logical8,row_index=1"
OBS-202512-01023,2025-12,1023,"Strengthening and Widening of road Sakoli- Wadsa-Armori-Gadchiroli-Ashti- Allapalli -
Sironcha National highway NH 353C in Km 262/00 to 321/00 including 16 minor
Bridges and 2 Major Bridge Total length 59 Km section from repanpalli to sironcha in
Gadchiroli Dist in the State of Maharashtra.",MoRTH,618133,-,-,Maharashtra,03/2021,06/2022,05/2024,07/2025,280.57,280.57,0,0,"Strengthening and Widening of road Sakoli- Wadsa-Armori-Gadchiroli-Ashti- Allapalli -
Sironcha National highway NH 353C in Km 262/00 to 321/00 including 16 minor
Bridges and 2 Major Bridge Total length 59 Km section from repanpalli to sironcha in
Gadchiroli Dist in the State of Maharashtra.
(MoRTH)
(618133)","03/2021
(06/2022)","05/2024
(07/2025)","280.57
(280.57)",SRC-2025-12,07f56e5457c63192ae7b5b4036f975f7eb058a3364a25a87cdc6ce2369082401,90,89,All Ongoing Projects,6,pdfplumber_table,twelve_month_gate2:0.1.0,"pdf_page_index=90,table_index=logical8,row_index=2"
OBS-202512-01024,2025-12,1024,"Upgradatiobn and Rehabilitation of Section of NH 361 F from Parli 00/000 to
Gangakhed 30/400 to Two Lanes with paved shoulder / Four lane configurations on
EPC mode in the State of Maharashtra.",MoRTH,618136,-,-,Maharashtra,03/2021,02/2022,09/2023,08/2024,224.44,224.44,0,87,"Upgradatiobn and Rehabilitation of Section of NH 361 F from Parli 00/000 to
Gangakhed 30/400 to Two Lanes with paved shoulder / Four lane configurations on
EPC mode in the State of Maharashtra.
(MoRTH)
(618136)","03/2021
(02/2022)","09/2023
(08/2024)","224.44
(224.44)",SRC-2025-12,07f56e5457c63192ae7b5b4036f975f7eb058a3364a25a87cdc6ce2369082401,90,89,All Ongoing Projects,6,pdfplumber_table,twelve_month_gate2:0.1.0,"pdf_page_index=90,table_index=logical8,row_index=3"
OBS-202512-01025,2025-12,1025,Mhaswad to Tembhurni section of NH-548C - 2L PS,MoRTH,618152,-,-,Maharashtra,01/2017,08/2017,07/2019,07/2019,488.6,488.6,0,96,"Mhaswad to Tembhurni section of NH-548C - 2L PS
(MoRTH)
(618152)","01/2017
(08/2017)","07/2019
(07/2019)","488.6
(488.6)",SRC-2025-12,07f56e5457c63192ae7b5b4036f975f7eb058a3364a25a87cdc6ce2369082401,90,89,All Ongoing Projects,6,pdfplumber_table,twelve_month_gate2:0.1.0,"pdf_page_index=90,table_index=logical8,row_index=4"
OBS-202512-01026,2025-12,1026,Satara to Mhaswad,MoRTH,618153,-,-,Maharashtra,01/2017,08/2017,08/2019,-,653.46,653.46,0,98,"Satara to Mhaswad
(MoRTH)
(618153)","01/2017
(08/2017)","08/2019
(-)","653.46
(653.46)",SRC-2025-12,07f56e5457c63192ae7b5b4036f975f7eb058a3364a25a87cdc6ce2369082401,90,89,All Ongoing Projects,6,pdfplumber_table,twelve_month_gate2:0.1.0,"pdf_page_index=90,table_index=logical8,row_index=5"
OBS-202512-01027,2025-12,1027,"Rehabilitation & upgradation of Jamkhed to Sautada Section of NH548 D from km
195.375 to km 208.774, Length 13.399 Km to 2L PS /4L configuration with rigid
pavement in the state of Maharashtra on EPC mode.",MoRTH,618154,-,-,Maharashtra,03/2022,01/2023,07/2024,-,157.62,157.62,0,62,"Rehabilitation & upgradation of Jamkhed to Sautada Section of NH548 D from km
195.375 to km 208.774, Length 13.399 Km to 2L PS /4L configuration with rigid
pavement in the state of Maharashtra on EPC mode.
(MoRTH)
(618154)","03/2022
(01/2023)","07/2024
(-)","157.62
(157.62)",SRC-2025-12,07f56e5457c63192ae7b5b4036f975f7eb058a3364a25a87cdc6ce2369082401,90,89,All Ongoing Projects,6,pdfplumber_table,twelve_month_gate2:0.1.0,"pdf_page_index=90,table_index=logical8,row_index=6"
OBS-202512-01028,2025-12,1028,Paithan - Shirur section 2LPS Km 0.0 to 55.00,MoRTH,618172,-,-,Maharashtra,03/2017,06/2017,06/2019,03/2022,341.8,341.8,0,80,"Paithan - Shirur section 2LPS Km 0.0 to 55.00
(MoRTH)
(618172)","03/2017
(06/2017)","06/2019
(03/2022)","341.8
(341.8)",SRC-2025-12,07f56e5457c63192ae7b5b4036f975f7eb058a3364a25a87cdc6ce2369082401,90,89,All Ongoing Projects,6,pdfplumber_table,twelve_month_gate2:0.1.0,"pdf_page_index=90,table_index=logical8,row_index=7"
OBS-202512-01029,2025-12,1029,Shirur-Kharda section from 55937 km to 114486 km to 2LPS/4L,MoRTH,618173,-,-,Maharashtra,02/2017,06/2017,06/2019,03/2022,381.77,381.77,0,83,"Shirur-Kharda section from 55937 km to 114486 km to 2LPS/4L
(MoRTH)
(618173)","02/2017
(06/2017)","06/2019
(03/2022)","381.77
(381.77)",SRC-2025-12,07f56e5457c63192ae7b5b4036f975f7eb058a3364a25a87cdc6ce2369082401,90,89,All Ongoing Projects,6,pdfplumber_table,twelve_month_gate2:0.1.0,"pdf_page_index=90,table_index=logical8,row_index=8"
OBS-202512-01030,2025-12,1030,"Rehabilitation and Upgradation of Satana to Mangrul Chandwad Section of NH752 G
Design Ch Km 64.000 to Ch Km 101.140 two lane with paved shoulder/four lane
configuration in the state of Maharashtra on EPC mode.",MoRTH,618175,-,-,Maharashtra,03/2022,05/2023,05/2025,-,428.8,428.8,0,62,"Rehabilitation and Upgradation of Satana to Mangrul Chandwad Section of NH752 G
Design Ch Km 64.000 to Ch Km 101.140 two lane with paved shoulder/four lane
configuration in the state of Maharashtra on EPC mode.
(MoRTH)
(618175)","03/2022
(05/2023)","05/2025
(-)","428.8
(428.8)",SRC-2025-12,07f56e5457c63192ae7b5b4036f975f7eb058a3364a25a87cdc6ce2369082401,90,89,All Ongoing Projects,6,pdfplumber_table,twelve_month_gate2:0.1.0,"pdf_page_index=90,table_index=logical8,row_index=9"
OBS-202512-01031,2025-12,1031,Pal Phata Phulambri - Khultabad 2LPS,MoRTH,618177,-,-,Maharashtra,03/2018,06/2018,12/2019,06/2021,227.19,227.19,0,99,"Pal Phata Phulambri - Khultabad 2LPS
(MoRTH)
(618177)","03/2018
(06/2018)","12/2019
(06/2021)","227.19
(227.19)",SRC-2025-12,07f56e5457c63192ae7b5b4036f975f7eb058a3364a25a87cdc6ce2369082401,90,89,All Ongoing Projects,6,pdfplumber_table,twelve_month_gate2:0.1.0,"pdf_page_index=90,table_index=logical8,row_index=10"
OBS-202512-01032,2025-12,1032,Pune raigarh District Border To Mangaon Ch 69000 to 103775 NH-753F,MoRTH,618180,-,-,Maharashtra,03/2018,06/2018,12/2019,-,223.46,223.46,0,89,"Pune raigarh District Border To Mangaon Ch 69000 to 103775 NH-753F
(MoRTH)
(618180)","03/2018
(06/2018)","12/2019
(-)","223.46
(223.46)",SRC-2025-12,07f56e5457c63192ae7b5b4036f975f7eb058a3364a25a87cdc6ce2369082401,90,89,All Ongoing Projects,6,pdfplumber_table,twelve_month_gate2:0.1.0,"pdf_page_index=90,table_index=logical8,row_index=11"
OBS-202512-01033,2025-12,1033,"Rehabilitation / Upgradation to 4 Lane with Paved shoulder of Existing Section in
Sillod Town with Design Ch. Km54500 to Km 60679 [Length6.179 km] section of NH
753F Aurangabad-Jalgaon road on EPC Mode in the State of Maharashtra",MoRTH,618181,-,-,Maharashtra,03/2023,01/2024,07/2025,-,153.79,153.79,0,93,"Rehabilitation / Upgradation to 4 Lane with Paved shoulder of Existing Section in
Sillod Town with Design Ch. Km54500 to Km 60679 [Length6.179 km] section of NH
753F Aurangabad-Jalgaon road on EPC Mode in the State of Maharashtra
(MoRTH)
(618181)","03/2023
(01/2024)","07/2025
(-)","153.79
(153.79)",SRC-2025-12,07f56e5457c63192ae7b5b4036f975f7eb058a3364a25a87cdc6ce2369082401,90,89,All Ongoing Projects,6,pdfplumber_table,twelve_month_gate2:0.1.0,"pdf_page_index=90,table_index=logical8,row_index=12"
OBS-202512-01034,2025-12,1034,"Rehabilitation and Up-gradation to 2 lane with paved shoulder configuration of Mahud
Sangola road NH 965 G 159400 to 161900and 162400 to 183960 Design Chainage
from km. 32/300 to km. 34/800 and km. 35/800 to km. 56/860 Rigid Pavement on EPC
mode in the State of Maharashtra.",MoRTH,618188,-,-,Maharashtra,02/2023,11/2023,05/2025,-,253.78,253.78,0,99,"Rehabilitation and Up-gradation to 2 lane with paved shoulder configuration of Mahud
Sangola road NH 965 G 159400 to 161900and 162400 to 183960 Design Chainage
from km. 32/300 to km. 34/800 and km. 35/800 to km. 56/860 Rigid Pavement on EPC
mode in the State of Maharashtra.
(MoRTH)
(618188)","02/2023
(11/2023)","05/2025
(-)","253.78
(253.78)",SRC-2025-12,07f56e5457c63192ae7b5b4036f975f7eb058a3364a25a87cdc6ce2369082401,90,89,All Ongoing Projects,6,pdfplumber_table,twelve_month_gate2:0.1.0,"pdf_page_index=90,table_index=logical8,row_index=13"
OBS-202512-01035,2025-12,1035,"Balance work of Rehabilitation and Up-gradation to 2-lane road with paved shoulders
configuration for NH- 965DD from Pacharal-Mandangad-Mhapral-Rajewadi Upto
Junction of NH-66 Ch-22700 to 75100 Km and Ambadave connector Birth place of Dr.
Babasaheb Ambedkar Ch-0000 to 7325 Km length Km 59.725 in the state of
Maharashtra on EPC mode. Balance Work",MoRTH,618198,-,-,Maharashtra,03/2018,01/2022,01/2024,-,388.93,341.69,0,81,"Balance work of Rehabilitation and Up-gradation to 2-lane road with paved shoulders
configuration for NH- 965DD from Pacharal-Mandangad-Mhapral-Rajewadi Upto
Junction of NH-66 Ch-22700 to 75100 Km and Ambadave connector Birth place of Dr.
Babasaheb Ambedkar Ch-0000 to 7325 Km length Km 59.725 in the state of
Maharashtra on EPC mode. Balance Work
(MoRTH)
(618198)","03/2018
(01/2022)","01/2024
(-)","388.93
(341.69)",SRC-2025-12,07f56e5457c63192ae7b5b4036f975f7eb058a3364a25a87cdc6ce2369082401,90,89,All Ongoing Projects,6,pdfplumber_table,twelve_month_gate2:0.1.0,"pdf_page_index=90,table_index=logical8,row_index=14"
OBS-202512-01036,2025-12,1036,"Rehabilitation, Upgradation & Widening of existing Highway to Rigid Pavement 2 Lane
with Paved Shoulder of NH 965DD from Lonand Shirval-Bhor Mandangad-Pchral
Section ShindewadiPhata to Varandah Ghat Dist Border from Km 33/550 to 92/550 in
the state of Maharashtra on EPC mode.",MoRTH,618199,-,-,Maharashtra,02/2023,07/2024,07/2026,-,723.13,723.13,0,34,"Rehabilitation, Upgradation & Widening of existing Highway to Rigid Pavement 2 Lane
with Paved Shoulder of NH 965DD from Lonand Shirval-Bhor Mandangad-Pchral
Section ShindewadiPhata to Varandah Ghat Dist Border from Km 33/550 to 92/550 in
the state of Maharashtra on EPC mode.
(MoRTH)
(618199)","02/2023
(07/2024)","07/2026
(-)","723.13
(723.13)",SRC-2025-12,07f56e5457c63192ae7b5b4036f975f7eb058a3364a25a87cdc6ce2369082401,90,89,All Ongoing Projects,6,pdfplumber_table,twelve_month_gate2:0.1.0,"pdf_page_index=90,table_index=logical8,row_index=15"
OBS-202512-01037,2025-12,1037,"Vadodara Mumbai Expressway Phase II - Pkg XI [Km. 77.000 to Km. 103.400] Ganjad
- Talsari",National Highways Authority of India [NHAI],618468,-,-,Maharashtra,06/2020,05/2022,05/2024,01/2025,1524.71,1913.95,813.07,99,"Vadodara Mumbai Expressway Phase II - Pkg XI [Km. 77.000 to Km. 103.400] Ganjad
- Talsari
(National Highways Authority of India [NHAI])
(618468)","06/2020
(05/2022)","05/2024
(01/2025)","1524.71
(1913.95)",SRC-2025-12,07f56e5457c63192ae7b5b4036f975f7eb058a3364a25a87cdc6ce2369082401,90,89,All Ongoing Projects,6,pdfplumber_table,twelve_month_gate2:0.1.0,"pdf_page_index=90,table_index=logical8,row_index=16"
OBS-202512-01038,2025-12,1038,"Vadodara Mumbai Expressway Phase II - Pkg XIII [Km. 26.582 to Km. 50.700]
Shirsad - Masvan",National Highways Authority of India [NHAI],618469,-,-,Maharashtra,06/2020,02/2022,02/2024,06/2025,3536.9,4679.54,1707.29,87,"Vadodara Mumbai Expressway Phase II - Pkg XIII [Km. 26.582 to Km. 50.700]
Shirsad - Masvan
(National Highways Authority of India [NHAI])
(618469)","06/2020
(02/2022)","02/2024
(06/2025)","3536.9
(4679.54)",SRC-2025-12,07f56e5457c63192ae7b5b4036f975f7eb058a3364a25a87cdc6ce2369082401,90,89,All Ongoing Projects,6,pdfplumber_table,twelve_month_gate2:0.1.0,"pdf_page_index=90,table_index=logical8,row_index=17"
OBS-202512-01039,2025-12,1039,"Vadodara Mumbai Expressway Phase II - Pkg XIV [Km. 3.000 to Km. 20.200 of Spur]
Shirsad - Akloli",National Highways Authority of India [NHAI],618470,-,-,Maharashtra,05/2021,11/2022,05/2024,06/2025,2058.79,2324.72,541.49,80,"Vadodara Mumbai Expressway Phase II - Pkg XIV [Km. 3.000 to Km. 20.200 of Spur]
Shirsad - Akloli
(National Highways Authority of India [NHAI])
(618470)","05/2021
(11/2022)","05/2024
(06/2025)","2058.79
(2324.72)",SRC-2025-12,07f56e5457c63192ae7b5b4036f975f7eb058a3364a25a87cdc6ce2369082401,90,89,All Ongoing Projects,6,pdfplumber_table,twelve_month_gate2:0.1.0,"pdf_page_index=90,table_index=logical8,row_index=18"
OBS-202512-01040,2025-12,1040,"Vadodara Mumbai Expressway Phase II - Pkg XV [Km. 20.200 to Km. 43.000 of Spur]
Akloli - Amne",National Highways Authority of India [NHAI],618471,-,-,Maharashtra,05/2021,11/2022,05/2024,11/2025,2610.88,2918.39,571.76,90,"Vadodara Mumbai Expressway Phase II - Pkg XV [Km. 20.200 to Km. 43.000 of Spur]
Akloli - Amne
(National Highways Authority of India [NHAI])
(618471)","05/2021
(11/2022)","05/2024
(11/2025)","2610.88
(2918.39)",SRC-2025-12,07f56e5457c63192ae7b5b4036f975f7eb058a3364a25a87cdc6ce2369082401,90,89,All Ongoing Projects,6,pdfplumber_table,twelve_month_gate2:0.1.0,"pdf_page_index=90,table_index=logical8,row_index=19"
OBS-202512-01041,2025-12,1041,"Vadodara Mumbai Expressway Phase II - Pkg XVI [Km. 43.000 to Km. 69.800 of Spur]
Amne - Bhoj",National Highways Authority of India [NHAI],618472,-,-,Maharashtra,06/2021,11/2022,10/2024,06/2025,4051.8,4315.56,824.37,86,"Vadodara Mumbai Expressway Phase II - Pkg XVI [Km. 43.000 to Km. 69.800 of Spur]
Amne - Bhoj
(National Highways Authority of India [NHAI])
(618472)","06/2021
(11/2022)","10/2024
(06/2025)","4051.8
(4315.56)",SRC-2025-12,07f56e5457c63192ae7b5b4036f975f7eb058a3364a25a87cdc6ce2369082401,90,89,All Ongoing Projects,6,pdfplumber_table,twelve_month_gate2:0.1.0,"pdf_page_index=90,table_index=logical8,row_index=20"
OBS-202512-01042,2025-12,1042,"Vadodara Mumbai Expressway Phase II - Pkg XVII [Km. 69.800 to Km. 79.783 of
Spur] Bhoj - Morbe",National Highways Authority of India [NHAI],618473,-,-,Maharashtra,09/2021,01/2023,07/2025,-,2208.68,2463.02,802.11,84,"Vadodara Mumbai Expressway Phase II - Pkg XVII [Km. 69.800 to Km. 79.783 of
Spur] Bhoj - Morbe
(National Highways Authority of India [NHAI])
(618473)","09/2021
(01/2023)","07/2025
(-)","2208.68
(2463.02)",SRC-2025-12,07f56e5457c63192ae7b5b4036f975f7eb058a3364a25a87cdc6ce2369082401,90,89,All Ongoing Projects,6,pdfplumber_table,twelve_month_gate2:0.1.0,"pdf_page_index=90,table_index=logical8,row_index=21"
OBS-202512-01043,2025-12,1043,"Tunnel at Khambataki Ghat Section and its approaches from existing Km. 771.730 to
existing Km. 782.000",National Highways Authority of India [NHAI],618512,-,-,Maharashtra,11/2017,02/2019,02/2022,08/2025,907.03,816.12,520.53,85,"Tunnel at Khambataki Ghat Section and its approaches from existing Km. 771.730 to
existing Km. 782.000
(National Highways Authority of India [NHAI])
(618512)","11/2017
(02/2019)","02/2022
(08/2025)","907.03
(816.12)",SRC-2025-12,07f56e5457c63192ae7b5b4036f975f7eb058a3364a25a87cdc6ce2369082401,91,90,All Ongoing Projects,6,pdfplumber_table,twelve_month_gate2:0.1.0,"pdf_page_index=91,table_index=logical8,row_index=1"
OBS-202512-01044,2025-12,1044,6L of Kagal-Satara section from Km 592.500 to Km 658.000 of NH-48 Pkg-I,National Highways Authority of India [NHAI],618513,-,-,Maharashtra,12/2021,01/2023,01/2025,04/2026,2111.95,1435.46,613.7,49,"6L of Kagal-Satara section from Km 592.500 to Km 658.000 of NH-48 Pkg-I
(National Highways Authority of India [NHAI])
(618513)","12/2021
(01/2023)","01/2025
(04/2026)","2111.95
(1435.46)",SRC-2025-12,07f56e5457c63192ae7b5b4036f975f7eb058a3364a25a87cdc6ce2369082401,91,90,All Ongoing Projects,6,pdfplumber_table,twelve_month_gate2:0.1.0,"pdf_page_index=91,table_index=logical8,row_index=2"
OBS-202512-01045,2025-12,1045,6L of Kagal-Satara section from Km 658.000 to Km 725.000 of NH-48 Pkg-II,National Highways Authority of India [NHAI],618514,-,-,Maharashtra,12/2021,12/2022,12/2024,-,2330.71,317.4,171.02,70,"6L of Kagal-Satara section from Km 658.000 to Km 725.000 of NH-48 Pkg-II
(National Highways Authority of India [NHAI])
(618514)","12/2021
(12/2022)","12/2024
(-)","2330.71
(317.4)",SRC-2025-12,07f56e5457c63192ae7b5b4036f975f7eb058a3364a25a87cdc6ce2369082401,91,90,All Ongoing Projects,6,pdfplumber_table,twelve_month_gate2:0.1.0,"pdf_page_index=91,table_index=logical8,row_index=3"
OBS-202512-01046,2025-12,1046,"Flyover at Km.544.650 including ROB, Service Roads ,Footpath for RCC drains on
urban link to Nagpur -Raipur road Pardi octroi Naka to Itwari",National Highways Authority of India [NHAI],618555,-,-,Maharashtra,12/2015,03/2016,03/2019,03/2019,1097.81,758.4,25.94,0,"Flyover at Km.544.650 including ROB, Service Roads ,Footpath for RCC drains on
urban link to Nagpur -Raipur road Pardi octroi Naka to Itwari
(National Highways Authority of India [NHAI])
(618555)","12/2015
(03/2016)","03/2019
(03/2019)","1097.81
(758.4)",SRC-2025-12,07f56e5457c63192ae7b5b4036f975f7eb058a3364a25a87cdc6ce2369082401,91,90,All Ongoing Projects,6,pdfplumber_table,twelve_month_gate2:0.1.0,"pdf_page_index=91,table_index=logical8,row_index=4"
OBS-202512-01047,2025-12,1047,4L of Indora Chowk to Pachpaoli and Agrasen Chowk - Ashoka Chowk,National Highways Authority of India [NHAI],618557,-,-,Maharashtra,03/2023,07/2023,06/2026,-,1038.84,918.53,551.23,69,"4L of Indora Chowk to Pachpaoli and Agrasen Chowk - Ashoka Chowk
(National Highways Authority of India [NHAI])
(618557)","03/2023
(07/2023)","06/2026
(-)","1038.84
(918.53)",SRC-2025-12,07f56e5457c63192ae7b5b4036f975f7eb058a3364a25a87cdc6ce2369082401,91,90,All Ongoing Projects,6,pdfplumber_table,twelve_month_gate2:0.1.0,"pdf_page_index=91,table_index=logical8,row_index=5"
OBS-202512-01048,2025-12,1048,"4L Mitigation Measure structures on CH/MH Border to Wainganga Bridge Section of
NH-6 New NH-53",National Highways Authority of India [NHAI],618588,-,-,Maharashtra,02/2021,11/2021,11/2023,01/2025,540.24,468.92,464.23,70,"4L Mitigation Measure structures on CH/MH Border to Wainganga Bridge Section of
NH-6 New NH-53
(National Highways Authority of India [NHAI])
(618588)","02/2021
(11/2021)","11/2023
(01/2025)","540.24
(468.92)",SRC-2025-12,07f56e5457c63192ae7b5b4036f975f7eb058a3364a25a87cdc6ce2369082401,91,90,All Ongoing Projects,6,pdfplumber_table,twelve_month_gate2:0.1.0,"pdf_page_index=91,table_index=logical8,row_index=6"
OBS-202512-01049,2025-12,1049,"Balance work of 4L Panvel to Indapur section of NH-66 Old NH- 17 from km 0.000
Panvel to km 42.300 Kasu",National Highways Authority of India [NHAI],618594,-,-,Maharashtra,12/2022,03/2023,10/2024,-,329.82,196.87,183.56,43,"Balance work of 4L Panvel to Indapur section of NH-66 Old NH- 17 from km 0.000
Panvel to km 42.300 Kasu
(National Highways Authority of India [NHAI])
(618594)","12/2022
(03/2023)","10/2024
(-)","329.82
(196.87)",SRC-2025-12,07f56e5457c63192ae7b5b4036f975f7eb058a3364a25a87cdc6ce2369082401,91,90,All Ongoing Projects,6,pdfplumber_table,twelve_month_gate2:0.1.0,"pdf_page_index=91,table_index=logical8,row_index=7"
OBS-202512-01050,2025-12,1050,Bodhre - Dhule,National Highways Authority of India [NHAI],618693,-,-,Maharashtra,02/2021,01/2022,07/2024,-,1344.78,1292.7,712.97,78,"Bodhre - Dhule
(National Highways Authority of India [NHAI])
(618693)","02/2021
(01/2022)","07/2024
(-)","1344.78
(1292.7)",SRC-2025-12,07f56e5457c63192ae7b5b4036f975f7eb058a3364a25a87cdc6ce2369082401,91,90,All Ongoing Projects,6,pdfplumber_table,twelve_month_gate2:0.1.0,"pdf_page_index=91,table_index=logical8,row_index=8"
OBS-202512-01051,2025-12,1051,4L of Ratnagiri - Kolhapur section from km 67.140 to km 112.340 of NH-166 Pkg II,National Highways Authority of India [NHAI],618836,-,-,Maharashtra,02/2022,05/2023,05/2025,-,1985.38,1798,300.57,62,"4L of Ratnagiri - Kolhapur section from km 67.140 to km 112.340 of NH-166 Pkg II
(National Highways Authority of India [NHAI])
(618836)","02/2022
(05/2023)","05/2025
(-)","1985.38
(1798)",SRC-2025-12,07f56e5457c63192ae7b5b4036f975f7eb058a3364a25a87cdc6ce2369082401,91,90,All Ongoing Projects,6,pdfplumber_table,twelve_month_gate2:0.1.0,"pdf_page_index=91,table_index=logical8,row_index=9"
OBS-202512-01052,2025-12,1052,4L of Ratnagiri - Kolhapur section from km 112.340 to km 145.300 of NH-166 PkgIII,National Highways Authority of India [NHAI],618837,-,-,Maharashtra,02/2022,05/2023,05/2025,05/2026,1939.23,1910.41,389.93,62,"4L of Ratnagiri - Kolhapur section from km 112.340 to km 145.300 of NH-166 PkgIII
(National Highways Authority of India [NHAI])
(618837)","02/2022
(05/2023)","05/2025
(05/2026)","1939.23
(1910.41)",SRC-2025-12,07f56e5457c63192ae7b5b4036f975f7eb058a3364a25a87cdc6ce2369082401,91,90,All Ongoing Projects,6,pdfplumber_table,twelve_month_gate2:0.1.0,"pdf_page_index=91,table_index=logical8,row_index=10"
OBS-202512-01053,2025-12,1053,4L of Nagpur-Katol Section from Km. 13.00 to Km. 62.900 of NH-353J,National Highways Authority of India [NHAI],618937,-,-,Maharashtra,02/2021,10/2021,10/2023,-,1166.96,1432.82,836.13,56,"4L of Nagpur-Katol Section from Km. 13.00 to Km. 62.900 of NH-353J
(National Highways Authority of India [NHAI])
(618937)","02/2021
(10/2021)","10/2023
(-)","1166.96
(1432.82)",SRC-2025-12,07f56e5457c63192ae7b5b4036f975f7eb058a3364a25a87cdc6ce2369082401,91,90,All Ongoing Projects,6,pdfplumber_table,twelve_month_gate2:0.1.0,"pdf_page_index=91,table_index=logical8,row_index=11"
OBS-202512-01054,2025-12,1054,"Widening/Improvement of existing 2-Lane road to 4-Lane Divided Highway from
Sekmai to Nilakuthi section of Imphal-Kohima Road Design Chainage from Km
297700 to Km 308729 of NH-39 New NH-02 in state of Manipur on EPC mode Pkg-5B",NHIDCL,618298,-,-,Manipur,03/2021,07/2021,01/2023,06/2025,211.7,211.7,209.48,78,"Widening/Improvement of existing 2-Lane road to 4-Lane Divided Highway from
Sekmai to Nilakuthi section of Imphal-Kohima Road Design Chainage from Km
297700 to Km 308729 of NH-39 New NH-02 in state of Manipur on EPC mode Pkg-5B
(NHIDCL)
(618298)","03/2021
(07/2021)","01/2023
(06/2025)","211.7
(211.7)",SRC-2025-12,07f56e5457c63192ae7b5b4036f975f7eb058a3364a25a87cdc6ce2369082401,91,90,All Ongoing Projects,6,pdfplumber_table,twelve_month_gate2:0.1.0,"pdf_page_index=91,table_index=logical8,row_index=12"
OBS-202512-01055,2025-12,1055,"Improvement/Up-gradation of existing 2-Lane Road to 4-Lane Divided Highway from
Taphukuki to Daili section of Imphal-Kohima road NH-02 Design Chainage from Km
262175 to Km 274610 in the state of Manipur on EPC mode Pkg-4A",NHIDCL,618300,-,-,Manipur,09/2020,10/2020,04/2022,07/2025,379.39,379.39,0,78,"Improvement/Up-gradation of existing 2-Lane Road to 4-Lane Divided Highway from
Taphukuki to Daili section of Imphal-Kohima road NH-02 Design Chainage from Km
262175 to Km 274610 in the state of Manipur on EPC mode Pkg-4A
(NHIDCL)
(618300)","09/2020
(10/2020)","04/2022
(07/2025)","379.39
(379.39)",SRC-2025-12,07f56e5457c63192ae7b5b4036f975f7eb058a3364a25a87cdc6ce2369082401,91,90,All Ongoing Projects,6,pdfplumber_table,twelve_month_gate2:0.1.0,"pdf_page_index=91,table_index=logical8,row_index=13"
OBS-202512-01056,2025-12,1056,"Widening/Improvement to 2-lane with earthen shoulder of Yaingangpokpi - Finch
corner road section of NH-202 from Km 16.900 to Km 30.970 of NH-202 in the state of
Manipur on EPC mode Package-2",NHIDCL,618302,-,-,Manipur,03/2020,07/2020,06/2022,12/2025,256.04,256.04,0,35,"Widening/Improvement to 2-lane with earthen shoulder of Yaingangpokpi - Finch
corner road section of NH-202 from Km 16.900 to Km 30.970 of NH-202 in the state of
Manipur on EPC mode Package-2
(NHIDCL)
(618302)","03/2020
(07/2020)","06/2022
(12/2025)","256.04
(256.04)",SRC-2025-12,07f56e5457c63192ae7b5b4036f975f7eb058a3364a25a87cdc6ce2369082401,91,90,All Ongoing Projects,6,pdfplumber_table,twelve_month_gate2:0.1.0,"pdf_page_index=91,table_index=logical8,row_index=14"
OBS-202512-01057,2025-12,1057,"Widening/Improvement to 2-lane with earthen shoulder of Yaingangpokpi - Finch
corner road section of NH-202 from Km 0.000 to Km 16.900 of NH-202 in the state of
Manipur on EPC mode Package-1",NHIDCL,618303,-,-,Manipur,03/2020,07/2020,06/2022,04/2025,222.77,222.77,0,37,"Widening/Improvement to 2-lane with earthen shoulder of Yaingangpokpi - Finch
corner road section of NH-202 from Km 0.000 to Km 16.900 of NH-202 in the state of
Manipur on EPC mode Package-1
(NHIDCL)
(618303)","03/2020
(07/2020)","06/2022
(04/2025)","222.77
(222.77)",SRC-2025-12,07f56e5457c63192ae7b5b4036f975f7eb058a3364a25a87cdc6ce2369082401,91,90,All Ongoing Projects,6,pdfplumber_table,twelve_month_gate2:0.1.0,"pdf_page_index=91,table_index=logical8,row_index=15"
OBS-202512-01058,2025-12,1058,"Widening to 2 lane with Paved shoulder of lmphal to Jiribam section of NH-37 from
Design Ch. from km 169570 Near Nungkao vlllage under Tamenglong District to km
205974 near Jiribam Bridge under Jiribam district under NHO-NE PKG-7",NHIDCL,618333,-,-,Manipur,01/2023,12/2023,12/2025,-,760.16,760.16,365.34,75,"Widening to 2 lane with Paved shoulder of lmphal to Jiribam section of NH-37 from
Design Ch. from km 169570 Near Nungkao vlllage under Tamenglong District to km
205974 near Jiribam Bridge under Jiribam district under NHO-NE PKG-7
(NHIDCL)
(618333)","01/2023
(12/2023)","12/2025
(-)","760.16
(760.16)",SRC-2025-12,07f56e5457c63192ae7b5b4036f975f7eb058a3364a25a87cdc6ce2369082401,91,90,All Ongoing Projects,6,pdfplumber_table,twelve_month_gate2:0.1.0,"pdf_page_index=91,table_index=logical8,row_index=16"
OBS-202512-01059,2025-12,1059,"Widening to 2 Lane with Paved shoulder of lmphal to Jiribam section of NH-37 from
Design Ch. from km 131.280 to km 169.570 on EPC mode in Manipur under NHO-
TSP PKG-6",NHIDCL,618334,-,-,Manipur,12/2021,02/2023,02/2025,05/2025,504.76,504.76,269.89,0,"Widening to 2 Lane with Paved shoulder of lmphal to Jiribam section of NH-37 from
Design Ch. from km 131.280 to km 169.570 on EPC mode in Manipur under NHO-
TSP PKG-6
(NHIDCL)
(618334)","12/2021
(02/2023)","02/2025
(05/2025)","504.76
(504.76)",SRC-2025-12,07f56e5457c63192ae7b5b4036f975f7eb058a3364a25a87cdc6ce2369082401,91,90,All Ongoing Projects,6,pdfplumber_table,twelve_month_gate2:0.1.0,"pdf_page_index=91,table_index=logical8,row_index=17"
OBS-202512-01060,2025-12,1060,"Widening to 2 Lane with Paved shoulder of lmphal to Jiribam section of NH-37 from
Design Ch. from Km 101280 Near Khongsang Village to Km 131280 near Puilon
Kambiron Village on EPC Mode in Manipur PKG-5",NHIDCL,618335,-,-,Manipur,12/2021,11/2022,05/2024,02/2026,410.68,410.68,309.93,80,"Widening to 2 Lane with Paved shoulder of lmphal to Jiribam section of NH-37 from
Design Ch. from Km 101280 Near Khongsang Village to Km 131280 near Puilon
Kambiron Village on EPC Mode in Manipur PKG-5
(NHIDCL)
(618335)","12/2021
(11/2022)","05/2024
(02/2026)","410.68
(410.68)",SRC-2025-12,07f56e5457c63192ae7b5b4036f975f7eb058a3364a25a87cdc6ce2369082401,91,90,All Ongoing Projects,6,pdfplumber_table,twelve_month_gate2:0.1.0,"pdf_page_index=91,table_index=logical8,row_index=18"
OBS-202512-01061,2025-12,1061,"Widening to 2 -Lane with Paved shoulder of Imphal to Jiribam section of NH-37 from
Design Chainage 66.110 km to 101.280 Km Existing Chainage km 67.496 to km
103.557 on EPC Mode in Manipur PKG-4",NHIDCL,618336,-,-,Manipur,09/2021,06/2022,12/2023,08/2025,579.63,579.63,355.94,79,"Widening to 2 -Lane with Paved shoulder of Imphal to Jiribam section of NH-37 from
Design Chainage 66.110 km to 101.280 Km Existing Chainage km 67.496 to km
103.557 on EPC Mode in Manipur PKG-4
(NHIDCL)
(618336)","09/2021
(06/2022)","12/2023
(08/2025)","579.63
(579.63)",SRC-2025-12,07f56e5457c63192ae7b5b4036f975f7eb058a3364a25a87cdc6ce2369082401,91,90,All Ongoing Projects,6,pdfplumber_table,twelve_month_gate2:0.1.0,"pdf_page_index=91,table_index=logical8,row_index=19"
OBS-202512-01062,2025-12,1062,"Widening to 2 -Lane with Paved shoulder of Imphal to Jiribam section of NH-37 from
Design Chainage 33.000 km to 66.390 Km Existing Chainage from km 33.395 to km
67.496 on EPC Mode in Manipur PKG-3",NHIDCL,618337,-,-,Manipur,03/2021,09/2021,03/2023,07/2025,467,467,552.2,82,"Widening to 2 -Lane with Paved shoulder of Imphal to Jiribam section of NH-37 from
Design Chainage 33.000 km to 66.390 Km Existing Chainage from km 33.395 to km
67.496 on EPC Mode in Manipur PKG-3
(NHIDCL)
(618337)","03/2021
(09/2021)","03/2023
(07/2025)","467
(467)",SRC-2025-12,07f56e5457c63192ae7b5b4036f975f7eb058a3364a25a87cdc6ce2369082401,91,90,All Ongoing Projects,6,pdfplumber_table,twelve_month_gate2:0.1.0,"pdf_page_index=91,table_index=logical8,row_index=20"
OBS-202512-01063,2025-12,1063,"Widening to 2-lane with Hard shoulder of Churachandpur to Tuivai Section of NH-
102B from Design Chainage 69.875 Km to 121.769 Km in the State of Manipur on
EPC mode Package-3",NHIDCL,618344,-,-,Manipur,03/2021,08/2021,08/2023,04/2025,673.27,673.27,480.59,50,"Widening to 2-lane with Hard shoulder of Churachandpur to Tuivai Section of NH-
102B from Design Chainage 69.875 Km to 121.769 Km in the State of Manipur on
EPC mode Package-3
(NHIDCL)
(618344)","03/2021
(08/2021)","08/2023
(04/2025)","673.27
(673.27)",SRC-2025-12,07f56e5457c63192ae7b5b4036f975f7eb058a3364a25a87cdc6ce2369082401,91,90,All Ongoing Projects,6,pdfplumber_table,twelve_month_gate2:0.1.0,"pdf_page_index=91,table_index=logical8,row_index=21"
OBS-202512-01064,2025-12,1064,"Widening to 2-lane with Hard shoulder of Churachandpur to Tuivai Section from Km
48.587 to Km 69.875 in the State of Manipur on EPC mode under NHO Package-2B",NHIDCL,618345,-,-,Manipur,06/2020,08/2020,08/2022,02/2023,365.53,365.53,168.23,64,"Widening to 2-lane with Hard shoulder of Churachandpur to Tuivai Section from Km
48.587 to Km 69.875 in the State of Manipur on EPC mode under NHO Package-2B
(NHIDCL)
(618345)","06/2020
(08/2020)","08/2022
(02/2023)","365.53
(365.53)",SRC-2025-12,07f56e5457c63192ae7b5b4036f975f7eb058a3364a25a87cdc6ce2369082401,91,90,All Ongoing Projects,6,pdfplumber_table,twelve_month_gate2:0.1.0,"pdf_page_index=91,table_index=logical8,row_index=22"
OBS-202512-01065,2025-12,1065,"Widening to 2-lane with Hard shoulder of Churachandpur to Tuivai Section of NH-
102B from km 32.835 to km 48.587 in the State of Manipur on EPC mode under NHO
Package-2A",NHIDCL,618346,-,-,Manipur,04/2020,07/2020,06/2022,02/2023,232.99,232.99,127.15,81,"Widening to 2-lane with Hard shoulder of Churachandpur to Tuivai Section of NH-
102B from km 32.835 to km 48.587 in the State of Manipur on EPC mode under NHO
Package-2A
(NHIDCL)
(618346)","04/2020
(07/2020)","06/2022
(02/2023)","232.99
(232.99)",SRC-2025-12,07f56e5457c63192ae7b5b4036f975f7eb058a3364a25a87cdc6ce2369082401,91,90,All Ongoing Projects,6,pdfplumber_table,twelve_month_gate2:0.1.0,"pdf_page_index=91,table_index=logical8,row_index=23"
OBS-202512-01066,2025-12,1066,"Widening to 2-lane with Hard shoulder of Churachandpur to Tuivai Section of NH-
102B from km 13.747 to km 32.835 in the State of Manipur on EPC mode under NHO
Package-1B",NHIDCL,618347,-,-,Manipur,04/2020,07/2020,06/2022,04/2025,241.52,241.52,0,45,"Widening to 2-lane with Hard shoulder of Churachandpur to Tuivai Section of NH-
102B from km 13.747 to km 32.835 in the State of Manipur on EPC mode under NHO
Package-1B
(NHIDCL)
(618347)","04/2020
(07/2020)","06/2022
(04/2025)","241.52
(241.52)",SRC-2025-12,07f56e5457c63192ae7b5b4036f975f7eb058a3364a25a87cdc6ce2369082401,92,91,All Ongoing Projects,6,pdfplumber_table,twelve_month_gate2:0.1.0,"pdf_page_index=92,table_index=logical8,row_index=1"
OBS-202512-01067,2025-12,1067,"Construction of of 2 -Lane with paved shoulders road from Tamenglong-Tousem-
Lisang-Mahur Road NH-137 starting near Dialong Village from km 10.000 at Dialong
to km 31.430 near Old Tamenglong , near Barak River on EPC Mode Package-2",NHIDCL,618355,-,-,Manipur,07/2021,09/2021,03/2023,12/2025,483.87,483.87,351.99,92,"Construction of of 2 -Lane with paved shoulders road from Tamenglong-Tousem-
Lisang-Mahur Road NH-137 starting near Dialong Village from km 10.000 at Dialong
to km 31.430 near Old Tamenglong , near Barak River on EPC Mode Package-2
(NHIDCL)
(618355)","07/2021
(09/2021)","03/2023
(12/2025)","483.87
(483.87)",SRC-2025-12,07f56e5457c63192ae7b5b4036f975f7eb058a3364a25a87cdc6ce2369082401,92,91,All Ongoing Projects,6,pdfplumber_table,twelve_month_gate2:0.1.0,"pdf_page_index=92,table_index=logical8,row_index=2"
OBS-202512-01068,2025-12,1068,"Construction of 2 -Lane with paved shoulders road from Tamenglong to Mahur in the
state of Manipur from km 31.430 at Old Tamenglong to km 43.480 ending near
Phelong on EPC Mode Package-3",NHIDCL,618356,-,-,Manipur,03/2021,06/2021,12/2022,12/2025,234.08,234.08,0,94,"Construction of 2 -Lane with paved shoulders road from Tamenglong to Mahur in the
state of Manipur from km 31.430 at Old Tamenglong to km 43.480 ending near
Phelong on EPC Mode Package-3
(NHIDCL)
(618356)","03/2021
(06/2021)","12/2022
(12/2025)","234.08
(234.08)",SRC-2025-12,07f56e5457c63192ae7b5b4036f975f7eb058a3364a25a87cdc6ce2369082401,92,91,All Ongoing Projects,6,pdfplumber_table,twelve_month_gate2:0.1.0,"pdf_page_index=92,table_index=logical8,row_index=3"
OBS-202512-01069,2025-12,1069,"Construction of 2 -Lane with paved shoulders road from Tamenglong to Mahur NH-
137 in Manipur starting from km 54.180 near Azuram to km 80.630 near Mandeu on
EPC Mode Package 5",NHIDCL,618357,-,-,Manipur,09/2021,11/2021,05/2023,04/2025,477.86,477.86,330.1,84,"Construction of 2 -Lane with paved shoulders road from Tamenglong to Mahur NH-
137 in Manipur starting from km 54.180 near Azuram to km 80.630 near Mandeu on
EPC Mode Package 5
(NHIDCL)
(618357)","09/2021
(11/2021)","05/2023
(04/2025)","477.86
(477.86)",SRC-2025-12,07f56e5457c63192ae7b5b4036f975f7eb058a3364a25a87cdc6ce2369082401,92,91,All Ongoing Projects,6,pdfplumber_table,twelve_month_gate2:0.1.0,"pdf_page_index=92,table_index=logical8,row_index=4"
OBS-202512-01070,2025-12,1070,"Construction of 2 -Lane with paved shoulders road from Tamenglong to Mahur NH-
137 starting from km 80.630 near Mandeu to km 96.870 near Jiri River on EPC Mode
Package-6",NHIDCL,618358,-,-,Manipur,09/2021,11/2021,05/2023,07/2027,311.18,311.18,223.12,84,"Construction of 2 -Lane with paved shoulders road from Tamenglong to Mahur NH-
137 starting from km 80.630 near Mandeu to km 96.870 near Jiri River on EPC Mode
Package-6
(NHIDCL)
(618358)","09/2021
(11/2021)","05/2023
(07/2027)","311.18
(311.18)",SRC-2025-12,07f56e5457c63192ae7b5b4036f975f7eb058a3364a25a87cdc6ce2369082401,92,91,All Ongoing Projects,6,pdfplumber_table,twelve_month_gate2:0.1.0,"pdf_page_index=92,table_index=logical8,row_index=5"
OBS-202512-01071,2025-12,1071,"Construction of 2-laning with Hard shoulder of Ukhrul Tolloi - Tadubi section of NH-
102A from Design Chainage km 9450 to km 50850 in the State of Manipur on EPC
mode under NHO-NE Package-2",NHIDCL,618387,-,-,Manipur,03/2023,03/2024,03/2026,-,578.98,578.98,234.11,77,"Construction of 2-laning with Hard shoulder of Ukhrul Tolloi - Tadubi section of NH-
102A from Design Chainage km 9450 to km 50850 in the State of Manipur on EPC
mode under NHO-NE Package-2
(NHIDCL)
(618387)","03/2023
(03/2024)","03/2026
(-)","578.98
(578.98)",SRC-2025-12,07f56e5457c63192ae7b5b4036f975f7eb058a3364a25a87cdc6ce2369082401,92,91,All Ongoing Projects,6,pdfplumber_table,twelve_month_gate2:0.1.0,"pdf_page_index=92,table_index=logical8,row_index=6"
OBS-202512-01072,2025-12,1072,"Construction of 2-laning with Hard shoulder road of Ukhrul - Tolloi - Tadubi section of
NH-102A from Design Chainage 50.850 km to 81.870 km in the State of Manipur on
EPC mode under NHO-TSP Package -3",NHIDCL,618388,-,-,Manipur,09/2021,07/2023,01/2025,03/2025,315.56,315.56,227.97,90,"Construction of 2-laning with Hard shoulder road of Ukhrul - Tolloi - Tadubi section of
NH-102A from Design Chainage 50.850 km to 81.870 km in the State of Manipur on
EPC mode under NHO-TSP Package -3
(NHIDCL)
(618388)","09/2021
(07/2023)","01/2025
(03/2025)","315.56
(315.56)",SRC-2025-12,07f56e5457c63192ae7b5b4036f975f7eb058a3364a25a87cdc6ce2369082401,92,91,All Ongoing Projects,6,pdfplumber_table,twelve_month_gate2:0.1.0,"pdf_page_index=92,table_index=logical8,row_index=7"
OBS-202512-01073,2025-12,1073,"Construction of 2-laning with Hard shoulder road of Ukhrul - Tolloi - Tadubi section of
NH-102A from Design Chainage 81.870 km to 105.825 km in the State of Manipur on
EPC mode under NHO-TSP Package -4",NHIDCL,618389,-,-,Manipur,09/2021,08/2022,02/2024,10/2025,310.76,310.76,247,96,"Construction of 2-laning with Hard shoulder road of Ukhrul - Tolloi - Tadubi section of
NH-102A from Design Chainage 81.870 km to 105.825 km in the State of Manipur on
EPC mode under NHO-TSP Package -4
(NHIDCL)
(618389)","09/2021
(08/2022)","02/2024
(10/2025)","310.76
(310.76)",SRC-2025-12,07f56e5457c63192ae7b5b4036f975f7eb058a3364a25a87cdc6ce2369082401,92,91,All Ongoing Projects,6,pdfplumber_table,twelve_month_gate2:0.1.0,"pdf_page_index=92,table_index=logical8,row_index=8"
OBS-202512-01074,2025-12,1074,"Improvement of existing road to 2 laning with Hard Shoulders of Maram-Peren section
Package-1B, length- 17.660 km from Design Chainage 22.340 km to 40.000 km on
NH-129A in the State of Manipur on EPC mode",NHIDCL,618415,-,-,Manipur,02/2021,06/2021,12/2022,08/2023,188.36,188.36,0,99,"Improvement of existing road to 2 laning with Hard Shoulders of Maram-Peren section
Package-1B, length- 17.660 km from Design Chainage 22.340 km to 40.000 km on
NH-129A in the State of Manipur on EPC mode
(NHIDCL)
(618415)","02/2021
(06/2021)","12/2022
(08/2023)","188.36
(188.36)",SRC-2025-12,07f56e5457c63192ae7b5b4036f975f7eb058a3364a25a87cdc6ce2369082401,92,91,All Ongoing Projects,6,pdfplumber_table,twelve_month_gate2:0.1.0,"pdf_page_index=92,table_index=logical8,row_index=9"
OBS-202512-01075,2025-12,1075,"Improvement of existing road to 2 laning with Hard Shoulders of Maram -Peren
section Package-1A, length- 22.340Km from Design Chainage 0.000 km to 22.340 km
on NH-129A in the State of Manipur on EPC mode",NHIDCL,618416,-,-,Manipur,02/2021,06/2021,12/2022,02/2023,226.32,226.32,0,0,"Improvement of existing road to 2 laning with Hard Shoulders of Maram -Peren
section Package-1A, length- 22.340Km from Design Chainage 0.000 km to 22.340 km
on NH-129A in the State of Manipur on EPC mode
(NHIDCL)
(618416)","02/2021
(06/2021)","12/2022
(02/2023)","226.32
(226.32)",SRC-2025-12,07f56e5457c63192ae7b5b4036f975f7eb058a3364a25a87cdc6ce2369082401,92,91,All Ongoing Projects,6,pdfplumber_table,twelve_month_gate2:0.1.0,"pdf_page_index=92,table_index=logical8,row_index=10"
OBS-202512-01076,2025-12,1076,"Rehabilitation and Up-gradation of Nongstoin Wahkaji section of Project Road Km
0000 to Km 43060 to Intermediate Lane with earthern shoulder under SARDP-NE
Phase-A in the State of Meghalaya on EPC mode. Job No- SARDP-NE/Nong-Don-
Maw/MG/2020-21/294",MoRTH,617885,-,-,Meghalaya,08/2020,02/2022,08/2023,07/2024,302.88,302.88,182.58,98,"Rehabilitation and Up-gradation of Nongstoin Wahkaji section of Project Road Km
0000 to Km 43060 to Intermediate Lane with earthern shoulder under SARDP-NE
Phase-A in the State of Meghalaya on EPC mode. Job No- SARDP-NE/Nong-Don-
Maw/MG/2020-21/294
(MoRTH)
(617885)","08/2020
(02/2022)","08/2023
(07/2024)","302.88
(302.88)",SRC-2025-12,07f56e5457c63192ae7b5b4036f975f7eb058a3364a25a87cdc6ce2369082401,92,91,All Ongoing Projects,6,pdfplumber_table,twelve_month_gate2:0.1.0,"pdf_page_index=92,table_index=logical8,row_index=11"
OBS-202512-01077,2025-12,1077,"Improvement/Widening to 2-L with Paved Shoulder/ 4-Laning of NH-40 section from
Km 151330 to Km 163400 design Km 63.530 to Km 71.520 including Dawki Bridge of
length 368 m between Shillong-Dawki under JICA ODA Loan assistance Phase-II Pkg-
5 -Balance work",NHIDCL,618374,-,-,Meghalaya,07/2020,05/2024,11/2026,11/2027,284.21,284.21,0,32,"Improvement/Widening to 2-L with Paved Shoulder/ 4-Laning of NH-40 section from
Km 151330 to Km 163400 design Km 63.530 to Km 71.520 including Dawki Bridge of
length 368 m between Shillong-Dawki under JICA ODA Loan assistance Phase-II Pkg-
5 -Balance work
(NHIDCL)
(618374)","07/2020
(05/2024)","11/2026
(11/2027)","284.21
(284.21)",SRC-2025-12,07f56e5457c63192ae7b5b4036f975f7eb058a3364a25a87cdc6ce2369082401,92,91,All Ongoing Projects,6,pdfplumber_table,twelve_month_gate2:0.1.0,"pdf_page_index=92,table_index=logical8,row_index=12"
OBS-202512-01078,2025-12,1078,"Improvement/Widening to 2-Lane with Paved Shoulder from design Km 45.760 to Km
63.530 between Shillong-Dawki under JICA ODA Loan assistance Phase-II -Balance
work Pkg-4",NHIDCL,618375,-,-,Meghalaya,07/2020,04/2024,04/2026,07/2026,445.51,445.51,0,37,"Improvement/Widening to 2-Lane with Paved Shoulder from design Km 45.760 to Km
63.530 between Shillong-Dawki under JICA ODA Loan assistance Phase-II -Balance
work Pkg-4
(NHIDCL)
(618375)","07/2020
(04/2024)","04/2026
(07/2026)","445.51
(445.51)",SRC-2025-12,07f56e5457c63192ae7b5b4036f975f7eb058a3364a25a87cdc6ce2369082401,92,91,All Ongoing Projects,6,pdfplumber_table,twelve_month_gate2:0.1.0,"pdf_page_index=92,table_index=logical8,row_index=13"
OBS-202512-01079,2025-12,1079,"Improvement/Widening to 2-Lane with Paved Shoulder between Shillong-Dawki road
up to Bangladesh Border from design Km 10.670 to Km 37.550 under JICA ODA Loan
assistance Phase-II -Balance Work-Pkg-2",NHIDCL,618376,-,-,Meghalaya,07/2020,02/2024,08/2026,07/2026,525.67,525.67,0,41,"Improvement/Widening to 2-Lane with Paved Shoulder between Shillong-Dawki road
up to Bangladesh Border from design Km 10.670 to Km 37.550 under JICA ODA Loan
assistance Phase-II -Balance Work-Pkg-2
(NHIDCL)
(618376)","07/2020
(02/2024)","08/2026
(07/2026)","525.67
(525.67)",SRC-2025-12,07f56e5457c63192ae7b5b4036f975f7eb058a3364a25a87cdc6ce2369082401,92,91,All Ongoing Projects,6,pdfplumber_table,twelve_month_gate2:0.1.0,"pdf_page_index=92,table_index=logical8,row_index=14"
OBS-202512-01080,2025-12,1080,"Improvement/Widening to 2-L with Paved Shoulder/4-L from Km 81740 to Km 93490
design Km 0000 to Km 10670 of NH-40 New NH-106 & 206 section & 4-L from design
Km 0.00 to Km 0.930 of NH-44 section between Shillong-Dawki under JICA ODA
Loan assistance Phase-II -Balance Work Pkg-1",NHIDCL,618377,-,-,Meghalaya,07/2020,10/2023,10/2025,-,351.12,351.12,0,78,"Improvement/Widening to 2-L with Paved Shoulder/4-L from Km 81740 to Km 93490
design Km 0000 to Km 10670 of NH-40 New NH-106 & 206 section & 4-L from design
Km 0.00 to Km 0.930 of NH-44 section between Shillong-Dawki under JICA ODA
Loan assistance Phase-II -Balance Work Pkg-1
(NHIDCL)
(618377)","07/2020
(10/2023)","10/2025
(-)","351.12
(351.12)",SRC-2025-12,07f56e5457c63192ae7b5b4036f975f7eb058a3364a25a87cdc6ce2369082401,92,91,All Ongoing Projects,6,pdfplumber_table,twelve_month_gate2:0.1.0,"pdf_page_index=92,table_index=logical8,row_index=15"
OBS-202512-01081,2025-12,1081,"Rehabilitation and up gradation of Nongstoin-Rambrai-Kyrshai road up to Meghalaya-
Assam border from Km 0.335 to km 34.039 to 2-Lane under NHO - NE in the State of
Meghalaya Package-1",NHIDCL,618418,-,-,Meghalaya,09/2021,05/2022,05/2024,06/2025,359.86,359.86,0,69,"Rehabilitation and up gradation of Nongstoin-Rambrai-Kyrshai road up to Meghalaya-
Assam border from Km 0.335 to km 34.039 to 2-Lane under NHO - NE in the State of
Meghalaya Package-1
(NHIDCL)
(618418)","09/2021
(05/2022)","05/2024
(06/2025)","359.86
(359.86)",SRC-2025-12,07f56e5457c63192ae7b5b4036f975f7eb058a3364a25a87cdc6ce2369082401,92,91,All Ongoing Projects,6,pdfplumber_table,twelve_month_gate2:0.1.0,"pdf_page_index=92,table_index=logical8,row_index=16"
OBS-202512-01082,2025-12,1082,"Construction of 2-Lane with paved shoulders of Shillong Western Bypass starting from
NH-06 near Ladumsaw existing Km 60.900 of old NH40 to NH106 old NH 44E
Package-III, from km 24700 to km 38256 under SARDP-NE PHASE A in the state of
Meghalaya on EPC Mode Greenfield alignment",NHIDCL,618419,-,-,Meghalaya,03/2023,09/2024,09/2026,-,562.48,562.48,0,33,"Construction of 2-Lane with paved shoulders of Shillong Western Bypass starting from
NH-06 near Ladumsaw existing Km 60.900 of old NH40 to NH106 old NH 44E
Package-III, from km 24700 to km 38256 under SARDP-NE PHASE A in the state of
Meghalaya on EPC Mode Greenfield alignment
(NHIDCL)
(618419)","03/2023
(09/2024)","09/2026
(-)","562.48
(562.48)",SRC-2025-12,07f56e5457c63192ae7b5b4036f975f7eb058a3364a25a87cdc6ce2369082401,92,91,All Ongoing Projects,6,pdfplumber_table,twelve_month_gate2:0.1.0,"pdf_page_index=92,table_index=logical8,row_index=17"
OBS-202512-01083,2025-12,1083,"Construction of 2 lane with paved shoulder of Shillong Western Bypass starting from
NH-06 near Ladumsaw existing km 60.900 of old NH-40 to NH-106 old NH-44E,
Package-II km 12800 to km 24700 under SARDP-NE Phase A in the State of
Meghalaya on EPC Mode",NHIDCL,618420,-,-,Meghalaya,03/2023,09/2024,09/2026,-,686.03,686.03,0,0,"Construction of 2 lane with paved shoulder of Shillong Western Bypass starting from
NH-06 near Ladumsaw existing km 60.900 of old NH-40 to NH-106 old NH-44E,
Package-II km 12800 to km 24700 under SARDP-NE Phase A in the State of
Meghalaya on EPC Mode
(NHIDCL)
(618420)","03/2023
(09/2024)","09/2026
(-)","686.03
(686.03)",SRC-2025-12,07f56e5457c63192ae7b5b4036f975f7eb058a3364a25a87cdc6ce2369082401,92,91,All Ongoing Projects,6,pdfplumber_table,twelve_month_gate2:0.1.0,"pdf_page_index=92,table_index=logical8,row_index=18"
OBS-202512-01084,2025-12,1084,"Construction of 2-Lane with paved shoulder of Shillong Western Bypass starting from
NH-06 near Ladumsaw Existing km 60.900 of old NH-40 to NH106 old NH-44E, km
0000 to km 12800 Package-I under SARDP-NE PHASE A in the State of Meghalaya
on EPC Mode Greenfield alignment",NHIDCL,618421,-,-,Meghalaya,03/2023,09/2024,09/2026,-,620.3,620.3,0,46,"Construction of 2-Lane with paved shoulder of Shillong Western Bypass starting from
NH-06 near Ladumsaw Existing km 60.900 of old NH-40 to NH106 old NH-44E, km
0000 to km 12800 Package-I under SARDP-NE PHASE A in the State of Meghalaya
on EPC Mode Greenfield alignment
(NHIDCL)
(618421)","03/2023
(09/2024)","09/2026
(-)","620.3
(620.3)",SRC-2025-12,07f56e5457c63192ae7b5b4036f975f7eb058a3364a25a87cdc6ce2369082401,93,92,All Ongoing Projects,6,pdfplumber_table,twelve_month_gate2:0.1.0,"pdf_page_index=93,table_index=logical8,row_index=1"
OBS-202512-01085,2025-12,1085,"Up-gradation to 2-lane with paved shoulders of Ngopa - Pawlrang section of NH 102B
of Aizawl - Imphal Economic Corridor from Existing Chainage km 32.796 to km 72.030
[Design Chainage km 31.280 to km 68.170] in the State of Mizoram under Bharatmala
Pariyojna on EPC mode under NHO-NE Package-2 Keifang- Tuivai Pkg-2",NHIDCL,618341,-,-,Mizoram,09/2021,09/2023,02/2025,06/2026,523.78,523.78,0,64,"Up-gradation to 2-lane with paved shoulders of Ngopa - Pawlrang section of NH 102B
of Aizawl - Imphal Economic Corridor from Existing Chainage km 32.796 to km 72.030
[Design Chainage km 31.280 to km 68.170] in the State of Mizoram under Bharatmala
Pariyojna on EPC mode under NHO-NE Package-2 Keifang- Tuivai Pkg-2
(NHIDCL)
(618341)","09/2021
(09/2023)","02/2025
(06/2026)","523.78
(523.78)",SRC-2025-12,07f56e5457c63192ae7b5b4036f975f7eb058a3364a25a87cdc6ce2369082401,93,92,All Ongoing Projects,6,pdfplumber_table,twelve_month_gate2:0.1.0,"pdf_page_index=93,table_index=logical8,row_index=2"
OBS-202512-01086,2025-12,1086,"Rehabilitation and upgradation to 2 Lane with Paved shoulder of Economic corridor of
NH-6 from Design chaiange Km 0.000 to Km 13.510 Package-1 in the state of
Mizoram under Bharatmala Pariyojana on EPC mode",NHIDCL,618342,-,-,Mizoram,03/2020,07/2020,06/2022,06/2024,206.9,206.9,0,0,"Rehabilitation and upgradation to 2 Lane with Paved shoulder of Economic corridor of
NH-6 from Design chaiange Km 0.000 to Km 13.510 Package-1 in the state of
Mizoram under Bharatmala Pariyojana on EPC mode
(NHIDCL)
(618342)","03/2020
(07/2020)","06/2022
(06/2024)","206.9
(206.9)",SRC-2025-12,07f56e5457c63192ae7b5b4036f975f7eb058a3364a25a87cdc6ce2369082401,93,92,All Ongoing Projects,6,pdfplumber_table,twelve_month_gate2:0.1.0,"pdf_page_index=93,table_index=logical8,row_index=3"
OBS-202512-01087,2025-12,1087,"Rehabilitation and Up gradation to 2-lane with paved shoulder of Keifang Section
Economic Corridor of NH-06 from Existing Chainage Km 30050 Keifang to Km 50360
Keifang, Design Chainage Km 27400 to Km 45040 PkgIII in the State of Mizoram
under Bharatmala Pariyojna on EPC Mode Seling-Dulte - III",NHIDCL,618343,-,-,Mizoram,03/2020,07/2020,06/2022,12/2024,292.23,292.23,0,0,"Rehabilitation and Up gradation to 2-lane with paved shoulder of Keifang Section
Economic Corridor of NH-06 from Existing Chainage Km 30050 Keifang to Km 50360
Keifang, Design Chainage Km 27400 to Km 45040 PkgIII in the State of Mizoram
under Bharatmala Pariyojna on EPC Mode Seling-Dulte - III
(NHIDCL)
(618343)","03/2020
(07/2020)","06/2022
(12/2024)","292.23
(292.23)",SRC-2025-12,07f56e5457c63192ae7b5b4036f975f7eb058a3364a25a87cdc6ce2369082401,93,92,All Ongoing Projects,6,pdfplumber_table,twelve_month_gate2:0.1.0,"pdf_page_index=93,table_index=logical8,row_index=4"
OBS-202512-01088,2025-12,1088,"Construction of 2-laning with hard shoulder of Lunglei to Chhumkhum from Design
Chainage Km 0.000 to Km 37.420 of NH-302 [Lunglei-Tlabung] Package-A",NHIDCL,618362,-,-,Mizoram,03/2021,06/2021,12/2022,05/2025,698.45,698.45,0,0,"Construction of 2-laning with hard shoulder of Lunglei to Chhumkhum from Design
Chainage Km 0.000 to Km 37.420 of NH-302 [Lunglei-Tlabung] Package-A
(NHIDCL)
(618362)","03/2021
(06/2021)","12/2022
(05/2025)","698.45
(698.45)",SRC-2025-12,07f56e5457c63192ae7b5b4036f975f7eb058a3364a25a87cdc6ce2369082401,93,92,All Ongoing Projects,6,pdfplumber_table,twelve_month_gate2:0.1.0,"pdf_page_index=93,table_index=logical8,row_index=5"
OBS-202512-01089,2025-12,1089,"Construction of 2-laning with hard shoulder configuration of Chhumkhum to Tlabung
from Design Chainage Km 37.420 to Km 74.950 of NH-302 in Mizoram under
Bharatmala Pariyojana on EPC mode [Pkg-B]",NHIDCL,618363,-,-,Mizoram,06/2021,07/2021,01/2023,05/2025,740.58,740.58,0,0,"Construction of 2-laning with hard shoulder configuration of Chhumkhum to Tlabung
from Design Chainage Km 37.420 to Km 74.950 of NH-302 in Mizoram under
Bharatmala Pariyojana on EPC mode [Pkg-B]
(NHIDCL)
(618363)","06/2021
(07/2021)","01/2023
(05/2025)","740.58
(740.58)",SRC-2025-12,07f56e5457c63192ae7b5b4036f975f7eb058a3364a25a87cdc6ce2369082401,93,92,All Ongoing Projects,6,pdfplumber_table,twelve_month_gate2:0.1.0,"pdf_page_index=93,table_index=logical8,row_index=6"
OBS-202512-01090,2025-12,1090,"Widening and Up-gradation to 2- Lane with Paved Shoulder Configuration and
geometric improvement from Km. 208. 000 to Km 250.000 Package-5 on Aizawl
Tuipang Section of NH-54 in the State of Mizoram Package-5",NHIDCL,618379,-,-,Mizoram,09/2019,10/2019,04/2023,-,752.89,752.89,125.62,95,"Widening and Up-gradation to 2- Lane with Paved Shoulder Configuration and
geometric improvement from Km. 208. 000 to Km 250.000 Package-5 on Aizawl
Tuipang Section of NH-54 in the State of Mizoram Package-5
(NHIDCL)
(618379)","09/2019
(10/2019)","04/2023
(-)","752.89
(752.89)",SRC-2025-12,07f56e5457c63192ae7b5b4036f975f7eb058a3364a25a87cdc6ce2369082401,93,92,All Ongoing Projects,6,pdfplumber_table,twelve_month_gate2:0.1.0,"pdf_page_index=93,table_index=logical8,row_index=7"
OBS-202512-01091,2025-12,1091,"Widening and Up-gradation to 2- Lane with Paved Shoulder Configuration and
geometric improvement from Km. 125. 000 to Km 166 Package-3 on Aizawl Tuipang
Section of NH-54 in the State of Mizoram Package-3",NHIDCL,618380,-,-,Mizoram,09/2019,10/2019,04/2023,11/2024,867.09,867.09,0,0,"Widening and Up-gradation to 2- Lane with Paved Shoulder Configuration and
geometric improvement from Km. 125. 000 to Km 166 Package-3 on Aizawl Tuipang
Section of NH-54 in the State of Mizoram Package-3
(NHIDCL)
(618380)","09/2019
(10/2019)","04/2023
(11/2024)","867.09
(867.09)",SRC-2025-12,07f56e5457c63192ae7b5b4036f975f7eb058a3364a25a87cdc6ce2369082401,93,92,All Ongoing Projects,6,pdfplumber_table,twelve_month_gate2:0.1.0,"pdf_page_index=93,table_index=logical8,row_index=8"
OBS-202512-01092,2025-12,1092,"Widening and up-gradation to 2-lane with paved shoulder configuration and geometric
improvements from km 250.00 Lunglei to km 298.00 on Aizawl-Tuipang section under
JICA ODA Loan assistance Phase-I Package-6",NHIDCL,618381,-,-,Mizoram,09/2019,12/2019,06/2023,03/2025,768.76,768.76,168.78,98,"Widening and up-gradation to 2-lane with paved shoulder configuration and geometric
improvements from km 250.00 Lunglei to km 298.00 on Aizawl-Tuipang section under
JICA ODA Loan assistance Phase-I Package-6
(NHIDCL)
(618381)","09/2019
(12/2019)","06/2023
(03/2025)","768.76
(768.76)",SRC-2025-12,07f56e5457c63192ae7b5b4036f975f7eb058a3364a25a87cdc6ce2369082401,93,92,All Ongoing Projects,6,pdfplumber_table,twelve_month_gate2:0.1.0,"pdf_page_index=93,table_index=logical8,row_index=9"
OBS-202512-01093,2025-12,1093,"Widening and up-gradation to 2-lane with paved shoulder configuration and geometric
improvements from km 298.00 to km 339.00 on Aizawl-Tuipang section under JICA
ODA Loan assistance Phase-I Package-7",NHIDCL,618382,-,-,Mizoram,09/2019,10/2020,04/2024,03/2025,605.76,750.32,0.01,100,"Widening and up-gradation to 2-lane with paved shoulder configuration and geometric
improvements from km 298.00 to km 339.00 on Aizawl-Tuipang section under JICA
ODA Loan assistance Phase-I Package-7
(NHIDCL)
(618382)","09/2019
(10/2020)","04/2024
(03/2025)","605.76
(750.32)",SRC-2025-12,07f56e5457c63192ae7b5b4036f975f7eb058a3364a25a87cdc6ce2369082401,93,92,All Ongoing Projects,6,pdfplumber_table,twelve_month_gate2:0.1.0,"pdf_page_index=93,table_index=logical8,row_index=10"
OBS-202512-01094,2025-12,1094,"Widening and up-gradation to 2-lane with paved shoulder configuration and geometric
improvements from km 339.00 to km 380.00 Siaha on Aizawl-Tuipang section under
JICA ODA Loan assistance Phase-I Package-8",NHIDCL,618383,-,-,Mizoram,09/2019,03/2020,09/2023,05/2025,637.06,637.06,101.89,99,"Widening and up-gradation to 2-lane with paved shoulder configuration and geometric
improvements from km 339.00 to km 380.00 Siaha on Aizawl-Tuipang section under
JICA ODA Loan assistance Phase-I Package-8
(NHIDCL)
(618383)","09/2019
(03/2020)","09/2023
(05/2025)","637.06
(637.06)",SRC-2025-12,07f56e5457c63192ae7b5b4036f975f7eb058a3364a25a87cdc6ce2369082401,93,92,All Ongoing Projects,6,pdfplumber_table,twelve_month_gate2:0.1.0,"pdf_page_index=93,table_index=logical8,row_index=11"
OBS-202512-01095,2025-12,1095,"Widening and Up-gradation to 2- Lane with Paved Shoulder Configuration and
geometric improvement from Km. 166. 000 to Km 208.000 Package-4 on Aizawl
Tuipang Section of NH-54 in the State of Mizoram Package-4",NHIDCL,618384,-,-,Mizoram,09/2019,10/2019,04/2023,09/2024,899.45,899.45,191.59,99,"Widening and Up-gradation to 2- Lane with Paved Shoulder Configuration and
geometric improvement from Km. 166. 000 to Km 208.000 Package-4 on Aizawl
Tuipang Section of NH-54 in the State of Mizoram Package-4
(NHIDCL)
(618384)","09/2019
(10/2019)","04/2023
(09/2024)","899.45
(899.45)",SRC-2025-12,07f56e5457c63192ae7b5b4036f975f7eb058a3364a25a87cdc6ce2369082401,93,92,All Ongoing Projects,6,pdfplumber_table,twelve_month_gate2:0.1.0,"pdf_page_index=93,table_index=logical8,row_index=12"
OBS-202512-01096,2025-12,1096,"6L Aluru - Jakkuva Section of NH-130CD Road from km 365.033 to km 396.800 Pkg.
1",National Highways Authority of India [NHAI],618681,-,-,"Multi-States
(Andhra Pradesh,
Odisha)",02/2021,03/2022,03/2024,04/2025,1216.12,1241.66,627.48,90,"6L Aluru - Jakkuva Section of NH-130CD Road from km 365.033 to km 396.800 Pkg.
1
(National Highways Authority of India [NHAI])
(618681)","02/2021
(03/2022)","03/2024
(04/2025)","1216.12
(1241.66)",SRC-2025-12,07f56e5457c63192ae7b5b4036f975f7eb058a3364a25a87cdc6ce2369082401,93,92,All Ongoing Projects,6,pdfplumber_table,twelve_month_gate2:0.1.0,"pdf_page_index=93,table_index=logical8,row_index=13"
OBS-202512-01097,2025-12,1097,"Bangalore Chennai Expressway Phase-III Package I Gudipala to Walajajhpet from
Km 156.000 to Km 180.000",National Highways Authority of India [NHAI],618477,-,-,"Multi-States
(Andhra Pradesh,
Tamil Nadu)",10/2020,05/2022,05/2024,08/2024,1481.87,1481.87,711.04,91,"Bangalore Chennai Expressway Phase-III Package I Gudipala to Walajajhpet from
Km 156.000 to Km 180.000
(National Highways Authority of India [NHAI])
(618477)","10/2020
(05/2022)","05/2024
(08/2024)","1481.87
(1481.87)",SRC-2025-12,07f56e5457c63192ae7b5b4036f975f7eb058a3364a25a87cdc6ce2369082401,93,92,All Ongoing Projects,6,pdfplumber_table,twelve_month_gate2:0.1.0,"pdf_page_index=93,table_index=logical8,row_index=14"
OBS-202512-01098,2025-12,1098,"6L of Veera Kaveri Raja Puram to Pondavakkam from km 61.380 to km 96.040 of NH
716B Pkg-III",National Highways Authority of India [NHAI],618634,-,-,"Multi-States
(Andhra Pradesh,
Tamil Nadu)",03/2021,01/2023,01/2025,-,1439.77,1439.77,685.44,98,"6L of Veera Kaveri Raja Puram to Pondavakkam from km 61.380 to km 96.040 of NH
716B Pkg-III
(National Highways Authority of India [NHAI])
(618634)","03/2021
(01/2023)","01/2025
(-)","1439.77
(1439.77)",SRC-2025-12,07f56e5457c63192ae7b5b4036f975f7eb058a3364a25a87cdc6ce2369082401,93,92,All Ongoing Projects,6,pdfplumber_table,twelve_month_gate2:0.1.0,"pdf_page_index=93,table_index=logical8,row_index=15"
OBS-202512-01099,2025-12,1099,6L of Varadharajula to Kumarajapet from km 0.000 to km 43.800 of NH-716B Pkg-I,National Highways Authority of India [NHAI],618771,-,-,"Multi-States
(Andhra Pradesh,
Tamil Nadu)",02/2021,12/2022,12/2024,08/2025,1924.75,1887.38,922.92,98,"6L of Varadharajula to Kumarajapet from km 0.000 to km 43.800 of NH-716B Pkg-I
(National Highways Authority of India [NHAI])
(618771)","02/2021
(12/2022)","12/2024
(08/2025)","1924.75
(1887.38)",SRC-2025-12,07f56e5457c63192ae7b5b4036f975f7eb058a3364a25a87cdc6ce2369082401,93,92,All Ongoing Projects,6,pdfplumber_table,twelve_month_gate2:0.1.0,"pdf_page_index=93,table_index=logical8,row_index=16"
OBS-202512-01100,2025-12,1100,"6L of Kumarajapet to Veera Kaveri Raja Puram from km 43.800 to km 61.380 of NH-
716B Pkg-II",National Highways Authority of India [NHAI],618772,-,-,"Multi-States
(Andhra Pradesh,
Tamil Nadu)",02/2021,10/2023,10/2025,-,702.52,799.36,354.34,92,"6L of Kumarajapet to Veera Kaveri Raja Puram from km 43.800 to km 61.380 of NH-
716B Pkg-II
(National Highways Authority of India [NHAI])
(618772)","02/2021
(10/2023)","10/2025
(-)","702.52
(799.36)",SRC-2025-12,07f56e5457c63192ae7b5b4036f975f7eb058a3364a25a87cdc6ce2369082401,93,92,All Ongoing Projects,6,pdfplumber_table,twelve_month_gate2:0.1.0,"pdf_page_index=93,table_index=logical8,row_index=17"
OBS-202512-01101,2025-12,1101,"Khammam-Devarapalle Pkg III [4L Access Controlled Greenfield from Chintagudem
village to Recherla village Design Chainage 63117 to 105236]",National Highways Authority of India [NHAI],618747,-,-,"Multi-States
(Andhra Pradesh,
Telangana)",01/2021,09/2022,10/2024,09/2025,829.5,1227.07,459.37,98,"Khammam-Devarapalle Pkg III [4L Access Controlled Greenfield from Chintagudem
village to Recherla village Design Chainage 63117 to 105236]
(National Highways Authority of India [NHAI])
(618747)","01/2021
(09/2022)","10/2024
(09/2025)","829.5
(1227.07)",SRC-2025-12,07f56e5457c63192ae7b5b4036f975f7eb058a3364a25a87cdc6ce2369082401,93,92,All Ongoing Projects,6,pdfplumber_table,twelve_month_gate2:0.1.0,"pdf_page_index=93,table_index=logical8,row_index=18"
OBS-202512-01102,2025-12,1102,"6L of Aurangabad to Bihar-Jharkhand border Chordaha section from km. 180.000 to
km. 209.827 of NH-2 PKG-01",National Highways Authority of India [NHAI],618531,-,-,"Multi-States
(Bihar, Jharkhand)",02/2021,12/2024,12/2026,-,1054.46,786.81,86,16,"6L of Aurangabad to Bihar-Jharkhand border Chordaha section from km. 180.000 to
km. 209.827 of NH-2 PKG-01
(National Highways Authority of India [NHAI])
(618531)","02/2021
(12/2024)","12/2026
(-)","1054.46
(786.81)",SRC-2025-12,07f56e5457c63192ae7b5b4036f975f7eb058a3364a25a87cdc6ce2369082401,93,92,All Ongoing Projects,6,pdfplumber_table,twelve_month_gate2:0.1.0,"pdf_page_index=93,table_index=logical8,row_index=19"
OBS-202512-01103,2025-12,1103,"6L of Aurangabad to Bihar-Jharkhand border Chordaha section from km. 209.827 to
Km. 249.525 of NH-19 PKG-02",National Highways Authority of India [NHAI],618532,-,-,"Multi-States
(Bihar, Jharkhand)",06/2021,03/2022,03/2024,04/2025,1822.46,738.11,565.91,92,"6L of Aurangabad to Bihar-Jharkhand border Chordaha section from km. 209.827 to
Km. 249.525 of NH-19 PKG-02
(National Highways Authority of India [NHAI])
(618532)","06/2021
(03/2022)","03/2024
(04/2025)","1822.46
(738.11)",SRC-2025-12,07f56e5457c63192ae7b5b4036f975f7eb058a3364a25a87cdc6ce2369082401,93,92,All Ongoing Projects,6,pdfplumber_table,twelve_month_gate2:0.1.0,"pdf_page_index=93,table_index=logical8,row_index=20"
OBS-202512-01104,2025-12,1104,Hariharganj to Parwa Mode section from km 23.284 to km 57.049 of NH-98,National Highways Authority of India [NHAI],618951,-,-,"Multi-States
(Bihar, Jharkhand)",09/2020,03/2022,02/2024,-,1125.78,1186.56,474.19,79,"Hariharganj to Parwa Mode section from km 23.284 to km 57.049 of NH-98
(National Highways Authority of India [NHAI])
(618951)","09/2020
(03/2022)","02/2024
(-)","1125.78
(1186.56)",SRC-2025-12,07f56e5457c63192ae7b5b4036f975f7eb058a3364a25a87cdc6ce2369082401,93,92,All Ongoing Projects,6,pdfplumber_table,twelve_month_gate2:0.1.0,"pdf_page_index=93,table_index=logical8,row_index=21"
OBS-202512-01105,2025-12,1105,4L of Sahibganj - Manihari Ganga Bridge including Manihari Bypass,National Highways Authority of India [NHAI],618952,-,-,"Multi-States
(Bihar, Jharkhand)",10/2016,11/2020,10/2024,12/2026,1954.77,1978.01,1679.16,81,"4L of Sahibganj - Manihari Ganga Bridge including Manihari Bypass
(National Highways Authority of India [NHAI])
(618952)","10/2016
(11/2020)","10/2024
(12/2026)","1954.77
(1978.01)",SRC-2025-12,07f56e5457c63192ae7b5b4036f975f7eb058a3364a25a87cdc6ce2369082401,94,93,All Ongoing Projects,6,pdfplumber_table,twelve_month_gate2:0.1.0,"pdf_page_index=94,table_index=logical8,row_index=3"
OBS-202512-01106,2025-12,1106,Six Laning of Varanasi to Aurangabad from km. 786.00 to km. 978.40 of Old NH-2,National Highways Authority of India [NHAI],618530,-,-,"Multi-States
(Bihar, Uttar
Pradesh)",NA,09/2011,03/2014,03/2014,3241.56,3241.56,20.97,94,"Six Laning of Varanasi to Aurangabad from km. 786.00 to km. 978.40 of Old NH-2
(National Highways Authority of India [NHAI])
(618530)","NA
(09/2011)","03/2014
(03/2014)","3241.56
(3241.56)",SRC-2025-12,07f56e5457c63192ae7b5b4036f975f7eb058a3364a25a87cdc6ce2369082401,94,93,All Ongoing Projects,6,pdfplumber_table,twelve_month_gate2:0.1.0,"pdf_page_index=94,table_index=logical8,row_index=4"
OBS-202512-01107,2025-12,1107,"6L of Dhanara - Hatibena Section from Km 124.611 to km 146.50 of NH-130-CD
Package OD-1",National Highways Authority of India [NHAI],618676,-,-,"Multi-States
(Chhattisgarh,
Odisha)",02/2021,03/2022,03/2024,12/2025,477.76,638.32,276.9,99,"6L of Dhanara - Hatibena Section from Km 124.611 to km 146.50 of NH-130-CD
Package OD-1
(National Highways Authority of India [NHAI])
(618676)","02/2021
(03/2022)","03/2024
(12/2025)","477.76
(638.32)",SRC-2025-12,07f56e5457c63192ae7b5b4036f975f7eb058a3364a25a87cdc6ce2369082401,94,93,All Ongoing Projects,6,pdfplumber_table,twelve_month_gate2:0.1.0,"pdf_page_index=94,table_index=logical8,row_index=5"
OBS-202512-01108,2025-12,1108,"Balance work of 2L PS from Km 30.800 to Km 70.800 and 2L with Rigid Carriageway
from Km 70.800 to km 84.120 of Khanapur- KA/GOA Border section of NH-4A",National Highways Authority of India [NHAI],618942,-,-,"Multi-States (Goa,
Karnataka)",01/2022,11/2022,05/2024,03/2026,226.76,149.44,102.44,77,"Balance work of 2L PS from Km 30.800 to Km 70.800 and 2L with Rigid Carriageway
from Km 70.800 to km 84.120 of Khanapur- KA/GOA Border section of NH-4A
(National Highways Authority of India [NHAI])
(618942)","01/2022
(11/2022)","05/2024
(03/2026)","226.76
(149.44)",SRC-2025-12,07f56e5457c63192ae7b5b4036f975f7eb058a3364a25a87cdc6ce2369082401,94,93,All Ongoing Projects,6,pdfplumber_table,twelve_month_gate2:0.1.0,"pdf_page_index=94,table_index=logical8,row_index=6"
OBS-202512-01109,2025-12,1109,Bal. Works of Fagne Km. 510.000 to Maharashtra/Gujarat Border Km. 650.794,National Highways Authority of India [NHAI],618637,-,-,"Multi-States
(Gujarat,
Maharashtra)",12/2019,09/2020,09/2022,06/2024,1654.07,1672.89,1293.06,84,"Bal. Works of Fagne Km. 510.000 to Maharashtra/Gujarat Border Km. 650.794
(National Highways Authority of India [NHAI])
(618637)","12/2019
(09/2020)","09/2022
(06/2024)","1654.07
(1672.89)",SRC-2025-12,07f56e5457c63192ae7b5b4036f975f7eb058a3364a25a87cdc6ce2369082401,94,93,All Ongoing Projects,6,pdfplumber_table,twelve_month_gate2:0.1.0,"pdf_page_index=94,table_index=logical8,row_index=7"
OBS-202512-01110,2025-12,1110,"4L Greenfield a Malout bypass from ch. Km 44.500 to ch. Km 35.500 on NH-07 and
Ch. Km 0.000 to Km 6.984 on NH-09 bMandi Dabwali Bypass from Ch. 38.450 Km to
Km 27.910 Pkg-02",National Highways Authority of India [NHAI],618760,-,-,"Multi-States
(Haryana, Punjab)",11/2021,12/2022,07/2024,12/2024,646.42,556.09,549.18,95,"4L Greenfield a Malout bypass from ch. Km 44.500 to ch. Km 35.500 on NH-07 and
Ch. Km 0.000 to Km 6.984 on NH-09 bMandi Dabwali Bypass from Ch. 38.450 Km to
Km 27.910 Pkg-02
(National Highways Authority of India [NHAI])
(618760)","11/2021
(12/2022)","07/2024
(12/2024)","646.42
(556.09)",SRC-2025-12,07f56e5457c63192ae7b5b4036f975f7eb058a3364a25a87cdc6ce2369082401,94,93,All Ongoing Projects,6,pdfplumber_table,twelve_month_gate2:0.1.0,"pdf_page_index=94,table_index=logical8,row_index=8"
OBS-202512-01111,2025-12,1111,4L Ambala - Kalaamb from Km. -0.800 to Km. 33.015 of old NH-72,National Highways Authority of India [NHAI],618935,-,-,"Multi-States
(Haryana, Punjab)",10/2022,06/2023,06/2025,-,1183.7,1190.34,450.53,99,"4L Ambala - Kalaamb from Km. -0.800 to Km. 33.015 of old NH-72
(National Highways Authority of India [NHAI])
(618935)","10/2022
(06/2023)","06/2025
(-)","1183.7
(1190.34)",SRC-2025-12,07f56e5457c63192ae7b5b4036f975f7eb058a3364a25a87cdc6ce2369082401,94,93,All Ongoing Projects,6,pdfplumber_table,twelve_month_gate2:0.1.0,"pdf_page_index=94,table_index=logical8,row_index=9"
OBS-202512-01112,2025-12,1112,"Additional Structures on 6LGurgaon-Jaipur Section of NH-48 between KM 42.700 to
KM 273.00",National Highways Authority of India [NHAI],618505,-,-,"Multi-States
(Haryana,
Rajasthan)",08/2022,12/2022,06/2024,-,409.64,290.64,185.01,85,"Additional Structures on 6LGurgaon-Jaipur Section of NH-48 between KM 42.700 to
KM 273.00
(National Highways Authority of India [NHAI])
(618505)","08/2022
(12/2022)","06/2024
(-)","409.64
(290.64)",SRC-2025-12,07f56e5457c63192ae7b5b4036f975f7eb058a3364a25a87cdc6ce2369082401,94,93,All Ongoing Projects,6,pdfplumber_table,twelve_month_gate2:0.1.0,"pdf_page_index=94,table_index=logical8,row_index=10"
OBS-202512-01113,2025-12,1113,"6L access Controlled Greenfield Highway from Ranipur Barsi to Adhoya Musalmana
section of Shamli -Ambala Package-II Design Ch. Form km 45.500 to km 84.400",National Highways Authority of India [NHAI],618723,-,-,"Multi-States
(Haryana, Uttar
Pradesh)",06/2022,05/2023,05/2025,12/2025,1554.21,1241.89,674.25,70,"6L access Controlled Greenfield Highway from Ranipur Barsi to Adhoya Musalmana
section of Shamli -Ambala Package-II Design Ch. Form km 45.500 to km 84.400
(National Highways Authority of India [NHAI])
(618723)","06/2022
(05/2023)","05/2025
(12/2025)","1554.21
(1241.89)",SRC-2025-12,07f56e5457c63192ae7b5b4036f975f7eb058a3364a25a87cdc6ce2369082401,94,93,All Ongoing Projects,6,pdfplumber_table,twelve_month_gate2:0.1.0,"pdf_page_index=94,table_index=logical8,row_index=11"
OBS-202512-01114,2025-12,1114,4L from Km 219.600 Khajuri to Km 260.483 Wyndhamganj on NH-75 Sec-V,National Highways Authority of India [NHAI],618828,-,-,"Multi-States
(Jharkhand, Uttar
Pradesh)",03/2022,09/2023,09/2025,-,1436.49,1465.55,826.55,90,"4L from Km 219.600 Khajuri to Km 260.483 Wyndhamganj on NH-75 Sec-V
(National Highways Authority of India [NHAI])
(618828)","03/2022
(09/2023)","09/2025
(-)","1436.49
(1465.55)",SRC-2025-12,07f56e5457c63192ae7b5b4036f975f7eb058a3364a25a87cdc6ce2369082401,94,93,All Ongoing Projects,6,pdfplumber_table,twelve_month_gate2:0.1.0,"pdf_page_index=94,table_index=logical8,row_index=12"
OBS-202512-01115,2025-12,1115,Barwa Adda Km. 398.240 to Panagarh Km. 521.120,National Highways Authority of India [NHAI],618533,-,-,"Multi-States
(Jharkhand, West
Bengal)",08/2010,04/2014,09/2016,-,1560.39,1568.22,6.98,100,"Barwa Adda Km. 398.240 to Panagarh Km. 521.120
(National Highways Authority of India [NHAI])
(618533)","08/2010
(04/2014)","09/2016
(-)","1560.39
(1568.22)",SRC-2025-12,07f56e5457c63192ae7b5b4036f975f7eb058a3364a25a87cdc6ce2369082401,94,93,All Ongoing Projects,6,pdfplumber_table,twelve_month_gate2:0.1.0,"pdf_page_index=94,table_index=logical8,row_index=13"
OBS-202512-01116,2025-12,1116,"2L PS of JH / WB Border km. 70.524 - Purulia km.84.400 & Purulia km. 94.30 -
Chandil Junction with NH-33 km. 153.705 of Old NH-32",National Highways Authority of India [NHAI],618909,-,-,"Multi-States
(Jharkhand, West
Bengal)",03/2018,12/2019,08/2022,12/2025,1652.4,1771.88,741.05,97,"2L PS of JH / WB Border km. 70.524 - Purulia km.84.400 & Purulia km. 94.30 -
Chandil Junction with NH-33 km. 153.705 of Old NH-32
(National Highways Authority of India [NHAI])
(618909)","03/2018
(12/2019)","08/2022
(12/2025)","1652.4
(1771.88)",SRC-2025-12,07f56e5457c63192ae7b5b4036f975f7eb058a3364a25a87cdc6ce2369082401,94,93,All Ongoing Projects,6,pdfplumber_table,twelve_month_gate2:0.1.0,"pdf_page_index=94,table_index=logical8,row_index=14"
OBS-202512-01117,2025-12,1117,"6L from Belgaum to Sankeshwar Bypass from Km. 515.000 to Km. 555.017 of NH-48
Pkg-I",National Highways Authority of India [NHAI],618515,-,-,"Multi-States
(Karnataka,
Maharashtra)",11/2021,10/2022,04/2025,12/2025,1479.3,1237.04,1110.53,95,"6L from Belgaum to Sankeshwar Bypass from Km. 515.000 to Km. 555.017 of NH-48
Pkg-I
(National Highways Authority of India [NHAI])
(618515)","11/2021
(10/2022)","04/2025
(12/2025)","1479.3
(1237.04)",SRC-2025-12,07f56e5457c63192ae7b5b4036f975f7eb058a3364a25a87cdc6ce2369082401,94,93,All Ongoing Projects,6,pdfplumber_table,twelve_month_gate2:0.1.0,"pdf_page_index=94,table_index=logical8,row_index=15"
OBS-202512-01118,2025-12,1118,"6L from Sankeshwar Bypass to MH-KNT Border from Km. 555.017 to Km. 592.853 of
NH-48 Pkg-II",National Highways Authority of India [NHAI],618516,-,-,"Multi-States
(Karnataka,
Maharashtra)",01/2022,10/2022,04/2025,10/2026,1388.7,1066.86,989.21,75,"6L from Sankeshwar Bypass to MH-KNT Border from Km. 555.017 to Km. 592.853 of
NH-48 Pkg-II
(National Highways Authority of India [NHAI])
(618516)","01/2022
(10/2022)","04/2025
(10/2026)","1388.7
(1066.86)",SRC-2025-12,07f56e5457c63192ae7b5b4036f975f7eb058a3364a25a87cdc6ce2369082401,94,93,All Ongoing Projects,6,pdfplumber_table,twelve_month_gate2:0.1.0,"pdf_page_index=94,table_index=logical8,row_index=16"
OBS-202512-01119,2025-12,1119,"Bangalore Ring Road STRR-NH-948A- Package-I of Phase-III from Belagondapalli TN
to TN/KNT border from km 144.480 to 179.969",National Highways Authority of India [NHAI],618519,-,-,"Multi-States
(Karnataka, Tamil
Nadu)",03/2022,05/2023,05/2025,-,1260.74,1218.47,496.7,58,"Bangalore Ring Road STRR-NH-948A- Package-I of Phase-III from Belagondapalli TN
to TN/KNT border from km 144.480 to 179.969
(National Highways Authority of India [NHAI])
(618519)","03/2022
(05/2023)","05/2025
(-)","1260.74
(1218.47)",SRC-2025-12,07f56e5457c63192ae7b5b4036f975f7eb058a3364a25a87cdc6ce2369082401,94,93,All Ongoing Projects,6,pdfplumber_table,twelve_month_gate2:0.1.0,"pdf_page_index=94,table_index=logical8,row_index=17"
OBS-202512-01120,2025-12,1120,Hosur to Dhamrapuri Pkg-1 [Neraluru - Thorapalli Agraharam],National Highways Authority of India [NHAI],618581,-,-,"Multi-States
(Karnataka, Tamil
Nadu)",10/2021,10/2022,10/2024,08/2025,1757.27,1828.66,902.32,55,"Hosur to Dhamrapuri Pkg-1 [Neraluru - Thorapalli Agraharam]
(National Highways Authority of India [NHAI])
(618581)","10/2021
(10/2022)","10/2024
(08/2025)","1757.27
(1828.66)",SRC-2025-12,07f56e5457c63192ae7b5b4036f975f7eb058a3364a25a87cdc6ce2369082401,94,93,All Ongoing Projects,6,pdfplumber_table,twelve_month_gate2:0.1.0,"pdf_page_index=94,table_index=logical8,row_index=18"
OBS-202512-01121,2025-12,1121,"6L Access Controlled Greenfield Highway of Nandinne village to Julekal village from
Km 202.900 to Km 242.200 Pkg-1",National Highways Authority of India [NHAI],618632,-,-,"Multi-States
(Karnataka,
Telangana)",02/2022,01/2023,01/2025,09/2025,972.06,1044.06,404.06,73,"6L Access Controlled Greenfield Highway of Nandinne village to Julekal village from
Km 202.900 to Km 242.200 Pkg-1
(National Highways Authority of India [NHAI])
(618632)","02/2022
(01/2023)","01/2025
(09/2025)","972.06
(1044.06)",SRC-2025-12,07f56e5457c63192ae7b5b4036f975f7eb058a3364a25a87cdc6ce2369082401,94,93,All Ongoing Projects,6,pdfplumber_table,twelve_month_gate2:0.1.0,"pdf_page_index=94,table_index=logical8,row_index=19"
OBS-202512-01122,2025-12,1122,"4L of Rajura-Korpana-Adilabad Road upto M.S. Border from km 32.910 to km 89.090
of NH-353B",National Highways Authority of India [NHAI],618938,-,-,"Multi-States
(Maharashtra,
Telangana)",03/2022,10/2022,10/2024,04/2025,1013.33,1274.63,546.48,89,"4L of Rajura-Korpana-Adilabad Road upto M.S. Border from km 32.910 to km 89.090
of NH-353B
(National Highways Authority of India [NHAI])
(618938)","03/2022
(10/2022)","10/2024
(04/2025)","1013.33
(1274.63)",SRC-2025-12,07f56e5457c63192ae7b5b4036f975f7eb058a3364a25a87cdc6ce2369082401,94,93,All Ongoing Projects,6,pdfplumber_table,twelve_month_gate2:0.1.0,"pdf_page_index=94,table_index=logical8,row_index=20"
OBS-202512-01123,2025-12,1123,Puducherry Km.29.000 to Poondiyankuppam Km.67.000,National Highways Authority of India [NHAI],618845,-,-,"Multi-States
(Puducherry, Tamil
Nadu)",03/2018,11/2021,11/2023,03/2024,1588.4,1415.9,277.19,98,"Puducherry Km.29.000 to Poondiyankuppam Km.67.000
(National Highways Authority of India [NHAI])
(618845)","03/2018
(11/2021)","11/2023
(03/2024)","1588.4
(1415.9)",SRC-2025-12,07f56e5457c63192ae7b5b4036f975f7eb058a3364a25a87cdc6ce2369082401,94,93,All Ongoing Projects,6,pdfplumber_table,twelve_month_gate2:0.1.0,"pdf_page_index=94,table_index=logical8,row_index=21"
OBS-202512-01124,2025-12,1124,Sattanathapuram to Nagapattinam from Km 123.800 to Km 179.555,National Highways Authority of India [NHAI],618847,-,-,"Multi-States
(Puducherry, Tamil
Nadu)",03/2018,10/2020,10/2022,01/2026,2899.77,2899.77,1011.67,75,"Sattanathapuram to Nagapattinam from Km 123.800 to Km 179.555
(National Highways Authority of India [NHAI])
(618847)","03/2018
(10/2020)","10/2022
(01/2026)","2899.77
(2899.77)",SRC-2025-12,07f56e5457c63192ae7b5b4036f975f7eb058a3364a25a87cdc6ce2369082401,94,93,All Ongoing Projects,6,pdfplumber_table,twelve_month_gate2:0.1.0,"pdf_page_index=94,table_index=logical8,row_index=22"
OBS-202512-01125,2025-12,1125,"6L with access control provision Saharanpur bypass to Ganeshpur section from 13.89
Km to 41.820 Km of Delhi- Dehradun Economic Corridor package-2",National Highways Authority of India [NHAI],618711,-,-,"Multi-States (Uttar
Pradesh,
Uttarakhand)",04/2022,11/2022,11/2024,12/2024,796.65,560.03,494.44,98,"6L with access control provision Saharanpur bypass to Ganeshpur section from 13.89
Km to 41.820 Km of Delhi- Dehradun Economic Corridor package-2
(National Highways Authority of India [NHAI])
(618711)","04/2022
(11/2022)","11/2024
(12/2024)","796.65
(560.03)",SRC-2025-12,07f56e5457c63192ae7b5b4036f975f7eb058a3364a25a87cdc6ce2369082401,94,93,All Ongoing Projects,6,pdfplumber_table,twelve_month_gate2:0.1.0,"pdf_page_index=94,table_index=logical8,row_index=23"
OBS-202512-01126,2025-12,1126,"Improvement & Up-gradation of NH-734 Section of Moradabad-Thakurdwara Kashipur
including Moradabad & Kashipur Bypasse Package-III Kashipur Bypass Length
14.490 Km., Starts from Ch. 38770 and ends at Ch. 53260 existing Ch. 05560",National Highways Authority of India [NHAI],618928,-,-,"Multi-States (Uttar
Pradesh,
Uttarakhand)",02/2023,03/2024,09/2025,06/2026,936.12,717.5,271.44,30,"Improvement & Up-gradation of NH-734 Section of Moradabad-Thakurdwara Kashipur
including Moradabad & Kashipur Bypasse Package-III Kashipur Bypass Length
14.490 Km., Starts from Ch. 38770 and ends at Ch. 53260 existing Ch. 05560
(National Highways Authority of India [NHAI])
(618928)","02/2023
(03/2024)","09/2025
(06/2026)","936.12
(717.5)",SRC-2025-12,07f56e5457c63192ae7b5b4036f975f7eb058a3364a25a87cdc6ce2369082401,94,93,All Ongoing Projects,6,pdfplumber_table,twelve_month_gate2:0.1.0,"pdf_page_index=94,table_index=logical8,row_index=24"
OBS-202512-01127,2025-12,1127,4/6L of Spur to Haridwar Greenfield from Km. 0.000 to Km. 50.70,National Highways Authority of India [NHAI],618969,-,-,"Multi-States (Uttar
Pradesh,
Uttarakhand)",11/2021,02/2023,02/2025,03/2026,2155.95,2612.3,1375.08,90,"4/6L of Spur to Haridwar Greenfield from Km. 0.000 to Km. 50.70
(National Highways Authority of India [NHAI])
(618969)","11/2021
(02/2023)","02/2025
(03/2026)","2155.95
(2612.3)",SRC-2025-12,07f56e5457c63192ae7b5b4036f975f7eb058a3364a25a87cdc6ce2369082401,94,93,All Ongoing Projects,6,pdfplumber_table,twelve_month_gate2:0.1.0,"pdf_page_index=94,table_index=logical8,row_index=25"
OBS-202512-01128,2025-12,1128,"Widening of existing Single lane / Intermediate lane road to 2 lane from Km 101 to Km
125 of NH 61",MoRTH,617886,-,-,Nagaland,06/2020,06/2024,06/2026,-,252.2,252.2,0,41,"Widening of existing Single lane / Intermediate lane road to 2 lane from Km 101 to Km
125 of NH 61
(MoRTH)
(617886)","06/2020
(06/2024)","06/2026
(-)","252.2
(252.2)",SRC-2025-12,07f56e5457c63192ae7b5b4036f975f7eb058a3364a25a87cdc6ce2369082401,94,93,All Ongoing Projects,6,pdfplumber_table,twelve_month_gate2:0.1.0,"pdf_page_index=94,table_index=logical8,row_index=26"
OBS-202512-01129,2025-12,1129,"Widening of existing single lane to intermediate lane road from Mokokchung to Chare
via Dikhu in the state of Nagaland on EPC mode",MoRTH,618002,-,-,Nagaland,02/2021,06/2023,06/2025,-,192.93,192.93,99.65,0,"Widening of existing single lane to intermediate lane road from Mokokchung to Chare
via Dikhu in the state of Nagaland on EPC mode
(MoRTH)
(618002)","02/2021
(06/2023)","06/2025
(-)","192.93
(192.93)",SRC-2025-12,07f56e5457c63192ae7b5b4036f975f7eb058a3364a25a87cdc6ce2369082401,94,93,All Ongoing Projects,6,pdfplumber_table,twelve_month_gate2:0.1.0,"pdf_page_index=94,table_index=logical8,row_index=27"
OBS-202512-01130,2025-12,1130,"Widening to Existing single lane /intermediate lane to 2 lane from Km185.00 to Km
220.00 of NH-61 New NH-02 in the state of Nagaland.",MoRTH,618072,-,-,Nagaland,03/2021,07/2022,07/2024,03/2025,297.25,297.25,128.97,85,"Widening to Existing single lane /intermediate lane to 2 lane from Km185.00 to Km
220.00 of NH-61 New NH-02 in the state of Nagaland.
(MoRTH)
(618072)","03/2021
(07/2022)","07/2024
(03/2025)","297.25
(297.25)",SRC-2025-12,07f56e5457c63192ae7b5b4036f975f7eb058a3364a25a87cdc6ce2369082401,94,93,All Ongoing Projects,6,pdfplumber_table,twelve_month_gate2:0.1.0,"pdf_page_index=94,table_index=logical8,row_index=28"
OBS-202512-01131,2025-12,1131,"Construction of 2-lane with Paved shoulder of Kohima- Bypass Road Connecting NH-
39New NH-02, NH-150New NH-02, NH-61New NH-29, NH-39New NH-02 from Design
Km 32.00 to Design Km 43.454Design Length-11.454 Km in the State of Nagaland
under SARDP-NE on EPC Mode Package-IV",NHIDCL,618290,-,-,Nagaland,07/2020,10/2020,04/2022,02/2025,202.36,202.36,0,0,"Construction of 2-lane with Paved shoulder of Kohima- Bypass Road Connecting NH-
39New NH-02, NH-150New NH-02, NH-61New NH-29, NH-39New NH-02 from Design
Km 32.00 to Design Km 43.454Design Length-11.454 Km in the State of Nagaland
under SARDP-NE on EPC Mode Package-IV
(NHIDCL)
(618290)","07/2020
(10/2020)","04/2022
(02/2025)","202.36
(202.36)",SRC-2025-12,07f56e5457c63192ae7b5b4036f975f7eb058a3364a25a87cdc6ce2369082401,95,94,All Ongoing Projects,6,pdfplumber_table,twelve_month_gate2:0.1.0,"pdf_page_index=95,table_index=logical8,row_index=1"
OBS-202512-01132,2025-12,1132,"Construction of 2-lane with Paved shoulder of Kohima-Bypass Road connecting NH-
39 New NH-02, NH150New NH-02, NH7-61 New NH-29 and NH-39 New NH-02 from
Design km 21.000 to km 32.268 [Design length11.268 km] in the state of Nagaland
Under SARDP-NE on EPC Mode Package- 3",NHIDCL,618291,-,-,Nagaland,07/2020,06/2023,06/2025,-,159.85,342.29,0,0,"Construction of 2-lane with Paved shoulder of Kohima-Bypass Road connecting NH-
39 New NH-02, NH150New NH-02, NH7-61 New NH-29 and NH-39 New NH-02 from
Design km 21.000 to km 32.268 [Design length11.268 km] in the state of Nagaland
Under SARDP-NE on EPC Mode Package- 3
(NHIDCL)
(618291)","07/2020
(06/2023)","06/2025
(-)","159.85
(342.29)",SRC-2025-12,07f56e5457c63192ae7b5b4036f975f7eb058a3364a25a87cdc6ce2369082401,95,94,All Ongoing Projects,6,pdfplumber_table,twelve_month_gate2:0.1.0,"pdf_page_index=95,table_index=logical8,row_index=2"
OBS-202512-01133,2025-12,1133,"Construction of 2-Lane with paved shoulder of Kohima-Bypass Road connecting New
NH-02 and New NH-29 from Design Km 10.500 to design Km 21.000 [Design Length-
10.500 km] including TUNNEL of 500m at Ch. 11.000 in the state of Nagaland Under
SARDP-NE on EPC Mode Package-2",NHIDCL,618292,-,-,Nagaland,07/2020,10/2020,10/2022,01/2024,277.44,277.44,0,0,"Construction of 2-Lane with paved shoulder of Kohima-Bypass Road connecting New
NH-02 and New NH-29 from Design Km 10.500 to design Km 21.000 [Design Length-
10.500 km] including TUNNEL of 500m at Ch. 11.000 in the state of Nagaland Under
SARDP-NE on EPC Mode Package-2
(NHIDCL)
(618292)","07/2020
(10/2020)","10/2022
(01/2024)","277.44
(277.44)",SRC-2025-12,07f56e5457c63192ae7b5b4036f975f7eb058a3364a25a87cdc6ce2369082401,95,94,All Ongoing Projects,6,pdfplumber_table,twelve_month_gate2:0.1.0,"pdf_page_index=95,table_index=logical8,row_index=3"
OBS-202512-01134,2025-12,1134,"Construction of 2-Lane with paved shoulder of Kohima-Bypass Road connecting NH-
39New NH-02, NH-150New NH-02, NH-61New NH-29 and NH-39New NH-02 from
design Km 0.00 to Km 10.500 in the State of Nagaland under SARDP-NE on EPC
Mode Package-1 -Balance work",NHIDCL,618293,-,-,Nagaland,07/2020,11/2023,11/2026,-,232.29,350.88,0,20,"Construction of 2-Lane with paved shoulder of Kohima-Bypass Road connecting NH-
39New NH-02, NH-150New NH-02, NH-61New NH-29 and NH-39New NH-02 from
design Km 0.00 to Km 10.500 in the State of Nagaland under SARDP-NE on EPC
Mode Package-1 -Balance work
(NHIDCL)
(618293)","07/2020
(11/2023)","11/2026
(-)","232.29
(350.88)",SRC-2025-12,07f56e5457c63192ae7b5b4036f975f7eb058a3364a25a87cdc6ce2369082401,95,94,All Ongoing Projects,6,pdfplumber_table,twelve_month_gate2:0.1.0,"pdf_page_index=95,table_index=logical8,row_index=4"
OBS-202512-01135,2025-12,1135,"Balance work of Construction of 2-lane with hard shoulder of Kohima - Jessami road
on NH-29 old NH-150 from existing km 98.380 near Chizami vill. to km120.367
Nagaland/Manipur Border [Design km 95.700 to design km 117.200] [Design Length
21.500 km] in the state of Nagaland Under Bharatmala Pariyojna on EPC Mode
Package-V under NHO",NHIDCL,618296,-,-,Nagaland,03/2020,11/2023,11/2025,-,330.8,330.8,0,91,"Balance work of Construction of 2-lane with hard shoulder of Kohima - Jessami road
on NH-29 old NH-150 from existing km 98.380 near Chizami vill. to km120.367
Nagaland/Manipur Border [Design km 95.700 to design km 117.200] [Design Length
21.500 km] in the state of Nagaland Under Bharatmala Pariyojna on EPC Mode
Package-V under NHO
(NHIDCL)
(618296)","03/2020
(11/2023)","11/2025
(-)","330.8
(330.8)",SRC-2025-12,07f56e5457c63192ae7b5b4036f975f7eb058a3364a25a87cdc6ce2369082401,95,94,All Ongoing Projects,6,pdfplumber_table,twelve_month_gate2:0.1.0,"pdf_page_index=95,table_index=logical8,row_index=5"
OBS-202512-01136,2025-12,1136,"Construction of 2-lane with hard shoulder of Kohima - Jessami road on NH-29 Old NH-
150 from existing Km 30.474 Near Kidwema road Chakahabama to existing Km
53.220 Near Kikruma Village Design Km 29.60 to Km 51.50 Design length-21.90 Km
in the state of Nagaland Under Bharatmala Pariyojna on EPC Mode under NHO
Package-II -Balance work",NHIDCL,618297,-,-,Nagaland,03/2020,01/2024,01/2026,-,355.79,355.79,0,29,"Construction of 2-lane with hard shoulder of Kohima - Jessami road on NH-29 Old NH-
150 from existing Km 30.474 Near Kidwema road Chakahabama to existing Km
53.220 Near Kikruma Village Design Km 29.60 to Km 51.50 Design length-21.90 Km
in the state of Nagaland Under Bharatmala Pariyojna on EPC Mode under NHO
Package-II -Balance work
(NHIDCL)
(618297)","03/2020
(01/2024)","01/2026
(-)","355.79
(355.79)",SRC-2025-12,07f56e5457c63192ae7b5b4036f975f7eb058a3364a25a87cdc6ce2369082401,95,94,All Ongoing Projects,6,pdfplumber_table,twelve_month_gate2:0.1.0,"pdf_page_index=95,table_index=logical8,row_index=6"
OBS-202512-01137,2025-12,1137,"4-Laning of Balance work of Dimapur-Kohima Road from design km 152.490 to km
166.700 Existing km 156.000 to km 172.900 Excluding Dimapur & Kohima Bypass
under SARDP-NE Package-III",NHIDCL,618328,-,-,Nagaland,03/2016,09/2023,09/2025,-,562.98,794.75,0,0,"4-Laning of Balance work of Dimapur-Kohima Road from design km 152.490 to km
166.700 Existing km 156.000 to km 172.900 Excluding Dimapur & Kohima Bypass
under SARDP-NE Package-III
(NHIDCL)
(618328)","03/2016
(09/2023)","09/2025
(-)","562.98
(794.75)",SRC-2025-12,07f56e5457c63192ae7b5b4036f975f7eb058a3364a25a87cdc6ce2369082401,95,94,All Ongoing Projects,6,pdfplumber_table,twelve_month_gate2:0.1.0,"pdf_page_index=95,table_index=logical8,row_index=7"
OBS-202512-01138,2025-12,1138,"Construction of 4/6 Laning from Km 132.375 to Km 153.058 Total New Alignment
length of 20.683 Km of Daboka-Dimapur Section Dimapur Bypass Nagaland Portion
of NH-36 & 39 in the State of Nagaland on EPC basis under PhaseA of SARDP-NE",NHIDCL,618329,-,-,Nagaland,02/2017,09/2017,09/2020,02/2023,819.39,819.39,0,0,"Construction of 4/6 Laning from Km 132.375 to Km 153.058 Total New Alignment
length of 20.683 Km of Daboka-Dimapur Section Dimapur Bypass Nagaland Portion
of NH-36 & 39 in the State of Nagaland on EPC basis under PhaseA of SARDP-NE
(NHIDCL)
(618329)","02/2017
(09/2017)","09/2020
(02/2023)","819.39
(819.39)",SRC-2025-12,07f56e5457c63192ae7b5b4036f975f7eb058a3364a25a87cdc6ce2369082401,95,94,All Ongoing Projects,6,pdfplumber_table,twelve_month_gate2:0.1.0,"pdf_page_index=95,table_index=logical8,row_index=8"
OBS-202512-01139,2025-12,1139,"Widening to 2 Lane with Hard shoulder of Akegwo-Avangkhu section of NH-202K for
Package-I Design Chainage 0000 Km to 34795 Km, in the State of Nagaland on EPC
mode under NH O-NE",NHIDCL,618364,-,-,Nagaland,12/2022,08/2023,02/2026,-,430.24,430.24,0,78,"Widening to 2 Lane with Hard shoulder of Akegwo-Avangkhu section of NH-202K for
Package-I Design Chainage 0000 Km to 34795 Km, in the State of Nagaland on EPC
mode under NH O-NE
(NHIDCL)
(618364)","12/2022
(08/2023)","02/2026
(-)","430.24
(430.24)",SRC-2025-12,07f56e5457c63192ae7b5b4036f975f7eb058a3364a25a87cdc6ce2369082401,95,94,All Ongoing Projects,6,pdfplumber_table,twelve_month_gate2:0.1.0,"pdf_page_index=95,table_index=logical8,row_index=9"
OBS-202512-01140,2025-12,1140,"Widening to 2 Lane with Hard shoulder of Akegwo-Avangkhu section of NH-202K for
Package-III Design Chainage 69875 Km to 106816 Km in the State of Nagaland on
EPC mode under NHO-NE",NHIDCL,618365,-,-,Nagaland,12/2022,08/2023,02/2026,-,497.18,497.18,0,80,"Widening to 2 Lane with Hard shoulder of Akegwo-Avangkhu section of NH-202K for
Package-III Design Chainage 69875 Km to 106816 Km in the State of Nagaland on
EPC mode under NHO-NE
(NHIDCL)
(618365)","12/2022
(08/2023)","02/2026
(-)","497.18
(497.18)",SRC-2025-12,07f56e5457c63192ae7b5b4036f975f7eb058a3364a25a87cdc6ce2369082401,95,94,All Ongoing Projects,6,pdfplumber_table,twelve_month_gate2:0.1.0,"pdf_page_index=95,table_index=logical8,row_index=10"
OBS-202512-01141,2025-12,1141,"Widening to 2 Lane with Hard shoulder of Akegwo-Avangkhu section of NH-202K for
Package-II Design Chainage 34795 Km to 69875 Km in the State of Nagaland on EPC
mode under NHO-NE",NHIDCL,618366,-,-,Nagaland,12/2022,08/2023,02/2026,-,442.54,442.54,0,38,"Widening to 2 Lane with Hard shoulder of Akegwo-Avangkhu section of NH-202K for
Package-II Design Chainage 34795 Km to 69875 Km in the State of Nagaland on EPC
mode under NHO-NE
(NHIDCL)
(618366)","12/2022
(08/2023)","02/2026
(-)","442.54
(442.54)",SRC-2025-12,07f56e5457c63192ae7b5b4036f975f7eb058a3364a25a87cdc6ce2369082401,95,94,All Ongoing Projects,6,pdfplumber_table,twelve_month_gate2:0.1.0,"pdf_page_index=95,table_index=logical8,row_index=11"
OBS-202512-01142,2025-12,1142,"Construction of 2 laning with Hard shoulder of Peren-Dimapur section on NH 129A
from Design Km 146.208 to Km 163.592 Length- 17.384 km in the state of Nagaland
on EPC mode under NHO-TSP Package-III",NHIDCL,618413,-,-,Nagaland,02/2021,06/2023,06/2025,11/2025,177.77,199.02,0,76,"Construction of 2 laning with Hard shoulder of Peren-Dimapur section on NH 129A
from Design Km 146.208 to Km 163.592 Length- 17.384 km in the state of Nagaland
on EPC mode under NHO-TSP Package-III
(NHIDCL)
(618413)","02/2021
(06/2023)","06/2025
(11/2025)","177.77
(199.02)",SRC-2025-12,07f56e5457c63192ae7b5b4036f975f7eb058a3364a25a87cdc6ce2369082401,95,94,All Ongoing Projects,6,pdfplumber_table,twelve_month_gate2:0.1.0,"pdf_page_index=95,table_index=logical8,row_index=12"
OBS-202512-01143,2025-12,1143,"Construction of Balance work for 2-lane with hard shoulder of Peren- Dimapur section
on NH-129A from Design Km 126.775 to Km 146.208 Length 19.433 Km in the state
of Nagaland on EPC mode under NHO-TSP Package-II",NHIDCL,618414,-,-,Nagaland,01/2021,09/2023,09/2025,-,258.52,258.52,0,0,"Construction of Balance work for 2-lane with hard shoulder of Peren- Dimapur section
on NH-129A from Design Km 126.775 to Km 146.208 Length 19.433 Km in the state
of Nagaland on EPC mode under NHO-TSP Package-II
(NHIDCL)
(618414)","01/2021
(09/2023)","09/2025
(-)","258.52
(258.52)",SRC-2025-12,07f56e5457c63192ae7b5b4036f975f7eb058a3364a25a87cdc6ce2369082401,95,94,All Ongoing Projects,6,pdfplumber_table,twelve_month_gate2:0.1.0,"pdf_page_index=95,table_index=logical8,row_index=13"
OBS-202512-01144,2025-12,1144,"Construction of 2-lane with hard shoulders of Merangkong-Tamlu-Mon road Wakching
Twon portion on EPC basis from existing Chainage Km 59000 to Km 73640 [Design
Km. 59000 to Km, 72450] Design length - 13.450 Km under SARDP-NE package-V
Balance work",NHIDCL,618422,-,-,Nagaland,03/2021,09/2023,09/2025,-,161.73,161.73,0,0,"Construction of 2-lane with hard shoulders of Merangkong-Tamlu-Mon road Wakching
Twon portion on EPC basis from existing Chainage Km 59000 to Km 73640 [Design
Km. 59000 to Km, 72450] Design length - 13.450 Km under SARDP-NE package-V
Balance work
(NHIDCL)
(618422)","03/2021
(09/2023)","09/2025
(-)","161.73
(161.73)",SRC-2025-12,07f56e5457c63192ae7b5b4036f975f7eb058a3364a25a87cdc6ce2369082401,95,94,All Ongoing Projects,6,pdfplumber_table,twelve_month_gate2:0.1.0,"pdf_page_index=95,table_index=logical8,row_index=14"
OBS-202512-01145,2025-12,1145,"Construction of 2-Lane with hard shoulders of Merangkong-Tamlu-Mon MTM Road
from existing Km 20.456 to Km 41.065 Design Km. 20 to Km. 40.0 Design Length-
20.000 Km in the State of Nagaland under SARDP-NE Phase-A Pkg-2 Balance work",NHIDCL,618423,-,-,Nagaland,03/2018,08/2023,08/2025,-,215.79,215.79,0,0,"Construction of 2-Lane with hard shoulders of Merangkong-Tamlu-Mon MTM Road
from existing Km 20.456 to Km 41.065 Design Km. 20 to Km. 40.0 Design Length-
20.000 Km in the State of Nagaland under SARDP-NE Phase-A Pkg-2 Balance work
(NHIDCL)
(618423)","03/2018
(08/2023)","08/2025
(-)","215.79
(215.79)",SRC-2025-12,07f56e5457c63192ae7b5b4036f975f7eb058a3364a25a87cdc6ce2369082401,95,94,All Ongoing Projects,6,pdfplumber_table,twelve_month_gate2:0.1.0,"pdf_page_index=95,table_index=logical8,row_index=15"
OBS-202512-01146,2025-12,1146,"Widening and Strengthening to 4LPS/2LPS from km 0.000 to 35.800 Kuakhia -
Mangalpur section of NH 20 in the state of Odisha on Annual Plan 2021-22",MoRTH,617899,-,-,Odisha,03/2022,02/2024,02/2026,-,636.1,636.1,47.79,45,"Widening and Strengthening to 4LPS/2LPS from km 0.000 to 35.800 Kuakhia -
Mangalpur section of NH 20 in the state of Odisha on Annual Plan 2021-22
(MoRTH)
(617899)","03/2022
(02/2024)","02/2026
(-)","636.1
(636.1)",SRC-2025-12,07f56e5457c63192ae7b5b4036f975f7eb058a3364a25a87cdc6ce2369082401,95,94,All Ongoing Projects,6,pdfplumber_table,twelve_month_gate2:0.1.0,"pdf_page_index=95,table_index=logical8,row_index=16"
OBS-202512-01147,2025-12,1147,"Construction of Bypass road to Balangir town from km 72/400 Desing km 0/0 to km
79/800 Design km 11/670 of NH-26 in the State of Odisha.",MoRTH,617904,-,-,Odisha,02/2022,04/2023,10/2025,-,238.78,238.78,6.09,0,"Construction of Bypass road to Balangir town from km 72/400 Desing km 0/0 to km
79/800 Design km 11/670 of NH-26 in the State of Odisha.
(MoRTH)
(617904)","02/2022
(04/2023)","10/2025
(-)","238.78
(238.78)",SRC-2025-12,07f56e5457c63192ae7b5b4036f975f7eb058a3364a25a87cdc6ce2369082401,95,94,All Ongoing Projects,6,pdfplumber_table,twelve_month_gate2:0.1.0,"pdf_page_index=95,table_index=logical8,row_index=17"
OBS-202512-01148,2025-12,1148,"Construction of 4 lane ROB with approaches in lieu of LC No. RV-172 at km 176.00 of
NH-201 present NH-26 at Kesinga including land acquisition in the state of Odisha on
EPC mode under Annual Plan 2021-22",MoRTH,617905,-,-,Odisha,12/2021,05/2023,05/2025,-,324.09,324.09,65.83,70,"Construction of 4 lane ROB with approaches in lieu of LC No. RV-172 at km 176.00 of
NH-201 present NH-26 at Kesinga including land acquisition in the state of Odisha on
EPC mode under Annual Plan 2021-22
(MoRTH)
(617905)","12/2021
(05/2023)","05/2025
(-)","324.09
(324.09)",SRC-2025-12,07f56e5457c63192ae7b5b4036f975f7eb058a3364a25a87cdc6ce2369082401,95,94,All Ongoing Projects,6,pdfplumber_table,twelve_month_gate2:0.1.0,"pdf_page_index=95,table_index=logical8,row_index=18"
OBS-202512-01149,2025-12,1149,"Widening and strengthening to 2LPS including LA of Kandarpur-Balikuda from km
277/500 to 318/970 of NH-55 in the State of Odisha under Annual Plan 2021-22.",MoRTH,617921,-,-,Odisha,03/2022,06/2023,06/2025,-,499.79,499.79,99.63,50,"Widening and strengthening to 2LPS including LA of Kandarpur-Balikuda from km
277/500 to 318/970 of NH-55 in the State of Odisha under Annual Plan 2021-22.
(MoRTH)
(617921)","03/2022
(06/2023)","06/2025
(-)","499.79
(499.79)",SRC-2025-12,07f56e5457c63192ae7b5b4036f975f7eb058a3364a25a87cdc6ce2369082401,96,95,All Ongoing Projects,6,pdfplumber_table,twelve_month_gate2:0.1.0,"pdf_page_index=96,table_index=logical8,row_index=1"
OBS-202512-01150,2025-12,1150,"Construction of bypass to Nayagarh town from km 235.469 to 252.482 of NH-57
including land acquisition in the state of Odisha.",MoRTH,617924,-,-,Odisha,01/2022,05/2023,04/2025,-,300.33,300.33,78.14,68,"Construction of bypass to Nayagarh town from km 235.469 to 252.482 of NH-57
including land acquisition in the state of Odisha.
(MoRTH)
(617924)","01/2022
(05/2023)","04/2025
(-)","300.33
(300.33)",SRC-2025-12,07f56e5457c63192ae7b5b4036f975f7eb058a3364a25a87cdc6ce2369082401,96,95,All Ongoing Projects,6,pdfplumber_table,twelve_month_gate2:0.1.0,"pdf_page_index=96,table_index=logical8,row_index=2"
OBS-202512-01151,2025-12,1151,"Construction of Bypass to Khordha town from Km 294/000 to 300/300 on NH-57
including LA in the State of Odisha on EPC mode.",MoRTH,617925,-,-,Odisha,02/2022,05/2023,11/2024,07/2025,157.49,157.49,33.61,35,"Construction of Bypass to Khordha town from Km 294/000 to 300/300 on NH-57
including LA in the State of Odisha on EPC mode.
(MoRTH)
(617925)","02/2022
(05/2023)","11/2024
(07/2025)","157.49
(157.49)",SRC-2025-12,07f56e5457c63192ae7b5b4036f975f7eb058a3364a25a87cdc6ce2369082401,96,95,All Ongoing Projects,6,pdfplumber_table,twelve_month_gate2:0.1.0,"pdf_page_index=96,table_index=logical8,row_index=3"
OBS-202512-01152,2025-12,1152,"Construction of Bypass on NH-59 from Km 336/350 to 349/910 13.56 km near
Berhampur town including 4-lane RoB in the state of Odisha.",MoRTH,617930,-,-,Odisha,03/2021,03/2022,03/2024,-,196.94,196.94,30.46,35,"Construction of Bypass on NH-59 from Km 336/350 to 349/910 13.56 km near
Berhampur town including 4-lane RoB in the state of Odisha.
(MoRTH)
(617930)","03/2021
(03/2022)","03/2024
(-)","196.94
(196.94)",SRC-2025-12,07f56e5457c63192ae7b5b4036f975f7eb058a3364a25a87cdc6ce2369082401,96,95,All Ongoing Projects,6,pdfplumber_table,twelve_month_gate2:0.1.0,"pdf_page_index=96,table_index=logical8,row_index=4"
OBS-202512-01153,2025-12,1153,"Construction of four lane ROB and its approaches in lieu of existing Level Crossing
No. RV-71 at km 435 on NH-217 New NH-353 at Khariar including land acquisition
under NHO in Annual Plan 2021-22 for the state of Odisha for F.Y. 2021-22 to F.Y
2033-34",MoRTH,618003,-,-,Odisha,11/2021,06/2023,12/2024,-,154.49,154.49,22.32,0,"Construction of four lane ROB and its approaches in lieu of existing Level Crossing
No. RV-71 at km 435 on NH-217 New NH-353 at Khariar including land acquisition
under NHO in Annual Plan 2021-22 for the state of Odisha for F.Y. 2021-22 to F.Y
2033-34
(MoRTH)
(618003)","11/2021
(06/2023)","12/2024
(-)","154.49
(154.49)",SRC-2025-12,07f56e5457c63192ae7b5b4036f975f7eb058a3364a25a87cdc6ce2369082401,96,95,All Ongoing Projects,6,pdfplumber_table,twelve_month_gate2:0.1.0,"pdf_page_index=96,table_index=logical8,row_index=5"
OBS-202512-01154,2025-12,1154,"Widening & strengthenlng to 2LPS from km 0,000 to 40.000 Dhaugaon- Podamari
section of NH 326 in the State of Odisha under Annual Plan 2021.22.",MoRTH,618012,-,-,Odisha,03/2022,02/2024,02/2026,-,186.52,186.52,42.7,60,"Widening & strengthenlng to 2LPS from km 0,000 to 40.000 Dhaugaon- Podamari
section of NH 326 in the State of Odisha under Annual Plan 2021.22.
(MoRTH)
(618012)","03/2022
(02/2024)","02/2026
(-)","186.52
(186.52)",SRC-2025-12,07f56e5457c63192ae7b5b4036f975f7eb058a3364a25a87cdc6ce2369082401,96,95,All Ongoing Projects,6,pdfplumber_table,twelve_month_gate2:0.1.0,"pdf_page_index=96,table_index=logical8,row_index=6"
OBS-202512-01155,2025-12,1155,Bhadrak KM 136.500 to Baleshwar KM 199.141,National Highways Authority of India [NHAI],618523,-,-,Odisha,11/2014,03/2019,09/2021,-,844.67,1394.82,231.14,91,"Bhadrak KM 136.500 to Baleshwar KM 199.141
(National Highways Authority of India [NHAI])
(618523)","11/2014
(03/2019)","09/2021
(-)","844.67
(1394.82)",SRC-2025-12,07f56e5457c63192ae7b5b4036f975f7eb058a3364a25a87cdc6ce2369082401,96,95,All Ongoing Projects,6,pdfplumber_table,twelve_month_gate2:0.1.0,"pdf_page_index=96,table_index=logical8,row_index=7"
OBS-202512-01156,2025-12,1156,"6L Greenfield Kaliagura Baunsaguar Section of NH-130-CD Road from km 249000 to
km 293000 Package OD-5",National Highways Authority of India [NHAI],618677,-,-,Odisha,09/2021,05/2022,05/2024,10/2025,1539.75,1918.49,881.05,92,"6L Greenfield Kaliagura Baunsaguar Section of NH-130-CD Road from km 249000 to
km 293000 Package OD-5
(National Highways Authority of India [NHAI])
(618677)","09/2021
(05/2022)","05/2024
(10/2025)","1539.75
(1918.49)",SRC-2025-12,07f56e5457c63192ae7b5b4036f975f7eb058a3364a25a87cdc6ce2369082401,96,95,All Ongoing Projects,6,pdfplumber_table,twelve_month_gate2:0.1.0,"pdf_page_index=96,table_index=logical8,row_index=8"
OBS-202512-01157,2025-12,1157,"6L Greenfield Baunsaguar - Baraja Section of NH-130-CD Road from km 293000 to
km 338500 Package OD-6",National Highways Authority of India [NHAI],618678,-,-,Odisha,08/2021,06/2022,05/2024,06/2025,1265.59,1635.44,762.26,98,"6L Greenfield Baunsaguar - Baraja Section of NH-130-CD Road from km 293000 to
km 338500 Package OD-6
(National Highways Authority of India [NHAI])
(618678)","08/2021
(06/2022)","05/2024
(06/2025)","1265.59
(1635.44)",SRC-2025-12,07f56e5457c63192ae7b5b4036f975f7eb058a3364a25a87cdc6ce2369082401,96,95,All Ongoing Projects,6,pdfplumber_table,twelve_month_gate2:0.1.0,"pdf_page_index=96,table_index=logical8,row_index=9"
OBS-202512-01158,2025-12,1158,"6L Greenfield Kandili - Aluru Section of NH-130-CD Road from km 342500 to km
365033 Package-OD-8",National Highways Authority of India [NHAI],618680,-,-,Odisha,12/2021,10/2022,10/2024,08/2025,1492.74,1912.84,965.07,92,"6L Greenfield Kandili - Aluru Section of NH-130-CD Road from km 342500 to km
365033 Package-OD-8
(National Highways Authority of India [NHAI])
(618680)","12/2021
(10/2022)","10/2024
(08/2025)","1492.74
(1912.84)",SRC-2025-12,07f56e5457c63192ae7b5b4036f975f7eb058a3364a25a87cdc6ce2369082401,96,95,All Ongoing Projects,6,pdfplumber_table,twelve_month_gate2:0.1.0,"pdf_page_index=96,table_index=logical8,row_index=10"
OBS-202512-01159,2025-12,1159,Balance work of Panikoili Rimoli Section of new NH-20 from Km 0.00 to Km. 163.000,National Highways Authority of India [NHAI],618819,-,-,Odisha,09/2020,03/2021,03/2022,07/2022,183.03,200.79,89.36,99,"Balance work of Panikoili Rimoli Section of new NH-20 from Km 0.00 to Km. 163.000
(National Highways Authority of India [NHAI])
(618819)","09/2020
(03/2021)","03/2022
(07/2022)","183.03
(200.79)",SRC-2025-12,07f56e5457c63192ae7b5b4036f975f7eb058a3364a25a87cdc6ce2369082401,96,95,All Ongoing Projects,6,pdfplumber_table,twelve_month_gate2:0.1.0,"pdf_page_index=96,table_index=logical8,row_index=11"
OBS-202512-01160,2025-12,1160,"Rehabilitation and Up gradation from 4 to 8 laning of Chandikhole Paradip Section of
NH-53 Old NH 5A from Km.39.000 to Km.60.00 Package-3",National Highways Authority of India [NHAI],618820,-,-,Odisha,03/2023,12/2023,12/2025,-,861.84,938.55,344.24,81,"Rehabilitation and Up gradation from 4 to 8 laning of Chandikhole Paradip Section of
NH-53 Old NH 5A from Km.39.000 to Km.60.00 Package-3
(National Highways Authority of India [NHAI])
(618820)","03/2023
(12/2023)","12/2025
(-)","861.84
(938.55)",SRC-2025-12,07f56e5457c63192ae7b5b4036f975f7eb058a3364a25a87cdc6ce2369082401,96,95,All Ongoing Projects,6,pdfplumber_table,twelve_month_gate2:0.1.0,"pdf_page_index=96,table_index=logical8,row_index=12"
OBS-202512-01161,2025-12,1161,"Rehabilitation and Up gradation from 4 to 8 laning of Chandikhole Paradip Section of
NH-53 Old NH 5A from Km 18.00 to Km 39.00 in the State of Odisha on HAM mode
Package-2",National Highways Authority of India [NHAI],618821,-,-,Odisha,03/2023,12/2023,12/2025,-,920.47,950.4,363.82,83,"Rehabilitation and Up gradation from 4 to 8 laning of Chandikhole Paradip Section of
NH-53 Old NH 5A from Km 18.00 to Km 39.00 in the State of Odisha on HAM mode
Package-2
(National Highways Authority of India [NHAI])
(618821)","03/2023
(12/2023)","12/2025
(-)","920.47
(950.4)",SRC-2025-12,07f56e5457c63192ae7b5b4036f975f7eb058a3364a25a87cdc6ce2369082401,96,95,All Ongoing Projects,6,pdfplumber_table,twelve_month_gate2:0.1.0,"pdf_page_index=96,table_index=logical8,row_index=13"
OBS-202512-01162,2025-12,1162,"3L Major Bridge over River Brahmani at Km. 401.250 Duburi - Chandikhole Section of
NH-200 New NH -53",National Highways Authority of India [NHAI],618908,-,-,Odisha,04/2022,08/2022,01/2025,-,153.61,103.68,61.82,0,"3L Major Bridge over River Brahmani at Km. 401.250 Duburi - Chandikhole Section of
NH-200 New NH -53
(National Highways Authority of India [NHAI])
(618908)","04/2022
(08/2022)","01/2025
(-)","153.61
(103.68)",SRC-2025-12,07f56e5457c63192ae7b5b4036f975f7eb058a3364a25a87cdc6ce2369082401,96,95,All Ongoing Projects,6,pdfplumber_table,twelve_month_gate2:0.1.0,"pdf_page_index=96,table_index=logical8,row_index=14"
OBS-202512-01163,2025-12,1163,4-L of Rajamunda to Barkote Section of NH-23 from km. 287.200 to km. 337.185,National Highways Authority of India [NHAI],618913,-,-,Odisha,10/2017,12/2018,06/2021,12/2024,609.63,630.97,114.77,96,"4-L of Rajamunda to Barkote Section of NH-23 from km. 287.200 to km. 337.185
(National Highways Authority of India [NHAI])
(618913)","10/2017
(12/2018)","06/2021
(12/2024)","609.63
(630.97)",SRC-2025-12,07f56e5457c63192ae7b5b4036f975f7eb058a3364a25a87cdc6ce2369082401,96,95,All Ongoing Projects,6,pdfplumber_table,twelve_month_gate2:0.1.0,"pdf_page_index=96,table_index=logical8,row_index=15"
OBS-202512-01164,2025-12,1164,"Work of Widening/upgradation of 2-Lane with paved shoulder of Sri Muktsar Sahib to
Malout road from Km 279.400 to Km 307.060 section of NH-354 in the State of Punjab
on EPC mode. Job No. NH-354-PB-2021-22-555",MoRTH,618023,-,-,Punjab,03/2022,10/2023,04/2025,-,152.58,152.58,0,96,"Work of Widening/upgradation of 2-Lane with paved shoulder of Sri Muktsar Sahib to
Malout road from Km 279.400 to Km 307.060 section of NH-354 in the State of Punjab
on EPC mode. Job No. NH-354-PB-2021-22-555
(MoRTH)
(618023)","03/2022
(10/2023)","04/2025
(-)","152.58
(152.58)",SRC-2025-12,07f56e5457c63192ae7b5b4036f975f7eb058a3364a25a87cdc6ce2369082401,96,95,All Ongoing Projects,6,pdfplumber_table,twelve_month_gate2:0.1.0,"pdf_page_index=96,table_index=logical8,row_index=16"
OBS-202512-01165,2025-12,1165,"Up-gradation to two lane with paved shoulder configuration of NH-354 Section Arifkes-
Ferozepur-Muktsar-Malaut from Km 201.500 to Km 212.500 & Km 229.690 to Km
269.960 and strengthening of existing pavement from Km 212.500 to Km 229.690
excluding Km 218.500 to 223.690 of NH-354 on EPC Mode in the State of Punjab. Job
No. NH-354-PB-2020-21-532",MoRTH,618024,-,-,Punjab,03/2021,10/2023,04/2025,-,263.19,263.19,0,0,"Up-gradation to two lane with paved shoulder configuration of NH-354 Section Arifkes-
Ferozepur-Muktsar-Malaut from Km 201.500 to Km 212.500 & Km 229.690 to Km
269.960 and strengthening of existing pavement from Km 212.500 to Km 229.690
excluding Km 218.500 to 223.690 of NH-354 on EPC Mode in the State of Punjab. Job
No. NH-354-PB-2020-21-532
(MoRTH)
(618024)","03/2021
(10/2023)","04/2025
(-)","263.19
(263.19)",SRC-2025-12,07f56e5457c63192ae7b5b4036f975f7eb058a3364a25a87cdc6ce2369082401,96,95,All Ongoing Projects,6,pdfplumber_table,twelve_month_gate2:0.1.0,"pdf_page_index=96,table_index=logical8,row_index=17"
OBS-202512-01166,2025-12,1166,"Delhi-Amritsar-Katra Expressway Phase-I Pkg-VII from Junction with Patiala-Bathinda
road NH-7 near Bhawanigarh to Junction with Ludhiana-Malerhkotla SH-11 near
Bhogiwal village Km 188830 to km 225770",National Highways Authority of India [NHAI],618487,-,-,Punjab,12/2020,07/2022,07/2024,-,1759.82,1774.32,1217.21,95,"Delhi-Amritsar-Katra Expressway Phase-I Pkg-VII from Junction with Patiala-Bathinda
road NH-7 near Bhawanigarh to Junction with Ludhiana-Malerhkotla SH-11 near
Bhogiwal village Km 188830 to km 225770
(National Highways Authority of India [NHAI])
(618487)","12/2020
(07/2022)","07/2024
(-)","1759.82
(1774.32)",SRC-2025-12,07f56e5457c63192ae7b5b4036f975f7eb058a3364a25a87cdc6ce2369082401,96,95,All Ongoing Projects,6,pdfplumber_table,twelve_month_gate2:0.1.0,"pdf_page_index=96,table_index=logical8,row_index=18"
OBS-202512-01167,2025-12,1167,"Delhi-Amritsar-Katra Expressway Phase-I Pkg-VIII from Junction with Ludhiana-
Malerkotla SH-11 near Bhogiwal village to Junction with Ludhiana-Moga road NH-5
near Mullanpur Dakha Km 225770 to km 260860",National Highways Authority of India [NHAI],618488,-,-,Punjab,12/2020,03/2023,03/2025,-,1895.74,2034.94,751.95,31,"Delhi-Amritsar-Katra Expressway Phase-I Pkg-VIII from Junction with Ludhiana-
Malerkotla SH-11 near Bhogiwal village to Junction with Ludhiana-Moga road NH-5
near Mullanpur Dakha Km 225770 to km 260860
(National Highways Authority of India [NHAI])
(618488)","12/2020
(03/2023)","03/2025
(-)","1895.74
(2034.94)",SRC-2025-12,07f56e5457c63192ae7b5b4036f975f7eb058a3364a25a87cdc6ce2369082401,96,95,All Ongoing Projects,6,pdfplumber_table,twelve_month_gate2:0.1.0,"pdf_page_index=96,table_index=logical8,row_index=19"
OBS-202512-01168,2025-12,1168,"Delhi-Amritsar-Katra Expressway Phase-I Pkg-IX from Junction with Ludhiana-Moga
road NH-5 near Mullanpur Dakha to Junction with Jalandhar - Moga road NH-703 near
Kang Sahibu village Km 260860 to km 303900",National Highways Authority of India [NHAI],618489,-,-,Punjab,12/2020,07/2022,07/2024,09/2025,1851.47,2407.14,1305.41,69,"Delhi-Amritsar-Katra Expressway Phase-I Pkg-IX from Junction with Ludhiana-Moga
road NH-5 near Mullanpur Dakha to Junction with Jalandhar - Moga road NH-703 near
Kang Sahibu village Km 260860 to km 303900
(National Highways Authority of India [NHAI])
(618489)","12/2020
(07/2022)","07/2024
(09/2025)","1851.47
(2407.14)",SRC-2025-12,07f56e5457c63192ae7b5b4036f975f7eb058a3364a25a87cdc6ce2369082401,96,95,All Ongoing Projects,6,pdfplumber_table,twelve_month_gate2:0.1.0,"pdf_page_index=96,table_index=logical8,row_index=20"
OBS-202512-01169,2025-12,1169,"Delhi-Amritsar-Katra Expressway Phase-I Pkg-X from Jn. with Jalandhar - Moga road
NH-703 to Jn. with Jalandhar-Kapurthala road NH-703A and to Jn. with Kapurthala -
Sultanpur Lodhi road NH-703A km 000 to km 24000 to Amritsar connectivity",National Highways Authority of India [NHAI],618490,-,-,Punjab,12/2020,07/2022,07/2024,09/2025,2177.54,2062.74,1004.28,62,"Delhi-Amritsar-Katra Expressway Phase-I Pkg-X from Jn. with Jalandhar - Moga road
NH-703 to Jn. with Jalandhar-Kapurthala road NH-703A and to Jn. with Kapurthala -
Sultanpur Lodhi road NH-703A km 000 to km 24000 to Amritsar connectivity
(National Highways Authority of India [NHAI])
(618490)","12/2020
(07/2022)","07/2024
(09/2025)","2177.54
(2062.74)",SRC-2025-12,07f56e5457c63192ae7b5b4036f975f7eb058a3364a25a87cdc6ce2369082401,96,95,All Ongoing Projects,6,pdfplumber_table,twelve_month_gate2:0.1.0,"pdf_page_index=96,table_index=logical8,row_index=21"
OBS-202512-01170,2025-12,1170,"Delhi-Amritsar-Katra Expressway Phase-I Pkg-XI from Junction with Jalandhar -
Kapurthala road NH-703A near khojewal village to Junction with Amritsar-Mehta-
SriHargobindpur-Tanda road NH-503A near SriHargobindpur Km 319400 to km
362420",National Highways Authority of India [NHAI],618491,-,-,Punjab,03/2021,11/2022,11/2024,-,2175.35,2206.71,941.19,43,"Delhi-Amritsar-Katra Expressway Phase-I Pkg-XI from Junction with Jalandhar -
Kapurthala road NH-703A near khojewal village to Junction with Amritsar-Mehta-
SriHargobindpur-Tanda road NH-503A near SriHargobindpur Km 319400 to km
362420
(National Highways Authority of India [NHAI])
(618491)","03/2021
(11/2022)","11/2024
(-)","2175.35
(2206.71)",SRC-2025-12,07f56e5457c63192ae7b5b4036f975f7eb058a3364a25a87cdc6ce2369082401,97,96,All Ongoing Projects,6,pdfplumber_table,twelve_month_gate2:0.1.0,"pdf_page_index=97,table_index=logical8,row_index=1"
OBS-202512-01171,2025-12,1171,"Delhi-Amritsar-Katra Expressway Phase-I Pkg-XII from Junction with Amritsar-Mehta-
SriHargobindpur-Tanda road NH-503A near SriHargobindpur to Junction with
Pathankot-Gurdaspur road NH-54 near Gurdaspur Km 362420 to km 397700",National Highways Authority of India [NHAI],618492,-,-,Punjab,03/2021,01/2024,12/2025,-,1734.18,1538.47,470.44,25,"Delhi-Amritsar-Katra Expressway Phase-I Pkg-XII from Junction with Amritsar-Mehta-
SriHargobindpur-Tanda road NH-503A near SriHargobindpur to Junction with
Pathankot-Gurdaspur road NH-54 near Gurdaspur Km 362420 to km 397700
(National Highways Authority of India [NHAI])
(618492)","03/2021
(01/2024)","12/2025
(-)","1734.18
(1538.47)",SRC-2025-12,07f56e5457c63192ae7b5b4036f975f7eb058a3364a25a87cdc6ce2369082401,97,96,All Ongoing Projects,6,pdfplumber_table,twelve_month_gate2:0.1.0,"pdf_page_index=97,table_index=logical8,row_index=2"
OBS-202512-01172,2025-12,1172,"Delhi-Amritsar-Katra Expressway Phase-I Spur-I from Jn. with Kapurthala - Sultanpur
Lodhi Road NH-703A near Isharwal village to Jn. with Kapurthala - Tarn Taran road
NH-703AA near Goinwal Sahib [Km 24000 to Km 41000 of Amritsar connectivity]",National Highways Authority of India [NHAI],618493,-,-,Punjab,12/2021,04/2023,04/2026,-,2165.23,1519.6,331.17,27,"Delhi-Amritsar-Katra Expressway Phase-I Spur-I from Jn. with Kapurthala - Sultanpur
Lodhi Road NH-703A near Isharwal village to Jn. with Kapurthala - Tarn Taran road
NH-703AA near Goinwal Sahib [Km 24000 to Km 41000 of Amritsar connectivity]
(National Highways Authority of India [NHAI])
(618493)","12/2021
(04/2023)","04/2026
(-)","2165.23
(1519.6)",SRC-2025-12,07f56e5457c63192ae7b5b4036f975f7eb058a3364a25a87cdc6ce2369082401,97,96,All Ongoing Projects,6,pdfplumber_table,twelve_month_gate2:0.1.0,"pdf_page_index=97,table_index=logical8,row_index=3"
OBS-202512-01173,2025-12,1173,"Development of 6L Greenfield Jalandhar Bypass starting from Kahlwan NH-03 ending
at Kang Sahbu NH-703 via Sarmastpur NH-44 - Madara NH-03 - Khajurla NH-44",National Highways Authority of India [NHAI],618552,-,-,Punjab,03/2021,01/2023,01/2025,03/2026,1754.84,2167.39,797.22,41,"Development of 6L Greenfield Jalandhar Bypass starting from Kahlwan NH-03 ending
at Kang Sahbu NH-703 via Sarmastpur NH-44 - Madara NH-03 - Khajurla NH-44
(National Highways Authority of India [NHAI])
(618552)","03/2021
(01/2023)","01/2025
(03/2026)","1754.84
(2167.39)",SRC-2025-12,07f56e5457c63192ae7b5b4036f975f7eb058a3364a25a87cdc6ce2369082401,97,96,All Ongoing Projects,6,pdfplumber_table,twelve_month_gate2:0.1.0,"pdf_page_index=97,table_index=logical8,row_index=4"
OBS-202512-01174,2025-12,1174,"6L of Jodhpur Romana Bathinda - Mandi Dabwali Punjab Haryana Border section of
NH-54 from km. 0.000 to km. 27.400 of NH-54",National Highways Authority of India [NHAI],618610,-,-,Punjab,05/2020,08/2023,08/2025,-,789.26,1318.91,507.03,98,"6L of Jodhpur Romana Bathinda - Mandi Dabwali Punjab Haryana Border section of
NH-54 from km. 0.000 to km. 27.400 of NH-54
(National Highways Authority of India [NHAI])
(618610)","05/2020
(08/2023)","08/2025
(-)","789.26
(1318.91)",SRC-2025-12,07f56e5457c63192ae7b5b4036f975f7eb058a3364a25a87cdc6ce2369082401,97,96,All Ongoing Projects,6,pdfplumber_table,twelve_month_gate2:0.1.0,"pdf_page_index=97,table_index=logical8,row_index=5"
OBS-202512-01175,2025-12,1175,"6L Amritsar-Bathinda Greenfield section from village Tiba on NE-5A to Jn. with Moga
Jalandhar road NH-703 near Dharamkot from km 0.000 to km 39.000 of NH-754A
Pkg-1",National Highways Authority of India [NHAI],618617,-,-,Punjab,03/2021,11/2022,11/2024,09/2025,1229.38,1549.32,732.07,64,"6L Amritsar-Bathinda Greenfield section from village Tiba on NE-5A to Jn. with Moga
Jalandhar road NH-703 near Dharamkot from km 0.000 to km 39.000 of NH-754A
Pkg-1
(National Highways Authority of India [NHAI])
(618617)","03/2021
(11/2022)","11/2024
(09/2025)","1229.38
(1549.32)",SRC-2025-12,07f56e5457c63192ae7b5b4036f975f7eb058a3364a25a87cdc6ce2369082401,97,96,All Ongoing Projects,6,pdfplumber_table,twelve_month_gate2:0.1.0,"pdf_page_index=97,table_index=logical8,row_index=6"
OBS-202512-01176,2025-12,1176,"6L Amritsar-Bathinda Greenfield section from Jn. with Bhagta Bhai Ka-Bhadaur Road
near Dyalpura Bhai Ka to Jn. with Mandi Dabwali Bathinda Road on NH-54 near
Sangat Kalan from km 93.000 to km 154.866 of NH-754A Pkg-3",National Highways Authority of India [NHAI],618618,-,-,Punjab,03/2021,06/2024,06/2026,-,2029.17,2677.23,504.83,65,"6L Amritsar-Bathinda Greenfield section from Jn. with Bhagta Bhai Ka-Bhadaur Road
near Dyalpura Bhai Ka to Jn. with Mandi Dabwali Bathinda Road on NH-54 near
Sangat Kalan from km 93.000 to km 154.866 of NH-754A Pkg-3
(National Highways Authority of India [NHAI])
(618618)","03/2021
(06/2024)","06/2026
(-)","2029.17
(2677.23)",SRC-2025-12,07f56e5457c63192ae7b5b4036f975f7eb058a3364a25a87cdc6ce2369082401,97,96,All Ongoing Projects,6,pdfplumber_table,twelve_month_gate2:0.1.0,"pdf_page_index=97,table_index=logical8,row_index=7"
OBS-202512-01177,2025-12,1177,"6L Access Controlled Ludhiana-Bathinda Greenfield highway from Jn. with Amritsar-
Bathanda Greenfield Road NH-754A near Rampura Phul to Jn. with Moga-Barnala
Road NH-703 near village Tallewal from Km 0.0 to Km 30.3 of NH-754AD Pkg-1",National Highways Authority of India [NHAI],618647,-,-,Punjab,06/2021,09/2023,09/2025,-,906.51,1020.52,429.44,78,"6L Access Controlled Ludhiana-Bathinda Greenfield highway from Jn. with Amritsar-
Bathanda Greenfield Road NH-754A near Rampura Phul to Jn. with Moga-Barnala
Road NH-703 near village Tallewal from Km 0.0 to Km 30.3 of NH-754AD Pkg-1
(National Highways Authority of India [NHAI])
(618647)","06/2021
(09/2023)","09/2025
(-)","906.51
(1020.52)",SRC-2025-12,07f56e5457c63192ae7b5b4036f975f7eb058a3364a25a87cdc6ce2369082401,97,96,All Ongoing Projects,6,pdfplumber_table,twelve_month_gate2:0.1.0,"pdf_page_index=97,table_index=logical8,row_index=8"
OBS-202512-01178,2025-12,1178,Moga - Bagha Purana - Bajakhana from km. 0.00 to km. 43.32,National Highways Authority of India [NHAI],618764,-,-,Punjab,05/2020,12/2022,12/2024,08/2025,864.23,1264.17,625.94,75,"Moga - Bagha Purana - Bajakhana from km. 0.00 to km. 43.32
(National Highways Authority of India [NHAI])
(618764)","05/2020
(12/2022)","12/2024
(08/2025)","864.23
(1264.17)",SRC-2025-12,07f56e5457c63192ae7b5b4036f975f7eb058a3364a25a87cdc6ce2369082401,97,96,All Ongoing Projects,6,pdfplumber_table,twelve_month_gate2:0.1.0,"pdf_page_index=97,table_index=logical8,row_index=9"
OBS-202512-01179,2025-12,1179,"4/6L Greenfield LudhianaRupnagar highway from Jn. with NE-5 village near to
ManewalLudhiana to Jn. with NH-205 near Bheora Village Rupnagar from Km 66.0 to
Km 91.0 i/c spur to Kharar from Km 0.0 to Km 19.5 with Ludhiana bypass of NH-205K
Pkg-3",National Highways Authority of India [NHAI],618785,-,-,Punjab,07/2021,02/2023,02/2025,-,1501.02,1815.13,992.69,76,"4/6L Greenfield LudhianaRupnagar highway from Jn. with NE-5 village near to
ManewalLudhiana to Jn. with NH-205 near Bheora Village Rupnagar from Km 66.0 to
Km 91.0 i/c spur to Kharar from Km 0.0 to Km 19.5 with Ludhiana bypass of NH-205K
Pkg-3
(National Highways Authority of India [NHAI])
(618785)","07/2021
(02/2023)","02/2025
(-)","1501.02
(1815.13)",SRC-2025-12,07f56e5457c63192ae7b5b4036f975f7eb058a3364a25a87cdc6ce2369082401,97,96,All Ongoing Projects,6,pdfplumber_table,twelve_month_gate2:0.1.0,"pdf_page_index=97,table_index=logical8,row_index=10"
OBS-202512-01180,2025-12,1180,6L of IT City Chowk to Kurali Chandigarh Road,National Highways Authority of India [NHAI],618789,-,-,Punjab,03/2021,10/2022,10/2024,06/2025,1525.31,1936.54,1689.83,98,"6L of IT City Chowk to Kurali Chandigarh Road
(National Highways Authority of India [NHAI])
(618789)","03/2021
(10/2022)","10/2024
(06/2025)","1525.31
(1936.54)",SRC-2025-12,07f56e5457c63192ae7b5b4036f975f7eb058a3364a25a87cdc6ce2369082401,97,96,All Ongoing Projects,6,pdfplumber_table,twelve_month_gate2:0.1.0,"pdf_page_index=97,table_index=logical8,row_index=11"
OBS-202512-01181,2025-12,1181,Amritsarairport Junction - Ramdas from km. 100.835 to km. 139.813 Pkg - IV,National Highways Authority of India [NHAI],618794,-,-,Punjab,12/2020,03/2022,09/2023,-,524.88,416.58,345.41,60,"Amritsarairport Junction - Ramdas from km. 100.835 to km. 139.813 Pkg - IV
(National Highways Authority of India [NHAI])
(618794)","12/2020
(03/2022)","09/2023
(-)","524.88
(416.58)",SRC-2025-12,07f56e5457c63192ae7b5b4036f975f7eb058a3364a25a87cdc6ce2369082401,97,96,All Ongoing Projects,6,pdfplumber_table,twelve_month_gate2:0.1.0,"pdf_page_index=97,table_index=logical8,row_index=12"
OBS-202512-01182,2025-12,1182,Amritsar Bypass Pkg III from km. 71.496 to km. 105.158,National Highways Authority of India [NHAI],618795,-,-,Punjab,02/2021,08/2022,08/2024,-,1474.77,1228.42,863.93,79,"Amritsar Bypass Pkg III from km. 71.496 to km. 105.158
(National Highways Authority of India [NHAI])
(618795)","02/2021
(08/2022)","08/2024
(-)","1474.77
(1228.42)",SRC-2025-12,07f56e5457c63192ae7b5b4036f975f7eb058a3364a25a87cdc6ce2369082401,97,96,All Ongoing Projects,6,pdfplumber_table,twelve_month_gate2:0.1.0,"pdf_page_index=97,table_index=logical8,row_index=13"
OBS-202512-01183,2025-12,1183,"4L of Beas-Mehta-Batala-Dera Baba Nanak from intersection with Jalandhar-Amritsar
Highway NH-3 near Beas till start of Batala Bypass near Village Acchhal from Km.
0.000 to Km. 31.300 Pkg-1",National Highways Authority of India [NHAI],618809,-,-,Punjab,08/2021,06/2023,06/2025,-,809.51,966.99,467.61,53,"4L of Beas-Mehta-Batala-Dera Baba Nanak from intersection with Jalandhar-Amritsar
Highway NH-3 near Beas till start of Batala Bypass near Village Acchhal from Km.
0.000 to Km. 31.300 Pkg-1
(National Highways Authority of India [NHAI])
(618809)","08/2021
(06/2023)","06/2025
(-)","809.51
(966.99)",SRC-2025-12,07f56e5457c63192ae7b5b4036f975f7eb058a3364a25a87cdc6ce2369082401,97,96,All Ongoing Projects,6,pdfplumber_table,twelve_month_gate2:0.1.0,"pdf_page_index=97,table_index=logical8,row_index=14"
OBS-202512-01184,2025-12,1184,"4L of existing Beas Baba Bakala - Dera Baba Nanak Section from start of Batala
Bypass till intersection with Ajnala Gurdaspur Highway NH 354 near Dera Baba
Nanak from Km. 31.300 to Km. 69.100 with Additional batala Bypass Pkg-II",National Highways Authority of India [NHAI],618810,-,-,Punjab,10/2021,06/2023,06/2025,-,1003.38,993.6,564.01,74,"4L of existing Beas Baba Bakala - Dera Baba Nanak Section from start of Batala
Bypass till intersection with Ajnala Gurdaspur Highway NH 354 near Dera Baba
Nanak from Km. 31.300 to Km. 69.100 with Additional batala Bypass Pkg-II
(National Highways Authority of India [NHAI])
(618810)","10/2021
(06/2023)","06/2025
(-)","1003.38
(993.6)",SRC-2025-12,07f56e5457c63192ae7b5b4036f975f7eb058a3364a25a87cdc6ce2369082401,97,96,All Ongoing Projects,6,pdfplumber_table,twelve_month_gate2:0.1.0,"pdf_page_index=97,table_index=logical8,row_index=15"
OBS-202512-01185,2025-12,1185,"4L of Amritsar-Ghoman - Tanda - Una Section from Km 8.270 to Km 54.000 of NH-
503A Package-I",National Highways Authority of India [NHAI],618906,-,-,Punjab,12/2020,06/2022,06/2024,-,857.91,1443.47,466.83,58,"4L of Amritsar-Ghoman - Tanda - Una Section from Km 8.270 to Km 54.000 of NH-
503A Package-I
(National Highways Authority of India [NHAI])
(618906)","12/2020
(06/2022)","06/2024
(-)","857.91
(1443.47)",SRC-2025-12,07f56e5457c63192ae7b5b4036f975f7eb058a3364a25a87cdc6ce2369082401,97,96,All Ongoing Projects,6,pdfplumber_table,twelve_month_gate2:0.1.0,"pdf_page_index=97,table_index=logical8,row_index=16"
OBS-202512-01186,2025-12,1186,Beawer Gomti 4LPS from km 58.245 to km 108.600 Pkg-I,MoRTH,617887,-,-,Rajasthan,12/2020,10/2021,10/2023,12/2025,379.23,379.23,201.18,0,"Beawer Gomti 4LPS from km 58.245 to km 108.600 Pkg-I
(MoRTH)
(617887)","12/2020
(10/2021)","10/2023
(12/2025)","379.23
(379.23)",SRC-2025-12,07f56e5457c63192ae7b5b4036f975f7eb058a3364a25a87cdc6ce2369082401,97,96,All Ongoing Projects,6,pdfplumber_table,twelve_month_gate2:0.1.0,"pdf_page_index=97,table_index=logical8,row_index=17"
OBS-202512-01187,2025-12,1187,"Construction of Two lane with Paved Shoulder for Fatehpur Bypass Design Km 0.000
to Km 7.400 , Mandawa Bypass Design Km 20.925 to Km 27.300 & Jhunjhunu Bypass
Design Km 41.625 to Km 54.689 of NH-11 on EPC Mode in the state of Rajasthan .",MoRTH,617891,-,-,Rajasthan,03/2022,02/2023,08/2024,06/2025,186.29,186.29,66.7,99,"Construction of Two lane with Paved Shoulder for Fatehpur Bypass Design Km 0.000
to Km 7.400 , Mandawa Bypass Design Km 20.925 to Km 27.300 & Jhunjhunu Bypass
Design Km 41.625 to Km 54.689 of NH-11 on EPC Mode in the state of Rajasthan .
(MoRTH)
(617891)","03/2022
(02/2023)","08/2024
(06/2025)","186.29
(186.29)",SRC-2025-12,07f56e5457c63192ae7b5b4036f975f7eb058a3364a25a87cdc6ce2369082401,97,96,All Ongoing Projects,6,pdfplumber_table,twelve_month_gate2:0.1.0,"pdf_page_index=97,table_index=logical8,row_index=18"
OBS-202512-01188,2025-12,1188,"Upgradation to Two Lane Paved Shoulder in km 33/0 to 126/520 of NH-23 Old NH-
11B Kothun-Lalsot-Karoli-Dholpur road in the state of Rajasthan under EPC mode
Length-93.52 Km.",MoRTH,617900,-,-,Rajasthan,12/2021,09/2022,09/2024,03/2025,150.11,150.11,12.2,97,"Upgradation to Two Lane Paved Shoulder in km 33/0 to 126/520 of NH-23 Old NH-
11B Kothun-Lalsot-Karoli-Dholpur road in the state of Rajasthan under EPC mode
Length-93.52 Km.
(MoRTH)
(617900)","12/2021
(09/2022)","09/2024
(03/2025)","150.11
(150.11)",SRC-2025-12,07f56e5457c63192ae7b5b4036f975f7eb058a3364a25a87cdc6ce2369082401,97,96,All Ongoing Projects,6,pdfplumber_table,twelve_month_gate2:0.1.0,"pdf_page_index=97,table_index=logical8,row_index=19"
OBS-202512-01189,2025-12,1189,"Widening of Pachpadra-Bagundi Section to 4 Lane from Km 73/60 to 95/70 of NH-25
on EPC mode in the state of Rajasthan.",MoRTH,617901,-,-,Rajasthan,01/2022,12/2022,12/2024,07/2025,194.88,194.88,48.47,85,"Widening of Pachpadra-Bagundi Section to 4 Lane from Km 73/60 to 95/70 of NH-25
on EPC mode in the state of Rajasthan.
(MoRTH)
(617901)","01/2022
(12/2022)","12/2024
(07/2025)","194.88
(194.88)",SRC-2025-12,07f56e5457c63192ae7b5b4036f975f7eb058a3364a25a87cdc6ce2369082401,97,96,All Ongoing Projects,6,pdfplumber_table,twelve_month_gate2:0.1.0,"pdf_page_index=97,table_index=logical8,row_index=20"
OBS-202512-01190,2025-12,1190,"Construction of 2 lane with paved shoulder for the work of Development of remaining
sections of NH-325 Balotra to sanderao via Jalore to 2 lane with paved shoulder
configuration by Construction of Byasses for town portions1 Asotra- Brahmdham
bypass 2Siwana Bypass 3 Mokalsar Bypass 4 Major realignment at Kathadi 5 Major
realignment at Bishangarh 6 Jalore Bypass 7 Ahore Town portion 8 Dujana Bypass in
the state of Rajasthan on EPC Mode",MoRTH,618011,-,-,Rajasthan,12/2021,05/2022,05/2024,06/2025,411.44,411.44,66.63,83,"Construction of 2 lane with paved shoulder for the work of Development of remaining
sections of NH-325 Balotra to sanderao via Jalore to 2 lane with paved shoulder
configuration by Construction of Byasses for town portions1 Asotra- Brahmdham
bypass 2Siwana Bypass 3 Mokalsar Bypass 4 Major realignment at Kathadi 5 Major
realignment at Bishangarh 6 Jalore Bypass 7 Ahore Town portion 8 Dujana Bypass in
the state of Rajasthan on EPC Mode
(MoRTH)
(618011)","12/2021
(05/2022)","05/2024
(06/2025)","411.44
(411.44)",SRC-2025-12,07f56e5457c63192ae7b5b4036f975f7eb058a3364a25a87cdc6ce2369082401,97,96,All Ongoing Projects,6,pdfplumber_table,twelve_month_gate2:0.1.0,"pdf_page_index=97,table_index=logical8,row_index=21"
OBS-202512-01191,2025-12,1191,"Up-gradation to 2 lane with Paved shoulder from Charbhuja at Design km 0.00
existing km 150.00 to Neechli Oden Nathdwara at Design ch. Km 88.800 existing km
55.950 of NH-162E on EPC mode.",MoRTH,618093,-,-,Rajasthan,02/2022,09/2023,09/2025,-,838.43,838.43,55.04,0,"Up-gradation to 2 lane with Paved shoulder from Charbhuja at Design km 0.00
existing km 150.00 to Neechli Oden Nathdwara at Design ch. Km 88.800 existing km
55.950 of NH-162E on EPC mode.
(MoRTH)
(618093)","02/2022
(09/2023)","09/2025
(-)","838.43
(838.43)",SRC-2025-12,07f56e5457c63192ae7b5b4036f975f7eb058a3364a25a87cdc6ce2369082401,98,97,All Ongoing Projects,6,pdfplumber_table,twelve_month_gate2:0.1.0,"pdf_page_index=98,table_index=logical8,row_index=1"
OBS-202512-01192,2025-12,1192,"Upgradation of two lane paved shoulder from Shahpura existing km. 0.00 Design Ch.
000 to Thanagazi existing Km.37352 Design Ch. 36810 of NH-248A on EPC mode in
the State of Rajasthan.",MoRTH,618118,-,-,Rajasthan,03/2022,02/2023,07/2024,03/2025,174.34,174.34,63.51,90,"Upgradation of two lane paved shoulder from Shahpura existing km. 0.00 Design Ch.
000 to Thanagazi existing Km.37352 Design Ch. 36810 of NH-248A on EPC mode in
the State of Rajasthan.
(MoRTH)
(618118)","03/2022
(02/2023)","07/2024
(03/2025)","174.34
(174.34)",SRC-2025-12,07f56e5457c63192ae7b5b4036f975f7eb058a3364a25a87cdc6ce2369082401,98,97,All Ongoing Projects,6,pdfplumber_table,twelve_month_gate2:0.1.0,"pdf_page_index=98,table_index=logical8,row_index=2"
OBS-202512-01193,2025-12,1193,"Construction of 2 lane with Paved Shoulder for Northern Bypass Phase-II of Kota city
in the State of Rajasthan.",MoRTH,618200,-,-,Rajasthan,03/2022,10/2023,04/2025,06/2026,317.74,317.74,5.97,0,"Construction of 2 lane with Paved Shoulder for Northern Bypass Phase-II of Kota city
in the State of Rajasthan.
(MoRTH)
(618200)","03/2022
(10/2023)","04/2025
(06/2026)","317.74
(317.74)",SRC-2025-12,07f56e5457c63192ae7b5b4036f975f7eb058a3364a25a87cdc6ce2369082401,98,97,All Ongoing Projects,6,pdfplumber_table,twelve_month_gate2:0.1.0,"pdf_page_index=98,table_index=logical8,row_index=3"
OBS-202512-01194,2025-12,1194,"Delhi-Vadodara Greenfield Alignment NH-148N Pkg-14 Ch. 388.420 to Ch. 419.000
[Junction with NH- 76 to Junction with NH-12 near village Ummedpura]",National Highways Authority of India [NHAI],618456,-,-,Rajasthan,11/2019,05/2021,05/2023,03/2025,1119.35,1194.17,975.7,99,"Delhi-Vadodara Greenfield Alignment NH-148N Pkg-14 Ch. 388.420 to Ch. 419.000
[Junction with NH- 76 to Junction with NH-12 near village Ummedpura]
(National Highways Authority of India [NHAI])
(618456)","11/2019
(05/2021)","05/2023
(03/2025)","1119.35
(1194.17)",SRC-2025-12,07f56e5457c63192ae7b5b4036f975f7eb058a3364a25a87cdc6ce2369082401,98,97,All Ongoing Projects,6,pdfplumber_table,twelve_month_gate2:0.1.0,"pdf_page_index=98,table_index=logical8,row_index=4"
OBS-202512-01195,2025-12,1195,"Delhi-Vadodara Greenfield Alignment NH-148N Pkg-10 Ch. 292.950 to Ch. 319.400
[End of Interchange on NH-166 near village Mui to Hardeoganj village near Indergarh]",National Highways Authority of India [NHAI],618457,-,-,Rajasthan,11/2019,05/2021,05/2023,07/2024,1272.97,1265.16,1070.22,94,"Delhi-Vadodara Greenfield Alignment NH-148N Pkg-10 Ch. 292.950 to Ch. 319.400
[End of Interchange on NH-166 near village Mui to Hardeoganj village near Indergarh]
(National Highways Authority of India [NHAI])
(618457)","11/2019
(05/2021)","05/2023
(07/2024)","1272.97
(1265.16)",SRC-2025-12,07f56e5457c63192ae7b5b4036f975f7eb058a3364a25a87cdc6ce2369082401,98,97,All Ongoing Projects,6,pdfplumber_table,twelve_month_gate2:0.1.0,"pdf_page_index=98,table_index=logical8,row_index=5"
OBS-202512-01196,2025-12,1196,"Delhi-Vadodara Greenfield Alignment NH-148N Pkg-15 Ch. 419.000 to Ch.427.300
[Junction with NH-12 near village Ummedpura to Major bridge over Takli river near
Nayagaon Jageer village]",National Highways Authority of India [NHAI],618458,-,-,Rajasthan,07/2020,07/2021,01/2024,02/2026,1854.68,1854.68,1270.78,85,"Delhi-Vadodara Greenfield Alignment NH-148N Pkg-15 Ch. 419.000 to Ch.427.300
[Junction with NH-12 near village Ummedpura to Major bridge over Takli river near
Nayagaon Jageer village]
(National Highways Authority of India [NHAI])
(618458)","07/2020
(07/2021)","01/2024
(02/2026)","1854.68
(1854.68)",SRC-2025-12,07f56e5457c63192ae7b5b4036f975f7eb058a3364a25a87cdc6ce2369082401,98,97,All Ongoing Projects,6,pdfplumber_table,twelve_month_gate2:0.1.0,"pdf_page_index=98,table_index=logical8,row_index=6"
OBS-202512-01197,2025-12,1197,Deogarh near Dhandhaniya-Rajasthan/Gujarat Border Phase-I AJ/DRGB-Package-6,National Highways Authority of India [NHAI],618612,-,-,Rajasthan,10/2019,08/2021,08/2023,12/2024,846.59,740.62,666.43,100,"Deogarh near Dhandhaniya-Rajasthan/Gujarat Border Phase-I AJ/DRGB-Package-6
(National Highways Authority of India [NHAI])
(618612)","10/2019
(08/2021)","08/2023
(12/2024)","846.59
(740.62)",SRC-2025-12,07f56e5457c63192ae7b5b4036f975f7eb058a3364a25a87cdc6ce2369082401,98,97,All Ongoing Projects,6,pdfplumber_table,twelve_month_gate2:0.1.0,"pdf_page_index=98,table_index=logical8,row_index=7"
OBS-202512-01198,2025-12,1198,Deogarh near Dhandhaniya-Rajasthan/Gujarat Border Phase-I AJ/DRGB-Package-7,National Highways Authority of India [NHAI],618613,-,-,Rajasthan,10/2019,07/2021,07/2023,12/2024,662.08,597.77,503.05,100,"Deogarh near Dhandhaniya-Rajasthan/Gujarat Border Phase-I AJ/DRGB-Package-7
(National Highways Authority of India [NHAI])
(618613)","10/2019
(07/2021)","07/2023
(12/2024)","662.08
(597.77)",SRC-2025-12,07f56e5457c63192ae7b5b4036f975f7eb058a3364a25a87cdc6ce2369082401,98,97,All Ongoing Projects,6,pdfplumber_table,twelve_month_gate2:0.1.0,"pdf_page_index=98,table_index=logical8,row_index=8"
OBS-202512-01199,2025-12,1199,"Tanot -Ramgarh-Bhadasar-Jaisalmer NH-68 and BhadasarMokal-Sarkaritala up to
Pakisthan Border NH-968 Pkg-BM/5",National Highways Authority of India [NHAI],618796,-,-,Rajasthan,02/2018,04/2019,04/2021,-,828.58,830.37,226.86,100,"Tanot -Ramgarh-Bhadasar-Jaisalmer NH-68 and BhadasarMokal-Sarkaritala up to
Pakisthan Border NH-968 Pkg-BM/5
(National Highways Authority of India [NHAI])
(618796)","02/2018
(04/2019)","04/2021
(-)","828.58
(830.37)",SRC-2025-12,07f56e5457c63192ae7b5b4036f975f7eb058a3364a25a87cdc6ce2369082401,98,97,All Ongoing Projects,6,pdfplumber_table,twelve_month_gate2:0.1.0,"pdf_page_index=98,table_index=logical8,row_index=9"
OBS-202512-01200,2025-12,1200,"4L of Karwar Km. 281.980 of NH-62 Nagaur road to Dangiyavas of Jodhpur Ring
Road Pkg-II",National Highways Authority of India [NHAI],618838,-,-,Rajasthan,11/2021,08/2022,08/2024,-,736.75,512.77,395.34,98,"4L of Karwar Km. 281.980 of NH-62 Nagaur road to Dangiyavas of Jodhpur Ring
Road Pkg-II
(National Highways Authority of India [NHAI])
(618838)","11/2021
(08/2022)","08/2024
(-)","736.75
(512.77)",SRC-2025-12,07f56e5457c63192ae7b5b4036f975f7eb058a3364a25a87cdc6ce2369082401,98,97,All Ongoing Projects,6,pdfplumber_table,twelve_month_gate2:0.1.0,"pdf_page_index=98,table_index=logical8,row_index=10"
OBS-202512-01201,2025-12,1201,"Construction of two lane with paved shoulder Gangtok Bypass Road from Ranipool to
Burtuk Ch 0.00 Km to 23.316 L23.316 Km in the State of Sikkim",MoRTH,618071,-,-,Sikkim,10/2021,05/2022,05/2024,01/2025,385.15,342.89,0,78,"Construction of two lane with paved shoulder Gangtok Bypass Road from Ranipool to
Burtuk Ch 0.00 Km to 23.316 L23.316 Km in the State of Sikkim
(MoRTH)
(618071)","10/2021
(05/2022)","05/2024
(01/2025)","385.15
(342.89)",SRC-2025-12,07f56e5457c63192ae7b5b4036f975f7eb058a3364a25a87cdc6ce2369082401,98,97,All Ongoing Projects,6,pdfplumber_table,twelve_month_gate2:0.1.0,"pdf_page_index=98,table_index=logical8,row_index=11"
OBS-202512-01202,2025-12,1202,"Construction & Upgradation of existing road to 2-lane with paved shoulder from New
Rolep Bridge at km 37.600 to Chochenpheri at km 52.00 in the section of Rongli to
Chochenpheri of NH 717B Pkg-II C",NHIDCL,618446,-,-,Sikkim,10/2020,05/2021,05/2024,02/2025,493.42,478.79,0,64,"Construction & Upgradation of existing road to 2-lane with paved shoulder from New
Rolep Bridge at km 37.600 to Chochenpheri at km 52.00 in the section of Rongli to
Chochenpheri of NH 717B Pkg-II C
(NHIDCL)
(618446)","10/2020
(05/2021)","05/2024
(02/2025)","493.42
(478.79)",SRC-2025-12,07f56e5457c63192ae7b5b4036f975f7eb058a3364a25a87cdc6ce2369082401,98,97,All Ongoing Projects,6,pdfplumber_table,twelve_month_gate2:0.1.0,"pdf_page_index=98,table_index=logical8,row_index=12"
OBS-202512-01203,2025-12,1203,"Construction of 2-Laning with Paved Shoulder of New Greenfield Alignment From
Helipad near Menla at Km 82000 to Menla at Km 94030 of Rhenock-Menla Spur NH-
717B Package-IIIB on EPC Basis under SARDP-NE Phase 'A' in the State of Sikkim.",NHIDCL,618447,-,-,Sikkim,01/2021,02/2021,02/2024,11/2025,410.6,379.3,0,33,"Construction of 2-Laning with Paved Shoulder of New Greenfield Alignment From
Helipad near Menla at Km 82000 to Menla at Km 94030 of Rhenock-Menla Spur NH-
717B Package-IIIB on EPC Basis under SARDP-NE Phase 'A' in the State of Sikkim.
(NHIDCL)
(618447)","01/2021
(02/2021)","02/2024
(11/2025)","410.6
(379.3)",SRC-2025-12,07f56e5457c63192ae7b5b4036f975f7eb058a3364a25a87cdc6ce2369082401,98,97,All Ongoing Projects,6,pdfplumber_table,twelve_month_gate2:0.1.0,"pdf_page_index=98,table_index=logical8,row_index=13"
OBS-202512-01204,2025-12,1204,"Construction of 2-Laning with Paved Shoulder of New Greenfield Alignment From
Chochenpheri at Km 52000 to Helipad near Menla at Km 82000 of Rhenock-Menla
Spur NH-717B Package-IIIA on EPC Basis under SARDP-NE Phase 'A' in the State of
Sikkim.",NHIDCL,618448,-,-,Sikkim,10/2020,12/2020,12/2023,09/2025,816.79,786.6,0,0,"Construction of 2-Laning with Paved Shoulder of New Greenfield Alignment From
Chochenpheri at Km 52000 to Helipad near Menla at Km 82000 of Rhenock-Menla
Spur NH-717B Package-IIIA on EPC Basis under SARDP-NE Phase 'A' in the State of
Sikkim.
(NHIDCL)
(618448)","10/2020
(12/2020)","12/2023
(09/2025)","816.79
(786.6)",SRC-2025-12,07f56e5457c63192ae7b5b4036f975f7eb058a3364a25a87cdc6ce2369082401,98,97,All Ongoing Projects,6,pdfplumber_table,twelve_month_gate2:0.1.0,"pdf_page_index=98,table_index=logical8,row_index=14"
OBS-202512-01205,2025-12,1205,"Construction & Upgradation of existing road to 2-lane with paved shoulder from
km27.200 End of Rongli bypass to km37.600New Rolep Bridge of Rhenok-Menla spur
NH-717B on EPC Mode under SARDP-NE Phase-A in Sikkim Pkg-II B",NHIDCL,618449,-,-,Sikkim,07/2020,10/2020,04/2023,02/2025,230.45,244.91,0,64,"Construction & Upgradation of existing road to 2-lane with paved shoulder from
km27.200 End of Rongli bypass to km37.600New Rolep Bridge of Rhenok-Menla spur
NH-717B on EPC Mode under SARDP-NE Phase-A in Sikkim Pkg-II B
(NHIDCL)
(618449)","07/2020
(10/2020)","04/2023
(02/2025)","230.45
(244.91)",SRC-2025-12,07f56e5457c63192ae7b5b4036f975f7eb058a3364a25a87cdc6ce2369082401,98,97,All Ongoing Projects,6,pdfplumber_table,twelve_month_gate2:0.1.0,"pdf_page_index=98,table_index=logical8,row_index=15"
OBS-202512-01206,2025-12,1206,"Rehabilitation & Upgradation of existing road to 2-lane with paved shoulder including
geometric improvement of section from start of Rabangla km33.600 to km58.840
under SARDP-NE Phase A Pkg- IV",NHIDCL,618450,-,-,Sikkim,07/2020,10/2020,05/2022,04/2025,292.8,292.8,1.91,18,"Rehabilitation & Upgradation of existing road to 2-lane with paved shoulder including
geometric improvement of section from start of Rabangla km33.600 to km58.840
under SARDP-NE Phase A Pkg- IV
(NHIDCL)
(618450)","07/2020
(10/2020)","05/2022
(04/2025)","292.8
(292.8)",SRC-2025-12,07f56e5457c63192ae7b5b4036f975f7eb058a3364a25a87cdc6ce2369082401,98,97,All Ongoing Projects,6,pdfplumber_table,twelve_month_gate2:0.1.0,"pdf_page_index=98,table_index=logical8,row_index=16"
OBS-202512-01207,2025-12,1207,"Construction of Bypass to Madurai Achambathu Viratipathu in between km 6/850
10/382 of NH 49 Extn New NH 85 including Land Acquisition on Engineering,
Procurement & Construction EPC basis Contract under NH O Annual Plan 2021-22 in
the state of Tamil Nadu job No.NH-49 Extn New NH 85 - TN-2021-22-997",MoRTH,617962,-,-,Tamil Nadu,03/2022,09/2024,08/2026,-,238.97,260.07,85.64,72,"Construction of Bypass to Madurai Achambathu Viratipathu in between km 6/850
10/382 of NH 49 Extn New NH 85 including Land Acquisition on Engineering,
Procurement & Construction EPC basis Contract under NH O Annual Plan 2021-22 in
the state of Tamil Nadu job No.NH-49 Extn New NH 85 - TN-2021-22-997
(MoRTH)
(617962)","03/2022
(09/2024)","08/2026
(-)","238.97
(260.07)",SRC-2025-12,07f56e5457c63192ae7b5b4036f975f7eb058a3364a25a87cdc6ce2369082401,98,97,All Ongoing Projects,6,pdfplumber_table,twelve_month_gate2:0.1.0,"pdf_page_index=98,table_index=logical8,row_index=17"
OBS-202512-01208,2025-12,1208,"Bangalore Chennai Expressway Phase-III Package II Walajahpet to Arakkonam from
Km 180.000 to Km 204.500",National Highways Authority of India [NHAI],618478,-,-,Tamil Nadu,01/2021,07/2022,07/2024,-,1106.65,1106.65,496.04,90,"Bangalore Chennai Expressway Phase-III Package II Walajahpet to Arakkonam from
Km 180.000 to Km 204.500
(National Highways Authority of India [NHAI])
(618478)","01/2021
(07/2022)","07/2024
(-)","1106.65
(1106.65)",SRC-2025-12,07f56e5457c63192ae7b5b4036f975f7eb058a3364a25a87cdc6ce2369082401,98,97,All Ongoing Projects,6,pdfplumber_table,twelve_month_gate2:0.1.0,"pdf_page_index=98,table_index=logical8,row_index=18"
OBS-202512-01209,2025-12,1209,"Bangalore Chennai Expressway Phase-III Package III Arakkonam to Kancheepuram
from Km 204.500 to Km 230.000",National Highways Authority of India [NHAI],618479,-,-,Tamil Nadu,12/2020,08/2022,07/2024,03/2025,1525.1,1525.1,353.81,53,"Bangalore Chennai Expressway Phase-III Package III Arakkonam to Kancheepuram
from Km 204.500 to Km 230.000
(National Highways Authority of India [NHAI])
(618479)","12/2020
(08/2022)","07/2024
(03/2025)","1525.1
(1525.1)",SRC-2025-12,07f56e5457c63192ae7b5b4036f975f7eb058a3364a25a87cdc6ce2369082401,98,97,All Ongoing Projects,6,pdfplumber_table,twelve_month_gate2:0.1.0,"pdf_page_index=98,table_index=logical8,row_index=19"
OBS-202512-01210,2025-12,1210,"4L Bangalore-Chennai Expressway from Km. 230.000 to Km. 261.705 of
Kanchepuram to Sriperumbudur Section Phase-III/Package-IV",National Highways Authority of India [NHAI],618481,-,-,Tamil Nadu,02/2021,07/2022,07/2024,-,3605.73,3605.73,878.13,62,"4L Bangalore-Chennai Expressway from Km. 230.000 to Km. 261.705 of
Kanchepuram to Sriperumbudur Section Phase-III/Package-IV
(National Highways Authority of India [NHAI])
(618481)","02/2021
(07/2022)","07/2024
(-)","3605.73
(3605.73)",SRC-2025-12,07f56e5457c63192ae7b5b4036f975f7eb058a3364a25a87cdc6ce2369082401,98,97,All Ongoing Projects,6,pdfplumber_table,twelve_month_gate2:0.1.0,"pdf_page_index=98,table_index=logical8,row_index=20"
OBS-202512-01211,2025-12,1211,Karaipettai to Walajapet from Km 71.015 to 107.091,National Highways Authority of India [NHAI],618521,-,-,Tamil Nadu,08/2018,02/2019,02/2021,04/2025,766.51,766.51,426.79,88,"Karaipettai to Walajapet from Km 71.015 to 107.091
(National Highways Authority of India [NHAI])
(618521)","08/2018
(02/2019)","02/2021
(04/2025)","766.51
(766.51)",SRC-2025-12,07f56e5457c63192ae7b5b4036f975f7eb058a3364a25a87cdc6ce2369082401,98,97,All Ongoing Projects,6,pdfplumber_table,twelve_month_gate2:0.1.0,"pdf_page_index=98,table_index=logical8,row_index=21"
OBS-202512-01212,2025-12,1212,4L of Madurai Ring Road Phase 1 [Vadipatti-Thamrapatti] from km 0.00 - km 29.960,National Highways Authority of India [NHAI],618563,-,-,Tamil Nadu,12/2018,03/2020,03/2022,08/2025,900.05,900.05,535.7,90,"4L of Madurai Ring Road Phase 1 [Vadipatti-Thamrapatti] from km 0.00 - km 29.960
(National Highways Authority of India [NHAI])
(618563)","12/2018
(03/2020)","03/2022
(08/2025)","900.05
(900.05)",SRC-2025-12,07f56e5457c63192ae7b5b4036f975f7eb058a3364a25a87cdc6ce2369082401,98,97,All Ongoing Projects,6,pdfplumber_table,twelve_month_gate2:0.1.0,"pdf_page_index=98,table_index=logical8,row_index=22"
OBS-202512-01213,2025-12,1213,"4L of left-over works including additional structures from Kerala/Tamil Nadu border to
Kanyakumari Section from Km 43.0 to Km 96.174 of NH66",National Highways Authority of India [NHAI],618608,-,-,Tamil Nadu,11/2022,08/2023,08/2025,04/2026,1564.23,1263.42,802.39,70,"4L of left-over works including additional structures from Kerala/Tamil Nadu border to
Kanyakumari Section from Km 43.0 to Km 96.174 of NH66
(National Highways Authority of India [NHAI])
(618608)","11/2022
(08/2023)","08/2025
(04/2026)","1564.23
(1263.42)",SRC-2025-12,07f56e5457c63192ae7b5b4036f975f7eb058a3364a25a87cdc6ce2369082401,99,98,All Ongoing Projects,6,pdfplumber_table,twelve_month_gate2:0.1.0,"pdf_page_index=99,table_index=logical8,row_index=1"
OBS-202512-01214,2025-12,1214,"6L of Pondavakkam to Kannigaipair from km 96.040 to km 116.100 of NH 716B Pkg-
IV",National Highways Authority of India [NHAI],618635,-,-,Tamil Nadu,02/2021,01/2023,01/2025,11/2025,1359.81,1359.81,301.77,31,"6L of Pondavakkam to Kannigaipair from km 96.040 to km 116.100 of NH 716B Pkg-
IV
(National Highways Authority of India [NHAI])
(618635)","02/2021
(01/2023)","01/2025
(11/2025)","1359.81
(1359.81)",SRC-2025-12,07f56e5457c63192ae7b5b4036f975f7eb058a3364a25a87cdc6ce2369082401,99,98,All Ongoing Projects,6,pdfplumber_table,twelve_month_gate2:0.1.0,"pdf_page_index=99,table_index=logical8,row_index=2"
OBS-202512-01215,2025-12,1215,4L of Thirumangalam to Vadugapatti section from km 0.000 to km 36.000 of NH-744,National Highways Authority of India [NHAI],618744,-,-,Tamil Nadu,03/2022,02/2023,02/2025,-,1076.97,791.6,651.91,92,"4L of Thirumangalam to Vadugapatti section from km 0.000 to km 36.000 of NH-744
(National Highways Authority of India [NHAI])
(618744)","03/2022
(02/2023)","02/2025
(-)","1076.97
(791.6)",SRC-2025-12,07f56e5457c63192ae7b5b4036f975f7eb058a3364a25a87cdc6ce2369082401,99,98,All Ongoing Projects,6,pdfplumber_table,twelve_month_gate2:0.1.0,"pdf_page_index=99,table_index=logical8,row_index=3"
OBS-202512-01216,2025-12,1216,"4L of Vadugapatti to Therkuvenganallur Rajapalyam section from km 36.000 to km
71.600 of NH-744",National Highways Authority of India [NHAI],618745,-,-,Tamil Nadu,02/2022,04/2023,04/2025,-,1317.6,1137.16,917.08,99,"4L of Vadugapatti to Therkuvenganallur Rajapalyam section from km 36.000 to km
71.600 of NH-744
(National Highways Authority of India [NHAI])
(618745)","02/2022
(04/2023)","04/2025
(-)","1317.6
(1137.16)",SRC-2025-12,07f56e5457c63192ae7b5b4036f975f7eb058a3364a25a87cdc6ce2369082401,99,98,All Ongoing Projects,6,pdfplumber_table,twelve_month_gate2:0.1.0,"pdf_page_index=99,table_index=logical8,row_index=4"
OBS-202512-01217,2025-12,1217,Melur - Pilayarpatti - Karaikudi from km 99.920 of NH 38 to km 12.9 of NH 383 Ext.,National Highways Authority of India [NHAI],618756,-,-,Tamil Nadu,12/2018,03/2020,03/2022,05/2025,1103.86,1085.41,157.65,90,"Melur - Pilayarpatti - Karaikudi from km 99.920 of NH 38 to km 12.9 of NH 383 Ext.
(National Highways Authority of India [NHAI])
(618756)","12/2018
(03/2020)","03/2022
(05/2025)","1103.86
(1085.41)",SRC-2025-12,07f56e5457c63192ae7b5b4036f975f7eb058a3364a25a87cdc6ce2369082401,99,98,All Ongoing Projects,6,pdfplumber_table,twelve_month_gate2:0.1.0,"pdf_page_index=99,table_index=logical8,row_index=5"
OBS-202512-01218,2025-12,1218,"Construction of New Double Tier 4L Elevated Corridor from Chennai Port to
Maduravoyal in Chennai District from km -0.342 to Km 20.593 and Package II from
Km 4.604 to Km 9.700",National Highways Authority of India [NHAI],618800,-,-,Tamil Nadu,03/2023,11/2023,05/2026,-,1616.97,1616.97,99.84,13,"Construction of New Double Tier 4L Elevated Corridor from Chennai Port to
Maduravoyal in Chennai District from km -0.342 to Km 20.593 and Package II from
Km 4.604 to Km 9.700
(National Highways Authority of India [NHAI])
(618800)","03/2023
(11/2023)","05/2026
(-)","1616.97
(1616.97)",SRC-2025-12,07f56e5457c63192ae7b5b4036f975f7eb058a3364a25a87cdc6ce2369082401,99,98,All Ongoing Projects,6,pdfplumber_table,twelve_month_gate2:0.1.0,"pdf_page_index=99,table_index=logical8,row_index=6"
OBS-202512-01219,2025-12,1219,"Construction of New Double Tier 4-lane Elevated Corridor from Chennai Port to
Maduravoyal in Chennai District from Km -0342 to Km 20223 Package 1 from Km -
0342 to Km 4604",National Highways Authority of India [NHAI],618801,-,-,Tamil Nadu,03/2023,11/2023,05/2026,-,1388.59,1388.59,120.51,14,"Construction of New Double Tier 4-lane Elevated Corridor from Chennai Port to
Maduravoyal in Chennai District from Km -0342 to Km 20223 Package 1 from Km -
0342 to Km 4604
(National Highways Authority of India [NHAI])
(618801)","03/2023
(11/2023)","05/2026
(-)","1388.59
(1388.59)",SRC-2025-12,07f56e5457c63192ae7b5b4036f975f7eb058a3364a25a87cdc6ce2369082401,99,98,All Ongoing Projects,6,pdfplumber_table,twelve_month_gate2:0.1.0,"pdf_page_index=99,table_index=logical8,row_index=7"
OBS-202512-01220,2025-12,1220,"4L of Madathukulam - Pollachi from km. 74.38 to km. 116.95 of old NH-209 New NH-
83",National Highways Authority of India [NHAI],618894,-,-,Tamil Nadu,01/2019,12/2020,12/2022,-,1772.13,1772.13,211.73,90,"4L of Madathukulam - Pollachi from km. 74.38 to km. 116.95 of old NH-209 New NH-
83
(National Highways Authority of India [NHAI])
(618894)","01/2019
(12/2020)","12/2022
(-)","1772.13
(1772.13)",SRC-2025-12,07f56e5457c63192ae7b5b4036f975f7eb058a3364a25a87cdc6ce2369082401,99,98,All Ongoing Projects,6,pdfplumber_table,twelve_month_gate2:0.1.0,"pdf_page_index=99,table_index=logical8,row_index=8"
OBS-202512-01221,2025-12,1221,Kamalapuram to Oddanchatram from km. 0.00 to km. 35.822,National Highways Authority of India [NHAI],618895,-,-,Tamil Nadu,01/2019,01/2021,01/2023,03/2026,1319.42,1319.42,331.43,88,"Kamalapuram to Oddanchatram from km. 0.00 to km. 35.822
(National Highways Authority of India [NHAI])
(618895)","01/2019
(01/2021)","01/2023
(03/2026)","1319.42
(1319.42)",SRC-2025-12,07f56e5457c63192ae7b5b4036f975f7eb058a3364a25a87cdc6ce2369082401,99,98,All Ongoing Projects,6,pdfplumber_table,twelve_month_gate2:0.1.0,"pdf_page_index=99,table_index=logical8,row_index=9"
OBS-202512-01222,2025-12,1222,"4L of Sethiyathope -Cholapuram section from Km. 65.960 to Km. 116.440 section of
NH45 C Pkg-II",National Highways Authority of India [NHAI],618897,-,-,Tamil Nadu,NA,08/2018,08/2020,06/2024,2356.19,2356.9,1011.27,100,"4L of Sethiyathope -Cholapuram section from Km. 65.960 to Km. 116.440 section of
NH45 C Pkg-II
(National Highways Authority of India [NHAI])
(618897)","NA
(08/2018)","08/2020
(06/2024)","2356.19
(2356.9)",SRC-2025-12,07f56e5457c63192ae7b5b4036f975f7eb058a3364a25a87cdc6ce2369082401,99,98,All Ongoing Projects,6,pdfplumber_table,twelve_month_gate2:0.1.0,"pdf_page_index=99,table_index=logical8,row_index=10"
OBS-202512-01223,2025-12,1223,"6-laning of km 9.900 to km 19/948 Aramgarh to Shamshabad Section of Hyderabad-
Bangalore section of NH-44 Under NHO EPC basis in the state of Telangana",MoRTH,617913,-,-,Telangana,01/2018,05/2018,05/2020,07/2021,283.15,300.7,252.28,88,"6-laning of km 9.900 to km 19/948 Aramgarh to Shamshabad Section of Hyderabad-
Bangalore section of NH-44 Under NHO EPC basis in the state of Telangana
(MoRTH)
(617913)","01/2018
(05/2018)","05/2020
(07/2021)","283.15
(300.7)",SRC-2025-12,07f56e5457c63192ae7b5b4036f975f7eb058a3364a25a87cdc6ce2369082401,99,98,All Ongoing Projects,6,pdfplumber_table,twelve_month_gate2:0.1.0,"pdf_page_index=99,table_index=logical8,row_index=11"
OBS-202512-01224,2025-12,1224,"Widening to two/four lane with paved shoulder from Km.180.600 to Km.223.000 of
NH-63 on Nizamabad-Jagadalpur road on EPC mode under NHO in the state of
Telangana.",MoRTH,617936,-,-,Telangana,10/2016,03/2017,03/2019,-,253.99,183.26,0,0,"Widening to two/four lane with paved shoulder from Km.180.600 to Km.223.000 of
NH-63 on Nizamabad-Jagadalpur road on EPC mode under NHO in the state of
Telangana.
(MoRTH)
(617936)","10/2016
(03/2017)","03/2019
(-)","253.99
(183.26)",SRC-2025-12,07f56e5457c63192ae7b5b4036f975f7eb058a3364a25a87cdc6ce2369082401,99,98,All Ongoing Projects,6,pdfplumber_table,twelve_month_gate2:0.1.0,"pdf_page_index=99,table_index=logical8,row_index=12"
OBS-202512-01225,2025-12,1225,"Rehabilitation and Upgradation of LB-Nagar to Malkapur section to 6-Lane main
carriageway with service roads, drains cum footpath, including VUPs and widening of
Minor bridge & road safety provisions from Km. 15/00 to Km 40/00 of NH-65 Old NH-9
under NH O for the year 2020-21 in the state of Telangana on EPC Mode.",MoRTH,617940,-,-,Telangana,03/2021,07/2022,07/2024,09/2025,545.11,545.11,258.75,60,"Rehabilitation and Upgradation of LB-Nagar to Malkapur section to 6-Lane main
carriageway with service roads, drains cum footpath, including VUPs and widening of
Minor bridge & road safety provisions from Km. 15/00 to Km 40/00 of NH-65 Old NH-9
under NH O for the year 2020-21 in the state of Telangana on EPC Mode.
(MoRTH)
(617940)","03/2021
(07/2022)","07/2024
(09/2025)","545.11
(545.11)",SRC-2025-12,07f56e5457c63192ae7b5b4036f975f7eb058a3364a25a87cdc6ce2369082401,99,98,All Ongoing Projects,6,pdfplumber_table,twelve_month_gate2:0.1.0,"pdf_page_index=99,table_index=logical8,row_index=13"
OBS-202512-01226,2025-12,1226,"Construction of six lane elevated corridor from km 7.950 Uppal to km 14.200 of NH-
163 to De-Congest the urban limits of Hyderabad-Bhoopalapatnam section on EPC
mode in the state of Telangana",MoRTH,617980,-,-,Telangana,03/2018,07/2018,07/2020,04/2026,626.76,626.76,13.91,49,"Construction of six lane elevated corridor from km 7.950 Uppal to km 14.200 of NH-
163 to De-Congest the urban limits of Hyderabad-Bhoopalapatnam section on EPC
mode in the state of Telangana
(MoRTH)
(617980)","03/2018
(07/2018)","07/2020
(04/2026)","626.76
(626.76)",SRC-2025-12,07f56e5457c63192ae7b5b4036f975f7eb058a3364a25a87cdc6ce2369082401,99,98,All Ongoing Projects,6,pdfplumber_table,twelve_month_gate2:0.1.0,"pdf_page_index=99,table_index=logical8,row_index=14"
OBS-202512-01227,2025-12,1227,"Widening and strengthening of existing 2-lane to 2- lane with paved shoulders from km
159/0 to 165/4 and 186/0 to 215/0 of NH-163 on EPC mode int the state of Telangana",MoRTH,617982,-,-,Telangana,01/2018,06/2018,11/2019,12/2020,230.03,230.03,0,0,"Widening and strengthening of existing 2-lane to 2- lane with paved shoulders from km
159/0 to 165/4 and 186/0 to 215/0 of NH-163 on EPC mode int the state of Telangana
(MoRTH)
(617982)","01/2018
(06/2018)","11/2019
(12/2020)","230.03
(230.03)",SRC-2025-12,07f56e5457c63192ae7b5b4036f975f7eb058a3364a25a87cdc6ce2369082401,99,98,All Ongoing Projects,6,pdfplumber_table,twelve_month_gate2:0.1.0,"pdf_page_index=99,table_index=logical8,row_index=15"
OBS-202512-01228,2025-12,1228,"Widening & Strengthening of Existing 2LPS to 4 lane PS from Km 150000 to Km
159000 and Km 165400 to Km 186000 of NH-163 old NH-202 under NH O for the year
2020-21 on EPC Mode in the state of Telangana.",MoRTH,617983,-,-,Telangana,03/2021,07/2022,07/2024,04/2025,317.19,300.56,168.8,82,"Widening & Strengthening of Existing 2LPS to 4 lane PS from Km 150000 to Km
159000 and Km 165400 to Km 186000 of NH-163 old NH-202 under NH O for the year
2020-21 on EPC Mode in the state of Telangana.
(MoRTH)
(617983)","03/2021
(07/2022)","07/2024
(04/2025)","317.19
(300.56)",SRC-2025-12,07f56e5457c63192ae7b5b4036f975f7eb058a3364a25a87cdc6ce2369082401,99,98,All Ongoing Projects,6,pdfplumber_table,twelve_month_gate2:0.1.0,"pdf_page_index=99,table_index=logical8,row_index=16"
OBS-202512-01229,2025-12,1229,"Rehabilitation & upgradation of NH - 167 from design km 187.723 to 234.434
Miryalaguda to Kodad section to two lane with paved shoulder on EPC mode in the
state of Telangana",MoRTH,617992,-,-,Telangana,03/2018,09/2018,09/2020,-,322.81,322.81,43.78,0,"Rehabilitation & upgradation of NH - 167 from design km 187.723 to 234.434
Miryalaguda to Kodad section to two lane with paved shoulder on EPC mode in the
state of Telangana
(MoRTH)
(617992)","03/2018
(09/2018)","09/2020
(-)","322.81
(322.81)",SRC-2025-12,07f56e5457c63192ae7b5b4036f975f7eb058a3364a25a87cdc6ce2369082401,99,98,All Ongoing Projects,6,pdfplumber_table,twelve_month_gate2:0.1.0,"pdf_page_index=99,table_index=logical8,row_index=17"
OBS-202512-01230,2025-12,1230,"Rehabilitation and upgradation of NH-167 from design km 113.900 to 154.479
Mallepally Haliya section to two lane with paved shoulders on EPC mode in the stte of
Telangana",MoRTH,617994,-,-,Telangana,02/2018,06/2018,11/2019,-,294.13,257.61,3.16,88,"Rehabilitation and upgradation of NH-167 from design km 113.900 to 154.479
Mallepally Haliya section to two lane with paved shoulders on EPC mode in the stte of
Telangana
(MoRTH)
(617994)","02/2018
(06/2018)","11/2019
(-)","294.13
(257.61)",SRC-2025-12,07f56e5457c63192ae7b5b4036f975f7eb058a3364a25a87cdc6ce2369082401,99,98,All Ongoing Projects,6,pdfplumber_table,twelve_month_gate2:0.1.0,"pdf_page_index=99,table_index=logical8,row_index=18"
OBS-202512-01231,2025-12,1231,"Widening to Two Lane with Paved Shoulders from Km 67.000 to Km 114.425 of
Kalwakurthy- Mallapally Section of NH 167 Erstwhile section of SH 18 in the State of
Telangana on EPC mode under NH O Annual Plan 2016-17",MoRTH,617995,-,-,Telangana,01/2017,05/2017,05/2019,07/2021,300,300,2.08,99,"Widening to Two Lane with Paved Shoulders from Km 67.000 to Km 114.425 of
Kalwakurthy- Mallapally Section of NH 167 Erstwhile section of SH 18 in the State of
Telangana on EPC mode under NH O Annual Plan 2016-17
(MoRTH)
(617995)","01/2017
(05/2017)","05/2019
(07/2021)","300
(300)",SRC-2025-12,07f56e5457c63192ae7b5b4036f975f7eb058a3364a25a87cdc6ce2369082401,99,98,All Ongoing Projects,6,pdfplumber_table,twelve_month_gate2:0.1.0,"pdf_page_index=99,table_index=logical8,row_index=19"
OBS-202512-01232,2025-12,1232,"Widening to 2/4 Lane with paved shoulders from Km 182.120 to Km 227.600 of NH
167 on Haggari-Jadcherla Road on EPC mode under NHO in the state of Telangana",MoRTH,617996,-,-,Telangana,10/2016,02/2017,02/2019,07/2023,298,298,228.09,95,"Widening to 2/4 Lane with paved shoulders from Km 182.120 to Km 227.600 of NH
167 on Haggari-Jadcherla Road on EPC mode under NHO in the state of Telangana
(MoRTH)
(617996)","10/2016
(02/2017)","02/2019
(07/2023)","298
(298)",SRC-2025-12,07f56e5457c63192ae7b5b4036f975f7eb058a3364a25a87cdc6ce2369082401,99,98,All Ongoing Projects,6,pdfplumber_table,twelve_month_gate2:0.1.0,"pdf_page_index=99,table_index=logical8,row_index=20"
OBS-202512-01233,2025-12,1233,"Construction of 4-lane flyover at Amberpet-X road, Hyderabad on NH-202 in the State
of Telangana",MoRTH,618001,-,-,Telangana,05/2018,06/2021,06/2023,04/2024,216.53,265.88,154.05,36,"Construction of 4-lane flyover at Amberpet-X road, Hyderabad on NH-202 in the State
of Telangana
(MoRTH)
(618001)","05/2018
(06/2021)","06/2023
(04/2024)","216.53
(265.88)",SRC-2025-12,07f56e5457c63192ae7b5b4036f975f7eb058a3364a25a87cdc6ce2369082401,99,98,All Ongoing Projects,6,pdfplumber_table,twelve_month_gate2:0.1.0,"pdf_page_index=99,table_index=logical8,row_index=21"
OBS-202512-01234,2025-12,1234,"Rehabiitation and upgradation from km 121/000 to 154/000 Nakrekal to Mallampally
section of NH-365 to 2 lane with paved shoulders in the state of Telangana in the EPC
mode",MoRTH,618025,-,-,Telangana,03/2018,06/2018,12/2019,-,192.67,192.67,0,96,"Rehabiitation and upgradation from km 121/000 to 154/000 Nakrekal to Mallampally
section of NH-365 to 2 lane with paved shoulders in the state of Telangana in the EPC
mode
(MoRTH)
(618025)","03/2018
(06/2018)","12/2019
(-)","192.67
(192.67)",SRC-2025-12,07f56e5457c63192ae7b5b4036f975f7eb058a3364a25a87cdc6ce2369082401,99,98,All Ongoing Projects,6,pdfplumber_table,twelve_month_gate2:0.1.0,"pdf_page_index=99,table_index=logical8,row_index=22"
OBS-202512-01235,2025-12,1235,"Rehabilitation and upgradation to two lane with paved shoulders from Km 0/000 to
72/6 of NH-365 Nakrekal to Tanamcherla section under NHDP IV in the state of
Telangana under EPC mode",MoRTH,618026,-,-,Telangana,06/2017,11/2017,10/2019,-,605.08,605.08,0,0,"Rehabilitation and upgradation to two lane with paved shoulders from Km 0/000 to
72/6 of NH-365 Nakrekal to Tanamcherla section under NHDP IV in the state of
Telangana under EPC mode
(MoRTH)
(618026)","06/2017
(11/2017)","10/2019
(-)","605.08
(605.08)",SRC-2025-12,07f56e5457c63192ae7b5b4036f975f7eb058a3364a25a87cdc6ce2369082401,100,99,All Ongoing Projects,6,pdfplumber_table,twelve_month_gate2:0.1.0,"pdf_page_index=100,table_index=logical8,row_index=1"
OBS-202512-01236,2025-12,1236,"Widening to two lane with paved shoulders from Km 0/000 to Km 79/300 of
Kalwakurthy - Kollapur section of NH-167K in the state of Telangana under annual
plan 2021-22 on EPC mode under NHO.",MoRTH,618104,-,-,Telangana,03/2022,07/2023,07/2025,-,886.69,886.69,557.4,78,"Widening to two lane with paved shoulders from Km 0/000 to Km 79/300 of
Kalwakurthy - Kollapur section of NH-167K in the state of Telangana under annual
plan 2021-22 on EPC mode under NHO.
(MoRTH)
(618104)","03/2022
(07/2023)","07/2025
(-)","886.69
(886.69)",SRC-2025-12,07f56e5457c63192ae7b5b4036f975f7eb058a3364a25a87cdc6ce2369082401,100,99,All Ongoing Projects,6,pdfplumber_table,twelve_month_gate2:0.1.0,"pdf_page_index=100,table_index=logical8,row_index=2"
OBS-202512-01237,2025-12,1237,"Widening and strengthening to 4 lane / 2-lane with paved shoulders of Mahabubnagar
- Chincholi section from km 60/255 to Km 102/834 of NH-167N in the State of
Telangana on EPC mode.",MoRTH,618105,-,-,Telangana,03/2022,10/2023,10/2025,-,631.49,631.49,71.91,0,"Widening and strengthening to 4 lane / 2-lane with paved shoulders of Mahabubnagar
- Chincholi section from km 60/255 to Km 102/834 of NH-167N in the State of
Telangana on EPC mode.
(MoRTH)
(618105)","03/2022
(10/2023)","10/2025
(-)","631.49
(631.49)",SRC-2025-12,07f56e5457c63192ae7b5b4036f975f7eb058a3364a25a87cdc6ce2369082401,100,99,All Ongoing Projects,6,pdfplumber_table,twelve_month_gate2:0.1.0,"pdf_page_index=100,table_index=logical8,row_index=3"
OBS-202512-01238,2025-12,1238,"Widening and Strengthening to 2/4 lane with paved shoulders of Mahabubnagar
Chincholi section from Km 0/0 to Km 60/255 of NH-167N in the state of Telangana
under Annual plan 2021-22 on EPC modepackage-I under NHO Job No.167N-TS-
2021-22-75",MoRTH,618106,-,-,Telangana,01/2022,01/2023,01/2025,-,703.68,703.68,252.3,87,"Widening and Strengthening to 2/4 lane with paved shoulders of Mahabubnagar
Chincholi section from Km 0/0 to Km 60/255 of NH-167N in the state of Telangana
under Annual plan 2021-22 on EPC modepackage-I under NHO Job No.167N-TS-
2021-22-75
(MoRTH)
(618106)","01/2022
(01/2023)","01/2025
(-)","703.68
(703.68)",SRC-2025-12,07f56e5457c63192ae7b5b4036f975f7eb058a3364a25a87cdc6ce2369082401,100,99,All Ongoing Projects,6,pdfplumber_table,twelve_month_gate2:0.1.0,"pdf_page_index=100,table_index=logical8,row_index=4"
OBS-202512-01239,2025-12,1239,"Widening & strengthening of existing carriageway in 2 lane with paved shoulders from
km 25/0 to 59/2 design Ch km 25.467 to 59.200 of NH - 353C on EPC mode in the
state of Telangana",MoRTH,618132,-,-,Telangana,02/2018,06/2018,06/2020,-,206.13,206.13,152.77,98,"Widening & strengthening of existing carriageway in 2 lane with paved shoulders from
km 25/0 to 59/2 design Ch km 25.467 to 59.200 of NH - 353C on EPC mode in the
state of Telangana
(MoRTH)
(618132)","02/2018
(06/2018)","06/2020
(-)","206.13
(206.13)",SRC-2025-12,07f56e5457c63192ae7b5b4036f975f7eb058a3364a25a87cdc6ce2369082401,100,99,All Ongoing Projects,6,pdfplumber_table,twelve_month_gate2:0.1.0,"pdf_page_index=100,table_index=logical8,row_index=5"
OBS-202512-01240,2025-12,1240,"Widening and Improvement of existing carriage way to 2 lane with paved shoulders
from Km. 86/160 to 131/730 of Jangaon-Duddeda section of NH-365B in the State of
Telangana on EPC Mode",MoRTH,618141,-,-,Telangana,01/2022,12/2022,12/2024,06/2025,423.48,423.48,159.94,0,"Widening and Improvement of existing carriage way to 2 lane with paved shoulders
from Km. 86/160 to 131/730 of Jangaon-Duddeda section of NH-365B in the State of
Telangana on EPC Mode
(MoRTH)
(618141)","01/2022
(12/2022)","12/2024
(06/2025)","423.48
(423.48)",SRC-2025-12,07f56e5457c63192ae7b5b4036f975f7eb058a3364a25a87cdc6ce2369082401,100,99,All Ongoing Projects,6,pdfplumber_table,twelve_month_gate2:0.1.0,"pdf_page_index=100,table_index=logical8,row_index=6"
OBS-202512-01241,2025-12,1241,"Widening to Two lane with Paved shoulders from km.40/410 to 84/037 of
Thirumanlagiri-- Suryapet Section of NH-365B earstwhile section of SH-16",MoRTH,618142,-,-,Telangana,01/2017,05/2017,05/2019,05/2019,244.54,244.54,0,99,"Widening to Two lane with Paved shoulders from km.40/410 to 84/037 of
Thirumanlagiri-- Suryapet Section of NH-365B earstwhile section of SH-16
(MoRTH)
(618142)","01/2017
(05/2017)","05/2019
(05/2019)","244.54
(244.54)",SRC-2025-12,07f56e5457c63192ae7b5b4036f975f7eb058a3364a25a87cdc6ce2369082401,100,99,All Ongoing Projects,6,pdfplumber_table,twelve_month_gate2:0.1.0,"pdf_page_index=100,table_index=logical8,row_index=7"
OBS-202512-01242,2025-12,1242,"widening to two lane with Paved shoulders from Km.0/970 to Km.40/410 of Jangaon -
Thirumal giriof NH- 365B in the state of Telanganaon EPC mode under NHO Annual
Plan 2016-17",MoRTH,618143,-,-,Telangana,03/2017,11/2017,10/2019,10/2019,197,197,0,92,"widening to two lane with Paved shoulders from Km.0/970 to Km.40/410 of Jangaon -
Thirumal giriof NH- 365B in the state of Telanganaon EPC mode under NHO Annual
Plan 2016-17
(MoRTH)
(618143)","03/2017
(11/2017)","10/2019
(10/2019)","197
(197)",SRC-2025-12,07f56e5457c63192ae7b5b4036f975f7eb058a3364a25a87cdc6ce2369082401,100,99,All Ongoing Projects,6,pdfplumber_table,twelve_month_gate2:0.1.0,"pdf_page_index=100,table_index=logical8,row_index=8"
OBS-202512-01243,2025-12,1243,"Rehabilitation and Up-gradation of Valigonda to Thorrur Section to Two Lane with
Paved Shoulders from Km 39.180 to Km 108.300 of NH-930P in the State of
Telangana on Engineering, Procurement and Construction EPC Basis",MoRTH,618186,-,-,Telangana,01/2022,12/2022,12/2024,04/2025,549.28,549.28,280.02,82,"Rehabilitation and Up-gradation of Valigonda to Thorrur Section to Two Lane with
Paved Shoulders from Km 39.180 to Km 108.300 of NH-930P in the State of
Telangana on Engineering, Procurement and Construction EPC Basis
(MoRTH)
(618186)","01/2022
(12/2022)","12/2024
(04/2025)","549.28
(549.28)",SRC-2025-12,07f56e5457c63192ae7b5b4036f975f7eb058a3364a25a87cdc6ce2369082401,100,99,All Ongoing Projects,6,pdfplumber_table,twelve_month_gate2:0.1.0,"pdf_page_index=100,table_index=logical8,row_index=9"
OBS-202512-01244,2025-12,1244,"Widening to two lane with paved shoulders of 'Bodhan Basar Bhainsa ' section from
Km 38/900 to 95/300 of NH-161BB in the state of Telangana under Annual Plan 2021-
22 on EPC Mode under NH O.",MoRTH,618190,-,-,Telangana,03/2022,03/2023,03/2025,-,644.45,644.45,348.93,0,"Widening to two lane with paved shoulders of 'Bodhan Basar Bhainsa ' section from
Km 38/900 to 95/300 of NH-161BB in the state of Telangana under Annual Plan 2021-
22 on EPC Mode under NH O.
(MoRTH)
(618190)","03/2022
(03/2023)","03/2025
(-)","644.45
(644.45)",SRC-2025-12,07f56e5457c63192ae7b5b4036f975f7eb058a3364a25a87cdc6ce2369082401,100,99,All Ongoing Projects,6,pdfplumber_table,twelve_month_gate2:0.1.0,"pdf_page_index=100,table_index=logical8,row_index=10"
OBS-202512-01245,2025-12,1245,"Widening to 2 lane with Paved Shoulders of Siddipet-Elkathurthy section from Km
69/978 to km 133/619 of NH-765DG in the State of Telangana under Annual plan
2021-22 on EPC mode",MoRTH,618196,-,-,Telangana,01/2022,12/2022,12/2024,01/2025,578.85,578.85,0,76,"Widening to 2 lane with Paved Shoulders of Siddipet-Elkathurthy section from Km
69/978 to km 133/619 of NH-765DG in the State of Telangana under Annual plan
2021-22 on EPC mode
(MoRTH)
(618196)","01/2022
(12/2022)","12/2024
(01/2025)","578.85
(578.85)",SRC-2025-12,07f56e5457c63192ae7b5b4036f975f7eb058a3364a25a87cdc6ce2369082401,100,99,All Ongoing Projects,6,pdfplumber_table,twelve_month_gate2:0.1.0,"pdf_page_index=100,table_index=logical8,row_index=11"
OBS-202512-01246,2025-12,1246,"Widening to 2 lane with Paved Shoulders of Medak - Siddipet section from Km 0/0 to
km 69/978 of NH-765DG in the State of Telangana under Annual plan 2021-22 on
EPC mode",MoRTH,618197,-,-,Telangana,01/2022,01/2023,01/2025,07/2025,882.18,882.18,347.42,73,"Widening to 2 lane with Paved Shoulders of Medak - Siddipet section from Km 0/0 to
km 69/978 of NH-765DG in the State of Telangana under Annual plan 2021-22 on
EPC mode
(MoRTH)
(618197)","01/2022
(01/2023)","01/2025
(07/2025)","882.18
(882.18)",SRC-2025-12,07f56e5457c63192ae7b5b4036f975f7eb058a3364a25a87cdc6ce2369082401,100,99,All Ongoing Projects,6,pdfplumber_table,twelve_month_gate2:0.1.0,"pdf_page_index=100,table_index=logical8,row_index=12"
OBS-202512-01247,2025-12,1247,"Improvement of Geometrics of Kalkallu to Gundla Pochanpalli from Km 454.00 to Km
471.00 of NH-44",National Highways Authority of India [NHAI],618558,-,-,Telangana,03/2022,01/2023,01/2025,07/2026,955.49,903.17,427.03,35,"Improvement of Geometrics of Kalkallu to Gundla Pochanpalli from Km 454.00 to Km
471.00 of NH-44
(National Highways Authority of India [NHAI])
(618558)","03/2022
(01/2023)","01/2025
(07/2026)","955.49
(903.17)",SRC-2025-12,07f56e5457c63192ae7b5b4036f975f7eb058a3364a25a87cdc6ce2369082401,100,99,All Ongoing Projects,6,pdfplumber_table,twelve_month_gate2:0.1.0,"pdf_page_index=100,table_index=logical8,row_index=13"
OBS-202512-01248,2025-12,1248,"6L of existing 4L from Gundlapochampally to Bowenpally from km 471.300 to km
481.331 of NH-44",National Highways Authority of India [NHAI],618559,-,-,Telangana,12/2021,08/2022,07/2024,04/2026,521.53,528.21,256.27,50,"6L of existing 4L from Gundlapochampally to Bowenpally from km 471.300 to km
481.331 of NH-44
(National Highways Authority of India [NHAI])
(618559)","12/2021
(08/2022)","07/2024
(04/2026)","521.53
(528.21)",SRC-2025-12,07f56e5457c63192ae7b5b4036f975f7eb058a3364a25a87cdc6ce2369082401,100,99,All Ongoing Projects,6,pdfplumber_table,twelve_month_gate2:0.1.0,"pdf_page_index=100,table_index=logical8,row_index=14"
OBS-202512-01249,2025-12,1249,"Improvement of Geometrics of Thondupally to Kothur from Km 22.300 to Km 34.14 of
NH-44",National Highways Authority of India [NHAI],618560,-,-,Telangana,03/2022,03/2023,09/2024,-,541.58,527.43,45.13,10,"Improvement of Geometrics of Thondupally to Kothur from Km 22.300 to Km 34.14 of
NH-44
(National Highways Authority of India [NHAI])
(618560)","03/2022
(03/2023)","09/2024
(-)","541.58
(527.43)",SRC-2025-12,07f56e5457c63192ae7b5b4036f975f7eb058a3364a25a87cdc6ce2369082401,100,99,All Ongoing Projects,6,pdfplumber_table,twelve_month_gate2:0.1.0,"pdf_page_index=100,table_index=logical8,row_index=15"
OBS-202512-01250,2025-12,1250,"Khammam-Devarapalle Pkg I [4L Access Controlled Greenfield from Thallampadu
village to Somavaram village Design Chainage 0000 to 33604]",National Highways Authority of India [NHAI],618746,-,-,Telangana,01/2021,10/2022,10/2024,01/2026,797.36,1337.18,570.63,91,"Khammam-Devarapalle Pkg I [4L Access Controlled Greenfield from Thallampadu
village to Somavaram village Design Chainage 0000 to 33604]
(National Highways Authority of India [NHAI])
(618746)","01/2021
(10/2022)","10/2024
(01/2026)","797.36
(1337.18)",SRC-2025-12,07f56e5457c63192ae7b5b4036f975f7eb058a3364a25a87cdc6ce2369082401,100,99,All Ongoing Projects,6,pdfplumber_table,twelve_month_gate2:0.1.0,"pdf_page_index=100,table_index=logical8,row_index=16"
OBS-202512-01251,2025-12,1251,"4L of Kodad Design Km 0.00/Existing Km 185.00 of NH-65 to Khammam Design Km
31.800/Existing Km 29.400 of NH-365A",National Highways Authority of India [NHAI],618945,-,-,Telangana,01/2021,01/2022,05/2024,05/2025,1149.17,1606.99,688.18,99,"4L of Kodad Design Km 0.00/Existing Km 185.00 of NH-65 to Khammam Design Km
31.800/Existing Km 29.400 of NH-365A
(National Highways Authority of India [NHAI])
(618945)","01/2021
(01/2022)","05/2024
(05/2025)","1149.17
(1606.99)",SRC-2025-12,07f56e5457c63192ae7b5b4036f975f7eb058a3364a25a87cdc6ce2369082401,100,99,All Ongoing Projects,6,pdfplumber_table,twelve_month_gate2:0.1.0,"pdf_page_index=100,table_index=logical8,row_index=17"
OBS-202512-01252,2025-12,1252,"Rehabilitation and up-gradation of road from km 16.077 to km 43.935 total length
27.858 km of Lalchara-Kanchanpur section via Shivbari on NH-44A to 2 lane with
paved shoulder in the state of Tripura on EPC Mode Pkg-2 under BharatMala
Pariyojana Manu-Simlung -2",NHIDCL,618307,-,-,Tripura,02/2022,01/2023,01/2025,04/2025,456.88,456.88,0,0,"Rehabilitation and up-gradation of road from km 16.077 to km 43.935 total length
27.858 km of Lalchara-Kanchanpur section via Shivbari on NH-44A to 2 lane with
paved shoulder in the state of Tripura on EPC Mode Pkg-2 under BharatMala
Pariyojana Manu-Simlung -2
(NHIDCL)
(618307)","02/2022
(01/2023)","01/2025
(04/2025)","456.88
(456.88)",SRC-2025-12,07f56e5457c63192ae7b5b4036f975f7eb058a3364a25a87cdc6ce2369082401,100,99,All Ongoing Projects,6,pdfplumber_table,twelve_month_gate2:0.1.0,"pdf_page_index=100,table_index=logical8,row_index=18"
OBS-202512-01253,2025-12,1253,"Improvement and Widening to 2-lane with paved shoulder of road from design Km
36.000 Rangamati to design Km 72.000 Pati Chhari Total length 36.000 Km on
Teliamura to Harina section of NH 208 in the state of Tripura on EPC mode under
JICA ODA Loan Phase VI Package-3",NHIDCL,618368,-,-,Tripura,01/2024,09/2024,09/2026,-,670.9,670.9,0,6,"Improvement and Widening to 2-lane with paved shoulder of road from design Km
36.000 Rangamati to design Km 72.000 Pati Chhari Total length 36.000 Km on
Teliamura to Harina section of NH 208 in the state of Tripura on EPC mode under
JICA ODA Loan Phase VI Package-3
(NHIDCL)
(618368)","01/2024
(09/2024)","09/2026
(-)","670.9
(670.9)",SRC-2025-12,07f56e5457c63192ae7b5b4036f975f7eb058a3364a25a87cdc6ce2369082401,100,99,All Ongoing Projects,6,pdfplumber_table,twelve_month_gate2:0.1.0,"pdf_page_index=100,table_index=logical8,row_index=19"
OBS-202512-01254,2025-12,1254,"Improvement and Widening to 2-lane with paved shoulder of road from existing Km
438.170 Khowai Chowmuhani to existing Km 439.410 South Pulinpur of NH-08 and
from design Km 0.000 South Pulinpur to design Km 36.00 near Rangamati of NH 208
on Khowai Teliamura- Harina section Total length 37.24 in the state of Tripura on
EPC mode under JICA ODA Loan Phase VI Package-2",NHIDCL,618369,-,-,Tripura,01/2024,09/2024,09/2026,-,657.21,657.21,0,42,"Improvement and Widening to 2-lane with paved shoulder of road from existing Km
438.170 Khowai Chowmuhani to existing Km 439.410 South Pulinpur of NH-08 and
from design Km 0.000 South Pulinpur to design Km 36.00 near Rangamati of NH 208
on Khowai Teliamura- Harina section Total length 37.24 in the state of Tripura on
EPC mode under JICA ODA Loan Phase VI Package-2
(NHIDCL)
(618369)","01/2024
(09/2024)","09/2026
(-)","657.21
(657.21)",SRC-2025-12,07f56e5457c63192ae7b5b4036f975f7eb058a3364a25a87cdc6ce2369082401,101,100,All Ongoing Projects,6,pdfplumber_table,twelve_month_gate2:0.1.0,"pdf_page_index=101,table_index=logical8,row_index=1"
OBS-202512-01255,2025-12,1255,"Improvement and Widening to 2-lane with paved shoulder of road from Km 101.300 to
km 127.319 Total Length 26.019 Km i.e. the Khowai Teliamura-Amarpur-Harina-
Sabroom section of NH 208 in the state of Tripura on EPC under JICA ODA Loan
Phase VI Package-1",NHIDCL,618370,-,-,Tripura,01/2024,07/2024,07/2026,-,431.78,431.78,0,0,"Improvement and Widening to 2-lane with paved shoulder of road from Km 101.300 to
km 127.319 Total Length 26.019 Km i.e. the Khowai Teliamura-Amarpur-Harina-
Sabroom section of NH 208 in the state of Tripura on EPC under JICA ODA Loan
Phase VI Package-1
(NHIDCL)
(618370)","01/2024
(07/2024)","07/2026
(-)","431.78
(431.78)",SRC-2025-12,07f56e5457c63192ae7b5b4036f975f7eb058a3364a25a87cdc6ce2369082401,101,100,All Ongoing Projects,6,pdfplumber_table,twelve_month_gate2:0.1.0,"pdf_page_index=101,table_index=logical8,row_index=2"
OBS-202512-01256,2025-12,1256,"Rehabilitation and up-gradation of road from design km 25.250 to km 36.460 Total
lengh 11.210 km of Kailashahar-Kurti Bridge section on NH-208A to 2-lane with paved
shoulder on EPC basis under NHO Package-III- Balance Work",NHIDCL,618385,-,-,Tripura,02/2020,09/2024,09/2025,-,174.43,174.43,0,0,"Rehabilitation and up-gradation of road from design km 25.250 to km 36.460 Total
lengh 11.210 km of Kailashahar-Kurti Bridge section on NH-208A to 2-lane with paved
shoulder on EPC basis under NHO Package-III- Balance Work
(NHIDCL)
(618385)","02/2020
(09/2024)","09/2025
(-)","174.43
(174.43)",SRC-2025-12,07f56e5457c63192ae7b5b4036f975f7eb058a3364a25a87cdc6ce2369082401,101,100,All Ongoing Projects,6,pdfplumber_table,twelve_month_gate2:0.1.0,"pdf_page_index=101,table_index=logical8,row_index=3"
OBS-202512-01257,2025-12,1257,"Rehabilitation & Upgradation of Road from Km 0.00 to Km 18.600 Total length-18.600
km of Kumarghat-Kailashahar section on NH-208 to 2-lane with Paved shoulder on
EPC bais under NHO",NHIDCL,618386,-,-,Tripura,02/2020,07/2020,01/2022,10/2024,277.5,302.03,0,0,"Rehabilitation & Upgradation of Road from Km 0.00 to Km 18.600 Total length-18.600
km of Kumarghat-Kailashahar section on NH-208 to 2-lane with Paved shoulder on
EPC bais under NHO
(NHIDCL)
(618386)","02/2020
(07/2020)","01/2022
(10/2024)","277.5
(302.03)",SRC-2025-12,07f56e5457c63192ae7b5b4036f975f7eb058a3364a25a87cdc6ce2369082401,101,100,All Ongoing Projects,6,pdfplumber_table,twelve_month_gate2:0.1.0,"pdf_page_index=101,table_index=logical8,row_index=4"
OBS-202512-01258,2025-12,1258,"Melaghar-Srimantapur section on NH-08 Spur from Km 23 to Km 34.500 11.5 Km and
overlay from Km 20.30 to Km 22.00 1.7 Km Total Length 13.2 Km",NHIDCL,618411,-,-,Tripura,01/2023,05/2023,11/2024,12/2025,195.95,195.95,0,0,"Melaghar-Srimantapur section on NH-08 Spur from Km 23 to Km 34.500 11.5 Km and
overlay from Km 20.30 to Km 22.00 1.7 Km Total Length 13.2 Km
(NHIDCL)
(618411)","01/2023
(05/2023)","11/2024
(12/2025)","195.95
(195.95)",SRC-2025-12,07f56e5457c63192ae7b5b4036f975f7eb058a3364a25a87cdc6ce2369082401,101,100,All Ongoing Projects,6,pdfplumber_table,twelve_month_gate2:0.1.0,"pdf_page_index=101,table_index=logical8,row_index=5"
OBS-202512-01259,2025-12,1259,"Construction of 4-Lane with paved shoulder Agartala bypass Western side, length
25.402 km connecting NH-8 near Amtali to NH-108B near Lembuchhera in the state of
Tripura on EPC basis under NHO-NE",NHIDCL,618417,-,-,Tripura,03/2023,03/2024,03/2027,-,2026.05,2026.05,0,0,"Construction of 4-Lane with paved shoulder Agartala bypass Western side, length
25.402 km connecting NH-8 near Amtali to NH-108B near Lembuchhera in the state of
Tripura on EPC basis under NHO-NE
(NHIDCL)
(618417)","03/2023
(03/2024)","03/2027
(-)","2026.05
(2026.05)",SRC-2025-12,07f56e5457c63192ae7b5b4036f975f7eb058a3364a25a87cdc6ce2369082401,101,100,All Ongoing Projects,6,pdfplumber_table,twelve_month_gate2:0.1.0,"pdf_page_index=101,table_index=logical8,row_index=6"
OBS-202512-01260,2025-12,1260,"Construction of Jasra Bypass with four lane paved shoulder configurationfrom Km
379.670 on NH-76New NH-35 to Km 18.00 on NH-27New NH-30 on EPC in the State
of Uttar Pradesh.",MoRTH,617957,-,-,Uttar Pradesh,02/2023,03/2024,09/2025,-,274.06,274.06,0,91,"Construction of Jasra Bypass with four lane paved shoulder configurationfrom Km
379.670 on NH-76New NH-35 to Km 18.00 on NH-27New NH-30 on EPC in the State
of Uttar Pradesh.
(MoRTH)
(617957)","02/2023
(03/2024)","09/2025
(-)","274.06
(274.06)",SRC-2025-12,07f56e5457c63192ae7b5b4036f975f7eb058a3364a25a87cdc6ce2369082401,101,100,All Ongoing Projects,6,pdfplumber_table,twelve_month_gate2:0.1.0,"pdf_page_index=101,table_index=logical8,row_index=7"
OBS-202512-01261,2025-12,1261,"Widening to Four Lane rigid pavement configuration from Km 90.00 to Km 100.800 on
NH-96 Km 42.0 to Km 53.300 as per new NH-330,design length of 11.300 km under
EPC mode in the state of Uttar Pradesh.",MoRTH,617964,-,-,Uttar Pradesh,12/2022,11/2024,11/2026,-,309.63,309.63,24.81,22,"Widening to Four Lane rigid pavement configuration from Km 90.00 to Km 100.800 on
NH-96 Km 42.0 to Km 53.300 as per new NH-330,design length of 11.300 km under
EPC mode in the state of Uttar Pradesh.
(MoRTH)
(617964)","12/2022
(11/2024)","11/2026
(-)","309.63
(309.63)",SRC-2025-12,07f56e5457c63192ae7b5b4036f975f7eb058a3364a25a87cdc6ce2369082401,101,100,All Ongoing Projects,6,pdfplumber_table,twelve_month_gate2:0.1.0,"pdf_page_index=101,table_index=logical8,row_index=8"
OBS-202512-01262,2025-12,1262,"Construction of four-lane elevated viaduct from km.4634 to km.6345 on NH-24A
including Retaining wall, service lane, at grade road and improvement of junctions, on
EPC mode",MoRTH,618008,-,-,Uttar Pradesh,03/2021,03/2022,09/2023,03/2024,185.09,269.81,158.8,100,"Construction of four-lane elevated viaduct from km.4634 to km.6345 on NH-24A
including Retaining wall, service lane, at grade road and improvement of junctions, on
EPC mode
(MoRTH)
(618008)","03/2021
(03/2022)","09/2023
(03/2024)","185.09
(269.81)",SRC-2025-12,07f56e5457c63192ae7b5b4036f975f7eb058a3364a25a87cdc6ce2369082401,101,100,All Ongoing Projects,6,pdfplumber_table,twelve_month_gate2:0.1.0,"pdf_page_index=101,table_index=logical8,row_index=9"
OBS-202512-01263,2025-12,1263,"Balance work of Construction of Ring Road for Raebareli City on eastern side of NH-
24B Phase-1 on EPC mode.",MoRTH,618009,-,-,Uttar Pradesh,12/2019,10/2020,04/2022,07/2022,319.96,347.8,0,0,"Balance work of Construction of Ring Road for Raebareli City on eastern side of NH-
24B Phase-1 on EPC mode.
(MoRTH)
(618009)","12/2019
(10/2020)","04/2022
(07/2022)","319.96
(347.8)",SRC-2025-12,07f56e5457c63192ae7b5b4036f975f7eb058a3364a25a87cdc6ce2369082401,101,100,All Ongoing Projects,6,pdfplumber_table,twelve_month_gate2:0.1.0,"pdf_page_index=101,table_index=logical8,row_index=10"
OBS-202512-01264,2025-12,1264,"Construction of Balrampur bypass with 2L flexible pavement configuration from
km.223.000 of NH-330 to km.328.300 of NH-730 under EPC mode",MoRTH,618054,-,-,Uttar Pradesh,12/2022,08/2024,02/2026,-,515.69,515.69,80.95,40,"Construction of Balrampur bypass with 2L flexible pavement configuration from
km.223.000 of NH-330 to km.328.300 of NH-730 under EPC mode
(MoRTH)
(618054)","12/2022
(08/2024)","02/2026
(-)","515.69
(515.69)",SRC-2025-12,07f56e5457c63192ae7b5b4036f975f7eb058a3364a25a87cdc6ce2369082401,101,100,All Ongoing Projects,6,pdfplumber_table,twelve_month_gate2:0.1.0,"pdf_page_index=101,table_index=logical8,row_index=11"
OBS-202512-01265,2025-12,1265,"Construction of Pratapgarh Bypass Extension connecting NH-31 to NH-330 on EPC
mode in the State of Uttar Pradesh.",MoRTH,618055,-,-,Uttar Pradesh,10/2022,01/2024,06/2025,-,225.17,225.17,0,66,"Construction of Pratapgarh Bypass Extension connecting NH-31 to NH-330 on EPC
mode in the State of Uttar Pradesh.
(MoRTH)
(618055)","10/2022
(01/2024)","06/2025
(-)","225.17
(225.17)",SRC-2025-12,07f56e5457c63192ae7b5b4036f975f7eb058a3364a25a87cdc6ce2369082401,101,100,All Ongoing Projects,6,pdfplumber_table,twelve_month_gate2:0.1.0,"pdf_page_index=101,table_index=logical8,row_index=12"
OBS-202512-01266,2025-12,1266,"Improvement and Up-gradation to two Lane with Paved Shoulder Configuration from
existing km. 420.00 Shohrathgarh to km. 454.00 Uska Bazar of NH-730 in the state of
Uttar Pradesh EPC basis",MoRTH,618056,-,-,Uttar Pradesh,01/2022,03/2024,09/2025,04/2026,509.65,484.42,84.14,48,"Improvement and Up-gradation to two Lane with Paved Shoulder Configuration from
existing km. 420.00 Shohrathgarh to km. 454.00 Uska Bazar of NH-730 in the state of
Uttar Pradesh EPC basis
(MoRTH)
(618056)","01/2022
(03/2024)","09/2025
(04/2026)","509.65
(484.42)",SRC-2025-12,07f56e5457c63192ae7b5b4036f975f7eb058a3364a25a87cdc6ce2369082401,101,100,All Ongoing Projects,6,pdfplumber_table,twelve_month_gate2:0.1.0,"pdf_page_index=101,table_index=logical8,row_index=13"
OBS-202512-01267,2025-12,1267,"Construction of Shohratgarh Bypass on NH-730 under EPC mode in the State of Uttar
Pradesh",MoRTH,618057,-,-,Uttar Pradesh,10/2022,11/2023,05/2025,-,189.31,189.31,0,0,"Construction of Shohratgarh Bypass on NH-730 under EPC mode in the State of Uttar
Pradesh
(MoRTH)
(618057)","10/2022
(11/2023)","05/2025
(-)","189.31
(189.31)",SRC-2025-12,07f56e5457c63192ae7b5b4036f975f7eb058a3364a25a87cdc6ce2369082401,101,100,All Ongoing Projects,6,pdfplumber_table,twelve_month_gate2:0.1.0,"pdf_page_index=101,table_index=logical8,row_index=14"
OBS-202512-01268,2025-12,1268,"Widening & Strenghteningof section from Bharthana chowk to Kodarkoot km.0.00 to
km.40.00 of NH-91-A on EPC mode",MoRTH,618063,-,-,Uttar Pradesh,03/2020,03/2023,09/2024,08/2025,262.37,343.77,112.46,90,"Widening & Strenghteningof section from Bharthana chowk to Kodarkoot km.0.00 to
km.40.00 of NH-91-A on EPC mode
(MoRTH)
(618063)","03/2020
(03/2023)","09/2024
(08/2025)","262.37
(343.77)",SRC-2025-12,07f56e5457c63192ae7b5b4036f975f7eb058a3364a25a87cdc6ce2369082401,101,100,All Ongoing Projects,6,pdfplumber_table,twelve_month_gate2:0.1.0,"pdf_page_index=101,table_index=logical8,row_index=15"
OBS-202512-01269,2025-12,1269,"Construction of two lane with paved shoulder from existing Km.0.000 to Km.55.610
design km. 0.000 to km. 54.048 of NH-124D",MoRTH,618075,-,-,Uttar Pradesh,12/2021,02/2024,02/2026,-,840.93,773.58,134.9,55,"Construction of two lane with paved shoulder from existing Km.0.000 to Km.55.610
design km. 0.000 to km. 54.048 of NH-124D
(MoRTH)
(618075)","12/2021
(02/2024)","02/2026
(-)","840.93
(773.58)",SRC-2025-12,07f56e5457c63192ae7b5b4036f975f7eb058a3364a25a87cdc6ce2369082401,101,100,All Ongoing Projects,6,pdfplumber_table,twelve_month_gate2:0.1.0,"pdf_page_index=101,table_index=logical8,row_index=16"
OBS-202512-01270,2025-12,1270,"Construction of Mariahu Bypass with four lane paved shoulder configuration Km.
53.540 to Km.59.200 of NH-135A on EPC mode in the state of Uttar Pradesh",MoRTH,618081,-,-,Uttar Pradesh,03/2023,02/2024,02/2026,-,438.24,362.39,0,44,"Construction of Mariahu Bypass with four lane paved shoulder configuration Km.
53.540 to Km.59.200 of NH-135A on EPC mode in the state of Uttar Pradesh
(MoRTH)
(618081)","03/2023
(02/2024)","02/2026
(-)","438.24
(362.39)",SRC-2025-12,07f56e5457c63192ae7b5b4036f975f7eb058a3364a25a87cdc6ce2369082401,101,100,All Ongoing Projects,6,pdfplumber_table,twelve_month_gate2:0.1.0,"pdf_page_index=101,table_index=logical8,row_index=17"
OBS-202512-01271,2025-12,1271,"Widening & Upgradation to four lane configuration from Km.34.900 Bhadohi to
km.73.134 Jaunpur of NH-135A on EPC mode",MoRTH,618082,-,-,Uttar Pradesh,03/2021,11/2022,05/2024,-,395.62,392.03,0,84,"Widening & Upgradation to four lane configuration from Km.34.900 Bhadohi to
km.73.134 Jaunpur of NH-135A on EPC mode
(MoRTH)
(618082)","03/2021
(11/2022)","05/2024
(-)","395.62
(392.03)",SRC-2025-12,07f56e5457c63192ae7b5b4036f975f7eb058a3364a25a87cdc6ce2369082401,101,100,All Ongoing Projects,6,pdfplumber_table,twelve_month_gate2:0.1.0,"pdf_page_index=101,table_index=logical8,row_index=18"
OBS-202512-01272,2025-12,1272,"Improvement and upgradation to two lane with Paved Shoulder configuration from
existing km 55.00 to km 90.00 Design length 34.76 of NH-227A near Chhapia Village
to near Sikriganj in the State of UP on EPC Mode.",MoRTH,618110,-,-,Uttar Pradesh,11/2021,11/2022,05/2024,07/2025,307.11,307.11,125.88,0,"Improvement and upgradation to two lane with Paved Shoulder configuration from
existing km 55.00 to km 90.00 Design length 34.76 of NH-227A near Chhapia Village
to near Sikriganj in the State of UP on EPC Mode.
(MoRTH)
(618110)","11/2021
(11/2022)","05/2024
(07/2025)","307.11
(307.11)",SRC-2025-12,07f56e5457c63192ae7b5b4036f975f7eb058a3364a25a87cdc6ce2369082401,101,100,All Ongoing Projects,6,pdfplumber_table,twelve_month_gate2:0.1.0,"pdf_page_index=101,table_index=logical8,row_index=19"
OBS-202512-01273,2025-12,1273,"Improvement and upgradation to two lane with paved shoulder configuration from
existing km 90.00 to 130.00 Design length 39.15 of NH-227A near Sikriganj to
Barhalganj in the State of UP on EPC Mode.",MoRTH,618111,-,-,Uttar Pradesh,08/2021,12/2023,06/2025,-,403.36,345.34,0,84,"Improvement and upgradation to two lane with paved shoulder configuration from
existing km 90.00 to 130.00 Design length 39.15 of NH-227A near Sikriganj to
Barhalganj in the State of UP on EPC Mode.
(MoRTH)
(618111)","08/2021
(12/2023)","06/2025
(-)","403.36
(345.34)",SRC-2025-12,07f56e5457c63192ae7b5b4036f975f7eb058a3364a25a87cdc6ce2369082401,101,100,All Ongoing Projects,6,pdfplumber_table,twelve_month_gate2:0.1.0,"pdf_page_index=101,table_index=logical8,row_index=20"
OBS-202512-01274,2025-12,1274,"Rehabilitation and upgradation from km 51.600 to km 75.700 of NH-321G Nuhkhas to
Etah section to two lane with paved shoulder configuration under EPC mode in the
State of Uttar Pradesh",MoRTH,618124,-,-,Uttar Pradesh,01/2022,02/2024,08/2025,-,343.54,343.54,53.25,47,"Rehabilitation and upgradation from km 51.600 to km 75.700 of NH-321G Nuhkhas to
Etah section to two lane with paved shoulder configuration under EPC mode in the
State of Uttar Pradesh
(MoRTH)
(618124)","01/2022
(02/2024)","08/2025
(-)","343.54
(343.54)",SRC-2025-12,07f56e5457c63192ae7b5b4036f975f7eb058a3364a25a87cdc6ce2369082401,102,101,All Ongoing Projects,6,pdfplumber_table,twelve_month_gate2:0.1.0,"pdf_page_index=102,table_index=logical8,row_index=1"
OBS-202512-01275,2025-12,1275,"Rehabilitation and Up-gradation from km. 0000 to km.40390 of NH-730S
MaharajganjNichloulThuthibari to two lane with paved shoulders in the State of U.P.
on Engineering, Procurement & Construction EPC Basis.",MoRTH,618163,-,-,Uttar Pradesh,03/2023,06/2024,12/2025,-,809.25,603.19,0,52,"Rehabilitation and Up-gradation from km. 0000 to km.40390 of NH-730S
MaharajganjNichloulThuthibari to two lane with paved shoulders in the State of U.P.
on Engineering, Procurement & Construction EPC Basis.
(MoRTH)
(618163)","03/2023
(06/2024)","12/2025
(-)","809.25
(603.19)",SRC-2025-12,07f56e5457c63192ae7b5b4036f975f7eb058a3364a25a87cdc6ce2369082401,102,101,All Ongoing Projects,6,pdfplumber_table,twelve_month_gate2:0.1.0,"pdf_page_index=102,table_index=logical8,row_index=2"
OBS-202512-01276,2025-12,1276,"Construction of four lane highway with paved shoulder from Km.74.700 to Km.112.950
of NH-731A i/c Yamuna Bridge on HAM in the state of Uttar Pradesh.",MoRTH,618164,-,-,Uttar Pradesh,03/2022,06/2024,06/2026,-,1141.67,1157.31,0,66,"Construction of four lane highway with paved shoulder from Km.74.700 to Km.112.950
of NH-731A i/c Yamuna Bridge on HAM in the state of Uttar Pradesh.
(MoRTH)
(618164)","03/2022
(06/2024)","06/2026
(-)","1141.67
(1157.31)",SRC-2025-12,07f56e5457c63192ae7b5b4036f975f7eb058a3364a25a87cdc6ce2369082401,102,101,All Ongoing Projects,6,pdfplumber_table,twelve_month_gate2:0.1.0,"pdf_page_index=102,table_index=logical8,row_index=3"
OBS-202512-01277,2025-12,1277,"Construction of 4-lane highway with paved shoulders from Km 49.155 to Km 74.700 of
NH-731A on Hybrid Annuity Mode in the state of Uttar Pradesh",MoRTH,618165,-,-,Uttar Pradesh,01/2022,02/2024,01/2026,-,1156.72,1156.72,0,90,"Construction of 4-lane highway with paved shoulders from Km 49.155 to Km 74.700 of
NH-731A on Hybrid Annuity Mode in the state of Uttar Pradesh
(MoRTH)
(618165)","01/2022
(02/2024)","01/2026
(-)","1156.72
(1156.72)",SRC-2025-12,07f56e5457c63192ae7b5b4036f975f7eb058a3364a25a87cdc6ce2369082401,102,101,All Ongoing Projects,6,pdfplumber_table,twelve_month_gate2:0.1.0,"pdf_page_index=102,table_index=logical8,row_index=4"
OBS-202512-01278,2025-12,1278,"Construction of 4-lane green field highway from Km. 35.000 to Km. 49.155 of NH-
731A with paved shoulders on Hybrid Annuity Mode in the state of Uttar Pradesh",MoRTH,618166,-,-,Uttar Pradesh,01/2022,10/2023,10/2025,-,697.66,697.66,0.04,98,"Construction of 4-lane green field highway from Km. 35.000 to Km. 49.155 of NH-
731A with paved shoulders on Hybrid Annuity Mode in the state of Uttar Pradesh
(MoRTH)
(618166)","01/2022
(10/2023)","10/2025
(-)","697.66
(697.66)",SRC-2025-12,07f56e5457c63192ae7b5b4036f975f7eb058a3364a25a87cdc6ce2369082401,102,101,All Ongoing Projects,6,pdfplumber_table,twelve_month_gate2:0.1.0,"pdf_page_index=102,table_index=logical8,row_index=5"
OBS-202512-01279,2025-12,1279,"Rehabilitation & Upgradation of NH-731A from Km.0.00 to Km.35.00 to 2-lane with
paved shoulder under EPC mode",MoRTH,618167,-,-,Uttar Pradesh,03/2021,08/2022,08/2023,-,264.86,264.86,0,50,"Rehabilitation & Upgradation of NH-731A from Km.0.00 to Km.35.00 to 2-lane with
paved shoulder under EPC mode
(MoRTH)
(618167)","03/2021
(08/2022)","08/2023
(-)","264.86
(264.86)",SRC-2025-12,07f56e5457c63192ae7b5b4036f975f7eb058a3364a25a87cdc6ce2369082401,102,101,All Ongoing Projects,6,pdfplumber_table,twelve_month_gate2:0.1.0,"pdf_page_index=102,table_index=logical8,row_index=6"
OBS-202512-01280,2025-12,1280,"Widening to four lane with paved shoulder from Design Km.49.200 to Km.89.285 of
NH-731B on EPC mode in the state of Uttar Pradesh",MoRTH,618168,-,-,Uttar Pradesh,03/2022,01/2024,01/2026,-,917.91,965.3,116.91,50,"Widening to four lane with paved shoulder from Design Km.49.200 to Km.89.285 of
NH-731B on EPC mode in the state of Uttar Pradesh
(MoRTH)
(618168)","03/2022
(01/2024)","01/2026
(-)","917.91
(965.3)",SRC-2025-12,07f56e5457c63192ae7b5b4036f975f7eb058a3364a25a87cdc6ce2369082401,102,101,All Ongoing Projects,6,pdfplumber_table,twelve_month_gate2:0.1.0,"pdf_page_index=102,table_index=logical8,row_index=7"
OBS-202512-01281,2025-12,1281,"Construction of Two Lane with paved shoulder highway from Design Ch.0.000 to
Ch.49.2OO of NH-731B on EPC Mode",MoRTH,618169,-,-,Uttar Pradesh,03/2022,11/2023,11/2025,-,640.18,602.76,227.12,93,"Construction of Two Lane with paved shoulder highway from Design Ch.0.000 to
Ch.49.2OO of NH-731B on EPC Mode
(MoRTH)
(618169)","03/2022
(11/2023)","11/2025
(-)","640.18
(602.76)",SRC-2025-12,07f56e5457c63192ae7b5b4036f975f7eb058a3364a25a87cdc6ce2369082401,102,101,All Ongoing Projects,6,pdfplumber_table,twelve_month_gate2:0.1.0,"pdf_page_index=102,table_index=logical8,row_index=8"
OBS-202512-01282,2025-12,1282,"Rehabilitation and upgradation to 2-lane with paved sholuders configuration of Near
Karri village-Etawah section Km30.000 to Km 57.346 Pakage-II of NH-92 in state of
Uttar Pradesh undergreen national Highway Corridor ProjectGNHCP with the loan
assistance of world Bank on EPC mode.",MoRTH,618229,-,-,Uttar Pradesh,04/2020,08/2022,02/2024,02/2025,211.09,206.56,0,100,"Rehabilitation and upgradation to 2-lane with paved sholuders configuration of Near
Karri village-Etawah section Km30.000 to Km 57.346 Pakage-II of NH-92 in state of
Uttar Pradesh undergreen national Highway Corridor ProjectGNHCP with the loan
assistance of world Bank on EPC mode.
(MoRTH)
(618229)","04/2020
(08/2022)","02/2024
(02/2025)","211.09
(206.56)",SRC-2025-12,07f56e5457c63192ae7b5b4036f975f7eb058a3364a25a87cdc6ce2369082401,102,101,All Ongoing Projects,6,pdfplumber_table,twelve_month_gate2:0.1.0,"pdf_page_index=102,table_index=logical8,row_index=9"
OBS-202512-01283,2025-12,1283,"Construction of 6-lane bridge on Ganga on NH-96 and its approaches in Phaphamau
Allahabad on EPC mode",MoRTH,618233,-,-,Uttar Pradesh,07/2018,02/2021,02/2024,07/2024,1948.25,1465.41,0,60,"Construction of 6-lane bridge on Ganga on NH-96 and its approaches in Phaphamau
Allahabad on EPC mode
(MoRTH)
(618233)","07/2018
(02/2021)","02/2024
(07/2024)","1948.25
(1465.41)",SRC-2025-12,07f56e5457c63192ae7b5b4036f975f7eb058a3364a25a87cdc6ce2369082401,102,101,All Ongoing Projects,6,pdfplumber_table,twelve_month_gate2:0.1.0,"pdf_page_index=102,table_index=logical8,row_index=10"
OBS-202512-01284,2025-12,1284,"Rehabilitation and upgradation to 2-lane with paved sholuders configuration of Bewar-
naer Karri village section Km0.00 to Km30.00 Pakage-I of NH-92 in state of Uttar
Pradesh undergreen national Highway Corridor ProjectGNHCP with the loan
assistance of world Bank on EPC mode.",MoRTH,618240,-,-,Uttar Pradesh,04/2020,09/2022,03/2024,05/2024,236.47,236.47,0,90,"Rehabilitation and upgradation to 2-lane with paved sholuders configuration of Bewar-
naer Karri village section Km0.00 to Km30.00 Pakage-I of NH-92 in state of Uttar
Pradesh undergreen national Highway Corridor ProjectGNHCP with the loan
assistance of world Bank on EPC mode.
(MoRTH)
(618240)","04/2020
(09/2022)","03/2024
(05/2024)","236.47
(236.47)",SRC-2025-12,07f56e5457c63192ae7b5b4036f975f7eb058a3364a25a87cdc6ce2369082401,102,101,All Ongoing Projects,6,pdfplumber_table,twelve_month_gate2:0.1.0,"pdf_page_index=102,table_index=logical8,row_index=11"
OBS-202512-01285,2025-12,1285,"Rehabilitation and upgradation to 2-lane with paved sholuders configuration of
Miranpur Katra to radhaita section of NH-730CKm.114.000 to Km 137.250pakage-III
in state of Uttar Pradesh undergreen national Highway Corridor ProjectGNHCP with
the loan assistance of world Bank on EPC mode.",MoRTH,618265,-,-,Uttar Pradesh,04/2020,07/2022,07/2024,12/2025,172.5,169.56,0,71,"Rehabilitation and upgradation to 2-lane with paved sholuders configuration of
Miranpur Katra to radhaita section of NH-730CKm.114.000 to Km 137.250pakage-III
in state of Uttar Pradesh undergreen national Highway Corridor ProjectGNHCP with
the loan assistance of world Bank on EPC mode.
(MoRTH)
(618265)","04/2020
(07/2022)","07/2024
(12/2025)","172.5
(169.56)",SRC-2025-12,07f56e5457c63192ae7b5b4036f975f7eb058a3364a25a87cdc6ce2369082401,102,101,All Ongoing Projects,6,pdfplumber_table,twelve_month_gate2:0.1.0,"pdf_page_index=102,table_index=logical8,row_index=12"
OBS-202512-01286,2025-12,1286,"Rehabilitation and upgradation to 2-lane with paved sholuders configuration of Bewar-
Allahaganj- section of NH-730CKm.0.000 to Km 52.770pakage-I in state of Uttar
Pradesh undergreen national Highway Corridor ProjectGNHCP with the loan
assistance of world Bank on EPC mode.",MoRTH,618266,-,-,Uttar Pradesh,04/2020,11/2022,11/2024,-,325.24,340.16,0,98,"Rehabilitation and upgradation to 2-lane with paved sholuders configuration of Bewar-
Allahaganj- section of NH-730CKm.0.000 to Km 52.770pakage-I in state of Uttar
Pradesh undergreen national Highway Corridor ProjectGNHCP with the loan
assistance of world Bank on EPC mode.
(MoRTH)
(618266)","04/2020
(11/2022)","11/2024
(-)","325.24
(340.16)",SRC-2025-12,07f56e5457c63192ae7b5b4036f975f7eb058a3364a25a87cdc6ce2369082401,102,101,All Ongoing Projects,6,pdfplumber_table,twelve_month_gate2:0.1.0,"pdf_page_index=102,table_index=logical8,row_index=13"
OBS-202512-01287,2025-12,1287,6L Greenfield Kanpur - Lucknow Expressway Pkg II from km. 28.500 to km. 73.744,National Highways Authority of India [NHAI],618498,-,-,Uttar Pradesh,12/2021,11/2022,05/2025,-,2471.56,2489,1162.84,87,"6L Greenfield Kanpur - Lucknow Expressway Pkg II from km. 28.500 to km. 73.744
(National Highways Authority of India [NHAI])
(618498)","12/2021
(11/2022)","05/2025
(-)","2471.56
(2489)",SRC-2025-12,07f56e5457c63192ae7b5b4036f975f7eb058a3364a25a87cdc6ce2369082401,102,101,All Ongoing Projects,6,pdfplumber_table,twelve_month_gate2:0.1.0,"pdf_page_index=102,table_index=logical8,row_index=14"
OBS-202512-01288,2025-12,1288,6L Elevated Kanpur - Lucknow Exeressway Pkg-1 from Km. 10980 to Km. 28500,National Highways Authority of India [NHAI],618499,-,-,Uttar Pradesh,12/2021,02/2023,07/2025,-,1972.94,1943.27,765.57,75,"6L Elevated Kanpur - Lucknow Exeressway Pkg-1 from Km. 10980 to Km. 28500
(National Highways Authority of India [NHAI])
(618499)","12/2021
(02/2023)","07/2025
(-)","1972.94
(1943.27)",SRC-2025-12,07f56e5457c63192ae7b5b4036f975f7eb058a3364a25a87cdc6ce2369082401,102,101,All Ongoing Projects,6,pdfplumber_table,twelve_month_gate2:0.1.0,"pdf_page_index=102,table_index=logical8,row_index=15"
OBS-202512-01289,2025-12,1289,"Construction of 4L Connector from Delhi Meerut Expressway Km 50.000 of Pkg IV to
Km 8.520 of NH-235 Pkg-5",National Highways Authority of India [NHAI],618500,-,-,Uttar Pradesh,09/2021,03/2022,03/2024,12/2025,1081.39,1116.19,401.34,76,"Construction of 4L Connector from Delhi Meerut Expressway Km 50.000 of Pkg IV to
Km 8.520 of NH-235 Pkg-5
(National Highways Authority of India [NHAI])
(618500)","09/2021
(03/2022)","03/2024
(12/2025)","1081.39
(1116.19)",SRC-2025-12,07f56e5457c63192ae7b5b4036f975f7eb058a3364a25a87cdc6ce2369082401,102,101,All Ongoing Projects,6,pdfplumber_table,twelve_month_gate2:0.1.0,"pdf_page_index=102,table_index=logical8,row_index=16"
OBS-202512-01290,2025-12,1290,"Varanasi Ring Road Pkg-II connecting Sandaha Village km 11.70 / NH-29 with
Revasa Village km 818.80 / NH-2",National Highways Authority of India [NHAI],618529,-,-,Uttar Pradesh,12/2017,02/2019,02/2022,06/2025,1991.71,1832.66,985.18,92,"Varanasi Ring Road Pkg-II connecting Sandaha Village km 11.70 / NH-29 with
Revasa Village km 818.80 / NH-2
(National Highways Authority of India [NHAI])
(618529)","12/2017
(02/2019)","02/2022
(06/2025)","1991.71
(1832.66)",SRC-2025-12,07f56e5457c63192ae7b5b4036f975f7eb058a3364a25a87cdc6ce2369082401,102,101,All Ongoing Projects,6,pdfplumber_table,twelve_month_gate2:0.1.0,"pdf_page_index=102,table_index=logical8,row_index=17"
OBS-202512-01291,2025-12,1291,"Construction of Ring Road around Kanpur from Km.000 to Km. 23.325 Chachendi
Sachendi I to Maharajpur Package-I",National Highways Authority of India [NHAI],618537,-,-,Uttar Pradesh,01/2023,12/2023,06/2026,-,1753.75,1311.7,318.17,47,"Construction of Ring Road around Kanpur from Km.000 to Km. 23.325 Chachendi
Sachendi I to Maharajpur Package-I
(National Highways Authority of India [NHAI])
(618537)","01/2023
(12/2023)","06/2026
(-)","1753.75
(1311.7)",SRC-2025-12,07f56e5457c63192ae7b5b4036f975f7eb058a3364a25a87cdc6ce2369082401,102,101,All Ongoing Projects,6,pdfplumber_table,twelve_month_gate2:0.1.0,"pdf_page_index=102,table_index=logical8,row_index=18"
OBS-202512-01292,2025-12,1292,"6L of Agra Bypass Northern connecting Km. 174.500 of NH-2 new NH-19 to Km.
141.000 of Yamuna Expressways",National Highways Authority of India [NHAI],618553,-,-,Uttar Pradesh,01/2022,02/2023,02/2025,-,957.62,1034.42,757.89,99,"6L of Agra Bypass Northern connecting Km. 174.500 of NH-2 new NH-19 to Km.
141.000 of Yamuna Expressways
(National Highways Authority of India [NHAI])
(618553)","01/2022
(02/2023)","02/2025
(-)","957.62
(1034.42)",SRC-2025-12,07f56e5457c63192ae7b5b4036f975f7eb058a3364a25a87cdc6ce2369082401,102,101,All Ongoing Projects,6,pdfplumber_table,twelve_month_gate2:0.1.0,"pdf_page_index=102,table_index=logical8,row_index=19"
OBS-202512-01293,2025-12,1293,"Construction of left out portion of Agra Inner Ring Road connecting village Deori to
NH-44 village Bad from Km. 0.000 to Km. 7.772",National Highways Authority of India [NHAI],618554,-,-,Uttar Pradesh,07/2022,03/2023,09/2024,-,879.26,787.58,606.99,87,"Construction of left out portion of Agra Inner Ring Road connecting village Deori to
NH-44 village Bad from Km. 0.000 to Km. 7.772
(National Highways Authority of India [NHAI])
(618554)","07/2022
(03/2023)","09/2024
(-)","879.26
(787.58)",SRC-2025-12,07f56e5457c63192ae7b5b4036f975f7eb058a3364a25a87cdc6ce2369082401,102,101,All Ongoing Projects,6,pdfplumber_table,twelve_month_gate2:0.1.0,"pdf_page_index=102,table_index=logical8,row_index=20"
OBS-202512-01294,2025-12,1294,"Strengthening of existing 4L Ayodhya Bypass Section from design Km. 121 600 to
Km. 144020 of NH 28 New NH 27Pkg-3",NHAI,618565,-,-,Uttar Pradesh,03/2023,09/2023,03/2025,08/2025,526.45,281.13,259.66,81,"Strengthening of existing 4L Ayodhya Bypass Section from design Km. 121 600 to
Km. 144020 of NH 28 New NH 27Pkg-3
(NHAI)
(618565)","03/2023
(09/2023)","03/2025
(08/2025)","526.45
(281.13)",SRC-2025-12,07f56e5457c63192ae7b5b4036f975f7eb058a3364a25a87cdc6ce2369082401,102,101,All Ongoing Projects,6,pdfplumber_table,twelve_month_gate2:0.1.0,"pdf_page_index=102,table_index=logical8,row_index=21"
OBS-202512-01295,2025-12,1295,"4L Green Field Northern East side Gorakhpur Bypass 26.616 Kms starting from NH-
29E Chainage 83.308 and end at NH-28 Chainage 285.100",National Highways Authority of India [NHAI],618566,-,-,Uttar Pradesh,02/2023,01/2024,01/2026,-,1973.98,1244.44,835.5,52,"4L Green Field Northern East side Gorakhpur Bypass 26.616 Kms starting from NH-
29E Chainage 83.308 and end at NH-28 Chainage 285.100
(National Highways Authority of India [NHAI])
(618566)","02/2023
(01/2024)","01/2026
(-)","1973.98
(1244.44)",SRC-2025-12,07f56e5457c63192ae7b5b4036f975f7eb058a3364a25a87cdc6ce2369082401,102,101,All Ongoing Projects,6,pdfplumber_table,twelve_month_gate2:0.1.0,"pdf_page_index=102,table_index=logical8,row_index=22"
OBS-202512-01296,2025-12,1296,4L Rampur Bypass from Km. 181.000 to Km. 189.500,National Highways Authority of India [NHAI],618689,-,-,Uttar Pradesh,10/2021,10/2022,04/2024,01/2025,364.47,307.95,271.61,99,"4L Rampur Bypass from Km. 181.000 to Km. 189.500
(National Highways Authority of India [NHAI])
(618689)","10/2021
(10/2022)","04/2024
(01/2025)","364.47
(307.95)",SRC-2025-12,07f56e5457c63192ae7b5b4036f975f7eb058a3364a25a87cdc6ce2369082401,103,102,All Ongoing Projects,6,pdfplumber_table,twelve_month_gate2:0.1.0,"pdf_page_index=103,table_index=logical8,row_index=1"
OBS-202512-01297,2025-12,1297,DL/UP Border - EPE Crossing Pkg-02,National Highways Authority of India [NHAI],618710,-,-,Uttar Pradesh,09/2020,05/2021,11/2023,08/2024,2002.79,1889.78,1732.01,98,"DL/UP Border - EPE Crossing Pkg-02
(National Highways Authority of India [NHAI])
(618710)","09/2020
(05/2021)","11/2023
(08/2024)","2002.79
(1889.78)",SRC-2025-12,07f56e5457c63192ae7b5b4036f975f7eb058a3364a25a87cdc6ce2369082401,103,102,All Ongoing Projects,6,pdfplumber_table,twelve_month_gate2:0.1.0,"pdf_page_index=103,table_index=logical8,row_index=2"
OBS-202512-01298,2025-12,1298,"6L access Controlled Greenfield Highway from Gogwan Jalalpur Shamli to Ranipur
Barsi Saharanpur of Shamli -Ambala section Package-I Design Ch. Form km 00.600
to km 45.500",National Highways Authority of India [NHAI],618722,-,-,Uttar Pradesh,06/2022,05/2023,05/2025,01/2026,1843.59,1247.55,567.64,56,"6L access Controlled Greenfield Highway from Gogwan Jalalpur Shamli to Ranipur
Barsi Saharanpur of Shamli -Ambala section Package-I Design Ch. Form km 00.600
to km 45.500
(National Highways Authority of India [NHAI])
(618722)","06/2022
(05/2023)","05/2025
(01/2026)","1843.59
(1247.55)",SRC-2025-12,07f56e5457c63192ae7b5b4036f975f7eb058a3364a25a87cdc6ce2369082401,103,102,All Ongoing Projects,6,pdfplumber_table,twelve_month_gate2:0.1.0,"pdf_page_index=103,table_index=logical8,row_index=3"
OBS-202512-01299,2025-12,1299,"4L Spur of Meerut-Garh-Mukteshwar section connecting NH-119 and NH-58
bypassing Meerut Town of NH 709 A",National Highways Authority of India [NHAI],618761,-,-,Uttar Pradesh,10/2021,02/2023,02/2025,-,991.89,977.73,800.68,52,"4L Spur of Meerut-Garh-Mukteshwar section connecting NH-119 and NH-58
bypassing Meerut Town of NH 709 A
(National Highways Authority of India [NHAI])
(618761)","10/2021
(02/2023)","02/2025
(-)","991.89
(977.73)",SRC-2025-12,07f56e5457c63192ae7b5b4036f975f7eb058a3364a25a87cdc6ce2369082401,103,102,All Ongoing Projects,6,pdfplumber_table,twelve_month_gate2:0.1.0,"pdf_page_index=103,table_index=logical8,row_index=4"
OBS-202512-01300,2025-12,1300,"4L Spur of Panipat - Shamli connecting NH-709AD Panipat Shamli Muzaffarnagar
and NH-709A Karnal Meerut bypassing Shamli district UP",National Highways Authority of India [NHAI],618770,-,-,Uttar Pradesh,10/2021,10/2022,10/2024,03/2025,516.16,273.42,232.93,74,"4L Spur of Panipat - Shamli connecting NH-709AD Panipat Shamli Muzaffarnagar
and NH-709A Karnal Meerut bypassing Shamli district UP
(National Highways Authority of India [NHAI])
(618770)","10/2021
(10/2022)","10/2024
(03/2025)","516.16
(273.42)",SRC-2025-12,07f56e5457c63192ae7b5b4036f975f7eb058a3364a25a87cdc6ce2369082401,103,102,All Ongoing Projects,6,pdfplumber_table,twelve_month_gate2:0.1.0,"pdf_page_index=103,table_index=logical8,row_index=5"
OBS-202512-01301,2025-12,1301,4L of Sonauli - Gorakhpur,National Highways Authority of India [NHAI],618798,-,-,Uttar Pradesh,12/2021,03/2023,03/2025,02/2026,2555.5,2275.43,1238.07,54,"4L of Sonauli - Gorakhpur
(National Highways Authority of India [NHAI])
(618798)","12/2021
(03/2023)","03/2025
(02/2026)","2555.5
(2275.43)",SRC-2025-12,07f56e5457c63192ae7b5b4036f975f7eb058a3364a25a87cdc6ce2369082401,103,102,All Ongoing Projects,6,pdfplumber_table,twelve_month_gate2:0.1.0,"pdf_page_index=103,table_index=logical8,row_index=6"
OBS-202512-01302,2025-12,1302,2L PS of Raebareli - Jagdishpur with 4L Jagdishpur Bypass Spur,National Highways Authority of India [NHAI],618854,-,-,Uttar Pradesh,02/2021,01/2022,01/2024,06/2025,706.41,752.52,515.37,97,"2L PS of Raebareli - Jagdishpur with 4L Jagdishpur Bypass Spur
(National Highways Authority of India [NHAI])
(618854)","02/2021
(01/2022)","01/2024
(06/2025)","706.41
(752.52)",SRC-2025-12,07f56e5457c63192ae7b5b4036f975f7eb058a3364a25a87cdc6ce2369082401,103,102,All Ongoing Projects,6,pdfplumber_table,twelve_month_gate2:0.1.0,"pdf_page_index=103,table_index=logical8,row_index=7"
OBS-202512-01303,2025-12,1303,"Improvement and Up-Gradation of Existing Road to 2/4L PS from Km 40.000 to
88.750, start of Khutar bypass to start of Shahjahanpur bypass of NH 731Pkg-I",National Highways Authority of India [NHAI],618855,-,-,Uttar Pradesh,03/2022,02/2023,02/2025,09/2025,838.68,838.68,556.76,99,"Improvement and Up-Gradation of Existing Road to 2/4L PS from Km 40.000 to
88.750, start of Khutar bypass to start of Shahjahanpur bypass of NH 731Pkg-I
(National Highways Authority of India [NHAI])
(618855)","03/2022
(02/2023)","02/2025
(09/2025)","838.68
(838.68)",SRC-2025-12,07f56e5457c63192ae7b5b4036f975f7eb058a3364a25a87cdc6ce2369082401,103,102,All Ongoing Projects,6,pdfplumber_table,twelve_month_gate2:0.1.0,"pdf_page_index=103,table_index=logical8,row_index=8"
OBS-202512-01304,2025-12,1304,"Improvement and Up-Gradation of Existing Road to 4L PS from Km 123.650 to
175.080, from Start of Shahabad Bypass to End of Hardoi bypass of NH 731 Pkg-2B",National Highways Authority of India [NHAI],618856,-,-,Uttar Pradesh,09/2022,11/2023,11/2025,04/2026,1101.79,1212.26,312.56,50,"Improvement and Up-Gradation of Existing Road to 4L PS from Km 123.650 to
175.080, from Start of Shahabad Bypass to End of Hardoi bypass of NH 731 Pkg-2B
(National Highways Authority of India [NHAI])
(618856)","09/2022
(11/2023)","11/2025
(04/2026)","1101.79
(1212.26)",SRC-2025-12,07f56e5457c63192ae7b5b4036f975f7eb058a3364a25a87cdc6ce2369082401,103,102,All Ongoing Projects,6,pdfplumber_table,twelve_month_gate2:0.1.0,"pdf_page_index=103,table_index=logical8,row_index=9"
OBS-202512-01305,2025-12,1305,"Improvement and Up-Gradation of Existing Road to 4L PS from Km 229.070 to
260.800, End of Hardoi District to Lucknow Ring road of NH 731 Pkg-4",National Highways Authority of India [NHAI],618859,-,-,Uttar Pradesh,09/2021,10/2022,10/2024,05/2025,575.66,553.61,371.12,93,"Improvement and Up-Gradation of Existing Road to 4L PS from Km 229.070 to
260.800, End of Hardoi District to Lucknow Ring road of NH 731 Pkg-4
(National Highways Authority of India [NHAI])
(618859)","09/2021
(10/2022)","10/2024
(05/2025)","575.66
(553.61)",SRC-2025-12,07f56e5457c63192ae7b5b4036f975f7eb058a3364a25a87cdc6ce2369082401,103,102,All Ongoing Projects,6,pdfplumber_table,twelve_month_gate2:0.1.0,"pdf_page_index=103,table_index=logical8,row_index=10"
OBS-202512-01306,2025-12,1306,"4L from Mathura Bypass Start at Existing Km. 154.20 of NH-44 to Gaju Village at Km
32.982 of NH-530B Pkg-IB",National Highways Authority of India [NHAI],618864,-,-,Uttar Pradesh,01/2022,03/2023,03/2025,10/2025,1722.11,1820.77,1000.51,99,"4L from Mathura Bypass Start at Existing Km. 154.20 of NH-44 to Gaju Village at Km
32.982 of NH-530B Pkg-IB
(National Highways Authority of India [NHAI])
(618864)","01/2022
(03/2023)","03/2025
(10/2025)","1722.11
(1820.77)",SRC-2025-12,07f56e5457c63192ae7b5b4036f975f7eb058a3364a25a87cdc6ce2369082401,103,102,All Ongoing Projects,6,pdfplumber_table,twelve_month_gate2:0.1.0,"pdf_page_index=103,table_index=logical8,row_index=11"
OBS-202512-01307,2025-12,1307,"4L from Gaju Village at Km. 32.982 to Devinagar Bypass End at Km. 208.000 of NH-
530B Pkg-1C.",National Highways Authority of India [NHAI],618865,-,-,Uttar Pradesh,12/2021,01/2023,01/2025,-,1384.79,1496.44,823.04,99,"4L from Gaju Village at Km. 32.982 to Devinagar Bypass End at Km. 208.000 of NH-
530B Pkg-1C.
(National Highways Authority of India [NHAI])
(618865)","12/2021
(01/2023)","01/2025
(-)","1384.79
(1496.44)",SRC-2025-12,07f56e5457c63192ae7b5b4036f975f7eb058a3364a25a87cdc6ce2369082401,103,102,All Ongoing Projects,6,pdfplumber_table,twelve_month_gate2:0.1.0,"pdf_page_index=103,table_index=logical8,row_index=12"
OBS-202512-01308,2025-12,1308,"Construction of Four Lane Highway form Ghazipur- Ballia-UP/Bihar State Border
Greenfield section of NH-31 Package I [from Hridaipur km 0.000 to Shahapur km
42.500] on EPC Mode in the state of Uttar Pradesh.",National Highways Authority of India [NHAI],618883,-,-,Uttar Pradesh,10/2022,07/2023,07/2025,12/2025,1706.47,1579.59,723.1,92,"Construction of Four Lane Highway form Ghazipur- Ballia-UP/Bihar State Border
Greenfield section of NH-31 Package I [from Hridaipur km 0.000 to Shahapur km
42.500] on EPC Mode in the state of Uttar Pradesh.
(National Highways Authority of India [NHAI])
(618883)","10/2022
(07/2023)","07/2025
(12/2025)","1706.47
(1579.59)",SRC-2025-12,07f56e5457c63192ae7b5b4036f975f7eb058a3364a25a87cdc6ce2369082401,103,102,All Ongoing Projects,6,pdfplumber_table,twelve_month_gate2:0.1.0,"pdf_page_index=103,table_index=logical8,row_index=13"
OBS-202512-01309,2025-12,1309,"Construction of Four Lane Highway from Ghazipur- Ballia-UP/Bihar State Border
Greenfield section of NH-31 Package II [from Shahapur km 42.500 to Pindari km
78.150] on EPC Mode in the state of Uttar Pradesh.",National Highways Authority of India [NHAI],618884,-,-,Uttar Pradesh,10/2022,10/2023,10/2025,-,1493.65,1311.44,610.51,80,"Construction of Four Lane Highway from Ghazipur- Ballia-UP/Bihar State Border
Greenfield section of NH-31 Package II [from Shahapur km 42.500 to Pindari km
78.150] on EPC Mode in the state of Uttar Pradesh.
(National Highways Authority of India [NHAI])
(618884)","10/2022
(10/2023)","10/2025
(-)","1493.65
(1311.44)",SRC-2025-12,07f56e5457c63192ae7b5b4036f975f7eb058a3364a25a87cdc6ce2369082401,103,102,All Ongoing Projects,6,pdfplumber_table,twelve_month_gate2:0.1.0,"pdf_page_index=103,table_index=logical8,row_index=14"
OBS-202512-01310,2025-12,1310,"Construction of Four Lane Highway from Ghazipur- Ballia-UP/Bihar State Border
Greenfield section of NH-31 Package IV [from Buxur Spur of length km 17.270 on
EPC Mode in the state of Uttar Pradesh.",National Highways Authority of India [NHAI],618885,-,-,Uttar Pradesh,10/2022,06/2023,06/2025,-,617.88,549.02,218.78,74,"Construction of Four Lane Highway from Ghazipur- Ballia-UP/Bihar State Border
Greenfield section of NH-31 Package IV [from Buxur Spur of length km 17.270 on
EPC Mode in the state of Uttar Pradesh.
(National Highways Authority of India [NHAI])
(618885)","10/2022
(06/2023)","06/2025
(-)","617.88
(549.02)",SRC-2025-12,07f56e5457c63192ae7b5b4036f975f7eb058a3364a25a87cdc6ce2369082401,103,102,All Ongoing Projects,6,pdfplumber_table,twelve_month_gate2:0.1.0,"pdf_page_index=103,table_index=logical8,row_index=15"
OBS-202512-01311,2025-12,1311,"4L Greenfield Western Side spur of Rampur-Rudrapur Section from Km 0.000 to Km
13.700 connecting NH-24 to NH-87 bypassing rampur town",National Highways Authority of India [NHAI],618911,-,-,Uttar Pradesh,12/2021,05/2023,11/2024,03/2026,646.27,637.83,146.09,61,"4L Greenfield Western Side spur of Rampur-Rudrapur Section from Km 0.000 to Km
13.700 connecting NH-24 to NH-87 bypassing rampur town
(National Highways Authority of India [NHAI])
(618911)","12/2021
(05/2023)","11/2024
(03/2026)","646.27
(637.83)",SRC-2025-12,07f56e5457c63192ae7b5b4036f975f7eb058a3364a25a87cdc6ce2369082401,103,102,All Ongoing Projects,6,pdfplumber_table,twelve_month_gate2:0.1.0,"pdf_page_index=103,table_index=logical8,row_index=16"
OBS-202512-01312,2025-12,1312,Bijnor-Kotawali,National Highways Authority of India [NHAI],618925,-,-,Uttar Pradesh,02/2021,11/2021,05/2023,02/2026,300.58,334.48,247.05,95,"Bijnor-Kotawali
(National Highways Authority of India [NHAI])
(618925)","02/2021
(11/2021)","05/2023
(02/2026)","300.58
(334.48)",SRC-2025-12,07f56e5457c63192ae7b5b4036f975f7eb058a3364a25a87cdc6ce2369082401,103,102,All Ongoing Projects,6,pdfplumber_table,twelve_month_gate2:0.1.0,"pdf_page_index=103,table_index=logical8,row_index=17"
OBS-202512-01313,2025-12,1313,"4L Prayagraj Greenfield By-pass from design Km 50860 near Nibi Kala Uperhar to
design Km 64763 on NH-19 near Khodaypur Kasgaon including Interchange loop at
NH-19",National Highways Authority of India [NHAI],618959,-,-,Uttar Pradesh,08/2023,12/2023,03/2025,-,1017.99,427.54,406.1,99,"4L Prayagraj Greenfield By-pass from design Km 50860 near Nibi Kala Uperhar to
design Km 64763 on NH-19 near Khodaypur Kasgaon including Interchange loop at
NH-19
(National Highways Authority of India [NHAI])
(618959)","08/2023
(12/2023)","03/2025
(-)","1017.99
(427.54)",SRC-2025-12,07f56e5457c63192ae7b5b4036f975f7eb058a3364a25a87cdc6ce2369082401,103,102,All Ongoing Projects,6,pdfplumber_table,twelve_month_gate2:0.1.0,"pdf_page_index=103,table_index=logical8,row_index=18"
OBS-202512-01314,2025-12,1314,"4 Lane Inner Ring Road around Allahabad City Pkg-2 Prayagraj Southern Bypass
43.200 - 50.860",National Highways Authority of India [NHAI],618960,-,-,Uttar Pradesh,08/2023,12/2023,06/2026,-,1377.51,1007.62,292.08,39,"4 Lane Inner Ring Road around Allahabad City Pkg-2 Prayagraj Southern Bypass
43.200 - 50.860
(National Highways Authority of India [NHAI])
(618960)","08/2023
(12/2023)","06/2026
(-)","1377.51
(1007.62)",SRC-2025-12,07f56e5457c63192ae7b5b4036f975f7eb058a3364a25a87cdc6ce2369082401,103,102,All Ongoing Projects,6,pdfplumber_table,twelve_month_gate2:0.1.0,"pdf_page_index=103,table_index=logical8,row_index=19"
OBS-202512-01315,2025-12,1315,"6L access control Greenfield highway of Vill-Khyawari to Vill-Latifpur at Saharanpur
Bypass from Km. 82.000 to Km. 119.790 Pkg-4",National Highways Authority of India [NHAI],618968,-,-,Uttar Pradesh,03/2021,09/2022,09/2024,-,1428.19,1439.35,1166.56,69,"6L access control Greenfield highway of Vill-Khyawari to Vill-Latifpur at Saharanpur
Bypass from Km. 82.000 to Km. 119.790 Pkg-4
(National Highways Authority of India [NHAI])
(618968)","03/2021
(09/2022)","09/2024
(-)","1428.19
(1439.35)",SRC-2025-12,07f56e5457c63192ae7b5b4036f975f7eb058a3364a25a87cdc6ce2369082401,103,102,All Ongoing Projects,6,pdfplumber_table,twelve_month_gate2:0.1.0,"pdf_page_index=103,table_index=logical8,row_index=20"
OBS-202512-01316,2025-12,1316,"6L access control Greenfield highway of Vill-Lohadda to Vill-Karaunda Mahajan from
Km. 27.000 to Km. 56.500 Pkg-2",National Highways Authority of India [NHAI],618970,-,-,Uttar Pradesh,03/2021,09/2022,09/2024,-,1335.45,1335.38,977.98,62,"6L access control Greenfield highway of Vill-Lohadda to Vill-Karaunda Mahajan from
Km. 27.000 to Km. 56.500 Pkg-2
(National Highways Authority of India [NHAI])
(618970)","03/2021
(09/2022)","09/2024
(-)","1335.45
(1335.38)",SRC-2025-12,07f56e5457c63192ae7b5b4036f975f7eb058a3364a25a87cdc6ce2369082401,103,102,All Ongoing Projects,6,pdfplumber_table,twelve_month_gate2:0.1.0,"pdf_page_index=103,table_index=logical8,row_index=21"
OBS-202512-01317,2025-12,1317,"Construction of 2 lane with paved shoulder of Kund Bypass from Design Km 35.130 to
Km 47.700 existing Km 33.130 to Km 41.260 of NH-109 in the State of Uttarakhand",MoRTH,617929,-,-,Uttarakhand,02/2018,05/2018,05/2020,02/2021,247.41,247.41,0,73,"Construction of 2 lane with paved shoulder of Kund Bypass from Design Km 35.130 to
Km 47.700 existing Km 33.130 to Km 41.260 of NH-109 in the State of Uttarakhand
(MoRTH)
(617929)","02/2018
(05/2018)","05/2020
(02/2021)","247.41
(247.41)",SRC-2025-12,07f56e5457c63192ae7b5b4036f975f7eb058a3364a25a87cdc6ce2369082401,103,102,All Ongoing Projects,6,pdfplumber_table,twelve_month_gate2:0.1.0,"pdf_page_index=103,table_index=logical8,row_index=22"
OBS-202512-01318,2025-12,1318,"Construction & Widening Including Augustmuni Bypass Ch-16.545 to Ch - 19.890 to
2L/PS from Km 16.545-Km 33.130 & 45.980 -57.975 Augustmuni to Kund & Guptkashi
to Sitapur on NH 109 in UK",MoRTH,617968,-,-,Uttarakhand,03/2017,02/2018,02/2020,07/2021,418.89,418.89,178.35,95,"Construction & Widening Including Augustmuni Bypass Ch-16.545 to Ch - 19.890 to
2L/PS from Km 16.545-Km 33.130 & 45.980 -57.975 Augustmuni to Kund & Guptkashi
to Sitapur on NH 109 in UK
(MoRTH)
(617968)","03/2017
(02/2018)","02/2020
(07/2021)","418.89
(418.89)",SRC-2025-12,07f56e5457c63192ae7b5b4036f975f7eb058a3364a25a87cdc6ce2369082401,103,102,All Ongoing Projects,6,pdfplumber_table,twelve_month_gate2:0.1.0,"pdf_page_index=103,table_index=logical8,row_index=23"
OBS-202512-01319,2025-12,1319,"Reconstruction of existing 2 L/IL to 2L with paved shoulder from existing km 52.200 to
92.880 of NH-",MoRTH,617970,-,-,Uttarakhand,10/2016,06/2017,06/2019,03/2021,282.08,282.08,156.65,100,"Reconstruction of existing 2 L/IL to 2L with paved shoulder from existing km 52.200 to
92.880 of NH-
(MoRTH)
(617970)","10/2016
(06/2017)","06/2019
(03/2021)","282.08
(282.08)",SRC-2025-12,07f56e5457c63192ae7b5b4036f975f7eb058a3364a25a87cdc6ce2369082401,104,103,All Ongoing Projects,6,pdfplumber_table,twelve_month_gate2:0.1.0,"pdf_page_index=104,table_index=logical8,row_index=1"
OBS-202512-01320,2025-12,1320,"Rehabilitation and upgradation to 2 lane with paved shoulder configuration from km
122.00 Dharasu Bend to km 147.230 Silkyara Bend of NH-94 in the state of
Uttarakhand",MoRTH,617975,-,-,Uttarakhand,03/2017,11/2017,11/2019,10/2021,237.79,237.79,50.38,100,"Rehabilitation and upgradation to 2 lane with paved shoulder configuration from km
122.00 Dharasu Bend to km 147.230 Silkyara Bend of NH-94 in the state of
Uttarakhand
(MoRTH)
(617975)","03/2017
(11/2017)","11/2019
(10/2021)","237.79
(237.79)",SRC-2025-12,07f56e5457c63192ae7b5b4036f975f7eb058a3364a25a87cdc6ce2369082401,104,103,All Ongoing Projects,6,pdfplumber_table,twelve_month_gate2:0.1.0,"pdf_page_index=104,table_index=logical8,row_index=2"
OBS-202512-01321,2025-12,1321,"Construction, Operation & Maintenance of 2-L Bi-directional Silkyara Bend- Barkot
Tunnel with escape passage including approaches Tunnel-4.531 & Approach road-
0.328 on Dharasu-Yamunotri section b/w Chainage 25.400km and 51.00km falling
along NH-134 Old NH-94 on EPC mode",NHIDCL,618390,-,-,Uttarakhand,03/2018,07/2018,07/2022,06/2026,1383.78,1383.78,0,68,"Construction, Operation & Maintenance of 2-L Bi-directional Silkyara Bend- Barkot
Tunnel with escape passage including approaches Tunnel-4.531 & Approach road-
0.328 on Dharasu-Yamunotri section b/w Chainage 25.400km and 51.00km falling
along NH-134 Old NH-94 on EPC mode
(NHIDCL)
(618390)","03/2018
(07/2018)","07/2022
(06/2026)","1383.78
(1383.78)",SRC-2025-12,07f56e5457c63192ae7b5b4036f975f7eb058a3364a25a87cdc6ce2369082401,104,103,All Ongoing Projects,6,pdfplumber_table,twelve_month_gate2:0.1.0,"pdf_page_index=104,table_index=logical8,row_index=3"
OBS-202512-01322,2025-12,1322,"Construction for Mitigation Measures of 5 Nos. Landslides, 05 No. Sinking Zones and
01 No. Bridge from Ch. 450.00 to Ch. 468.00 18 Km. Length on NH-07 Package-III",NHIDCL,618391,-,-,Uttarakhand,12/2023,06/2024,12/2025,-,250.33,250.33,0,64,"Construction for Mitigation Measures of 5 Nos. Landslides, 05 No. Sinking Zones and
01 No. Bridge from Ch. 450.00 to Ch. 468.00 18 Km. Length on NH-07 Package-III
(NHIDCL)
(618391)","12/2023
(06/2024)","12/2025
(-)","250.33
(250.33)",SRC-2025-12,07f56e5457c63192ae7b5b4036f975f7eb058a3364a25a87cdc6ce2369082401,104,103,All Ongoing Projects,6,pdfplumber_table,twelve_month_gate2:0.1.0,"pdf_page_index=104,table_index=logical8,row_index=4"
OBS-202512-01323,2025-12,1323,"Construction for Mitigation Measures of 10 Nos. Landslides, 01 No. Sinking Zones
and 1 No. of Minor Bridge in between at Ch. Km 368.00 to Km 433.00 on NH-07 on
EPC Mode in Uttarakhand Package-1",NHIDCL,618393,-,-,Uttarakhand,12/2023,06/2024,12/2025,-,216.68,216.68,0,87,"Construction for Mitigation Measures of 10 Nos. Landslides, 01 No. Sinking Zones
and 1 No. of Minor Bridge in between at Ch. Km 368.00 to Km 433.00 on NH-07 on
EPC Mode in Uttarakhand Package-1
(NHIDCL)
(618393)","12/2023
(06/2024)","12/2025
(-)","216.68
(216.68)",SRC-2025-12,07f56e5457c63192ae7b5b4036f975f7eb058a3364a25a87cdc6ce2369082401,104,103,All Ongoing Projects,6,pdfplumber_table,twelve_month_gate2:0.1.0,"pdf_page_index=104,table_index=logical8,row_index=5"
OBS-202512-01324,2025-12,1324,"Construction of new road at the missing link portion of NH-81 along approved
alignment between Harishchandrapur and Eastern approach of Kalindri Bridge from
Km 46.550 to Km 59.697 in the district of Malda.",MoRTH,617960,-,-,West Bengal,08/2016,11/2016,11/2018,11/2021,271.17,291.2,7.4,0,"Construction of new road at the missing link portion of NH-81 along approved
alignment between Harishchandrapur and Eastern approach of Kalindri Bridge from
Km 46.550 to Km 59.697 in the district of Malda.
(MoRTH)
(617960)","08/2016
(11/2016)","11/2018
(11/2021)","271.17
(291.2)",SRC-2025-12,07f56e5457c63192ae7b5b4036f975f7eb058a3364a25a87cdc6ce2369082401,104,103,All Ongoing Projects,6,pdfplumber_table,twelve_month_gate2:0.1.0,"pdf_page_index=104,table_index=logical8,row_index=6"
OBS-202512-01325,2025-12,1325,"Development to 4/6-Lanning of NH-31 New NH-10 with both side service roads from
569.258 km to 581.030 km End of AH-02 on NH- 31 near Shivmandir to Sevoke Army
Cantonment in districts of Darjeeling and Jalpaiguri in the state of West Bengal on
EPC mode-reg.",MoRTH,618227,-,-,West Bengal,03/2022,03/2023,09/2025,-,995.04,1059.2,435.36,61,"Development to 4/6-Lanning of NH-31 New NH-10 with both side service roads from
569.258 km to 581.030 km End of AH-02 on NH- 31 near Shivmandir to Sevoke Army
Cantonment in districts of Darjeeling and Jalpaiguri in the state of West Bengal on
EPC mode-reg.
(MoRTH)
(618227)","03/2022
(03/2023)","09/2025
(-)","995.04
(1059.2)",SRC-2025-12,07f56e5457c63192ae7b5b4036f975f7eb058a3364a25a87cdc6ce2369082401,104,103,All Ongoing Projects,6,pdfplumber_table,twelve_month_gate2:0.1.0,"pdf_page_index=104,table_index=logical8,row_index=7"
OBS-202512-01326,2025-12,1326,"Construction & upgradation of existing road to 2-lane with paved shoulder including
geometric improvement of Kafer- Lava More section from km 40.00 to km 61.100 of
NH717-A on EPC under SARDP-NE A in state of West Bengal Pkg-VA",NHIDCL,618427,-,-,West Bengal,06/2020,10/2020,04/2023,10/2025,311.02,273.78,6.11,0,"Construction & upgradation of existing road to 2-lane with paved shoulder including
geometric improvement of Kafer- Lava More section from km 40.00 to km 61.100 of
NH717-A on EPC under SARDP-NE A in state of West Bengal Pkg-VA
(NHIDCL)
(618427)","06/2020
(10/2020)","04/2023
(10/2025)","311.02
(273.78)",SRC-2025-12,07f56e5457c63192ae7b5b4036f975f7eb058a3364a25a87cdc6ce2369082401,104,103,All Ongoing Projects,6,pdfplumber_table,twelve_month_gate2:0.1.0,"pdf_page_index=104,table_index=logical8,row_index=8"
OBS-202512-01327,2025-12,1327,"Construction & upgradation of existing road to 2-lane with paved shoulder including
geometric improvement of sect. from Pedong bypass to Reshi Border km 79.700 to
km 96.254 of NH-717A under SARDP-NE-A on EPC as part of Alternate connectivity
to Gangtok Lava More-Reshi Border Pkg-VB",NHIDCL,618429,-,-,West Bengal,06/2020,10/2020,04/2022,06/2023,345.38,395.59,0,0,"Construction & upgradation of existing road to 2-lane with paved shoulder including
geometric improvement of sect. from Pedong bypass to Reshi Border km 79.700 to
km 96.254 of NH-717A under SARDP-NE-A on EPC as part of Alternate connectivity
to Gangtok Lava More-Reshi Border Pkg-VB
(NHIDCL)
(618429)","06/2020
(10/2020)","04/2022
(06/2023)","345.38
(395.59)",SRC-2025-12,07f56e5457c63192ae7b5b4036f975f7eb058a3364a25a87cdc6ce2369082401,104,103,All Ongoing Projects,6,pdfplumber_table,twelve_month_gate2:0.1.0,"pdf_page_index=104,table_index=logical8,row_index=9"
OBS-202512-01328,2025-12,1328,"Construction of alternative highway to Gangtok in Sikkim via Bagrakot -Chuikhim-
Nimbong -Kafer-Bakhim-Algarah-Rhenock in the State of West Bengal and from
Rhenok-Rorathang-Pakyong along with spur from Aritar-Rolep-Menla in the State of
Sikkim from Km 0.00 to Km 13.00 of Bagrakot -Kafer section of NH 717A on EPC
Mode under Phase-A of SARDP-NE in the State of West Bengal PKG- IVA",NHIDCL,618430,-,-,West Bengal,03/2018,10/2019,04/2022,06/2025,402.94,402.94,0,0,"Construction of alternative highway to Gangtok in Sikkim via Bagrakot -Chuikhim-
Nimbong -Kafer-Bakhim-Algarah-Rhenock in the State of West Bengal and from
Rhenok-Rorathang-Pakyong along with spur from Aritar-Rolep-Menla in the State of
Sikkim from Km 0.00 to Km 13.00 of Bagrakot -Kafer section of NH 717A on EPC
Mode under Phase-A of SARDP-NE in the State of West Bengal PKG- IVA
(NHIDCL)
(618430)","03/2018
(10/2019)","04/2022
(06/2025)","402.94
(402.94)",SRC-2025-12,07f56e5457c63192ae7b5b4036f975f7eb058a3364a25a87cdc6ce2369082401,104,103,All Ongoing Projects,6,pdfplumber_table,twelve_month_gate2:0.1.0,"pdf_page_index=104,table_index=logical8,row_index=10"
OBS-202512-01329,2025-12,1329,"Construction of alternative highway to Gangtok in Sikkim via Bagrakot -Chuikhim-
Nimbong -Kafer-Bakhim-Algarah-Rhenock in the State of West Bengal and from
Rhenok-Rorathang-Pakyong along with spur from Aritar-Rolep-Menla in the State of
Sikkim from Km 13.00 to Km 25.60 of Bagrakot -Kafer section of NH 717A on EPC
Mode under Phase-A of SARDP-NE in the State of West Bengal PKG- IVB",NHIDCL,618431,-,-,West Bengal,03/2018,10/2020,04/2023,03/2025,295.97,295.97,0.39,0,"Construction of alternative highway to Gangtok in Sikkim via Bagrakot -Chuikhim-
Nimbong -Kafer-Bakhim-Algarah-Rhenock in the State of West Bengal and from
Rhenok-Rorathang-Pakyong along with spur from Aritar-Rolep-Menla in the State of
Sikkim from Km 13.00 to Km 25.60 of Bagrakot -Kafer section of NH 717A on EPC
Mode under Phase-A of SARDP-NE in the State of West Bengal PKG- IVB
(NHIDCL)
(618431)","03/2018
(10/2020)","04/2023
(03/2025)","295.97
(295.97)",SRC-2025-12,07f56e5457c63192ae7b5b4036f975f7eb058a3364a25a87cdc6ce2369082401,104,103,All Ongoing Projects,6,pdfplumber_table,twelve_month_gate2:0.1.0,"pdf_page_index=104,table_index=logical8,row_index=11"
OBS-202512-01330,2025-12,1330,"Bridge over Ganga River at d/s of Farraka Barrage including Approaches connecting
Farakka-Raiganj",National Highways Authority of India [NHAI],618825,-,-,West Bengal,08/2018,12/2018,12/2021,02/2025,622.04,646.1,339.1,95,"Bridge over Ganga River at d/s of Farraka Barrage including Approaches connecting
Farakka-Raiganj
(National Highways Authority of India [NHAI])
(618825)","08/2018
(12/2018)","12/2021
(02/2025)","622.04
(646.1)",SRC-2025-12,07f56e5457c63192ae7b5b4036f975f7eb058a3364a25a87cdc6ce2369082401,104,103,All Ongoing Projects,6,pdfplumber_table,twelve_month_gate2:0.1.0,"pdf_page_index=104,table_index=logical8,row_index=12"
OBS-202512-01331,2025-12,1331,4L of Purulia Bypass section from Km 84.030 to Km 94.345 of NH-32,National Highways Authority of India [NHAI],618910,-,-,West Bengal,01/2021,02/2022,08/2023,02/2024,557.55,562.57,444.43,65,"4L of Purulia Bypass section from Km 84.030 to Km 94.345 of NH-32
(National Highways Authority of India [NHAI])
(618910)","01/2021
(02/2022)","08/2023
(02/2024)","557.55
(562.57)",SRC-2025-12,07f56e5457c63192ae7b5b4036f975f7eb058a3364a25a87cdc6ce2369082401,104,103,All Ongoing Projects,6,pdfplumber_table,twelve_month_gate2:0.1.0,"pdf_page_index=104,table_index=logical8,row_index=13"
OBS-202512-01332,2025-12,1332,"SETTING UP OF PHYSICAL INFRASTRUCTURE FOR THE NATIONAL INSTITUTE
OF COMMUNICATION FINANCE [NICF] AT GHITORNI",National Communication Academy - Finance (Erstwhile NICF),709859,-,-,Delhi,10/2014,04/2018,02/2020,06/2026,248.2,248.2,236.91,98,"SETTING UP OF PHYSICAL INFRASTRUCTURE FOR THE NATIONAL INSTITUTE
OF COMMUNICATION FINANCE [NICF] AT GHITORNI
(National Communication Academy - Finance (Erstwhile NICF))
(709859)","10/2014
(04/2018)","02/2020
(06/2026)","248.2
(248.2)",SRC-2025-12,07f56e5457c63192ae7b5b4036f975f7eb058a3364a25a87cdc6ce2369082401,104,103,All Ongoing Projects,6,pdfplumber_table,twelve_month_gate2:0.1.0,"pdf_page_index=104,table_index=logical8,row_index=17"
OBS-202512-01333,2025-12,1333,"Provision of 4G based Mobile Services in Uncovered Villages and National Highways
of Meghalaya",Department of Telecommunications,701598,-,-,Meghalaya,09/2019,09/2020,03/2022,03/2026,971.96,971.96,215.36,99,"Provision of 4G based Mobile Services in Uncovered Villages and National Highways
of Meghalaya
(Department of Telecommunications)
(701598)","09/2019
(09/2020)","03/2022
(03/2026)","971.96
(971.96)",SRC-2025-12,07f56e5457c63192ae7b5b4036f975f7eb058a3364a25a87cdc6ce2369082401,104,103,All Ongoing Projects,6,pdfplumber_table,twelve_month_gate2:0.1.0,"pdf_page_index=104,table_index=logical8,row_index=18"
OBS-202512-01334,2025-12,1334,"Mobile connectivity in Left Wing Extremism [LWE] affected areas-Phase 1
Upgradation",Department of Telecommunications [DoT],617413,-,-,"Multi-States
(Andhra Pradesh,
Bihar,
Chhattisgarh,
Jharkhand,
Madhya Pradesh,
Maharashtra,
Odisha,
Telangana, Uttar
Pradesh, West
Bengal)",04/2022,05/2024,05/2025,03/2026,1884.6,1884.6,376.8,93,"Mobile connectivity in Left Wing Extremism [LWE] affected areas-Phase 1
Upgradation
(Department of Telecommunications [DoT])
(617413)","04/2022
(05/2024)","05/2025
(03/2026)","1884.6
(1884.6)",SRC-2025-12,07f56e5457c63192ae7b5b4036f975f7eb058a3364a25a87cdc6ce2369082401,104,103,All Ongoing Projects,6,pdfplumber_table,twelve_month_gate2:0.1.0,"pdf_page_index=104,table_index=logical8,row_index=19"
OBS-202512-01335,2025-12,1335,Mobile connectivity in Left Wing Extremism [LWE] affected areas-Phase2,Department of Telecommunications [DoT],701599,-,-,"Multi-States
(Andhra Pradesh,
Bihar,
Chhattisgarh,
Jharkhand,
Madhya Pradesh,
Maharashtra,
Odisha,
Telangana, Uttar
Pradesh, West
Bengal)",NA,09/2021,03/2023,03/2026,1577.57,1577.57,660.02,87,"Mobile connectivity in Left Wing Extremism [LWE] affected areas-Phase2
(Department of Telecommunications [DoT])
(701599)","NA
(09/2021)","03/2023
(03/2026)","1577.57
(1577.57)",SRC-2025-12,07f56e5457c63192ae7b5b4036f975f7eb058a3364a25a87cdc6ce2369082401,105,104,All Ongoing Projects,6,pdfplumber_table,twelve_month_gate2:0.1.0,"pdf_page_index=105,table_index=logical8,row_index=1"
OBS-202512-01336,2025-12,1336,"Provision of 4G based mobile services in 7,287 uncovered villages of 44 Aspirational
District across 5 states of Andhra Pradesh, Chhattisgarh, Jharkhand, Maharashtra &
Odisha",Department of Telecommunications [DoT],701602,-,-,"Multi-States
(Andhra Pradesh,
Chhattisgarh,
Jharkhand,
Maharashtra,
Odisha)",11/2021,05/2022,11/2023,05/2026,3685,3685,1332.2,82,"Provision of 4G based mobile services in 7,287 uncovered villages of 44 Aspirational
District across 5 states of Andhra Pradesh, Chhattisgarh, Jharkhand, Maharashtra &
Odisha
(Department of Telecommunications [DoT])
(701602)","11/2021
(05/2022)","11/2023
(05/2026)","3685
(3685)",SRC-2025-12,07f56e5457c63192ae7b5b4036f975f7eb058a3364a25a87cdc6ce2369082401,105,104,All Ongoing Projects,6,pdfplumber_table,twelve_month_gate2:0.1.0,"pdf_page_index=105,table_index=logical8,row_index=2"
OBS-202512-01337,2025-12,1337,"Provision of 4G Mobile Services in Uncovered Villages of Arunachal Pradesh and 2
Districts of Assam",Department of Telecommunications,701597,-,-,"Multi-States
(Arunachal
Pradesh, Assam)",12/2020,10/2021,04/2023,03/2026,1255.49,1255.49,299.02,99,"Provision of 4G Mobile Services in Uncovered Villages of Arunachal Pradesh and 2
Districts of Assam
(Department of Telecommunications)
(701597)","12/2020
(10/2021)","04/2023
(03/2026)","1255.49
(1255.49)",SRC-2025-12,07f56e5457c63192ae7b5b4036f975f7eb058a3364a25a87cdc6ce2369082401,105,104,All Ongoing Projects,6,pdfplumber_table,twelve_month_gate2:0.1.0,"pdf_page_index=105,table_index=logical8,row_index=3"
OBS-202512-01338,2025-12,1338,354 Uncovered Villages Scheme,Department of Telecommunications [DoT],701600,-,-,"Multi-States
(Bihar, Gujarat,
Himachal Pradesh,
Jammu and
Kashmir, Ladakh,
Rajasthan, Uttar
Pradesh)",12/2019,04/2020,10/2021,08/2025,336.89,301.13,237.19,100,"354 Uncovered Villages Scheme
(Department of Telecommunications [DoT])
(701600)","12/2019
(04/2020)","10/2021
(08/2025)","336.89
(301.13)",SRC-2025-12,07f56e5457c63192ae7b5b4036f975f7eb058a3364a25a87cdc6ce2369082401,105,104,All Ongoing Projects,6,pdfplumber_table,twelve_month_gate2:0.1.0,"pdf_page_index=105,table_index=logical8,row_index=4"
OBS-202512-01339,2025-12,1339,"502 Aspirational District Scheme in Four states - Bihar, Madhya Pradesh, Rajastha
and Uttar Pradesh",Department of Telecommunications [DoT],704495,-,-,"Multi-States
(Bihar, Madhya
Pradesh,
Rajasthan, Uttar
Pradesh)",NA,03/2021,03/2022,12/2025,421.65,228.94,143.06,97,"502 Aspirational District Scheme in Four states - Bihar, Madhya Pradesh, Rajastha
and Uttar Pradesh
(Department of Telecommunications [DoT])
(704495)","NA
(03/2021)","03/2022
(12/2025)","421.65
(228.94)",SRC-2025-12,07f56e5457c63192ae7b5b4036f975f7eb058a3364a25a87cdc6ce2369082401,105,104,All Ongoing Projects,6,pdfplumber_table,twelve_month_gate2:0.1.0,"pdf_page_index=105,table_index=logical8,row_index=5"
OBS-202512-01340,2025-12,1340,"PHASE-I OF CONSOLIDATION OF EXISTING CDR DATA CENTERS AND NIB-P3
DATA CENTERS WITH STATE OF THE ART",BSNL,709749,-,-,"Multi-States
(Maharashtra,
Telangana)",03/2020,03/2020,06/2021,12/2025,461.42,461.42,166.02,81,"PHASE-I OF CONSOLIDATION OF EXISTING CDR DATA CENTERS AND NIB-P3
DATA CENTERS WITH STATE OF THE ART
(BSNL)
(709749)","03/2020
(03/2020)","06/2021
(12/2025)","461.42
(461.42)",SRC-2025-12,07f56e5457c63192ae7b5b4036f975f7eb058a3364a25a87cdc6ce2369082401,105,104,All Ongoing Projects,6,pdfplumber_table,twelve_month_gate2:0.1.0,"pdf_page_index=105,table_index=logical8,row_index=6"
OBS-202512-01341,2025-12,1341,Saturation 4G mobile coverage of Uncovered Villages through USOF,Department of Telecommunications [DoT],400013,-,-,PAN India,07/2022,07/2022,06/2024,03/2026,26316,30620,9791.8,80,"Saturation 4G mobile coverage of Uncovered Villages through USOF
(Department of Telecommunications [DoT])
(400013)","07/2022
(07/2022)","06/2024
(03/2026)","26316
(30620)",SRC-2025-12,07f56e5457c63192ae7b5b4036f975f7eb058a3364a25a87cdc6ce2369082401,105,104,All Ongoing Projects,6,pdfplumber_table,twelve_month_gate2:0.1.0,"pdf_page_index=105,table_index=logical8,row_index=7"
OBS-202512-01342,2025-12,1342,4G Services by BSNL,Department of Telecommunications [DoT],701593,-,-,PAN India,11/2020,11/2020,03/2024,03/2026,28466,19592,8471.19,97,"4G Services by BSNL
(Department of Telecommunications [DoT])
(701593)","11/2020
(11/2020)","03/2024
(03/2026)","28466
(19592)",SRC-2025-12,07f56e5457c63192ae7b5b4036f975f7eb058a3364a25a87cdc6ce2369082401,105,104,All Ongoing Projects,6,pdfplumber_table,twelve_month_gate2:0.1.0,"pdf_page_index=105,table_index=logical8,row_index=8"
OBS-202512-01343,2025-12,1343,BharatNet,Department of Telecommunications [DoT],706775,-,-,PAN India,07/2017,10/2011,08/2023,03/2027,61109,188000,46431.54,81,"BharatNet
(Department of Telecommunications [DoT])
(706775)","07/2017
(10/2011)","08/2023
(03/2027)","61109
(188000)",SRC-2025-12,07f56e5457c63192ae7b5b4036f975f7eb058a3364a25a87cdc6ce2369082401,105,104,All Ongoing Projects,6,pdfplumber_table,twelve_month_gate2:0.1.0,"pdf_page_index=105,table_index=logical8,row_index=9"
OBS-202512-01344,2025-12,1344,"MPLS-IP BASED ACCESS AND AGGREGATION NETWORK [MAAN] IN BSNL
ALONG WITH TEST AND MEASURING EQUIPMENT",BSNL,709856,-,-,PAN India,05/2023,05/2023,08/2024,01/2026,645.13,645.13,377.59,92,"MPLS-IP BASED ACCESS AND AGGREGATION NETWORK [MAAN] IN BSNL
ALONG WITH TEST AND MEASURING EQUIPMENT
(BSNL)
(709856)","05/2023
(05/2023)","08/2024
(01/2026)","645.13
(645.13)",SRC-2025-12,07f56e5457c63192ae7b5b4036f975f7eb058a3364a25a87cdc6ce2369082401,105,104,All Ongoing Projects,6,pdfplumber_table,twelve_month_gate2:0.1.0,"pdf_page_index=105,table_index=logical8,row_index=10"
OBS-202512-01345,2025-12,1345,"Planning, Engineering, Supply, Installation, Testing, Commissioning, Integration &
Annual Maintenance of 4G mobile network at 1 Lakh sites on PAN India basis
including Mumbai & Delhi LSA on turnkey basis under Phase IX.2 Project.",BSNL,709857,-,-,PAN India,05/2023,06/2023,06/2025,03/2026,24544.55,24544.5,8472.04,97,"Planning, Engineering, Supply, Installation, Testing, Commissioning, Integration &
Annual Maintenance of 4G mobile network at 1 Lakh sites on PAN India basis
including Mumbai & Delhi LSA on turnkey basis under Phase IX.2 Project.
(BSNL)
(709857)","05/2023
(06/2023)","06/2025
(03/2026)","24544.55
(24544.5)",SRC-2025-12,07f56e5457c63192ae7b5b4036f975f7eb058a3364a25a87cdc6ce2369082401,105,104,All Ongoing Projects,6,pdfplumber_table,twelve_month_gate2:0.1.0,"pdf_page_index=105,table_index=logical8,row_index=11"
OBS-202512-01346,2025-12,1346,"Interception and Diversion and STP works in Bhagalpur under Hybrid annuity based
PPP mode-Namami Gange Programme",National Mission for Clean Ganga,616600,-,-,Bihar,10/2017,03/2022,02/2025,12/2025,413.29,413.29,126.67,97,"Interception and Diversion and STP works in Bhagalpur under Hybrid annuity based
PPP mode-Namami Gange Programme
(National Mission for Clean Ganga)
(616600)","10/2017
(03/2022)","02/2025
(12/2025)","413.29
(413.29)",SRC-2025-12,07f56e5457c63192ae7b5b4036f975f7eb058a3364a25a87cdc6ce2369082401,105,104,All Ongoing Projects,6,pdfplumber_table,twelve_month_gate2:0.1.0,"pdf_page_index=105,table_index=logical8,row_index=15"
OBS-202512-01347,2025-12,1347,"Sewage Treatment Plant 100MLD and Sewerage Network 288 km in Digha-Patna
under Hybrid annuity based PPP mode-Namami Gange Programme",National Mission for Clean Ganga,616611,-,-,Bihar,08/2017,07/2019,12/2025,-,824,824,396.71,56,"Sewage Treatment Plant 100MLD and Sewerage Network 288 km in Digha-Patna
under Hybrid annuity based PPP mode-Namami Gange Programme
(National Mission for Clean Ganga)
(616611)","08/2017
(07/2019)","12/2025
(-)","824
(824)",SRC-2025-12,07f56e5457c63192ae7b5b4036f975f7eb058a3364a25a87cdc6ce2369082401,105,104,All Ongoing Projects,6,pdfplumber_table,twelve_month_gate2:0.1.0,"pdf_page_index=105,table_index=logical8,row_index=16"
OBS-202512-01348,2025-12,1348,"Sewage Treatment Plant 50MLD and Sewerage Network 150 km in Kankarbagh-
Patna under Hybrid annuity based PPP mode-Namami Gange Programme",National Mission for Clean Ganga,616612,-,-,Bihar,08/2017,07/2019,12/2025,-,578.89,578.89,171.79,54,"Sewage Treatment Plant 50MLD and Sewerage Network 150 km in Kankarbagh-
Patna under Hybrid annuity based PPP mode-Namami Gange Programme
(National Mission for Clean Ganga)
(616612)","08/2017
(07/2019)","12/2025
(-)","578.89
(578.89)",SRC-2025-12,07f56e5457c63192ae7b5b4036f975f7eb058a3364a25a87cdc6ce2369082401,105,104,All Ongoing Projects,6,pdfplumber_table,twelve_month_gate2:0.1.0,"pdf_page_index=105,table_index=logical8,row_index=17"
OBS-202512-01349,2025-12,1349,"Sewer Network, SPS and STP at Begusarai",National Mission for Clean Ganga,616615,-,-,Bihar,03/2010,03/2018,04/2025,12/2025,230.06,230.06,261.82,97,"Sewer Network, SPS and STP at Begusarai
(National Mission for Clean Ganga)
(616615)","03/2010
(03/2018)","04/2025
(12/2025)","230.06
(230.06)",SRC-2025-12,07f56e5457c63192ae7b5b4036f975f7eb058a3364a25a87cdc6ce2369082401,105,104,All Ongoing Projects,6,pdfplumber_table,twelve_month_gate2:0.1.0,"pdf_page_index=105,table_index=logical8,row_index=18"
OBS-202512-01350,2025-12,1350,"Sewer Networks, SPS and STP at Hajipur",National Mission for Clean Ganga,616616,-,-,Bihar,03/2010,03/2018,06/2025,12/2025,305.19,305.19,346.46,95,"Sewer Networks, SPS and STP at Hajipur
(National Mission for Clean Ganga)
(616616)","03/2010
(03/2018)","06/2025
(12/2025)","305.19
(305.19)",SRC-2025-12,07f56e5457c63192ae7b5b4036f975f7eb058a3364a25a87cdc6ce2369082401,105,104,All Ongoing Projects,6,pdfplumber_table,twelve_month_gate2:0.1.0,"pdf_page_index=105,table_index=logical8,row_index=19"
OBS-202512-01351,2025-12,1351,"Interception & Diversion with Rehabilitation of sewerage scheme at Agra under Hybrid
annuity based PPP model-Namami Gange Programme",National Mission for Clean Ganga,616594,-,-,Uttar Pradesh,05/2020,04/2023,04/2025,12/2025,842.25,842.25,208.64,77,"Interception & Diversion with Rehabilitation of sewerage scheme at Agra under Hybrid
annuity based PPP model-Namami Gange Programme
(National Mission for Clean Ganga)
(616594)","05/2020
(04/2023)","04/2025
(12/2025)","842.25
(842.25)",SRC-2025-12,07f56e5457c63192ae7b5b4036f975f7eb058a3364a25a87cdc6ce2369082401,105,104,All Ongoing Projects,6,pdfplumber_table,twelve_month_gate2:0.1.0,"pdf_page_index=105,table_index=logical8,row_index=20"
OBS-202512-01352,2025-12,1352,"Pollution Abatement Works for River Kali Meerut under Meerut Municipality
Interception & Diversion with STP",National Mission for Clean Ganga,616605,-,-,Uttar Pradesh,05/2020,11/2024,12/2024,05/2027,690.71,690.71,34.79,41,"Pollution Abatement Works for River Kali Meerut under Meerut Municipality
Interception & Diversion with STP
(National Mission for Clean Ganga)
(616605)","05/2020
(11/2024)","12/2024
(05/2027)","690.71
(690.71)",SRC-2025-12,07f56e5457c63192ae7b5b4036f975f7eb058a3364a25a87cdc6ce2369082401,105,104,All Ongoing Projects,6,pdfplumber_table,twelve_month_gate2:0.1.0,"pdf_page_index=105,table_index=logical8,row_index=21"
OBS-202512-01353,2025-12,1353,"Pollution Abatement works for River Ganga at Hooghly Chinsurah- Municipal Town
Interception & Diversion with STP",National Mission for Clean Ganga,616604,-,-,West Bengal,05/2018,12/2021,03/2025,12/2025,154.73,154.73,96.17,92,"Pollution Abatement works for River Ganga at Hooghly Chinsurah- Municipal Town
Interception & Diversion with STP
(National Mission for Clean Ganga)
(616604)","05/2018
(12/2021)","03/2025
(12/2025)","154.73
(154.73)",SRC-2025-12,07f56e5457c63192ae7b5b4036f975f7eb058a3364a25a87cdc6ce2369082401,105,104,All Ongoing Projects,6,pdfplumber_table,twelve_month_gate2:0.1.0,"pdf_page_index=105,table_index=logical8,row_index=22"
OBS-202512-01354,2025-12,1354,Sardar Gouthu Latchanna Thotapalli Barrage Project,Water Resources-AP,400100,-,-,Andhra Pradesh,04/2005,01/2006,12/2019,06/2026,353.05,1023.24,869.11,95,"Sardar Gouthu Latchanna Thotapalli Barrage Project
(Water Resources-AP)
(400100)","04/2005
(01/2006)","12/2019
(06/2026)","353.05
(1023.24)",SRC-2025-12,07f56e5457c63192ae7b5b4036f975f7eb058a3364a25a87cdc6ce2369082401,105,104,All Ongoing Projects,6,pdfplumber_table,twelve_month_gate2:0.1.0,"pdf_page_index=105,table_index=logical8,row_index=25"
OBS-202512-01355,2025-12,1355,Gundlakamma project,Water Resources-AP,400101,-,-,Andhra Pradesh,04/2005,04/2005,12/2019,03/2027,397.41,697.39,619.09,98,"Gundlakamma project
(Water Resources-AP)
(400101)","04/2005
(04/2005)","12/2019
(03/2027)","397.41
(697.39)",SRC-2025-12,07f56e5457c63192ae7b5b4036f975f7eb058a3364a25a87cdc6ce2369082401,106,105,All Ongoing Projects,6,pdfplumber_table,twelve_month_gate2:0.1.0,"pdf_page_index=106,table_index=logical8,row_index=1"
OBS-202512-01356,2025-12,1356,Polavaram Irrigation Project,Water Resources-AP,701415,-,-,Andhra Pradesh,01/2009,11/2009,04/2022,03/2026,10151.04,55548.9,25833.68,84,"Polavaram Irrigation Project
(Water Resources-AP)
(701415)","01/2009
(11/2009)","04/2022
(03/2026)","10151.04
(55548.9)",SRC-2025-12,07f56e5457c63192ae7b5b4036f975f7eb058a3364a25a87cdc6ce2369082401,106,105,All Ongoing Projects,6,pdfplumber_table,twelve_month_gate2:0.1.0,"pdf_page_index=106,table_index=logical8,row_index=2"
OBS-202512-01357,2025-12,1357,Borolia Irrigation Project,"Department of Water Resources, River Development & GR",701370,-,-,Assam,04/1996,12/1996,12/2022,03/2026,256.16,256.16,44.7,55,"Borolia Irrigation Project
(Department of Water Resources, River Development & GR)
(701370)","04/1996
(12/1996)","12/2022
(03/2026)","256.16
(256.16)",SRC-2025-12,07f56e5457c63192ae7b5b4036f975f7eb058a3364a25a87cdc6ce2369082401,106,105,All Ongoing Projects,6,pdfplumber_table,twelve_month_gate2:0.1.0,"pdf_page_index=106,table_index=logical8,row_index=3"
OBS-202512-01358,2025-12,1358,Punpun Barrage Project,Water Resources-BR,400104,-,-,Bihar,04/2007,04/2007,12/2019,03/2026,571.07,658.12,447.68,44,"Punpun Barrage Project
(Water Resources-BR)
(400104)","04/2007
(04/2007)","12/2019
(03/2026)","571.07
(658.12)",SRC-2025-12,07f56e5457c63192ae7b5b4036f975f7eb058a3364a25a87cdc6ce2369082401,106,105,All Ongoing Projects,6,pdfplumber_table,twelve_month_gate2:0.1.0,"pdf_page_index=106,table_index=logical8,row_index=4"
OBS-202512-01359,2025-12,1359,Kelo Irrigation Project,Water Resources-CT,400111,-,-,Chhattisgarh,04/2008,04/2008,12/2019,06/2026,459.97,727.04,616.93,72,"Kelo Irrigation Project
(Water Resources-CT)
(400111)","04/2008
(04/2008)","12/2019
(06/2026)","459.97
(727.04)",SRC-2025-12,07f56e5457c63192ae7b5b4036f975f7eb058a3364a25a87cdc6ce2369082401,106,105,All Ongoing Projects,6,pdfplumber_table,twelve_month_gate2:0.1.0,"pdf_page_index=106,table_index=logical8,row_index=5"
OBS-202512-01360,2025-12,1360,Kudali Irrigation Project,"Department of Water Resources, River Development & GR",701399,-,-,Chhattisgarh,04/2009,12/2009,12/2025,-,382.29,382.29,239.03,86,"Kudali Irrigation Project
(Department of Water Resources, River Development & GR)
(701399)","04/2009
(12/2009)","12/2025
(-)","382.29
(382.29)",SRC-2025-12,07f56e5457c63192ae7b5b4036f975f7eb058a3364a25a87cdc6ce2369082401,106,105,All Ongoing Projects,6,pdfplumber_table,twelve_month_gate2:0.1.0,"pdf_page_index=106,table_index=logical8,row_index=6"
OBS-202512-01361,2025-12,1361,Sardar Sarovar CADWM Project,"Narmada and Water Resources, Water Supply and Kalpsar Department-GJ",400097,-,-,Gujarat,04/2017,04/2017,12/2019,03/2026,5021.76,6670.31,4956.98,90,"Sardar Sarovar CADWM Project
(Narmada and Water Resources, Water Supply and Kalpsar Department-GJ)
(400097)","04/2017
(04/2017)","12/2019
(03/2026)","5021.76
(6670.31)",SRC-2025-12,07f56e5457c63192ae7b5b4036f975f7eb058a3364a25a87cdc6ce2369082401,106,105,All Ongoing Projects,6,pdfplumber_table,twelve_month_gate2:0.1.0,"pdf_page_index=106,table_index=logical8,row_index=7"
OBS-202512-01362,2025-12,1362,Sardar Sarovar Project,"Narmada and Water Resources, Water Supply and Kalpsar Department-GJ",701372,-,-,Gujarat,04/1996,04/1996,12/2019,03/2026,20718.17,33412.5,31860.86,93,"Sardar Sarovar Project
(Narmada and Water Resources, Water Supply and Kalpsar Department-GJ)
(701372)","04/1996
(04/1996)","12/2019
(03/2026)","20718.17
(33412.5)",SRC-2025-12,07f56e5457c63192ae7b5b4036f975f7eb058a3364a25a87cdc6ce2369082401,106,105,All Ongoing Projects,6,pdfplumber_table,twelve_month_gate2:0.1.0,"pdf_page_index=106,table_index=logical8,row_index=8"
OBS-202512-01363,2025-12,1363,"Subernarekha Multipurpose Project, Jharkhand",Department of Water Resources-JH,701376,-,-,Jharkhand,04/2011,01/2012,12/2019,03/2026,3807.77,9579.58,5790.29,70,"Subernarekha Multipurpose Project, Jharkhand
(Department of Water Resources-JH)
(701376)","04/2011
(01/2012)","12/2019
(03/2026)","3807.77
(9579.58)",SRC-2025-12,07f56e5457c63192ae7b5b4036f975f7eb058a3364a25a87cdc6ce2369082401,106,105,All Ongoing Projects,6,pdfplumber_table,twelve_month_gate2:0.1.0,"pdf_page_index=106,table_index=logical8,row_index=9"
OBS-202512-01364,2025-12,1364,Upper Tunga Irrigation Project,Water Resources-KA,701377,-,-,Karnataka,04/2014,04/2014,12/2019,03/2026,770.16,1606.07,1515.32,99,"Upper Tunga Irrigation Project
(Water Resources-KA)
(701377)","04/2014
(04/2014)","12/2019
(03/2026)","770.16
(1606.07)",SRC-2025-12,07f56e5457c63192ae7b5b4036f975f7eb058a3364a25a87cdc6ce2369082401,106,105,All Ongoing Projects,6,pdfplumber_table,twelve_month_gate2:0.1.0,"pdf_page_index=106,table_index=logical8,row_index=10"
OBS-202512-01365,2025-12,1365,Omkareshwar CADWM Project,Water resource-mp,400096,-,-,Madhya Pradesh,04/2017,04/2017,12/2019,03/2026,648.09,648.09,206.06,49,"Omkareshwar CADWM Project
(Water resource-mp)
(400096)","04/2017
(04/2017)","12/2019
(03/2026)","648.09
(648.09)",SRC-2025-12,07f56e5457c63192ae7b5b4036f975f7eb058a3364a25a87cdc6ce2369082401,106,105,All Ongoing Projects,6,pdfplumber_table,twelve_month_gate2:0.1.0,"pdf_page_index=106,table_index=logical8,row_index=11"
OBS-202512-01366,2025-12,1366,Bargi Diversion Project Phase - IV [km. 154 to km 197],Water Resources-MP,400115,-,-,Madhya Pradesh,04/2008,01/2009,12/2019,03/2026,751.03,893.35,783.1,75,"Bargi Diversion Project Phase - IV [km. 154 to km 197]
(Water Resources-MP)
(400115)","04/2008
(01/2009)","12/2019
(03/2026)","751.03
(893.35)",SRC-2025-12,07f56e5457c63192ae7b5b4036f975f7eb058a3364a25a87cdc6ce2369082401,106,105,All Ongoing Projects,6,pdfplumber_table,twelve_month_gate2:0.1.0,"pdf_page_index=106,table_index=logical8,row_index=12"
OBS-202512-01367,2025-12,1367,Bargi Diversion Project Phase - III [km. 104 to km 154],Water Resources-MP,400116,-,-,Madhya Pradesh,04/2007,04/2007,12/2019,03/2026,1229.15,1399.7,1993.52,80,"Bargi Diversion Project Phase - III [km. 104 to km 154]
(Water Resources-MP)
(400116)","04/2007
(04/2007)","12/2019
(03/2026)","1229.15
(1399.7)",SRC-2025-12,07f56e5457c63192ae7b5b4036f975f7eb058a3364a25a87cdc6ce2369082401,106,105,All Ongoing Projects,6,pdfplumber_table,twelve_month_gate2:0.1.0,"pdf_page_index=106,table_index=logical8,row_index=13"
OBS-202512-01368,2025-12,1368,Gosikhurd CADWM Project,Department of water resources-MH - II,400095,-,-,Maharashtra,04/2017,04/2017,12/2019,06/2026,743.73,743.73,396.38,52,"Gosikhurd CADWM Project
(Department of water resources-MH - II)
(400095)","04/2017
(04/2017)","12/2019
(06/2026)","743.73
(743.73)",SRC-2025-12,07f56e5457c63192ae7b5b4036f975f7eb058a3364a25a87cdc6ce2369082401,106,105,All Ongoing Projects,6,pdfplumber_table,twelve_month_gate2:0.1.0,"pdf_page_index=106,table_index=logical8,row_index=14"
OBS-202512-01369,2025-12,1369,Urmodi Irrigation Project,Department of water resources-MH - II,400105,-,-,Maharashtra,04/2017,04/2018,06/2022,12/2026,580.79,895.81,713.46,76,"Urmodi Irrigation Project
(Department of water resources-MH - II)
(400105)","04/2017
(04/2018)","06/2022
(12/2026)","580.79
(895.81)",SRC-2025-12,07f56e5457c63192ae7b5b4036f975f7eb058a3364a25a87cdc6ce2369082401,106,105,All Ongoing Projects,6,pdfplumber_table,twelve_month_gate2:0.1.0,"pdf_page_index=106,table_index=logical8,row_index=15"
OBS-202512-01370,2025-12,1370,Sulwade-Jamphal-Kanoli Lift Irrigation Scheme,Department of water resources-MH - II,400107,-,-,Maharashtra,04/2017,02/2019,06/2023,06/2027,2407.67,2407.67,2587.54,80,"Sulwade-Jamphal-Kanoli Lift Irrigation Scheme
(Department of water resources-MH - II)
(400107)","04/2017
(02/2019)","06/2023
(06/2027)","2407.67
(2407.67)",SRC-2025-12,07f56e5457c63192ae7b5b4036f975f7eb058a3364a25a87cdc6ce2369082401,106,105,All Ongoing Projects,6,pdfplumber_table,twelve_month_gate2:0.1.0,"pdf_page_index=106,table_index=logical8,row_index=16"
OBS-202512-01371,2025-12,1371,Purna Barrage-2 [Ner Dhamana] Medium Irrigation Project,Department of water resources-MH - II,400109,-,-,Maharashtra,04/2017,04/2018,06/2020,06/2026,848.07,888.43,690.49,69,"Purna Barrage-2 [Ner Dhamana] Medium Irrigation Project
(Department of water resources-MH - II)
(400109)","04/2017
(04/2018)","06/2020
(06/2026)","848.07
(888.43)",SRC-2025-12,07f56e5457c63192ae7b5b4036f975f7eb058a3364a25a87cdc6ce2369082401,106,105,All Ongoing Projects,6,pdfplumber_table,twelve_month_gate2:0.1.0,"pdf_page_index=106,table_index=logical8,row_index=17"
OBS-202512-01372,2025-12,1372,Jigaon Irrigation Project,Department of water resources-MH - II,400112,-,-,Maharashtra,04/2017,04/2018,06/2028,-,7222.95,7222.95,9348.58,91,"Jigaon Irrigation Project
(Department of water resources-MH - II)
(400112)","04/2017
(04/2018)","06/2028
(-)","7222.95
(7222.95)",SRC-2025-12,07f56e5457c63192ae7b5b4036f975f7eb058a3364a25a87cdc6ce2369082401,106,105,All Ongoing Projects,6,pdfplumber_table,twelve_month_gate2:0.1.0,"pdf_page_index=106,table_index=logical8,row_index=18"
OBS-202512-01373,2025-12,1373,Bodwad Parisar Sinchan Yojna,Department of Water Resources-MH,617422,-,-,Maharashtra,05/2002,01/2017,07/2027,-,1923.81,1923.81,1770.13,49,"Bodwad Parisar Sinchan Yojna
(Department of Water Resources-MH)
(617422)","05/2002
(01/2017)","07/2027
(-)","1923.81
(1923.81)",SRC-2025-12,07f56e5457c63192ae7b5b4036f975f7eb058a3364a25a87cdc6ce2369082401,106,105,All Ongoing Projects,6,pdfplumber_table,twelve_month_gate2:0.1.0,"pdf_page_index=106,table_index=logical8,row_index=19"
OBS-202512-01374,2025-12,1374,Waghur Project,Department of water resources-MH - II,701383,-,-,Maharashtra,04/1996,04/1996,12/2019,03/2026,1058.99,1758.51,1557.67,89,"Waghur Project
(Department of water resources-MH - II)
(701383)","04/1996
(04/1996)","12/2019
(03/2026)","1058.99
(1758.51)",SRC-2025-12,07f56e5457c63192ae7b5b4036f975f7eb058a3364a25a87cdc6ce2369082401,106,105,All Ongoing Projects,6,pdfplumber_table,twelve_month_gate2:0.1.0,"pdf_page_index=106,table_index=logical8,row_index=20"
OBS-202512-01375,2025-12,1375,Gosikhurd Project,Department of water resources-MH - II,701386,-,-,Maharashtra,04/2008,04/2008,12/2019,06/2028,7196.47,12770.1,13898.18,72,"Gosikhurd Project
(Department of water resources-MH - II)
(701386)","04/2008
(04/2008)","12/2019
(06/2028)","7196.47
(12770.1)",SRC-2025-12,07f56e5457c63192ae7b5b4036f975f7eb058a3364a25a87cdc6ce2369082401,106,105,All Ongoing Projects,6,pdfplumber_table,twelve_month_gate2:0.1.0,"pdf_page_index=106,table_index=logical8,row_index=21"
OBS-202512-01376,2025-12,1376,Aruna Medium Irrigation Project,Department of water resources-MH - II,701391,-,-,Maharashtra,04/2009,01/2010,12/2019,12/2025,210.45,1472.14,1705.83,97,"Aruna Medium Irrigation Project
(Department of water resources-MH - II)
(701391)","04/2009
(01/2010)","12/2019
(12/2025)","210.45
(1472.14)",SRC-2025-12,07f56e5457c63192ae7b5b4036f975f7eb058a3364a25a87cdc6ce2369082401,106,105,All Ongoing Projects,6,pdfplumber_table,twelve_month_gate2:0.1.0,"pdf_page_index=106,table_index=logical8,row_index=22"
OBS-202512-01377,2025-12,1377,Lower Pedhi Project,Department of water resources-MH - II,701396,-,-,Maharashtra,04/2008,04/2008,12/2019,06/2026,255.97,1480.7,1324.98,65,"Lower Pedhi Project
(Department of water resources-MH - II)
(701396)","04/2008
(04/2008)","12/2019
(06/2026)","255.97
(1480.7)",SRC-2025-12,07f56e5457c63192ae7b5b4036f975f7eb058a3364a25a87cdc6ce2369082401,106,105,All Ongoing Projects,6,pdfplumber_table,twelve_month_gate2:0.1.0,"pdf_page_index=106,table_index=logical8,row_index=23"
OBS-202512-01378,2025-12,1378,Nardave Medium Irrigation Project,Department of water resources-MH - II,701398,-,-,Maharashtra,04/2009,04/2009,12/2019,06/2026,211.46,781.85,623.5,72,"Nardave Medium Irrigation Project
(Department of water resources-MH - II)
(701398)","04/2009
(04/2009)","12/2019
(06/2026)","211.46
(781.85)",SRC-2025-12,07f56e5457c63192ae7b5b4036f975f7eb058a3364a25a87cdc6ce2369082401,106,105,All Ongoing Projects,6,pdfplumber_table,twelve_month_gate2:0.1.0,"pdf_page_index=106,table_index=logical8,row_index=24"
OBS-202512-01379,2025-12,1379,Thoubal Multipurpose Project,Water Resources Department-MN,701400,-,-,Manipur,04/1997,04/1997,12/2019,03/2026,1449.44,1822.24,1837.91,98,"Thoubal Multipurpose Project
(Water Resources Department-MN)
(701400)","04/1997
(04/1997)","12/2019
(03/2026)","1449.44
(1822.24)",SRC-2025-12,07f56e5457c63192ae7b5b4036f975f7eb058a3364a25a87cdc6ce2369082401,106,105,All Ongoing Projects,6,pdfplumber_table,twelve_month_gate2:0.1.0,"pdf_page_index=106,table_index=logical8,row_index=25"
OBS-202512-01380,2025-12,1380,North Koel Reservoir Project,"Department of Water Resources, River Development & GR",701412,-,-,"Multi-States
(Bihar, Jharkhand)",08/2017,01/2021,03/2021,03/2026,1622.27,2430.76,167.16,36,"North Koel Reservoir Project
(Department of Water Resources, River Development & GR)
(701412)","08/2017
(01/2021)","03/2021
(03/2026)","1622.27
(2430.76)",SRC-2025-12,07f56e5457c63192ae7b5b4036f975f7eb058a3364a25a87cdc6ce2369082401,106,105,All Ongoing Projects,6,pdfplumber_table,twelve_month_gate2:0.1.0,"pdf_page_index=106,table_index=logical8,row_index=26"
OBS-202512-01381,2025-12,1381,Integrated Anandpur Barrage Project,Water Resources-OR,603945,-,-,Odisha,04/1997,01/1998,12/2019,06/2026,567.03,2990.05,2715.12,62,"Integrated Anandpur Barrage Project
(Water Resources-OR)
(603945)","04/1997
(01/1998)","12/2019
(06/2026)","567.03
(2990.05)",SRC-2025-12,07f56e5457c63192ae7b5b4036f975f7eb058a3364a25a87cdc6ce2369082401,106,105,All Ongoing Projects,6,pdfplumber_table,twelve_month_gate2:0.1.0,"pdf_page_index=106,table_index=logical8,row_index=27"
OBS-202512-01382,2025-12,1382,Kanupur Irrigation Project,Irrigation and CAD-TG,701404,-,-,Odisha,04/2003,01/2004,12/2019,06/2026,989.43,2301.28,2712.75,79,"Kanupur Irrigation Project
(Irrigation and CAD-TG)
(701404)","04/2003
(01/2004)","12/2019
(06/2026)","989.43
(2301.28)",SRC-2025-12,07f56e5457c63192ae7b5b4036f975f7eb058a3364a25a87cdc6ce2369082401,106,105,All Ongoing Projects,6,pdfplumber_table,twelve_month_gate2:0.1.0,"pdf_page_index=106,table_index=logical8,row_index=28"
OBS-202512-01383,2025-12,1383,Relining of Rajasthan feeder and Sirhind Feeder canal,Department of Water Resources-PB,701410,-,-,Punjab,02/2016,04/2018,06/2021,06/2026,1441.26,2462.16,3012.69,80,"Relining of Rajasthan feeder and Sirhind Feeder canal
(Department of Water Resources-PB)
(701410)","02/2016
(04/2018)","06/2021
(06/2026)","1441.26
(2462.16)",SRC-2025-12,07f56e5457c63192ae7b5b4036f975f7eb058a3364a25a87cdc6ce2369082401,106,105,All Ongoing Projects,6,pdfplumber_table,twelve_month_gate2:0.1.0,"pdf_page_index=106,table_index=logical8,row_index=29"
OBS-202512-01384,2025-12,1384,Shahpur Kandi Dam Project,Department of Water Resources-PB,701411,-,-,Punjab,02/2010,04/2018,06/2022,10/2025,2285.81,2715.7,2169.72,88,"Shahpur Kandi Dam Project
(Department of Water Resources-PB)
(701411)","02/2010
(04/2018)","06/2022
(10/2025)","2285.81
(2715.7)",SRC-2025-12,07f56e5457c63192ae7b5b4036f975f7eb058a3364a25a87cdc6ce2369082401,106,105,All Ongoing Projects,6,pdfplumber_table,twelve_month_gate2:0.1.0,"pdf_page_index=106,table_index=logical8,row_index=30"
OBS-202512-01385,2025-12,1385,Sri Ram Sagar Project Stage - II,Irrigation and CAD-TG,400102,-,-,Telangana,04/2005,04/2005,12/2019,03/2026,736.13,949.87,940.7,96,"Sri Ram Sagar Project Stage - II
(Irrigation and CAD-TG)
(400102)","04/2005
(04/2005)","12/2019
(03/2026)","736.13
(949.87)",SRC-2025-12,07f56e5457c63192ae7b5b4036f975f7eb058a3364a25a87cdc6ce2369082401,106,105,All Ongoing Projects,6,pdfplumber_table,twelve_month_gate2:0.1.0,"pdf_page_index=106,table_index=logical8,row_index=31"
OBS-202512-01386,2025-12,1386,Indiramma Flood Flow Canal Project,Irrigation and CAD-TG,400103,-,-,Telangana,04/2005,01/2006,12/2019,12/2026,1331.3,5940.09,4491.08,92,"Indiramma Flood Flow Canal Project
(Irrigation and CAD-TG)
(400103)","04/2005
(01/2006)","12/2019
(12/2026)","1331.3
(5940.09)",SRC-2025-12,07f56e5457c63192ae7b5b4036f975f7eb058a3364a25a87cdc6ce2369082401,107,106,All Ongoing Projects,6,pdfplumber_table,twelve_month_gate2:0.1.0,"pdf_page_index=107,table_index=logical8,row_index=1"
OBS-202512-01387,2025-12,1387,J. Chokka Rao Devadula Lift Irrigation Scheme,Irrigation and CAD-TG,701405,-,-,Telangana,04/2006,04/2006,12/2019,12/2025,8200.71,14730,4664.8,87,"J. Chokka Rao Devadula Lift Irrigation Scheme
(Irrigation and CAD-TG)
(701405)","04/2006
(04/2006)","12/2019
(12/2025)","8200.71
(14730)",SRC-2025-12,07f56e5457c63192ae7b5b4036f975f7eb058a3364a25a87cdc6ce2369082401,107,106,All Ongoing Projects,6,pdfplumber_table,twelve_month_gate2:0.1.0,"pdf_page_index=107,table_index=logical8,row_index=2"
OBS-202512-01388,2025-12,1388,Rajiv Bhima Lift Irrigation Scheme,Irrigation and CAD-TG,701406,-,-,Telangana,04/2007,01/2008,12/2019,03/2026,1402,2509.66,1839.76,100,"Rajiv Bhima Lift Irrigation Scheme
(Irrigation and CAD-TG)
(701406)","04/2007
(01/2008)","12/2019
(03/2026)","1402
(2509.66)",SRC-2025-12,07f56e5457c63192ae7b5b4036f975f7eb058a3364a25a87cdc6ce2369082401,107,106,All Ongoing Projects,6,pdfplumber_table,twelve_month_gate2:0.1.0,"pdf_page_index=107,table_index=logical8,row_index=3"
OBS-202512-01389,2025-12,1389,Saryu Nahar CADWM Project,Irrigation & Water Resources-UP,400093,-,-,Uttar Pradesh,04/2017,04/2017,12/2019,03/2026,1672.7,1672.7,22.24,1,"Saryu Nahar CADWM Project
(Irrigation & Water Resources-UP)
(400093)","04/2017
(04/2017)","12/2019
(03/2026)","1672.7
(1672.7)",SRC-2025-12,07f56e5457c63192ae7b5b4036f975f7eb058a3364a25a87cdc6ce2369082401,107,106,All Ongoing Projects,6,pdfplumber_table,twelve_month_gate2:0.1.0,"pdf_page_index=107,table_index=logical8,row_index=4"
OBS-202512-01390,2025-12,1390,Morna [Gureghar] Irrigation Project,"Department of Water Resources, River Development & GR",701395,-,-,Uttar Pradesh,04/2007,12/2007,12/2025,-,219.9,219.9,115.2,31,"Morna [Gureghar] Irrigation Project
(Department of Water Resources, River Development & GR)
(701395)","04/2007
(12/2007)","12/2025
(-)","219.9
(219.9)",SRC-2025-12,07f56e5457c63192ae7b5b4036f975f7eb058a3364a25a87cdc6ce2369082401,107,106,All Ongoing Projects,6,pdfplumber_table,twelve_month_gate2:0.1.0,"pdf_page_index=107,table_index=logical8,row_index=5"
OBS-202512-01391,2025-12,1391,Madhya Ganga canal Phase-II,Irrigation & Water Resources-UP,701408,-,-,Uttar Pradesh,04/2008,04/2008,12/2019,12/2025,1060.67,4417.21,4552.44,82,"Madhya Ganga canal Phase-II
(Irrigation & Water Resources-UP)
(701408)","04/2008
(04/2008)","12/2019
(12/2025)","1060.67
(4417.21)",SRC-2025-12,07f56e5457c63192ae7b5b4036f975f7eb058a3364a25a87cdc6ce2369082401,107,106,All Ongoing Projects,6,pdfplumber_table,twelve_month_gate2:0.1.0,"pdf_page_index=107,table_index=logical8,row_index=6"
OBS-202512-01392,2025-12,1392,Jamrani Dam Multipurpose Project,Irrigation-UK,613787,-,-,Uttarakhand,10/2023,11/2023,06/2029,-,2584.1,2584.1,987.61,21,"Jamrani Dam Multipurpose Project
(Irrigation-UK)
(613787)","10/2023
(11/2023)","06/2029
(-)","2584.1
(2584.1)",SRC-2025-12,07f56e5457c63192ae7b5b4036f975f7eb058a3364a25a87cdc6ce2369082401,107,106,All Ongoing Projects,6,pdfplumber_table,twelve_month_gate2:0.1.0,"pdf_page_index=107,table_index=logical8,row_index=7"
