observation_id,reporting_month,serial_number_raw,project_name_raw,agency_raw,project_code_raw,legacy_ocms_code_raw,pmgid_raw,state_raw,approval_date_raw,start_date_raw,original_target_doc_raw,revised_doc_raw,original_cost_raw,revised_cost_raw,cumulative_expenditure_raw,physical_progress_raw,project_identity_cell_raw,approval_start_cell_raw,doc_cell_raw,cost_cell_raw,source_id,source_sha256,pdf_page_index,printed_page_number,source_table,source_table_number,extraction_method,extractor_version,raw_row_locator
OBS-202509-00001,2025-09,1,"Construction of New Domestic Terminal Building Building and miscellaneous works
including maintenance, operations and AICMC at Kadapa Airport",Airport Authority of India [AAI],612786,-,-,Andhra Pradesh,03/2023,01/2024,01/2026,03/2026,265.91,265.91,59.43,35,"Construction of New Domestic Terminal Building Building and miscellaneous works
including maintenance, operations and AICMC at Kadapa Airport
(Airport Authority of India [AAI])
(612786)","03/2023
(01/2024)","01/2026
(03/2026)","265.91
(265.91)",SRC-2025-09,520f100f2752c07c7d8e1180cce2258a6966d21b6e37fcbecca0b098835ef318,42,41,All Ongoing Projects,6,pdfplumber_table,twelve_month_gate2:0.1.0,"pdf_page_index=42,table_index=logical8,row_index=3"
OBS-202509-00002,2025-09,2,"Construction of New Integrated Terminal Building and associated works including
apron to park 3 code E type of aircraft or 6 code C type of aircraft at Vijayawada
Airport.",Airport Authority of India [AAI],701107,-,-,Andhra Pradesh,06/2020,09/2020,09/2022,12/2025,611.8,611.8,494.08,81,"Construction of New Integrated Terminal Building and associated works including
apron to park 3 code E type of aircraft or 6 code C type of aircraft at Vijayawada
Airport.
(Airport Authority of India [AAI])
(701107)","06/2020
(09/2020)","09/2022
(12/2025)","611.8
(611.8)",SRC-2025-09,520f100f2752c07c7d8e1180cce2258a6966d21b6e37fcbecca0b098835ef318,42,41,All Ongoing Projects,6,pdfplumber_table,twelve_month_gate2:0.1.0,"pdf_page_index=42,table_index=logical8,row_index=4"
OBS-202509-00003,2025-09,3,Construction of New Domestic Terminal Building at Rajahmundry Airport.,Airport Authority of India [AAI],701121,-,-,Andhra Pradesh,12/2022,08/2023,08/2025,12/2025,347.15,347.15,95.46,54,"Construction of New Domestic Terminal Building at Rajahmundry Airport.
(Airport Authority of India [AAI])
(701121)","12/2022
(08/2023)","08/2025
(12/2025)","347.15
(347.15)",SRC-2025-09,520f100f2752c07c7d8e1180cce2258a6966d21b6e37fcbecca0b098835ef318,42,41,All Ongoing Projects,6,pdfplumber_table,twelve_month_gate2:0.1.0,"pdf_page_index=42,table_index=logical8,row_index=5"
OBS-202509-00004,2025-09,4,Guwahati Airport New Integrated Terminal Building Construction Project,Adani Airport Holdings Limited,706724,-,-,Assam,12/2016,03/2018,03/2025,11/2025,1712,1712,2397.37,91,"Guwahati Airport New Integrated Terminal Building Construction Project
(Adani Airport Holdings Limited)
(706724)","12/2016
(03/2018)","03/2025
(11/2025)","1712
(1712)",SRC-2025-09,520f100f2752c07c7d8e1180cce2258a6966d21b6e37fcbecca0b098835ef318,42,41,All Ongoing Projects,6,pdfplumber_table,twelve_month_gate2:0.1.0,"pdf_page_index=42,table_index=logical8,row_index=6"
OBS-202509-00005,2025-09,5,Development of New Civil Enclave at Bihta,Airport Authority of India [AAI],612183,-,-,Bihar,08/2024,03/2025,09/2027,-,1413,1413,0,1,"Development of New Civil Enclave at Bihta
(Airport Authority of India [AAI])
(612183)","08/2024
(03/2025)","09/2027
(-)","1413
(1413)",SRC-2025-09,520f100f2752c07c7d8e1180cce2258a6966d21b6e37fcbecca0b098835ef318,42,41,All Ongoing Projects,6,pdfplumber_table,twelve_month_gate2:0.1.0,"pdf_page_index=42,table_index=logical8,row_index=7"
OBS-202509-00006,2025-09,6,Development of New Civil Enclave and associated works at Darbhanga Airport,Airport Authority of India [AAI],612194,-,-,Bihar,07/2024,07/2024,01/2026,-,911.66,911.66,191.27,32,"Development of New Civil Enclave and associated works at Darbhanga Airport
(Airport Authority of India [AAI])
(612194)","07/2024
(07/2024)","01/2026
(-)","911.66
(911.66)",SRC-2025-09,520f100f2752c07c7d8e1180cce2258a6966d21b6e37fcbecca0b098835ef318,42,41,All Ongoing Projects,6,pdfplumber_table,twelve_month_gate2:0.1.0,"pdf_page_index=42,table_index=logical8,row_index=8"
OBS-202509-00007,2025-09,7,"Construction of New Domestic Terminal Building [Phase-I and II] and other allied
structures at JPNI Airport, Patna",Airport Authority of India [AAI],701101,-,-,Bihar,12/2018,10/2018,07/2023,11/2025,1216.9,1216.9,1119.69,94,"Construction of New Domestic Terminal Building [Phase-I and II] and other allied
structures at JPNI Airport, Patna
(Airport Authority of India [AAI])
(701101)","12/2018
(10/2018)","07/2023
(11/2025)","1216.9
(1216.9)",SRC-2025-09,520f100f2752c07c7d8e1180cce2258a6966d21b6e37fcbecca0b098835ef318,42,41,All Ongoing Projects,6,pdfplumber_table,twelve_month_gate2:0.1.0,"pdf_page_index=42,table_index=logical8,row_index=9"
OBS-202509-00008,2025-09,8,Goa Airport Terminal Building Extension Project,Airport Authority of India [AAI],701105,-,-,Goa,11/2017,12/2019,12/2021,09/2025,255.69,255.69,154.3,92,"Goa Airport Terminal Building Extension Project
(Airport Authority of India [AAI])
(701105)","11/2017
(12/2019)","12/2021
(09/2025)","255.69
(255.69)",SRC-2025-09,520f100f2752c07c7d8e1180cce2258a6966d21b6e37fcbecca0b098835ef318,42,41,All Ongoing Projects,6,pdfplumber_table,twelve_month_gate2:0.1.0,"pdf_page_index=42,table_index=logical8,row_index=10"
OBS-202509-00009,2025-09,9,"Development of Dholera International Greenfield Airport , Gujarat",Airport Authority of India [AAI],701126,-,-,Gujarat,06/2022,07/2022,06/2026,06/2026,1305,1551,696.39,66,"Development of Dholera International Greenfield Airport , Gujarat
(Airport Authority of India [AAI])
(701126)","06/2022
(07/2022)","06/2026
(06/2026)","1305
(1551)",SRC-2025-09,520f100f2752c07c7d8e1180cce2258a6966d21b6e37fcbecca0b098835ef318,42,41,All Ongoing Projects,6,pdfplumber_table,twelve_month_gate2:0.1.0,"pdf_page_index=42,table_index=logical8,row_index=11"
OBS-202509-00010,2025-09,10,"Construction of NTB complex including apron, taxi track and other associated civil
works and electrical & mechanical installations towards Tawi River side at CA Jammu.",Airport Authority of India [AAI],611047,-,-,"Jammu and
Kashmir",07/2022,07/2023,06/2026,06/2026,861.37,861.37,192.59,36,"Construction of NTB complex including apron, taxi track and other associated civil
works and electrical & mechanical installations towards Tawi River side at CA Jammu.
(Airport Authority of India [AAI])
(611047)","07/2022
(07/2023)","06/2026
(06/2026)","861.37
(861.37)",SRC-2025-09,520f100f2752c07c7d8e1180cce2258a6966d21b6e37fcbecca0b098835ef318,42,41,All Ongoing Projects,6,pdfplumber_table,twelve_month_gate2:0.1.0,"pdf_page_index=42,table_index=logical8,row_index=12"
OBS-202509-00011,2025-09,11,"Construction of New Domestic Terminal Building and Miscellaneous works at Hubli
Airport",Airport Authority of India [AAI],612787,-,-,Karnataka,06/2023,01/2024,01/2026,03/2026,320.47,320.47,71.37,41,"Construction of New Domestic Terminal Building and Miscellaneous works at Hubli
Airport
(Airport Authority of India [AAI])
(612787)","06/2023
(01/2024)","01/2026
(03/2026)","320.47
(320.47)",SRC-2025-09,520f100f2752c07c7d8e1180cce2258a6966d21b6e37fcbecca0b098835ef318,42,41,All Ongoing Projects,6,pdfplumber_table,twelve_month_gate2:0.1.0,"pdf_page_index=42,table_index=logical8,row_index=13"
OBS-202509-00012,2025-09,12,"Construction of New Domestic Terminal Building and Miscellaneous Works at
Belagavi Airport.",Airport Authority of India [AAI],612788,-,-,Karnataka,06/2023,02/2024,01/2026,01/2026,322.45,322.45,132.01,55,"Construction of New Domestic Terminal Building and Miscellaneous Works at
Belagavi Airport.
(Airport Authority of India [AAI])
(612788)","06/2023
(02/2024)","01/2026
(01/2026)","322.45
(322.45)",SRC-2025-09,520f100f2752c07c7d8e1180cce2258a6966d21b6e37fcbecca0b098835ef318,42,41,All Ongoing Projects,6,pdfplumber_table,twelve_month_gate2:0.1.0,"pdf_page_index=42,table_index=logical8,row_index=14"
OBS-202509-00013,2025-09,13,"Development of additional RESA on either end on Runway 10-28 at Calicut Airport.
Construction of embankment with slope protection, drainage system and associated
works for additional RESA on either end on Runway 10-28",Airport Authority of India [AAI],612789,-,-,Kerala,06/2023,02/2024,09/2025,03/2026,484.57,484.57,85.16,22,"Development of additional RESA on either end on Runway 10-28 at Calicut Airport.
Construction of embankment with slope protection, drainage system and associated
works for additional RESA on either end on Runway 10-28
(Airport Authority of India [AAI])
(612789)","06/2023
(02/2024)","09/2025
(03/2026)","484.57
(484.57)",SRC-2025-09,520f100f2752c07c7d8e1180cce2258a6966d21b6e37fcbecca0b098835ef318,42,41,All Ongoing Projects,6,pdfplumber_table,twelve_month_gate2:0.1.0,"pdf_page_index=42,table_index=logical8,row_index=15"
OBS-202509-00014,2025-09,14,"Construction of Terminal Building & Associated works at Leh Airport, Ladakh",Airport Authority of India [AAI],400010,-,-,Ladakh,07/2018,09/2018,09/2021,10/2025,480,640,456.22,71,"Construction of Terminal Building & Associated works at Leh Airport, Ladakh
(Airport Authority of India [AAI])
(400010)","07/2018
(09/2018)","09/2021
(10/2025)","480
(640)",SRC-2025-09,520f100f2752c07c7d8e1180cce2258a6966d21b6e37fcbecca0b098835ef318,42,41,All Ongoing Projects,6,pdfplumber_table,twelve_month_gate2:0.1.0,"pdf_page_index=42,table_index=logical8,row_index=16"
OBS-202509-00015,2025-09,15,C/o NITB Imphal Airport,Airport Authority of India [AAI],706718,-,-,Manipur,11/2021,07/2022,07/2024,12/2026,499,499,154.43,41,"C/o NITB Imphal Airport
(Airport Authority of India [AAI])
(706718)","11/2021
(07/2022)","07/2024
(12/2026)","499
(499)",SRC-2025-09,520f100f2752c07c7d8e1180cce2258a6966d21b6e37fcbecca0b098835ef318,42,41,All Ongoing Projects,6,pdfplumber_table,twelve_month_gate2:0.1.0,"pdf_page_index=42,table_index=logical8,row_index=17"
OBS-202509-00016,2025-09,16,"SITC of ATM Automation System and ASMGCS [Including SMR & MLAT] for Mumbai,
Navi Mumbai, Jewar [earlier MOPA, without ASMGCS], HIAL & BIAL",Airport Authority of India [AAI],611570,-,-,"Multi-States
(Karnataka,
Maharashtra,
Telangana, Uttar
Pradesh)",NA,10/2022,09/2025,08/2026,500.48,500.48,332.26,75,"SITC of ATM Automation System and ASMGCS [Including SMR & MLAT] for Mumbai,
Navi Mumbai, Jewar [earlier MOPA, without ASMGCS], HIAL & BIAL
(Airport Authority of India [AAI])
(611570)","NA
(10/2022)","09/2025
(08/2026)","500.48
(500.48)",SRC-2025-09,520f100f2752c07c7d8e1180cce2258a6966d21b6e37fcbecca0b098835ef318,42,41,All Ongoing Projects,6,pdfplumber_table,twelve_month_gate2:0.1.0,"pdf_page_index=42,table_index=logical8,row_index=18"
OBS-202509-00017,2025-09,17,"Construction of New Passenger Terminal Building for Domestic Operations at Jodhpur
Airport.",Airport Authority of India [AAI],701127,-,-,Rajasthan,05/2022,04/2023,11/2024,10/2025,480,480,301.83,89,"Construction of New Passenger Terminal Building for Domestic Operations at Jodhpur
Airport.
(Airport Authority of India [AAI])
(701127)","05/2022
(04/2023)","11/2024
(10/2025)","480
(480)",SRC-2025-09,520f100f2752c07c7d8e1180cce2258a6966d21b6e37fcbecca0b098835ef318,42,41,All Ongoing Projects,6,pdfplumber_table,twelve_month_gate2:0.1.0,"pdf_page_index=42,table_index=logical8,row_index=19"
OBS-202509-00018,2025-09,18,Construction of New Integrated Passenger Terminal Building at Udaipur Airport,Airport Authority of India [AAI],701128,-,-,Rajasthan,06/2023,11/2022,03/2026,10/2026,887,887,378.81,50,"Construction of New Integrated Passenger Terminal Building at Udaipur Airport
(Airport Authority of India [AAI])
(701128)","06/2023
(11/2022)","03/2026
(10/2026)","887
(887)",SRC-2025-09,520f100f2752c07c7d8e1180cce2258a6966d21b6e37fcbecca0b098835ef318,42,41,All Ongoing Projects,6,pdfplumber_table,twelve_month_gate2:0.1.0,"pdf_page_index=42,table_index=logical8,row_index=20"
OBS-202509-00019,2025-09,19,"Widening of basic strip at Western Side of Runway Chainage 80m to 920m i/c slope
stabilization Measures [Balance work] of uphill and Improvement of Storm Water
Drainage System at Pakyong Airport, Sikkim on design & build basis [EPC] with
integrated 10 years maintenance.",Airport Authority of India [AAI],612793,-,-,Sikkim,11/2023,12/2023,02/2026,-,323.26,323.26,34.3,13,"Widening of basic strip at Western Side of Runway Chainage 80m to 920m i/c slope
stabilization Measures [Balance work] of uphill and Improvement of Storm Water
Drainage System at Pakyong Airport, Sikkim on design & build basis [EPC] with
integrated 10 years maintenance.
(Airport Authority of India [AAI])
(612793)","11/2023
(12/2023)","02/2026
(-)","323.26
(323.26)",SRC-2025-09,520f100f2752c07c7d8e1180cce2258a6966d21b6e37fcbecca0b098835ef318,42,41,All Ongoing Projects,6,pdfplumber_table,twelve_month_gate2:0.1.0,"pdf_page_index=42,table_index=logical8,row_index=21"
OBS-202509-00020,2025-09,20,"Modernization of Chennai Airport, Phase II, Part 2",Airport Authority of India [AAI],611602,-,-,Tamil Nadu,05/2018,06/2023,07/2025,06/2026,1207,1207,164.13,24,"Modernization of Chennai Airport, Phase II, Part 2
(Airport Authority of India [AAI])
(611602)","05/2018
(06/2023)","07/2025
(06/2026)","1207
(1207)",SRC-2025-09,520f100f2752c07c7d8e1180cce2258a6966d21b6e37fcbecca0b098835ef318,42,41,All Ongoing Projects,6,pdfplumber_table,twelve_month_gate2:0.1.0,"pdf_page_index=42,table_index=logical8,row_index=22"
OBS-202509-00021,2025-09,21,"Construction of New Terminal Building, Second Link Taxi Track, Apron Expansion,
and associated works at Prayagraj Airport- On Design & Build Basis.",Airport Authority of India [AAI],612063,-,-,Uttar Pradesh,NA,08/2023,11/2024,08/2025,219.18,274.38,215.2,100,"Construction of New Terminal Building, Second Link Taxi Track, Apron Expansion,
and associated works at Prayagraj Airport- On Design & Build Basis.
(Airport Authority of India [AAI])
(612063)","NA
(08/2023)","11/2024
(08/2025)","219.18
(274.38)",SRC-2025-09,520f100f2752c07c7d8e1180cce2258a6966d21b6e37fcbecca0b098835ef318,42,41,All Ongoing Projects,6,pdfplumber_table,twelve_month_gate2:0.1.0,"pdf_page_index=42,table_index=logical8,row_index=23"
OBS-202509-00022,2025-09,22,Lucknow Airport-Terminal 3- Phase 1 & Other Associated Works,Adani Airport Holdings Limited,701091,-,-,Uttar Pradesh,06/2018,09/2018,03/2026,-,3100,3100,16024.42,100,"Lucknow Airport-Terminal 3- Phase 1 & Other Associated Works
(Adani Airport Holdings Limited)
(701091)","06/2018
(09/2018)","03/2026
(-)","3100
(3100)",SRC-2025-09,520f100f2752c07c7d8e1180cce2258a6966d21b6e37fcbecca0b098835ef318,42,41,All Ongoing Projects,6,pdfplumber_table,twelve_month_gate2:0.1.0,"pdf_page_index=42,table_index=logical8,row_index=24"
OBS-202509-00023,2025-09,23,"Development of Lal Bahadur Shastri International airport, Varanasi including C/o New
Terminal Building, Apron Extension, Runway Extension, PTT and allied works.",Airport Authority of India [AAI],701113,-,-,Uttar Pradesh,07/2024,07/2024,07/2027,07/2027,2869.65,2869.65,346.36,17,"Development of Lal Bahadur Shastri International airport, Varanasi including C/o New
Terminal Building, Apron Extension, Runway Extension, PTT and allied works.
(Airport Authority of India [AAI])
(701113)","07/2024
(07/2024)","07/2027
(07/2027)","2869.65
(2869.65)",SRC-2025-09,520f100f2752c07c7d8e1180cce2258a6966d21b6e37fcbecca0b098835ef318,42,41,All Ongoing Projects,6,pdfplumber_table,twelve_month_gate2:0.1.0,"pdf_page_index=42,table_index=logical8,row_index=25"
OBS-202509-00024,2025-09,24,Development of New Integrated Civil Enclave at Agra Airport,Airport Authority of India [AAI],701122,-,-,Uttar Pradesh,06/2024,07/2024,07/2026,-,579,579,88.11,17,"Development of New Integrated Civil Enclave at Agra Airport
(Airport Authority of India [AAI])
(701122)","06/2024
(07/2024)","07/2026
(-)","579
(579)",SRC-2025-09,520f100f2752c07c7d8e1180cce2258a6966d21b6e37fcbecca0b098835ef318,42,41,All Ongoing Projects,6,pdfplumber_table,twelve_month_gate2:0.1.0,"pdf_page_index=42,table_index=logical8,row_index=26"
OBS-202509-00025,2025-09,25,Development of New Civil Enclave at Bagdogra Airport,Airport Authority of India [AAI],611495,-,-,West Bengal,08/2024,10/2023,01/2027,01/2027,1549,1549,292.71,13,"Development of New Civil Enclave at Bagdogra Airport
(Airport Authority of India [AAI])
(611495)","08/2024
(10/2023)","01/2027
(01/2027)","1549
(1549)",SRC-2025-09,520f100f2752c07c7d8e1180cce2258a6966d21b6e37fcbecca0b098835ef318,42,41,All Ongoing Projects,6,pdfplumber_table,twelve_month_gate2:0.1.0,"pdf_page_index=42,table_index=logical8,row_index=27"
OBS-202509-00026,2025-09,26,"Re-Construction of Rigid portions of Secondary Runway, K and A Taxiway and
Strengthening of C Taxiway at NSCBI Airport Kolkata.",Airport Authority of India [AAI],612791,-,-,West Bengal,04/2023,12/2023,02/2025,08/2026,328.3,328.3,105.41,47,"Re-Construction of Rigid portions of Secondary Runway, K and A Taxiway and
Strengthening of C Taxiway at NSCBI Airport Kolkata.
(Airport Authority of India [AAI])
(612791)","04/2023
(12/2023)","02/2025
(08/2026)","328.3
(328.3)",SRC-2025-09,520f100f2752c07c7d8e1180cce2258a6966d21b6e37fcbecca0b098835ef318,43,42,All Ongoing Projects,6,pdfplumber_table,twelve_month_gate2:0.1.0,"pdf_page_index=43,table_index=logical8,row_index=1"
OBS-202509-00027,2025-09,27,TIKAK EXTENSION OCP,MIS MoCoal Integration Logins,615820,-,-,Assam,07/2022,07/2022,07/2031,-,159.77,159.77,81.47,0,"TIKAK EXTENSION OCP
(MIS MoCoal Integration Logins)
(615820)","07/2022
(07/2022)","07/2031
(-)","159.77
(159.77)",SRC-2025-09,520f100f2752c07c7d8e1180cce2258a6966d21b6e37fcbecca0b098835ef318,43,42,All Ongoing Projects,6,pdfplumber_table,twelve_month_gate2:0.1.0,"pdf_page_index=43,table_index=logical8,row_index=5"
OBS-202509-00028,2025-09,28,TIRAP OCP,MIS MoCoal Integration Logins,615821,-,-,Assam,11/2022,11/2022,11/2030,-,289.46,289.46,105.6,3,"TIRAP OCP
(MIS MoCoal Integration Logins)
(615821)","11/2022
(11/2022)","11/2030
(-)","289.46
(289.46)",SRC-2025-09,520f100f2752c07c7d8e1180cce2258a6966d21b6e37fcbecca0b098835ef318,43,42,All Ongoing Projects,6,pdfplumber_table,twelve_month_gate2:0.1.0,"pdf_page_index=43,table_index=logical8,row_index=6"
OBS-202509-00029,2025-09,29,PORDA CHIMTAPANI OCP [10 MTY],South Eastern Coalfields Limited [SECL],400144,-,-,Chhattisgarh,12/2020,12/2020,03/2029,-,2310.12,2310.12,85.77,10,"PORDA CHIMTAPANI OCP [10 MTY]
(South Eastern Coalfields Limited [SECL])
(400144)","12/2020
(12/2020)","03/2029
(-)","2310.12
(2310.12)",SRC-2025-09,520f100f2752c07c7d8e1180cce2258a6966d21b6e37fcbecca0b098835ef318,43,42,All Ongoing Projects,6,pdfplumber_table,twelve_month_gate2:0.1.0,"pdf_page_index=43,table_index=logical8,row_index=7"
OBS-202509-00030,2025-09,30,CHHAL OC SEAM III [6 MTY],South Eastern Coalfields Limited [SECL],400145,-,-,Chhattisgarh,12/2013,12/2013,03/2022,10/2025,610.63,610.63,579.82,85,"CHHAL OC SEAM III [6 MTY]
(South Eastern Coalfields Limited [SECL])
(400145)","12/2013
(12/2013)","03/2022
(10/2025)","610.63
(610.63)",SRC-2025-09,520f100f2752c07c7d8e1180cce2258a6966d21b6e37fcbecca0b098835ef318,43,42,All Ongoing Projects,6,pdfplumber_table,twelve_month_gate2:0.1.0,"pdf_page_index=43,table_index=logical8,row_index=8"
OBS-202509-00031,2025-09,31,KUSMUNDA OC EXPANSION [15 TO 50 MTY],South Eastern Coalfields Limited [SECL],400147,-,-,Chhattisgarh,08/2013,08/2013,03/2023,03/2030,7612.33,7612.33,4697.95,81,"KUSMUNDA OC EXPANSION [15 TO 50 MTY]
(South Eastern Coalfields Limited [SECL])
(400147)","08/2013
(08/2013)","03/2023
(03/2030)","7612.33
(7612.33)",SRC-2025-09,520f100f2752c07c7d8e1180cce2258a6966d21b6e37fcbecca0b098835ef318,43,42,All Ongoing Projects,6,pdfplumber_table,twelve_month_gate2:0.1.0,"pdf_page_index=43,table_index=logical8,row_index=9"
OBS-202509-00032,2025-09,32,BAROUD OC EXPANSION [3.0-10.0M,South Eastern Coalfields Limited [SECL],400149,-,-,Chhattisgarh,08/2020,08/2020,03/2029,-,2309.8,2309.8,935.64,50,"BAROUD OC EXPANSION [3.0-10.0M
(South Eastern Coalfields Limited [SECL])
(400149)","08/2020
(08/2020)","03/2029
(-)","2309.8
(2309.8)",SRC-2025-09,520f100f2752c07c7d8e1180cce2258a6966d21b6e37fcbecca0b098835ef318,43,42,All Ongoing Projects,6,pdfplumber_table,twelve_month_gate2:0.1.0,"pdf_page_index=43,table_index=logical8,row_index=10"
OBS-202509-00033,2025-09,33,DIPKA EXPANSION OCP [40 MTY],South Eastern Coalfields Limited [SECL],400354,-,-,Chhattisgarh,12/2020,12/2020,03/2029,-,5241.4,5241.4,2830.43,37,"DIPKA EXPANSION OCP [40 MTY]
(South Eastern Coalfields Limited [SECL])
(400354)","12/2020
(12/2020)","03/2029
(-)","5241.4
(5241.4)",SRC-2025-09,520f100f2752c07c7d8e1180cce2258a6966d21b6e37fcbecca0b098835ef318,43,42,All Ongoing Projects,6,pdfplumber_table,twelve_month_gate2:0.1.0,"pdf_page_index=43,table_index=logical8,row_index=11"
OBS-202509-00034,2025-09,34,GEVRA OC [70 MTY],South Eastern Coalfields Limited [SECL],400424,-,-,Chhattisgarh,03/2016,03/2016,03/2023,03/2026,11816.4,11816.4,6677.26,78,"GEVRA OC [70 MTY]
(South Eastern Coalfields Limited [SECL])
(400424)","03/2016
(03/2016)","03/2023
(03/2026)","11816.4
(11816.4)",SRC-2025-09,520f100f2752c07c7d8e1180cce2258a6966d21b6e37fcbecca0b098835ef318,43,42,All Ongoing Projects,6,pdfplumber_table,twelve_month_gate2:0.1.0,"pdf_page_index=43,table_index=logical8,row_index=12"
OBS-202509-00035,2025-09,35,JAMPALI OC RCE [2.0 MTY],South Eastern Coalfields Limited [SECL],613795,-,-,Chhattisgarh,05/2020,05/2020,03/2025,06/2025,278.64,278.64,210.07,82,"JAMPALI OC RCE [2.0 MTY]
(South Eastern Coalfields Limited [SECL])
(613795)","05/2020
(05/2020)","03/2025
(06/2025)","278.64
(278.64)",SRC-2025-09,520f100f2752c07c7d8e1180cce2258a6966d21b6e37fcbecca0b098835ef318,43,42,All Ongoing Projects,6,pdfplumber_table,twelve_month_gate2:0.1.0,"pdf_page_index=43,table_index=logical8,row_index=13"
OBS-202509-00036,2025-09,36,AMERA OC RCE [1.0 MTY],South Eastern Coalfields Limited [SECL],613798,-,-,Chhattisgarh,02/2015,02/2015,03/2026,-,335.97,335.97,88.24,42,"AMERA OC RCE [1.0 MTY]
(South Eastern Coalfields Limited [SECL])
(613798)","02/2015
(02/2015)","03/2026
(-)","335.97
(335.97)",SRC-2025-09,520f100f2752c07c7d8e1180cce2258a6966d21b6e37fcbecca0b098835ef318,43,42,All Ongoing Projects,6,pdfplumber_table,twelve_month_gate2:0.1.0,"pdf_page_index=43,table_index=logical8,row_index=14"
OBS-202509-00037,2025-09,37,AMGAON OC RCE [1.0 MTY],South Eastern Coalfields Limited [SECL],613799,-,-,Chhattisgarh,07/2015,07/2015,03/2026,-,316.11,316.11,188.6,78,"AMGAON OC RCE [1.0 MTY]
(South Eastern Coalfields Limited [SECL])
(613799)","07/2015
(07/2015)","03/2026
(-)","316.11
(316.11)",SRC-2025-09,520f100f2752c07c7d8e1180cce2258a6966d21b6e37fcbecca0b098835ef318,43,42,All Ongoing Projects,6,pdfplumber_table,twelve_month_gate2:0.1.0,"pdf_page_index=43,table_index=logical8,row_index=15"
OBS-202509-00038,2025-09,38,JAGANNATHPUR OC RCE PROJECT,South Eastern Coalfields Limited [SECL],613800,-,-,Chhattisgarh,07/2016,07/2016,03/2025,03/2026,459.49,459.49,274.35,96,"JAGANNATHPUR OC RCE PROJECT
(South Eastern Coalfields Limited [SECL])
(613800)","07/2016
(07/2016)","03/2025
(03/2026)","459.49
(459.49)",SRC-2025-09,520f100f2752c07c7d8e1180cce2258a6966d21b6e37fcbecca0b098835ef318,43,42,All Ongoing Projects,6,pdfplumber_table,twelve_month_gate2:0.1.0,"pdf_page_index=43,table_index=logical8,row_index=16"
OBS-202509-00039,2025-09,39,MAHAMAYA OCP [1.50 MTY],South Eastern Coalfields Limited [SECL],613801,-,-,Chhattisgarh,05/2018,05/2018,03/2026,-,410.26,410.26,181.59,54,"MAHAMAYA OCP [1.50 MTY]
(South Eastern Coalfields Limited [SECL])
(613801)","05/2018
(05/2018)","03/2026
(-)","410.26
(410.26)",SRC-2025-09,520f100f2752c07c7d8e1180cce2258a6966d21b6e37fcbecca0b098835ef318,43,42,All Ongoing Projects,6,pdfplumber_table,twelve_month_gate2:0.1.0,"pdf_page_index=43,table_index=logical8,row_index=17"
OBS-202509-00040,2025-09,40,KATKONA RO UG MINE,South Eastern Coalfields Limited [SECL],615191,-,-,Chhattisgarh,01/2023,01/2023,03/2029,-,329.21,329.21,60.81,2,"KATKONA RO UG MINE
(South Eastern Coalfields Limited [SECL])
(615191)","01/2023
(01/2023)","03/2029
(-)","329.21
(329.21)",SRC-2025-09,520f100f2752c07c7d8e1180cce2258a6966d21b6e37fcbecca0b098835ef318,43,42,All Ongoing Projects,6,pdfplumber_table,twelve_month_gate2:0.1.0,"pdf_page_index=43,table_index=logical8,row_index=18"
OBS-202509-00041,2025-09,41,PELMA OC MDO,South Eastern Coalfields Limited [SECL],616234,-,-,Chhattisgarh,10/2022,10/2022,03/2033,-,1725.04,1725.04,15.66,40,"PELMA OC MDO
(South Eastern Coalfields Limited [SECL])
(616234)","10/2022
(10/2022)","03/2033
(-)","1725.04
(1725.04)",SRC-2025-09,520f100f2752c07c7d8e1180cce2258a6966d21b6e37fcbecca0b098835ef318,43,42,All Ongoing Projects,6,pdfplumber_table,twelve_month_gate2:0.1.0,"pdf_page_index=43,table_index=logical8,row_index=19"
OBS-202509-00042,2025-09,42,KUSMUNDA OC EXPANSION PROJECT,SECL - CIL,617287,-,-,Chhattisgarh,11/2024,11/2024,03/2030,-,4516.88,4516.88,774.91,21,"KUSMUNDA OC EXPANSION PROJECT
(SECL - CIL)
(617287)","11/2024
(11/2024)","03/2030
(-)","4516.88
(4516.88)",SRC-2025-09,520f100f2752c07c7d8e1180cce2258a6966d21b6e37fcbecca0b098835ef318,43,42,All Ongoing Projects,6,pdfplumber_table,twelve_month_gate2:0.1.0,"pdf_page_index=43,table_index=logical8,row_index=20"
OBS-202509-00043,2025-09,43,MANIKPUR OC EXPANSION PROJECT,South Eastern Coalfields Limited [SECL],617288,-,-,Chhattisgarh,01/2025,01/2025,03/2029,-,382.61,382.61,112.87,21,"MANIKPUR OC EXPANSION PROJECT
(South Eastern Coalfields Limited [SECL])
(617288)","01/2025
(01/2025)","03/2029
(-)","382.61
(382.61)",SRC-2025-09,520f100f2752c07c7d8e1180cce2258a6966d21b6e37fcbecca0b098835ef318,43,42,All Ongoing Projects,6,pdfplumber_table,twelve_month_gate2:0.1.0,"pdf_page_index=43,table_index=logical8,row_index=21"
OBS-202509-00044,2025-09,44,DIPKA OC,SECL - CIL,612838,-,-,Gujarat,NA,01/2017,03/2025,-,7580,7580,3091,65,"DIPKA OC
(SECL - CIL)
(612838)","NA
(01/2017)","03/2025
(-)","7580
(7580)",SRC-2025-09,520f100f2752c07c7d8e1180cce2258a6966d21b6e37fcbecca0b098835ef318,43,42,All Ongoing Projects,6,pdfplumber_table,twelve_month_gate2:0.1.0,"pdf_page_index=43,table_index=logical8,row_index=22"
OBS-202509-00045,2025-09,45,HURA C OCP,ECL - CIL,400018,-,-,Jharkhand,08/2022,08/2022,03/2029,-,859.41,859.41,451.61,62,"HURA C OCP
(ECL - CIL)
(400018)","08/2022
(08/2022)","03/2029
(-)","859.41
(859.41)",SRC-2025-09,520f100f2752c07c7d8e1180cce2258a6966d21b6e37fcbecca0b098835ef318,43,42,All Ongoing Projects,6,pdfplumber_table,twelve_month_gate2:0.1.0,"pdf_page_index=43,table_index=logical8,row_index=23"
OBS-202509-00046,2025-09,46,KONAR EXPANSION OCP,Ministry of Coal,400073,-,-,Jharkhand,01/2022,01/2022,03/2032,-,799.34,799.34,429.42,45,"KONAR EXPANSION OCP
(Ministry of Coal)
(400073)","01/2022
(01/2022)","03/2032
(-)","799.34
(799.34)",SRC-2025-09,520f100f2752c07c7d8e1180cce2258a6966d21b6e37fcbecca0b098835ef318,43,42,All Ongoing Projects,6,pdfplumber_table,twelve_month_gate2:0.1.0,"pdf_page_index=43,table_index=logical8,row_index=24"
OBS-202509-00047,2025-09,47,KARO EXPANSION OCP,Ministry of Coal,400074,-,-,Jharkhand,01/2022,01/2022,03/2029,-,908.47,908.47,269.18,22,"KARO EXPANSION OCP
(Ministry of Coal)
(400074)","01/2022
(01/2022)","03/2029
(-)","908.47
(908.47)",SRC-2025-09,520f100f2752c07c7d8e1180cce2258a6966d21b6e37fcbecca0b098835ef318,43,42,All Ongoing Projects,6,pdfplumber_table,twelve_month_gate2:0.1.0,"pdf_page_index=43,table_index=logical8,row_index=25"
OBS-202509-00048,2025-09,48,SANGHMITRA OC,Ministry of Coal,400136,-,-,Jharkhand,03/2024,03/2027,03/2032,-,2660,2660,0,0,"SANGHMITRA OC
(Ministry of Coal)
(400136)","03/2024
(03/2027)","03/2032
(-)","2660
(2660)",SRC-2025-09,520f100f2752c07c7d8e1180cce2258a6966d21b6e37fcbecca0b098835ef318,43,42,All Ongoing Projects,6,pdfplumber_table,twelve_month_gate2:0.1.0,"pdf_page_index=43,table_index=logical8,row_index=26"
OBS-202509-00049,2025-09,49,CHANDRAGUPT OCP,Ministry of Coal,400138,-,-,Jharkhand,08/2020,08/2020,03/2032,-,973.5,973.5,440.56,24,"CHANDRAGUPT OCP
(Ministry of Coal)
(400138)","08/2020
(08/2020)","03/2032
(-)","973.5
(973.5)",SRC-2025-09,520f100f2752c07c7d8e1180cce2258a6966d21b6e37fcbecca0b098835ef318,43,42,All Ongoing Projects,6,pdfplumber_table,twelve_month_gate2:0.1.0,"pdf_page_index=43,table_index=logical8,row_index=27"
OBS-202509-00050,2025-09,50,KOTRE BASANTPUR PACHMO OCP,Ministry of Coal,400139,-,-,Jharkhand,08/2020,08/2020,03/2032,-,861.06,625.4,455.95,42,"KOTRE BASANTPUR PACHMO OCP
(Ministry of Coal)
(400139)","08/2020
(08/2020)","03/2032
(-)","861.06
(625.4)",SRC-2025-09,520f100f2752c07c7d8e1180cce2258a6966d21b6e37fcbecca0b098835ef318,43,42,All Ongoing Projects,6,pdfplumber_table,twelve_month_gate2:0.1.0,"pdf_page_index=43,table_index=logical8,row_index=28"
OBS-202509-00051,2025-09,51,Pachwara South Coal Block,NLC India Limited [NLCIL],400142,-,-,Jharkhand,03/2016,11/2019,09/2028,-,2242.9,2242.9,1186.18,74,"Pachwara South Coal Block
(NLC India Limited [NLCIL])
(400142)","03/2016
(11/2019)","09/2028
(-)","2242.9
(2242.9)",SRC-2025-09,520f100f2752c07c7d8e1180cce2258a6966d21b6e37fcbecca0b098835ef318,43,42,All Ongoing Projects,6,pdfplumber_table,twelve_month_gate2:0.1.0,"pdf_page_index=43,table_index=logical8,row_index=29"
OBS-202509-00052,2025-09,52,RPR MAGADH EXP OCP,Ministry of Coal,400150,-,-,Jharkhand,08/2020,08/2020,03/2028,-,7254.37,7254.37,1548.41,38,"RPR MAGADH EXP OCP
(Ministry of Coal)
(400150)","08/2020
(08/2020)","03/2028
(-)","7254.37
(7254.37)",SRC-2025-09,520f100f2752c07c7d8e1180cce2258a6966d21b6e37fcbecca0b098835ef318,43,42,All Ongoing Projects,6,pdfplumber_table,twelve_month_gate2:0.1.0,"pdf_page_index=43,table_index=logical8,row_index=30"
OBS-202509-00053,2025-09,53,NORTH URIMARI EXPANSION OCP,Ministry of Coal,400151,-,-,Jharkhand,07/2021,07/2021,03/2029,-,778.8,778.8,696.05,67,"NORTH URIMARI EXPANSION OCP
(Ministry of Coal)
(400151)","07/2021
(07/2021)","03/2029
(-)","778.8
(778.8)",SRC-2025-09,520f100f2752c07c7d8e1180cce2258a6966d21b6e37fcbecca0b098835ef318,43,42,All Ongoing Projects,6,pdfplumber_table,twelve_month_gate2:0.1.0,"pdf_page_index=43,table_index=logical8,row_index=31"
OBS-202509-00054,2025-09,54,EPR ROHINI - KARKETTA OCP,Central Coalfields Limited [CCL],400153,-,-,Jharkhand,01/2021,01/2021,03/2028,-,1020.42,1020.42,83.95,20,"EPR ROHINI - KARKETTA OCP
(Central Coalfields Limited [CCL])
(400153)","01/2021
(01/2021)","03/2028
(-)","1020.42
(1020.42)",SRC-2025-09,520f100f2752c07c7d8e1180cce2258a6966d21b6e37fcbecca0b098835ef318,43,42,All Ongoing Projects,6,pdfplumber_table,twelve_month_gate2:0.1.0,"pdf_page_index=43,table_index=logical8,row_index=32"
OBS-202509-00055,2025-09,55,EPR PUNDI OCP,Ministry of Coal,400154,-,-,Jharkhand,11/2020,11/2020,03/2027,-,713.35,713.35,236.58,10,"EPR PUNDI OCP
(Ministry of Coal)
(400154)","11/2020
(11/2020)","03/2027
(-)","713.35
(713.35)",SRC-2025-09,520f100f2752c07c7d8e1180cce2258a6966d21b6e37fcbecca0b098835ef318,44,43,All Ongoing Projects,6,pdfplumber_table,twelve_month_gate2:0.1.0,"pdf_page_index=44,table_index=logical8,row_index=1"
OBS-202509-00056,2025-09,56,EPR ASHOK OC,Ministry of Coal,400155,-,-,Jharkhand,05/2021,05/2021,03/2031,-,2898.28,2898.28,179.7,24,"EPR ASHOK OC
(Ministry of Coal)
(400155)","05/2021
(05/2021)","03/2031
(-)","2898.28
(2898.28)",SRC-2025-09,520f100f2752c07c7d8e1180cce2258a6966d21b6e37fcbecca0b098835ef318,44,43,All Ongoing Projects,6,pdfplumber_table,twelve_month_gate2:0.1.0,"pdf_page_index=44,table_index=logical8,row_index=2"
OBS-202509-00057,2025-09,57,EPR AMRAPALI OCP,Ministry of Coal,400156,-,-,Jharkhand,02/2020,02/2020,03/2028,-,5136.15,5136.15,1159.17,42,"EPR AMRAPALI OCP
(Ministry of Coal)
(400156)","02/2020
(02/2020)","03/2028
(-)","5136.15
(5136.15)",SRC-2025-09,520f100f2752c07c7d8e1180cce2258a6966d21b6e37fcbecca0b098835ef318,44,43,All Ongoing Projects,6,pdfplumber_table,twelve_month_gate2:0.1.0,"pdf_page_index=44,table_index=logical8,row_index=3"
OBS-202509-00058,2025-09,58,RAJRAPPA RCE OCP,Ministry of Coal,400160,-,-,Jharkhand,12/2009,12/2009,03/2016,03/2027,510.85,510.85,488.67,76,"RAJRAPPA RCE OCP
(Ministry of Coal)
(400160)","12/2009
(12/2009)","03/2016
(03/2027)","510.85
(510.85)",SRC-2025-09,520f100f2752c07c7d8e1180cce2258a6966d21b6e37fcbecca0b098835ef318,44,43,All Ongoing Projects,6,pdfplumber_table,twelve_month_gate2:0.1.0,"pdf_page_index=44,table_index=logical8,row_index=4"
OBS-202509-00059,2025-09,59,CHITRA EAST OC,Eastern Coal Fields Limited [ECL],400172,-,-,Jharkhand,08/2018,08/2018,03/2026,-,513.99,513.99,229.01,51,"CHITRA EAST OC
(Eastern Coal Fields Limited [ECL])
(400172)","08/2018
(08/2018)","03/2026
(-)","513.99
(513.99)",SRC-2025-09,520f100f2752c07c7d8e1180cce2258a6966d21b6e37fcbecca0b098835ef318,44,43,All Ongoing Projects,6,pdfplumber_table,twelve_month_gate2:0.1.0,"pdf_page_index=44,table_index=logical8,row_index=5"
OBS-202509-00060,2025-09,60,JHARKHAND-LAIYO OCP,Ministry of Coal,400352,-,-,Jharkhand,08/2020,08/2020,03/2031,-,764.57,764.57,145.81,29,"JHARKHAND-LAIYO OCP
(Ministry of Coal)
(400352)","08/2020
(08/2020)","03/2031
(-)","764.57
(764.57)",SRC-2025-09,520f100f2752c07c7d8e1180cce2258a6966d21b6e37fcbecca0b098835ef318,44,43,All Ongoing Projects,6,pdfplumber_table,twelve_month_gate2:0.1.0,"pdf_page_index=44,table_index=logical8,row_index=6"
OBS-202509-00061,2025-09,61,MOONIDIH XV SEAM UG,Ministry of Coal,400425,-,-,Jharkhand,08/2011,08/2011,03/2019,05/2026,1230.27,1230.27,629.58,81,"MOONIDIH XV SEAM UG
(Ministry of Coal)
(400425)","08/2011
(08/2011)","03/2019
(05/2026)","1230.27
(1230.27)",SRC-2025-09,520f100f2752c07c7d8e1180cce2258a6966d21b6e37fcbecca0b098835ef318,44,43,All Ongoing Projects,6,pdfplumber_table,twelve_month_gate2:0.1.0,"pdf_page_index=44,table_index=logical8,row_index=7"
OBS-202509-00062,2025-09,62,2.5 MTPA PATHERDIH NLW WASHERY,Ministry of Coal,611017,-,-,Jharkhand,10/2015,04/2016,04/2018,03/2026,334.27,334.27,142.64,48,"2.5 MTPA PATHERDIH NLW WASHERY
(Ministry of Coal)
(611017)","10/2015
(04/2016)","04/2018
(03/2026)","334.27
(334.27)",SRC-2025-09,520f100f2752c07c7d8e1180cce2258a6966d21b6e37fcbecca0b098835ef318,44,43,All Ongoing Projects,6,pdfplumber_table,twelve_month_gate2:0.1.0,"pdf_page_index=44,table_index=logical8,row_index=8"
OBS-202509-00063,2025-09,63,AMALAGAMATED NTST KUJAMA OCP 8.5MTY,Ministry of Coal,611864,-,-,Jharkhand,01/2023,01/2023,03/2030,-,4011.85,4011.85,404.49,28,"AMALAGAMATED NTST KUJAMA OCP 8.5MTY
(Ministry of Coal)
(611864)","01/2023
(01/2023)","03/2030
(-)","4011.85
(4011.85)",SRC-2025-09,520f100f2752c07c7d8e1180cce2258a6966d21b6e37fcbecca0b098835ef318,44,43,All Ongoing Projects,6,pdfplumber_table,twelve_month_gate2:0.1.0,"pdf_page_index=44,table_index=logical8,row_index=9"
OBS-202509-00064,2025-09,64,MURAIDIH UG PROJECT,Ministry of Coal,613808,-,-,Jharkhand,02/2011,02/2011,04/2014,12/2026,339.87,339.87,191,70,"MURAIDIH UG PROJECT
(Ministry of Coal)
(613808)","02/2011
(02/2011)","04/2014
(12/2026)","339.87
(339.87)",SRC-2025-09,520f100f2752c07c7d8e1180cce2258a6966d21b6e37fcbecca0b098835ef318,44,43,All Ongoing Projects,6,pdfplumber_table,twelve_month_gate2:0.1.0,"pdf_page_index=44,table_index=logical8,row_index=10"
OBS-202509-00065,2025-09,65,TAPIN SOUTH EXPN,Ministry of Coal,615349,-,-,Jharkhand,11/2020,11/2020,03/2028,-,230.41,230.41,22.02,20,"TAPIN SOUTH EXPN
(Ministry of Coal)
(615349)","11/2020
(11/2020)","03/2028
(-)","230.41
(230.41)",SRC-2025-09,520f100f2752c07c7d8e1180cce2258a6966d21b6e37fcbecca0b098835ef318,44,43,All Ongoing Projects,6,pdfplumber_table,twelve_month_gate2:0.1.0,"pdf_page_index=44,table_index=logical8,row_index=11"
OBS-202509-00066,2025-09,66,SIRKA OC,Ministry of Coal,615822,-,-,Jharkhand,05/2020,05/2020,03/2028,-,222.82,222.82,140.58,53,"SIRKA OC
(Ministry of Coal)
(615822)","05/2020
(05/2020)","03/2028
(-)","222.82
(222.82)",SRC-2025-09,520f100f2752c07c7d8e1180cce2258a6966d21b6e37fcbecca0b098835ef318,44,43,All Ongoing Projects,6,pdfplumber_table,twelve_month_gate2:0.1.0,"pdf_page_index=44,table_index=logical8,row_index=12"
OBS-202509-00067,2025-09,67,TETARIAKHAR OC,Ministry of Coal,615843,-,-,Jharkhand,11/2019,11/2019,03/2025,03/2027,243.52,243.52,44.64,29,"TETARIAKHAR OC
(Ministry of Coal)
(615843)","11/2019
(11/2019)","03/2025
(03/2027)","243.52
(243.52)",SRC-2025-09,520f100f2752c07c7d8e1180cce2258a6966d21b6e37fcbecca0b098835ef318,44,43,All Ongoing Projects,6,pdfplumber_table,twelve_month_gate2:0.1.0,"pdf_page_index=44,table_index=logical8,row_index=13"
OBS-202509-00068,2025-09,68,CHUPERBHITA SIMLONG OCP MDO 6 MTY,Eastern Coal Fields Limited [ECL],616225,-,-,Jharkhand,12/2023,12/2023,03/2037,-,979.08,979.08,0,0,"CHUPERBHITA SIMLONG OCP MDO 6 MTY
(Eastern Coal Fields Limited [ECL])
(616225)","12/2023
(12/2023)","03/2037
(-)","979.08
(979.08)",SRC-2025-09,520f100f2752c07c7d8e1180cce2258a6966d21b6e37fcbecca0b098835ef318,44,43,All Ongoing Projects,6,pdfplumber_table,twelve_month_gate2:0.1.0,"pdf_page_index=44,table_index=logical8,row_index=14"
OBS-202509-00069,2025-09,69,JARANGDIH EXPN. OCP 1.5 MTY,CCL - CIL,616236,-,-,Jharkhand,02/2020,02/2020,03/2029,-,414.37,414.37,85.6,32,"JARANGDIH EXPN. OCP 1.5 MTY
(CCL - CIL)
(616236)","02/2020
(02/2020)","03/2029
(-)","414.37
(414.37)",SRC-2025-09,520f100f2752c07c7d8e1180cce2258a6966d21b6e37fcbecca0b098835ef318,44,43,All Ongoing Projects,6,pdfplumber_table,twelve_month_gate2:0.1.0,"pdf_page_index=44,table_index=logical8,row_index=15"
OBS-202509-00070,2025-09,70,BLOCK E OCP,Ministry of Coal,616253,-,-,Jharkhand,03/2024,03/2024,03/2029,-,5850.83,5850.83,20.32,3,"BLOCK E OCP
(Ministry of Coal)
(616253)","03/2024
(03/2024)","03/2029
(-)","5850.83
(5850.83)",SRC-2025-09,520f100f2752c07c7d8e1180cce2258a6966d21b6e37fcbecca0b098835ef318,44,43,All Ongoing Projects,6,pdfplumber_table,twelve_month_gate2:0.1.0,"pdf_page_index=44,table_index=logical8,row_index=16"
OBS-202509-00071,2025-09,71,"Revised Jharia Master Plan for Dealing with Fire, Subsidence & Rehabilitation of
affected families in Jharia Coalfield- Reg.",Bharat Coking Coal Limited (BCCL),617416,-,-,Jharkhand,06/2025,07/2025,12/2028,-,5940.47,5940.47,0,6,"Revised Jharia Master Plan for Dealing with Fire, Subsidence & Rehabilitation of
affected families in Jharia Coalfield- Reg.
(Bharat Coking Coal Limited (BCCL))
(617416)","06/2025
(07/2025)","12/2028
(-)","5940.47
(5940.47)",SRC-2025-09,520f100f2752c07c7d8e1180cce2258a6966d21b6e37fcbecca0b098835ef318,44,43,All Ongoing Projects,6,pdfplumber_table,twelve_month_gate2:0.1.0,"pdf_page_index=44,table_index=logical8,row_index=17"
OBS-202509-00072,2025-09,72,AMADAND OCP[4.0MTY],Ministry of Coal,400148,-,-,Madhya Pradesh,03/2016,03/2016,03/2021,03/2027,869.44,869.44,275.35,75,"AMADAND OCP[4.0MTY]
(Ministry of Coal)
(400148)","03/2016
(03/2016)","03/2021
(03/2027)","869.44
(869.44)",SRC-2025-09,520f100f2752c07c7d8e1180cce2258a6966d21b6e37fcbecca0b098835ef318,44,43,All Ongoing Projects,6,pdfplumber_table,twelve_month_gate2:0.1.0,"pdf_page_index=44,table_index=logical8,row_index=18"
OBS-202509-00073,2025-09,73,RAMPUR BATURA OCP [4.0MTY],South Eastern Coalfields Limited [SECL],400152,-,-,Madhya Pradesh,07/2019,07/2019,03/2026,-,1248.93,1248.93,495.4,44,"RAMPUR BATURA OCP [4.0MTY]
(South Eastern Coalfields Limited [SECL])
(400152)","07/2019
(07/2019)","03/2026
(-)","1248.93
(1248.93)",SRC-2025-09,520f100f2752c07c7d8e1180cce2258a6966d21b6e37fcbecca0b098835ef318,44,43,All Ongoing Projects,6,pdfplumber_table,twelve_month_gate2:0.1.0,"pdf_page_index=44,table_index=logical8,row_index=19"
OBS-202509-00074,2025-09,74,BLOCK B EXPANSION [3.5 TO 8.0,Northern Coalfields Limited [NCL],400162,-,-,Madhya Pradesh,07/2019,07/2019,03/2023,03/2027,998.71,998.71,468.13,47,"BLOCK B EXPANSION [3.5 TO 8.0
(Northern Coalfields Limited [NCL])
(400162)","07/2019
(07/2019)","03/2023
(03/2027)","998.71
(998.71)",SRC-2025-09,520f100f2752c07c7d8e1180cce2258a6966d21b6e37fcbecca0b098835ef318,44,43,All Ongoing Projects,6,pdfplumber_table,twelve_month_gate2:0.1.0,"pdf_page_index=44,table_index=logical8,row_index=20"
OBS-202509-00075,2025-09,75,NIGAHI EXPANSION [15 TO 25 MTP,Northern Coalfields Limited [NCL],400321,-,-,Madhya Pradesh,11/2020,11/2020,03/2025,03/2028,1729.68,1729.68,827.47,47,"NIGAHI EXPANSION [15 TO 25 MTP
(Northern Coalfields Limited [NCL])
(400321)","11/2020
(11/2020)","03/2025
(03/2028)","1729.68
(1729.68)",SRC-2025-09,520f100f2752c07c7d8e1180cce2258a6966d21b6e37fcbecca0b098835ef318,44,43,All Ongoing Projects,6,pdfplumber_table,twelve_month_gate2:0.1.0,"pdf_page_index=44,table_index=logical8,row_index=21"
OBS-202509-00076,2025-09,76,KANCHAN OC EXP,South Eastern Coalfields Limited [SECL],613802,-,-,Madhya Pradesh,12/2014,12/2014,03/2026,-,371.04,371.04,144.61,58,"KANCHAN OC EXP
(South Eastern Coalfields Limited [SECL])
(613802)","12/2014
(12/2014)","03/2026
(-)","371.04
(371.04)",SRC-2025-09,520f100f2752c07c7d8e1180cce2258a6966d21b6e37fcbecca0b098835ef318,44,43,All Ongoing Projects,6,pdfplumber_table,twelve_month_gate2:0.1.0,"pdf_page_index=44,table_index=logical8,row_index=22"
OBS-202509-00077,2025-09,77,JHIRIA WEST OCP [1.5 MTY],South Eastern Coalfields Limited [SECL],613803,-,-,Madhya Pradesh,01/2024,01/2024,03/2029,-,366.94,366.94,34.06,41,"JHIRIA WEST OCP [1.5 MTY]
(South Eastern Coalfields Limited [SECL])
(613803)","01/2024
(01/2024)","03/2029
(-)","366.94
(366.94)",SRC-2025-09,520f100f2752c07c7d8e1180cce2258a6966d21b6e37fcbecca0b098835ef318,44,43,All Ongoing Projects,6,pdfplumber_table,twelve_month_gate2:0.1.0,"pdf_page_index=44,table_index=logical8,row_index=23"
OBS-202509-00078,2025-09,78,RPR TAWA-III UG 0.84 MTY,Western Coalfields Limited [WCL],613804,-,-,Madhya Pradesh,12/2021,12/2021,03/2027,-,314.09,314.09,5.87,17,"RPR TAWA-III UG 0.84 MTY
(Western Coalfields Limited [WCL])
(613804)","12/2021
(12/2021)","03/2027
(-)","314.09
(314.09)",SRC-2025-09,520f100f2752c07c7d8e1180cce2258a6966d21b6e37fcbecca0b098835ef318,44,43,All Ongoing Projects,6,pdfplumber_table,twelve_month_gate2:0.1.0,"pdf_page_index=44,table_index=logical8,row_index=24"
OBS-202509-00079,2025-09,79,AMALGAMATED DHANKASA & JAMUNIA,Western Coalfields Limited [WCL],615185,-,-,Madhya Pradesh,09/2022,09/2022,03/2027,-,399.2,399.2,92.44,66,"AMALGAMATED DHANKASA & JAMUNIA
(Western Coalfields Limited [WCL])
(615185)","09/2022
(09/2022)","03/2027
(-)","399.2
(399.2)",SRC-2025-09,520f100f2752c07c7d8e1180cce2258a6966d21b6e37fcbecca0b098835ef318,44,43,All Ongoing Projects,6,pdfplumber_table,twelve_month_gate2:0.1.0,"pdf_page_index=44,table_index=logical8,row_index=25"
OBS-202509-00080,2025-09,80,RPR OF VISHNUPURI UG TO OC,Western Coalfields Limited [WCL],615187,-,-,Madhya Pradesh,11/2022,11/2022,03/2029,-,220.62,220.62,0,11,"RPR OF VISHNUPURI UG TO OC
(Western Coalfields Limited [WCL])
(615187)","11/2022
(11/2022)","03/2029
(-)","220.62
(220.62)",SRC-2025-09,520f100f2752c07c7d8e1180cce2258a6966d21b6e37fcbecca0b098835ef318,44,43,All Ongoing Projects,6,pdfplumber_table,twelve_month_gate2:0.1.0,"pdf_page_index=44,table_index=logical8,row_index=26"
OBS-202509-00081,2025-09,81,URDHAN EXPANSION OC COST PLUS,Western Coalfields Limited [WCL],615194,-,-,Madhya Pradesh,07/2022,01/2023,03/2031,-,206.88,206.88,27.19,0,"URDHAN EXPANSION OC COST PLUS
(Western Coalfields Limited [WCL])
(615194)","07/2022
(01/2023)","03/2031
(-)","206.88
(206.88)",SRC-2025-09,520f100f2752c07c7d8e1180cce2258a6966d21b6e37fcbecca0b098835ef318,44,43,All Ongoing Projects,6,pdfplumber_table,twelve_month_gate2:0.1.0,"pdf_page_index=44,table_index=logical8,row_index=27"
OBS-202509-00082,2025-09,82,SHARDA UG MINE,Western Coalfields Limited [WCL],615195,-,-,Madhya Pradesh,07/2022,09/2023,03/2028,-,166.25,166.25,4.35,9,"SHARDA UG MINE
(Western Coalfields Limited [WCL])
(615195)","07/2022
(09/2023)","03/2028
(-)","166.25
(166.25)",SRC-2025-09,520f100f2752c07c7d8e1180cce2258a6966d21b6e37fcbecca0b098835ef318,44,43,All Ongoing Projects,6,pdfplumber_table,twelve_month_gate2:0.1.0,"pdf_page_index=44,table_index=logical8,row_index=28"
OBS-202509-00083,2025-09,83,GANDHIGRAM UG MINE,Western Coalfields Limited [WCL],615206,-,-,Madhya Pradesh,08/2019,08/2019,03/2026,-,414.15,414.15,13.38,57,"GANDHIGRAM UG MINE
(Western Coalfields Limited [WCL])
(615206)","08/2019
(08/2019)","03/2026
(-)","414.15
(414.15)",SRC-2025-09,520f100f2752c07c7d8e1180cce2258a6966d21b6e37fcbecca0b098835ef318,44,43,All Ongoing Projects,6,pdfplumber_table,twelve_month_gate2:0.1.0,"pdf_page_index=44,table_index=logical8,row_index=29"
OBS-202509-00084,2025-09,84,BHATADI EXPANSION OC,Western Coalfields Limited [WCL],400033,-,-,Maharashtra,02/2020,05/2022,03/2028,-,580.61,580.61,69.77,28,"BHATADI EXPANSION OC
(Western Coalfields Limited [WCL])
(400033)","02/2020
(05/2022)","03/2028
(-)","580.61
(580.61)",SRC-2025-09,520f100f2752c07c7d8e1180cce2258a6966d21b6e37fcbecca0b098835ef318,44,43,All Ongoing Projects,6,pdfplumber_table,twelve_month_gate2:0.1.0,"pdf_page_index=44,table_index=logical8,row_index=30"
OBS-202509-00085,2025-09,85,AMALGAMATED YEKONA I & YEKONA,Western Coalfields Limited [WCL],400177,-,-,Maharashtra,08/2015,08/2015,03/2025,03/2026,727.28,727.28,538.4,80,"AMALGAMATED YEKONA I & YEKONA
(Western Coalfields Limited [WCL])
(400177)","08/2015
(08/2015)","03/2025
(03/2026)","727.28
(727.28)",SRC-2025-09,520f100f2752c07c7d8e1180cce2258a6966d21b6e37fcbecca0b098835ef318,44,43,All Ongoing Projects,6,pdfplumber_table,twelve_month_gate2:0.1.0,"pdf_page_index=44,table_index=logical8,row_index=31"
OBS-202509-00086,2025-09,86,DINESH[MAKARDHOKRA-III] OC,Western Coalfields Limited [WCL],400178,-,-,Maharashtra,02/2020,02/2020,03/2027,-,822.88,822.88,621.73,35,"DINESH[MAKARDHOKRA-III] OC
(Western Coalfields Limited [WCL])
(400178)","02/2020
(02/2020)","03/2027
(-)","822.88
(822.88)",SRC-2025-09,520f100f2752c07c7d8e1180cce2258a6966d21b6e37fcbecca0b098835ef318,45,44,All Ongoing Projects,6,pdfplumber_table,twelve_month_gate2:0.1.0,"pdf_page_index=45,table_index=logical8,row_index=1"
OBS-202509-00087,2025-09,87,DHUPTALA OC [SASTI UG TO OC ],Western Coalfields Limited [WCL],400353,-,-,Maharashtra,10/2021,10/2021,03/2028,-,711.01,711.01,80.61,17,"DHUPTALA OC [SASTI UG TO OC ]
(Western Coalfields Limited [WCL])
(400353)","10/2021
(10/2021)","03/2028
(-)","711.01
(711.01)",SRC-2025-09,520f100f2752c07c7d8e1180cce2258a6966d21b6e37fcbecca0b098835ef318,45,44,All Ongoing Projects,6,pdfplumber_table,twelve_month_gate2:0.1.0,"pdf_page_index=45,table_index=logical8,row_index=2"
OBS-202509-00088,2025-09,88,SAONER UG MINE -1 EXPANSION 1.,Western Coalfields Limited [WCL],615184,-,-,Maharashtra,01/2022,01/2022,03/2028,-,228.64,228.64,142.4,68,"SAONER UG MINE -1 EXPANSION 1.
(Western Coalfields Limited [WCL])
(615184)","01/2022
(01/2022)","03/2028
(-)","228.64
(228.64)",SRC-2025-09,520f100f2752c07c7d8e1180cce2258a6966d21b6e37fcbecca0b098835ef318,45,44,All Ongoing Projects,6,pdfplumber_table,twelve_month_gate2:0.1.0,"pdf_page_index=45,table_index=logical8,row_index=3"
OBS-202509-00089,2025-09,89,SASTI EXPANSION OPENCAST,Western Coalfields Limited [WCL],615186,-,-,Maharashtra,08/2020,08/2020,03/2026,-,319.04,319.04,90.31,20,"SASTI EXPANSION OPENCAST
(Western Coalfields Limited [WCL])
(615186)","08/2020
(08/2020)","03/2026
(-)","319.04
(319.04)",SRC-2025-09,520f100f2752c07c7d8e1180cce2258a6966d21b6e37fcbecca0b098835ef318,45,44,All Ongoing Projects,6,pdfplumber_table,twelve_month_gate2:0.1.0,"pdf_page_index=45,table_index=logical8,row_index=4"
OBS-202509-00090,2025-09,90,NEW MAJRI UG TO OC 3 MTY COST,Western Coalfields Limited [WCL],615188,-,-,Maharashtra,05/2019,09/2022,03/2027,-,402.27,402.27,55.44,24,"NEW MAJRI UG TO OC 3 MTY COST
(Western Coalfields Limited [WCL])
(615188)","05/2019
(09/2022)","03/2027
(-)","402.27
(402.27)",SRC-2025-09,520f100f2752c07c7d8e1180cce2258a6966d21b6e37fcbecca0b098835ef318,45,44,All Ongoing Projects,6,pdfplumber_table,twelve_month_gate2:0.1.0,"pdf_page_index=45,table_index=logical8,row_index=5"
OBS-202509-00091,2025-09,91,MAKARDHOKRA EXPN OC 4.9 MTY,Western Coalfields Limited [WCL],615189,-,-,Maharashtra,06/2022,06/2022,03/2026,-,361.87,361.87,70.22,11,"MAKARDHOKRA EXPN OC 4.9 MTY
(Western Coalfields Limited [WCL])
(615189)","06/2022
(06/2022)","03/2026
(-)","361.87
(361.87)",SRC-2025-09,520f100f2752c07c7d8e1180cce2258a6966d21b6e37fcbecca0b098835ef318,45,44,All Ongoing Projects,6,pdfplumber_table,twelve_month_gate2:0.1.0,"pdf_page_index=45,table_index=logical8,row_index=6"
OBS-202509-00092,2025-09,92,SINGHORI DEEP OC MIN 2.0 MTY,Western Coalfields Limited [WCL],615190,-,-,Maharashtra,05/2022,05/2022,03/2029,-,335.75,335.75,26.98,6,"SINGHORI DEEP OC MIN 2.0 MTY
(Western Coalfields Limited [WCL])
(615190)","05/2022
(05/2022)","03/2029
(-)","335.75
(335.75)",SRC-2025-09,520f100f2752c07c7d8e1180cce2258a6966d21b6e37fcbecca0b098835ef318,45,44,All Ongoing Projects,6,pdfplumber_table,twelve_month_gate2:0.1.0,"pdf_page_index=45,table_index=logical8,row_index=7"
OBS-202509-00093,2025-09,93,GOKUL EXTENSION OC MINE,Western Coalfields Limited [WCL],615192,-,-,Maharashtra,04/2021,04/2021,03/2026,-,309.58,309.58,42.75,8,"GOKUL EXTENSION OC MINE
(Western Coalfields Limited [WCL])
(615192)","04/2021
(04/2021)","03/2026
(-)","309.58
(309.58)",SRC-2025-09,520f100f2752c07c7d8e1180cce2258a6966d21b6e37fcbecca0b098835ef318,45,44,All Ongoing Projects,6,pdfplumber_table,twelve_month_gate2:0.1.0,"pdf_page_index=45,table_index=logical8,row_index=8"
OBS-202509-00094,2025-09,94,KOLGAON EXPANSION DEEP OC MINE 0.80 MTY,Western Coalfields Limited [WCL],615199,-,-,Maharashtra,01/2023,09/2023,03/2027,-,198.71,198.71,0.71,2,"KOLGAON EXPANSION DEEP OC MINE 0.80 MTY
(Western Coalfields Limited [WCL])
(615199)","01/2023
(09/2023)","03/2027
(-)","198.71
(198.71)",SRC-2025-09,520f100f2752c07c7d8e1180cce2258a6966d21b6e37fcbecca0b098835ef318,45,44,All Ongoing Projects,6,pdfplumber_table,twelve_month_gate2:0.1.0,"pdf_page_index=45,table_index=logical8,row_index=9"
OBS-202509-00095,2025-09,95,BALLARPUR NORTH WEST OC MINE,Western Coalfields Limited [WCL],615330,-,-,Maharashtra,12/2022,12/2022,03/2029,-,360.81,360.81,0.02,4,"BALLARPUR NORTH WEST OC MINE
(Western Coalfields Limited [WCL])
(615330)","12/2022
(12/2022)","03/2029
(-)","360.81
(360.81)",SRC-2025-09,520f100f2752c07c7d8e1180cce2258a6966d21b6e37fcbecca0b098835ef318,45,44,All Ongoing Projects,6,pdfplumber_table,twelve_month_gate2:0.1.0,"pdf_page_index=45,table_index=logical8,row_index=10"
OBS-202509-00096,2025-09,96,GADEGAON OC 3 MTY,Western Coalfields Limited [WCL],615331,-,-,Maharashtra,10/2023,10/2023,03/2030,-,497.41,497.41,0.08,0,"GADEGAON OC 3 MTY
(Western Coalfields Limited [WCL])
(615331)","10/2023
(10/2023)","03/2030
(-)","497.41
(497.41)",SRC-2025-09,520f100f2752c07c7d8e1180cce2258a6966d21b6e37fcbecca0b098835ef318,45,44,All Ongoing Projects,6,pdfplumber_table,twelve_month_gate2:0.1.0,"pdf_page_index=45,table_index=logical8,row_index=11"
OBS-202509-00097,2025-09,97,GHONSA EXPANSION DEEP OC MINE,Western Coalfields Limited [WCL],615914,-,-,Maharashtra,03/2021,03/2021,03/2029,-,184.71,184.71,11.48,5,"GHONSA EXPANSION DEEP OC MINE
(Western Coalfields Limited [WCL])
(615914)","03/2021
(03/2021)","03/2029
(-)","184.71
(184.71)",SRC-2025-09,520f100f2752c07c7d8e1180cce2258a6966d21b6e37fcbecca0b098835ef318,45,44,All Ongoing Projects,6,pdfplumber_table,twelve_month_gate2:0.1.0,"pdf_page_index=45,table_index=logical8,row_index=12"
OBS-202509-00098,2025-09,98,AMLG GAURI PAUNI EXPANSION OC,Western Coalfields Limited [WCL],615916,-,-,Maharashtra,04/2024,04/2024,03/2030,-,1225.21,1225.21,78.68,1,"AMLG GAURI PAUNI EXPANSION OC
(Western Coalfields Limited [WCL])
(615916)","04/2024
(04/2024)","03/2030
(-)","1225.21
(1225.21)",SRC-2025-09,520f100f2752c07c7d8e1180cce2258a6966d21b6e37fcbecca0b098835ef318,45,44,All Ongoing Projects,6,pdfplumber_table,twelve_month_gate2:0.1.0,"pdf_page_index=45,table_index=logical8,row_index=13"
OBS-202509-00099,2025-09,99,GAURIDEEP/GAURI CENTRAL OCP 7.,Western Coalfields Limited [WCL],615917,-,-,Maharashtra,08/2023,06/2024,03/2030,-,973.07,973.07,0.24,0,"GAURIDEEP/GAURI CENTRAL OCP 7.
(Western Coalfields Limited [WCL])
(615917)","08/2023
(06/2024)","03/2030
(-)","973.07
(973.07)",SRC-2025-09,520f100f2752c07c7d8e1180cce2258a6966d21b6e37fcbecca0b098835ef318,45,44,All Ongoing Projects,6,pdfplumber_table,twelve_month_gate2:0.1.0,"pdf_page_index=45,table_index=logical8,row_index=14"
OBS-202509-00100,2025-09,100,RPR OF BHANEGAON OC,Western Coalfields Limited [WCL],615918,-,-,Maharashtra,02/2017,09/2022,03/2028,-,405.2,405.2,12.36,7,"RPR OF BHANEGAON OC
(Western Coalfields Limited [WCL])
(615918)","02/2017
(09/2022)","03/2028
(-)","405.2
(405.2)",SRC-2025-09,520f100f2752c07c7d8e1180cce2258a6966d21b6e37fcbecca0b098835ef318,45,44,All Ongoing Projects,6,pdfplumber_table,twelve_month_gate2:0.1.0,"pdf_page_index=45,table_index=logical8,row_index=15"
OBS-202509-00101,2025-09,101,N. EXTN. MUNGOLI NIRGUDA D OCP,Western Coalfields Limited [WCL],615919,-,-,Maharashtra,06/2024,06/2024,03/2029,-,1024.91,1024.91,169.91,0,"N. EXTN. MUNGOLI NIRGUDA D OCP
(Western Coalfields Limited [WCL])
(615919)","06/2024
(06/2024)","03/2029
(-)","1024.91
(1024.91)",SRC-2025-09,520f100f2752c07c7d8e1180cce2258a6966d21b6e37fcbecca0b098835ef318,45,44,All Ongoing Projects,6,pdfplumber_table,twelve_month_gate2:0.1.0,"pdf_page_index=45,table_index=logical8,row_index=16"
OBS-202509-00102,2025-09,102,NILJAI EXPANSION DEEP OCP,Western Coalfields Limited [WCL],615982,-,-,Maharashtra,08/2016,11/2018,03/2024,03/2026,319.75,319.75,367.6,79,"NILJAI EXPANSION DEEP OCP
(Western Coalfields Limited [WCL])
(615982)","08/2016
(11/2018)","03/2024
(03/2026)","319.75
(319.75)",SRC-2025-09,520f100f2752c07c7d8e1180cce2258a6966d21b6e37fcbecca0b098835ef318,45,44,All Ongoing Projects,6,pdfplumber_table,twelve_month_gate2:0.1.0,"pdf_page_index=45,table_index=logical8,row_index=17"
OBS-202509-00103,2025-09,103,UKNI DEEP OC MINE -COST PLUS,Western Coalfields Limited [WCL],616044,-,-,Maharashtra,11/2018,01/2019,03/2021,03/2026,237.06,237.06,165.57,87,"UKNI DEEP OC MINE -COST PLUS
(Western Coalfields Limited [WCL])
(616044)","11/2018
(01/2019)","03/2021
(03/2026)","237.06
(237.06)",SRC-2025-09,520f100f2752c07c7d8e1180cce2258a6966d21b6e37fcbecca0b098835ef318,45,44,All Ongoing Projects,6,pdfplumber_table,twelve_month_gate2:0.1.0,"pdf_page_index=45,table_index=logical8,row_index=18"
OBS-202509-00104,2025-09,104,AMALGAMATED INDER-KAMPTEE DEEP OC,Western Coalfields Limited [WCL],616050,-,-,Maharashtra,09/2018,09/2018,03/2024,03/2026,235.9,235.9,237.12,98,"AMALGAMATED INDER-KAMPTEE DEEP OC
(Western Coalfields Limited [WCL])
(616050)","09/2018
(09/2018)","03/2024
(03/2026)","235.9
(235.9)",SRC-2025-09,520f100f2752c07c7d8e1180cce2258a6966d21b6e37fcbecca0b098835ef318,45,44,All Ongoing Projects,6,pdfplumber_table,twelve_month_gate2:0.1.0,"pdf_page_index=45,table_index=logical8,row_index=19"
OBS-202509-00105,2025-09,105,ADASA UG TO OC MINE,Western Coalfields Limited [WCL],616223,-,-,Maharashtra,11/2018,11/2018,03/2024,03/2026,316,316,308.84,86,"ADASA UG TO OC MINE
(Western Coalfields Limited [WCL])
(616223)","11/2018
(11/2018)","03/2024
(03/2026)","316
(316)",SRC-2025-09,520f100f2752c07c7d8e1180cce2258a6966d21b6e37fcbecca0b098835ef318,45,44,All Ongoing Projects,6,pdfplumber_table,twelve_month_gate2:0.1.0,"pdf_page_index=45,table_index=logical8,row_index=20"
OBS-202509-00106,2025-09,106,AMAL GONDEGAON GHATROHANA EXPN,Western Coalfields Limited [WCL],616229,-,-,Maharashtra,09/2024,09/2024,03/2029,-,668.54,668.54,1.21,0,"AMAL GONDEGAON GHATROHANA EXPN
(Western Coalfields Limited [WCL])
(616229)","09/2024
(09/2024)","03/2029
(-)","668.54
(668.54)",SRC-2025-09,520f100f2752c07c7d8e1180cce2258a6966d21b6e37fcbecca0b098835ef318,45,44,All Ongoing Projects,6,pdfplumber_table,twelve_month_gate2:0.1.0,"pdf_page_index=45,table_index=logical8,row_index=21"
OBS-202509-00107,2025-09,107,WAGHODA UG MINE [1.02 MTY],Western Coalfields Limited [WCL],617233,-,-,Maharashtra,01/2024,01/2025,03/2030,-,379.3,379.3,0,0,"WAGHODA UG MINE [1.02 MTY]
(Western Coalfields Limited [WCL])
(617233)","01/2024
(01/2025)","03/2030
(-)","379.3
(379.3)",SRC-2025-09,520f100f2752c07c7d8e1180cce2258a6966d21b6e37fcbecca0b098835ef318,45,44,All Ongoing Projects,6,pdfplumber_table,twelve_month_gate2:0.1.0,"pdf_page_index=45,table_index=logical8,row_index=22"
OBS-202509-00108,2025-09,108,KOLARPIMPRI EXPANSION OC [2.5 MTY],Western Coalfields Limited [WCL],617278,-,-,Maharashtra,06/2024,02/2025,03/2030,-,630.37,630.37,0,0,"KOLARPIMPRI EXPANSION OC [2.5 MTY]
(Western Coalfields Limited [WCL])
(617278)","06/2024
(02/2025)","03/2030
(-)","630.37
(630.37)",SRC-2025-09,520f100f2752c07c7d8e1180cce2258a6966d21b6e37fcbecca0b098835ef318,45,44,All Ongoing Projects,6,pdfplumber_table,twelve_month_gate2:0.1.0,"pdf_page_index=45,table_index=logical8,row_index=23"
OBS-202509-00109,2025-09,109,Master Plan for Jharia and Raniganj Coalfields,Bharat Coking Coal Limited [BCCL],400313,-,-,"Multi-States
(Jharkhand, West
Bengal)",08/2009,08/2009,08/2019,12/2028,2661.73,2661.73,789.85,43,"Master Plan for Jharia and Raniganj Coalfields
(Bharat Coking Coal Limited [BCCL])
(400313)","08/2009
(08/2009)","08/2019
(12/2028)","2661.73
(2661.73)",SRC-2025-09,520f100f2752c07c7d8e1180cce2258a6966d21b6e37fcbecca0b098835ef318,45,44,All Ongoing Projects,6,pdfplumber_table,twelve_month_gate2:0.1.0,"pdf_page_index=45,table_index=logical8,row_index=24"
OBS-202509-00110,2025-09,110,BINA KAKRI AMALGAMATION EXPANS,Northern Coalfields Limited [NCL],400369,-,-,"Multi-States
(Madhya Pradesh,
Uttar Pradesh)",08/2020,08/2020,03/2024,03/2027,836.42,836.42,805.98,89,"BINA KAKRI AMALGAMATION EXPANS
(Northern Coalfields Limited [NCL])
(400369)","08/2020
(08/2020)","03/2024
(03/2027)","836.42
(836.42)",SRC-2025-09,520f100f2752c07c7d8e1180cce2258a6966d21b6e37fcbecca0b098835ef318,45,44,All Ongoing Projects,6,pdfplumber_table,twelve_month_gate2:0.1.0,"pdf_page_index=45,table_index=logical8,row_index=25"
OBS-202509-00111,2025-09,111,KHADIA EXPANSION [10 TO 16 MTP,Northern Coalfields Limited [NCL],615183,-,-,"Multi-States
(Madhya Pradesh,
Uttar Pradesh)",06/2021,06/2021,03/2025,03/2027,491.67,491.67,236.02,46,"KHADIA EXPANSION [10 TO 16 MTP
(Northern Coalfields Limited [NCL])
(615183)","06/2021
(06/2021)","03/2025
(03/2027)","491.67
(491.67)",SRC-2025-09,520f100f2752c07c7d8e1180cce2258a6966d21b6e37fcbecca0b098835ef318,45,44,All Ongoing Projects,6,pdfplumber_table,twelve_month_gate2:0.1.0,"pdf_page_index=45,table_index=logical8,row_index=26"
OBS-202509-00112,2025-09,112,SUBHADRA OCP,Mahanadi Coalfields Limited [MCL],400165,-,-,Odisha,05/2021,05/2021,04/2032,-,1693.81,1693.81,1323.54,42,"SUBHADRA OCP
(Mahanadi Coalfields Limited [MCL])
(400165)","05/2021
(05/2021)","04/2032
(-)","1693.81
(1693.81)",SRC-2025-09,520f100f2752c07c7d8e1180cce2258a6966d21b6e37fcbecca0b098835ef318,45,44,All Ongoing Projects,6,pdfplumber_table,twelve_month_gate2:0.1.0,"pdf_page_index=45,table_index=logical8,row_index=27"
OBS-202509-00113,2025-09,113,SIARMAL OCP,Mahanadi Coalfields Limited [MCL],400166,-,-,Odisha,02/2021,02/2021,03/2029,-,5194.95,5194.95,3456.71,55,"SIARMAL OCP
(Mahanadi Coalfields Limited [MCL])
(400166)","02/2021
(02/2021)","03/2029
(-)","5194.95
(5194.95)",SRC-2025-09,520f100f2752c07c7d8e1180cce2258a6966d21b6e37fcbecca0b098835ef318,45,44,All Ongoing Projects,6,pdfplumber_table,twelve_month_gate2:0.1.0,"pdf_page_index=45,table_index=logical8,row_index=28"
OBS-202509-00114,2025-09,114,BALARAM EXPANSION OCP,Mahanadi Coalfields Limited (MCL),400183,-,-,Odisha,06/2020,08/2020,03/2029,-,3504.21,3504.21,774.52,53,"BALARAM EXPANSION OCP
(Mahanadi Coalfields Limited (MCL))
(400183)","06/2020
(08/2020)","03/2029
(-)","3504.21
(3504.21)",SRC-2025-09,520f100f2752c07c7d8e1180cce2258a6966d21b6e37fcbecca0b098835ef318,45,44,All Ongoing Projects,6,pdfplumber_table,twelve_month_gate2:0.1.0,"pdf_page_index=45,table_index=logical8,row_index=29"
OBS-202509-00115,2025-09,115,GOPALJI KANIHA OCP [10 TO 30 M,MCL - CIL,400185,-,-,Odisha,04/2022,04/2022,03/2030,-,8416.19,6107.87,1730.11,17,"GOPALJI KANIHA OCP [10 TO 30 M
(MCL - CIL)
(400185)","04/2022
(04/2022)","03/2030
(-)","8416.19
(6107.87)",SRC-2025-09,520f100f2752c07c7d8e1180cce2258a6966d21b6e37fcbecca0b098835ef318,45,44,All Ongoing Projects,6,pdfplumber_table,twelve_month_gate2:0.1.0,"pdf_page_index=45,table_index=logical8,row_index=30"
OBS-202509-00116,2025-09,116,INTEGRATED LAKHANPUR-BELPAHAR-,Mahanadi Coalfields Limited [MCL],400187,-,-,Odisha,05/2018,05/2018,03/2027,-,2434.75,2434.75,1814.65,69,"INTEGRATED LAKHANPUR-BELPAHAR-
(Mahanadi Coalfields Limited [MCL])
(400187)","05/2018
(05/2018)","03/2027
(-)","2434.75
(2434.75)",SRC-2025-09,520f100f2752c07c7d8e1180cce2258a6966d21b6e37fcbecca0b098835ef318,45,44,All Ongoing Projects,6,pdfplumber_table,twelve_month_gate2:0.1.0,"pdf_page_index=45,table_index=logical8,row_index=31"
OBS-202509-00117,2025-09,117,BHARATPUR RE-ORGANIZATION OCP,Mahanadi Coalfields Limited (MCL),400392,-,-,Odisha,11/2018,11/2018,03/2029,-,2838.86,2838.86,1672.82,47,"BHARATPUR RE-ORGANIZATION OCP
(Mahanadi Coalfields Limited (MCL))
(400392)","11/2018
(11/2018)","03/2029
(-)","2838.86
(2838.86)",SRC-2025-09,520f100f2752c07c7d8e1180cce2258a6966d21b6e37fcbecca0b098835ef318,46,45,All Ongoing Projects,6,pdfplumber_table,twelve_month_gate2:0.1.0,"pdf_page_index=46,table_index=logical8,row_index=1"
OBS-202509-00118,2025-09,118,BASUNDHARA WEST EXTENSION OPEN,MCL - CIL,615193,-,-,Odisha,05/2014,05/2014,03/2019,03/2029,479.15,479.15,273.75,64,"BASUNDHARA WEST EXTENSION OPEN
(MCL - CIL)
(615193)","05/2014
(05/2014)","03/2019
(03/2029)","479.15
(479.15)",SRC-2025-09,520f100f2752c07c7d8e1180cce2258a6966d21b6e37fcbecca0b098835ef318,46,45,All Ongoing Projects,6,pdfplumber_table,twelve_month_gate2:0.1.0,"pdf_page_index=46,table_index=logical8,row_index=2"
OBS-202509-00119,2025-09,119,Naini Coal Mine,Singareni Collieries Company Limited [SCCL],615857,-,-,Odisha,03/2020,03/2020,03/2026,-,494.3,494.3,491.33,80,"Naini Coal Mine
(Singareni Collieries Company Limited [SCCL])
(615857)","03/2020
(03/2020)","03/2026
(-)","494.3
(494.3)",SRC-2025-09,520f100f2752c07c7d8e1180cce2258a6966d21b6e37fcbecca0b098835ef318,46,45,All Ongoing Projects,6,pdfplumber_table,twelve_month_gate2:0.1.0,"pdf_page_index=46,table_index=logical8,row_index=3"
OBS-202509-00120,2025-09,120,INTEGRATED KULDA GARJANBAHAL O,Mahanadi Coalfields Limited [MCL],616226,-,-,Odisha,04/2023,04/2023,03/2033,-,3563.5,3563.5,568.54,3,"INTEGRATED KULDA GARJANBAHAL O
(Mahanadi Coalfields Limited [MCL])
(616226)","04/2023
(04/2023)","03/2033
(-)","3563.5
(3563.5)",SRC-2025-09,520f100f2752c07c7d8e1180cce2258a6966d21b6e37fcbecca0b098835ef318,46,45,All Ongoing Projects,6,pdfplumber_table,twelve_month_gate2:0.1.0,"pdf_page_index=46,table_index=logical8,row_index=4"
OBS-202509-00121,2025-09,121,BHUBANESWARI EXPN OCP 50 MTY,MCL - CIL,616231,-,-,Odisha,03/2024,03/2024,03/2033,-,5366.27,5366.27,466.03,14,"BHUBANESWARI EXPN OCP 50 MTY
(MCL - CIL)
(616231)","03/2024
(03/2024)","03/2033
(-)","5366.27
(5366.27)",SRC-2025-09,520f100f2752c07c7d8e1180cce2258a6966d21b6e37fcbecca0b098835ef318,46,45,All Ongoing Projects,6,pdfplumber_table,twelve_month_gate2:0.1.0,"pdf_page_index=46,table_index=logical8,row_index=5"
OBS-202509-00122,2025-09,122,HINGULA II OC EXPN PH III 15 M,MCL - CIL,616232,-,-,Odisha,11/2022,11/2022,03/2029,-,1561.85,1561.85,271.74,24,"HINGULA II OC EXPN PH III 15 M
(MCL - CIL)
(616232)","11/2022
(11/2022)","03/2029
(-)","1561.85
(1561.85)",SRC-2025-09,520f100f2752c07c7d8e1180cce2258a6966d21b6e37fcbecca0b098835ef318,46,45,All Ongoing Projects,6,pdfplumber_table,twelve_month_gate2:0.1.0,"pdf_page_index=46,table_index=logical8,row_index=6"
OBS-202509-00123,2025-09,123,BALABHADRA OCP,MCL - CIL,616233,-,-,Odisha,04/2023,04/2023,03/2030,-,978.44,978.44,211.37,11,"BALABHADRA OCP
(MCL - CIL)
(616233)","04/2023
(04/2023)","03/2030
(-)","978.44
(978.44)",SRC-2025-09,520f100f2752c07c7d8e1180cce2258a6966d21b6e37fcbecca0b098835ef318,46,45,All Ongoing Projects,6,pdfplumber_table,twelve_month_gate2:0.1.0,"pdf_page_index=46,table_index=logical8,row_index=7"
OBS-202509-00124,2025-09,124,Jawahar Khani Open Cast Mine,Singareni Collieries Company Limited [SCCL],615818,-,-,Telangana,12/2021,12/2021,03/2025,03/2027,297.88,297.88,46.82,20,"Jawahar Khani Open Cast Mine
(Singareni Collieries Company Limited [SCCL])
(615818)","12/2021
(12/2021)","03/2025
(03/2027)","297.88
(297.88)",SRC-2025-09,520f100f2752c07c7d8e1180cce2258a6966d21b6e37fcbecca0b098835ef318,46,45,All Ongoing Projects,6,pdfplumber_table,twelve_month_gate2:0.1.0,"pdf_page_index=46,table_index=logical8,row_index=8"
OBS-202509-00125,2025-09,125,Kalyanikhani Opencast Project,Singareni Collieries Company Limited [SCCL],615858,-,-,Telangana,03/2016,05/2017,03/2026,-,384.32,384.32,281.83,75,"Kalyanikhani Opencast Project
(Singareni Collieries Company Limited [SCCL])
(615858)","03/2016
(05/2017)","03/2026
(-)","384.32
(384.32)",SRC-2025-09,520f100f2752c07c7d8e1180cce2258a6966d21b6e37fcbecca0b098835ef318,46,45,All Ongoing Projects,6,pdfplumber_table,twelve_month_gate2:0.1.0,"pdf_page_index=46,table_index=logical8,row_index=9"
OBS-202509-00126,2025-09,126,Kakathiya Khani Opencast - III Project Phase - I,Singareni Collieries Company Limited [SCCL],615859,-,-,Telangana,03/2017,05/2017,03/2026,-,413.84,413.84,397.55,79,"Kakathiya Khani Opencast - III Project Phase - I
(Singareni Collieries Company Limited [SCCL])
(615859)","03/2017
(05/2017)","03/2026
(-)","413.84
(413.84)",SRC-2025-09,520f100f2752c07c7d8e1180cce2258a6966d21b6e37fcbecca0b098835ef318,46,45,All Ongoing Projects,6,pdfplumber_table,twelve_month_gate2:0.1.0,"pdf_page_index=46,table_index=logical8,row_index=10"
OBS-202509-00127,2025-09,127,Godavarikhani Coal Mine - 5,Singareni Collieries Company Limited [SCCL],615860,-,-,Telangana,07/2019,05/2019,03/2025,03/2026,607.04,607.04,191.08,71,"Godavarikhani Coal Mine - 5
(Singareni Collieries Company Limited [SCCL])
(615860)","07/2019
(05/2019)","03/2025
(03/2026)","607.04
(607.04)",SRC-2025-09,520f100f2752c07c7d8e1180cce2258a6966d21b6e37fcbecca0b098835ef318,46,45,All Ongoing Projects,6,pdfplumber_table,twelve_month_gate2:0.1.0,"pdf_page_index=46,table_index=logical8,row_index=11"
OBS-202509-00128,2025-09,128,Indaram Opencast Project,Singareni Collieries Company Limited [SCCL],615861,-,-,Telangana,08/2017,12/2022,03/2025,03/2026,424.81,424.81,402.64,80,"Indaram Opencast Project
(Singareni Collieries Company Limited [SCCL])
(615861)","08/2017
(12/2022)","03/2025
(03/2026)","424.81
(424.81)",SRC-2025-09,520f100f2752c07c7d8e1180cce2258a6966d21b6e37fcbecca0b098835ef318,46,45,All Ongoing Projects,6,pdfplumber_table,twelve_month_gate2:0.1.0,"pdf_page_index=46,table_index=logical8,row_index=12"
OBS-202509-00129,2025-09,129,Goleti Opencast Mine,Singareni Collieries Company Limited [SCCL],615862,-,-,Telangana,07/2021,08/2021,03/2026,-,345.6,345.6,75.87,21,"Goleti Opencast Mine
(Singareni Collieries Company Limited [SCCL])
(615862)","07/2021
(08/2021)","03/2026
(-)","345.6
(345.6)",SRC-2025-09,520f100f2752c07c7d8e1180cce2258a6966d21b6e37fcbecca0b098835ef318,46,45,All Ongoing Projects,6,pdfplumber_table,twelve_month_gate2:0.1.0,"pdf_page_index=46,table_index=logical8,row_index=13"
OBS-202509-00130,2025-09,130,Venkatesh Khani Coal Mine,Singareni Collieries Company Limited [SCCL],615863,-,-,Telangana,10/2020,06/2020,03/2026,-,484.5,484.5,466.62,96,"Venkatesh Khani Coal Mine
(Singareni Collieries Company Limited [SCCL])
(615863)","10/2020
(06/2020)","03/2026
(-)","484.5
(484.5)",SRC-2025-09,520f100f2752c07c7d8e1180cce2258a6966d21b6e37fcbecca0b098835ef318,46,45,All Ongoing Projects,6,pdfplumber_table,twelve_month_gate2:0.1.0,"pdf_page_index=46,table_index=logical8,row_index=14"
OBS-202509-00131,2025-09,131,Ramagundam OC-II Extension Project,Singareni Collieries Company Limited [SCCL],615864,-,-,Telangana,11/2015,06/2015,03/2026,-,489.62,489.62,405.54,77,"Ramagundam OC-II Extension Project
(Singareni Collieries Company Limited [SCCL])
(615864)","11/2015
(06/2015)","03/2026
(-)","489.62
(489.62)",SRC-2025-09,520f100f2752c07c7d8e1180cce2258a6966d21b6e37fcbecca0b098835ef318,46,45,All Ongoing Projects,6,pdfplumber_table,twelve_month_gate2:0.1.0,"pdf_page_index=46,table_index=logical8,row_index=15"
OBS-202509-00132,2025-09,132,Kakatiyakhani OC - 2 Project,Singareni Collieries Company Limited [SCCL],615865,-,-,Telangana,08/2017,09/2017,03/2025,03/2026,442.42,442.42,205.79,63,"Kakatiyakhani OC - 2 Project
(Singareni Collieries Company Limited [SCCL])
(615865)","08/2017
(09/2017)","03/2025
(03/2026)","442.42
(442.42)",SRC-2025-09,520f100f2752c07c7d8e1180cce2258a6966d21b6e37fcbecca0b098835ef318,46,45,All Ongoing Projects,6,pdfplumber_table,twelve_month_gate2:0.1.0,"pdf_page_index=46,table_index=logical8,row_index=16"
OBS-202509-00133,2025-09,133,MOHANPUR EXPANSION OC -PHASE II,Eastern Coal Fields Limited [ECL],400173,-,-,West Bengal,11/2020,11/2020,03/2026,-,888.99,888.99,108.25,30,"MOHANPUR EXPANSION OC -PHASE II
(Eastern Coal Fields Limited [ECL])
(400173)","11/2020
(11/2020)","03/2026
(-)","888.99
(888.99)",SRC-2025-09,520f100f2752c07c7d8e1180cce2258a6966d21b6e37fcbecca0b098835ef318,46,45,All Ongoing Projects,6,pdfplumber_table,twelve_month_gate2:0.1.0,"pdf_page_index=46,table_index=logical8,row_index=17"
OBS-202509-00134,2025-09,134,BONJEMEHARI EXPANSION OCP,Eastern Coal Fields Limited [ECL],400180,-,-,West Bengal,08/2021,08/2021,03/2026,03/2026,570.11,570.11,81.9,16,"BONJEMEHARI EXPANSION OCP
(Eastern Coal Fields Limited [ECL])
(400180)","08/2021
(08/2021)","03/2026
(03/2026)","570.11
(570.11)",SRC-2025-09,520f100f2752c07c7d8e1180cce2258a6966d21b6e37fcbecca0b098835ef318,46,45,All Ongoing Projects,6,pdfplumber_table,twelve_month_gate2:0.1.0,"pdf_page_index=46,table_index=logical8,row_index=18"
OBS-202509-00135,2025-09,135,NAKRAKONDA KUMARDIH- B OCP,Eastern Coal Fields Limited [ECL],400181,-,-,West Bengal,08/2018,08/2018,03/2029,-,502.68,502.67,67.68,26,"NAKRAKONDA KUMARDIH- B OCP
(Eastern Coal Fields Limited [ECL])
(400181)","08/2018
(08/2018)","03/2029
(-)","502.68
(502.67)",SRC-2025-09,520f100f2752c07c7d8e1180cce2258a6966d21b6e37fcbecca0b098835ef318,46,45,All Ongoing Projects,6,pdfplumber_table,twelve_month_gate2:0.1.0,"pdf_page_index=46,table_index=logical8,row_index=19"
OBS-202509-00136,2025-09,136,SIDULI [OC & UG],ECL - CIL,400182,-,-,West Bengal,05/2018,05/2018,03/2027,-,535.18,535.17,5.27,14,"SIDULI [OC & UG]
(ECL - CIL)
(400182)","05/2018
(05/2018)","03/2027
(-)","535.18
(535.17)",SRC-2025-09,520f100f2752c07c7d8e1180cce2258a6966d21b6e37fcbecca0b098835ef318,46,45,All Ongoing Projects,6,pdfplumber_table,twelve_month_gate2:0.1.0,"pdf_page_index=46,table_index=logical8,row_index=20"
OBS-202509-00137,2025-09,137,TILABONI UG,Eastern Coal Fields Limited [ECL],400186,-,-,West Bengal,01/2023,03/2023,03/2029,03/2029,749.08,749.08,52.18,10,"TILABONI UG
(Eastern Coal Fields Limited [ECL])
(400186)","01/2023
(03/2023)","03/2029
(03/2029)","749.08
(749.08)",SRC-2025-09,520f100f2752c07c7d8e1180cce2258a6966d21b6e37fcbecca0b098835ef318,46,45,All Ongoing Projects,6,pdfplumber_table,twelve_month_gate2:0.1.0,"pdf_page_index=46,table_index=logical8,row_index=21"
OBS-202509-00138,2025-09,138,JHANJRA EXPANSION UG,Eastern Coal Fields Limited [ECL],400312,-,-,West Bengal,04/2020,04/2020,03/2029,-,1210.12,1210.12,534.84,44,"JHANJRA EXPANSION UG
(Eastern Coal Fields Limited [ECL])
(400312)","04/2020
(04/2020)","03/2029
(-)","1210.12
(1210.12)",SRC-2025-09,520f100f2752c07c7d8e1180cce2258a6966d21b6e37fcbecca0b098835ef318,46,45,All Ongoing Projects,6,pdfplumber_table,twelve_month_gate2:0.1.0,"pdf_page_index=46,table_index=logical8,row_index=22"
OBS-202509-00139,2025-09,139,SONEPUR BAZARI EXPANSION OCP [12 MTY],Eastern Coal Fields Limited [ECL],400315,-,-,West Bengal,07/2021,07/2021,03/2029,-,5365.88,5365.88,570.02,17,"SONEPUR BAZARI EXPANSION OCP [12 MTY]
(Eastern Coal Fields Limited [ECL])
(400315)","07/2021
(07/2021)","03/2029
(-)","5365.88
(5365.88)",SRC-2025-09,520f100f2752c07c7d8e1180cce2258a6966d21b6e37fcbecca0b098835ef318,46,45,All Ongoing Projects,6,pdfplumber_table,twelve_month_gate2:0.1.0,"pdf_page_index=46,table_index=logical8,row_index=23"
OBS-202509-00140,2025-09,140,2.0 MTPA BHOJUDIH NLW WASHERY,Ministry of Coal,611016,-,-,West Bengal,12/2015,03/2019,09/2020,11/2025,384.57,384.57,354.75,97,"2.0 MTPA BHOJUDIH NLW WASHERY
(Ministry of Coal)
(611016)","12/2015
(03/2019)","09/2020
(11/2025)","384.57
(384.57)",SRC-2025-09,520f100f2752c07c7d8e1180cce2258a6966d21b6e37fcbecca0b098835ef318,46,45,All Ongoing Projects,6,pdfplumber_table,twelve_month_gate2:0.1.0,"pdf_page_index=46,table_index=logical8,row_index=24"
OBS-202509-00141,2025-09,141,ITAPARA OCP,Eastern Coal Fields Limited [ECL],612816,-,-,West Bengal,12/2023,12/2023,03/2030,-,929.1,929.1,68.14,7,"ITAPARA OCP
(Eastern Coal Fields Limited [ECL])
(612816)","12/2023
(12/2023)","03/2030
(-)","929.1
(929.1)",SRC-2025-09,520f100f2752c07c7d8e1180cce2258a6966d21b6e37fcbecca0b098835ef318,46,45,All Ongoing Projects,6,pdfplumber_table,twelve_month_gate2:0.1.0,"pdf_page_index=46,table_index=logical8,row_index=25"
OBS-202509-00142,2025-09,142,SHYAMSUNDARPUR UG INCLUDING SA,Eastern Coal Fields Limited [ECL],613793,-,-,West Bengal,04/2020,04/2020,03/2026,-,483.65,483.65,59.03,12,"SHYAMSUNDARPUR UG INCLUDING SA
(Eastern Coal Fields Limited [ECL])
(613793)","04/2020
(04/2020)","03/2026
(-)","483.65
(483.65)",SRC-2025-09,520f100f2752c07c7d8e1180cce2258a6966d21b6e37fcbecca0b098835ef318,46,45,All Ongoing Projects,6,pdfplumber_table,twelve_month_gate2:0.1.0,"pdf_page_index=46,table_index=logical8,row_index=26"
OBS-202509-00143,2025-09,143,PARASEA-BELBAID UG PROJECT,Eastern Coal Fields Limited [ECL],613794,-,-,West Bengal,01/2023,01/2023,03/2028,-,389.1,389.1,131.42,17,"PARASEA-BELBAID UG PROJECT
(Eastern Coal Fields Limited [ECL])
(613794)","01/2023
(01/2023)","03/2028
(-)","389.1
(389.1)",SRC-2025-09,520f100f2752c07c7d8e1180cce2258a6966d21b6e37fcbecca0b098835ef318,46,45,All Ongoing Projects,6,pdfplumber_table,twelve_month_gate2:0.1.0,"pdf_page_index=46,table_index=logical8,row_index=27"
OBS-202509-00144,2025-09,144,PARASCOLE JAMBAD OCP,Eastern Coal Fields Limited [ECL],616230,-,-,West Bengal,11/2024,11/2024,03/2037,-,1193.55,1193.55,9.52,0,"PARASCOLE JAMBAD OCP
(Eastern Coal Fields Limited [ECL])
(616230)","11/2024
(11/2024)","03/2037
(-)","1193.55
(1193.55)",SRC-2025-09,520f100f2752c07c7d8e1180cce2258a6966d21b6e37fcbecca0b098835ef318,46,45,All Ongoing Projects,6,pdfplumber_table,twelve_month_gate2:0.1.0,"pdf_page_index=46,table_index=logical8,row_index=28"
OBS-202509-00145,2025-09,145,50 MW Wind Power Project,NLC India Limited [NLCIL],617299,-,-,Gujarat,07/2022,01/2024,06/2025,01/2026,383.84,383.84,303.5,41,"50 MW Wind Power Project
(NLC India Limited [NLCIL])
(617299)","07/2022
(01/2024)","06/2025
(01/2026)","383.84
(383.84)",SRC-2025-09,520f100f2752c07c7d8e1180cce2258a6966d21b6e37fcbecca0b098835ef318,46,45,All Ongoing Projects,6,pdfplumber_table,twelve_month_gate2:0.1.0,"pdf_page_index=46,table_index=logical8,row_index=31"
OBS-202509-00146,2025-09,146,NLC Talabira Thermal Power Project,NLC India Limited [NLCIL],400231,-,-,Odisha,01/2017,01/2024,03/2030,-,27212.96,27213,2517.13,1,"NLC Talabira Thermal Power Project
(NLC India Limited [NLCIL])
(400231)","01/2017
(01/2024)","03/2030
(-)","27212.96
(27213)",SRC-2025-09,520f100f2752c07c7d8e1180cce2258a6966d21b6e37fcbecca0b098835ef318,46,45,All Ongoing Projects,6,pdfplumber_table,twelve_month_gate2:0.1.0,"pdf_page_index=46,table_index=logical8,row_index=32"
OBS-202509-00147,2025-09,147,300 MW SPP part of 510 MW CPSU scheme,NLC India Limited [NLCIL],612819,-,-,Rajasthan,07/2022,03/2023,09/2024,12/2025,1813,1813,1038.13,79,"300 MW SPP part of 510 MW CPSU scheme
(NLC India Limited [NLCIL])
(612819)","07/2022
(03/2023)","09/2024
(12/2025)","1813
(1813)",SRC-2025-09,520f100f2752c07c7d8e1180cce2258a6966d21b6e37fcbecca0b098835ef318,47,46,All Ongoing Projects,6,pdfplumber_table,twelve_month_gate2:0.1.0,"pdf_page_index=47,table_index=logical8,row_index=1"
OBS-202509-00148,2025-09,148,50 MW Solar PP Minedout Area,NLC India Limited [NLCIL],615327,-,-,Tamil Nadu,08/2023,02/2024,03/2025,12/2025,218.03,218.03,161.73,64,"50 MW Solar PP Minedout Area
(NLC India Limited [NLCIL])
(615327)","08/2023
(02/2024)","03/2025
(12/2025)","218.03
(218.03)",SRC-2025-09,520f100f2752c07c7d8e1180cce2258a6966d21b6e37fcbecca0b098835ef318,47,46,All Ongoing Projects,6,pdfplumber_table,twelve_month_gate2:0.1.0,"pdf_page_index=47,table_index=logical8,row_index=2"
OBS-202509-00149,2025-09,149,Ghatampur Thermal Power Plant 3 X 660 MW,NLC India Limited [NLCIL],400259,-,-,Uttar Pradesh,07/2015,02/2016,11/2020,12/2025,17237.8,21780.9,20510.47,92,"Ghatampur Thermal Power Plant 3 X 660 MW
(NLC India Limited [NLCIL])
(400259)","07/2015
(02/2016)","11/2020
(12/2025)","17237.8
(21780.9)",SRC-2025-09,520f100f2752c07c7d8e1180cce2258a6966d21b6e37fcbecca0b098835ef318,47,46,All Ongoing Projects,6,pdfplumber_table,twelve_month_gate2:0.1.0,"pdf_page_index=47,table_index=logical8,row_index=3"
OBS-202509-00150,2025-09,150,Dharamjaigarh-Korba,Railway,400203,-,-,Chhattisgarh,05/2018,03/2017,12/2026,08/2026,1686.22,1686.22,350.21,41,"Dharamjaigarh-Korba
(Railway)
(400203)","05/2018
(03/2017)","12/2026
(08/2026)","1686.22
(1686.22)",SRC-2025-09,520f100f2752c07c7d8e1180cce2258a6966d21b6e37fcbecca0b098835ef318,47,46,All Ongoing Projects,6,pdfplumber_table,twelve_month_gate2:0.1.0,"pdf_page_index=47,table_index=logical8,row_index=6"
OBS-202509-00151,2025-09,151,"Shivpur-Kathautia New Rail [BG] Line [49 km] [Package II of Tori-Shivpur-Kathautia
line]",Ministry of Coal,400416,-,-,Jharkhand,02/2018,05/2022,06/2025,06/2026,1799.64,2564.34,1462.35,61,"Shivpur-Kathautia New Rail [BG] Line [49 km] [Package II of Tori-Shivpur-Kathautia
line]
(Ministry of Coal)
(400416)","02/2018
(05/2022)","06/2025
(06/2026)","1799.64
(2564.34)",SRC-2025-09,520f100f2752c07c7d8e1180cce2258a6966d21b6e37fcbecca0b098835ef318,47,46,All Ongoing Projects,6,pdfplumber_table,twelve_month_gate2:0.1.0,"pdf_page_index=47,table_index=logical8,row_index=7"
OBS-202509-00152,2025-09,152,Tubed Coal Mine,Damodar Valley Corporation,400192,-,-,Jharkhand,07/2016,10/2016,05/2026,05/2026,1581,1581,597.5,35,"Tubed Coal Mine
(Damodar Valley Corporation)
(400192)","07/2016
(10/2016)","05/2026
(05/2026)","1581
(1581)",SRC-2025-09,520f100f2752c07c7d8e1180cce2258a6966d21b6e37fcbecca0b098835ef318,47,46,All Ongoing Projects,6,pdfplumber_table,twelve_month_gate2:0.1.0,"pdf_page_index=47,table_index=logical8,row_index=11"
OBS-202509-00153,2025-09,153,Badam Coal Mining project of NTPC,National Thermal Power Corporation [NTPC],603293,-,-,Jharkhand,02/2019,09/2019,12/2056,04/2027,502,784,313.88,59,"Badam Coal Mining project of NTPC
(National Thermal Power Corporation [NTPC])
(603293)","02/2019
(09/2019)","12/2056
(04/2027)","502
(784)",SRC-2025-09,520f100f2752c07c7d8e1180cce2258a6966d21b6e37fcbecca0b098835ef318,47,46,All Ongoing Projects,6,pdfplumber_table,twelve_month_gate2:0.1.0,"pdf_page_index=47,table_index=logical8,row_index=12"
OBS-202509-00154,2025-09,154,Dibang Multipurpose Project,National Hydroelectric Power Corporation Limited [NHPC],602182,-,-,Arunachal Pradesh,02/2023,02/2023,02/2032,02/2032,31876.39,31876.4,3639.39,16,"Dibang Multipurpose Project
(National Hydroelectric Power Corporation Limited [NHPC])
(602182)","02/2023
(02/2023)","02/2032
(02/2032)","31876.39
(31876.4)",SRC-2025-09,520f100f2752c07c7d8e1180cce2258a6966d21b6e37fcbecca0b098835ef318,47,46,All Ongoing Projects,6,pdfplumber_table,twelve_month_gate2:0.1.0,"pdf_page_index=47,table_index=logical8,row_index=15"
OBS-202509-00155,2025-09,155,240MW Heo HE Project,North Eastern Electric Power Corporation Limited,611698,-,-,Arunachal Pradesh,12/2024,05/2025,07/2029,-,1938.85,1938.85,49.69,3,"240MW Heo HE Project
(North Eastern Electric Power Corporation Limited)
(611698)","12/2024
(05/2025)","07/2029
(-)","1938.85
(1938.85)",SRC-2025-09,520f100f2752c07c7d8e1180cce2258a6966d21b6e37fcbecca0b098835ef318,47,46,All Ongoing Projects,6,pdfplumber_table,twelve_month_gate2:0.1.0,"pdf_page_index=47,table_index=logical8,row_index=16"
OBS-202509-00156,2025-09,156,186 MW Tato-I H E Project,North Eastern Electric Power Corporation Limited,611699,-,-,Arunachal Pradesh,12/2024,05/2025,07/2029,-,1750.07,1750.07,116.08,2,"186 MW Tato-I H E Project
(North Eastern Electric Power Corporation Limited)
(611699)","12/2024
(05/2025)","07/2029
(-)","1750.07
(1750.07)",SRC-2025-09,520f100f2752c07c7d8e1180cce2258a6966d21b6e37fcbecca0b098835ef318,47,46,All Ongoing Projects,6,pdfplumber_table,twelve_month_gate2:0.1.0,"pdf_page_index=47,table_index=logical8,row_index=17"
OBS-202509-00157,2025-09,157,Buxar Thermal Power Project [1320 MW],Satluj Jal Vidyut Nigam [SJVN] Thermal Limited,602579,-,-,Bihar,03/2019,06/2019,01/2024,12/2025,10439.09,13756.6,12426.32,92,"Buxar Thermal Power Project [1320 MW]
(Satluj Jal Vidyut Nigam [SJVN] Thermal Limited)
(602579)","03/2019
(06/2019)","01/2024
(12/2025)","10439.09
(13756.6)",SRC-2025-09,520f100f2752c07c7d8e1180cce2258a6966d21b6e37fcbecca0b098835ef318,47,46,All Ongoing Projects,6,pdfplumber_table,twelve_month_gate2:0.1.0,"pdf_page_index=47,table_index=logical8,row_index=18"
OBS-202509-00158,2025-09,158,Lara Super Thermal Power Project Stage-II [2 x 800 MW],National Thermal Power Corporation [NTPC],611930,-,-,Chhattisgarh,08/2023,08/2023,06/2028,-,15530,15530,2812,15,"Lara Super Thermal Power Project Stage-II [2 x 800 MW]
(National Thermal Power Corporation [NTPC])
(611930)","08/2023
(08/2023)","06/2028
(-)","15530
(15530)",SRC-2025-09,520f100f2752c07c7d8e1180cce2258a6966d21b6e37fcbecca0b098835ef318,47,46,All Ongoing Projects,6,pdfplumber_table,twelve_month_gate2:0.1.0,"pdf_page_index=47,table_index=logical8,row_index=19"
OBS-202509-00159,2025-09,159,"Sipat Super Thermal Power Project, Stage-III [1x800 MW]",National Thermal Power Corporation [NTPC],617188,-,-,Chhattisgarh,09/2024,09/2024,09/2029,-,9791,9791,865.06,8,"Sipat Super Thermal Power Project, Stage-III [1x800 MW]
(National Thermal Power Corporation [NTPC])
(617188)","09/2024
(09/2024)","09/2029
(-)","9791
(9791)",SRC-2025-09,520f100f2752c07c7d8e1180cce2258a6966d21b6e37fcbecca0b098835ef318,47,46,All Ongoing Projects,6,pdfplumber_table,twelve_month_gate2:0.1.0,"pdf_page_index=47,table_index=logical8,row_index=20"
OBS-202509-00160,2025-09,160,Bagodara Solar Power Project,Satluj Jal Vidyut Nigam [SJVN] Thermal Limited,709747,-,-,Gujarat,03/2021,05/2021,12/2025,12/2025,339.35,339.35,317.59,51,"Bagodara Solar Power Project
(Satluj Jal Vidyut Nigam [SJVN] Thermal Limited)
(709747)","03/2021
(05/2021)","12/2025
(12/2025)","339.35
(339.35)",SRC-2025-09,520f100f2752c07c7d8e1180cce2258a6966d21b6e37fcbecca0b098835ef318,47,46,All Ongoing Projects,6,pdfplumber_table,twelve_month_gate2:0.1.0,"pdf_page_index=47,table_index=logical8,row_index=21"
OBS-202509-00161,2025-09,161,Dhaulasidh Hydro Electric Project [66 MW],Satluj Jal Vidyut Nigam [SJVN] Thermal Limited,602582,-,-,Himachal Pradesh,10/2020,05/2021,11/2025,03/2027,687.97,1511.87,949.59,68,"Dhaulasidh Hydro Electric Project [66 MW]
(Satluj Jal Vidyut Nigam [SJVN] Thermal Limited)
(602582)","10/2020
(05/2021)","11/2025
(03/2027)","687.97
(1511.87)",SRC-2025-09,520f100f2752c07c7d8e1180cce2258a6966d21b6e37fcbecca0b098835ef318,47,46,All Ongoing Projects,6,pdfplumber_table,twelve_month_gate2:0.1.0,"pdf_page_index=47,table_index=logical8,row_index=22"
OBS-202509-00162,2025-09,162,Luhri Stage-I Hydro Electric Project [210 MW],Satluj Jal Vidyut Nigam [SJVN] Thermal Limited,602593,-,-,Himachal Pradesh,11/2020,11/2020,01/2026,10/2029,1810.56,3584.53,1781.54,51,"Luhri Stage-I Hydro Electric Project [210 MW]
(Satluj Jal Vidyut Nigam [SJVN] Thermal Limited)
(602593)","11/2020
(11/2020)","01/2026
(10/2029)","1810.56
(3584.53)",SRC-2025-09,520f100f2752c07c7d8e1180cce2258a6966d21b6e37fcbecca0b098835ef318,47,46,All Ongoing Projects,6,pdfplumber_table,twelve_month_gate2:0.1.0,"pdf_page_index=47,table_index=logical8,row_index=23"
OBS-202509-00163,2025-09,163,382 MW Sunni Dam HEP,Satluj Jal Vidyut Nigam [SJVN] Thermal Limited,602633,-,-,Himachal Pradesh,NA,04/2018,03/2027,-,2615,2615,495.57,0.5,"382 MW Sunni Dam HEP
(Satluj Jal Vidyut Nigam [SJVN] Thermal Limited)
(602633)","NA
(04/2018)","03/2027
(-)","2615
(2615)",SRC-2025-09,520f100f2752c07c7d8e1180cce2258a6966d21b6e37fcbecca0b098835ef318,47,46,All Ongoing Projects,6,pdfplumber_table,twelve_month_gate2:0.1.0,"pdf_page_index=47,table_index=logical8,row_index=24"
OBS-202509-00164,2025-09,164,Sunni Dam Hydro Electric Project [382 MW],Satluj Jal Vidyut Nigam [SJVN] Thermal Limited,611586,-,-,Himachal Pradesh,01/2023,01/2023,04/2028,12/2029,2614.51,4540.71,970.01,30,"Sunni Dam Hydro Electric Project [382 MW]
(Satluj Jal Vidyut Nigam [SJVN] Thermal Limited)
(611586)","01/2023
(01/2023)","04/2028
(12/2029)","2614.51
(4540.71)",SRC-2025-09,520f100f2752c07c7d8e1180cce2258a6966d21b6e37fcbecca0b098835ef318,47,46,All Ongoing Projects,6,pdfplumber_table,twelve_month_gate2:0.1.0,"pdf_page_index=47,table_index=logical8,row_index=25"
OBS-202509-00165,2025-09,165,"Pakal Dul [Drangdhuran] Hydroelectric Project, 1000 MW",National Hydroelectric Power Corporation Limited [NHPC],602525,-,-,"Jammu and
Kashmir",10/2014,02/2018,04/2020,12/2026,8112.12,12728,7457.57,73,"Pakal Dul [Drangdhuran] Hydroelectric Project, 1000 MW
(National Hydroelectric Power Corporation Limited [NHPC])
(602525)","10/2014
(02/2018)","04/2020
(12/2026)","8112.12
(12728)",SRC-2025-09,520f100f2752c07c7d8e1180cce2258a6966d21b6e37fcbecca0b098835ef318,47,46,All Ongoing Projects,6,pdfplumber_table,twelve_month_gate2:0.1.0,"pdf_page_index=47,table_index=logical8,row_index=26"
OBS-202509-00166,2025-09,166,Kiru HE Project,National Hydroelectric Power Corporation Limited [NHPC],602532,-,-,"Jammu and
Kashmir",03/2019,02/2020,09/2023,12/2026,4287.59,5409,3035.03,70,"Kiru HE Project
(National Hydroelectric Power Corporation Limited [NHPC])
(602532)","03/2019
(02/2020)","09/2023
(12/2026)","4287.59
(5409)",SRC-2025-09,520f100f2752c07c7d8e1180cce2258a6966d21b6e37fcbecca0b098835ef318,47,46,All Ongoing Projects,6,pdfplumber_table,twelve_month_gate2:0.1.0,"pdf_page_index=47,table_index=logical8,row_index=27"
OBS-202509-00167,2025-09,167,"Ratle HE Project - 850 MW, Ratle Hydroelectric Power Corporation Limited.",National Hydroelectric Power Corporation Limited [NHPC],602535,-,-,"Jammu and
Kashmir",02/2021,01/2022,02/2026,08/2029,5281.94,5281.94,1029.67,24,"Ratle HE Project - 850 MW, Ratle Hydroelectric Power Corporation Limited.
(National Hydroelectric Power Corporation Limited [NHPC])
(602535)","02/2021
(01/2022)","02/2026
(08/2029)","5281.94
(5281.94)",SRC-2025-09,520f100f2752c07c7d8e1180cce2258a6966d21b6e37fcbecca0b098835ef318,47,46,All Ongoing Projects,6,pdfplumber_table,twelve_month_gate2:0.1.0,"pdf_page_index=47,table_index=logical8,row_index=28"
OBS-202509-00168,2025-09,168,Kwar HE Project,National Hydroelectric Power Corporation Limited [NHPC],605155,-,-,"Jammu and
Kashmir",05/2022,11/2022,11/2026,03/2028,4526.12,4526.12,1156.37,24,"Kwar HE Project
(National Hydroelectric Power Corporation Limited [NHPC])
(605155)","05/2022
(11/2022)","11/2026
(03/2028)","4526.12
(4526.12)",SRC-2025-09,520f100f2752c07c7d8e1180cce2258a6966d21b6e37fcbecca0b098835ef318,47,46,All Ongoing Projects,6,pdfplumber_table,twelve_month_gate2:0.1.0,"pdf_page_index=47,table_index=logical8,row_index=29"
OBS-202509-00169,2025-09,169,Patratu Thermal Power Station Expansion Project Phase-I [3x800 MW],National Thermal Power Corporation [NTPC],400261,-,-,Jharkhand,07/2017,11/2017,03/2023,11/2026,17112,20302,17860,85,"Patratu Thermal Power Station Expansion Project Phase-I [3x800 MW]
(National Thermal Power Corporation [NTPC])
(400261)","07/2017
(11/2017)","03/2023
(11/2026)","17112
(20302)",SRC-2025-09,520f100f2752c07c7d8e1180cce2258a6966d21b6e37fcbecca0b098835ef318,47,46,All Ongoing Projects,6,pdfplumber_table,twelve_month_gate2:0.1.0,"pdf_page_index=47,table_index=logical8,row_index=30"
OBS-202509-00170,2025-09,170,"Koderma Thermal Power Station Phase II [2X800 MW] At Koderma, Jharkhand",Damodar Valley Corporation,611509,-,-,Jharkhand,04/2023,11/2024,03/2029,-,14358,14358,1255.79,3,"Koderma Thermal Power Station Phase II [2X800 MW] At Koderma, Jharkhand
(Damodar Valley Corporation)
(611509)","04/2023
(11/2024)","03/2029
(-)","14358
(14358)",SRC-2025-09,520f100f2752c07c7d8e1180cce2258a6966d21b6e37fcbecca0b098835ef318,47,46,All Ongoing Projects,6,pdfplumber_table,twelve_month_gate2:0.1.0,"pdf_page_index=47,table_index=logical8,row_index=31"
OBS-202509-00171,2025-09,171,Subansiri Lower HE Project [2000 MW],National Hydroelectric Power Corporation Limited [NHPC],602096,-,-,"Multi-States
(Arunachal
Pradesh, Assam)",09/2003,01/2005,09/2010,05/2026,6285.33,26075.5,25058.77,96,"Subansiri Lower HE Project [2000 MW]
(National Hydroelectric Power Corporation Limited [NHPC])
(602096)","09/2003
(01/2005)","09/2010
(05/2026)","6285.33
(26075.5)",SRC-2025-09,520f100f2752c07c7d8e1180cce2258a6966d21b6e37fcbecca0b098835ef318,47,46,All Ongoing Projects,6,pdfplumber_table,twelve_month_gate2:0.1.0,"pdf_page_index=47,table_index=logical8,row_index=32"
OBS-202509-00172,2025-09,172,Talcher Thermal Power Station Stage III [2 x 660 MW] Expansion,National Thermal Power Corporation [NTPC],602961,-,-,Odisha,08/2022,09/2022,05/2027,03/2028,11843.75,12543,4574.68,34,"Talcher Thermal Power Station Stage III [2 x 660 MW] Expansion
(National Thermal Power Corporation [NTPC])
(602961)","08/2022
(09/2022)","05/2027
(03/2028)","11843.75
(12543)",SRC-2025-09,520f100f2752c07c7d8e1180cce2258a6966d21b6e37fcbecca0b098835ef318,47,46,All Ongoing Projects,6,pdfplumber_table,twelve_month_gate2:0.1.0,"pdf_page_index=47,table_index=logical8,row_index=33"
OBS-202509-00173,2025-09,173,BIKANER SOLAR POWER PROJECT,Satluj Jal Vidyut Nigam [SJVN] Thermal Limited,709748,-,-,Rajasthan,10/2021,05/2022,04/2024,12/2025,5491.89,5491.89,5009.15,86,"BIKANER SOLAR POWER PROJECT
(Satluj Jal Vidyut Nigam [SJVN] Thermal Limited)
(709748)","10/2021
(05/2022)","04/2024
(12/2025)","5491.89
(5491.89)",SRC-2025-09,520f100f2752c07c7d8e1180cce2258a6966d21b6e37fcbecca0b098835ef318,47,46,All Ongoing Projects,6,pdfplumber_table,twelve_month_gate2:0.1.0,"pdf_page_index=47,table_index=logical8,row_index=34"
OBS-202509-00174,2025-09,174,"TEESTA-VI HE PROJECT, SIKKIM [500 MW], executed by LANCO TEESTA HYDRO
POWER LIMITED [A wholly owned Subsidiary of NHPC LTD. acquired through NCLT]",National Hydroelectric Power Corporation Limited [NHPC],602181,-,-,Sikkim,03/2019,03/2020,03/2024,12/2027,5748.04,5748.04,4656.92,69,"TEESTA-VI HE PROJECT, SIKKIM [500 MW], executed by LANCO TEESTA HYDRO
POWER LIMITED [A wholly owned Subsidiary of NHPC LTD. acquired through NCLT]
(National Hydroelectric Power Corporation Limited [NHPC])
(602181)","03/2019
(03/2020)","03/2024
(12/2027)","5748.04
(5748.04)",SRC-2025-09,520f100f2752c07c7d8e1180cce2258a6966d21b6e37fcbecca0b098835ef318,48,47,All Ongoing Projects,6,pdfplumber_table,twelve_month_gate2:0.1.0,"pdf_page_index=48,table_index=logical8,row_index=1"
OBS-202509-00175,2025-09,175,"Rangit-IV HE Project [120 MW] executed by Jal Power Corporation Ltd. [JPCL] -A
wholly owned subsidiary of NHPC Ltd. acquired through NCLT",National Hydroelectric Power Corporation Limited [NHPC],605156,-,-,Sikkim,03/2021,08/2021,05/2024,12/2025,938.29,1828.11,1445.5,93,"Rangit-IV HE Project [120 MW] executed by Jal Power Corporation Ltd. [JPCL] -A
wholly owned subsidiary of NHPC Ltd. acquired through NCLT
(National Hydroelectric Power Corporation Limited [NHPC])
(605156)","03/2021
(08/2021)","05/2024
(12/2025)","938.29
(1828.11)",SRC-2025-09,520f100f2752c07c7d8e1180cce2258a6966d21b6e37fcbecca0b098835ef318,48,47,All Ongoing Projects,6,pdfplumber_table,twelve_month_gate2:0.1.0,"pdf_page_index=48,table_index=logical8,row_index=2"
OBS-202509-00176,2025-09,176,Khurja super Thermal Power Plant [2X660 MW],THDC India Limited,602194,-,-,Uttar Pradesh,03/2019,08/2019,02/2024,09/2025,11089.42,13276.2,12888.23,100,"Khurja super Thermal Power Plant [2X660 MW]
(THDC India Limited)
(602194)","03/2019
(08/2019)","02/2024
(09/2025)","11089.42
(13276.2)",SRC-2025-09,520f100f2752c07c7d8e1180cce2258a6966d21b6e37fcbecca0b098835ef318,48,47,All Ongoing Projects,6,pdfplumber_table,twelve_month_gate2:0.1.0,"pdf_page_index=48,table_index=logical8,row_index=3"
OBS-202509-00177,2025-09,177,"Singrauli Super Thermal Power Project, Stage-III [2x800 MW]",National Thermal Power Corporation [NTPC],612142,-,-,Uttar Pradesh,03/2024,03/2024,02/2030,-,17195,17195,1916,10,"Singrauli Super Thermal Power Project, Stage-III [2x800 MW]
(National Thermal Power Corporation [NTPC])
(612142)","03/2024
(03/2024)","02/2030
(-)","17195
(17195)",SRC-2025-09,520f100f2752c07c7d8e1180cce2258a6966d21b6e37fcbecca0b098835ef318,48,47,All Ongoing Projects,6,pdfplumber_table,twelve_month_gate2:0.1.0,"pdf_page_index=48,table_index=logical8,row_index=4"
OBS-202509-00178,2025-09,178,Tapovan-Vishnugad HEP [4x130 MW],National Thermal Power Corporation [NTPC],602185,-,-,Uttarakhand,11/2006,11/2006,03/2013,04/2029,2978,10907.3,7260.25,77,"Tapovan-Vishnugad HEP [4x130 MW]
(National Thermal Power Corporation [NTPC])
(602185)","11/2006
(11/2006)","03/2013
(04/2029)","2978
(10907.3)",SRC-2025-09,520f100f2752c07c7d8e1180cce2258a6966d21b6e37fcbecca0b098835ef318,48,47,All Ongoing Projects,6,pdfplumber_table,twelve_month_gate2:0.1.0,"pdf_page_index=48,table_index=logical8,row_index=5"
OBS-202509-00179,2025-09,179,Tehri Pumped Storage Plant Project [4x250 MW],THDC India Limited,602193,-,-,Uttarakhand,07/2006,06/2011,06/2022,11/2025,4825.6,8339,8121.61,98,"Tehri Pumped Storage Plant Project [4x250 MW]
(THDC India Limited)
(602193)","07/2006
(06/2011)","06/2022
(11/2025)","4825.6
(8339)",SRC-2025-09,520f100f2752c07c7d8e1180cce2258a6966d21b6e37fcbecca0b098835ef318,48,47,All Ongoing Projects,6,pdfplumber_table,twelve_month_gate2:0.1.0,"pdf_page_index=48,table_index=logical8,row_index=6"
OBS-202509-00180,2025-09,180,Vishnugad Pipalkoti Hydro Electric Project [444 MW],THDC India Limited,602195,-,-,Uttarakhand,08/2008,01/2014,12/2022,03/2027,3860.35,6823.72,5186.68,72,"Vishnugad Pipalkoti Hydro Electric Project [444 MW]
(THDC India Limited)
(602195)","08/2008
(01/2014)","12/2022
(03/2027)","3860.35
(6823.72)",SRC-2025-09,520f100f2752c07c7d8e1180cce2258a6966d21b6e37fcbecca0b098835ef318,48,47,All Ongoing Projects,6,pdfplumber_table,twelve_month_gate2:0.1.0,"pdf_page_index=48,table_index=logical8,row_index=7"
OBS-202509-00181,2025-09,181,"Raghunathpur Thermal Power Station Phase II [2X660 MW] at Raghunathpur, Purulia,
West Bengal",Damodar Valley Corporation,400062,-,-,West Bengal,01/2023,02/2025,06/2029,-,17673,17673,1372.17,2,"Raghunathpur Thermal Power Station Phase II [2X660 MW] at Raghunathpur, Purulia,
West Bengal
(Damodar Valley Corporation)
(400062)","01/2023
(02/2025)","06/2029
(-)","17673
(17673)",SRC-2025-09,520f100f2752c07c7d8e1180cce2258a6966d21b6e37fcbecca0b098835ef318,48,47,All Ongoing Projects,6,pdfplumber_table,twelve_month_gate2:0.1.0,"pdf_page_index=48,table_index=logical8,row_index=8"
OBS-202509-00182,2025-09,182,Rammam-III HEPP [3x40 MW],National Thermal Power Corporation [NTPC],602184,-,-,West Bengal,10/2014,09/2014,09/2019,03/2029,1381.84,1381.84,1303.42,47,"Rammam-III HEPP [3x40 MW]
(National Thermal Power Corporation [NTPC])
(602184)","10/2014
(09/2014)","09/2019
(03/2029)","1381.84
(1381.84)",SRC-2025-09,520f100f2752c07c7d8e1180cce2258a6966d21b6e37fcbecca0b098835ef318,48,47,All Ongoing Projects,6,pdfplumber_table,twelve_month_gate2:0.1.0,"pdf_page_index=48,table_index=logical8,row_index=9"
OBS-202509-00183,2025-09,183,Installation of FGD for 4x210 & 2x250 MW MTPS U 1-6,Damodar Valley Corporation,602538,-,-,West Bengal,06/2019,02/2021,01/2024,12/2025,1037,1106,1098.16,92,"Installation of FGD for 4x210 & 2x250 MW MTPS U 1-6
(Damodar Valley Corporation)
(602538)","06/2019
(02/2021)","01/2024
(12/2025)","1037
(1106)",SRC-2025-09,520f100f2752c07c7d8e1180cce2258a6966d21b6e37fcbecca0b098835ef318,48,47,All Ongoing Projects,6,pdfplumber_table,twelve_month_gate2:0.1.0,"pdf_page_index=48,table_index=logical8,row_index=10"
OBS-202509-00184,2025-09,184,"Transmission Scheme for Solar Energy Zone in Ananthpuram 2500MW and Kurnool
1000MW",Power Grid Corporation of India Limited [POWERGRID],611967,-,-,Andhra Pradesh,09/2023,09/2023,09/2025,03/2026,1248.69,1248.69,924.03,84,"Transmission Scheme for Solar Energy Zone in Ananthpuram 2500MW and Kurnool
1000MW
(Power Grid Corporation of India Limited [POWERGRID])
(611967)","09/2023
(09/2023)","09/2025
(03/2026)","1248.69
(1248.69)",SRC-2025-09,520f100f2752c07c7d8e1180cce2258a6966d21b6e37fcbecca0b098835ef318,48,47,All Ongoing Projects,6,pdfplumber_table,twelve_month_gate2:0.1.0,"pdf_page_index=48,table_index=logical8,row_index=13"
OBS-202509-00185,2025-09,185,"Augmentation of 1x1500 MVA 3rd 765/400 kV transformation capacity at Kurnool
New Substation",Power Grid Corporation of India Limited [POWERGRID],612856,-,-,Andhra Pradesh,05/2023,12/2023,09/2025,01/2026,163.61,163.61,71.98,56,"Augmentation of 1x1500 MVA 3rd 765/400 kV transformation capacity at Kurnool
New Substation
(Power Grid Corporation of India Limited [POWERGRID])
(612856)","05/2023
(12/2023)","09/2025
(01/2026)","163.61
(163.61)",SRC-2025-09,520f100f2752c07c7d8e1180cce2258a6966d21b6e37fcbecca0b098835ef318,48,47,All Ongoing Projects,6,pdfplumber_table,twelve_month_gate2:0.1.0,"pdf_page_index=48,table_index=logical8,row_index=14"
OBS-202509-00186,2025-09,186,"Transmission system strengthening at Kurnool- III PS for integration of additional RE
generation projects [POWERGRID Kurnool III PS RE Transmission Limited]",Power Grid Corporation of India Limited [POWERGRID],617183,-,-,Andhra Pradesh,03/2025,03/2025,12/2027,-,2886,2886,129.86,0,"Transmission system strengthening at Kurnool- III PS for integration of additional RE
generation projects [POWERGRID Kurnool III PS RE Transmission Limited]
(Power Grid Corporation of India Limited [POWERGRID])
(617183)","03/2025
(03/2025)","12/2027
(-)","2886
(2886)",SRC-2025-09,520f100f2752c07c7d8e1180cce2258a6966d21b6e37fcbecca0b098835ef318,48,47,All Ongoing Projects,6,pdfplumber_table,twelve_month_gate2:0.1.0,"pdf_page_index=48,table_index=logical8,row_index=15"
OBS-202509-00187,2025-09,187,North Eastern Region Expansion Scheme-XXIII [NERES-XXIII],Power Grid Corporation of India Limited [POWERGRID],617375,-,-,Arunachal Pradesh,08/2025,08/2025,02/2028,-,209.38,209.38,0.02,0,"North Eastern Region Expansion Scheme-XXIII [NERES-XXIII]
(Power Grid Corporation of India Limited [POWERGRID])
(617375)","08/2025
(08/2025)","02/2028
(-)","209.38
(209.38)",SRC-2025-09,520f100f2752c07c7d8e1180cce2258a6966d21b6e37fcbecca0b098835ef318,48,47,All Ongoing Projects,6,pdfplumber_table,twelve_month_gate2:0.1.0,"pdf_page_index=48,table_index=logical8,row_index=16"
OBS-202509-00188,2025-09,188,Western Region Expansion Scheme-XXV,Power Grid Corporation of India Limited [POWERGRID],611737,-,-,Chhattisgarh,02/2023,02/2023,11/2023,12/2025,385.84,385.84,378.74,97,"Western Region Expansion Scheme-XXV
(Power Grid Corporation of India Limited [POWERGRID])
(611737)","02/2023
(02/2023)","11/2023
(12/2025)","385.84
(385.84)",SRC-2025-09,520f100f2752c07c7d8e1180cce2258a6966d21b6e37fcbecca0b098835ef318,48,47,All Ongoing Projects,6,pdfplumber_table,twelve_month_gate2:0.1.0,"pdf_page_index=48,table_index=logical8,row_index=17"
OBS-202509-00189,2025-09,189,"Transmission system strengthening scheme for evacuation of power from solar energy
zones in Rajasthan 8.1 GW under Phase II- Part- G1",Power Grid Corporation of India Limited [POWERGRID],608301,-,-,Delhi,02/2022,02/2022,09/2023,11/2025,359.47,359.47,336.11,94,"Transmission system strengthening scheme for evacuation of power from solar energy
zones in Rajasthan 8.1 GW under Phase II- Part- G1
(Power Grid Corporation of India Limited [POWERGRID])
(608301)","02/2022
(02/2022)","09/2023
(11/2025)","359.47
(359.47)",SRC-2025-09,520f100f2752c07c7d8e1180cce2258a6966d21b6e37fcbecca0b098835ef318,48,47,All Ongoing Projects,6,pdfplumber_table,twelve_month_gate2:0.1.0,"pdf_page_index=48,table_index=logical8,row_index=18"
OBS-202509-00190,2025-09,190,"Transmission scheme for evacuation of 4.5GW RE injection at Khavda PS under
Phase II- Part B",Power Grid Corporation of India Limited [POWERGRID],611656,-,-,Gujarat,03/2023,03/2023,03/2025,10/2025,1167.55,1167,1105.5,94,"Transmission scheme for evacuation of 4.5GW RE injection at Khavda PS under
Phase II- Part B
(Power Grid Corporation of India Limited [POWERGRID])
(611656)","03/2023
(03/2023)","03/2025
(10/2025)","1167.55
(1167)",SRC-2025-09,520f100f2752c07c7d8e1180cce2258a6966d21b6e37fcbecca0b098835ef318,48,47,All Ongoing Projects,6,pdfplumber_table,twelve_month_gate2:0.1.0,"pdf_page_index=48,table_index=logical8,row_index=19"
OBS-202509-00191,2025-09,191,"Transmission scheme for evacuation of 4.5GW RE injection at Khavda PS under
Phase II- Part C",Power Grid Corporation of India Limited [POWERGRID],611657,-,-,Gujarat,03/2023,03/2023,03/2025,11/2025,2820.99,2820.99,2639.03,90,"Transmission scheme for evacuation of 4.5GW RE injection at Khavda PS under
Phase II- Part C
(Power Grid Corporation of India Limited [POWERGRID])
(611657)","03/2023
(03/2023)","03/2025
(11/2025)","2820.99
(2820.99)",SRC-2025-09,520f100f2752c07c7d8e1180cce2258a6966d21b6e37fcbecca0b098835ef318,48,47,All Ongoing Projects,6,pdfplumber_table,twelve_month_gate2:0.1.0,"pdf_page_index=48,table_index=logical8,row_index=20"
OBS-202509-00192,2025-09,192,"Establishment of Khavda Pooling Station-2 KPS2 in Khavda RE Park KPS2
TRANSMISSION SYSTEM LIMITED",Power Grid Corporation of India Limited [POWERGRID],611660,-,-,Gujarat,03/2023,03/2023,12/2024,10/2025,966.79,966.79,911.97,96,"Establishment of Khavda Pooling Station-2 KPS2 in Khavda RE Park KPS2
TRANSMISSION SYSTEM LIMITED
(Power Grid Corporation of India Limited [POWERGRID])
(611660)","03/2023
(03/2023)","12/2024
(10/2025)","966.79
(966.79)",SRC-2025-09,520f100f2752c07c7d8e1180cce2258a6966d21b6e37fcbecca0b098835ef318,48,47,All Ongoing Projects,6,pdfplumber_table,twelve_month_gate2:0.1.0,"pdf_page_index=48,table_index=logical8,row_index=21"
OBS-202509-00193,2025-09,193,"Transmission system for Evacuation of Additional 7 GW RE power from Khavda RE
park under Phase-III Part B [Vataman Transmission Limited]",Power Grid Corporation of India Limited [POWERGRID],612139,-,-,Gujarat,12/2023,12/2023,12/2025,12/2026,3751.82,3751.82,1688.32,25,"Transmission system for Evacuation of Additional 7 GW RE power from Khavda RE
park under Phase-III Part B [Vataman Transmission Limited]
(Power Grid Corporation of India Limited [POWERGRID])
(612139)","12/2023
(12/2023)","12/2025
(12/2026)","3751.82
(3751.82)",SRC-2025-09,520f100f2752c07c7d8e1180cce2258a6966d21b6e37fcbecca0b098835ef318,48,47,All Ongoing Projects,6,pdfplumber_table,twelve_month_gate2:0.1.0,"pdf_page_index=48,table_index=logical8,row_index=22"
OBS-202509-00194,2025-09,194,"Transmission System for Evacuation of Power from potential Renewable Energy zone
in Khavda Area of Gujarat under Phase IV [7 GW] Part E3",Power Grid Corporation of India Limited [POWERGRID],612151,-,-,Gujarat,07/2023,07/2023,07/2025,12/2025,334,334,93.52,33,"Transmission System for Evacuation of Power from potential Renewable Energy zone
in Khavda Area of Gujarat under Phase IV [7 GW] Part E3
(Power Grid Corporation of India Limited [POWERGRID])
(612151)","07/2023
(07/2023)","07/2025
(12/2025)","334
(334)",SRC-2025-09,520f100f2752c07c7d8e1180cce2258a6966d21b6e37fcbecca0b098835ef318,48,47,All Ongoing Projects,6,pdfplumber_table,twelve_month_gate2:0.1.0,"pdf_page_index=48,table_index=logical8,row_index=23"
OBS-202509-00195,2025-09,195,"Transmission System for Evacuation of Power from Potential Energy Renewable Zone
in Khavda Area of Gujarat under Ph-IV [7GW] Part E2",Power Grid Corporation of India Limited [POWERGRID],612855,-,-,Gujarat,05/2024,05/2024,05/2026,06/2026,679,679,101.85,24,"Transmission System for Evacuation of Power from Potential Energy Renewable Zone
in Khavda Area of Gujarat under Ph-IV [7GW] Part E2
(Power Grid Corporation of India Limited [POWERGRID])
(612855)","05/2024
(05/2024)","05/2026
(06/2026)","679
(679)",SRC-2025-09,520f100f2752c07c7d8e1180cce2258a6966d21b6e37fcbecca0b098835ef318,48,47,All Ongoing Projects,6,pdfplumber_table,twelve_month_gate2:0.1.0,"pdf_page_index=48,table_index=logical8,row_index=24"
OBS-202509-00196,2025-09,196,"Augmentation of Transformation Capacity at jam Khambhaliya PS [GIS] [SPV Name
POWERGRID Jam Khambhaliya Transmission Limited]",Power Grid Corporation of India Limited [POWERGRID],615342,-,-,Gujarat,10/2024,10/2024,07/2026,-,329,329,10.17,2,"Augmentation of Transformation Capacity at jam Khambhaliya PS [GIS] [SPV Name
POWERGRID Jam Khambhaliya Transmission Limited]
(Power Grid Corporation of India Limited [POWERGRID])
(615342)","10/2024
(10/2024)","07/2026
(-)","329
(329)",SRC-2025-09,520f100f2752c07c7d8e1180cce2258a6966d21b6e37fcbecca0b098835ef318,48,47,All Ongoing Projects,6,pdfplumber_table,twelve_month_gate2:0.1.0,"pdf_page_index=48,table_index=logical8,row_index=25"
OBS-202509-00197,2025-09,197,"Provision of Dynamic Reactive Compensation at Khavda pooling Station 1 [KPS1] and
Khavda Pooling station 3 [KPS3]",Power Grid Corporation of India Limited [POWERGRID],615343,-,-,Gujarat,11/2024,11/2024,11/2026,-,501,501,6.11,1,"Provision of Dynamic Reactive Compensation at Khavda pooling Station 1 [KPS1] and
Khavda Pooling station 3 [KPS3]
(Power Grid Corporation of India Limited [POWERGRID])
(615343)","11/2024
(11/2024)","11/2026
(-)","501
(501)",SRC-2025-09,520f100f2752c07c7d8e1180cce2258a6966d21b6e37fcbecca0b098835ef318,48,47,All Ongoing Projects,6,pdfplumber_table,twelve_month_gate2:0.1.0,"pdf_page_index=48,table_index=logical8,row_index=26"
OBS-202509-00198,2025-09,198,"Transmission System for Evacuation of Power from Potential Renewable Energy Zone
in Khavda area of Gujarat under Phase-IV [7GW] Part B [SPV Name POWERGRID
South Olpad Transmission Limited]",Power Grid Corporation of India Limited [POWERGRID],615345,-,-,Gujarat,10/2024,10/2024,10/2026,03/2027,4766,4766,667.24,8,"Transmission System for Evacuation of Power from Potential Renewable Energy Zone
in Khavda area of Gujarat under Phase-IV [7GW] Part B [SPV Name POWERGRID
South Olpad Transmission Limited]
(Power Grid Corporation of India Limited [POWERGRID])
(615345)","10/2024
(10/2024)","10/2026
(03/2027)","4766
(4766)",SRC-2025-09,520f100f2752c07c7d8e1180cce2258a6966d21b6e37fcbecca0b098835ef318,48,47,All Ongoing Projects,6,pdfplumber_table,twelve_month_gate2:0.1.0,"pdf_page_index=48,table_index=logical8,row_index=27"
OBS-202509-00199,2025-09,199,"Augmentation of Transformation Capacity at KPS1 [GIS] and KPS2 [GIS] [Phase-V
Part B1 and Part B2 Scheme] [SPV Name- POWERGRID KPS1 and 2 Augmentation
Transmission Limited]",Power Grid Corporation of India Limited [POWERGRID],617069,-,-,Gujarat,02/2025,02/2025,02/2027,-,466,466,23.3,1,"Augmentation of Transformation Capacity at KPS1 [GIS] and KPS2 [GIS] [Phase-V
Part B1 and Part B2 Scheme] [SPV Name- POWERGRID KPS1 and 2 Augmentation
Transmission Limited]
(Power Grid Corporation of India Limited [POWERGRID])
(617069)","02/2025
(02/2025)","02/2027
(-)","466
(466)",SRC-2025-09,520f100f2752c07c7d8e1180cce2258a6966d21b6e37fcbecca0b098835ef318,49,48,All Ongoing Projects,6,pdfplumber_table,twelve_month_gate2:0.1.0,"pdf_page_index=49,table_index=logical8,row_index=1"
OBS-202509-00200,2025-09,200,"Augmentation of Banaskantha [Raghanesda] PS [GIS] [POWERGRID Banaskantha
Transco Limited]",Power Grid Corporation of India Limited [POWERGRID],617182,-,-,Gujarat,03/2025,03/2025,03/2027,-,172,172,7.37,3,"Augmentation of Banaskantha [Raghanesda] PS [GIS] [POWERGRID Banaskantha
Transco Limited]
(Power Grid Corporation of India Limited [POWERGRID])
(617182)","03/2025
(03/2025)","03/2027
(-)","172
(172)",SRC-2025-09,520f100f2752c07c7d8e1180cce2258a6966d21b6e37fcbecca0b098835ef318,49,48,All Ongoing Projects,6,pdfplumber_table,twelve_month_gate2:0.1.0,"pdf_page_index=49,table_index=logical8,row_index=2"
OBS-202509-00201,2025-09,201,Augmentation of Transformation Capacity at Bhuj-II PS [GIS],Power Grid Corporation of India Limited [POWERGRID],617391,-,-,Gujarat,02/2025,02/2025,11/2026,03/2027,488.29,488.29,0.11,0,"Augmentation of Transformation Capacity at Bhuj-II PS [GIS]
(Power Grid Corporation of India Limited [POWERGRID])
(617391)","02/2025
(02/2025)","11/2026
(03/2027)","488.29
(488.29)",SRC-2025-09,520f100f2752c07c7d8e1180cce2258a6966d21b6e37fcbecca0b098835ef318,49,48,All Ongoing Projects,6,pdfplumber_table,twelve_month_gate2:0.1.0,"pdf_page_index=49,table_index=logical8,row_index=3"
OBS-202509-00202,2025-09,202,Jamnagar Transmission Limited,Adani Transmission Limited,617405,-,-,Gujarat,NA,10/2024,10/2026,-,4000,4000,0,0,"Jamnagar Transmission Limited
(Adani Transmission Limited)
(617405)","NA
(10/2024)","10/2026
(-)","4000
(4000)",SRC-2025-09,520f100f2752c07c7d8e1180cce2258a6966d21b6e37fcbecca0b098835ef318,49,48,All Ongoing Projects,6,pdfplumber_table,twelve_month_gate2:0.1.0,"pdf_page_index=49,table_index=logical8,row_index=4"
OBS-202509-00203,2025-09,203,"Implementation of LILO of both circuits of 400KV vindhyachal PS-Sasan D/C Line at
Hindalco Switchyard",Power Grid Corporation of India Limited [POWERGRID],617272,-,-,Haryana,06/2024,06/2024,12/2026,-,370,370,5.55,1,"Implementation of LILO of both circuits of 400KV vindhyachal PS-Sasan D/C Line at
Hindalco Switchyard
(Power Grid Corporation of India Limited [POWERGRID])
(617272)","06/2024
(06/2024)","12/2026
(-)","370
(370)",SRC-2025-09,520f100f2752c07c7d8e1180cce2258a6966d21b6e37fcbecca0b098835ef318,49,48,All Ongoing Projects,6,pdfplumber_table,twelve_month_gate2:0.1.0,"pdf_page_index=49,table_index=logical8,row_index=5"
OBS-202509-00204,2025-09,204,"Transmission system for evacuation of Power from Pakaldul HEP in Chenab Valley
HEPs - LTA System",Power Grid Corporation of India Limited [POWERGRID],608302,-,-,"Jammu and
Kashmir",02/2022,02/2022,04/2025,09/2025,318.12,318.12,308.58,99,"Transmission system for evacuation of Power from Pakaldul HEP in Chenab Valley
HEPs - LTA System
(Power Grid Corporation of India Limited [POWERGRID])
(608302)","02/2022
(02/2022)","04/2025
(09/2025)","318.12
(318.12)",SRC-2025-09,520f100f2752c07c7d8e1180cce2258a6966d21b6e37fcbecca0b098835ef318,49,48,All Ongoing Projects,6,pdfplumber_table,twelve_month_gate2:0.1.0,"pdf_page_index=49,table_index=logical8,row_index=6"
OBS-202509-00205,2025-09,205,"Transmission Scheme for evacuation of Power from Ratle HEP [850 MW] & kiru [624
MW] Part B",Power Grid Corporation of India Limited [POWERGRID],617179,-,-,"Jammu and
Kashmir",07/2024,07/2024,07/2026,03/2027,218.6,218.6,1.01,0,"Transmission Scheme for evacuation of Power from Ratle HEP [850 MW] & kiru [624
MW] Part B
(Power Grid Corporation of India Limited [POWERGRID])
(617179)","07/2024
(07/2024)","07/2026
(03/2027)","218.6
(218.6)",SRC-2025-09,520f100f2752c07c7d8e1180cce2258a6966d21b6e37fcbecca0b098835ef318,49,48,All Ongoing Projects,6,pdfplumber_table,twelve_month_gate2:0.1.0,"pdf_page_index=49,table_index=logical8,row_index=7"
OBS-202509-00206,2025-09,206,"Implementation of Transmission Systems in the State of Jharkhand consisting of
400/220/132/33 kV transmission lines and substations under Jharkhand Consultancy
Project",Power Grid Corporation of India Limited [POWERGRID],617326,-,-,Jharkhand,02/2012,02/2012,03/2026,-,1842.25,1842.25,1643,95,"Implementation of Transmission Systems in the State of Jharkhand consisting of
400/220/132/33 kV transmission lines and substations under Jharkhand Consultancy
Project
(Power Grid Corporation of India Limited [POWERGRID])
(617326)","02/2012
(02/2012)","03/2026
(-)","1842.25
(1842.25)",SRC-2025-09,520f100f2752c07c7d8e1180cce2258a6966d21b6e37fcbecca0b098835ef318,49,48,All Ongoing Projects,6,pdfplumber_table,twelve_month_gate2:0.1.0,"pdf_page_index=49,table_index=logical8,row_index=8"
OBS-202509-00207,2025-09,207,"Transmission Scheme for Integration of Renewable Energy Zone [Phase II] in Koppal
II [Phase A&B] and gadag II[Phase A] in Karnataka [POWERGRID KOPPAL GADAG
TRANSMISSION LIMITED]",Power Grid Corporation of India Limited [POWERGRID],612140,-,-,Karnataka,12/2023,12/2023,12/2025,03/2026,2889.39,2889.39,1462.89,50,"Transmission Scheme for Integration of Renewable Energy Zone [Phase II] in Koppal
II [Phase A&B] and gadag II[Phase A] in Karnataka [POWERGRID KOPPAL GADAG
TRANSMISSION LIMITED]
(Power Grid Corporation of India Limited [POWERGRID])
(612140)","12/2023
(12/2023)","12/2025
(03/2026)","2889.39
(2889.39)",SRC-2025-09,520f100f2752c07c7d8e1180cce2258a6966d21b6e37fcbecca0b098835ef318,49,48,All Ongoing Projects,6,pdfplumber_table,twelve_month_gate2:0.1.0,"pdf_page_index=49,table_index=logical8,row_index=9"
OBS-202509-00208,2025-09,208,"System Strengthening at Koppal-II and GadagII for integration of RE generation
projects [SPV Name POWERGRID Koppal Gadag Augmentation Transmission
Limited]",Power Grid Corporation of India Limited [POWERGRID],616672,-,-,Karnataka,01/2025,01/2025,06/2027,-,1354,1354,18.14,0,"System Strengthening at Koppal-II and GadagII for integration of RE generation
projects [SPV Name POWERGRID Koppal Gadag Augmentation Transmission
Limited]
(Power Grid Corporation of India Limited [POWERGRID])
(616672)","01/2025
(01/2025)","06/2027
(-)","1354
(1354)",SRC-2025-09,520f100f2752c07c7d8e1180cce2258a6966d21b6e37fcbecca0b098835ef318,49,48,All Ongoing Projects,6,pdfplumber_table,twelve_month_gate2:0.1.0,"pdf_page_index=49,table_index=logical8,row_index=10"
OBS-202509-00209,2025-09,209,"Augmentation of Transformation Capacity by 3x500 MVA, 400/220 KV ICTS [6th-8th]
and 1x1500 MVA, 765/400 KV ICT [4th] at Bidar PS [SPV Name- POWERGRID Bidar
Augmentation Transmission Limited]",Power Grid Corporation of India Limited [POWERGRID],617068,-,-,Karnataka,02/2025,02/2025,06/2027,-,288,288,6.89,0,"Augmentation of Transformation Capacity by 3x500 MVA, 400/220 KV ICTS [6th-8th]
and 1x1500 MVA, 765/400 KV ICT [4th] at Bidar PS [SPV Name- POWERGRID Bidar
Augmentation Transmission Limited]
(Power Grid Corporation of India Limited [POWERGRID])
(617068)","02/2025
(02/2025)","06/2027
(-)","288
(288)",SRC-2025-09,520f100f2752c07c7d8e1180cce2258a6966d21b6e37fcbecca0b098835ef318,49,48,All Ongoing Projects,6,pdfplumber_table,twelve_month_gate2:0.1.0,"pdf_page_index=49,table_index=logical8,row_index=11"
OBS-202509-00210,2025-09,210,"Transmission Scheme for integration of Davanagere/ Chitradurga and Bellary REZ in
Karnataka [POWERGRID Chitradurga Bellary REZ Transmission Limited]",Power Grid Corporation of India Limited [POWERGRID],617184,-,-,Karnataka,03/2025,03/2025,09/2027,-,3453,3453,47.99,0,"Transmission Scheme for integration of Davanagere/ Chitradurga and Bellary REZ in
Karnataka [POWERGRID Chitradurga Bellary REZ Transmission Limited]
(Power Grid Corporation of India Limited [POWERGRID])
(617184)","03/2025
(03/2025)","09/2027
(-)","3453
(3453)",SRC-2025-09,520f100f2752c07c7d8e1180cce2258a6966d21b6e37fcbecca0b098835ef318,49,48,All Ongoing Projects,6,pdfplumber_table,twelve_month_gate2:0.1.0,"pdf_page_index=49,table_index=logical8,row_index=12"
OBS-202509-00211,2025-09,211,"Transmission System for Evacuation of Power from Rajasthan REZ Ph-IV [Part-2
5.5GW] [Jaisalmer/Barmer Complex] Part H1 [POWERGRID KURAWAR
TRANSMISSION LIMITED]",Power Grid Corporation of India Limited [POWERGRID],615344,-,-,Madhya Pradesh,10/2024,10/2024,10/2026,03/2027,3674,3674,551.1,14,"Transmission System for Evacuation of Power from Rajasthan REZ Ph-IV [Part-2
5.5GW] [Jaisalmer/Barmer Complex] Part H1 [POWERGRID KURAWAR
TRANSMISSION LIMITED]
(Power Grid Corporation of India Limited [POWERGRID])
(615344)","10/2024
(10/2024)","10/2026
(03/2027)","3674
(3674)",SRC-2025-09,520f100f2752c07c7d8e1180cce2258a6966d21b6e37fcbecca0b098835ef318,49,48,All Ongoing Projects,6,pdfplumber_table,twelve_month_gate2:0.1.0,"pdf_page_index=49,table_index=logical8,row_index=13"
OBS-202509-00212,2025-09,212,"Transmission System for Evacuation of Power from Rajasthan REZ Ph-IV [Part-2 5.5
GW] [Jaisalmer/Barmer Complex] Part C [SPV Name POWERGRID Mandsaur
Transmission Limited]",Power Grid Corporation of India Limited [POWERGRID],615346,-,-,Madhya Pradesh,08/2024,08/2024,08/2026,12/2026,2708,2708,920.72,37,"Transmission System for Evacuation of Power from Rajasthan REZ Ph-IV [Part-2 5.5
GW] [Jaisalmer/Barmer Complex] Part C [SPV Name POWERGRID Mandsaur
Transmission Limited]
(Power Grid Corporation of India Limited [POWERGRID])
(615346)","08/2024
(08/2024)","08/2026
(12/2026)","2708
(2708)",SRC-2025-09,520f100f2752c07c7d8e1180cce2258a6966d21b6e37fcbecca0b098835ef318,49,48,All Ongoing Projects,6,pdfplumber_table,twelve_month_gate2:0.1.0,"pdf_page_index=49,table_index=logical8,row_index=14"
OBS-202509-00213,2025-09,213,"Transmission System for evacuation of power from Mahan Energen Limited
Generating Station in Madhya Pradesh [SPV Name - POWERGRID MEL Power
Transmission Limited]",Power Grid Corporation of India Limited [POWERGRID],617279,-,-,Madhya Pradesh,06/2025,06/2025,12/2027,-,558,558,27.9,0,"Transmission System for evacuation of power from Mahan Energen Limited
Generating Station in Madhya Pradesh [SPV Name - POWERGRID MEL Power
Transmission Limited]
(Power Grid Corporation of India Limited [POWERGRID])
(617279)","06/2025
(06/2025)","12/2027
(-)","558
(558)",SRC-2025-09,520f100f2752c07c7d8e1180cce2258a6966d21b6e37fcbecca0b098835ef318,49,48,All Ongoing Projects,6,pdfplumber_table,twelve_month_gate2:0.1.0,"pdf_page_index=49,table_index=logical8,row_index=15"
OBS-202509-00214,2025-09,214,"Transmission System for Evacuation of power from Potential RE Zone in Khavda Area
of Gujarat under phase IV 7GW-Part E4",Power Grid Corporation of India Limited [POWERGRID],611966,-,-,Maharashtra,11/2023,11/2023,07/2025,12/2025,224.41,224.41,25.8,12,"Transmission System for Evacuation of power from Potential RE Zone in Khavda Area
of Gujarat under phase IV 7GW-Part E4
(Power Grid Corporation of India Limited [POWERGRID])
(611966)","11/2023
(11/2023)","07/2025
(12/2025)","224.41
(224.41)",SRC-2025-09,520f100f2752c07c7d8e1180cce2258a6966d21b6e37fcbecca0b098835ef318,49,48,All Ongoing Projects,6,pdfplumber_table,twelve_month_gate2:0.1.0,"pdf_page_index=49,table_index=logical8,row_index=16"
OBS-202509-00215,2025-09,215,"Transmission System for Integration of Kurnool-IV REZ Phase-I [for 4.5 GW]
[POWERGRID Kurnool-IV Transmission Limited]",Power Grid Corporation of India Limited [POWERGRID],617185,-,-,"Multi-States
(Andhra Pradesh,
Karnataka)",03/2025,03/2025,03/2027,-,5550,5550,319.68,0,"Transmission System for Integration of Kurnool-IV REZ Phase-I [for 4.5 GW]
[POWERGRID Kurnool-IV Transmission Limited]
(Power Grid Corporation of India Limited [POWERGRID])
(617185)","03/2025
(03/2025)","03/2027
(-)","5550
(5550)",SRC-2025-09,520f100f2752c07c7d8e1180cce2258a6966d21b6e37fcbecca0b098835ef318,49,48,All Ongoing Projects,6,pdfplumber_table,twelve_month_gate2:0.1.0,"pdf_page_index=49,table_index=logical8,row_index=17"
OBS-202509-00216,2025-09,216,"Transmission System for Kurnool Wind Energy Zone/ Solar Energy Zone Part-A and
Part-B",Power Grid Corporation of India Limited [POWERGRID],900808,-,-,"Multi-States
(Andhra Pradesh,
Telangana)",11/2022,03/2023,11/2024,12/2025,3546.94,3546.94,3263.18,96,"Transmission System for Kurnool Wind Energy Zone/ Solar Energy Zone Part-A and
Part-B
(Power Grid Corporation of India Limited [POWERGRID])
(900808)","11/2022
(03/2023)","11/2024
(12/2025)","3546.94
(3546.94)",SRC-2025-09,520f100f2752c07c7d8e1180cce2258a6966d21b6e37fcbecca0b098835ef318,49,48,All Ongoing Projects,6,pdfplumber_table,twelve_month_gate2:0.1.0,"pdf_page_index=49,table_index=logical8,row_index=18"
OBS-202509-00217,2025-09,217,"Comprehensive Scheme for Strengthening of Transmission and Distribution [T&D]
Systems [CSST&DS] in Arunachal Pradesh and Sikkim",Power Grid Corporation of India Limited [POWERGRID],602223,-,-,"Multi-States
(Arunachal
Pradesh, Sikkim)",10/2014,10/2014,12/2018,03/2027,4754.42,9129.32,7598.33,82,"Comprehensive Scheme for Strengthening of Transmission and Distribution [T&D]
Systems [CSST&DS] in Arunachal Pradesh and Sikkim
(Power Grid Corporation of India Limited [POWERGRID])
(602223)","10/2014
(10/2014)","12/2018
(03/2027)","4754.42
(9129.32)",SRC-2025-09,520f100f2752c07c7d8e1180cce2258a6966d21b6e37fcbecca0b098835ef318,49,48,All Ongoing Projects,6,pdfplumber_table,twelve_month_gate2:0.1.0,"pdf_page_index=49,table_index=logical8,row_index=19"
OBS-202509-00218,2025-09,218,"NORTH EASTERN REGION POWER SYSTEM IMPROVEMENT PROJECT
[NERPSIP]",Power Grid Corporation of India Limited [POWERGRID],607709,-,-,"Multi-States
(Assam, Manipur,
Meghalaya,
Mizoram,
Nagaland, Tripura)",12/2014,03/2016,12/2018,12/2025,5111.33,6700,5295.68,96,"NORTH EASTERN REGION POWER SYSTEM IMPROVEMENT PROJECT
[NERPSIP]
(Power Grid Corporation of India Limited [POWERGRID])
(607709)","12/2014
(03/2016)","12/2018
(12/2025)","5111.33
(6700)",SRC-2025-09,520f100f2752c07c7d8e1180cce2258a6966d21b6e37fcbecca0b098835ef318,49,48,All Ongoing Projects,6,pdfplumber_table,twelve_month_gate2:0.1.0,"pdf_page_index=49,table_index=logical8,row_index=20"
OBS-202509-00219,2025-09,219,Eastern Region Expansion Scheme-43 [ERES-43],Power Grid Corporation of India Limited [POWERGRID],617271,-,-,"Multi-States
(Bihar, Odisha,
West Bengal)",09/2024,09/2024,03/2026,06/2026,342.69,342.69,0.7,0,"Eastern Region Expansion Scheme-43 [ERES-43]
(Power Grid Corporation of India Limited [POWERGRID])
(617271)","09/2024
(09/2024)","03/2026
(06/2026)","342.69
(342.69)",SRC-2025-09,520f100f2752c07c7d8e1180cce2258a6966d21b6e37fcbecca0b098835ef318,49,48,All Ongoing Projects,6,pdfplumber_table,twelve_month_gate2:0.1.0,"pdf_page_index=49,table_index=logical8,row_index=21"
OBS-202509-00220,2025-09,220,Eastern Region Expansion Scheme-44 [ERES-44],Power Grid Corporation of India Limited [POWERGRID],617270,-,-,"Multi-States
(Bihar, West
Bengal)",11/2024,11/2024,05/2026,03/2027,408.94,408.94,0.31,0,"Eastern Region Expansion Scheme-44 [ERES-44]
(Power Grid Corporation of India Limited [POWERGRID])
(617270)","11/2024
(11/2024)","05/2026
(03/2027)","408.94
(408.94)",SRC-2025-09,520f100f2752c07c7d8e1180cce2258a6966d21b6e37fcbecca0b098835ef318,49,48,All Ongoing Projects,6,pdfplumber_table,twelve_month_gate2:0.1.0,"pdf_page_index=49,table_index=logical8,row_index=22"
OBS-202509-00221,2025-09,221,Transmission Network Expansion in Gujarat to increase its ATC from ISTS Part B,Power Grid Corporation of India Limited [POWERGRID],400005,-,-,"Multi-States
(Dadra & Nagar
Haveli and Daman
& Diu, Gujarat,
Maharashtra)",01/2022,07/2022,06/2023,12/2025,4546.26,4546.26,4210.29,93,"Transmission Network Expansion in Gujarat to increase its ATC from ISTS Part B
(Power Grid Corporation of India Limited [POWERGRID])
(400005)","01/2022
(07/2022)","06/2023
(12/2025)","4546.26
(4546.26)",SRC-2025-09,520f100f2752c07c7d8e1180cce2258a6966d21b6e37fcbecca0b098835ef318,50,49,All Ongoing Projects,6,pdfplumber_table,twelve_month_gate2:0.1.0,"pdf_page_index=50,table_index=logical8,row_index=1"
OBS-202509-00222,2025-09,222,"Transmission System Strengthening Scheme for evacuation of power from SEZ in
Rajasthan 8.1 GW under Phase II Part G",Power Grid Corporation of India Limited [POWERGRID],608922,-,-,"Multi-States (Delhi,
Haryana,
Rajasthan)",05/2022,05/2022,11/2023,11/2025,1666,2218,2129.28,95,"Transmission System Strengthening Scheme for evacuation of power from SEZ in
Rajasthan 8.1 GW under Phase II Part G
(Power Grid Corporation of India Limited [POWERGRID])
(608922)","05/2022
(05/2022)","11/2023
(11/2025)","1666
(2218)",SRC-2025-09,520f100f2752c07c7d8e1180cce2258a6966d21b6e37fcbecca0b098835ef318,50,49,All Ongoing Projects,6,pdfplumber_table,twelve_month_gate2:0.1.0,"pdf_page_index=50,table_index=logical8,row_index=2"
OBS-202509-00223,2025-09,223,"Transmission system for evacuation of power from REZ in Rajasthan 20GW under
Phase-III Part J",Power Grid Corporation of India Limited [POWERGRID],611735,-,-,"Multi-States (Delhi,
Rajasthan)",12/2022,12/2022,03/2025,04/2026,331,331,129.09,30,"Transmission system for evacuation of power from REZ in Rajasthan 20GW under
Phase-III Part J
(Power Grid Corporation of India Limited [POWERGRID])
(611735)","12/2022
(12/2022)","03/2025
(04/2026)","331
(331)",SRC-2025-09,520f100f2752c07c7d8e1180cce2258a6966d21b6e37fcbecca0b098835ef318,50,49,All Ongoing Projects,6,pdfplumber_table,twelve_month_gate2:0.1.0,"pdf_page_index=50,table_index=logical8,row_index=3"
OBS-202509-00224,2025-09,224,"Transmission Scheme for Evacuation of power from REZ in Rajasthan [20 GW] under
Phase-III Part D [Sikar Khetri Transmission Ltd]",Power Grid Corporation of India Limited [POWERGRID],612132,-,-,"Multi-States (Delhi,
Rajasthan)",02/2024,02/2024,08/2025,05/2026,2000,2000,1420,65,"Transmission Scheme for Evacuation of power from REZ in Rajasthan [20 GW] under
Phase-III Part D [Sikar Khetri Transmission Ltd]
(Power Grid Corporation of India Limited [POWERGRID])
(612132)","02/2024
(02/2024)","08/2025
(05/2026)","2000
(2000)",SRC-2025-09,520f100f2752c07c7d8e1180cce2258a6966d21b6e37fcbecca0b098835ef318,50,49,All Ongoing Projects,6,pdfplumber_table,twelve_month_gate2:0.1.0,"pdf_page_index=50,table_index=logical8,row_index=4"
OBS-202509-00225,2025-09,225,"TRANSMISSION SYSTEM FOR EVACUATION OF POWER FROM POTENTIAL
RENEWABLE ENERGY ZONE IN KHAVDA AREA OF GUJARAT UNDER PHASE-V
[8 GW] PART A [SPV Name POWERGRID West Central Transmission Limited]",Power Grid Corporation of India Limited [POWERGRID],615347,-,-,"Multi-States
(Gujarat,
Maharashtra)",11/2024,11/2024,05/2029,-,24819,24819,1856.46,1,"TRANSMISSION SYSTEM FOR EVACUATION OF POWER FROM POTENTIAL
RENEWABLE ENERGY ZONE IN KHAVDA AREA OF GUJARAT UNDER PHASE-V
[8 GW] PART A [SPV Name POWERGRID West Central Transmission Limited]
(Power Grid Corporation of India Limited [POWERGRID])
(615347)","11/2024
(11/2024)","05/2029
(-)","24819
(24819)",SRC-2025-09,520f100f2752c07c7d8e1180cce2258a6966d21b6e37fcbecca0b098835ef318,50,49,All Ongoing Projects,6,pdfplumber_table,twelve_month_gate2:0.1.0,"pdf_page_index=50,table_index=logical8,row_index=5"
OBS-202509-00226,2025-09,226,"Transmission system for evacuation of power from Rajasthan REZ Ph-IV [Part-
3/6GW] [Bikaner complex] Part A [SPV Name POWERGRID Bikaner IV Transmission
Limited]",Power Grid Corporation of India Limited [POWERGRID],615339,-,-,"Multi-States
(Haryana, Punjab,
Rajasthan)",11/2024,11/2024,11/2026,03/2027,5969,5969,344.41,8,"Transmission system for evacuation of power from Rajasthan REZ Ph-IV [Part-
3/6GW] [Bikaner complex] Part A [SPV Name POWERGRID Bikaner IV Transmission
Limited]
(Power Grid Corporation of India Limited [POWERGRID])
(615339)","11/2024
(11/2024)","11/2026
(03/2027)","5969
(5969)",SRC-2025-09,520f100f2752c07c7d8e1180cce2258a6966d21b6e37fcbecca0b098835ef318,50,49,All Ongoing Projects,6,pdfplumber_table,twelve_month_gate2:0.1.0,"pdf_page_index=50,table_index=logical8,row_index=6"
OBS-202509-00227,2025-09,227,"TRANSMISSION SYSTEM FOR EVACUATION OF POWER FROM RAJASTHAN
REZ PH-IV [PART-3/ 6 GW] [BIKANER COMPLEX] PART B [SPV Name
POWERGRID Siwani Transmission Limited]",Power Grid Corporation of India Limited [POWERGRID],615340,-,-,"Multi-States
(Haryana,
Rajasthan)",11/2024,11/2024,11/2026,03/2027,5357,5357,348.2,11,"TRANSMISSION SYSTEM FOR EVACUATION OF POWER FROM RAJASTHAN
REZ PH-IV [PART-3/ 6 GW] [BIKANER COMPLEX] PART B [SPV Name
POWERGRID Siwani Transmission Limited]
(Power Grid Corporation of India Limited [POWERGRID])
(615340)","11/2024
(11/2024)","11/2026
(03/2027)","5357
(5357)",SRC-2025-09,520f100f2752c07c7d8e1180cce2258a6966d21b6e37fcbecca0b098835ef318,50,49,All Ongoing Projects,6,pdfplumber_table,twelve_month_gate2:0.1.0,"pdf_page_index=50,table_index=logical8,row_index=7"
OBS-202509-00228,2025-09,228,Transmission System for Strengthening of Srinagar-Leh Tr. System,Power Grid Corporation of India Limited [POWERGRID],606781,-,-,"Multi-States
(Jammu and
Kashmir, Ladakh)",03/2022,03/2022,12/2024,10/2025,288.71,288.71,242.52,91,"Transmission System for Strengthening of Srinagar-Leh Tr. System
(Power Grid Corporation of India Limited [POWERGRID])
(606781)","03/2022
(03/2022)","12/2024
(10/2025)","288.71
(288.71)",SRC-2025-09,520f100f2752c07c7d8e1180cce2258a6966d21b6e37fcbecca0b098835ef318,50,49,All Ongoing Projects,6,pdfplumber_table,twelve_month_gate2:0.1.0,"pdf_page_index=50,table_index=logical8,row_index=8"
OBS-202509-00229,2025-09,229,"Transmission Scheme for Solar Energy Zone in Bidar [2500 MW], Karnataka [Bidar
Transmission Ltd]",Power Grid Corporation of India Limited [POWERGRID],612138,-,-,"Multi-States
(Karnataka,
Telangana)",02/2024,02/2024,02/2026,06/2026,2147.62,2147.62,1310.04,64,"Transmission Scheme for Solar Energy Zone in Bidar [2500 MW], Karnataka [Bidar
Transmission Ltd]
(Power Grid Corporation of India Limited [POWERGRID])
(612138)","02/2024
(02/2024)","02/2026
(06/2026)","2147.62
(2147.62)",SRC-2025-09,520f100f2752c07c7d8e1180cce2258a6966d21b6e37fcbecca0b098835ef318,50,49,All Ongoing Projects,6,pdfplumber_table,twelve_month_gate2:0.1.0,"pdf_page_index=50,table_index=logical8,row_index=9"
OBS-202509-00230,2025-09,230,"Transmission System for Evacuation of Power from Rajasthan REZ Ph-IV [Part-2 5.5
GW] [Jaisalmer/Barmer Complex] Part D [SPV Name POWERGRID Beawar
Mandsaur Transmission Limited]",Power Grid Corporation of India Limited [POWERGRID],615333,-,-,"Multi-States
(Madhya Pradesh,
Rajasthan)",08/2024,08/2024,08/2026,-,2227,2227,779.45,21,"Transmission System for Evacuation of Power from Rajasthan REZ Ph-IV [Part-2 5.5
GW] [Jaisalmer/Barmer Complex] Part D [SPV Name POWERGRID Beawar
Mandsaur Transmission Limited]
(Power Grid Corporation of India Limited [POWERGRID])
(615333)","08/2024
(08/2024)","08/2026
(-)","2227
(2227)",SRC-2025-09,520f100f2752c07c7d8e1180cce2258a6966d21b6e37fcbecca0b098835ef318,50,49,All Ongoing Projects,6,pdfplumber_table,twelve_month_gate2:0.1.0,"pdf_page_index=50,table_index=logical8,row_index=10"
OBS-202509-00231,2025-09,231,"Transmission System for Evacuation of Power from Rajasthan REZ Ph-IV [Part-2 5.5
GW] [Jaisalmer/Barmer Complex] Part E [SPV Name POWERGRID Mewar
Transmission Limited]",Power Grid Corporation of India Limited [POWERGRID],615334,-,-,"Multi-States
(Madhya Pradesh,
Rajasthan)",08/2024,08/2024,08/2026,03/2027,3251,3251,910.28,20,"Transmission System for Evacuation of Power from Rajasthan REZ Ph-IV [Part-2 5.5
GW] [Jaisalmer/Barmer Complex] Part E [SPV Name POWERGRID Mewar
Transmission Limited]
(Power Grid Corporation of India Limited [POWERGRID])
(615334)","08/2024
(08/2024)","08/2026
(03/2027)","3251
(3251)",SRC-2025-09,520f100f2752c07c7d8e1180cce2258a6966d21b6e37fcbecca0b098835ef318,50,49,All Ongoing Projects,6,pdfplumber_table,twelve_month_gate2:0.1.0,"pdf_page_index=50,table_index=logical8,row_index=11"
OBS-202509-00232,2025-09,232,"Rajasthan REZ Ph-V [Part-1- 4 GW] [Sirohi/Nagaur] Complex [Rajasthan V Power
Transmission Limited]",Power Grid Corporation of India Limited [POWERGRID],617186,-,-,"Multi-States
(Madhya Pradesh,
Rajasthan)",03/2025,03/2025,03/2027,-,5028,5028,256.93,1,"Rajasthan REZ Ph-V [Part-1- 4 GW] [Sirohi/Nagaur] Complex [Rajasthan V Power
Transmission Limited]
(Power Grid Corporation of India Limited [POWERGRID])
(617186)","03/2025
(03/2025)","03/2027
(-)","5028
(5028)",SRC-2025-09,520f100f2752c07c7d8e1180cce2258a6966d21b6e37fcbecca0b098835ef318,50,49,All Ongoing Projects,6,pdfplumber_table,twelve_month_gate2:0.1.0,"pdf_page_index=50,table_index=logical8,row_index=12"
OBS-202509-00233,2025-09,233,"Transmission System for Evacuation of power from Rajasthan REZ Ph-IV [Part-1]
[Bikaner Complex] Part D [Neemrana Bareilly Transmission Ltd]",Power Grid Corporation of India Limited [POWERGRID],612133,-,-,"Multi-States
(Rajasthan, Uttar
Pradesh)",12/2023,12/2023,12/2025,06/2026,2056,2056,1583.12,60,"Transmission System for Evacuation of power from Rajasthan REZ Ph-IV [Part-1]
[Bikaner Complex] Part D [Neemrana Bareilly Transmission Ltd]
(Power Grid Corporation of India Limited [POWERGRID])
(612133)","12/2023
(12/2023)","12/2025
(06/2026)","2056
(2056)",SRC-2025-09,520f100f2752c07c7d8e1180cce2258a6966d21b6e37fcbecca0b098835ef318,50,49,All Ongoing Projects,6,pdfplumber_table,twelve_month_gate2:0.1.0,"pdf_page_index=50,table_index=logical8,row_index=13"
OBS-202509-00234,2025-09,234,"Transmission System for evacuation of Power from Rajasthan REZ Ph-IV [Part-4 3.5
GW] Part A [SPV name POWERGRID Ghiror Transmission Limited]",Power Grid Corporation of India Limited [POWERGRID],616670,-,-,"Multi-States
(Rajasthan, Uttar
Pradesh)",12/2024,12/2024,12/2026,03/2027,5846,5846,391.68,6,"Transmission System for evacuation of Power from Rajasthan REZ Ph-IV [Part-4 3.5
GW] Part A [SPV name POWERGRID Ghiror Transmission Limited]
(Power Grid Corporation of India Limited [POWERGRID])
(616670)","12/2024
(12/2024)","12/2026
(03/2027)","5846
(5846)",SRC-2025-09,520f100f2752c07c7d8e1180cce2258a6966d21b6e37fcbecca0b098835ef318,50,49,All Ongoing Projects,6,pdfplumber_table,twelve_month_gate2:0.1.0,"pdf_page_index=50,table_index=logical8,row_index=14"
OBS-202509-00235,2025-09,235,"Transmission system strengthening scheme for evacuation of power from solar energy
zones in Rajasthan[8.1 GW] under phase-II- Part E",Power Grid Corporation of India Limited [POWERGRID],611659,-,-,Rajasthan,03/2023,03/2023,09/2024,10/2025,1433.28,1433,1390.01,97,"Transmission system strengthening scheme for evacuation of power from solar energy
zones in Rajasthan[8.1 GW] under phase-II- Part E
(Power Grid Corporation of India Limited [POWERGRID])
(611659)","03/2023
(03/2023)","09/2024
(10/2025)","1433.28
(1433)",SRC-2025-09,520f100f2752c07c7d8e1180cce2258a6966d21b6e37fcbecca0b098835ef318,50,49,All Ongoing Projects,6,pdfplumber_table,twelve_month_gate2:0.1.0,"pdf_page_index=50,table_index=logical8,row_index=15"
OBS-202509-00236,2025-09,236,"Transmission System for Evacuation of Power from REZ in Rajasthan 20GW under
Phase III- Part E2",Power Grid Corporation of India Limited [POWERGRID],611947,-,-,Rajasthan,11/2023,11/2023,06/2025,12/2025,428.3,428.3,205.58,54,"Transmission System for Evacuation of Power from REZ in Rajasthan 20GW under
Phase III- Part E2
(Power Grid Corporation of India Limited [POWERGRID])
(611947)","11/2023
(11/2023)","06/2025
(12/2025)","428.3
(428.3)",SRC-2025-09,520f100f2752c07c7d8e1180cce2258a6966d21b6e37fcbecca0b098835ef318,50,49,All Ongoing Projects,6,pdfplumber_table,twelve_month_gate2:0.1.0,"pdf_page_index=50,table_index=logical8,row_index=16"
OBS-202509-00237,2025-09,237,"Transmission system for evacuation of power from REZ in Rajasthan 20 GW under
Phase-III part H",Power Grid Corporation of India Limited [POWERGRID],611948,-,-,Rajasthan,10/2023,10/2023,04/2025,12/2025,2211.29,2211.29,1879.59,84,"Transmission system for evacuation of power from REZ in Rajasthan 20 GW under
Phase-III part H
(Power Grid Corporation of India Limited [POWERGRID])
(611948)","10/2023
(10/2023)","04/2025
(12/2025)","2211.29
(2211.29)",SRC-2025-09,520f100f2752c07c7d8e1180cce2258a6966d21b6e37fcbecca0b098835ef318,50,49,All Ongoing Projects,6,pdfplumber_table,twelve_month_gate2:0.1.0,"pdf_page_index=50,table_index=logical8,row_index=17"
OBS-202509-00238,2025-09,238,"Transmission system for evacuation of power from REZ in Rajasthan 20 GW under
Phase-III part C1",Power Grid Corporation of India Limited [POWERGRID],611949,-,-,Rajasthan,10/2023,10/2023,04/2025,03/2026,1796.02,1796.02,1347.01,85,"Transmission system for evacuation of power from REZ in Rajasthan 20 GW under
Phase-III part C1
(Power Grid Corporation of India Limited [POWERGRID])
(611949)","10/2023
(10/2023)","04/2025
(03/2026)","1796.02
(1796.02)",SRC-2025-09,520f100f2752c07c7d8e1180cce2258a6966d21b6e37fcbecca0b098835ef318,50,49,All Ongoing Projects,6,pdfplumber_table,twelve_month_gate2:0.1.0,"pdf_page_index=50,table_index=logical8,row_index=18"
OBS-202509-00239,2025-09,239,"Transmission system for evacuation of power from REZ in Rajasthan 20 GW under
Phase-III part B1",Power Grid Corporation of India Limited [POWERGRID],611950,-,-,Rajasthan,09/2023,09/2023,04/2025,12/2025,2190.54,2190.54,1905.77,89,"Transmission system for evacuation of power from REZ in Rajasthan 20 GW under
Phase-III part B1
(Power Grid Corporation of India Limited [POWERGRID])
(611950)","09/2023
(09/2023)","04/2025
(12/2025)","2190.54
(2190.54)",SRC-2025-09,520f100f2752c07c7d8e1180cce2258a6966d21b6e37fcbecca0b098835ef318,50,49,All Ongoing Projects,6,pdfplumber_table,twelve_month_gate2:0.1.0,"pdf_page_index=50,table_index=logical8,row_index=19"
OBS-202509-00240,2025-09,240,"Transmission system for evacuation of power from REZ in Rajasthan 20GW under
Phase-III Part E1",Power Grid Corporation of India Limited [POWERGRID],611951,-,-,Rajasthan,12/2021,08/2023,02/2025,09/2025,688.74,688.74,633.42,97,"Transmission system for evacuation of power from REZ in Rajasthan 20GW under
Phase-III Part E1
(Power Grid Corporation of India Limited [POWERGRID])
(611951)","12/2021
(08/2023)","02/2025
(09/2025)","688.74
(688.74)",SRC-2025-09,520f100f2752c07c7d8e1180cce2258a6966d21b6e37fcbecca0b098835ef318,50,49,All Ongoing Projects,6,pdfplumber_table,twelve_month_gate2:0.1.0,"pdf_page_index=50,table_index=logical8,row_index=20"
OBS-202509-00241,2025-09,241,"Transmission System for Evacuation of power from Rajasthan REZ Ph-IV [Part-1]
[Bikaner Complex] Part A [Bikaner Neemrana Transmission Ltd]",Power Grid Corporation of India Limited [POWERGRID],612134,-,-,Rajasthan,12/2023,12/2023,12/2025,06/2026,2998.34,2998.34,1978.9,54,"Transmission System for Evacuation of power from Rajasthan REZ Ph-IV [Part-1]
[Bikaner Complex] Part A [Bikaner Neemrana Transmission Ltd]
(Power Grid Corporation of India Limited [POWERGRID])
(612134)","12/2023
(12/2023)","12/2025
(06/2026)","2998.34
(2998.34)",SRC-2025-09,520f100f2752c07c7d8e1180cce2258a6966d21b6e37fcbecca0b098835ef318,50,49,All Ongoing Projects,6,pdfplumber_table,twelve_month_gate2:0.1.0,"pdf_page_index=50,table_index=logical8,row_index=21"
OBS-202509-00242,2025-09,242,"Transmission System for Evacuation of Power from Rajasthan REZ Ph-IV [Part-2 5.5
GW][Jaisalmer/Barmer Complex] Part B [SPV Name POWERGRID Sirohi
Transmission Limited]",Power Grid Corporation of India Limited [POWERGRID],615332,-,-,Rajasthan,08/2024,08/2024,08/2026,12/2026,3279,3279,819.75,23,"Transmission System for Evacuation of Power from Rajasthan REZ Ph-IV [Part-2 5.5
GW][Jaisalmer/Barmer Complex] Part B [SPV Name POWERGRID Sirohi
Transmission Limited]
(Power Grid Corporation of India Limited [POWERGRID])
(615332)","08/2024
(08/2024)","08/2026
(12/2026)","3279
(3279)",SRC-2025-09,520f100f2752c07c7d8e1180cce2258a6966d21b6e37fcbecca0b098835ef318,50,49,All Ongoing Projects,6,pdfplumber_table,twelve_month_gate2:0.1.0,"pdf_page_index=50,table_index=logical8,row_index=22"
OBS-202509-00243,2025-09,243,"Transmission System Strengthening for Interconnections of Bhadla-III & Bikaner III
Complex [SPV Name POWERGRID BHADLA BIKANER TRANSMISSION LIMITED]",Power Grid Corporation of India Limited [POWERGRID],615335,-,-,Rajasthan,08/2024,08/2024,08/2026,12/2026,1382,1382,113.46,7,"Transmission System Strengthening for Interconnections of Bhadla-III & Bikaner III
Complex [SPV Name POWERGRID BHADLA BIKANER TRANSMISSION LIMITED]
(Power Grid Corporation of India Limited [POWERGRID])
(615335)","08/2024
(08/2024)","08/2026
(12/2026)","1382
(1382)",SRC-2025-09,520f100f2752c07c7d8e1180cce2258a6966d21b6e37fcbecca0b098835ef318,51,50,All Ongoing Projects,6,pdfplumber_table,twelve_month_gate2:0.1.0,"pdf_page_index=51,table_index=logical8,row_index=3"
OBS-202509-00244,2025-09,244,"Additional Transmission System for evacuation of Power from Bhadla-III PS as part of
Rajasthan REZ Phase III Scheme [20 GW] [SPV Name POWERGRID Bhadla-III
Power Transmission Limited]",Power Grid Corporation of India Limited [POWERGRID],615337,-,-,Rajasthan,08/2024,08/2024,02/2026,03/2026,369,369,92.26,19,"Additional Transmission System for evacuation of Power from Bhadla-III PS as part of
Rajasthan REZ Phase III Scheme [20 GW] [SPV Name POWERGRID Bhadla-III
Power Transmission Limited]
(Power Grid Corporation of India Limited [POWERGRID])
(615337)","08/2024
(08/2024)","02/2026
(03/2026)","369
(369)",SRC-2025-09,520f100f2752c07c7d8e1180cce2258a6966d21b6e37fcbecca0b098835ef318,51,50,All Ongoing Projects,6,pdfplumber_table,twelve_month_gate2:0.1.0,"pdf_page_index=51,table_index=logical8,row_index=4"
OBS-202509-00245,2025-09,245,"TRANSMISSION SYSTEM FOR EVACUATION OF POWER FROM RAJASTHAN
REZ PH -IV [PART-2 5.5 GW] [JAISALMER/BARMER COMPLEX] PART F [SPV
Name POWERGRID BARMER I TRANSMISSION LIMITED]",Power Grid Corporation of India Limited [POWERGRID],615338,-,-,Rajasthan,11/2024,11/2024,11/2026,06/2027,2735,2735,156.44,10,"TRANSMISSION SYSTEM FOR EVACUATION OF POWER FROM RAJASTHAN
REZ PH -IV [PART-2 5.5 GW] [JAISALMER/BARMER COMPLEX] PART F [SPV
Name POWERGRID BARMER I TRANSMISSION LIMITED]
(Power Grid Corporation of India Limited [POWERGRID])
(615338)","11/2024
(11/2024)","11/2026
(06/2027)","2735
(2735)",SRC-2025-09,520f100f2752c07c7d8e1180cce2258a6966d21b6e37fcbecca0b098835ef318,51,50,All Ongoing Projects,6,pdfplumber_table,twelve_month_gate2:0.1.0,"pdf_page_index=51,table_index=logical8,row_index=5"
OBS-202509-00246,2025-09,246,"Augmentation at Fatehgarh-II PS, Fatehgarh-IV PS [Section-II] and Barmer-I PS
[POWERGRID Fatehgarh Barmer Augmentation Transmission Limited]",Power Grid Corporation of India Limited [POWERGRID],617181,-,-,Rajasthan,03/2025,03/2025,12/2026,03/2027,404,404,16.04,0,"Augmentation at Fatehgarh-II PS, Fatehgarh-IV PS [Section-II] and Barmer-I PS
[POWERGRID Fatehgarh Barmer Augmentation Transmission Limited]
(Power Grid Corporation of India Limited [POWERGRID])
(617181)","03/2025
(03/2025)","12/2026
(03/2027)","404
(404)",SRC-2025-09,520f100f2752c07c7d8e1180cce2258a6966d21b6e37fcbecca0b098835ef318,51,50,All Ongoing Projects,6,pdfplumber_table,twelve_month_gate2:0.1.0,"pdf_page_index=51,table_index=logical8,row_index=6"
OBS-202509-00247,2025-09,247,"Transmission System under ISTS for evacuation of Power from Kudankulam Unit-3&4
[2x1000 MW] [SPV Name POWERGRID Kudankulam Tarnsmission Limited]",Power Grid Corporation of India Limited [POWERGRID],616671,-,-,Tamil Nadu,01/2025,01/2025,12/2026,12/2026,548,548,23.72,7,"Transmission System under ISTS for evacuation of Power from Kudankulam Unit-3&4
[2x1000 MW] [SPV Name POWERGRID Kudankulam Tarnsmission Limited]
(Power Grid Corporation of India Limited [POWERGRID])
(616671)","01/2025
(01/2025)","12/2026
(12/2026)","548
(548)",SRC-2025-09,520f100f2752c07c7d8e1180cce2258a6966d21b6e37fcbecca0b098835ef318,51,50,All Ongoing Projects,6,pdfplumber_table,twelve_month_gate2:0.1.0,"pdf_page_index=51,table_index=logical8,row_index=7"
OBS-202509-00248,2025-09,248,"Transmission System for Strengthening to facilitate evacuation of power from
Bhadla/Bikaner Complex",Power Grid Corporation of India Limited [POWERGRID],617269,-,-,Uttar Pradesh,12/2024,12/2024,06/2026,08/2026,212.81,212.81,0.3,0,"Transmission System for Strengthening to facilitate evacuation of power from
Bhadla/Bikaner Complex
(Power Grid Corporation of India Limited [POWERGRID])
(617269)","12/2024
(12/2024)","06/2026
(08/2026)","212.81
(212.81)",SRC-2025-09,520f100f2752c07c7d8e1180cce2258a6966d21b6e37fcbecca0b098835ef318,51,50,All Ongoing Projects,6,pdfplumber_table,twelve_month_gate2:0.1.0,"pdf_page_index=51,table_index=logical8,row_index=8"
OBS-202509-00249,2025-09,249,"C/o 184 MS Flats for Hon'ble MPs at BKS Marg, New Delhi",Central Public Works Department [CPWD],617282,-,-,Delhi,01/2022,05/2022,05/2025,09/2025,646.53,646.52,540.04,100,"C/o 184 MS Flats for Hon'ble MPs at BKS Marg, New Delhi
(Central Public Works Department [CPWD])
(617282)","01/2022
(05/2022)","05/2025
(09/2025)","646.53
(646.52)",SRC-2025-09,520f100f2752c07c7d8e1180cce2258a6966d21b6e37fcbecca0b098835ef318,51,50,All Ongoing Projects,6,pdfplumber_table,twelve_month_gate2:0.1.0,"pdf_page_index=51,table_index=logical8,row_index=12"
OBS-202509-00250,2025-09,250,"Construction of One Tower of Office Complex and another Tower of Residential
quarters consisting of 10Nos. Type-V, 10Nos. Type-VI & 1No.Type-VII Quarters i/c
internal water supply, sanitary installation and all development and bulk services,
Horticulture works on EPC Mode-I basis i/c comprehensive operation and
maintenance of Civil, E&M services for 7 years after completion of original
construction work for Ranga Reddy, Secunderabad, Medchal, AuditI, Audit-II
Commissionerates of Central Tax at Khajaguda, Serilingampally, Hyderabad.",Central Public Works Department - CPWD,617412,-,-,Telangana,03/2024,11/2024,09/2027,-,644,644,87.6,6,"Construction of One Tower of Office Complex and another Tower of Residential
quarters consisting of 10Nos. Type-V, 10Nos. Type-VI & 1No.Type-VII Quarters i/c
internal water supply, sanitary installation and all development and bulk services,
Horticulture works on EPC Mode-I basis i/c comprehensive operation and
maintenance of Civil, E&M services for 7 years after completion of original
construction work for Ranga Reddy, Secunderabad, Medchal, AuditI, Audit-II
Commissionerates of Central Tax at Khajaguda, Serilingampally, Hyderabad.
(Central Public Works Department - CPWD)
(617412)","03/2024
(11/2024)","09/2027
(-)","644
(644)",SRC-2025-09,520f100f2752c07c7d8e1180cce2258a6966d21b6e37fcbecca0b098835ef318,51,50,All Ongoing Projects,6,pdfplumber_table,twelve_month_gate2:0.1.0,"pdf_page_index=51,table_index=logical8,row_index=13"
OBS-202509-00251,2025-09,251,Chennai Metro Rail Phase-II Development Project,Chennai Metro Rail Limited [CMRL],702668,-,-,Tamil Nadu,10/2024,11/2020,08/2029,-,63246,63246,27456.44,46,"Chennai Metro Rail Phase-II Development Project
(Chennai Metro Rail Limited [CMRL])
(702668)","10/2024
(11/2020)","08/2029
(-)","63246
(63246)",SRC-2025-09,520f100f2752c07c7d8e1180cce2258a6966d21b6e37fcbecca0b098835ef318,51,50,All Ongoing Projects,6,pdfplumber_table,twelve_month_gate2:0.1.0,"pdf_page_index=51,table_index=logical8,row_index=16"
OBS-202509-00252,2025-09,252,"Integrated Command control Center [ICCC] - Construction and Development of
Integrated Command Control Center with Security, Surveillance, ITMS, Connecting
Port, Ship Service, Smart Solid Waste Management, Smart Public Transport System",ministry of housing and urban affairs,707229,-,-,"Andaman &
Nicobar",07/2021,11/2021,05/2023,-,209.88,209.88,0,70,"Integrated Command control Center [ICCC] - Construction and Development of
Integrated Command Control Center with Security, Surveillance, ITMS, Connecting
Port, Ship Service, Smart Solid Waste Management, Smart Public Transport System
(ministry of housing and urban affairs)
(707229)","07/2021
(11/2021)","05/2023
(-)","209.88
(209.88)",SRC-2025-09,520f100f2752c07c7d8e1180cce2258a6966d21b6e37fcbecca0b098835ef318,51,50,All Ongoing Projects,6,pdfplumber_table,twelve_month_gate2:0.1.0,"pdf_page_index=51,table_index=logical8,row_index=19"
OBS-202509-00253,2025-09,253,"Redevelopment of Seven General Pool Residential Accommodation [GPRA] Colonies
in Delhi",National Buildings Construction Corporation [NBCC],400188,-,-,Delhi,07/2016,05/2018,12/2025,12/2025,32850,32850,0,0,"Redevelopment of Seven General Pool Residential Accommodation [GPRA] Colonies
in Delhi
(National Buildings Construction Corporation [NBCC])
(400188)","07/2016
(05/2018)","12/2025
(12/2025)","32850
(32850)",SRC-2025-09,520f100f2752c07c7d8e1180cce2258a6966d21b6e37fcbecca0b098835ef318,51,50,All Ongoing Projects,6,pdfplumber_table,twelve_month_gate2:0.1.0,"pdf_page_index=51,table_index=logical8,row_index=20"
OBS-202509-00254,2025-09,254,Rehablitation in Junavadaj Area Smart City Project,ministry of housing and urban affairs,701719,-,-,Gujarat,NA,06/2016,07/2022,-,539,539,39.63,50,"Rehablitation in Junavadaj Area Smart City Project
(ministry of housing and urban affairs)
(701719)","NA
(06/2016)","07/2022
(-)","539
(539)",SRC-2025-09,520f100f2752c07c7d8e1180cce2258a6966d21b6e37fcbecca0b098835ef318,51,50,All Ongoing Projects,6,pdfplumber_table,twelve_month_gate2:0.1.0,"pdf_page_index=51,table_index=logical8,row_index=21"
OBS-202509-00255,2025-09,255,Green Building Development Project,ministry of housing and urban affairs,701766,-,-,Uttarakhand,NA,08/2019,11/2023,-,150.97,150.97,18.95,31,"Green Building Development Project
(ministry of housing and urban affairs)
(701766)","NA
(08/2019)","11/2023
(-)","150.97
(150.97)",SRC-2025-09,520f100f2752c07c7d8e1180cce2258a6966d21b6e37fcbecca0b098835ef318,51,50,All Ongoing Projects,6,pdfplumber_table,twelve_month_gate2:0.1.0,"pdf_page_index=51,table_index=logical8,row_index=22"
OBS-202509-00256,2025-09,256,Patna Metro Rail Project,Patna Metro Rail Corporation Ltd. [PMRCL],702627,-,-,Bihar,02/2019,02/2019,02/2024,06/2027,13365.77,13365.8,4039.77,46,"Patna Metro Rail Project
(Patna Metro Rail Corporation Ltd. [PMRCL])
(702627)","02/2019
(02/2019)","02/2024
(06/2027)","13365.77
(13365.8)",SRC-2025-09,520f100f2752c07c7d8e1180cce2258a6966d21b6e37fcbecca0b098835ef318,51,50,All Ongoing Projects,6,pdfplumber_table,twelve_month_gate2:0.1.0,"pdf_page_index=51,table_index=logical8,row_index=25"
OBS-202509-00257,2025-09,257,Delhi Metro Rail Phase-IV [2 Corridors],Delhi Metro Rail Corporation Limited [DMRC],617207,-,-,Delhi,03/2024,03/2024,03/2029,-,8399.81,8399.81,30.27,0,"Delhi Metro Rail Phase-IV [2 Corridors]
(Delhi Metro Rail Corporation Limited [DMRC])
(617207)","03/2024
(03/2024)","03/2029
(-)","8399.81
(8399.81)",SRC-2025-09,520f100f2752c07c7d8e1180cce2258a6966d21b6e37fcbecca0b098835ef318,51,50,All Ongoing Projects,6,pdfplumber_table,twelve_month_gate2:0.1.0,"pdf_page_index=51,table_index=logical8,row_index=26"
OBS-202509-00258,2025-09,258,DMRTS Phase - IV [3 Priority Corridors],Delhi Metro Rail Corporation Limited [DMRC],702632,-,-,Delhi,NA,07/2019,03/2025,03/2026,24948.65,24948.7,17380.16,70,"DMRTS Phase - IV [3 Priority Corridors]
(Delhi Metro Rail Corporation Limited [DMRC])
(702632)","NA
(07/2019)","03/2025
(03/2026)","24948.65
(24948.7)",SRC-2025-09,520f100f2752c07c7d8e1180cce2258a6966d21b6e37fcbecca0b098835ef318,51,50,All Ongoing Projects,6,pdfplumber_table,twelve_month_gate2:0.1.0,"pdf_page_index=51,table_index=logical8,row_index=27"
OBS-202509-00259,2025-09,259,Surat Metro Rail Project,Gujarat Metro Rail Corporation Limited [GMRCL],702630,-,-,Gujarat,03/2019,04/2019,03/2024,06/2026,12020.32,12020.3,7791.18,71,"Surat Metro Rail Project
(Gujarat Metro Rail Corporation Limited [GMRCL])
(702630)","03/2019
(04/2019)","03/2024
(06/2026)","12020.32
(12020.3)",SRC-2025-09,520f100f2752c07c7d8e1180cce2258a6966d21b6e37fcbecca0b098835ef318,51,50,All Ongoing Projects,6,pdfplumber_table,twelve_month_gate2:0.1.0,"pdf_page_index=51,table_index=logical8,row_index=28"
OBS-202509-00260,2025-09,260,"Ahmedabad Metro Rail Project, Phase-II",Gujarat Metro Rail Corporation Limited [GMRCL],702631,-,-,Gujarat,03/2019,03/2019,03/2024,12/2025,5384.17,5384.17,4220.88,89,"Ahmedabad Metro Rail Project, Phase-II
(Gujarat Metro Rail Corporation Limited [GMRCL])
(702631)","03/2019
(03/2019)","03/2024
(12/2025)","5384.17
(5384.17)",SRC-2025-09,520f100f2752c07c7d8e1180cce2258a6966d21b6e37fcbecca0b098835ef318,51,50,All Ongoing Projects,6,pdfplumber_table,twelve_month_gate2:0.1.0,"pdf_page_index=51,table_index=logical8,row_index=29"
OBS-202509-00261,2025-09,261,Ahmedabad Metro Rail Project [Phase-I],Gujarat Metro Rail Corporation Limited [GMRCL],702639,-,-,Gujarat,11/2014,02/2015,03/2018,10/2025,10773,12924.5,12201.13,99,"Ahmedabad Metro Rail Project [Phase-I]
(Gujarat Metro Rail Corporation Limited [GMRCL])
(702639)","11/2014
(02/2015)","03/2018
(10/2025)","10773
(12924.5)",SRC-2025-09,520f100f2752c07c7d8e1180cce2258a6966d21b6e37fcbecca0b098835ef318,51,50,All Ongoing Projects,6,pdfplumber_table,twelve_month_gate2:0.1.0,"pdf_page_index=51,table_index=logical8,row_index=30"
OBS-202509-00262,2025-09,262,Construction of Bangalore Metro Rail Project Phase 2.,Bengaluru Metro Rail,702635,-,-,Karnataka,02/2014,02/2016,03/2021,09/2026,26405.14,30695.1,29567.97,94,"Construction of Bangalore Metro Rail Project Phase 2.
(Bengaluru Metro Rail)
(702635)","02/2014
(02/2016)","03/2021
(09/2026)","26405.14
(30695.1)",SRC-2025-09,520f100f2752c07c7d8e1180cce2258a6966d21b6e37fcbecca0b098835ef318,51,50,All Ongoing Projects,6,pdfplumber_table,twelve_month_gate2:0.1.0,"pdf_page_index=51,table_index=logical8,row_index=31"
OBS-202509-00263,2025-09,263,Construction Bangalore Metro Rail Project Phase-2A & 2B,Bengaluru Metro Rail,702665,-,-,Karnataka,06/2021,01/2019,06/2026,06/2026,14788.1,14788.1,8817.87,56,"Construction Bangalore Metro Rail Project Phase-2A & 2B
(Bengaluru Metro Rail)
(702665)","06/2021
(01/2019)","06/2026
(06/2026)","14788.1
(14788.1)",SRC-2025-09,520f100f2752c07c7d8e1180cce2258a6966d21b6e37fcbecca0b098835ef318,51,50,All Ongoing Projects,6,pdfplumber_table,twelve_month_gate2:0.1.0,"pdf_page_index=51,table_index=logical8,row_index=32"
OBS-202509-00264,2025-09,264,Kochi Metro Rail Phase 2 Development Project,CSPCC Projects,702664,-,-,Kerala,11/2022,11/2022,11/2026,11/2026,1957.05,1957.05,363.54,14,"Kochi Metro Rail Phase 2 Development Project
(CSPCC Projects)
(702664)","11/2022
(11/2022)","11/2026
(11/2026)","1957.05
(1957.05)",SRC-2025-09,520f100f2752c07c7d8e1180cce2258a6966d21b6e37fcbecca0b098835ef318,51,50,All Ongoing Projects,6,pdfplumber_table,twelve_month_gate2:0.1.0,"pdf_page_index=51,table_index=logical8,row_index=33"
OBS-202509-00265,2025-09,265,Bhopal Metro Rail Project,Madhya Pradesh Metro Rail Co Limited [MPMRCL],702625,-,-,Madhya Pradesh,11/2018,11/2018,11/2022,06/2028,6941.4,6941.4,3598.51,45,"Bhopal Metro Rail Project
(Madhya Pradesh Metro Rail Co Limited [MPMRCL])
(702625)","11/2018
(11/2018)","11/2022
(06/2028)","6941.4
(6941.4)",SRC-2025-09,520f100f2752c07c7d8e1180cce2258a6966d21b6e37fcbecca0b098835ef318,52,51,All Ongoing Projects,6,pdfplumber_table,twelve_month_gate2:0.1.0,"pdf_page_index=52,table_index=logical8,row_index=1"
OBS-202509-00266,2025-09,266,Indore Metro Rail Project,Madhya Pradesh Metro Rail Co Limited [MPMRCL],702626,-,-,Madhya Pradesh,11/2018,11/2018,11/2022,12/2028,7500.8,7500.8,4115.42,56,"Indore Metro Rail Project
(Madhya Pradesh Metro Rail Co Limited [MPMRCL])
(702626)","11/2018
(11/2018)","11/2022
(12/2028)","7500.8
(7500.8)",SRC-2025-09,520f100f2752c07c7d8e1180cce2258a6966d21b6e37fcbecca0b098835ef318,52,51,All Ongoing Projects,6,pdfplumber_table,twelve_month_gate2:0.1.0,"pdf_page_index=52,table_index=logical8,row_index=2"
OBS-202509-00267,2025-09,267,PCMC To Nigdi- Extension Of North South Corridor Of Phase-1,Maharashtra Metro Rail Corporation Limited [MMRCL],617225,-,-,Maharashtra,10/2023,10/2023,01/2027,-,910.18,910.18,127.55,23,"PCMC To Nigdi- Extension Of North South Corridor Of Phase-1
(Maharashtra Metro Rail Corporation Limited [MMRCL])
(617225)","10/2023
(10/2023)","01/2027
(-)","910.18
(910.18)",SRC-2025-09,520f100f2752c07c7d8e1180cce2258a6966d21b6e37fcbecca0b098835ef318,52,51,All Ongoing Projects,6,pdfplumber_table,twelve_month_gate2:0.1.0,"pdf_page_index=52,table_index=logical8,row_index=3"
OBS-202509-00268,2025-09,268,Pune Metro Phase-1 Extension line towards south from Swargate to Katraj,Maharashtra Metro Rail Corporation Limited [MMRCL],617226,-,-,Maharashtra,09/2024,09/2024,03/2029,-,2954.53,2954.53,20.89,3,"Pune Metro Phase-1 Extension line towards south from Swargate to Katraj
(Maharashtra Metro Rail Corporation Limited [MMRCL])
(617226)","09/2024
(09/2024)","03/2029
(-)","2954.53
(2954.53)",SRC-2025-09,520f100f2752c07c7d8e1180cce2258a6966d21b6e37fcbecca0b098835ef318,52,51,All Ongoing Projects,6,pdfplumber_table,twelve_month_gate2:0.1.0,"pdf_page_index=52,table_index=logical8,row_index=4"
OBS-202509-00269,2025-09,269,Thane Integral Ring Metro Rail Project,Maharashtra Metro Rail Corporation Limited [MMRCL],617327,-,-,Maharashtra,09/2024,09/2024,09/2029,-,12200.1,12200.1,7.11,3,"Thane Integral Ring Metro Rail Project
(Maharashtra Metro Rail Corporation Limited [MMRCL])
(617327)","09/2024
(09/2024)","09/2029
(-)","12200.1
(12200.1)",SRC-2025-09,520f100f2752c07c7d8e1180cce2258a6966d21b6e37fcbecca0b098835ef318,52,51,All Ongoing Projects,6,pdfplumber_table,twelve_month_gate2:0.1.0,"pdf_page_index=52,table_index=logical8,row_index=5"
OBS-202509-00270,2025-09,270,New Suburba Station Development Project,ministry of housing and urban affairs,701745,-,-,Maharashtra,NA,03/2019,07/2022,-,262.76,262.76,17.62,6,"New Suburba Station Development Project
(ministry of housing and urban affairs)
(701745)","NA
(03/2019)","07/2022
(-)","262.76
(262.76)",SRC-2025-09,520f100f2752c07c7d8e1180cce2258a6966d21b6e37fcbecca0b098835ef318,52,51,All Ongoing Projects,6,pdfplumber_table,twelve_month_gate2:0.1.0,"pdf_page_index=52,table_index=logical8,row_index=6"
OBS-202509-00271,2025-09,271,Kalyan Station Precinct Imporvement Project,ministry of housing and urban affairs,701991,-,-,Maharashtra,NA,07/2020,07/2023,-,600,600,272.42,70,"Kalyan Station Precinct Imporvement Project
(ministry of housing and urban affairs)
(701991)","NA
(07/2020)","07/2023
(-)","600
(600)",SRC-2025-09,520f100f2752c07c7d8e1180cce2258a6966d21b6e37fcbecca0b098835ef318,52,51,All Ongoing Projects,6,pdfplumber_table,twelve_month_gate2:0.1.0,"pdf_page_index=52,table_index=logical8,row_index=7"
OBS-202509-00272,2025-09,272,Mumbai Metro Line 3,Mumbai Metro Rail Corporation Limited [MMRC],702637,-,-,Maharashtra,07/2013,06/2016,03/2023,08/2025,23136,37276,31783.93,96,"Mumbai Metro Line 3
(Mumbai Metro Rail Corporation Limited [MMRC])
(702637)","07/2013
(06/2016)","03/2023
(08/2025)","23136
(37276)",SRC-2025-09,520f100f2752c07c7d8e1180cce2258a6966d21b6e37fcbecca0b098835ef318,52,51,All Ongoing Projects,6,pdfplumber_table,twelve_month_gate2:0.1.0,"pdf_page_index=52,table_index=logical8,row_index=8"
OBS-202509-00273,2025-09,273,Nagpur Metro Rail Phase II Development Project,Maharashtra Metro Rail Corporation Limited [MMRCL],702658,-,-,Maharashtra,12/2022,12/2022,12/2027,-,6708,6708,1147.88,27,"Nagpur Metro Rail Phase II Development Project
(Maharashtra Metro Rail Corporation Limited [MMRCL])
(702658)","12/2022
(12/2022)","12/2027
(-)","6708
(6708)",SRC-2025-09,520f100f2752c07c7d8e1180cce2258a6966d21b6e37fcbecca0b098835ef318,52,51,All Ongoing Projects,6,pdfplumber_table,twelve_month_gate2:0.1.0,"pdf_page_index=52,table_index=logical8,row_index=9"
OBS-202509-00274,2025-09,274,Delhi Metro Rail Phase-IV [Rithala - Kundli Corridor],Delhi Metro Rail Corporation Limited [DMRC],617206,-,-,"Multi-States (Delhi,
Haryana)",01/2025,01/2025,01/2029,-,6230.99,6230.99,0.78,0,"Delhi Metro Rail Phase-IV [Rithala - Kundli Corridor]
(Delhi Metro Rail Corporation Limited [DMRC])
(617206)","01/2025
(01/2025)","01/2029
(-)","6230.99
(6230.99)",SRC-2025-09,520f100f2752c07c7d8e1180cce2258a6966d21b6e37fcbecca0b098835ef318,52,51,All Ongoing Projects,6,pdfplumber_table,twelve_month_gate2:0.1.0,"pdf_page_index=52,table_index=logical8,row_index=10"
OBS-202509-00275,2025-09,275,Delhi-Ghaziabad-Meerut Regional Rapid Transit System [RRTS] corridor,National Capital Region Transport Corporation [NCRTC],702633,-,-,"Multi-States (Delhi,
Uttar Pradesh)",03/2019,03/2019,06/2025,10/2025,30274,30274,26612.45,95,"Delhi-Ghaziabad-Meerut Regional Rapid Transit System [RRTS] corridor
(National Capital Region Transport Corporation [NCRTC])
(702633)","03/2019
(03/2019)","06/2025
(10/2025)","30274
(30274)",SRC-2025-09,520f100f2752c07c7d8e1180cce2258a6966d21b6e37fcbecca0b098835ef318,52,51,All Ongoing Projects,6,pdfplumber_table,twelve_month_gate2:0.1.0,"pdf_page_index=52,table_index=logical8,row_index=11"
OBS-202509-00276,2025-09,276,Kanpur Metro Rail Project,Uttar Pradesh metro rail corporation [UPMRC],702628,-,-,Uttar Pradesh,05/2019,11/2019,05/2024,03/2027,11076.48,11076.5,9085.11,74,"Kanpur Metro Rail Project
(Uttar Pradesh metro rail corporation [UPMRC])
(702628)","05/2019
(11/2019)","05/2024
(03/2027)","11076.48
(11076.5)",SRC-2025-09,520f100f2752c07c7d8e1180cce2258a6966d21b6e37fcbecca0b098835ef318,52,51,All Ongoing Projects,6,pdfplumber_table,twelve_month_gate2:0.1.0,"pdf_page_index=52,table_index=logical8,row_index=12"
OBS-202509-00277,2025-09,277,Agra Metro Rail Project,Uttar Pradesh metro rail corporation [UPMRC],702629,-,-,Uttar Pradesh,05/2019,12/2020,05/2024,06/2027,8379.62,8379.62,6060.21,63,"Agra Metro Rail Project
(Uttar Pradesh metro rail corporation [UPMRC])
(702629)","05/2019
(12/2020)","05/2024
(06/2027)","8379.62
(8379.62)",SRC-2025-09,520f100f2752c07c7d8e1180cce2258a6966d21b6e37fcbecca0b098835ef318,52,51,All Ongoing Projects,6,pdfplumber_table,twelve_month_gate2:0.1.0,"pdf_page_index=52,table_index=logical8,row_index=13"
OBS-202509-00278,2025-09,278,"ESR - 8 nos., distribution system - 216 Km, new house service connections - 38760
nos. upgrading of feeder mains, pumping station etc. - Phase II",Ministry of Housing & Urban Affairs,702674,-,-,Andhra Pradesh,NA,07/2018,03/2023,12/2025,172.22,172.22,710.62,82,"ESR - 8 nos., distribution system - 216 Km, new house service connections - 38760
nos. upgrading of feeder mains, pumping station etc. - Phase II
(Ministry of Housing & Urban Affairs)
(702674)","NA
(07/2018)","03/2023
(12/2025)","172.22
(172.22)",SRC-2025-09,520f100f2752c07c7d8e1180cce2258a6966d21b6e37fcbecca0b098835ef318,52,51,All Ongoing Projects,6,pdfplumber_table,twelve_month_gate2:0.1.0,"pdf_page_index=52,table_index=logical8,row_index=16"
OBS-202509-00279,2025-09,279,Dibrugarh Water Supply Infrastructure Project,Ministry of Housing & Urban Affairs,702682,-,-,Assam,NA,01/2020,03/2023,12/2025,186.8,186.8,1477.98,98,"Dibrugarh Water Supply Infrastructure Project
(Ministry of Housing & Urban Affairs)
(702682)","NA
(01/2020)","03/2023
(12/2025)","186.8
(186.8)",SRC-2025-09,520f100f2752c07c7d8e1180cce2258a6966d21b6e37fcbecca0b098835ef318,52,51,All Ongoing Projects,6,pdfplumber_table,twelve_month_gate2:0.1.0,"pdf_page_index=52,table_index=logical8,row_index=17"
OBS-202509-00280,2025-09,280,Muzaffarpur Storm Water Drainage Phase-I Project,Ministry of Housing & Urban Affairs,702699,-,-,Bihar,NA,02/2019,10/2023,12/2025,158.78,158.78,509.5,83,"Muzaffarpur Storm Water Drainage Phase-I Project
(Ministry of Housing & Urban Affairs)
(702699)","NA
(02/2019)","10/2023
(12/2025)","158.78
(158.78)",SRC-2025-09,520f100f2752c07c7d8e1180cce2258a6966d21b6e37fcbecca0b098835ef318,52,51,All Ongoing Projects,6,pdfplumber_table,twelve_month_gate2:0.1.0,"pdf_page_index=52,table_index=logical8,row_index=18"
OBS-202509-00281,2025-09,281,Storm water drainag Development Project,ministry of housing and urban affairs,702355,-,-,"Dadra & Nagar
Haveli and Daman
& Diu",NA,12/2021,03/2024,-,210,210,0,20,"Storm water drainag Development Project
(ministry of housing and urban affairs)
(702355)","NA
(12/2021)","03/2024
(-)","210
(210)",SRC-2025-09,520f100f2752c07c7d8e1180cce2258a6966d21b6e37fcbecca0b098835ef318,52,51,All Ongoing Projects,6,pdfplumber_table,twelve_month_gate2:0.1.0,"pdf_page_index=52,table_index=logical8,row_index=19"
OBS-202509-00282,2025-09,282,Upgradation of Sewerage system in Gandhinagar City,ministry of housing and urban affairs,707267,-,-,Gujarat,NA,03/2021,06/2023,-,200,200,100,10,"Upgradation of Sewerage system in Gandhinagar City
(ministry of housing and urban affairs)
(707267)","NA
(03/2021)","06/2023
(-)","200
(200)",SRC-2025-09,520f100f2752c07c7d8e1180cce2258a6966d21b6e37fcbecca0b098835ef318,52,51,All Ongoing Projects,6,pdfplumber_table,twelve_month_gate2:0.1.0,"pdf_page_index=52,table_index=logical8,row_index=20"
OBS-202509-00283,2025-09,283,Sewerage Management Scheme Part-3 Implementation,Ministry of Housing & Urban Affairs,702734,-,-,Haryana,NA,11/2017,09/2023,03/2026,278.01,278.01,1776.64,88,"Sewerage Management Scheme Part-3 Implementation
(Ministry of Housing & Urban Affairs)
(702734)","NA
(11/2017)","09/2023
(03/2026)","278.01
(278.01)",SRC-2025-09,520f100f2752c07c7d8e1180cce2258a6966d21b6e37fcbecca0b098835ef318,52,51,All Ongoing Projects,6,pdfplumber_table,twelve_month_gate2:0.1.0,"pdf_page_index=52,table_index=logical8,row_index=21"
OBS-202509-00284,2025-09,284,Sewerage Management Scheme Part-3 Implementation,Ministry of Housing & Urban Affairs,702735,-,-,Haryana,NA,10/2018,03/2023,12/2025,213.19,213.19,1250.06,91,"Sewerage Management Scheme Part-3 Implementation
(Ministry of Housing & Urban Affairs)
(702735)","NA
(10/2018)","03/2023
(12/2025)","213.19
(213.19)",SRC-2025-09,520f100f2752c07c7d8e1180cce2258a6966d21b6e37fcbecca0b098835ef318,52,51,All Ongoing Projects,6,pdfplumber_table,twelve_month_gate2:0.1.0,"pdf_page_index=52,table_index=logical8,row_index=22"
OBS-202509-00285,2025-09,285,Dhanbad Water Supply Infrastructure Project,Ministry of Housing & Urban Affairs,702741,-,-,Jharkhand,NA,12/2018,03/2023,03/2026,216.55,216.55,825.64,72,"Dhanbad Water Supply Infrastructure Project
(Ministry of Housing & Urban Affairs)
(702741)","NA
(12/2018)","03/2023
(03/2026)","216.55
(216.55)",SRC-2025-09,520f100f2752c07c7d8e1180cce2258a6966d21b6e37fcbecca0b098835ef318,52,51,All Ongoing Projects,6,pdfplumber_table,twelve_month_gate2:0.1.0,"pdf_page_index=52,table_index=logical8,row_index=23"
OBS-202509-00286,2025-09,286,SAAP-3 Water Supply Infrastructure SAAP-3 Project,Ministry of Housing & Urban Affairs,702742,-,-,Jharkhand,NA,12/2018,10/2023,03/2026,159.31,159.31,700,65,"SAAP-3 Water Supply Infrastructure SAAP-3 Project
(Ministry of Housing & Urban Affairs)
(702742)","NA
(12/2018)","10/2023
(03/2026)","159.31
(159.31)",SRC-2025-09,520f100f2752c07c7d8e1180cce2258a6966d21b6e37fcbecca0b098835ef318,52,51,All Ongoing Projects,6,pdfplumber_table,twelve_month_gate2:0.1.0,"pdf_page_index=52,table_index=logical8,row_index=24"
OBS-202509-00287,2025-09,287,Augmentation and Strenghthning of Urban Water Supply Phase 1 - SAAP 3,Ministry of Housing & Urban Affairs,702746,-,-,Jharkhand,NA,12/2018,03/2023,03/2026,278.28,278.28,1410,78,"Augmentation and Strenghthning of Urban Water Supply Phase 1 - SAAP 3
(Ministry of Housing & Urban Affairs)
(702746)","NA
(12/2018)","03/2023
(03/2026)","278.28
(278.28)",SRC-2025-09,520f100f2752c07c7d8e1180cce2258a6966d21b6e37fcbecca0b098835ef318,52,51,All Ongoing Projects,6,pdfplumber_table,twelve_month_gate2:0.1.0,"pdf_page_index=52,table_index=logical8,row_index=25"
OBS-202509-00288,2025-09,288,Belgavi Improvement in Sewerage System Project,Ministry of Housing & Urban Affairs,702760,-,-,Karnataka,NA,10/2016,07/2023,12/2025,162.73,162.73,642.21,80,"Belgavi Improvement in Sewerage System Project
(Ministry of Housing & Urban Affairs)
(702760)","NA
(10/2016)","07/2023
(12/2025)","162.73
(162.73)",SRC-2025-09,520f100f2752c07c7d8e1180cce2258a6966d21b6e37fcbecca0b098835ef318,52,51,All Ongoing Projects,6,pdfplumber_table,twelve_month_gate2:0.1.0,"pdf_page_index=52,table_index=logical8,row_index=26"
OBS-202509-00289,2025-09,289,24/7 water supply under AMRUT for Davanagere,Ministry of Housing & Urban Affairs,702764,-,-,Karnataka,NA,01/2018,03/2023,12/2025,174.96,174.96,819.29,65,"24/7 water supply under AMRUT for Davanagere
(Ministry of Housing & Urban Affairs)
(702764)","NA
(01/2018)","03/2023
(12/2025)","174.96
(174.96)",SRC-2025-09,520f100f2752c07c7d8e1180cce2258a6966d21b6e37fcbecca0b098835ef318,52,51,All Ongoing Projects,6,pdfplumber_table,twelve_month_gate2:0.1.0,"pdf_page_index=52,table_index=logical8,row_index=27"
OBS-202509-00290,2025-09,290,Indore Water Supply Infrastructure Project,Ministry of Housing & Urban Affairs,702793,-,-,Madhya Pradesh,NA,11/2017,03/2023,12/2025,287.17,287.17,2018.5,99,"Indore Water Supply Infrastructure Project
(Ministry of Housing & Urban Affairs)
(702793)","NA
(11/2017)","03/2023
(12/2025)","287.17
(287.17)",SRC-2025-09,520f100f2752c07c7d8e1180cce2258a6966d21b6e37fcbecca0b098835ef318,52,51,All Ongoing Projects,6,pdfplumber_table,twelve_month_gate2:0.1.0,"pdf_page_index=52,table_index=logical8,row_index=28"
OBS-202509-00291,2025-09,291,Jabalpur Sewerage Management and Treatment Infrastructure Project,Ministry of Housing & Urban Affairs,702798,-,-,Madhya Pradesh,NA,12/2017,03/2023,12/2025,362.31,362.31,2597.57,93,"Jabalpur Sewerage Management and Treatment Infrastructure Project
(Ministry of Housing & Urban Affairs)
(702798)","NA
(12/2017)","03/2023
(12/2025)","362.31
(362.31)",SRC-2025-09,520f100f2752c07c7d8e1180cce2258a6966d21b6e37fcbecca0b098835ef318,52,51,All Ongoing Projects,6,pdfplumber_table,twelve_month_gate2:0.1.0,"pdf_page_index=52,table_index=logical8,row_index=29"
OBS-202509-00292,2025-09,292,Satna Sewerage Management and Treatment Infrastructure Project,Ministry of Housing & Urban Affairs,702808,-,-,Madhya Pradesh,NA,12/2016,03/2024,12/2025,191.56,191.56,1305.45,86,"Satna Sewerage Management and Treatment Infrastructure Project
(Ministry of Housing & Urban Affairs)
(702808)","NA
(12/2016)","03/2024
(12/2025)","191.56
(191.56)",SRC-2025-09,520f100f2752c07c7d8e1180cce2258a6966d21b6e37fcbecca0b098835ef318,52,51,All Ongoing Projects,6,pdfplumber_table,twelve_month_gate2:0.1.0,"pdf_page_index=52,table_index=logical8,row_index=30"
OBS-202509-00293,2025-09,293,Singrauli Sewerage Management and Treatment Infrastructure Project,Ministry of Housing & Urban Affairs,702810,-,-,Madhya Pradesh,NA,11/2017,03/2023,12/2025,402.01,402.01,2800.32,90,"Singrauli Sewerage Management and Treatment Infrastructure Project
(Ministry of Housing & Urban Affairs)
(702810)","NA
(11/2017)","03/2023
(12/2025)","402.01
(402.01)",SRC-2025-09,520f100f2752c07c7d8e1180cce2258a6966d21b6e37fcbecca0b098835ef318,52,51,All Ongoing Projects,6,pdfplumber_table,twelve_month_gate2:0.1.0,"pdf_page_index=52,table_index=logical8,row_index=31"
OBS-202509-00294,2025-09,294,Kalyan-Dombivali Water Supply Infrastructure Project,Ministry of Housing & Urban Affairs,702833,-,-,Maharashtra,NA,09/2019,10/2023,12/2025,194.2,194.2,919.08,70,"Kalyan-Dombivali Water Supply Infrastructure Project
(Ministry of Housing & Urban Affairs)
(702833)","NA
(09/2019)","10/2023
(12/2025)","194.2
(194.2)",SRC-2025-09,520f100f2752c07c7d8e1180cce2258a6966d21b6e37fcbecca0b098835ef318,52,51,All Ongoing Projects,6,pdfplumber_table,twelve_month_gate2:0.1.0,"pdf_page_index=52,table_index=logical8,row_index=32"
OBS-202509-00295,2025-09,295,Mira-Bhayandar Water Supply Infrastructure Project,Ministry of Housing & Urban Affairs,702840,-,-,Maharashtra,NA,08/2018,03/2023,12/2025,204.55,204.55,1568.49,99,"Mira-Bhayandar Water Supply Infrastructure Project
(Ministry of Housing & Urban Affairs)
(702840)","NA
(08/2018)","03/2023
(12/2025)","204.55
(204.55)",SRC-2025-09,520f100f2752c07c7d8e1180cce2258a6966d21b6e37fcbecca0b098835ef318,53,52,All Ongoing Projects,6,pdfplumber_table,twelve_month_gate2:0.1.0,"pdf_page_index=53,table_index=logical8,row_index=1"
OBS-202509-00296,2025-09,296,Nagpur Water Supply Infrastructure Project,Ministry of Housing & Urban Affairs,702842,-,-,Maharashtra,NA,08/2018,03/2023,12/2025,273.78,273.78,2138.69,99,"Nagpur Water Supply Infrastructure Project
(Ministry of Housing & Urban Affairs)
(702842)","NA
(08/2018)","03/2023
(12/2025)","273.78
(273.78)",SRC-2025-09,520f100f2752c07c7d8e1180cce2258a6966d21b6e37fcbecca0b098835ef318,53,52,All Ongoing Projects,6,pdfplumber_table,twelve_month_gate2:0.1.0,"pdf_page_index=53,table_index=logical8,row_index=2"
OBS-202509-00297,2025-09,297,Pune Water Supply Infrastructure Project,Ministry of Housing & Urban Affairs,702851,-,-,Maharashtra,NA,07/2017,03/2023,10/2025,235.95,235.95,1686.76,92,"Pune Water Supply Infrastructure Project
(Ministry of Housing & Urban Affairs)
(702851)","NA
(07/2017)","03/2023
(10/2025)","235.95
(235.95)",SRC-2025-09,520f100f2752c07c7d8e1180cce2258a6966d21b6e37fcbecca0b098835ef318,53,52,All Ongoing Projects,6,pdfplumber_table,twelve_month_gate2:0.1.0,"pdf_page_index=53,table_index=logical8,row_index=3"
OBS-202509-00298,2025-09,298,Solapur Sewerage Management Infrastructure Project,Ministry of Housing & Urban Affairs,702854,-,-,Maharashtra,NA,04/2018,03/2023,12/2025,180.24,180.24,1281.38,91,"Solapur Sewerage Management Infrastructure Project
(Ministry of Housing & Urban Affairs)
(702854)","NA
(04/2018)","03/2023
(12/2025)","180.24
(180.24)",SRC-2025-09,520f100f2752c07c7d8e1180cce2258a6966d21b6e37fcbecca0b098835ef318,53,52,All Ongoing Projects,6,pdfplumber_table,twelve_month_gate2:0.1.0,"pdf_page_index=53,table_index=logical8,row_index=4"
OBS-202509-00299,2025-09,299,Jalandhar Water Supply Infrastructure Project,Ministry of Housing & Urban Affairs,703021,-,-,Punjab,NA,08/2020,08/2023,03/2026,258.53,258.53,1229.71,58,"Jalandhar Water Supply Infrastructure Project
(Ministry of Housing & Urban Affairs)
(703021)","NA
(08/2020)","08/2023
(03/2026)","258.53
(258.53)",SRC-2025-09,520f100f2752c07c7d8e1180cce2258a6966d21b6e37fcbecca0b098835ef318,53,52,All Ongoing Projects,6,pdfplumber_table,twelve_month_gate2:0.1.0,"pdf_page_index=53,table_index=logical8,row_index=5"
OBS-202509-00300,2025-09,300,Patiala Water Supply Infrastructure Part-2 Project,Ministry of Housing & Urban Affairs,703057,-,-,Punjab,NA,08/2020,10/2023,12/2025,287,287,612.68,74,"Patiala Water Supply Infrastructure Part-2 Project
(Ministry of Housing & Urban Affairs)
(703057)","NA
(08/2020)","10/2023
(12/2025)","287
(287)",SRC-2025-09,520f100f2752c07c7d8e1180cce2258a6966d21b6e37fcbecca0b098835ef318,53,52,All Ongoing Projects,6,pdfplumber_table,twelve_month_gate2:0.1.0,"pdf_page_index=53,table_index=logical8,row_index=6"
OBS-202509-00301,2025-09,301,Jaunpur Sewerage Management Infrastructure Project,Ministry of Housing & Urban Affairs,702948,-,-,Uttar Pradesh,NA,08/2019,06/2023,12/2025,235.73,235.73,1695.47,87,"Jaunpur Sewerage Management Infrastructure Project
(Ministry of Housing & Urban Affairs)
(702948)","NA
(08/2019)","06/2023
(12/2025)","235.73
(235.73)",SRC-2025-09,520f100f2752c07c7d8e1180cce2258a6966d21b6e37fcbecca0b098835ef318,53,52,All Ongoing Projects,6,pdfplumber_table,twelve_month_gate2:0.1.0,"pdf_page_index=53,table_index=logical8,row_index=7"
OBS-202509-00302,2025-09,302,Jhansi Water Supply Infrastructure Phase-II Project,Ministry of Housing & Urban Affairs,702949,-,-,Uttar Pradesh,NA,06/2019,07/2023,09/2025,561.74,561.74,3123.27,91,"Jhansi Water Supply Infrastructure Phase-II Project
(Ministry of Housing & Urban Affairs)
(702949)","NA
(06/2019)","07/2023
(09/2025)","561.74
(561.74)",SRC-2025-09,520f100f2752c07c7d8e1180cce2258a6966d21b6e37fcbecca0b098835ef318,53,52,All Ongoing Projects,6,pdfplumber_table,twelve_month_gate2:0.1.0,"pdf_page_index=53,table_index=logical8,row_index=8"
OBS-202509-00303,2025-09,303,"Construction of Basement + Ground Floor+ 10 Storeyed building for State of the Art
Director General, GSI Building at plot No.GN-40, Sector-V, Salt Lake, Kolkata",Central Public Works Department (CPWD),617280,-,-,West Bengal,04/2019,02/2020,08/2026,-,255.37,255.37,83.03,40,"Construction of Basement + Ground Floor+ 10 Storeyed building for State of the Art
Director General, GSI Building at plot No.GN-40, Sector-V, Salt Lake, Kolkata
(Central Public Works Department (CPWD))
(617280)","04/2019
(02/2020)","08/2026
(-)","255.37
(255.37)",SRC-2025-09,520f100f2752c07c7d8e1180cce2258a6966d21b6e37fcbecca0b098835ef318,53,52,All Ongoing Projects,6,pdfplumber_table,twelve_month_gate2:0.1.0,"pdf_page_index=53,table_index=logical8,row_index=12"
OBS-202509-00304,2025-09,304,Rakha Underground Mining Project,Hindustan Copper Limited [HCL],611798,-,-,Jharkhand,12/2022,03/2024,03/2033,-,2705,2705,0,0,"Rakha Underground Mining Project
(Hindustan Copper Limited [HCL])
(611798)","12/2022
(03/2024)","03/2033
(-)","2705
(2705)",SRC-2025-09,520f100f2752c07c7d8e1180cce2258a6966d21b6e37fcbecca0b098835ef318,53,52,All Ongoing Projects,6,pdfplumber_table,twelve_month_gate2:0.1.0,"pdf_page_index=53,table_index=logical8,row_index=15"
OBS-202509-00305,2025-09,305,Surda Underground Copper Mining Project,Hindustan Copper Limited [HCL],611800,-,-,Jharkhand,02/2022,03/2024,03/2028,-,665.02,665.02,19.8,1,"Surda Underground Copper Mining Project
(Hindustan Copper Limited [HCL])
(611800)","02/2022
(03/2024)","03/2028
(-)","665.02
(665.02)",SRC-2025-09,520f100f2752c07c7d8e1180cce2258a6966d21b6e37fcbecca0b098835ef318,53,52,All Ongoing Projects,6,pdfplumber_table,twelve_month_gate2:0.1.0,"pdf_page_index=53,table_index=logical8,row_index=16"
OBS-202509-00306,2025-09,306,Expansion of Malanjkhand Copper Project,Hindustan Copper Limited [HCL],400426,-,-,Madhya Pradesh,09/2011,04/2015,04/2020,04/2026,1856.36,1856.36,935.32,80,"Expansion of Malanjkhand Copper Project
(Hindustan Copper Limited [HCL])
(400426)","09/2011
(04/2015)","04/2020
(04/2026)","1856.36
(1856.36)",SRC-2025-09,520f100f2752c07c7d8e1180cce2258a6966d21b6e37fcbecca0b098835ef318,53,52,All Ongoing Projects,6,pdfplumber_table,twelve_month_gate2:0.1.0,"pdf_page_index=53,table_index=logical8,row_index=17"
OBS-202509-00307,2025-09,307,"Expansion of Alumina Refinery Plant with addition of 5th Stream having capacity
enhancement of 1.0 Million Tonee Per Annum",National Aluminium Company Limited [NALCO],400141,-,-,Odisha,04/2017,04/2017,12/2022,09/2025,4103,5677.4,4111.16,77,"Expansion of Alumina Refinery Plant with addition of 5th Stream having capacity
enhancement of 1.0 Million Tonee Per Annum
(National Aluminium Company Limited [NALCO])
(400141)","04/2017
(04/2017)","12/2022
(09/2025)","4103
(5677.4)",SRC-2025-09,520f100f2752c07c7d8e1180cce2258a6966d21b6e37fcbecca0b098835ef318,53,52,All Ongoing Projects,6,pdfplumber_table,twelve_month_gate2:0.1.0,"pdf_page_index=53,table_index=logical8,row_index=18"
OBS-202509-00308,2025-09,308,Pottangi Bauxite Mines Project,National Aluminium Company Limited [NALCO],400299,-,-,Odisha,05/2018,05/2018,03/2025,05/2026,1381,1960.77,650.04,51,"Pottangi Bauxite Mines Project
(National Aluminium Company Limited [NALCO])
(400299)","05/2018
(05/2018)","03/2025
(05/2026)","1381
(1960.77)",SRC-2025-09,520f100f2752c07c7d8e1180cce2258a6966d21b6e37fcbecca0b098835ef318,53,52,All Ongoing Projects,6,pdfplumber_table,twelve_month_gate2:0.1.0,"pdf_page_index=53,table_index=logical8,row_index=19"
OBS-202509-00309,2025-09,309,UTKAL D AND E COAL BLOCK,National Aluminium Company Limited [NALCO],709829,-,-,Odisha,NA,02/2016,03/2025,-,1021.97,1021.97,0,0,"UTKAL D AND E COAL BLOCK
(National Aluminium Company Limited [NALCO])
(709829)","NA
(02/2016)","03/2025
(-)","1021.97
(1021.97)",SRC-2025-09,520f100f2752c07c7d8e1180cce2258a6966d21b6e37fcbecca0b098835ef318,53,52,All Ongoing Projects,6,pdfplumber_table,twelve_month_gate2:0.1.0,"pdf_page_index=53,table_index=logical8,row_index=20"
OBS-202509-00310,2025-09,310,"CONVERSION OF FLAT BOTTOM SETTLERS AND WASHERS WITH A SINGLE
TRAIN OF HRDS AND DCWS IN STREAMS 1 AND",Ministry of Mines,709830,-,-,Odisha,NA,04/2017,11/2026,-,355,581,0,0,"CONVERSION OF FLAT BOTTOM SETTLERS AND WASHERS WITH A SINGLE
TRAIN OF HRDS AND DCWS IN STREAMS 1 AND
(Ministry of Mines)
(709830)","NA
(04/2017)","11/2026
(-)","355
(581)",SRC-2025-09,520f100f2752c07c7d8e1180cce2258a6966d21b6e37fcbecca0b098835ef318,53,52,All Ongoing Projects,6,pdfplumber_table,twelve_month_gate2:0.1.0,"pdf_page_index=53,table_index=logical8,row_index=21"
OBS-202509-00311,2025-09,311,"SOURCING OF BAUXITE ARRANGEMENT FOR 5TH STREAM ALUMINA
REFINERY FROM SOUTH BLOCK MINING LEASE OF PANCHPATMAILI MINES",National Aluminium Company Limited [NALCO],709831,-,-,Odisha,11/2017,11/2019,05/2025,06/2026,483,483,406.64,90,"SOURCING OF BAUXITE ARRANGEMENT FOR 5TH STREAM ALUMINA
REFINERY FROM SOUTH BLOCK MINING LEASE OF PANCHPATMAILI MINES
(National Aluminium Company Limited [NALCO])
(709831)","11/2017
(11/2019)","05/2025
(06/2026)","483
(483)",SRC-2025-09,520f100f2752c07c7d8e1180cce2258a6966d21b6e37fcbecca0b098835ef318,53,52,All Ongoing Projects,6,pdfplumber_table,twelve_month_gate2:0.1.0,"pdf_page_index=53,table_index=logical8,row_index=22"
OBS-202509-00312,2025-09,312,25.5 MW WIND POWER PROJECT AT KAYATHAR IN TAMILNADU,National Aluminium Company Limited [NALCO],709832,-,-,Tamil Nadu,09/2017,12/2017,03/2025,03/2026,166,166,135,65,"25.5 MW WIND POWER PROJECT AT KAYATHAR IN TAMILNADU
(National Aluminium Company Limited [NALCO])
(709832)","09/2017
(12/2017)","03/2025
(03/2026)","166
(166)",SRC-2025-09,520f100f2752c07c7d8e1180cce2258a6966d21b6e37fcbecca0b098835ef318,53,52,All Ongoing Projects,6,pdfplumber_table,twelve_month_gate2:0.1.0,"pdf_page_index=53,table_index=logical8,row_index=23"
OBS-202509-00313,2025-09,313,"Construction of Permanent Campus of Central Tribal University of Andhra Pradesh
Phase-1",Central Tribal University of Andhra Pradesh,613008,-,-,Andhra Pradesh,09/2019,12/2023,06/2027,-,305,305,84.96,25,"Construction of Permanent Campus of Central Tribal University of Andhra Pradesh
Phase-1
(Central Tribal University of Andhra Pradesh)
(613008)","09/2019
(12/2023)","06/2027
(-)","305
(305)",SRC-2025-09,520f100f2752c07c7d8e1180cce2258a6966d21b6e37fcbecca0b098835ef318,53,52,All Ongoing Projects,6,pdfplumber_table,twelve_month_gate2:0.1.0,"pdf_page_index=53,table_index=logical8,row_index=27"
OBS-202509-00314,2025-09,314,"Construction of Permanent Campus of National Institute of Technology Arunachal
Pradesh","National Institute of Technology, Arunachal Pradesh",612898,-,-,Arunachal Pradesh,09/2009,03/2013,08/2026,-,592.61,592.61,550.22,75,"Construction of Permanent Campus of National Institute of Technology Arunachal
Pradesh
(National Institute of Technology, Arunachal Pradesh)
(612898)","09/2009
(03/2013)","08/2026
(-)","592.61
(592.61)",SRC-2025-09,520f100f2752c07c7d8e1180cce2258a6966d21b6e37fcbecca0b098835ef318,53,52,All Ongoing Projects,6,pdfplumber_table,twelve_month_gate2:0.1.0,"pdf_page_index=53,table_index=logical8,row_index=28"
OBS-202509-00315,2025-09,315,Tezpur University Projects,Tezpur University,606112,-,-,Assam,05/2019,06/2021,11/2023,10/2025,153.71,153.71,124.33,97,"Tezpur University Projects
(Tezpur University)
(606112)","05/2019
(06/2021)","11/2023
(10/2025)","153.71
(153.71)",SRC-2025-09,520f100f2752c07c7d8e1180cce2258a6966d21b6e37fcbecca0b098835ef318,53,52,All Ongoing Projects,6,pdfplumber_table,twelve_month_gate2:0.1.0,"pdf_page_index=53,table_index=logical8,row_index=29"
OBS-202509-00316,2025-09,316,Additional Campus of NITPatna,NIT Patna,606013,-,-,Bihar,07/2022,08/2022,07/2024,01/2026,499.21,499.21,434.67,98,"Additional Campus of NITPatna
(NIT Patna)
(606013)","07/2022
(08/2022)","07/2024
(01/2026)","499.21
(499.21)",SRC-2025-09,520f100f2752c07c7d8e1180cce2258a6966d21b6e37fcbecca0b098835ef318,53,52,All Ongoing Projects,6,pdfplumber_table,twelve_month_gate2:0.1.0,"pdf_page_index=53,table_index=logical8,row_index=30"
OBS-202509-00317,2025-09,317,"Phase 1B - Construction of Academic Block, Hostel, Residential Tower, Directors
Residence and External Development works at National Institute of Technology, Delhi
Campus on Engineering, Procurement and Construction basis",National Institute of Technology Delhi,612851,-,-,Delhi,09/2009,11/2022,09/2025,-,333.49,336.42,283.21,93,"Phase 1B - Construction of Academic Block, Hostel, Residential Tower, Directors
Residence and External Development works at National Institute of Technology, Delhi
Campus on Engineering, Procurement and Construction basis
(National Institute of Technology Delhi)
(612851)","09/2009
(11/2022)","09/2025
(-)","333.49
(336.42)",SRC-2025-09,520f100f2752c07c7d8e1180cce2258a6966d21b6e37fcbecca0b098835ef318,53,52,All Ongoing Projects,6,pdfplumber_table,twelve_month_gate2:0.1.0,"pdf_page_index=53,table_index=logical8,row_index=31"
OBS-202509-00318,2025-09,318,Delhi University Eastern Campus at Surajmal Vihar,Delhi University,616886,-,-,Delhi,09/2024,03/2025,10/2026,-,373,373,21.13,15,"Delhi University Eastern Campus at Surajmal Vihar
(Delhi University)
(616886)","09/2024
(03/2025)","10/2026
(-)","373
(373)",SRC-2025-09,520f100f2752c07c7d8e1180cce2258a6966d21b6e37fcbecca0b098835ef318,53,52,All Ongoing Projects,6,pdfplumber_table,twelve_month_gate2:0.1.0,"pdf_page_index=53,table_index=logical8,row_index=32"
OBS-202509-00319,2025-09,319,"Construction of permanent campus of Central University of Gujarat at Village
kundhela, Dist. Vadodara, Gujarat.",Central University of Gujarat,612916,-,-,Gujarat,12/2020,02/2021,03/2025,03/2026,490.63,490.63,312.06,80,"Construction of permanent campus of Central University of Gujarat at Village
kundhela, Dist. Vadodara, Gujarat.
(Central University of Gujarat)
(612916)","12/2020
(02/2021)","03/2025
(03/2026)","490.63
(490.63)",SRC-2025-09,520f100f2752c07c7d8e1180cce2258a6966d21b6e37fcbecca0b098835ef318,54,53,All Ongoing Projects,6,pdfplumber_table,twelve_month_gate2:0.1.0,"pdf_page_index=54,table_index=logical8,row_index=1"
OBS-202509-00320,2025-09,320,Establishment of Permanent campus Phase 1 of IIM Sirmaur,"Indian Institute of Management, Sirmaur",602099,-,-,Himachal Pradesh,09/2018,08/2020,10/2023,02/2026,392.51,454.78,323.81,93,"Establishment of Permanent campus Phase 1 of IIM Sirmaur
(Indian Institute of Management, Sirmaur)
(602099)","09/2018
(08/2020)","10/2023
(02/2026)","392.51
(454.78)",SRC-2025-09,520f100f2752c07c7d8e1180cce2258a6966d21b6e37fcbecca0b098835ef318,54,53,All Ongoing Projects,6,pdfplumber_table,twelve_month_gate2:0.1.0,"pdf_page_index=54,table_index=logical8,row_index=2"
OBS-202509-00321,2025-09,321,Hostel blocks & dining hall block,"Indian Institute of Technology, Mandi",612128,-,-,Himachal Pradesh,03/2023,03/2024,03/2026,03/2026,166.66,166.66,84.25,70,"Hostel blocks & dining hall block
(Indian Institute of Technology, Mandi)
(612128)","03/2023
(03/2024)","03/2026
(03/2026)","166.66
(166.66)",SRC-2025-09,520f100f2752c07c7d8e1180cce2258a6966d21b6e37fcbecca0b098835ef318,54,53,All Ongoing Projects,6,pdfplumber_table,twelve_month_gate2:0.1.0,"pdf_page_index=54,table_index=logical8,row_index=3"
OBS-202509-00322,2025-09,322,"Construction of Permanent Campus of Central University of Himachal Pradesh at
Dehra, District - Kangra, [H.P.] on Engineering. Procurement and Construction [EPC
Mode 1] Basis.","Central University, Himachal Pradesh",612894,-,-,Himachal Pradesh,03/2021,08/2022,11/2024,11/2025,251.98,300.45,183.44,79,"Construction of Permanent Campus of Central University of Himachal Pradesh at
Dehra, District - Kangra, [H.P.] on Engineering. Procurement and Construction [EPC
Mode 1] Basis.
(Central University, Himachal Pradesh)
(612894)","03/2021
(08/2022)","11/2024
(11/2025)","251.98
(300.45)",SRC-2025-09,520f100f2752c07c7d8e1180cce2258a6966d21b6e37fcbecca0b098835ef318,54,53,All Ongoing Projects,6,pdfplumber_table,twelve_month_gate2:0.1.0,"pdf_page_index=54,table_index=logical8,row_index=4"
OBS-202509-00323,2025-09,323,"Construction of Permanent Campus for IIM Jammu Phase-1 at Jagti, Nagrota,
Jammu, J&K","Indian Institute of Management, Jammu",602098,-,-,"Jammu and
Kashmir",03/2019,10/2020,06/2023,09/2025,424.93,500.91,484.52,96,"Construction of Permanent Campus for IIM Jammu Phase-1 at Jagti, Nagrota,
Jammu, J&K
(Indian Institute of Management, Jammu)
(602098)","03/2019
(10/2020)","06/2023
(09/2025)","424.93
(500.91)",SRC-2025-09,520f100f2752c07c7d8e1180cce2258a6966d21b6e37fcbecca0b098835ef318,54,53,All Ongoing Projects,6,pdfplumber_table,twelve_month_gate2:0.1.0,"pdf_page_index=54,table_index=logical8,row_index=5"
OBS-202509-00324,2025-09,324,"Additional Infrastructure at IISc Bangalore-RCC Monolithic for Men Hostel S14,
Women Hostel S11 , Postdoctoral Hostel S12 2 Block , International Hostel S 12 ,
D&E Block S 12 2 Block FR.",IISC Bangalore,610940,-,-,Karnataka,08/2021,08/2021,03/2024,09/2025,420.41,420.41,364.44,99,"Additional Infrastructure at IISc Bangalore-RCC Monolithic for Men Hostel S14,
Women Hostel S11 , Postdoctoral Hostel S12 2 Block , International Hostel S 12 ,
D&E Block S 12 2 Block FR.
(IISC Bangalore)
(610940)","08/2021
(08/2021)","03/2024
(09/2025)","420.41
(420.41)",SRC-2025-09,520f100f2752c07c7d8e1180cce2258a6966d21b6e37fcbecca0b098835ef318,54,53,All Ongoing Projects,6,pdfplumber_table,twelve_month_gate2:0.1.0,"pdf_page_index=54,table_index=logical8,row_index=6"
OBS-202509-00325,2025-09,325,"CONSTRUCTION OF PERMANENT CAMPUS FOR IIT PALAKKAD UNDER PHASE
1A",INDIAN INSTITUTE OF TECHNOLOGY PALAKKAD,606431,-,-,Kerala,07/2017,03/2020,06/2022,11/2026,1006.45,1217.4,632.59,72,"CONSTRUCTION OF PERMANENT CAMPUS FOR IIT PALAKKAD UNDER PHASE
1A
(INDIAN INSTITUTE OF TECHNOLOGY PALAKKAD)
(606431)","07/2017
(03/2020)","06/2022
(11/2026)","1006.45
(1217.4)",SRC-2025-09,520f100f2752c07c7d8e1180cce2258a6966d21b6e37fcbecca0b098835ef318,54,53,All Ongoing Projects,6,pdfplumber_table,twelve_month_gate2:0.1.0,"pdf_page_index=54,table_index=logical8,row_index=7"
OBS-202509-00326,2025-09,326,"Phase III A works at IIT Indore [03 Hostels, 01 Studio Apartment, 01 Housing, Heavy
& Sophisticated lab complex, Academic POD and Infrastructure for center of
excellence]","Indian Institute of Technology, Indore",611957,-,-,Madhya Pradesh,12/2023,04/2024,02/2027,-,496.28,496.28,38.62,36,"Phase III A works at IIT Indore [03 Hostels, 01 Studio Apartment, 01 Housing, Heavy
& Sophisticated lab complex, Academic POD and Infrastructure for center of
excellence]
(Indian Institute of Technology, Indore)
(611957)","12/2023
(04/2024)","02/2027
(-)","496.28
(496.28)",SRC-2025-09,520f100f2752c07c7d8e1180cce2258a6966d21b6e37fcbecca0b098835ef318,54,53,All Ongoing Projects,6,pdfplumber_table,twelve_month_gate2:0.1.0,"pdf_page_index=54,table_index=logical8,row_index=8"
OBS-202509-00327,2025-09,327,Hostel 4 -Earlier Known as Hostel 20,"Indian Institute of Technology, Bombay",612135,-,-,Maharashtra,09/2022,12/2023,09/2025,-,182.33,182.33,144.21,97,"Hostel 4 -Earlier Known as Hostel 20
(Indian Institute of Technology, Bombay)
(612135)","09/2022
(12/2023)","09/2025
(-)","182.33
(182.33)",SRC-2025-09,520f100f2752c07c7d8e1180cce2258a6966d21b6e37fcbecca0b098835ef318,54,53,All Ongoing Projects,6,pdfplumber_table,twelve_month_gate2:0.1.0,"pdf_page_index=54,table_index=logical8,row_index=9"
OBS-202509-00328,2025-09,328,Academic Block 1 & 2,"Indian Institute of Technology, Bombay",612203,-,-,Maharashtra,09/2022,05/2023,07/2026,03/2027,68,263.93,24.18,19,"Academic Block 1 & 2
(Indian Institute of Technology, Bombay)
(612203)","09/2022
(05/2023)","07/2026
(03/2027)","68
(263.93)",SRC-2025-09,520f100f2752c07c7d8e1180cce2258a6966d21b6e37fcbecca0b098835ef318,54,53,All Ongoing Projects,6,pdfplumber_table,twelve_month_gate2:0.1.0,"pdf_page_index=54,table_index=logical8,row_index=10"
OBS-202509-00329,2025-09,329,"Construction and Developement of National Institute of Technology Meghalaya
Permanent Campus at Sohra","National Institute of Technology, Meghalaya",612885,-,-,Meghalaya,09/2009,09/2014,03/2022,07/2025,494.52,494.52,413.57,86,"Construction and Developement of National Institute of Technology Meghalaya
Permanent Campus at Sohra
(National Institute of Technology, Meghalaya)
(612885)","09/2009
(09/2014)","03/2022
(07/2025)","494.52
(494.52)",SRC-2025-09,520f100f2752c07c7d8e1180cce2258a6966d21b6e37fcbecca0b098835ef318,54,53,All Ongoing Projects,6,pdfplumber_table,twelve_month_gate2:0.1.0,"pdf_page_index=54,table_index=logical8,row_index=11"
OBS-202509-00330,2025-09,330,"Construction of Permanent Campus for NIT Mizoram at Lengpui, Aizawl",NIT Mizoram,612876,-,-,Mizoram,09/2009,06/2014,12/2029,12/2029,474.23,474.23,167.55,4,"Construction of Permanent Campus for NIT Mizoram at Lengpui, Aizawl
(NIT Mizoram)
(612876)","09/2009
(06/2014)","12/2029
(12/2029)","474.23
(474.23)",SRC-2025-09,520f100f2752c07c7d8e1180cce2258a6966d21b6e37fcbecca0b098835ef318,54,53,All Ongoing Projects,6,pdfplumber_table,twelve_month_gate2:0.1.0,"pdf_page_index=54,table_index=logical8,row_index=12"
OBS-202509-00331,2025-09,331,Establishment of NIT Nagaland,NIT Nagaland,613013,-,-,Nagaland,09/2009,12/2014,12/2025,-,275.63,275.63,261.24,97,"Establishment of NIT Nagaland
(NIT Nagaland)
(613013)","09/2009
(12/2014)","12/2025
(-)","275.63
(275.63)",SRC-2025-09,520f100f2752c07c7d8e1180cce2258a6966d21b6e37fcbecca0b098835ef318,54,53,All Ongoing Projects,6,pdfplumber_table,twelve_month_gate2:0.1.0,"pdf_page_index=54,table_index=logical8,row_index=13"
OBS-202509-00332,2025-09,332,IISER BERHAMPUR,"Indian Institutes of Science Education and Research, Behrampur",610315,-,-,Odisha,10/2018,09/2019,03/2021,12/2025,1229.32,773.76,837.04,97,"IISER BERHAMPUR
(Indian Institutes of Science Education and Research, Behrampur)
(610315)","10/2018
(09/2019)","03/2021
(12/2025)","1229.32
(773.76)",SRC-2025-09,520f100f2752c07c7d8e1180cce2258a6966d21b6e37fcbecca0b098835ef318,54,53,All Ongoing Projects,6,pdfplumber_table,twelve_month_gate2:0.1.0,"pdf_page_index=54,table_index=logical8,row_index=14"
OBS-202509-00333,2025-09,333,Establishment of NIT Puducherry Permanent Campus [Phase-I and Phase-II],"National Institute of Technology, Puducherry",612877,-,-,Puducherry,09/2009,07/2013,12/2024,08/2025,618.34,544.34,509.55,94,"Establishment of NIT Puducherry Permanent Campus [Phase-I and Phase-II]
(National Institute of Technology, Puducherry)
(612877)","09/2009
(07/2013)","12/2024
(08/2025)","618.34
(544.34)",SRC-2025-09,520f100f2752c07c7d8e1180cce2258a6966d21b6e37fcbecca0b098835ef318,54,53,All Ongoing Projects,6,pdfplumber_table,twelve_month_gate2:0.1.0,"pdf_page_index=54,table_index=logical8,row_index=15"
OBS-202509-00334,2025-09,334,"Construction of Permanent Campus of Indian Institute of Management [IIM] Amritsar,
Punjab, Phase-I","Indian intitue of Management, Amritsar",605292,-,-,Punjab,10/2019,07/2020,06/2023,12/2025,348.31,348.31,290.39,91,"Construction of Permanent Campus of Indian Institute of Management [IIM] Amritsar,
Punjab, Phase-I
(Indian intitue of Management, Amritsar)
(605292)","10/2019
(07/2020)","06/2023
(12/2025)","348.31
(348.31)",SRC-2025-09,520f100f2752c07c7d8e1180cce2258a6966d21b6e37fcbecca0b098835ef318,54,53,All Ongoing Projects,6,pdfplumber_table,twelve_month_gate2:0.1.0,"pdf_page_index=54,table_index=logical8,row_index=16"
OBS-202509-00335,2025-09,335,"Construction of Girls Hostel 400 seater, Boys Hostel 600 seater, Academic Block,
International Hostel 100 seater, VC Residence and Purchase of Equipment",Central University of Punjab,617221,-,-,Punjab,08/2024,04/2025,10/2027,-,210.99,210.99,10,6,"Construction of Girls Hostel 400 seater, Boys Hostel 600 seater, Academic Block,
International Hostel 100 seater, VC Residence and Purchase of Equipment
(Central University of Punjab)
(617221)","08/2024
(04/2025)","10/2027
(-)","210.99
(210.99)",SRC-2025-09,520f100f2752c07c7d8e1180cce2258a6966d21b6e37fcbecca0b098835ef318,54,53,All Ongoing Projects,6,pdfplumber_table,twelve_month_gate2:0.1.0,"pdf_page_index=54,table_index=logical8,row_index=17"
OBS-202509-00336,2025-09,336,"Construction of Sikkim University Campus Phase-I Package-II at Yangang, South
Sikkim",Sikkim University,609736,-,-,Sikkim,08/2020,01/2022,01/2025,09/2025,314.06,314.06,238.22,83,"Construction of Sikkim University Campus Phase-I Package-II at Yangang, South
Sikkim
(Sikkim University)
(609736)","08/2020
(01/2022)","01/2025
(09/2025)","314.06
(314.06)",SRC-2025-09,520f100f2752c07c7d8e1180cce2258a6966d21b6e37fcbecca0b098835ef318,54,53,All Ongoing Projects,6,pdfplumber_table,twelve_month_gate2:0.1.0,"pdf_page_index=54,table_index=logical8,row_index=18"
OBS-202509-00337,2025-09,337,Establishment of Permanent Campus of NIT SIkkim at Khamdong-Gangtok District,NIT Sikkim,612883,-,-,Sikkim,02/2024,03/2024,02/2028,12/2026,685.76,610.76,121.56,12,"Establishment of Permanent Campus of NIT SIkkim at Khamdong-Gangtok District
(NIT Sikkim)
(612883)","02/2024
(03/2024)","02/2028
(12/2026)","685.76
(610.76)",SRC-2025-09,520f100f2752c07c7d8e1180cce2258a6966d21b6e37fcbecca0b098835ef318,54,53,All Ongoing Projects,6,pdfplumber_table,twelve_month_gate2:0.1.0,"pdf_page_index=54,table_index=logical8,row_index=19"
OBS-202509-00338,2025-09,338,Construction of Precast housing and hostels at IIT Hyderabad,"Indian Institute of Technology, Hyderabad",609996,-,-,Telangana,09/2022,11/2022,10/2024,01/2026,262,262,178.17,76,"Construction of Precast housing and hostels at IIT Hyderabad
(Indian Institute of Technology, Hyderabad)
(609996)","09/2022
(11/2022)","10/2024
(01/2026)","262
(262)",SRC-2025-09,520f100f2752c07c7d8e1180cce2258a6966d21b6e37fcbecca0b098835ef318,54,53,All Ongoing Projects,6,pdfplumber_table,twelve_month_gate2:0.1.0,"pdf_page_index=54,table_index=logical8,row_index=20"
OBS-202509-00339,2025-09,339,Banaras Hindu University [ Kayakalp of Institute of Medical Sciences],Banaras Hindu University,606479,-,-,Uttar Pradesh,06/2020,06/2020,09/2022,03/2026,246,246,194.14,95,"Banaras Hindu University [ Kayakalp of Institute of Medical Sciences]
(Banaras Hindu University)
(606479)","06/2020
(06/2020)","09/2022
(03/2026)","246
(246)",SRC-2025-09,520f100f2752c07c7d8e1180cce2258a6966d21b6e37fcbecca0b098835ef318,54,53,All Ongoing Projects,6,pdfplumber_table,twelve_month_gate2:0.1.0,"pdf_page_index=54,table_index=logical8,row_index=21"
OBS-202509-00340,2025-09,340,"Construction & Development of Infrastructural Facilities in the main campus of NIT
Uttarakhand at Sumari, Pauri Garhwal",National Institute of Technology Uttarakhand,611963,-,-,Uttarakhand,06/2020,04/2024,09/2027,-,650.85,650.85,195.52,30,"Construction & Development of Infrastructural Facilities in the main campus of NIT
Uttarakhand at Sumari, Pauri Garhwal
(National Institute of Technology Uttarakhand)
(611963)","06/2020
(04/2024)","09/2027
(-)","650.85
(650.85)",SRC-2025-09,520f100f2752c07c7d8e1180cce2258a6966d21b6e37fcbecca0b098835ef318,54,53,All Ongoing Projects,6,pdfplumber_table,twelve_month_gate2:0.1.0,"pdf_page_index=54,table_index=logical8,row_index=22"
OBS-202509-00341,2025-09,341,"HEFA projects on development of student hostels, playgrounds, departmental
buildings, class room complex and other campus facilities in IIT Kharagpur","Indian Institute of Technology, Kharagpur",609019,-,-,West Bengal,06/2018,04/2019,03/2023,03/2026,500,442,383.6,88,"HEFA projects on development of student hostels, playgrounds, departmental
buildings, class room complex and other campus facilities in IIT Kharagpur
(Indian Institute of Technology, Kharagpur)
(609019)","06/2018
(04/2019)","03/2023
(03/2026)","500
(442)",SRC-2025-09,520f100f2752c07c7d8e1180cce2258a6966d21b6e37fcbecca0b098835ef318,54,53,All Ongoing Projects,6,pdfplumber_table,twelve_month_gate2:0.1.0,"pdf_page_index=54,table_index=logical8,row_index=23"
OBS-202509-00342,2025-09,342,Construction of Aviation Fuel farm Facilities at Bhogapuram Airport,Ministry of Petroleum & Natural Gas,616235,-,-,Andhra Pradesh,08/2024,08/2024,03/2026,03/2026,240,240,49.57,70,"Construction of Aviation Fuel farm Facilities at Bhogapuram Airport
(Ministry of Petroleum & Natural Gas)
(616235)","08/2024
(08/2024)","03/2026
(03/2026)","240
(240)",SRC-2025-09,520f100f2752c07c7d8e1180cce2258a6966d21b6e37fcbecca0b098835ef318,54,53,All Ongoing Projects,6,pdfplumber_table,twelve_month_gate2:0.1.0,"pdf_page_index=54,table_index=logical8,row_index=27"
OBS-202509-00343,2025-09,343,"Construction of LPG Facilities at Kamardanga, Assam",Hindustan Petroleum Corporation Limited,709754,-,-,Assam,03/2023,03/2023,07/2027,07/2027,156.36,156.36,58.27,48,"Construction of LPG Facilities at Kamardanga, Assam
(Hindustan Petroleum Corporation Limited)
(709754)","03/2023
(03/2023)","07/2027
(07/2027)","156.36
(156.36)",SRC-2025-09,520f100f2752c07c7d8e1180cce2258a6966d21b6e37fcbecca0b098835ef318,54,53,All Ongoing Projects,6,pdfplumber_table,twelve_month_gate2:0.1.0,"pdf_page_index=54,table_index=logical8,row_index=28"
OBS-202509-00344,2025-09,344,"Setting up of new rail fed POL facility at Kamardanga, Assam",Hindustan Petroleum Corporation Limited [HPCL],709755,-,-,Assam,03/2023,03/2023,07/2027,07/2027,384.04,384.04,129.97,55,"Setting up of new rail fed POL facility at Kamardanga, Assam
(Hindustan Petroleum Corporation Limited [HPCL])
(709755)","03/2023
(03/2023)","07/2027
(07/2027)","384.04
(384.04)",SRC-2025-09,520f100f2752c07c7d8e1180cce2258a6966d21b6e37fcbecca0b098835ef318,55,54,All Ongoing Projects,6,pdfplumber_table,twelve_month_gate2:0.1.0,"pdf_page_index=55,table_index=logical8,row_index=1"
OBS-202509-00345,2025-09,345,"Setting up a common user Petroleum Terminal at Jammu, J&K for resitement of
existing PSU OMC's Depots from Jammu City",Bharat Petroleum Corporation Limited [BPCL],400235,-,-,"Jammu and
Kashmir",04/2023,04/2023,03/2025,01/2026,676.89,715.89,535.94,82,"Setting up a common user Petroleum Terminal at Jammu, J&K for resitement of
existing PSU OMC's Depots from Jammu City
(Bharat Petroleum Corporation Limited [BPCL])
(400235)","04/2023
(04/2023)","03/2025
(01/2026)","676.89
(715.89)",SRC-2025-09,520f100f2752c07c7d8e1180cce2258a6966d21b6e37fcbecca0b098835ef318,55,54,All Ongoing Projects,6,pdfplumber_table,twelve_month_gate2:0.1.0,"pdf_page_index=55,table_index=logical8,row_index=2"
OBS-202509-00346,2025-09,346,"Andheri Residential Towers, Mumbai",Ministry of Petroleum & Natural Gas,604833,-,-,Maharashtra,NA,06/2017,05/2025,06/2026,281.35,389.67,234.6,50,"Andheri Residential Towers, Mumbai
(Ministry of Petroleum & Natural Gas)
(604833)","NA
(06/2017)","05/2025
(06/2026)","281.35
(389.67)",SRC-2025-09,520f100f2752c07c7d8e1180cce2258a6966d21b6e37fcbecca0b098835ef318,55,54,All Ongoing Projects,6,pdfplumber_table,twelve_month_gate2:0.1.0,"pdf_page_index=55,table_index=logical8,row_index=3"
OBS-202509-00347,2025-09,347,Srikakulam Angul Gas Pipeline Project,Ministry of Petroleum & Natural Gas,701343,-,-,"Multi-States
(Andhra Pradesh,
Odisha)",09/2019,09/2019,07/2022,12/2025,2658.34,2810,2272.98,95,"Srikakulam Angul Gas Pipeline Project
(Ministry of Petroleum & Natural Gas)
(701343)","09/2019
(09/2019)","07/2022
(12/2025)","2658.34
(2810)",SRC-2025-09,520f100f2752c07c7d8e1180cce2258a6966d21b6e37fcbecca0b098835ef318,55,54,All Ongoing Projects,6,pdfplumber_table,twelve_month_gate2:0.1.0,"pdf_page_index=55,table_index=logical8,row_index=4"
OBS-202509-00348,2025-09,348,Rajasthan Refinery Project,MinistryofPetroleumNaturalGas,701263,-,-,"Multi-States
(Arunachal
Pradesh, Gujarat,
Rajasthan)",10/2017,10/2017,10/2022,03/2026,43129,79459,60545.24,88,"Rajasthan Refinery Project
(MinistryofPetroleumNaturalGas)
(701263)","10/2017
(10/2017)","10/2022
(03/2026)","43129
(79459)",SRC-2025-09,520f100f2752c07c7d8e1180cce2258a6966d21b6e37fcbecca0b098835ef318,55,54,All Ongoing Projects,6,pdfplumber_table,twelve_month_gate2:0.1.0,"pdf_page_index=55,table_index=logical8,row_index=5"
OBS-202509-00349,2025-09,349,"Paradip-Numaligarh Crude Oil Pipeline [PNCPL] & Crude Oil Import Terminal [COIT]
at Paradip",Ministry of Petroleum & Natural Gas,701349,-,-,"Multi-States
(Assam, Bihar,
Jharkhand,
Odisha, West
Bengal)",NA,01/2019,07/2024,10/2025,10228,11407,9811.29,87,"Paradip-Numaligarh Crude Oil Pipeline [PNCPL] & Crude Oil Import Terminal [COIT]
at Paradip
(Ministry of Petroleum & Natural Gas)
(701349)","NA
(01/2019)","07/2024
(10/2025)","10228
(11407)",SRC-2025-09,520f100f2752c07c7d8e1180cce2258a6966d21b6e37fcbecca0b098835ef318,55,54,All Ongoing Projects,6,pdfplumber_table,twelve_month_gate2:0.1.0,"pdf_page_index=55,table_index=logical8,row_index=6"
OBS-202509-00350,2025-09,350,New Mundra Panipat Crude Oil Pipeline,Ministry of Petroleum & Natural Gas,400078,-,-,"Multi-States
(Gujarat, Haryana,
Rajasthan)",NA,12/2021,12/2024,12/2025,9028,9028,7186.98,85,"New Mundra Panipat Crude Oil Pipeline
(Ministry of Petroleum & Natural Gas)
(400078)","NA
(12/2021)","12/2024
(12/2025)","9028
(9028)",SRC-2025-09,520f100f2752c07c7d8e1180cce2258a6966d21b6e37fcbecca0b098835ef318,55,54,All Ongoing Projects,6,pdfplumber_table,twelve_month_gate2:0.1.0,"pdf_page_index=55,table_index=logical8,row_index=7"
OBS-202509-00351,2025-09,351,Kandla Gorakhpur LPG Pipeline,Ministry of Petroleum & Natural Gas,400012,-,-,"Multi-States
(Gujarat, Madhya
Pradesh, Uttar
Pradesh)",NA,12/2018,12/2021,12/2025,10088,10088,7979.86,93,"Kandla Gorakhpur LPG Pipeline
(Ministry of Petroleum & Natural Gas)
(400012)","NA
(12/2018)","12/2021
(12/2025)","10088
(10088)",SRC-2025-09,520f100f2752c07c7d8e1180cce2258a6966d21b6e37fcbecca0b098835ef318,55,54,All Ongoing Projects,6,pdfplumber_table,twelve_month_gate2:0.1.0,"pdf_page_index=55,table_index=logical8,row_index=8"
OBS-202509-00352,2025-09,352,Multi Product Pipeline from Irugur to Devangonthi,"Department of Water Resources, River Development & GR",400301,-,-,"Multi-States
(Karnataka, Tamil
Nadu)",11/2012,11/2012,02/2017,09/2026,678,1732,767.09,71,"Multi Product Pipeline from Irugur to Devangonthi
(Department of Water Resources, River Development & GR)
(400301)","11/2012
(11/2012)","02/2017
(09/2026)","678
(1732)",SRC-2025-09,520f100f2752c07c7d8e1180cce2258a6966d21b6e37fcbecca0b098835ef318,55,54,All Ongoing Projects,6,pdfplumber_table,twelve_month_gate2:0.1.0,"pdf_page_index=55,table_index=logical8,row_index=9"
OBS-202509-00353,2025-09,353,"Petrochemical evacuation marketing terminal at Barmer, Rajasthan",Hindustan Petroleum Corporation Limited [HPCL],709759,-,-,Rajasthan,12/2023,12/2023,12/2026,12/2026,461.05,461.05,127.84,60,"Petrochemical evacuation marketing terminal at Barmer, Rajasthan
(Hindustan Petroleum Corporation Limited [HPCL])
(709759)","12/2023
(12/2023)","12/2026
(12/2026)","461.05
(461.05)",SRC-2025-09,520f100f2752c07c7d8e1180cce2258a6966d21b6e37fcbecca0b098835ef318,55,54,All Ongoing Projects,6,pdfplumber_table,twelve_month_gate2:0.1.0,"pdf_page_index=55,table_index=logical8,row_index=10"
OBS-202509-00354,2025-09,354,"Laying of POL Pipelines in Common Corridor for proposed grass root terminal at
Vallur [Chennai]",Ministry of Petroleum & Natural Gas,400043,-,-,Tamil Nadu,NA,01/2022,05/2026,05/2026,829,829,320.63,66,"Laying of POL Pipelines in Common Corridor for proposed grass root terminal at
Vallur [Chennai]
(Ministry of Petroleum & Natural Gas)
(400043)","NA
(01/2022)","05/2026
(05/2026)","829
(829)",SRC-2025-09,520f100f2752c07c7d8e1180cce2258a6966d21b6e37fcbecca0b098835ef318,55,54,All Ongoing Projects,6,pdfplumber_table,twelve_month_gate2:0.1.0,"pdf_page_index=55,table_index=logical8,row_index=11"
OBS-202509-00355,2025-09,355,"Grass root POL Terminal at Vallur, Chennai",Indian Oil Corporation Limited [IOCL],400077,-,-,Tamil Nadu,NA,01/2022,12/2024,03/2026,827,887.71,633.42,88,"Grass root POL Terminal at Vallur, Chennai
(Indian Oil Corporation Limited [IOCL])
(400077)","NA
(01/2022)","12/2024
(03/2026)","827
(887.71)",SRC-2025-09,520f100f2752c07c7d8e1180cce2258a6966d21b6e37fcbecca0b098835ef318,55,54,All Ongoing Projects,6,pdfplumber_table,twelve_month_gate2:0.1.0,"pdf_page_index=55,table_index=logical8,row_index=12"
OBS-202509-00356,2025-09,356,"Grass Root Rail-fed Depot at Sekerkote, Agartala as resitement of existing
Dharmanagar Depot",Indian Oil Corporation Limited [IOCL],400035,-,-,Tripura,NA,06/2022,09/2025,06/2026,656,656,483.9,88,"Grass Root Rail-fed Depot at Sekerkote, Agartala as resitement of existing
Dharmanagar Depot
(Indian Oil Corporation Limited [IOCL])
(400035)","NA
(06/2022)","09/2025
(06/2026)","656
(656)",SRC-2025-09,520f100f2752c07c7d8e1180cce2258a6966d21b6e37fcbecca0b098835ef318,55,54,All Ongoing Projects,6,pdfplumber_table,twelve_month_gate2:0.1.0,"pdf_page_index=55,table_index=logical8,row_index=13"
OBS-202509-00357,2025-09,357,"Grass-root Terminal at Mirzapur, Uttar Pradesh",Ministry of Petroleum & Natural Gas,604852,-,-,Uttar Pradesh,NA,09/2022,11/2026,11/2026,980.45,980.45,220.97,53,"Grass-root Terminal at Mirzapur, Uttar Pradesh
(Ministry of Petroleum & Natural Gas)
(604852)","NA
(09/2022)","11/2026
(11/2026)","980.45
(980.45)",SRC-2025-09,520f100f2752c07c7d8e1180cce2258a6966d21b6e37fcbecca0b098835ef318,55,54,All Ongoing Projects,6,pdfplumber_table,twelve_month_gate2:0.1.0,"pdf_page_index=55,table_index=logical8,row_index=14"
OBS-202509-00358,2025-09,358,KG-DWN-98/2 Cluster - II Development Project - NELP Block,Oil and Natural Gas Corporation Limited [ONGC],400120,-,-,Andhra Pradesh,03/2016,03/2016,06/2020,06/2026,34012,34012,33238.5,96,"KG-DWN-98/2 Cluster - II Development Project - NELP Block
(Oil and Natural Gas Corporation Limited [ONGC])
(400120)","03/2016
(03/2016)","06/2020
(06/2026)","34012
(34012)",SRC-2025-09,520f100f2752c07c7d8e1180cce2258a6966d21b6e37fcbecca0b098835ef318,55,54,All Ongoing Projects,6,pdfplumber_table,twelve_month_gate2:0.1.0,"pdf_page_index=55,table_index=logical8,row_index=17"
OBS-202509-00359,2025-09,359,HP-COAT [Crude to Olefins and Aromatics Technology] demo unit at Visakh Refinery,Hindustan Petroleum Corporation Limited,709752,-,-,Andhra Pradesh,09/2021,09/2021,06/2024,03/2026,160,220,89.34,72,"HP-COAT [Crude to Olefins and Aromatics Technology] demo unit at Visakh Refinery
(Hindustan Petroleum Corporation Limited)
(709752)","09/2021
(09/2021)","06/2024
(03/2026)","160
(220)",SRC-2025-09,520f100f2752c07c7d8e1180cce2258a6966d21b6e37fcbecca0b098835ef318,55,54,All Ongoing Projects,6,pdfplumber_table,twelve_month_gate2:0.1.0,"pdf_page_index=55,table_index=logical8,row_index=18"
OBS-202509-00360,2025-09,360,HP Trijet Unit in Visakh Refinery,Hindustan Petroleum Corporation Limited,709761,-,-,Andhra Pradesh,07/2024,07/2024,07/2027,07/2027,193,193,0.43,23,"HP Trijet Unit in Visakh Refinery
(Hindustan Petroleum Corporation Limited)
(709761)","07/2024
(07/2024)","07/2027
(07/2027)","193
(193)",SRC-2025-09,520f100f2752c07c7d8e1180cce2258a6966d21b6e37fcbecca0b098835ef318,55,54,All Ongoing Projects,6,pdfplumber_table,twelve_month_gate2:0.1.0,"pdf_page_index=55,table_index=logical8,row_index=19"
OBS-202509-00361,2025-09,361,"City Gas Distribution Project at Kurnool, Guntur & Prakasam Districts",MinistryofPetroleumNaturalGas,709766,-,-,Andhra Pradesh,03/2022,03/2022,03/2030,03/2030,1420,1420,163.46,6,"City Gas Distribution Project at Kurnool, Guntur & Prakasam Districts
(MinistryofPetroleumNaturalGas)
(709766)","03/2022
(03/2022)","03/2030
(03/2030)","1420
(1420)",SRC-2025-09,520f100f2752c07c7d8e1180cce2258a6966d21b6e37fcbecca0b098835ef318,55,54,All Ongoing Projects,6,pdfplumber_table,twelve_month_gate2:0.1.0,"pdf_page_index=55,table_index=logical8,row_index=20"
OBS-202509-00362,2025-09,362,Numaligarh Refinery Expansion Project,Ministry of Petroleum & Natural Gas,604791,-,-,Assam,NA,07/2020,07/2024,12/2025,12366,22494,17007.22,78,"Numaligarh Refinery Expansion Project
(Ministry of Petroleum & Natural Gas)
(604791)","NA
(07/2020)","07/2024
(12/2025)","12366
(22494)",SRC-2025-09,520f100f2752c07c7d8e1180cce2258a6966d21b6e37fcbecca0b098835ef318,55,54,All Ongoing Projects,6,pdfplumber_table,twelve_month_gate2:0.1.0,"pdf_page_index=55,table_index=logical8,row_index=21"
OBS-202509-00363,2025-09,363,"Development of Surface Facilities for production and evacuation of Crude Oil and
Natural Gas from Nadua and East Khagorija",Ministry of Petroleum & Natural Gas,604863,-,-,Assam,NA,01/2018,02/2020,12/2025,682.9,726.93,489.6,94,"Development of Surface Facilities for production and evacuation of Crude Oil and
Natural Gas from Nadua and East Khagorija
(Ministry of Petroleum & Natural Gas)
(604863)","NA
(01/2018)","02/2020
(12/2025)","682.9
(726.93)",SRC-2025-09,520f100f2752c07c7d8e1180cce2258a6966d21b6e37fcbecca0b098835ef318,55,54,All Ongoing Projects,6,pdfplumber_table,twelve_month_gate2:0.1.0,"pdf_page_index=55,table_index=logical8,row_index=22"
OBS-202509-00364,2025-09,364,"Guwahati Refinery Expansion [1.0 to 1.2 MMTPA] along with installation of CRU,
Guwahati Refinery",Ministry of Petroleum & Natural Gas,607701,-,-,Assam,NA,05/2021,10/2023,05/2026,412.3,577,435.92,86,"Guwahati Refinery Expansion [1.0 to 1.2 MMTPA] along with installation of CRU,
Guwahati Refinery
(Ministry of Petroleum & Natural Gas)
(607701)","NA
(05/2021)","10/2023
(05/2026)","412.3
(577)",SRC-2025-09,520f100f2752c07c7d8e1180cce2258a6966d21b6e37fcbecca0b098835ef318,55,54,All Ongoing Projects,6,pdfplumber_table,twelve_month_gate2:0.1.0,"pdf_page_index=55,table_index=logical8,row_index=23"
OBS-202509-00365,2025-09,365,"Construction of Field Gas Gathering Station at Baghjan area for collection, processing
& transportation of natural Gas to be produced from Baghjan Field",Ministry of Petroleum & Natural Gas,616858,-,-,Assam,NA,12/2020,03/2024,12/2025,430.76,430.76,327.47,86,"Construction of Field Gas Gathering Station at Baghjan area for collection, processing
& transportation of natural Gas to be produced from Baghjan Field
(Ministry of Petroleum & Natural Gas)
(616858)","NA
(12/2020)","03/2024
(12/2025)","430.76
(430.76)",SRC-2025-09,520f100f2752c07c7d8e1180cce2258a6966d21b6e37fcbecca0b098835ef318,55,54,All Ongoing Projects,6,pdfplumber_table,twelve_month_gate2:0.1.0,"pdf_page_index=55,table_index=logical8,row_index=24"
OBS-202509-00366,2025-09,366,Augmentation/Revamping of Facilities at existing Guwahati Terminal at Betkuchi,MinistryofPetroleumNaturalGas,709776,-,-,Assam,NA,04/2022,09/2026,09/2026,277,323.09,186.17,68,"Augmentation/Revamping of Facilities at existing Guwahati Terminal at Betkuchi
(MinistryofPetroleumNaturalGas)
(709776)","NA
(04/2022)","09/2026
(09/2026)","277
(323.09)",SRC-2025-09,520f100f2752c07c7d8e1180cce2258a6966d21b6e37fcbecca0b098835ef318,55,54,All Ongoing Projects,6,pdfplumber_table,twelve_month_gate2:0.1.0,"pdf_page_index=55,table_index=logical8,row_index=25"
OBS-202509-00367,2025-09,367,Capacity Expansion of Digboi Refinery from 0.65 to 1.0 MMTPA,MinistryofPetroleumNaturalGas,709779,-,-,Assam,NA,06/2022,03/2026,07/2027,768,740,115.21,42,"Capacity Expansion of Digboi Refinery from 0.65 to 1.0 MMTPA
(MinistryofPetroleumNaturalGas)
(709779)","NA
(06/2022)","03/2026
(07/2027)","768
(740)",SRC-2025-09,520f100f2752c07c7d8e1180cce2258a6966d21b6e37fcbecca0b098835ef318,55,54,All Ongoing Projects,6,pdfplumber_table,twelve_month_gate2:0.1.0,"pdf_page_index=55,table_index=logical8,row_index=26"
OBS-202509-00368,2025-09,368,Pipeline Network Project Rudrasagar,Ministry of Petroleum & Natural Gas,709847,-,-,Assam,01/2023,01/2023,04/2026,04/2026,344.99,344.99,211.1,48,"Pipeline Network Project Rudrasagar
(Ministry of Petroleum & Natural Gas)
(709847)","01/2023
(01/2023)","04/2026
(04/2026)","344.99
(344.99)",SRC-2025-09,520f100f2752c07c7d8e1180cce2258a6966d21b6e37fcbecca0b098835ef318,55,54,All Ongoing Projects,6,pdfplumber_table,twelve_month_gate2:0.1.0,"pdf_page_index=55,table_index=logical8,row_index=27"
OBS-202509-00369,2025-09,369,Borholla GGS Life Extension Project [BLEP],Ministry of Petroleum & Natural Gas,709850,-,-,Assam,09/2023,09/2023,05/2026,05/2026,198.7,198.7,39.45,36,"Borholla GGS Life Extension Project [BLEP]
(Ministry of Petroleum & Natural Gas)
(709850)","09/2023
(09/2023)","05/2026
(05/2026)","198.7
(198.7)",SRC-2025-09,520f100f2752c07c7d8e1180cce2258a6966d21b6e37fcbecca0b098835ef318,55,54,All Ongoing Projects,6,pdfplumber_table,twelve_month_gate2:0.1.0,"pdf_page_index=55,table_index=logical8,row_index=28"
OBS-202509-00370,2025-09,370,DCU Revamp Project,NRL,709864,-,-,Assam,NA,08/2021,07/2024,10/2025,370,370,265.35,61,"DCU Revamp Project
(NRL)
(709864)","NA
(08/2021)","07/2024
(10/2025)","370
(370)",SRC-2025-09,520f100f2752c07c7d8e1180cce2258a6966d21b6e37fcbecca0b098835ef318,55,54,All Ongoing Projects,6,pdfplumber_table,twelve_month_gate2:0.1.0,"pdf_page_index=55,table_index=logical8,row_index=29"
OBS-202509-00371,2025-09,371,Power Recovery Turbine [PRT] in PFCCU unit as an Energy Conservation Scheme,NRL,709865,-,-,Assam,NA,04/2023,12/2024,10/2025,293.5,293.5,97.22,95,"Power Recovery Turbine [PRT] in PFCCU unit as an Energy Conservation Scheme
(NRL)
(709865)","NA
(04/2023)","12/2024
(10/2025)","293.5
(293.5)",SRC-2025-09,520f100f2752c07c7d8e1180cce2258a6966d21b6e37fcbecca0b098835ef318,56,55,All Ongoing Projects,6,pdfplumber_table,twelve_month_gate2:0.1.0,"pdf_page_index=56,table_index=logical8,row_index=1"
OBS-202509-00372,2025-09,372,"Setting up of LPG Plant with Rail Unloading Facility at Hathua, Dist. Gopalganj, Bihar",MinistryofPetroleumNaturalGas,617304,-,-,Bihar,NA,10/2023,03/2027,03/2027,340.15,340.15,94.41,28,"Setting up of LPG Plant with Rail Unloading Facility at Hathua, Dist. Gopalganj, Bihar
(MinistryofPetroleumNaturalGas)
(617304)","NA
(10/2023)","03/2027
(03/2027)","340.15
(340.15)",SRC-2025-09,520f100f2752c07c7d8e1180cce2258a6966d21b6e37fcbecca0b098835ef318,56,55,All Ongoing Projects,6,pdfplumber_table,twelve_month_gate2:0.1.0,"pdf_page_index=56,table_index=logical8,row_index=2"
OBS-202509-00373,2025-09,373,Barauni Refinery Capacity Expansion from 6.0 to 9.0 MMTPA,Ministry of Petroleum & Natural Gas,701324,-,-,Bihar,NA,01/2020,04/2023,08/2026,14810,16724,11997.29,88,"Barauni Refinery Capacity Expansion from 6.0 to 9.0 MMTPA
(Ministry of Petroleum & Natural Gas)
(701324)","NA
(01/2020)","04/2023
(08/2026)","14810
(16724)",SRC-2025-09,520f100f2752c07c7d8e1180cce2258a6966d21b6e37fcbecca0b098835ef318,56,55,All Ongoing Projects,6,pdfplumber_table,twelve_month_gate2:0.1.0,"pdf_page_index=56,table_index=logical8,row_index=3"
OBS-202509-00374,2025-09,374,"Installation of Bitumen Manufacturing Unit along with allied facilities at Barauni
Refinery",MinistryofPetroleumNaturalGas,709777,-,-,Bihar,NA,01/2022,04/2025,10/2026,389.35,340,56.85,42,"Installation of Bitumen Manufacturing Unit along with allied facilities at Barauni
Refinery
(MinistryofPetroleumNaturalGas)
(709777)","NA
(01/2022)","04/2025
(10/2026)","389.35
(340)",SRC-2025-09,520f100f2752c07c7d8e1180cce2258a6966d21b6e37fcbecca0b098835ef318,56,55,All Ongoing Projects,6,pdfplumber_table,twelve_month_gate2:0.1.0,"pdf_page_index=56,table_index=logical8,row_index=4"
OBS-202509-00375,2025-09,375,"City Gas Distribution Projects at Darbhanga, Madhubani, Supaul, Sitamarhi and
Sheohar districts",Bharat Petroleum Corporation Limited [BPCL],709792,-,-,Bihar,12/2022,12/2022,03/2030,03/2030,3638,3638,414.14,29,"City Gas Distribution Projects at Darbhanga, Madhubani, Supaul, Sitamarhi and
Sheohar districts
(Bharat Petroleum Corporation Limited [BPCL])
(709792)","12/2022
(12/2022)","03/2030
(03/2030)","3638
(3638)",SRC-2025-09,520f100f2752c07c7d8e1180cce2258a6966d21b6e37fcbecca0b098835ef318,56,55,All Ongoing Projects,6,pdfplumber_table,twelve_month_gate2:0.1.0,"pdf_page_index=56,table_index=logical8,row_index=5"
OBS-202509-00376,2025-09,376,"City Gas Distribution Projects at Gopalganj, Siwan, West Champaran, East
Champaran and Deoria districts",Bharat Petroleum Corporation Limited [BPCL],709793,-,-,Bihar,12/2022,12/2022,06/2030,06/2030,3919,3919,412.83,19,"City Gas Distribution Projects at Gopalganj, Siwan, West Champaran, East
Champaran and Deoria districts
(Bharat Petroleum Corporation Limited [BPCL])
(709793)","12/2022
(12/2022)","06/2030
(06/2030)","3919
(3919)",SRC-2025-09,520f100f2752c07c7d8e1180cce2258a6966d21b6e37fcbecca0b098835ef318,56,55,All Ongoing Projects,6,pdfplumber_table,twelve_month_gate2:0.1.0,"pdf_page_index=56,table_index=logical8,row_index=6"
OBS-202509-00377,2025-09,377,Redevelopment of Sobhasan Complex,Oil and Natural Gas Corporation Limited [ONGC],400087,-,-,Gujarat,08/2021,08/2021,02/2026,02/2026,885.63,1286.67,830.89,79,"Redevelopment of Sobhasan Complex
(Oil and Natural Gas Corporation Limited [ONGC])
(400087)","08/2021
(08/2021)","02/2026
(02/2026)","885.63
(1286.67)",SRC-2025-09,520f100f2752c07c7d8e1180cce2258a6966d21b6e37fcbecca0b098835ef318,56,55,All Ongoing Projects,6,pdfplumber_table,twelve_month_gate2:0.1.0,"pdf_page_index=56,table_index=logical8,row_index=7"
OBS-202509-00378,2025-09,378,Redevelopment of Santhal Field [Onshore-Mehsana Asset],Oil and Natural Gas Corporation Limited [ONGC],400167,-,-,Gujarat,02/2017,02/2017,03/2026,03/2026,1162.56,1162.56,1157,94,"Redevelopment of Santhal Field [Onshore-Mehsana Asset]
(Oil and Natural Gas Corporation Limited [ONGC])
(400167)","02/2017
(02/2017)","03/2026
(03/2026)","1162.56
(1162.56)",SRC-2025-09,520f100f2752c07c7d8e1180cce2258a6966d21b6e37fcbecca0b098835ef318,56,55,All Ongoing Projects,6,pdfplumber_table,twelve_month_gate2:0.1.0,"pdf_page_index=56,table_index=logical8,row_index=8"
OBS-202509-00379,2025-09,379,Redevelopment of Linch Field,Oil and Natural Gas Corporation Limited [ONGC],400169,-,-,Gujarat,04/2021,04/2021,03/2025,10/2025,631.03,860.04,539.03,83,"Redevelopment of Linch Field
(Oil and Natural Gas Corporation Limited [ONGC])
(400169)","04/2021
(04/2021)","03/2025
(10/2025)","631.03
(860.04)",SRC-2025-09,520f100f2752c07c7d8e1180cce2258a6966d21b6e37fcbecca0b098835ef318,56,55,All Ongoing Projects,6,pdfplumber_table,twelve_month_gate2:0.1.0,"pdf_page_index=56,table_index=logical8,row_index=9"
OBS-202509-00380,2025-09,380,Petrochemical and Lube Integration Project at Gujarat Refinery,Ministry of Petroleum & Natural Gas,701329,-,-,Gujarat,NA,09/2020,08/2024,06/2026,18936,17825,12645.17,84,"Petrochemical and Lube Integration Project at Gujarat Refinery
(Ministry of Petroleum & Natural Gas)
(701329)","NA
(09/2020)","08/2024
(06/2026)","18936
(17825)",SRC-2025-09,520f100f2752c07c7d8e1180cce2258a6966d21b6e37fcbecca0b098835ef318,56,55,All Ongoing Projects,6,pdfplumber_table,twelve_month_gate2:0.1.0,"pdf_page_index=56,table_index=logical8,row_index=10"
OBS-202509-00381,2025-09,381,Installation of new Biturox Unit along with allied facilities at Gujarat Refinery,MinistryofPetroleumNaturalGas,709778,-,-,Gujarat,NA,01/2022,08/2025,09/2026,328.29,287,160.45,62,"Installation of new Biturox Unit along with allied facilities at Gujarat Refinery
(MinistryofPetroleumNaturalGas)
(709778)","NA
(01/2022)","08/2025
(09/2026)","328.29
(287)",SRC-2025-09,520f100f2752c07c7d8e1180cce2258a6966d21b6e37fcbecca0b098835ef318,56,55,All Ongoing Projects,6,pdfplumber_table,twelve_month_gate2:0.1.0,"pdf_page_index=56,table_index=logical8,row_index=11"
OBS-202509-00382,2025-09,382,Commercial Polymer Flooding Project in Bechraji field,Oil and Natural Gas Corporation Limited [ONGC],709838,-,-,Gujarat,01/2022,01/2022,11/2024,11/2025,621.4,621.4,137.72,21,"Commercial Polymer Flooding Project in Bechraji field
(Oil and Natural Gas Corporation Limited [ONGC])
(709838)","01/2022
(01/2022)","11/2024
(11/2025)","621.4
(621.4)",SRC-2025-09,520f100f2752c07c7d8e1180cce2258a6966d21b6e37fcbecca0b098835ef318,56,55,All Ongoing Projects,6,pdfplumber_table,twelve_month_gate2:0.1.0,"pdf_page_index=56,table_index=logical8,row_index=12"
OBS-202509-00383,2025-09,383,"Restoration of Gas Terminal, Phase-I [Part-A], Hazira",Oil and Natural Gas Corporation Limited [ONGC],709840,-,-,Gujarat,05/2022,05/2022,02/2025,12/2025,249.43,249.43,209.89,94,"Restoration of Gas Terminal, Phase-I [Part-A], Hazira
(Oil and Natural Gas Corporation Limited [ONGC])
(709840)","05/2022
(05/2022)","02/2025
(12/2025)","249.43
(249.43)",SRC-2025-09,520f100f2752c07c7d8e1180cce2258a6966d21b6e37fcbecca0b098835ef318,56,55,All Ongoing Projects,6,pdfplumber_table,twelve_month_gate2:0.1.0,"pdf_page_index=56,table_index=logical8,row_index=13"
OBS-202509-00384,2025-09,384,Old Pipe Line Replacement [OPRP] Group-A,Oil and Natural Gas Corporation Limited [ONGC],709841,-,-,Gujarat,07/2021,07/2021,07/2025,03/2026,173.03,169.84,147.77,88,"Old Pipe Line Replacement [OPRP] Group-A
(Oil and Natural Gas Corporation Limited [ONGC])
(709841)","07/2021
(07/2021)","07/2025
(03/2026)","173.03
(169.84)",SRC-2025-09,520f100f2752c07c7d8e1180cce2258a6966d21b6e37fcbecca0b098835ef318,56,55,All Ongoing Projects,6,pdfplumber_table,twelve_month_gate2:0.1.0,"pdf_page_index=56,table_index=logical8,row_index=14"
OBS-202509-00385,2025-09,385,"Kalol Redevelopment Project, Ahmedabad Asset",Oil and Natural Gas Corporation Limited [ONGC],709842,-,-,Gujarat,08/2022,08/2022,03/2027,03/2027,1487.41,1487.41,927.55,62,"Kalol Redevelopment Project, Ahmedabad Asset
(Oil and Natural Gas Corporation Limited [ONGC])
(709842)","08/2022
(08/2022)","03/2027
(03/2027)","1487.41
(1487.41)",SRC-2025-09,520f100f2752c07c7d8e1180cce2258a6966d21b6e37fcbecca0b098835ef318,56,55,All Ongoing Projects,6,pdfplumber_table,twelve_month_gate2:0.1.0,"pdf_page_index=56,table_index=logical8,row_index=15"
OBS-202509-00386,2025-09,386,"Revamping of SV Stations, Gas Terminal & Kribhco Terminal",Oil and Natural Gas Corporation Limited [ONGC],709845,-,-,Gujarat,11/2022,11/2022,08/2026,08/2026,837.34,837.34,257.06,54,"Revamping of SV Stations, Gas Terminal & Kribhco Terminal
(Oil and Natural Gas Corporation Limited [ONGC])
(709845)","11/2022
(11/2022)","08/2026
(08/2026)","837.34
(837.34)",SRC-2025-09,520f100f2752c07c7d8e1180cce2258a6966d21b6e37fcbecca0b098835ef318,56,55,All Ongoing Projects,6,pdfplumber_table,twelve_month_gate2:0.1.0,"pdf_page_index=56,table_index=logical8,row_index=16"
OBS-202509-00387,2025-09,387,"Indian Oil Technology Development and Deployment Centre at R&D Campus-II,
Faridabad",Ministry of Petroleum & Natural Gas,604853,-,-,Haryana,NA,06/2019,12/2022,10/2026,2281.94,3200,1810.8,64,"Indian Oil Technology Development and Deployment Centre at R&D Campus-II,
Faridabad
(Ministry of Petroleum & Natural Gas)
(604853)","NA
(06/2019)","12/2022
(10/2026)","2281.94
(3200)",SRC-2025-09,520f100f2752c07c7d8e1180cce2258a6966d21b6e37fcbecca0b098835ef318,56,55,All Ongoing Projects,6,pdfplumber_table,twelve_month_gate2:0.1.0,"pdf_page_index=56,table_index=logical8,row_index=17"
OBS-202509-00388,2025-09,388,Poly Butadiene Rubber plant at Panipat,Indian Oil Corporation Limited [IOCL],611917,-,-,Haryana,NA,03/2022,03/2025,06/2026,1459,2531.44,1119.16,72,"Poly Butadiene Rubber plant at Panipat
(Indian Oil Corporation Limited [IOCL])
(611917)","NA
(03/2022)","03/2025
(06/2026)","1459
(2531.44)",SRC-2025-09,520f100f2752c07c7d8e1180cce2258a6966d21b6e37fcbecca0b098835ef318,56,55,All Ongoing Projects,6,pdfplumber_table,twelve_month_gate2:0.1.0,"pdf_page_index=56,table_index=logical8,row_index=18"
OBS-202509-00389,2025-09,389,Capacity Expansion of Panipat Refinery from 15 to 25 MMTPA,Ministry of Petroleum & Natural Gas,701289,-,-,Haryana,NA,02/2021,09/2024,06/2026,34627,36225,25028.79,89,"Capacity Expansion of Panipat Refinery from 15 to 25 MMTPA
(Ministry of Petroleum & Natural Gas)
(701289)","NA
(02/2021)","09/2024
(06/2026)","34627
(36225)",SRC-2025-09,520f100f2752c07c7d8e1180cce2258a6966d21b6e37fcbecca0b098835ef318,56,55,All Ongoing Projects,6,pdfplumber_table,twelve_month_gate2:0.1.0,"pdf_page_index=56,table_index=logical8,row_index=19"
OBS-202509-00390,2025-09,390,"Installation of Multiple Effect Evaporator [MEE] for ETP-1, 2 & 4 of Panipat Refinery
and Petrochemical Complex.",MinistryofPetroleumNaturalGas,709783,-,-,Haryana,NA,12/2020,06/2023,06/2026,165.13,247.69,138.35,74,"Installation of Multiple Effect Evaporator [MEE] for ETP-1, 2 & 4 of Panipat Refinery
and Petrochemical Complex.
(MinistryofPetroleumNaturalGas)
(709783)","NA
(12/2020)","06/2023
(06/2026)","165.13
(247.69)",SRC-2025-09,520f100f2752c07c7d8e1180cce2258a6966d21b6e37fcbecca0b098835ef318,56,55,All Ongoing Projects,6,pdfplumber_table,twelve_month_gate2:0.1.0,"pdf_page_index=56,table_index=logical8,row_index=20"
OBS-202509-00391,2025-09,391,"City Gas Distribution Project at Jammu, Udhampur, Reasi, Samba and Kathua
Districts",MinistryofPetroleumNaturalGas,709773,-,-,"Jammu and
Kashmir",03/2022,03/2022,03/2032,03/2032,538,538,3.72,0,"City Gas Distribution Project at Jammu, Udhampur, Reasi, Samba and Kathua
Districts
(MinistryofPetroleumNaturalGas)
(709773)","03/2022
(03/2022)","03/2032
(03/2032)","538
(538)",SRC-2025-09,520f100f2752c07c7d8e1180cce2258a6966d21b6e37fcbecca0b098835ef318,56,55,All Ongoing Projects,6,pdfplumber_table,twelve_month_gate2:0.1.0,"pdf_page_index=56,table_index=logical8,row_index=21"
OBS-202509-00392,2025-09,392,Development of Jharia CBM Block [Phase-1],Oil and Natural Gas Corporation Limited [ONGC],610984,-,-,Jharkhand,11/2019,11/2019,01/2024,11/2025,431,431,217.93,59,"Development of Jharia CBM Block [Phase-1]
(Oil and Natural Gas Corporation Limited [ONGC])
(610984)","11/2019
(11/2019)","01/2024
(11/2025)","431
(431)",SRC-2025-09,520f100f2752c07c7d8e1180cce2258a6966d21b6e37fcbecca0b098835ef318,56,55,All Ongoing Projects,6,pdfplumber_table,twelve_month_gate2:0.1.0,"pdf_page_index=56,table_index=logical8,row_index=22"
OBS-202509-00393,2025-09,393,Laying of Natural Gas Pipeline from Hazaribagh to Ranchi [HRPL],MinistryofPetroleumNaturalGas,709785,-,-,Jharkhand,NA,02/2023,02/2026,02/2026,202.07,202.07,60.23,47,"Laying of Natural Gas Pipeline from Hazaribagh to Ranchi [HRPL]
(MinistryofPetroleumNaturalGas)
(709785)","NA
(02/2023)","02/2026
(02/2026)","202.07
(202.07)",SRC-2025-09,520f100f2752c07c7d8e1180cce2258a6966d21b6e37fcbecca0b098835ef318,56,55,All Ongoing Projects,6,pdfplumber_table,twelve_month_gate2:0.1.0,"pdf_page_index=56,table_index=logical8,row_index=23"
OBS-202509-00394,2025-09,394,Power System Upgradation Project,Mangalore Refinary and Petrochemicals Limited,612790,-,-,Karnataka,NA,10/2023,11/2025,05/2026,385,385,151.3,67,"Power System Upgradation Project
(Mangalore Refinary and Petrochemicals Limited)
(612790)","NA
(10/2023)","11/2025
(05/2026)","385
(385)",SRC-2025-09,520f100f2752c07c7d8e1180cce2258a6966d21b6e37fcbecca0b098835ef318,56,55,All Ongoing Projects,6,pdfplumber_table,twelve_month_gate2:0.1.0,"pdf_page_index=56,table_index=logical8,row_index=24"
OBS-202509-00395,2025-09,395,Demo Bio-ATF Project,Ministry of Petroleum & Natural Gas,616879,-,-,Karnataka,NA,03/2024,01/2027,01/2027,364,364,29.47,15,"Demo Bio-ATF Project
(Ministry of Petroleum & Natural Gas)
(616879)","NA
(03/2024)","01/2027
(01/2027)","364
(364)",SRC-2025-09,520f100f2752c07c7d8e1180cce2258a6966d21b6e37fcbecca0b098835ef318,56,55,All Ongoing Projects,6,pdfplumber_table,twelve_month_gate2:0.1.0,"pdf_page_index=56,table_index=logical8,row_index=25"
OBS-202509-00396,2025-09,396,Revamping/ Augmentation of facilities at existing port terminal at Mangalore,Ministry of Petroleum & Natural Gas,709774,-,-,Karnataka,NA,01/2022,12/2025,12/2025,463,500.62,277.72,82,"Revamping/ Augmentation of facilities at existing port terminal at Mangalore
(Ministry of Petroleum & Natural Gas)
(709774)","NA
(01/2022)","12/2025
(12/2025)","463
(500.62)",SRC-2025-09,520f100f2752c07c7d8e1180cce2258a6966d21b6e37fcbecca0b098835ef318,56,55,All Ongoing Projects,6,pdfplumber_table,twelve_month_gate2:0.1.0,"pdf_page_index=56,table_index=logical8,row_index=26"
OBS-202509-00397,2025-09,397,Replacement and Extension of Jetty Pipelines [REJP] at KR,Bharat Petroleum Corporation Limited [BPCL],709790,-,-,Kerala,NA,03/2023,03/2026,03/2026,621.87,621.87,198.6,87,"Replacement and Extension of Jetty Pipelines [REJP] at KR
(Bharat Petroleum Corporation Limited [BPCL])
(709790)","NA
(03/2023)","03/2026
(03/2026)","621.87
(621.87)",SRC-2025-09,520f100f2752c07c7d8e1180cce2258a6966d21b6e37fcbecca0b098835ef318,56,55,All Ongoing Projects,6,pdfplumber_table,twelve_month_gate2:0.1.0,"pdf_page_index=56,table_index=logical8,row_index=27"
OBS-202509-00398,2025-09,398,Setting up Polypropylene Unit at Kochi Refinery,MinistryofPetroleumNaturalGas,709799,-,-,Kerala,NA,12/2023,10/2027,10/2027,4460,4460,287.8,15,"Setting up Polypropylene Unit at Kochi Refinery
(MinistryofPetroleumNaturalGas)
(709799)","NA
(12/2023)","10/2027
(10/2027)","4460
(4460)",SRC-2025-09,520f100f2752c07c7d8e1180cce2258a6966d21b6e37fcbecca0b098835ef318,56,55,All Ongoing Projects,6,pdfplumber_table,twelve_month_gate2:0.1.0,"pdf_page_index=56,table_index=logical8,row_index=28"
OBS-202509-00399,2025-09,399,"Ethylene Cracker Project at Bina Refinery including downstream Petrochemical Plants
and expansion of Refinery",MinistryofPetroleumNaturalGas,709798,-,-,Madhya Pradesh,05/2023,05/2023,05/2028,05/2028,43367,43367,1913.6,15,"Ethylene Cracker Project at Bina Refinery including downstream Petrochemical Plants
and expansion of Refinery
(MinistryofPetroleumNaturalGas)
(709798)","05/2023
(05/2023)","05/2028
(05/2028)","43367
(43367)",SRC-2025-09,520f100f2752c07c7d8e1180cce2258a6966d21b6e37fcbecca0b098835ef318,56,55,All Ongoing Projects,6,pdfplumber_table,twelve_month_gate2:0.1.0,"pdf_page_index=56,table_index=logical8,row_index=29"
OBS-202509-00400,2025-09,400,"Debottlenecking and Augmentation of Cryogenic facilities at Uran LPG Import
Terminal","Department of Water Resources, River Development & GR",400158,-,-,Maharashtra,04/2021,04/2021,02/2024,12/2025,1164.69,1629.86,947.22,88,"Debottlenecking and Augmentation of Cryogenic facilities at Uran LPG Import
Terminal
(Department of Water Resources, River Development & GR)
(400158)","04/2021
(04/2021)","02/2024
(12/2025)","1164.69
(1629.86)",SRC-2025-09,520f100f2752c07c7d8e1180cce2258a6966d21b6e37fcbecca0b098835ef318,57,56,All Ongoing Projects,6,pdfplumber_table,twelve_month_gate2:0.1.0,"pdf_page_index=57,table_index=logical8,row_index=1"
OBS-202509-00401,2025-09,401,"500 KTA PDHPP Project, Usar",Ministry of Petroleum & Natural Gas,400168,-,-,Maharashtra,04/2021,04/2021,04/2025,12/2025,8797,11256,6990.28,86,"500 KTA PDHPP Project, Usar
(Ministry of Petroleum & Natural Gas)
(400168)","04/2021
(04/2021)","04/2025
(12/2025)","8797
(11256)",SRC-2025-09,520f100f2752c07c7d8e1180cce2258a6966d21b6e37fcbecca0b098835ef318,57,56,All Ongoing Projects,6,pdfplumber_table,twelve_month_gate2:0.1.0,"pdf_page_index=57,table_index=logical8,row_index=2"
OBS-202509-00402,2025-09,402,Construction of lube oil blending plant at Rasayani,Ministry of Petroleum & Natural Gas,610985,-,-,Maharashtra,05/2022,05/2022,12/2023,12/2025,423.39,526.26,305.71,81,"Construction of lube oil blending plant at Rasayani
(Ministry of Petroleum & Natural Gas)
(610985)","05/2022
(05/2022)","12/2023
(12/2025)","423.39
(526.26)",SRC-2025-09,520f100f2752c07c7d8e1180cce2258a6966d21b6e37fcbecca0b098835ef318,57,56,All Ongoing Projects,6,pdfplumber_table,twelve_month_gate2:0.1.0,"pdf_page_index=57,table_index=logical8,row_index=3"
OBS-202509-00403,2025-09,403,Lube Modernization & Bottom Upgradation Project at Mumbai Refinery,Ministry of Petroleum and Natural Gas,616933,-,-,Maharashtra,12/2024,12/2024,03/2028,03/2028,4679,4679,200.79,5,"Lube Modernization & Bottom Upgradation Project at Mumbai Refinery
(Ministry of Petroleum and Natural Gas)
(616933)","12/2024
(12/2024)","03/2028
(03/2028)","4679
(4679)",SRC-2025-09,520f100f2752c07c7d8e1180cce2258a6966d21b6e37fcbecca0b098835ef318,57,56,All Ongoing Projects,6,pdfplumber_table,twelve_month_gate2:0.1.0,"pdf_page_index=57,table_index=logical8,row_index=4"
OBS-202509-00404,2025-09,404,HP TDAE Unit in Mumbai Refinery,Hindustan Petroleum Corporation Limited,709760,-,-,Maharashtra,06/2024,06/2024,04/2026,04/2026,240,240,43.29,45,"HP TDAE Unit in Mumbai Refinery
(Hindustan Petroleum Corporation Limited)
(709760)","06/2024
(06/2024)","04/2026
(04/2026)","240
(240)",SRC-2025-09,520f100f2752c07c7d8e1180cce2258a6966d21b6e37fcbecca0b098835ef318,57,56,All Ongoing Projects,6,pdfplumber_table,twelve_month_gate2:0.1.0,"pdf_page_index=57,table_index=logical8,row_index=5"
OBS-202509-00405,2025-09,405,"City Gas Distribution Project at Beed, Jalgaon and Jalna Districts",MinistryofPetroleumNaturalGas,709771,-,-,Maharashtra,03/2022,03/2022,09/2031,09/2031,865,865,69.15,2,"City Gas Distribution Project at Beed, Jalgaon and Jalna Districts
(MinistryofPetroleumNaturalGas)
(709771)","03/2022
(03/2022)","09/2031
(09/2031)","865
(865)",SRC-2025-09,520f100f2752c07c7d8e1180cce2258a6966d21b6e37fcbecca0b098835ef318,57,56,All Ongoing Projects,6,pdfplumber_table,twelve_month_gate2:0.1.0,"pdf_page_index=57,table_index=logical8,row_index=6"
OBS-202509-00406,2025-09,406,Construction of Additional Tankages and Allied Facilities at JNPT Terminal,MinistryofPetroleumNaturalGas,709780,-,-,Maharashtra,NA,04/2022,08/2026,08/2026,341.43,436.14,284.39,51,"Construction of Additional Tankages and Allied Facilities at JNPT Terminal
(MinistryofPetroleumNaturalGas)
(709780)","NA
(04/2022)","08/2026
(08/2026)","341.43
(436.14)",SRC-2025-09,520f100f2752c07c7d8e1180cce2258a6966d21b6e37fcbecca0b098835ef318,57,56,All Ongoing Projects,6,pdfplumber_table,twelve_month_gate2:0.1.0,"pdf_page_index=57,table_index=logical8,row_index=7"
OBS-202509-00407,2025-09,407,ATF Pipeline from Jawaharlal Nehru Port Trust to Navi Mumbai International Airport,Indian Oil Corporation Limited [IOCL],709782,-,-,Maharashtra,NA,08/2022,08/2025,03/2026,165,165,94.21,75,"ATF Pipeline from Jawaharlal Nehru Port Trust to Navi Mumbai International Airport
(Indian Oil Corporation Limited [IOCL])
(709782)","NA
(08/2022)","08/2025
(03/2026)","165
(165)",SRC-2025-09,520f100f2752c07c7d8e1180cce2258a6966d21b6e37fcbecca0b098835ef318,57,56,All Ongoing Projects,6,pdfplumber_table,twelve_month_gate2:0.1.0,"pdf_page_index=57,table_index=logical8,row_index=8"
OBS-202509-00408,2025-09,408,Installation of Independent De- Aromatized Solvents [DAS] production facilities at MR,Bharat Petroleum Corporation Limited [BPCL],709789,-,-,Maharashtra,03/2023,03/2023,07/2025,12/2025,405,343,214.5,89,"Installation of Independent De- Aromatized Solvents [DAS] production facilities at MR
(Bharat Petroleum Corporation Limited [BPCL])
(709789)","03/2023
(03/2023)","07/2025
(12/2025)","405
(343)",SRC-2025-09,520f100f2752c07c7d8e1180cce2258a6966d21b6e37fcbecca0b098835ef318,57,56,All Ongoing Projects,6,pdfplumber_table,twelve_month_gate2:0.1.0,"pdf_page_index=57,table_index=logical8,row_index=9"
OBS-202509-00409,2025-09,409,POL & LOBS Installations with Receipt Pipelines at Rasayani,Bharat Petroleum Corporation Limited [BPCL],709797,-,-,Maharashtra,05/2023,05/2023,05/2026,05/2026,2585,2585,678.79,63,"POL & LOBS Installations with Receipt Pipelines at Rasayani
(Bharat Petroleum Corporation Limited [BPCL])
(709797)","05/2023
(05/2023)","05/2026
(05/2026)","2585
(2585)",SRC-2025-09,520f100f2752c07c7d8e1180cce2258a6966d21b6e37fcbecca0b098835ef318,57,56,All Ongoing Projects,6,pdfplumber_table,twelve_month_gate2:0.1.0,"pdf_page_index=57,table_index=logical8,row_index=10"
OBS-202509-00410,2025-09,410,Part Replacement Pipeline Project [PRPP],Oil and Natural Gas Corporation Limited [ONGC],709846,-,-,Maharashtra,11/2022,11/2022,05/2024,11/2025,1219.48,1145.1,745,90,"Part Replacement Pipeline Project [PRPP]
(Oil and Natural Gas Corporation Limited [ONGC])
(709846)","11/2022
(11/2022)","05/2024
(11/2025)","1219.48
(1145.1)",SRC-2025-09,520f100f2752c07c7d8e1180cce2258a6966d21b6e37fcbecca0b098835ef318,57,56,All Ongoing Projects,6,pdfplumber_table,twelve_month_gate2:0.1.0,"pdf_page_index=57,table_index=logical8,row_index=11"
OBS-202509-00411,2025-09,411,Visakh Raipur Pipeline Project,Ministry of Petroleum and Natural Gas,616254,-,-,"Multi-States
(Andhra Pradesh,
Chhattisgarh,
Odisha)",09/2024,09/2024,09/2027,09/2027,2212,2212,16.53,10,"Visakh Raipur Pipeline Project
(Ministry of Petroleum and Natural Gas)
(616254)","09/2024
(09/2024)","09/2027
(09/2027)","2212
(2212)",SRC-2025-09,520f100f2752c07c7d8e1180cce2258a6966d21b6e37fcbecca0b098835ef318,57,56,All Ongoing Projects,6,pdfplumber_table,twelve_month_gate2:0.1.0,"pdf_page_index=57,table_index=logical8,row_index=12"
OBS-202509-00412,2025-09,412,North East Gas Grid,Ministry of Petroleum & Natural Gas,701346,-,-,"Multi-States
(Arunachal
Pradesh, Assam,
Manipur,
Meghalaya,
Mizoram,
Nagaland, Sikkim,
Tripura, West
Bengal)",NA,04/2020,03/2024,03/2026,9265,9265,6426.54,85,"North East Gas Grid
(Ministry of Petroleum & Natural Gas)
(701346)","NA
(04/2020)","03/2024
(03/2026)","9265
(9265)",SRC-2025-09,520f100f2752c07c7d8e1180cce2258a6966d21b6e37fcbecca0b098835ef318,57,56,All Ongoing Projects,6,pdfplumber_table,twelve_month_gate2:0.1.0,"pdf_page_index=57,table_index=logical8,row_index=13"
OBS-202509-00413,2025-09,413,"Upgradation of Facilities of Numaligarh-Siliguri Product Pipeline [NSPL] for
transportation of additional products from existing 1.72 MMTPA to 5.5 MMTPA",Ministry of Petroleum & Natural Gas,701350,-,-,"Multi-States
(Assam, West
Bengal)",NA,06/2021,12/2024,10/2025,860,860,615.47,98,"Upgradation of Facilities of Numaligarh-Siliguri Product Pipeline [NSPL] for
transportation of additional products from existing 1.72 MMTPA to 5.5 MMTPA
(Ministry of Petroleum & Natural Gas)
(701350)","NA
(06/2021)","12/2024
(10/2025)","860
(860)",SRC-2025-09,520f100f2752c07c7d8e1180cce2258a6966d21b6e37fcbecca0b098835ef318,57,56,All Ongoing Projects,6,pdfplumber_table,twelve_month_gate2:0.1.0,"pdf_page_index=57,table_index=logical8,row_index=14"
OBS-202509-00414,2025-09,414,"CGD Project in Banka, Dumka, Godda, Jamtara, Pakur, Sahibganj GA ID 11A.02",Hindustan Petroleum Corporation Limited,709757,-,-,"Multi-States
(Bihar, Jharkhand)",06/2022,06/2022,06/2030,06/2030,1377,1377,335.79,27,"CGD Project in Banka, Dumka, Godda, Jamtara, Pakur, Sahibganj GA ID 11A.02
(Hindustan Petroleum Corporation Limited)
(709757)","06/2022
(06/2022)","06/2030
(06/2030)","1377
(1377)",SRC-2025-09,520f100f2752c07c7d8e1180cce2258a6966d21b6e37fcbecca0b098835ef318,57,56,All Ongoing Projects,6,pdfplumber_table,twelve_month_gate2:0.1.0,"pdf_page_index=57,table_index=logical8,row_index=15"
OBS-202509-00415,2025-09,415,Mumbai Nagpur Jharsuguda Pipeline Project,Ministry of Petroleum & Natural Gas,701354,-,-,"Multi-States
(Chhattisgarh,
Madhya Pradesh,
Maharashtra,
Odisha)",06/2020,06/2020,05/2023,12/2025,7844.25,8255,6609.4,96,"Mumbai Nagpur Jharsuguda Pipeline Project
(Ministry of Petroleum & Natural Gas)
(701354)","06/2020
(06/2020)","05/2023
(12/2025)","7844.25
(8255)",SRC-2025-09,520f100f2752c07c7d8e1180cce2258a6966d21b6e37fcbecca0b098835ef318,57,56,All Ongoing Projects,6,pdfplumber_table,twelve_month_gate2:0.1.0,"pdf_page_index=57,table_index=logical8,row_index=16"
OBS-202509-00416,2025-09,416,Mehsana-Bhatinda & Bhatinda-Jammu Natural Gas Pipeline,Ministry of Petroleum & Natural Gas,701330,-,-,"Multi-States
(Gujarat, Haryana,
Punjab,
Rajasthan)",NA,07/2011,06/2024,12/2025,7392,7392,6308,90,"Mehsana-Bhatinda & Bhatinda-Jammu Natural Gas Pipeline
(Ministry of Petroleum & Natural Gas)
(701330)","NA
(07/2011)","06/2024
(12/2025)","7392
(7392)",SRC-2025-09,520f100f2752c07c7d8e1180cce2258a6966d21b6e37fcbecca0b098835ef318,57,56,All Ongoing Projects,6,pdfplumber_table,twelve_month_gate2:0.1.0,"pdf_page_index=57,table_index=logical8,row_index=17"
OBS-202509-00417,2025-09,417,Gurdaspur Jammu Pipeline,Gas Authority of India Limited [GAIL],612853,-,-,"Multi-States
(Jammu and
Kashmir, Punjab)",07/2023,07/2023,07/2026,07/2026,521.9,521.9,206,37,"Gurdaspur Jammu Pipeline
(Gas Authority of India Limited [GAIL])
(612853)","07/2023
(07/2023)","07/2026
(07/2026)","521.9
(521.9)",SRC-2025-09,520f100f2752c07c7d8e1180cce2258a6966d21b6e37fcbecca0b098835ef318,57,56,All Ongoing Projects,6,pdfplumber_table,twelve_month_gate2:0.1.0,"pdf_page_index=57,table_index=logical8,row_index=18"
OBS-202509-00418,2025-09,418,Kochi - Koottanad - Bangalore - Mangalore Pipeline Phase-II,Ministry of Petroleum & Natural Gas,701228,-,-,"Multi-States
(Karnataka,
Kerala, Tamil
Nadu)",06/2009,06/2009,12/2012,12/2025,2915,5909,4453.29,95,"Kochi - Koottanad - Bangalore - Mangalore Pipeline Phase-II
(Ministry of Petroleum & Natural Gas)
(701228)","06/2009
(06/2009)","12/2012
(12/2025)","2915
(5909)",SRC-2025-09,520f100f2752c07c7d8e1180cce2258a6966d21b6e37fcbecca0b098835ef318,57,56,All Ongoing Projects,6,pdfplumber_table,twelve_month_gate2:0.1.0,"pdf_page_index=57,table_index=logical8,row_index=19"
OBS-202509-00419,2025-09,419,City Gas Distribution Maharashtra Natural Gas Limited,Ministry of Petroleum & Natural Gas,701338,-,-,"Multi-States
(Karnataka,
Maharashtra)",01/2006,01/2006,06/2031,06/2031,5535,5535,3883.25,0,"City Gas Distribution Maharashtra Natural Gas Limited
(Ministry of Petroleum & Natural Gas)
(701338)","01/2006
(01/2006)","06/2031
(06/2031)","5535
(5535)",SRC-2025-09,520f100f2752c07c7d8e1180cce2258a6966d21b6e37fcbecca0b098835ef318,57,56,All Ongoing Projects,6,pdfplumber_table,twelve_month_gate2:0.1.0,"pdf_page_index=57,table_index=logical8,row_index=20"
OBS-202509-00420,2025-09,420,Dhamra Haldia Pipeline Project,Ministry of Petroleum & Natural Gas,701344,-,-,"Multi-States
(Odisha, West
Bengal)",03/2020,03/2020,11/2022,12/2025,1030.65,1125,865.2,88,"Dhamra Haldia Pipeline Project
(Ministry of Petroleum & Natural Gas)
(701344)","03/2020
(03/2020)","11/2022
(12/2025)","1030.65
(1125)",SRC-2025-09,520f100f2752c07c7d8e1180cce2258a6966d21b6e37fcbecca0b098835ef318,57,56,All Ongoing Projects,6,pdfplumber_table,twelve_month_gate2:0.1.0,"pdf_page_index=57,table_index=logical8,row_index=21"
OBS-202509-00421,2025-09,421,"City Gas Distribution Projects at Fazilka [except area already authorized], Ganganagar
and Hanumangarh districts",Bharat Petroleum Corporation Limited [BPCL],709794,-,-,"Multi-States
(Punjab,
Rajasthan)",12/2022,12/2022,06/2030,06/2030,3207,3207,345.1,24,"City Gas Distribution Projects at Fazilka [except area already authorized], Ganganagar
and Hanumangarh districts
(Bharat Petroleum Corporation Limited [BPCL])
(709794)","12/2022
(12/2022)","06/2030
(06/2030)","3207
(3207)",SRC-2025-09,520f100f2752c07c7d8e1180cce2258a6966d21b6e37fcbecca0b098835ef318,57,56,All Ongoing Projects,6,pdfplumber_table,twelve_month_gate2:0.1.0,"pdf_page_index=57,table_index=logical8,row_index=22"
OBS-202509-00422,2025-09,422,"Augmentation/ Revamping of Dimapur Depot, Dimapur",MinistryofPetroleumNaturalGas,709786,-,-,Nagaland,NA,08/2023,11/2027,11/2027,227.62,227.62,9.34,23,"Augmentation/ Revamping of Dimapur Depot, Dimapur
(MinistryofPetroleumNaturalGas)
(709786)","NA
(08/2023)","11/2027
(11/2027)","227.62
(227.62)",SRC-2025-09,520f100f2752c07c7d8e1180cce2258a6966d21b6e37fcbecca0b098835ef318,57,56,All Ongoing Projects,6,pdfplumber_table,twelve_month_gate2:0.1.0,"pdf_page_index=57,table_index=logical8,row_index=23"
OBS-202509-00423,2025-09,423,"Integrated Para Xylene [PX] and Purified Terephthalic Acid [PTA] Project at Paradip
Refinery",Ministry of Petroleum & Natural Gas,604859,-,-,Odisha,NA,07/2020,01/2024,08/2026,13805,11783,8373.41,91,"Integrated Para Xylene [PX] and Purified Terephthalic Acid [PTA] Project at Paradip
Refinery
(Ministry of Petroleum & Natural Gas)
(604859)","NA
(07/2020)","01/2024
(08/2026)","13805
(11783)",SRC-2025-09,520f100f2752c07c7d8e1180cce2258a6966d21b6e37fcbecca0b098835ef318,57,56,All Ongoing Projects,6,pdfplumber_table,twelve_month_gate2:0.1.0,"pdf_page_index=57,table_index=logical8,row_index=24"
OBS-202509-00424,2025-09,424,"CUF POL Depot at Sadashibpur [Meramundali], Odisha",MinistryofPetroleumNaturalGas,709800,-,-,Odisha,NA,04/2021,03/2026,03/2026,393.54,393.54,107.85,45,"CUF POL Depot at Sadashibpur [Meramundali], Odisha
(MinistryofPetroleumNaturalGas)
(709800)","NA
(04/2021)","03/2026
(03/2026)","393.54
(393.54)",SRC-2025-09,520f100f2752c07c7d8e1180cce2258a6966d21b6e37fcbecca0b098835ef318,57,56,All Ongoing Projects,6,pdfplumber_table,twelve_month_gate2:0.1.0,"pdf_page_index=57,table_index=logical8,row_index=25"
OBS-202509-00425,2025-09,425,Life Extension of 48 well platforms of Mumbai High & Heera Fields,Oil and Natural Gas Corporation Limited [ONGC],400119,-,-,Offshore,12/2015,12/2015,04/2018,12/2025,3190.69,3375.9,3113.26,89,"Life Extension of 48 well platforms of Mumbai High & Heera Fields
(Oil and Natural Gas Corporation Limited [ONGC])
(400119)","12/2015
(12/2015)","04/2018
(12/2025)","3190.69
(3375.9)",SRC-2025-09,520f100f2752c07c7d8e1180cce2258a6966d21b6e37fcbecca0b098835ef318,57,56,All Ongoing Projects,6,pdfplumber_table,twelve_month_gate2:0.1.0,"pdf_page_index=57,table_index=logical8,row_index=26"
OBS-202509-00426,2025-09,426,PRP-VIII [Group-A],Ministry of Petroleum & Natural Gas,616950,-,-,Offshore,09/2024,09/2024,02/2026,02/2026,1486.4,1486.4,272.3,21,"PRP-VIII [Group-A]
(Ministry of Petroleum & Natural Gas)
(616950)","09/2024
(09/2024)","02/2026
(02/2026)","1486.4
(1486.4)",SRC-2025-09,520f100f2752c07c7d8e1180cce2258a6966d21b6e37fcbecca0b098835ef318,58,57,All Ongoing Projects,6,pdfplumber_table,twelve_month_gate2:0.1.0,"pdf_page_index=58,table_index=logical8,row_index=1"
OBS-202509-00427,2025-09,427,Daman Upside Development Project,Oil and Natural Gas Corporation Limited [ONGC],709839,-,-,Offshore,06/2022,06/2022,10/2025,02/2026,4144.41,6406.9,4401.66,87,"Daman Upside Development Project
(Oil and Natural Gas Corporation Limited [ONGC])
(709839)","06/2022
(06/2022)","10/2025
(02/2026)","4144.41
(6406.9)",SRC-2025-09,520f100f2752c07c7d8e1180cce2258a6966d21b6e37fcbecca0b098835ef318,58,57,All Ongoing Projects,6,pdfplumber_table,twelve_month_gate2:0.1.0,"pdf_page_index=58,table_index=logical8,row_index=2"
OBS-202509-00428,2025-09,428,MHN TCPP PGC BGC Project [MTPBP],Ministry of Petroleum & Natural Gas,709848,-,-,Offshore,06/2022,06/2022,05/2026,05/2026,2329.45,2354.23,1148.9,56,"MHN TCPP PGC BGC Project [MTPBP]
(Ministry of Petroleum & Natural Gas)
(709848)","06/2022
(06/2022)","05/2026
(05/2026)","2329.45
(2354.23)",SRC-2025-09,520f100f2752c07c7d8e1180cce2258a6966d21b6e37fcbecca0b098835ef318,58,57,All Ongoing Projects,6,pdfplumber_table,twelve_month_gate2:0.1.0,"pdf_page_index=58,table_index=logical8,row_index=3"
OBS-202509-00429,2025-09,429,PRP-VIII Group B [NH & BS Asset],Ministry of Petroleum & Natural Gas,709849,-,-,Offshore,06/2024,06/2024,02/2026,02/2026,2379.84,3165.53,1806.82,63,"PRP-VIII Group B [NH & BS Asset]
(Ministry of Petroleum & Natural Gas)
(709849)","06/2024
(06/2024)","02/2026
(02/2026)","2379.84
(3165.53)",SRC-2025-09,520f100f2752c07c7d8e1180cce2258a6966d21b6e37fcbecca0b098835ef318,58,57,All Ongoing Projects,6,pdfplumber_table,twelve_month_gate2:0.1.0,"pdf_page_index=58,table_index=logical8,row_index=4"
OBS-202509-00430,2025-09,430,Integrated Development of 4 Contract Areas under DSF-II,Ministry of Petroleum & Natural Gas,709851,-,-,Offshore,05/2023,05/2023,04/2027,04/2027,6183.79,6183.79,594.28,21,"Integrated Development of 4 Contract Areas under DSF-II
(Ministry of Petroleum & Natural Gas)
(709851)","05/2023
(05/2023)","04/2027
(04/2027)","6183.79
(6183.79)",SRC-2025-09,520f100f2752c07c7d8e1180cce2258a6966d21b6e37fcbecca0b098835ef318,58,57,All Ongoing Projects,6,pdfplumber_table,twelve_month_gate2:0.1.0,"pdf_page_index=58,table_index=logical8,row_index=5"
OBS-202509-00431,2025-09,431,2G Ethanol Biorefinery at Bathinda,Hindustan Petroleum Corporation Limited [HPCL],400171,-,-,Punjab,05/2020,05/2020,02/2023,03/2026,1421.46,1421.46,1185.85,95,"2G Ethanol Biorefinery at Bathinda
(Hindustan Petroleum Corporation Limited [HPCL])
(400171)","05/2020
(05/2020)","02/2023
(03/2026)","1421.46
(1421.46)",SRC-2025-09,520f100f2752c07c7d8e1180cce2258a6966d21b6e37fcbecca0b098835ef318,58,57,All Ongoing Projects,6,pdfplumber_table,twelve_month_gate2:0.1.0,"pdf_page_index=58,table_index=logical8,row_index=6"
OBS-202509-00432,2025-09,432,Bathinda Sangrur Pipeline,Ministry of Petroleum and Natural Gas,612998,-,-,Punjab,11/2021,11/2021,05/2024,10/2025,367,397,347,94,"Bathinda Sangrur Pipeline
(Ministry of Petroleum and Natural Gas)
(612998)","11/2021
(11/2021)","05/2024
(10/2025)","367
(397)",SRC-2025-09,520f100f2752c07c7d8e1180cce2258a6966d21b6e37fcbecca0b098835ef318,58,57,All Ongoing Projects,6,pdfplumber_table,twelve_month_gate2:0.1.0,"pdf_page_index=58,table_index=logical8,row_index=7"
OBS-202509-00433,2025-09,433,City Gas Distribution Project at Pathankot District,MinistryofPetroleumNaturalGas,709770,-,-,Punjab,03/2022,03/2022,09/2033,09/2033,151,151,8.74,2,"City Gas Distribution Project at Pathankot District
(MinistryofPetroleumNaturalGas)
(709770)","03/2022
(03/2022)","09/2033
(09/2033)","151
(151)",SRC-2025-09,520f100f2752c07c7d8e1180cce2258a6966d21b6e37fcbecca0b098835ef318,58,57,All Ongoing Projects,6,pdfplumber_table,twelve_month_gate2:0.1.0,"pdf_page_index=58,table_index=logical8,row_index=8"
OBS-202509-00434,2025-09,434,CBR 9 MMTPA Project,Chennai Petroleum Corporation Limited [CPCL],604795,-,-,Tamil Nadu,NA,09/2021,06/2025,10/2028,31580,36354,1342.27,10,"CBR 9 MMTPA Project
(Chennai Petroleum Corporation Limited [CPCL])
(604795)","NA
(09/2021)","06/2025
(10/2028)","31580
(36354)",SRC-2025-09,520f100f2752c07c7d8e1180cce2258a6966d21b6e37fcbecca0b098835ef318,58,57,All Ongoing Projects,6,pdfplumber_table,twelve_month_gate2:0.1.0,"pdf_page_index=58,table_index=logical8,row_index=9"
OBS-202509-00435,2025-09,435,"Laying of new 28 inch Desal Water Pipeline and 10 inch Reject Water Pipeline
between CPCL Manali Refinery and CPCL Desalination plant at Ennore",Chennai Petroleum Corporation Limited [CPCL],709750,-,-,Tamil Nadu,NA,01/2024,09/2025,12/2025,205,205,51.31,48,"Laying of new 28 inch Desal Water Pipeline and 10 inch Reject Water Pipeline
between CPCL Manali Refinery and CPCL Desalination plant at Ennore
(Chennai Petroleum Corporation Limited [CPCL])
(709750)","NA
(01/2024)","09/2025
(12/2025)","205
(205)",SRC-2025-09,520f100f2752c07c7d8e1180cce2258a6966d21b6e37fcbecca0b098835ef318,58,57,All Ongoing Projects,6,pdfplumber_table,twelve_month_gate2:0.1.0,"pdf_page_index=58,table_index=logical8,row_index=10"
OBS-202509-00436,2025-09,436,City Gas Distribution Projects at the Nilgiris and Erode districts,Bharat Petroleum Corporation Limited [BPCL],709796,-,-,Tamil Nadu,12/2022,12/2022,03/2030,03/2030,3685,3685,238.05,18,"City Gas Distribution Projects at the Nilgiris and Erode districts
(Bharat Petroleum Corporation Limited [BPCL])
(709796)","12/2022
(12/2022)","03/2030
(03/2030)","3685
(3685)",SRC-2025-09,520f100f2752c07c7d8e1180cce2258a6966d21b6e37fcbecca0b098835ef318,58,57,All Ongoing Projects,6,pdfplumber_table,twelve_month_gate2:0.1.0,"pdf_page_index=58,table_index=logical8,row_index=11"
OBS-202509-00437,2025-09,437,"Creation of Gas Dehydration Facilities, Tripura Asset",Oil and Natural Gas Corporation Limited [ONGC],709837,-,-,Tripura,03/2022,03/2022,05/2024,12/2025,209.33,131.51,68.9,63,"Creation of Gas Dehydration Facilities, Tripura Asset
(Oil and Natural Gas Corporation Limited [ONGC])
(709837)","03/2022
(03/2022)","05/2024
(12/2025)","209.33
(131.51)",SRC-2025-09,520f100f2752c07c7d8e1180cce2258a6966d21b6e37fcbecca0b098835ef318,58,57,All Ongoing Projects,6,pdfplumber_table,twelve_month_gate2:0.1.0,"pdf_page_index=58,table_index=logical8,row_index=12"
OBS-202509-00438,2025-09,438,"PP Project, Pata",Gas Authority of India Limited [GAIL],400161,-,-,Uttar Pradesh,03/2019,03/2019,01/2024,10/2025,910.56,1299.02,1029,98,"PP Project, Pata
(Gas Authority of India Limited [GAIL])
(400161)","03/2019
(03/2019)","01/2024
(10/2025)","910.56
(1299.02)",SRC-2025-09,520f100f2752c07c7d8e1180cce2258a6966d21b6e37fcbecca0b098835ef318,58,57,All Ongoing Projects,6,pdfplumber_table,twelve_month_gate2:0.1.0,"pdf_page_index=58,table_index=logical8,row_index=13"
OBS-202509-00439,2025-09,439,Revamping / Augmentation of Facilities at Mathura Bitumen Plant,MinistryofPetroleumNaturalGas,709781,-,-,Uttar Pradesh,NA,04/2022,06/2027,12/2026,260.12,260.12,1.11,28,"Revamping / Augmentation of Facilities at Mathura Bitumen Plant
(MinistryofPetroleumNaturalGas)
(709781)","NA
(04/2022)","06/2027
(12/2026)","260.12
(260.12)",SRC-2025-09,520f100f2752c07c7d8e1180cce2258a6966d21b6e37fcbecca0b098835ef318,58,57,All Ongoing Projects,6,pdfplumber_table,twelve_month_gate2:0.1.0,"pdf_page_index=58,table_index=logical8,row_index=14"
OBS-202509-00440,2025-09,440,"City Gas Distribution Projects at Lakhimpur Kheri , Sitapur, Bahraich,
Shravasti,Balrampur, Siddharth Nagar & Maharajganj districts",Bharat Petroleum Corporation Limited [BPCL],709795,-,-,Uttar Pradesh,12/2022,12/2022,06/2030,06/2030,16654,16654,590.67,11,"City Gas Distribution Projects at Lakhimpur Kheri , Sitapur, Bahraich,
Shravasti,Balrampur, Siddharth Nagar & Maharajganj districts
(Bharat Petroleum Corporation Limited [BPCL])
(709795)","12/2022
(12/2022)","06/2030
(06/2030)","16654
(16654)",SRC-2025-09,520f100f2752c07c7d8e1180cce2258a6966d21b6e37fcbecca0b098835ef318,58,57,All Ongoing Projects,6,pdfplumber_table,twelve_month_gate2:0.1.0,"pdf_page_index=58,table_index=logical8,row_index=15"
OBS-202509-00441,2025-09,441,Durgapur - Haldia Pipeline [Section-3B of JHBDPL Project],Ministry of Petroleum & Natural Gas,617302,-,-,West Bengal,03/2017,03/2017,12/2020,12/2025,1740,2493.15,2261,90,"Durgapur - Haldia Pipeline [Section-3B of JHBDPL Project]
(Ministry of Petroleum & Natural Gas)
(617302)","03/2017
(03/2017)","12/2020
(12/2025)","1740
(2493.15)",SRC-2025-09,520f100f2752c07c7d8e1180cce2258a6966d21b6e37fcbecca0b098835ef318,58,57,All Ongoing Projects,6,pdfplumber_table,twelve_month_gate2:0.1.0,"pdf_page_index=58,table_index=logical8,row_index=16"
OBS-202509-00442,2025-09,442,Haldia Panagarh Pipeline Project,Hindustan Petroleum Corporation Limited,709753,-,-,West Bengal,11/2022,11/2022,11/2025,11/2025,1010,1010,669.15,82,"Haldia Panagarh Pipeline Project
(Hindustan Petroleum Corporation Limited)
(709753)","11/2022
(11/2022)","11/2025
(11/2025)","1010
(1010)",SRC-2025-09,520f100f2752c07c7d8e1180cce2258a6966d21b6e37fcbecca0b098835ef318,58,57,All Ongoing Projects,6,pdfplumber_table,twelve_month_gate2:0.1.0,"pdf_page_index=58,table_index=logical8,row_index=17"
OBS-202509-00443,2025-09,443,"CGD Project in Malda, Birbhum, Murshidabad, Dakshin Dinajpur GA ID 11A.03",Hindustan Petroleum Corporation Limited,709758,-,-,West Bengal,06/2022,06/2022,06/2030,06/2030,2628,2628,340.69,28,"CGD Project in Malda, Birbhum, Murshidabad, Dakshin Dinajpur GA ID 11A.03
(Hindustan Petroleum Corporation Limited)
(709758)","06/2022
(06/2022)","06/2030
(06/2030)","2628
(2628)",SRC-2025-09,520f100f2752c07c7d8e1180cce2258a6966d21b6e37fcbecca0b098835ef318,58,57,All Ongoing Projects,6,pdfplumber_table,twelve_month_gate2:0.1.0,"pdf_page_index=58,table_index=logical8,row_index=18"
OBS-202509-00444,2025-09,444,"City Gas Distribution Project at East Mednipore, West Mednipore & Jhargram Districts",MinistryofPetroleumNaturalGas,709772,-,-,West Bengal,03/2022,03/2022,06/2031,06/2031,609,609,56.58,2,"City Gas Distribution Project at East Mednipore, West Mednipore & Jhargram Districts
(MinistryofPetroleumNaturalGas)
(709772)","03/2022
(03/2022)","06/2031
(06/2031)","609
(609)",SRC-2025-09,520f100f2752c07c7d8e1180cce2258a6966d21b6e37fcbecca0b098835ef318,58,57,All Ongoing Projects,6,pdfplumber_table,twelve_month_gate2:0.1.0,"pdf_page_index=58,table_index=logical8,row_index=19"
OBS-202509-00445,2025-09,445,City Gas Distribution Projects at Alipurduar and Cooch Behar,Bharat Petroleum Corporation Limited [BPCL],709791,-,-,West Bengal,12/2022,12/2022,03/2030,03/2030,1017,1017,194.33,39,"City Gas Distribution Projects at Alipurduar and Cooch Behar
(Bharat Petroleum Corporation Limited [BPCL])
(709791)","12/2022
(12/2022)","03/2030
(03/2030)","1017
(1017)",SRC-2025-09,520f100f2752c07c7d8e1180cce2258a6966d21b6e37fcbecca0b098835ef318,58,57,All Ongoing Projects,6,pdfplumber_table,twelve_month_gate2:0.1.0,"pdf_page_index=58,table_index=logical8,row_index=20"
OBS-202509-00446,2025-09,446,AIIMS Majra Rewari Haryana,PMSSY/Institute of National Importance (INI),701173,-,-,Haryana,12/2023,02/2019,02/2023,12/2026,1299,1299,349.41,28,"AIIMS Majra Rewari Haryana
(PMSSY/Institute of National Importance (INI))
(701173)","12/2023
(02/2019)","02/2023
(12/2026)","1299
(1299)",SRC-2025-09,520f100f2752c07c7d8e1180cce2258a6966d21b6e37fcbecca0b098835ef318,58,57,All Ongoing Projects,6,pdfplumber_table,twelve_month_gate2:0.1.0,"pdf_page_index=58,table_index=logical8,row_index=24"
OBS-202509-00447,2025-09,447,AIIMS Kashmir at Awantipora Jammu & Kashmir,PMSSY/Institute of National Importance (INI),701167,-,-,"Jammu and
Kashmir",01/2019,11/2020,01/2025,12/2025,1828,1828,1565.25,67,"AIIMS Kashmir at Awantipora Jammu & Kashmir
(PMSSY/Institute of National Importance (INI))
(701167)","01/2019
(11/2020)","01/2025
(12/2025)","1828
(1828)",SRC-2025-09,520f100f2752c07c7d8e1180cce2258a6966d21b6e37fcbecca0b098835ef318,58,57,All Ongoing Projects,6,pdfplumber_table,twelve_month_gate2:0.1.0,"pdf_page_index=58,table_index=logical8,row_index=25"
OBS-202509-00448,2025-09,448,AIIMS Bibinagar,PMSSY/Institute of National Importance (INI),701171,-,-,Telangana,12/2018,07/2022,09/2022,12/2025,1028,1365.95,821.99,85,"AIIMS Bibinagar
(PMSSY/Institute of National Importance (INI))
(701171)","12/2018
(07/2022)","09/2022
(12/2025)","1028
(1365.95)",SRC-2025-09,520f100f2752c07c7d8e1180cce2258a6966d21b6e37fcbecca0b098835ef318,58,57,All Ongoing Projects,6,pdfplumber_table,twelve_month_gate2:0.1.0,"pdf_page_index=58,table_index=logical8,row_index=26"
OBS-202509-00449,2025-09,449,"Establishment of 600 bed super specialty hospital with optional development of
Medical college and further expansion on PPP basis.",Mumbai Port Trust [MPT],708662,-,-,Maharashtra,08/2019,01/2022,06/2026,12/2027,693,693,58,0,"Establishment of 600 bed super specialty hospital with optional development of
Medical college and further expansion on PPP basis.
(Mumbai Port Trust [MPT])
(708662)","08/2019
(01/2022)","06/2026
(12/2027)","693
(693)",SRC-2025-09,520f100f2752c07c7d8e1180cce2258a6966d21b6e37fcbecca0b098835ef318,58,57,All Ongoing Projects,6,pdfplumber_table,twelve_month_gate2:0.1.0,"pdf_page_index=58,table_index=logical8,row_index=30"
OBS-202509-00450,2025-09,450,Jal Marg Vikas Project,Inland Waterways Authority of India [IWAI],701565,-,-,"Multi-States
(Bihar, Jharkhand,
Uttar Pradesh,
West Bengal)",01/2018,02/2018,12/2023,12/2025,5369.18,5061.15,3488.6,71,"Jal Marg Vikas Project
(Inland Waterways Authority of India [IWAI])
(701565)","01/2018
(02/2018)","12/2023
(12/2025)","5369.18
(5061.15)",SRC-2025-09,520f100f2752c07c7d8e1180cce2258a6966d21b6e37fcbecca0b098835ef318,58,57,All Ongoing Projects,6,pdfplumber_table,twelve_month_gate2:0.1.0,"pdf_page_index=58,table_index=logical8,row_index=33"
OBS-202509-00451,2025-09,451,Fairway Development in West Bengal Farakka - Kahelgaon,Inland Waterways Authority of India [IWAI],611142,-,-,Offshore,NA,08/2018,07/2023,04/2024,177,197,183.32,100,"Fairway Development in West Bengal Farakka - Kahelgaon
(Inland Waterways Authority of India [IWAI])
(611142)","NA
(08/2018)","07/2023
(04/2024)","177
(197)",SRC-2025-09,520f100f2752c07c7d8e1180cce2258a6966d21b6e37fcbecca0b098835ef318,58,57,All Ongoing Projects,6,pdfplumber_table,twelve_month_gate2:0.1.0,"pdf_page_index=58,table_index=logical8,row_index=34"
OBS-202509-00452,2025-09,452,"Replacement and revamping of pipeline projects in oil jetty area, Kandla",Deendayal Port Trust [DPT],701570,-,-,Gujarat,NA,09/2021,09/2023,03/2025,171,211.61,137.51,71,"Replacement and revamping of pipeline projects in oil jetty area, Kandla
(Deendayal Port Trust [DPT])
(701570)","NA
(09/2021)","09/2023
(03/2025)","171
(211.61)",SRC-2025-09,520f100f2752c07c7d8e1180cce2258a6966d21b6e37fcbecca0b098835ef318,59,58,All Ongoing Projects,6,pdfplumber_table,twelve_month_gate2:0.1.0,"pdf_page_index=59,table_index=logical8,row_index=3"
OBS-202509-00453,2025-09,453,Construction of oil jetty No.8 at old kandla through internal resources,Deendayal Port Trust [DPT],701568,-,-,Gujarat,NA,02/2021,02/2023,07/2024,100,225.85,166.48,90,"Construction of oil jetty No.8 at old kandla through internal resources
(Deendayal Port Trust [DPT])
(701568)","NA
(02/2021)","02/2023
(07/2024)","100
(225.85)",SRC-2025-09,520f100f2752c07c7d8e1180cce2258a6966d21b6e37fcbecca0b098835ef318,59,58,All Ongoing Projects,6,pdfplumber_table,twelve_month_gate2:0.1.0,"pdf_page_index=59,table_index=logical8,row_index=6"
OBS-202509-00454,2025-09,454,"Development of Container Terminal at Tuna-Tekra, Deendayal Port on BOT Basis
Under PPP Mode",Deendayal Port Trust [DPT],609424,-,-,Gujarat,10/2022,12/2023,12/2026,-,4243.64,4243.64,70,10,"Development of Container Terminal at Tuna-Tekra, Deendayal Port on BOT Basis
Under PPP Mode
(Deendayal Port Trust [DPT])
(609424)","10/2022
(12/2023)","12/2026
(-)","4243.64
(4243.64)",SRC-2025-09,520f100f2752c07c7d8e1180cce2258a6966d21b6e37fcbecca0b098835ef318,59,58,All Ongoing Projects,6,pdfplumber_table,twelve_month_gate2:0.1.0,"pdf_page_index=59,table_index=logical8,row_index=9"
OBS-202509-00455,2025-09,455,"Construction of new dry dock at exisitng Cochin Shipyard Limited premises at
Perumanoor, Kochi 682 015",Cochin Shipyard,701564,-,-,Kerala,04/2018,05/2018,12/2022,03/2025,1799,1799,1558.39,96,"Construction of new dry dock at exisitng Cochin Shipyard Limited premises at
Perumanoor, Kochi 682 015
(Cochin Shipyard)
(701564)","04/2018
(05/2018)","12/2022
(03/2025)","1799
(1799)",SRC-2025-09,520f100f2752c07c7d8e1180cce2258a6966d21b6e37fcbecca0b098835ef318,59,58,All Ongoing Projects,6,pdfplumber_table,twelve_month_gate2:0.1.0,"pdf_page_index=59,table_index=logical8,row_index=10"
OBS-202509-00456,2025-09,456,Rewas Port Project,Reliance Industries Ltd,400382,-,-,Maharashtra,NA,01/2020,03/2023,-,6000,6000,5999.89,0,"Rewas Port Project
(Reliance Industries Ltd)
(400382)","NA
(01/2020)","03/2023
(-)","6000
(6000)",SRC-2025-09,520f100f2752c07c7d8e1180cce2258a6966d21b6e37fcbecca0b098835ef318,59,58,All Ongoing Projects,6,pdfplumber_table,twelve_month_gate2:0.1.0,"pdf_page_index=59,table_index=logical8,row_index=11"
OBS-202509-00457,2025-09,457,Setting up of a Floating Storage and Regasification Unit [FSRU] - Mumbai,Mumbai Port Trust [MPT],701586,-,-,Maharashtra,NA,04/2021,11/2026,11/2026,900,900,65,0,"Setting up of a Floating Storage and Regasification Unit [FSRU] - Mumbai
(Mumbai Port Trust [MPT])
(701586)","NA
(04/2021)","11/2026
(11/2026)","900
(900)",SRC-2025-09,520f100f2752c07c7d8e1180cce2258a6966d21b6e37fcbecca0b098835ef318,59,58,All Ongoing Projects,6,pdfplumber_table,twelve_month_gate2:0.1.0,"pdf_page_index=59,table_index=logical8,row_index=12"
OBS-202509-00458,2025-09,458,"Deepening and Optimization of Inner Harbour facilities including development of
Western Dock on BOT basis to handle Cape size vessels",Paradip Port Trust [PPT],701574,-,-,Odisha,05/2022,01/2023,12/2027,10/2028,3004.63,3004.63,1149.79,40,"Deepening and Optimization of Inner Harbour facilities including development of
Western Dock on BOT basis to handle Cape size vessels
(Paradip Port Trust [PPT])
(701574)","05/2022
(01/2023)","12/2027
(10/2028)","3004.63
(3004.63)",SRC-2025-09,520f100f2752c07c7d8e1180cce2258a6966d21b6e37fcbecca0b098835ef318,59,58,All Ongoing Projects,6,pdfplumber_table,twelve_month_gate2:0.1.0,"pdf_page_index=59,table_index=logical8,row_index=13"
OBS-202509-00459,2025-09,459,Berth No. 2 [previously Berth 3] of HDC Mechanization Project,"Haldia Dock Complex, Syama Prasad Mookerjee Port Authority",701576,-,-,West Bengal,NA,03/2023,09/2025,01/2026,298.26,298.26,420,91,"Berth No. 2 [previously Berth 3] of HDC Mechanization Project
(Haldia Dock Complex, Syama Prasad Mookerjee Port Authority)
(701576)","NA
(03/2023)","09/2025
(01/2026)","298.26
(298.26)",SRC-2025-09,520f100f2752c07c7d8e1180cce2258a6966d21b6e37fcbecca0b098835ef318,59,58,All Ongoing Projects,6,pdfplumber_table,twelve_month_gate2:0.1.0,"pdf_page_index=59,table_index=logical8,row_index=14"
OBS-202509-00460,2025-09,460,Shalukkhali Liquid Cargo Handling Facility Development Project,"Haldia Dock Complex, Syama Prasad Mookerjee Port Authority",701577,-,-,West Bengal,NA,08/2022,08/2025,-,253.65,253.65,9.28,0,"Shalukkhali Liquid Cargo Handling Facility Development Project
(Haldia Dock Complex, Syama Prasad Mookerjee Port Authority)
(701577)","NA
(08/2022)","08/2025
(-)","253.65
(253.65)",SRC-2025-09,520f100f2752c07c7d8e1180cce2258a6966d21b6e37fcbecca0b098835ef318,59,58,All Ongoing Projects,6,pdfplumber_table,twelve_month_gate2:0.1.0,"pdf_page_index=59,table_index=logical8,row_index=15"
OBS-202509-00461,2025-09,461,National Maritime Heritage Complex [NMHC] Phase-I,Indian Port Rail & Ropeway Corporation Ltd. [IPRCL],707215,-,-,Gujarat,02/2019,01/2022,03/2024,09/2025,573,1238.05,496.63,66,"National Maritime Heritage Complex [NMHC] Phase-I
(Indian Port Rail & Ropeway Corporation Ltd. [IPRCL])
(707215)","02/2019
(01/2022)","03/2024
(09/2025)","573
(1238.05)",SRC-2025-09,520f100f2752c07c7d8e1180cce2258a6966d21b6e37fcbecca0b098835ef318,59,58,All Ongoing Projects,6,pdfplumber_table,twelve_month_gate2:0.1.0,"pdf_page_index=59,table_index=logical8,row_index=18"
OBS-202509-00462,2025-09,462,Capacity expansion of Deposit-14 and 14 NMZ at Kirandul,National Mineral Development Corporation Limited [NMDC],615202,-,-,Chhattisgarh,08/2021,07/2022,12/2028,03/2028,1700,1756.2,124.9,4,"Capacity expansion of Deposit-14 and 14 NMZ at Kirandul
(National Mineral Development Corporation Limited [NMDC])
(615202)","08/2021
(07/2022)","12/2028
(03/2028)","1700
(1756.2)",SRC-2025-09,520f100f2752c07c7d8e1180cce2258a6966d21b6e37fcbecca0b098835ef318,59,58,All Ongoing Projects,6,pdfplumber_table,twelve_month_gate2:0.1.0,"pdf_page_index=59,table_index=logical8,row_index=22"
OBS-202509-00463,2025-09,463,Stamp Charge Battery No.12 Battery Proper at IISCO Steel Plant,Steel Authority of India Limited [SAIL],617338,-,-,,01/2025,02/2025,07/2028,-,2518.39,2518.39,62.72,4,"Stamp Charge Battery No.12 Battery Proper at IISCO Steel Plant
(Steel Authority of India Limited [SAIL])
(617338)","01/2025
(02/2025)","07/2028
(-)","2518.39
(2518.39)",SRC-2025-09,520f100f2752c07c7d8e1180cce2258a6966d21b6e37fcbecca0b098835ef318,59,58,All Ongoing Projects,6,pdfplumber_table,twelve_month_gate2:0.1.0,"pdf_page_index=59,table_index=logical8,row_index=25"
OBS-202509-00464,2025-09,464,Replacement of Hot Leveller No.1 of Plate Mill at Bhilai Steel Plant,Steel Authority of India Limited [SAIL],617243,-,-,Chhattisgarh,07/2024,08/2024,07/2026,-,198.62,198.62,11.98,12,"Replacement of Hot Leveller No.1 of Plate Mill at Bhilai Steel Plant
(Steel Authority of India Limited [SAIL])
(617243)","07/2024
(08/2024)","07/2026
(-)","198.62
(198.62)",SRC-2025-09,520f100f2752c07c7d8e1180cce2258a6966d21b6e37fcbecca0b098835ef318,59,58,All Ongoing Projects,6,pdfplumber_table,twelve_month_gate2:0.1.0,"pdf_page_index=59,table_index=logical8,row_index=26"
OBS-202509-00465,2025-09,465,"Replacement of Converter Vessels, Trunnion Rings, Support System & Installation of
Secondary Emission at Bhilai Steel Plant",Steel Authority of India Limited [SAIL],617255,-,-,Chhattisgarh,10/2023,12/2023,06/2026,-,471.83,471.83,136.99,44,"Replacement of Converter Vessels, Trunnion Rings, Support System & Installation of
Secondary Emission at Bhilai Steel Plant
(Steel Authority of India Limited [SAIL])
(617255)","10/2023
(12/2023)","06/2026
(-)","471.83
(471.83)",SRC-2025-09,520f100f2752c07c7d8e1180cce2258a6966d21b6e37fcbecca0b098835ef318,59,58,All Ongoing Projects,6,pdfplumber_table,twelve_month_gate2:0.1.0,"pdf_page_index=59,table_index=logical8,row_index=27"
OBS-202509-00466,2025-09,466,Rebuilding of Coke Oven Battery No.7 & 8 at Bhilai Steel Plant,Steel Authority of India Limited [SAIL],617256,-,-,Chhattisgarh,11/2023,01/2024,10/2025,-,884.1,884.1,493.34,79,"Rebuilding of Coke Oven Battery No.7 & 8 at Bhilai Steel Plant
(Steel Authority of India Limited [SAIL])
(617256)","11/2023
(01/2024)","10/2025
(-)","884.1
(884.1)",SRC-2025-09,520f100f2752c07c7d8e1180cce2258a6966d21b6e37fcbecca0b098835ef318,59,58,All Ongoing Projects,6,pdfplumber_table,twelve_month_gate2:0.1.0,"pdf_page_index=59,table_index=logical8,row_index=28"
OBS-202509-00467,2025-09,467,NMDC Slurry Pipeline Project Phase-1,National Mineral Development Corporation Limited [NMDC],706811,-,-,Chhattisgarh,11/2015,09/2020,06/2023,12/2025,2907,5427,3107.45,87,"NMDC Slurry Pipeline Project Phase-1
(National Mineral Development Corporation Limited [NMDC])
(706811)","11/2015
(09/2020)","06/2023
(12/2025)","2907
(5427)",SRC-2025-09,520f100f2752c07c7d8e1180cce2258a6966d21b6e37fcbecca0b098835ef318,59,58,All Ongoing Projects,6,pdfplumber_table,twelve_month_gate2:0.1.0,"pdf_page_index=59,table_index=logical8,row_index=29"
OBS-202509-00468,2025-09,468,SCREENING PLANT-III AT KIRANDUL,National Mineral Development Corporation Limited [NMDC],709826,-,-,Chhattisgarh,NA,10/2021,01/2026,-,2718.84,2718.84,1362.18,73,"SCREENING PLANT-III AT KIRANDUL
(National Mineral Development Corporation Limited [NMDC])
(709826)","NA
(10/2021)","01/2026
(-)","2718.84
(2718.84)",SRC-2025-09,520f100f2752c07c7d8e1180cce2258a6966d21b6e37fcbecca0b098835ef318,59,58,All Ongoing Projects,6,pdfplumber_table,twelve_month_gate2:0.1.0,"pdf_page_index=59,table_index=logical8,row_index=30"
OBS-202509-00469,2025-09,469,CONSTRUCTION OF RESIDENTIAL TOWERS AT BIOM KIRANDUL COMPLEX,National Mineral Development Corporation Limited [NMDC],709827,-,-,Chhattisgarh,NA,10/2022,12/2025,-,349.75,349.75,288.8,91,"CONSTRUCTION OF RESIDENTIAL TOWERS AT BIOM KIRANDUL COMPLEX
(National Mineral Development Corporation Limited [NMDC])
(709827)","NA
(10/2022)","12/2025
(-)","349.75
(349.75)",SRC-2025-09,520f100f2752c07c7d8e1180cce2258a6966d21b6e37fcbecca0b098835ef318,59,58,All Ongoing Projects,6,pdfplumber_table,twelve_month_gate2:0.1.0,"pdf_page_index=59,table_index=logical8,row_index=31"
OBS-202509-00470,2025-09,470,"New Sinter Plant at BSL, SAIL",Steel Authority of India Limited [SAIL],400174,-,-,Jharkhand,03/2015,10/2015,10/2017,06/2027,1034.01,1752.3,885.08,53,"New Sinter Plant at BSL, SAIL
(Steel Authority of India Limited [SAIL])
(400174)","03/2015
(10/2015)","10/2017
(06/2027)","1034.01
(1752.3)",SRC-2025-09,520f100f2752c07c7d8e1180cce2258a6966d21b6e37fcbecca0b098835ef318,59,58,All Ongoing Projects,6,pdfplumber_table,twelve_month_gate2:0.1.0,"pdf_page_index=59,table_index=logical8,row_index=32"
OBS-202509-00471,2025-09,471,Replacement of existing Grinders in CRM-I & II at Bokaro Steel Plant,Steel Authority of India Limited [SAIL],617249,-,-,Jharkhand,01/2025,02/2025,01/2027,-,211.94,211.94,15.04,10,"Replacement of existing Grinders in CRM-I & II at Bokaro Steel Plant
(Steel Authority of India Limited [SAIL])
(617249)","01/2025
(02/2025)","01/2027
(-)","211.94
(211.94)",SRC-2025-09,520f100f2752c07c7d8e1180cce2258a6966d21b6e37fcbecca0b098835ef318,59,58,All Ongoing Projects,6,pdfplumber_table,twelve_month_gate2:0.1.0,"pdf_page_index=59,table_index=logical8,row_index=33"
OBS-202509-00472,2025-09,472,Secondary Emission Control in Converters of SMS-II at Bokaro Steel Plant,Steel Authority of India Limited [SAIL],617250,-,-,Jharkhand,01/2025,02/2025,10/2026,-,207.13,207.13,15.76,8,"Secondary Emission Control in Converters of SMS-II at Bokaro Steel Plant
(Steel Authority of India Limited [SAIL])
(617250)","01/2025
(02/2025)","10/2026
(-)","207.13
(207.13)",SRC-2025-09,520f100f2752c07c7d8e1180cce2258a6966d21b6e37fcbecca0b098835ef318,59,58,All Ongoing Projects,6,pdfplumber_table,twelve_month_gate2:0.1.0,"pdf_page_index=59,table_index=logical8,row_index=34"
OBS-202509-00473,2025-09,473,Revamping of old sub-systems of Blast Furnace 3 at Bokaro Steel Plant,Steel Authority of India Limited [SAIL],617253,-,-,Jharkhand,08/2023,03/2023,07/2025,11/2025,513.82,513.82,237.34,73,"Revamping of old sub-systems of Blast Furnace 3 at Bokaro Steel Plant
(Steel Authority of India Limited [SAIL])
(617253)","08/2023
(03/2023)","07/2025
(11/2025)","513.82
(513.82)",SRC-2025-09,520f100f2752c07c7d8e1180cce2258a6966d21b6e37fcbecca0b098835ef318,59,58,All Ongoing Projects,6,pdfplumber_table,twelve_month_gate2:0.1.0,"pdf_page_index=59,table_index=logical8,row_index=35"
OBS-202509-00474,2025-09,474,"Replacement of remaining 04 sets of Battery Cyclones with 04 Nos. of ESPs in Sinter
Plant-1 at Bokaro Steel Plant",Steel Authority of India Limited [SAIL],617254,-,-,Jharkhand,03/2024,04/2024,06/2026,-,260.37,260.37,51.12,22,"Replacement of remaining 04 sets of Battery Cyclones with 04 Nos. of ESPs in Sinter
Plant-1 at Bokaro Steel Plant
(Steel Authority of India Limited [SAIL])
(617254)","03/2024
(04/2024)","06/2026
(-)","260.37
(260.37)",SRC-2025-09,520f100f2752c07c7d8e1180cce2258a6966d21b6e37fcbecca0b098835ef318,59,58,All Ongoing Projects,6,pdfplumber_table,twelve_month_gate2:0.1.0,"pdf_page_index=59,table_index=logical8,row_index=36"
OBS-202509-00475,2025-09,475,Rebuilding of Coke Oven Battery No.6 at Bokaro Steel Plant,Steel Authority of India Limited [SAIL],617257,-,-,Jharkhand,11/2023,12/2023,11/2026,-,627.31,627.31,126.45,42,"Rebuilding of Coke Oven Battery No.6 at Bokaro Steel Plant
(Steel Authority of India Limited [SAIL])
(617257)","11/2023
(12/2023)","11/2026
(-)","627.31
(627.31)",SRC-2025-09,520f100f2752c07c7d8e1180cce2258a6966d21b6e37fcbecca0b098835ef318,60,59,All Ongoing Projects,6,pdfplumber_table,twelve_month_gate2:0.1.0,"pdf_page_index=60,table_index=logical8,row_index=1"
OBS-202509-00476,2025-09,476,"Construction of Screening Plant-II for Donimalai and Kumaraswamy Iron Ore Mining
Complex of NMDC Limited at Ballari Dt, Karnataka.",National Mineral Development Corporation Limited [NMDC],400121,-,-,Karnataka,11/2014,06/2024,08/2026,-,1043.63,1043.63,262.34,32,"Construction of Screening Plant-II for Donimalai and Kumaraswamy Iron Ore Mining
Complex of NMDC Limited at Ballari Dt, Karnataka.
(National Mineral Development Corporation Limited [NMDC])
(400121)","11/2014
(06/2024)","08/2026
(-)","1043.63
(1043.63)",SRC-2025-09,520f100f2752c07c7d8e1180cce2258a6966d21b6e37fcbecca0b098835ef318,60,59,All Ongoing Projects,6,pdfplumber_table,twelve_month_gate2:0.1.0,"pdf_page_index=60,table_index=logical8,row_index=2"
OBS-202509-00477,2025-09,477,"Installation of 4th Slab Caster along with its Auxiliaries and a New Ladle Furnace in
SMS-II at Rourkela Steel Plant",Steel Authority of India Limited [SAIL],400065,-,-,Odisha,01/2022,02/2022,05/2025,09/2025,1105.23,1105.23,769.08,99,"Installation of 4th Slab Caster along with its Auxiliaries and a New Ladle Furnace in
SMS-II at Rourkela Steel Plant
(Steel Authority of India Limited [SAIL])
(400065)","01/2022
(02/2022)","05/2025
(09/2025)","1105.23
(1105.23)",SRC-2025-09,520f100f2752c07c7d8e1180cce2258a6966d21b6e37fcbecca0b098835ef318,60,59,All Ongoing Projects,6,pdfplumber_table,twelve_month_gate2:0.1.0,"pdf_page_index=60,table_index=logical8,row_index=3"
OBS-202509-00478,2025-09,478,Rebuilding of COB 4 at Durgapur Steel Plant,Steel Authority of India Limited [SAIL],612781,-,-,West Bengal,09/2023,09/2023,12/2026,-,916.78,916.78,137.01,18,"Rebuilding of COB 4 at Durgapur Steel Plant
(Steel Authority of India Limited [SAIL])
(612781)","09/2023
(09/2023)","12/2026
(-)","916.78
(916.78)",SRC-2025-09,520f100f2752c07c7d8e1180cce2258a6966d21b6e37fcbecca0b098835ef318,60,59,All Ongoing Projects,6,pdfplumber_table,twelve_month_gate2:0.1.0,"pdf_page_index=60,table_index=logical8,row_index=4"
OBS-202509-00479,2025-09,479,Installation of New Bar Mill at Durgapur Steel Plant,Steel Authority of India Limited [SAIL],617242,-,-,West Bengal,07/2024,08/2024,06/2027,-,2115.44,2115.44,228.35,29,"Installation of New Bar Mill at Durgapur Steel Plant
(Steel Authority of India Limited [SAIL])
(617242)","07/2024
(08/2024)","06/2027
(-)","2115.44
(2115.44)",SRC-2025-09,520f100f2752c07c7d8e1180cce2258a6966d21b6e37fcbecca0b098835ef318,60,59,All Ongoing Projects,6,pdfplumber_table,twelve_month_gate2:0.1.0,"pdf_page_index=60,table_index=logical8,row_index=5"
OBS-202509-00480,2025-09,480,Up-gradation of Blast Furnace No. 3 at Durgapur Steel Plant,Steel Authority of India Limited [SAIL],617246,-,-,West Bengal,09/2024,08/2024,06/2026,-,758.09,758.09,67.14,6,"Up-gradation of Blast Furnace No. 3 at Durgapur Steel Plant
(Steel Authority of India Limited [SAIL])
(617246)","09/2024
(08/2024)","06/2026
(-)","758.09
(758.09)",SRC-2025-09,520f100f2752c07c7d8e1180cce2258a6966d21b6e37fcbecca0b098835ef318,60,59,All Ongoing Projects,6,pdfplumber_table,twelve_month_gate2:0.1.0,"pdf_page_index=60,table_index=logical8,row_index=6"
OBS-202509-00481,2025-09,481,Third Ladle Furnace in Secondary Refinery Unit at IISCO Steel Plant,Steel Authority of India Limited [SAIL],617248,-,-,West Bengal,11/2024,12/2024,07/2026,-,227.96,227.96,19.61,31,"Third Ladle Furnace in Secondary Refinery Unit at IISCO Steel Plant
(Steel Authority of India Limited [SAIL])
(617248)","11/2024
(12/2024)","07/2026
(-)","227.96
(227.96)",SRC-2025-09,520f100f2752c07c7d8e1180cce2258a6966d21b6e37fcbecca0b098835ef318,60,59,All Ongoing Projects,6,pdfplumber_table,twelve_month_gate2:0.1.0,"pdf_page_index=60,table_index=logical8,row_index=7"
OBS-202509-00482,2025-09,482,Revamping of Air Pollution Control Systems of SP-1 at Durgapur Steel Plant,Steel Authority of India Limited [SAIL],617251,-,-,West Bengal,07/2024,12/2024,05/2026,-,196.4,196.4,0.19,3,"Revamping of Air Pollution Control Systems of SP-1 at Durgapur Steel Plant
(Steel Authority of India Limited [SAIL])
(617251)","07/2024
(12/2024)","05/2026
(-)","196.4
(196.4)",SRC-2025-09,520f100f2752c07c7d8e1180cce2258a6966d21b6e37fcbecca0b098835ef318,60,59,All Ongoing Projects,6,pdfplumber_table,twelve_month_gate2:0.1.0,"pdf_page_index=60,table_index=logical8,row_index=8"
OBS-202509-00483,2025-09,483,Nadikudi - Srikalahasti New Line,South Central Railway [SCR] - II,400298,-,-,Andhra Pradesh,03/2012,12/2016,05/2027,03/2028,2312,5200,2179,54,"Nadikudi - Srikalahasti New Line
(South Central Railway [SCR] - II)
(400298)","03/2012
(12/2016)","05/2027
(03/2028)","2312
(5200)",SRC-2025-09,520f100f2752c07c7d8e1180cce2258a6966d21b6e37fcbecca0b098835ef318,60,59,All Ongoing Projects,6,pdfplumber_table,twelve_month_gate2:0.1.0,"pdf_page_index=60,table_index=logical8,row_index=12"
OBS-202509-00484,2025-09,484,GOOTY-PENDEKALLU DOUBLING 29.225 Km,South Central Railway [SCR] - II,611752,-,-,Andhra Pradesh,03/2023,06/2023,03/2027,03/2027,351.83,351.83,18,25,"GOOTY-PENDEKALLU DOUBLING 29.225 Km
(South Central Railway [SCR] - II)
(611752)","03/2023
(06/2023)","03/2027
(03/2027)","351.83
(351.83)",SRC-2025-09,520f100f2752c07c7d8e1180cce2258a6966d21b6e37fcbecca0b098835ef318,60,59,All Ongoing Projects,6,pdfplumber_table,twelve_month_gate2:0.1.0,"pdf_page_index=60,table_index=logical8,row_index=13"
OBS-202509-00485,2025-09,485,GUNTAKAL WEST-MALLAPPA GATE RAIL OVER RAIL - ROR TRACK,South Central Railway [SCR] - II,611754,-,-,Andhra Pradesh,07/2023,07/2023,07/2026,-,293.3,293.3,0,0,"GUNTAKAL WEST-MALLAPPA GATE RAIL OVER RAIL - ROR TRACK
(South Central Railway [SCR] - II)
(611754)","07/2023
(07/2023)","07/2026
(-)","293.3
(293.3)",SRC-2025-09,520f100f2752c07c7d8e1180cce2258a6966d21b6e37fcbecca0b098835ef318,60,59,All Ongoing Projects,6,pdfplumber_table,twelve_month_gate2:0.1.0,"pdf_page_index=60,table_index=logical8,row_index=14"
OBS-202509-00486,2025-09,486,Kurnool - Setting up facilities for coach midlife rehabilitation workshop,WPO/Patna,611927,-,-,Andhra Pradesh,01/2014,10/2017,12/2023,-,560.72,560.72,276.66,65,"Kurnool - Setting up facilities for coach midlife rehabilitation workshop
(WPO/Patna)
(611927)","01/2014
(10/2017)","12/2023
(-)","560.72
(560.72)",SRC-2025-09,520f100f2752c07c7d8e1180cce2258a6966d21b6e37fcbecca0b098835ef318,60,59,All Ongoing Projects,6,pdfplumber_table,twelve_month_gate2:0.1.0,"pdf_page_index=60,table_index=logical8,row_index=15"
OBS-202509-00487,2025-09,487,"Flyover between Pendurthi and Simhachalam North to avoid surface crossing at
Simhachalam 7.135 km PB 73 of 2023 24 NR",East Coast Railway [ECoR] - II,612827,-,-,Andhra Pradesh,04/2023,05/2024,04/2027,-,183.65,183.65,5.11,11,"Flyover between Pendurthi and Simhachalam North to avoid surface crossing at
Simhachalam 7.135 km PB 73 of 2023 24 NR
(East Coast Railway [ECoR] - II)
(612827)","04/2023
(05/2024)","04/2027
(-)","183.65
(183.65)",SRC-2025-09,520f100f2752c07c7d8e1180cce2258a6966d21b6e37fcbecca0b098835ef318,60,59,All Ongoing Projects,6,pdfplumber_table,twelve_month_gate2:0.1.0,"pdf_page_index=60,table_index=logical8,row_index=16"
OBS-202509-00488,2025-09,488,"3rd & 4th line between Vadlapudi -Gate Jn. cabin and Tie line between Gate Junction
to Gangavaram port",East Coast Railway [ECoR] - II,616697,-,-,Andhra Pradesh,04/2023,03/2024,06/2026,-,154.28,154.28,15.92,18,"3rd & 4th line between Vadlapudi -Gate Jn. cabin and Tie line between Gate Junction
to Gangavaram port
(East Coast Railway [ECoR] - II)
(616697)","04/2023
(03/2024)","06/2026
(-)","154.28
(154.28)",SRC-2025-09,520f100f2752c07c7d8e1180cce2258a6966d21b6e37fcbecca0b098835ef318,60,59,All Ongoing Projects,6,pdfplumber_table,twelve_month_gate2:0.1.0,"pdf_page_index=60,table_index=logical8,row_index=17"
OBS-202509-00489,2025-09,489,Kurnool Coach Midlife Rehabilitation Project,WPO/Patna,705253,-,-,Andhra Pradesh,05/2016,07/2014,12/2020,-,563,563,120,0,"Kurnool Coach Midlife Rehabilitation Project
(WPO/Patna)
(705253)","05/2016
(07/2014)","12/2020
(-)","563
(563)",SRC-2025-09,520f100f2752c07c7d8e1180cce2258a6966d21b6e37fcbecca0b098835ef318,60,59,All Ongoing Projects,6,pdfplumber_table,twelve_month_gate2:0.1.0,"pdf_page_index=60,table_index=logical8,row_index=18"
OBS-202509-00490,2025-09,490,Kotapalli - Narasapur New Line,South Central Railway [SCR] - II,705436,-,-,Andhra Pradesh,03/2009,09/2013,03/2028,03/2028,2501,2501,1303.41,29,"Kotapalli - Narasapur New Line
(South Central Railway [SCR] - II)
(705436)","03/2009
(09/2013)","03/2028
(03/2028)","2501
(2501)",SRC-2025-09,520f100f2752c07c7d8e1180cce2258a6966d21b6e37fcbecca0b098835ef318,60,59,All Ongoing Projects,6,pdfplumber_table,twelve_month_gate2:0.1.0,"pdf_page_index=60,table_index=logical8,row_index=19"
OBS-202509-00491,2025-09,491,Guntur-Guntakal Doubling Project,South Central Railway [SCR] - II,705633,-,-,Andhra Pradesh,03/2017,11/2017,12/2025,12/2026,3733,4295,4357.74,93,"Guntur-Guntakal Doubling Project
(South Central Railway [SCR] - II)
(705633)","03/2017
(11/2017)","12/2025
(12/2026)","3733
(4295)",SRC-2025-09,520f100f2752c07c7d8e1180cce2258a6966d21b6e37fcbecca0b098835ef318,60,59,All Ongoing Projects,6,pdfplumber_table,twelve_month_gate2:0.1.0,"pdf_page_index=60,table_index=logical8,row_index=20"
OBS-202509-00492,2025-09,492,Vijaywada-Gudur 3rd Line,RVNL - II,705648,-,-,Andhra Pradesh,08/2016,04/2018,11/2024,12/2025,6654,6654,5922,90,"Vijaywada-Gudur 3rd Line
(RVNL - II)
(705648)","08/2016
(04/2018)","11/2024
(12/2025)","6654
(6654)",SRC-2025-09,520f100f2752c07c7d8e1180cce2258a6966d21b6e37fcbecca0b098835ef318,60,59,All Ongoing Projects,6,pdfplumber_table,twelve_month_gate2:0.1.0,"pdf_page_index=60,table_index=logical8,row_index=21"
OBS-202509-00493,2025-09,493,Penukonda - Dharmavaram Doubling Project [41.5 Km],South Western Railway [SWR] - II,705789,-,-,Andhra Pradesh,06/2018,12/2018,03/2026,03/2026,307.66,307.66,292.98,61,"Penukonda - Dharmavaram Doubling Project [41.5 Km]
(South Western Railway [SWR] - II)
(705789)","06/2018
(12/2018)","03/2026
(03/2026)","307.66
(307.66)",SRC-2025-09,520f100f2752c07c7d8e1180cce2258a6966d21b6e37fcbecca0b098835ef318,60,59,All Ongoing Projects,6,pdfplumber_table,twelve_month_gate2:0.1.0,"pdf_page_index=60,table_index=logical8,row_index=22"
OBS-202509-00494,2025-09,494,Doubling of New Bonggigaon to Kamakhya via Goalpara - 176 km,Northeast Frontier Railway [NFR],705572,-,-,Assam,09/2016,09/2016,03/2026,03/2026,4060,4961,3707.75,93,"Doubling of New Bonggigaon to Kamakhya via Goalpara - 176 km
(Northeast Frontier Railway [NFR])
(705572)","09/2016
(09/2016)","03/2026
(03/2026)","4060
(4961)",SRC-2025-09,520f100f2752c07c7d8e1180cce2258a6966d21b6e37fcbecca0b098835ef318,60,59,All Ongoing Projects,6,pdfplumber_table,twelve_month_gate2:0.1.0,"pdf_page_index=60,table_index=logical8,row_index=23"
OBS-202509-00495,2025-09,495,Guwahati-Dibrugarh via Tinsukia & Simaluguri-Dibrugarh,Central Organisation for Railway Electrification [CORE],706922,-,-,Assam,09/2020,09/2018,09/2020,06/2024,890.36,889.36,391.73,89,"Guwahati-Dibrugarh via Tinsukia & Simaluguri-Dibrugarh
(Central Organisation for Railway Electrification [CORE])
(706922)","09/2020
(09/2018)","09/2020
(06/2024)","890.36
(889.36)",SRC-2025-09,520f100f2752c07c7d8e1180cce2258a6966d21b6e37fcbecca0b098835ef318,60,59,All Ongoing Projects,6,pdfplumber_table,twelve_month_gate2:0.1.0,"pdf_page_index=60,table_index=logical8,row_index=24"
OBS-202509-00496,2025-09,496,"Mariani-Jorhat, Tinsukia-Dangri and Makum -TirapTrack Electrification Project",GM/C/ NFR,706940,-,-,Assam,09/2018,01/2022,05/2024,-,183.99,183.99,0,0,"Mariani-Jorhat, Tinsukia-Dangri and Makum -TirapTrack Electrification Project
(GM/C/ NFR)
(706940)","09/2018
(01/2022)","05/2024
(-)","183.99
(183.99)",SRC-2025-09,520f100f2752c07c7d8e1180cce2258a6966d21b6e37fcbecca0b098835ef318,60,59,All Ongoing Projects,6,pdfplumber_table,twelve_month_gate2:0.1.0,"pdf_page_index=60,table_index=logical8,row_index=25"
OBS-202509-00497,2025-09,497,Harmuty-Murkongselek Branch Line Electrification Project,GM/C/ NFR,706942,-,-,Assam,09/2018,01/2022,05/2024,-,237.52,237.52,0,0,"Harmuty-Murkongselek Branch Line Electrification Project
(GM/C/ NFR)
(706942)","09/2018
(01/2022)","05/2024
(-)","237.52
(237.52)",SRC-2025-09,520f100f2752c07c7d8e1180cce2258a6966d21b6e37fcbecca0b098835ef318,60,59,All Ongoing Projects,6,pdfplumber_table,twelve_month_gate2:0.1.0,"pdf_page_index=60,table_index=logical8,row_index=26"
OBS-202509-00498,2025-09,498,Sakri -Hasanpur [via Harnagar - Kusheshwar Asthan] New Railway line,East Central Railway [ECR] - I,400254,-,-,Bihar,12/2023,08/1997,12/2024,03/2027,735.2,735.2,587.39,82,"Sakri -Hasanpur [via Harnagar - Kusheshwar Asthan] New Railway line
(East Central Railway [ECR] - I)
(400254)","12/2023
(08/1997)","12/2024
(03/2027)","735.2
(735.2)",SRC-2025-09,520f100f2752c07c7d8e1180cce2258a6966d21b6e37fcbecca0b098835ef318,60,59,All Ongoing Projects,6,pdfplumber_table,twelve_month_gate2:0.1.0,"pdf_page_index=60,table_index=logical8,row_index=27"
OBS-202509-00499,2025-09,499,Jhajha-Batai New Line Project,East Central Railway [ECR] - I,617373,-,-,Bihar,03/2023,03/2023,03/2027,-,588.18,588.18,2.74,0,"Jhajha-Batai New Line Project
(East Central Railway [ECR] - I)
(617373)","03/2023
(03/2023)","03/2027
(-)","588.18
(588.18)",SRC-2025-09,520f100f2752c07c7d8e1180cce2258a6966d21b6e37fcbecca0b098835ef318,60,59,All Ongoing Projects,6,pdfplumber_table,twelve_month_gate2:0.1.0,"pdf_page_index=60,table_index=logical8,row_index=28"
OBS-202509-00500,2025-09,500,Khagaria-Kusheshwar Asthan [42Km] new line project,East Central Railway [ECR] - I,705364,-,-,Bihar,04/2019,12/1998,12/2024,03/2027,614,1384,485.71,55,"Khagaria-Kusheshwar Asthan [42Km] new line project
(East Central Railway [ECR] - I)
(705364)","04/2019
(12/1998)","12/2024
(03/2027)","614
(1384)",SRC-2025-09,520f100f2752c07c7d8e1180cce2258a6966d21b6e37fcbecca0b098835ef318,60,59,All Ongoing Projects,6,pdfplumber_table,twelve_month_gate2:0.1.0,"pdf_page_index=60,table_index=logical8,row_index=29"
OBS-202509-00501,2025-09,501,Hajipur-Sagauli New line,East Central Railway [ECR] - I,705366,-,-,Bihar,10/2007,10/2004,03/2020,12/2026,2067,2087,1997.26,74,"Hajipur-Sagauli New line
(East Central Railway [ECR] - I)
(705366)","10/2007
(10/2004)","03/2020
(12/2026)","2067
(2087)",SRC-2025-09,520f100f2752c07c7d8e1180cce2258a6966d21b6e37fcbecca0b098835ef318,60,59,All Ongoing Projects,6,pdfplumber_table,twelve_month_gate2:0.1.0,"pdf_page_index=60,table_index=logical8,row_index=30"
OBS-202509-00502,2025-09,502,Araria Supaul New BG Line,East Central Railway [ECR] - I,705368,-,-,Bihar,06/2018,03/2009,03/2024,01/2027,1605,2514,1528.41,35,"Araria Supaul New BG Line
(East Central Railway [ECR] - I)
(705368)","06/2018
(03/2009)","03/2024
(01/2027)","1605
(2514)",SRC-2025-09,520f100f2752c07c7d8e1180cce2258a6966d21b6e37fcbecca0b098835ef318,60,59,All Ongoing Projects,6,pdfplumber_table,twelve_month_gate2:0.1.0,"pdf_page_index=60,table_index=logical8,row_index=31"
OBS-202509-00503,2025-09,503,"Fatuha-Islampur incl. MM for extn.of NL from Neora to Daniawan , Daniawan to
Biharsharif, Biharsharif to Barbigha , Barbigha to Shekhpura",East Central Railway [ECR] - I,705373,-,-,Bihar,08/2002,03/2002,03/2023,08/2025,1473,2882,2522.41,94,"Fatuha-Islampur incl. MM for extn.of NL from Neora to Daniawan , Daniawan to
Biharsharif, Biharsharif to Barbigha , Barbigha to Shekhpura
(East Central Railway [ECR] - I)
(705373)","08/2002
(03/2002)","03/2023
(08/2025)","1473
(2882)",SRC-2025-09,520f100f2752c07c7d8e1180cce2258a6966d21b6e37fcbecca0b098835ef318,61,60,All Ongoing Projects,6,pdfplumber_table,twelve_month_gate2:0.1.0,"pdf_page_index=61,table_index=logical8,row_index=1"
OBS-202509-00504,2025-09,504,Jogbani-Biratnagar New Rail Line project,Indian Railway Construction International Limited [IRCON],705450,-,-,Bihar,06/2010,01/2011,03/2022,12/2026,402,486,367.54,86,"Jogbani-Biratnagar New Rail Line project
(Indian Railway Construction International Limited [IRCON])
(705450)","06/2010
(01/2011)","03/2022
(12/2026)","402
(486)",SRC-2025-09,520f100f2752c07c7d8e1180cce2258a6966d21b6e37fcbecca0b098835ef318,61,60,All Ongoing Projects,6,pdfplumber_table,twelve_month_gate2:0.1.0,"pdf_page_index=61,table_index=logical8,row_index=2"
OBS-202509-00505,2025-09,505,Samastipur-Darbhanga Doubling Railway Project,East Central Railway [ECR] - I,705526,-,-,Bihar,11/2015,12/2015,03/2025,10/2025,519,519,354.98,84,"Samastipur-Darbhanga Doubling Railway Project
(East Central Railway [ECR] - I)
(705526)","11/2015
(12/2015)","03/2025
(10/2025)","519
(519)",SRC-2025-09,520f100f2752c07c7d8e1180cce2258a6966d21b6e37fcbecca0b098835ef318,61,60,All Ongoing Projects,6,pdfplumber_table,twelve_month_gate2:0.1.0,"pdf_page_index=61,table_index=logical8,row_index=3"
OBS-202509-00506,2025-09,506,Sagauli-Valmiknagar,East Central Railway [ECR] - I,705527,-,-,Bihar,03/2018,03/2017,12/2025,12/2025,1216,2222,2062.27,91,"Sagauli-Valmiknagar
(East Central Railway [ECR] - I)
(705527)","03/2018
(03/2017)","12/2025
(12/2025)","1216
(2222)",SRC-2025-09,520f100f2752c07c7d8e1180cce2258a6966d21b6e37fcbecca0b098835ef318,61,60,All Ongoing Projects,6,pdfplumber_table,twelve_month_gate2:0.1.0,"pdf_page_index=61,table_index=logical8,row_index=4"
OBS-202509-00507,2025-09,507,Muzaffarpur-Sugauli,East Central Railway [ECR] - I,705528,-,-,Bihar,03/2018,03/2017,06/2024,02/2026,1586,1586,1465.64,99,"Muzaffarpur-Sugauli
(East Central Railway [ECR] - I)
(705528)","03/2018
(03/2017)","06/2024
(02/2026)","1586
(1586)",SRC-2025-09,520f100f2752c07c7d8e1180cce2258a6966d21b6e37fcbecca0b098835ef318,61,60,All Ongoing Projects,6,pdfplumber_table,twelve_month_gate2:0.1.0,"pdf_page_index=61,table_index=logical8,row_index=5"
OBS-202509-00508,2025-09,508,Rampur Dumra-Tal-Rajendrapul Additional Bridge and Railway Line Doubling,Indian Railway Construction International Limited [IRCON],706759,-,-,Bihar,03/2016,05/2017,12/2024,12/2025,2373.64,1700.24,1414.12,96,"Rampur Dumra-Tal-Rajendrapul Additional Bridge and Railway Line Doubling
(Indian Railway Construction International Limited [IRCON])
(706759)","03/2016
(05/2017)","12/2024
(12/2025)","2373.64
(1700.24)",SRC-2025-09,520f100f2752c07c7d8e1180cce2258a6966d21b6e37fcbecca0b098835ef318,61,60,All Ongoing Projects,6,pdfplumber_table,twelve_month_gate2:0.1.0,"pdf_page_index=61,table_index=logical8,row_index=6"
OBS-202509-00509,2025-09,509,Barauni-Bachwara [16 km] - 3rd & 4th line incl. Barauni yard remodelling [32 km],East Central Railway [ECR] - I,706860,-,-,Bihar,10/2022,08/2025,08/2025,10/2026,645,645,7.61,55,"Barauni-Bachwara [16 km] - 3rd & 4th line incl. Barauni yard remodelling [32 km]
(East Central Railway [ECR] - I)
(706860)","10/2022
(08/2025)","08/2025
(10/2026)","645
(645)",SRC-2025-09,520f100f2752c07c7d8e1180cce2258a6966d21b6e37fcbecca0b098835ef318,61,60,All Ongoing Projects,6,pdfplumber_table,twelve_month_gate2:0.1.0,"pdf_page_index=61,table_index=logical8,row_index=7"
OBS-202509-00510,2025-09,510,JHAJHA - BATIA,East Central Railway [ECR] - I,900874,-,-,Bihar,03/2023,03/2023,03/2028,01/2030,588.18,588.18,0.49,0,"JHAJHA - BATIA
(East Central Railway [ECR] - I)
(900874)","03/2023
(03/2023)","03/2028
(01/2030)","588.18
(588.18)",SRC-2025-09,520f100f2752c07c7d8e1180cce2258a6966d21b6e37fcbecca0b098835ef318,61,60,All Ongoing Projects,6,pdfplumber_table,twelve_month_gate2:0.1.0,"pdf_page_index=61,table_index=logical8,row_index=8"
OBS-202509-00511,2025-09,511,Kharsia-Dharamjaygarh with Spur line [East Corridor-Phase 1],Indian Railway Construction International Limited [IRCON],400220,-,-,Chhattisgarh,03/2016,01/2014,09/2018,03/2026,3055,3438,2587.28,94,"Kharsia-Dharamjaygarh with Spur line [East Corridor-Phase 1]
(Indian Railway Construction International Limited [IRCON])
(400220)","03/2016
(01/2014)","09/2018
(03/2026)","3055
(3438)",SRC-2025-09,520f100f2752c07c7d8e1180cce2258a6966d21b6e37fcbecca0b098835ef318,61,60,All Ongoing Projects,6,pdfplumber_table,twelve_month_gate2:0.1.0,"pdf_page_index=61,table_index=logical8,row_index=9"
OBS-202509-00512,2025-09,512,Doubling of Kirandul-Jagdalpur Line [150 km],East Coast Railway [ECoR] - II,400291,-,-,Chhattisgarh,02/2013,03/2013,03/2020,12/2025,1589,1798,1542.79,92,"Doubling of Kirandul-Jagdalpur Line [150 km]
(East Coast Railway [ECoR] - II)
(400291)","02/2013
(03/2013)","03/2020
(12/2025)","1589
(1798)",SRC-2025-09,520f100f2752c07c7d8e1180cce2258a6966d21b6e37fcbecca0b098835ef318,61,60,All Ongoing Projects,6,pdfplumber_table,twelve_month_gate2:0.1.0,"pdf_page_index=61,table_index=logical8,row_index=10"
OBS-202509-00513,2025-09,513,"Gauge Conversion of Kendri-Dhamtari including Abhanpur - Rajim Branch line 67.20
Kms - 2nd Material Modification to Raipur Titlagarh doubling.",SECR,602792,-,-,Chhattisgarh,07/2011,05/2021,02/2025,11/2025,1171,1171,848,82,"Gauge Conversion of Kendri-Dhamtari including Abhanpur - Rajim Branch line 67.20
Kms - 2nd Material Modification to Raipur Titlagarh doubling.
(SECR)
(602792)","07/2011
(05/2021)","02/2025
(11/2025)","1171
(1171)",SRC-2025-09,520f100f2752c07c7d8e1180cce2258a6966d21b6e37fcbecca0b098835ef318,61,60,All Ongoing Projects,6,pdfplumber_table,twelve_month_gate2:0.1.0,"pdf_page_index=61,table_index=logical8,row_index=11"
OBS-202509-00514,2025-09,514,4th line between Nipania Bhatapara 14.4 Km,South East Central Railway [SECR] - II,612815,-,-,Chhattisgarh,12/2022,05/2024,03/2027,-,170.49,170.49,0,2,"4th line between Nipania Bhatapara 14.4 Km
(South East Central Railway [SECR] - II)
(612815)","12/2022
(05/2024)","03/2027
(-)","170.49
(170.49)",SRC-2025-09,520f100f2752c07c7d8e1180cce2258a6966d21b6e37fcbecca0b098835ef318,61,60,All Ongoing Projects,6,pdfplumber_table,twelve_month_gate2:0.1.0,"pdf_page_index=61,table_index=logical8,row_index=12"
OBS-202509-00515,2025-09,515,Dharamjaigarh-Korba 63 km,CERL,613003,-,-,Chhattisgarh,08/2023,07/2022,08/2026,-,1686.26,1686.26,288.83,18.5,"Dharamjaigarh-Korba 63 km
(CERL)
(613003)","08/2023
(07/2022)","08/2026
(-)","1686.26
(1686.26)",SRC-2025-09,520f100f2752c07c7d8e1180cce2258a6966d21b6e37fcbecca0b098835ef318,61,60,All Ongoing Projects,6,pdfplumber_table,twelve_month_gate2:0.1.0,"pdf_page_index=61,table_index=logical8,row_index=13"
OBS-202509-00516,2025-09,516,"Dallirajhara - Rowghat New Rail Line Project, Phase-I",Rail Vikas Nigam Limited,617374,-,-,Chhattisgarh,NA,11/2009,03/2025,-,1516.45,1516.45,873.79,92,"Dallirajhara - Rowghat New Rail Line Project, Phase-I
(Rail Vikas Nigam Limited)
(617374)","NA
(11/2009)","03/2025
(-)","1516.45
(1516.45)",SRC-2025-09,520f100f2752c07c7d8e1180cce2258a6966d21b6e37fcbecca0b098835ef318,61,60,All Ongoing Projects,6,pdfplumber_table,twelve_month_gate2:0.1.0,"pdf_page_index=61,table_index=logical8,row_index=14"
OBS-202509-00517,2025-09,517,Dallirajhra- Rowghat New Railway Line - Phase I [95 km],RVNL - II,705433,-,-,Chhattisgarh,07/2009,12/2009,09/2025,12/2025,1628,1628,1440.85,82,"Dallirajhra- Rowghat New Railway Line - Phase I [95 km]
(RVNL - II)
(705433)","07/2009
(12/2009)","09/2025
(12/2025)","1628
(1628)",SRC-2025-09,520f100f2752c07c7d8e1180cce2258a6966d21b6e37fcbecca0b098835ef318,61,60,All Ongoing Projects,6,pdfplumber_table,twelve_month_gate2:0.1.0,"pdf_page_index=61,table_index=logical8,row_index=15"
OBS-202509-00518,2025-09,518,Gevra Road-Pendra Road New Railway Line [135 km],Indian Railway Construction International Limited [IRCON],705444,-,-,Chhattisgarh,04/2014,04/2014,03/2022,12/2025,4970,4970,4449.99,73,"Gevra Road-Pendra Road New Railway Line [135 km]
(Indian Railway Construction International Limited [IRCON])
(705444)","04/2014
(04/2014)","03/2022
(12/2025)","4970
(4970)",SRC-2025-09,520f100f2752c07c7d8e1180cce2258a6966d21b6e37fcbecca0b098835ef318,61,60,All Ongoing Projects,6,pdfplumber_table,twelve_month_gate2:0.1.0,"pdf_page_index=61,table_index=logical8,row_index=16"
OBS-202509-00519,2025-09,519,Boridand - Ambikapur Doubling Line Project,South East Central Railway [SECR] - II,706854,-,-,Chhattisgarh,06/2022,04/2022,06/2030,06/2030,1376,1576.23,218,18,"Boridand - Ambikapur Doubling Line Project
(South East Central Railway [SECR] - II)
(706854)","06/2022
(04/2022)","06/2030
(06/2030)","1376
(1576.23)",SRC-2025-09,520f100f2752c07c7d8e1180cce2258a6966d21b6e37fcbecca0b098835ef318,61,60,All Ongoing Projects,6,pdfplumber_table,twelve_month_gate2:0.1.0,"pdf_page_index=61,table_index=logical8,row_index=17"
OBS-202509-00520,2025-09,520,NIPANIA-BHATAPRA [14.4 KM] 4TH LINE [PB-72/NR/2022-23],SECR,709814,-,-,Chhattisgarh,12/2022,05/2024,12/2026,12/2026,170,184,0,2,"NIPANIA-BHATAPRA [14.4 KM] 4TH LINE [PB-72/NR/2022-23]
(SECR)
(709814)","12/2022
(05/2024)","12/2026
(12/2026)","170
(184)",SRC-2025-09,520f100f2752c07c7d8e1180cce2258a6966d21b6e37fcbecca0b098835ef318,61,60,All Ongoing Projects,6,pdfplumber_table,twelve_month_gate2:0.1.0,"pdf_page_index=61,table_index=logical8,row_index=18"
OBS-202509-00521,2025-09,521,4TH LINE - BHATAPARA-HATHBAND [8.8 KM] [PB-72/NR/2022-23],SECR,709815,-,-,Chhattisgarh,09/2022,05/2024,01/2027,12/2027,177.03,177.03,0,2,"4TH LINE - BHATAPARA-HATHBAND [8.8 KM] [PB-72/NR/2022-23]
(SECR)
(709815)","09/2022
(05/2024)","01/2027
(12/2027)","177.03
(177.03)",SRC-2025-09,520f100f2752c07c7d8e1180cce2258a6966d21b6e37fcbecca0b098835ef318,61,60,All Ongoing Projects,6,pdfplumber_table,twelve_month_gate2:0.1.0,"pdf_page_index=61,table_index=logical8,row_index=19"
OBS-202509-00522,2025-09,522,4TH LINE - BHILAI-BHILAI NAGAR [8.8 KM] [PB-72/NR/2022-23],SECR,709816,-,-,Chhattisgarh,09/2022,05/2024,02/2027,02/2027,177.34,177.34,1.64,4,"4TH LINE - BHILAI-BHILAI NAGAR [8.8 KM] [PB-72/NR/2022-23]
(SECR)
(709816)","09/2022
(05/2024)","02/2027
(02/2027)","177.34
(177.34)",SRC-2025-09,520f100f2752c07c7d8e1180cce2258a6966d21b6e37fcbecca0b098835ef318,61,60,All Ongoing Projects,6,pdfplumber_table,twelve_month_gate2:0.1.0,"pdf_page_index=61,table_index=logical8,row_index=20"
OBS-202509-00523,2025-09,523,4TH LINE - DADHAPARA-BELHA [9.2 KM] [PB-72/NR/2022-23],SECR,709817,-,-,Chhattisgarh,09/2022,05/2024,11/2026,11/2026,169.06,169.06,15.58,60,"4TH LINE - DADHAPARA-BELHA [9.2 KM] [PB-72/NR/2022-23]
(SECR)
(709817)","09/2022
(05/2024)","11/2026
(11/2026)","169.06
(169.06)",SRC-2025-09,520f100f2752c07c7d8e1180cce2258a6966d21b6e37fcbecca0b098835ef318,61,60,All Ongoing Projects,6,pdfplumber_table,twelve_month_gate2:0.1.0,"pdf_page_index=61,table_index=logical8,row_index=21"
OBS-202509-00524,2025-09,524,4TH LINE RAJNANDGAON-DONGARHGARH [31.2 KM] [PB-72/NR/2022-23],SECR,709818,-,-,Chhattisgarh,09/2022,05/2024,01/2027,01/2027,328.34,328.34,53.88,25,"4TH LINE RAJNANDGAON-DONGARHGARH [31.2 KM] [PB-72/NR/2022-23]
(SECR)
(709818)","09/2022
(05/2024)","01/2027
(01/2027)","328.34
(328.34)",SRC-2025-09,520f100f2752c07c7d8e1180cce2258a6966d21b6e37fcbecca0b098835ef318,61,60,All Ongoing Projects,6,pdfplumber_table,twelve_month_gate2:0.1.0,"pdf_page_index=61,table_index=logical8,row_index=22"
OBS-202509-00525,2025-09,525,3RD AND 4TH LINE - SARAGBUNDIA AND MADWARANI,SECR,709819,-,-,Chhattisgarh,09/2022,05/2025,12/2026,12/2026,167.64,167.64,0.04,3,"3RD AND 4TH LINE - SARAGBUNDIA AND MADWARANI
(SECR)
(709819)","09/2022
(05/2025)","12/2026
(12/2026)","167.64
(167.64)",SRC-2025-09,520f100f2752c07c7d8e1180cce2258a6966d21b6e37fcbecca0b098835ef318,61,60,All Ongoing Projects,6,pdfplumber_table,twelve_month_gate2:0.1.0,"pdf_page_index=61,table_index=logical8,row_index=23"
OBS-202509-00526,2025-09,526,"Redevelopment of New Delhi Railway Station and construction of associated
infrastructure",Rail Land Development Authority,613785,-,-,Delhi,01/2023,06/2024,12/2028,-,4744,4744,119.71,1,"Redevelopment of New Delhi Railway Station and construction of associated
infrastructure
(Rail Land Development Authority)
(613785)","01/2023
(06/2024)","12/2028
(-)","4744
(4744)",SRC-2025-09,520f100f2752c07c7d8e1180cce2258a6966d21b6e37fcbecca0b098835ef318,61,60,All Ongoing Projects,6,pdfplumber_table,twelve_month_gate2:0.1.0,"pdf_page_index=61,table_index=logical8,row_index=24"
OBS-202509-00527,2025-09,527,Development of New Bijwasan Railway Terminal,Northern Railways,617379,-,-,Delhi,02/2008,03/2013,03/2020,-,446.21,446.21,511.94,80,"Development of New Bijwasan Railway Terminal
(Northern Railways)
(617379)","02/2008
(03/2013)","03/2020
(-)","446.21
(446.21)",SRC-2025-09,520f100f2752c07c7d8e1180cce2258a6966d21b6e37fcbecca0b098835ef318,61,60,All Ongoing Projects,6,pdfplumber_table,twelve_month_gate2:0.1.0,"pdf_page_index=61,table_index=logical8,row_index=25"
OBS-202509-00528,2025-09,528,North Region Video Surveillance Project,RCIL,705298,-,-,Delhi,06/2020,04/2023,03/2024,-,274.39,274.39,0,0,"North Region Video Surveillance Project
(RCIL)
(705298)","06/2020
(04/2023)","03/2024
(-)","274.39
(274.39)",SRC-2025-09,520f100f2752c07c7d8e1180cce2258a6966d21b6e37fcbecca0b098835ef318,61,60,All Ongoing Projects,6,pdfplumber_table,twelve_month_gate2:0.1.0,"pdf_page_index=61,table_index=logical8,row_index=26"
OBS-202509-00529,2025-09,529,Anand Vihar-Tilak Bridge 3rd & 4th line,CAO/C/NR,705583,-,-,Delhi,03/2013,03/2013,03/2023,12/2027,667,667,285.44,62,"Anand Vihar-Tilak Bridge 3rd & 4th line
(CAO/C/NR)
(705583)","03/2013
(03/2013)","03/2023
(12/2027)","667
(667)",SRC-2025-09,520f100f2752c07c7d8e1180cce2258a6966d21b6e37fcbecca0b098835ef318,61,60,All Ongoing Projects,6,pdfplumber_table,twelve_month_gate2:0.1.0,"pdf_page_index=61,table_index=logical8,row_index=27"
OBS-202509-00530,2025-09,530,Provision of Work-site Tampers [WST] Railway Project,EDTK[MC]/RB,705694,-,-,Delhi,01/2016,01/2016,12/2023,01/2026,187.72,187.72,141.91,100,"Provision of Work-site Tampers [WST] Railway Project
(EDTK[MC]/RB)
(705694)","01/2016
(01/2016)","12/2023
(01/2026)","187.72
(187.72)",SRC-2025-09,520f100f2752c07c7d8e1180cce2258a6966d21b6e37fcbecca0b098835ef318,61,60,All Ongoing Projects,6,pdfplumber_table,twelve_month_gate2:0.1.0,"pdf_page_index=61,table_index=logical8,row_index=28"
OBS-202509-00531,2025-09,531,WST Machine Procurement Project,EDTK[MC]/RB,705708,-,-,Delhi,06/2018,06/2018,03/2024,12/2027,176,176,0,0,"WST Machine Procurement Project
(EDTK[MC]/RB)
(705708)","06/2018
(06/2018)","03/2024
(12/2027)","176
(176)",SRC-2025-09,520f100f2752c07c7d8e1180cce2258a6966d21b6e37fcbecca0b098835ef318,61,60,All Ongoing Projects,6,pdfplumber_table,twelve_month_gate2:0.1.0,"pdf_page_index=61,table_index=logical8,row_index=29"
OBS-202509-00532,2025-09,532,PCT Machine Procurement Project,EDTK[MC]/RB,705710,-,-,Delhi,04/2019,04/2019,04/2024,06/2027,336,336,74.32,85,"PCT Machine Procurement Project
(EDTK[MC]/RB)
(705710)","04/2019
(04/2019)","04/2024
(06/2027)","336
(336)",SRC-2025-09,520f100f2752c07c7d8e1180cce2258a6966d21b6e37fcbecca0b098835ef318,61,60,All Ongoing Projects,6,pdfplumber_table,twelve_month_gate2:0.1.0,"pdf_page_index=61,table_index=logical8,row_index=30"
OBS-202509-00533,2025-09,533,RBMV Machine Procurement Project,EDTK[MC]/RB,705712,-,-,Delhi,10/2019,10/2019,06/2024,12/2027,480,480,0.33,7,"RBMV Machine Procurement Project
(EDTK[MC]/RB)
(705712)","10/2019
(10/2019)","06/2024
(12/2027)","480
(480)",SRC-2025-09,520f100f2752c07c7d8e1180cce2258a6966d21b6e37fcbecca0b098835ef318,62,61,All Ongoing Projects,6,pdfplumber_table,twelve_month_gate2:0.1.0,"pdf_page_index=62,table_index=logical8,row_index=1"
OBS-202509-00534,2025-09,534,SRGM Machine Procurement Project,EDTK[MC]/RB,705717,-,-,Delhi,10/2019,10/2019,12/2023,03/2026,440,440,390.03,90,"SRGM Machine Procurement Project
(EDTK[MC]/RB)
(705717)","10/2019
(10/2019)","12/2023
(03/2026)","440
(440)",SRC-2025-09,520f100f2752c07c7d8e1180cce2258a6966d21b6e37fcbecca0b098835ef318,62,61,All Ongoing Projects,6,pdfplumber_table,twelve_month_gate2:0.1.0,"pdf_page_index=62,table_index=logical8,row_index=2"
OBS-202509-00535,2025-09,535,WST Machine Procurement Project,EDTK[MC]/RB,705720,-,-,Delhi,12/2019,12/2019,04/2024,12/2026,384,384,0,0,"WST Machine Procurement Project
(EDTK[MC]/RB)
(705720)","12/2019
(12/2019)","04/2024
(12/2026)","384
(384)",SRC-2025-09,520f100f2752c07c7d8e1180cce2258a6966d21b6e37fcbecca0b098835ef318,62,61,All Ongoing Projects,6,pdfplumber_table,twelve_month_gate2:0.1.0,"pdf_page_index=62,table_index=logical8,row_index=3"
OBS-202509-00536,2025-09,536,DTS Machine Procurement Project,EDTK[MC]/RB,705721,-,-,Delhi,12/2019,12/2019,12/2024,12/2026,447.6,447.6,0,0,"DTS Machine Procurement Project
(EDTK[MC]/RB)
(705721)","12/2019
(12/2019)","12/2024
(12/2026)","447.6
(447.6)",SRC-2025-09,520f100f2752c07c7d8e1180cce2258a6966d21b6e37fcbecca0b098835ef318,62,61,All Ongoing Projects,6,pdfplumber_table,twelve_month_gate2:0.1.0,"pdf_page_index=62,table_index=logical8,row_index=4"
OBS-202509-00537,2025-09,537,BRM Machine Procurement Project,EDTK[MC]/RB,705722,-,-,Delhi,09/2019,09/2019,06/2024,12/2027,210,210,0.02,0,"BRM Machine Procurement Project
(EDTK[MC]/RB)
(705722)","09/2019
(09/2019)","06/2024
(12/2027)","210
(210)",SRC-2025-09,520f100f2752c07c7d8e1180cce2258a6966d21b6e37fcbecca0b098835ef318,62,61,All Ongoing Projects,6,pdfplumber_table,twelve_month_gate2:0.1.0,"pdf_page_index=62,table_index=logical8,row_index=5"
OBS-202509-00538,2025-09,538,Track Machine Procurement Project,EDTK[MC]/RB,705726,-,-,Delhi,04/2020,04/2020,03/2025,01/2028,6339,6339,4166.47,41,"Track Machine Procurement Project
(EDTK[MC]/RB)
(705726)","04/2020
(04/2020)","03/2025
(01/2028)","6339
(6339)",SRC-2025-09,520f100f2752c07c7d8e1180cce2258a6966d21b6e37fcbecca0b098835ef318,62,61,All Ongoing Projects,6,pdfplumber_table,twelve_month_gate2:0.1.0,"pdf_page_index=62,table_index=logical8,row_index=6"
OBS-202509-00539,2025-09,539,Kosamba Umarpada 70 Km,PCE/WR,611918,-,-,Gujarat,07/2023,07/2022,03/2027,-,468,468,20,8,"Kosamba Umarpada 70 Km
(PCE/WR)
(611918)","07/2023
(07/2022)","03/2027
(-)","468
(468)",SRC-2025-09,520f100f2752c07c7d8e1180cce2258a6966d21b6e37fcbecca0b098835ef318,62,61,All Ongoing Projects,6,pdfplumber_table,twelve_month_gate2:0.1.0,"pdf_page_index=62,table_index=logical8,row_index=7"
OBS-202509-00540,2025-09,540,Adraj Moti Vijapur 40 Kms,Western Railway [WR] - II,611937,-,-,Gujarat,05/2022,05/2022,05/2026,05/2026,417.53,417.53,223,86,"Adraj Moti Vijapur 40 Kms
(Western Railway [WR] - II)
(611937)","05/2022
(05/2022)","05/2026
(05/2026)","417.53
(417.53)",SRC-2025-09,520f100f2752c07c7d8e1180cce2258a6966d21b6e37fcbecca0b098835ef318,62,61,All Ongoing Projects,6,pdfplumber_table,twelve_month_gate2:0.1.0,"pdf_page_index=62,table_index=logical8,row_index=8"
OBS-202509-00541,2025-09,541,Vijapur Ambliyasan 42 km,PCE/WR,611938,-,-,Gujarat,05/2022,05/2022,05/2026,05/2026,415.38,415.38,364,96,"Vijapur Ambliyasan 42 km
(PCE/WR)
(611938)","05/2022
(05/2022)","05/2026
(05/2026)","415.38
(415.38)",SRC-2025-09,520f100f2752c07c7d8e1180cce2258a6966d21b6e37fcbecca0b098835ef318,62,61,All Ongoing Projects,6,pdfplumber_table,twelve_month_gate2:0.1.0,"pdf_page_index=62,table_index=logical8,row_index=9"
OBS-202509-00542,2025-09,542,Himatnagar Khedbrahma 55 km,Railway,611939,-,-,Gujarat,06/2022,04/2017,06/2001,06/2026,482.42,482.42,461,96,"Himatnagar Khedbrahma 55 km
(Railway)
(611939)","06/2022
(04/2017)","06/2001
(06/2026)","482.42
(482.42)",SRC-2025-09,520f100f2752c07c7d8e1180cce2258a6966d21b6e37fcbecca0b098835ef318,62,61,All Ongoing Projects,6,pdfplumber_table,twelve_month_gate2:0.1.0,"pdf_page_index=62,table_index=logical8,row_index=10"
OBS-202509-00543,2025-09,543,New broad gauge line between Naliya Jakhau Port 25 Kms,PCE/WR,611943,-,-,Gujarat,02/2023,02/2023,01/2028,01/2028,410.26,410.26,6,4,"New broad gauge line between Naliya Jakhau Port 25 Kms
(PCE/WR)
(611943)","02/2023
(02/2023)","01/2028
(01/2028)","410.26
(410.26)",SRC-2025-09,520f100f2752c07c7d8e1180cce2258a6966d21b6e37fcbecca0b098835ef318,62,61,All Ongoing Projects,6,pdfplumber_table,twelve_month_gate2:0.1.0,"pdf_page_index=62,table_index=logical8,row_index=11"
OBS-202509-00544,2025-09,544,"Quadrupling between Gandhidham Adipur with Y connection at Adipur for providing
direct entry towards Mundra Port and Bhuj and high level platform at Gopalpur 11Kms",PCE/WR,611944,-,-,Gujarat,02/2023,02/2023,03/2026,03/2026,152.44,152.44,20,68,"Quadrupling between Gandhidham Adipur with Y connection at Adipur for providing
direct entry towards Mundra Port and Bhuj and high level platform at Gopalpur 11Kms
(PCE/WR)
(611944)","02/2023
(02/2023)","03/2026
(03/2026)","152.44
(152.44)",SRC-2025-09,520f100f2752c07c7d8e1180cce2258a6966d21b6e37fcbecca0b098835ef318,62,61,All Ongoing Projects,6,pdfplumber_table,twelve_month_gate2:0.1.0,"pdf_page_index=62,table_index=logical8,row_index=12"
OBS-202509-00545,2025-09,545,Petlad Bhadran 23 Kms,PCE/WR,611945,-,-,Gujarat,05/2022,05/2022,05/2030,05/2030,307.11,307.11,82,17,"Petlad Bhadran 23 Kms
(PCE/WR)
(611945)","05/2022
(05/2022)","05/2030
(05/2030)","307.11
(307.11)",SRC-2025-09,520f100f2752c07c7d8e1180cce2258a6966d21b6e37fcbecca0b098835ef318,62,61,All Ongoing Projects,6,pdfplumber_table,twelve_month_gate2:0.1.0,"pdf_page_index=62,table_index=logical8,row_index=13"
OBS-202509-00546,2025-09,546,Samlaya Timba Road 54 km,PCE/WR,611970,-,-,Gujarat,02/2023,02/2023,03/2030,03/2030,670.17,670.17,102,12,"Samlaya Timba Road 54 km
(PCE/WR)
(611970)","02/2023
(02/2023)","03/2030
(03/2030)","670.17
(670.17)",SRC-2025-09,520f100f2752c07c7d8e1180cce2258a6966d21b6e37fcbecca0b098835ef318,62,61,All Ongoing Projects,6,pdfplumber_table,twelve_month_gate2:0.1.0,"pdf_page_index=62,table_index=logical8,row_index=14"
OBS-202509-00547,2025-09,547,Samni Jambusar 24 km,PCE/WR,611971,-,-,Gujarat,05/2022,05/2022,03/2030,03/2030,350,349.93,87,31,"Samni Jambusar 24 km
(PCE/WR)
(611971)","05/2022
(05/2022)","03/2030
(03/2030)","350
(349.93)",SRC-2025-09,520f100f2752c07c7d8e1180cce2258a6966d21b6e37fcbecca0b098835ef318,62,61,All Ongoing Projects,6,pdfplumber_table,twelve_month_gate2:0.1.0,"pdf_page_index=62,table_index=logical8,row_index=15"
OBS-202509-00548,2025-09,548,Western Railway Samakhiali Gandhidham Quadrupiling 53 Kms,PCE/WR,611974,-,-,Gujarat,08/2023,08/2023,12/2026,-,1430,1430,0,0,"Western Railway Samakhiali Gandhidham Quadrupiling 53 Kms
(PCE/WR)
(611974)","08/2023
(08/2023)","12/2026
(-)","1430
(1430)",SRC-2025-09,520f100f2752c07c7d8e1180cce2258a6966d21b6e37fcbecca0b098835ef318,62,61,All Ongoing Projects,6,pdfplumber_table,twelve_month_gate2:0.1.0,"pdf_page_index=62,table_index=logical8,row_index=16"
OBS-202509-00549,2025-09,549,"Dahod Creation of Infrastructure facilities for 9000 HP Electric locomotives
Manufacturing at",PCE/WR,611977,-,-,Gujarat,05/2022,02/2023,02/2025,-,487,487,108.69,0,"Dahod Creation of Infrastructure facilities for 9000 HP Electric locomotives
Manufacturing at
(PCE/WR)
(611977)","05/2022
(02/2023)","02/2025
(-)","487
(487)",SRC-2025-09,520f100f2752c07c7d8e1180cce2258a6966d21b6e37fcbecca0b098835ef318,62,61,All Ongoing Projects,6,pdfplumber_table,twelve_month_gate2:0.1.0,"pdf_page_index=62,table_index=logical8,row_index=17"
OBS-202509-00550,2025-09,550,Dahod Rolling Stock Workshop Provision of Infrastructure for CBS at,PCE/WR,611978,-,-,Gujarat,11/2022,03/2023,03/2025,-,158,158,47.31,0,"Dahod Rolling Stock Workshop Provision of Infrastructure for CBS at
(PCE/WR)
(611978)","11/2022
(03/2023)","03/2025
(-)","158
(158)",SRC-2025-09,520f100f2752c07c7d8e1180cce2258a6966d21b6e37fcbecca0b098835ef318,62,61,All Ongoing Projects,6,pdfplumber_table,twelve_month_gate2:0.1.0,"pdf_page_index=62,table_index=logical8,row_index=18"
OBS-202509-00551,2025-09,551,Sabarmati Setting up of Maintenance Facilities for Train Sets Phase ii,PCE/WR,611979,-,-,Gujarat,01/2023,04/2023,06/2025,-,250,250,0,0,"Sabarmati Setting up of Maintenance Facilities for Train Sets Phase ii
(PCE/WR)
(611979)","01/2023
(04/2023)","06/2025
(-)","250
(250)",SRC-2025-09,520f100f2752c07c7d8e1180cce2258a6966d21b6e37fcbecca0b098835ef318,62,61,All Ongoing Projects,6,pdfplumber_table,twelve_month_gate2:0.1.0,"pdf_page_index=62,table_index=logical8,row_index=19"
OBS-202509-00552,2025-09,552,4th LINE BETWEEN BAREJADI NANDEJ-SANAND-AHMEDABAD BYPASS,Western Railway,612072,-,-,Gujarat,02/2023,02/2023,03/2027,03/2027,961.67,961.67,333.21,17,"4th LINE BETWEEN BAREJADI NANDEJ-SANAND-AHMEDABAD BYPASS
(Western Railway)
(612072)","02/2023
(02/2023)","03/2027
(03/2027)","961.67
(961.67)",SRC-2025-09,520f100f2752c07c7d8e1180cce2258a6966d21b6e37fcbecca0b098835ef318,62,61,All Ongoing Projects,6,pdfplumber_table,twelve_month_gate2:0.1.0,"pdf_page_index=62,table_index=logical8,row_index=20"
OBS-202509-00553,2025-09,553,"Redevelopment of Ahmedabad railway station and associated infrastructure on
engineering, procurement and construction mode",Rail Land Development Authority,613786,-,-,Gujarat,01/2023,11/2023,03/2028,-,2379,2379,682.86,18,"Redevelopment of Ahmedabad railway station and associated infrastructure on
engineering, procurement and construction mode
(Rail Land Development Authority)
(613786)","01/2023
(11/2023)","03/2028
(-)","2379
(2379)",SRC-2025-09,520f100f2752c07c7d8e1180cce2258a6966d21b6e37fcbecca0b098835ef318,62,61,All Ongoing Projects,6,pdfplumber_table,twelve_month_gate2:0.1.0,"pdf_page_index=62,table_index=logical8,row_index=21"
OBS-202509-00554,2025-09,554,Miyagam-Karjan-Dabhoi-Samlaya [GC],Western Railway [WR] - II,705458,-,-,Gujarat,01/2017,01/2017,03/2021,12/2026,483.88,1039.13,621.37,41,"Miyagam-Karjan-Dabhoi-Samlaya [GC]
(Western Railway [WR] - II)
(705458)","01/2017
(01/2017)","03/2021
(12/2026)","483.88
(1039.13)",SRC-2025-09,520f100f2752c07c7d8e1180cce2258a6966d21b6e37fcbecca0b098835ef318,62,61,All Ongoing Projects,6,pdfplumber_table,twelve_month_gate2:0.1.0,"pdf_page_index=62,table_index=logical8,row_index=22"
OBS-202509-00555,2025-09,555,Modasa-Shamlaji Road Railway Line Project,SECR,706757,-,-,Gujarat,09/2012,04/2008,03/2025,03/2027,262,262,203,58,"Modasa-Shamlaji Road Railway Line Project
(SECR)
(706757)","09/2012
(04/2008)","03/2025
(03/2027)","262
(262)",SRC-2025-09,520f100f2752c07c7d8e1180cce2258a6966d21b6e37fcbecca0b098835ef318,62,61,All Ongoing Projects,6,pdfplumber_table,twelve_month_gate2:0.1.0,"pdf_page_index=62,table_index=logical8,row_index=23"
OBS-202509-00556,2025-09,556,Rajkot - Kanalus Doubling Project [111.2 Kms],Western Railway [WR] - II,706763,-,-,Gujarat,10/2021,12/2021,10/2026,10/2026,1080.58,1080.58,787.69,76,"Rajkot - Kanalus Doubling Project [111.2 Kms]
(Western Railway [WR] - II)
(706763)","10/2021
(12/2021)","10/2026
(10/2026)","1080.58
(1080.58)",SRC-2025-09,520f100f2752c07c7d8e1180cce2258a6966d21b6e37fcbecca0b098835ef318,62,61,All Ongoing Projects,6,pdfplumber_table,twelve_month_gate2:0.1.0,"pdf_page_index=62,table_index=logical8,row_index=24"
OBS-202509-00557,2025-09,557,NADIAD-PETLAD [37.26 KM],Railway,709812,-,-,Gujarat,05/2022,,06/2030,06/2030,461.91,461.91,75,7,"NADIAD-PETLAD [37.26 KM]
(Railway)
(709812)","05/2022
()","06/2030
(06/2030)","461.91
(461.91)",SRC-2025-09,520f100f2752c07c7d8e1180cce2258a6966d21b6e37fcbecca0b098835ef318,62,61,All Ongoing Projects,6,pdfplumber_table,twelve_month_gate2:0.1.0,"pdf_page_index=62,table_index=logical8,row_index=25"
OBS-202509-00558,2025-09,558,"NEW BG LINE INTERSECTION [5 NOS] BETWEEN GERATPUR-SANAND &
BOTAD-AHMEDABAD [16.51 KM] [PB#29/NR/202",SECR,709813,-,-,Gujarat,10/2022,,10/2027,10/2027,437.21,437.21,43,15,"NEW BG LINE INTERSECTION [5 NOS] BETWEEN GERATPUR-SANAND &
BOTAD-AHMEDABAD [16.51 KM] [PB#29/NR/202
(SECR)
(709813)","10/2022
()","10/2027
(10/2027)","437.21
(437.21)",SRC-2025-09,520f100f2752c07c7d8e1180cce2258a6966d21b6e37fcbecca0b098835ef318,62,61,All Ongoing Projects,6,pdfplumber_table,twelve_month_gate2:0.1.0,"pdf_page_index=62,table_index=logical8,row_index=26"
OBS-202509-00559,2025-09,559,Bhiwani - Dobh Bahali Doubling Project [42.30 Km],North Western Railway [NWR],611884,-,-,Haryana,02/2023,02/2023,02/2028,02/2028,471,471,208.84,65,"Bhiwani - Dobh Bahali Doubling Project [42.30 Km]
(North Western Railway [NWR])
(611884)","02/2023
(02/2023)","02/2028
(02/2028)","471
(471)",SRC-2025-09,520f100f2752c07c7d8e1180cce2258a6966d21b6e37fcbecca0b098835ef318,62,61,All Ongoing Projects,6,pdfplumber_table,twelve_month_gate2:0.1.0,"pdf_page_index=62,table_index=logical8,row_index=27"
OBS-202509-00560,2025-09,560,Doubling between Pradhankunta-Patherih-Bhojudih of East Central Railway,East Central Railway [ECR] - I,617372,-,-,Jharkhand,11/2022,11/2022,12/2025,-,349.22,349.22,86.48,70,"Doubling between Pradhankunta-Patherih-Bhojudih of East Central Railway
(East Central Railway [ECR] - I)
(617372)","11/2022
(11/2022)","12/2025
(-)","349.22
(349.22)",SRC-2025-09,520f100f2752c07c7d8e1180cce2258a6966d21b6e37fcbecca0b098835ef318,62,61,All Ongoing Projects,6,pdfplumber_table,twelve_month_gate2:0.1.0,"pdf_page_index=62,table_index=logical8,row_index=28"
OBS-202509-00561,2025-09,561,Gomoh - Flyover for DN trains,East Central Railway [ECR] - I,705765,-,-,Jharkhand,01/2018,01/2018,03/2026,03/2026,686,686,546.05,59,"Gomoh - Flyover for DN trains
(East Central Railway [ECR] - I)
(705765)","01/2018
(01/2018)","03/2026
(03/2026)","686
(686)",SRC-2025-09,520f100f2752c07c7d8e1180cce2258a6966d21b6e37fcbecca0b098835ef318,62,61,All Ongoing Projects,6,pdfplumber_table,twelve_month_gate2:0.1.0,"pdf_page_index=62,table_index=logical8,row_index=29"
OBS-202509-00562,2025-09,562,Lodhma - Piska - Link Line bypassing Hatia/Ranchi with Y connection,South Eastern Railway [SER] - I,705785,-,-,Jharkhand,08/2021,03/2019,06/2026,05/2027,473,473,287.38,5,"Lodhma - Piska - Link Line bypassing Hatia/Ranchi with Y connection
(South Eastern Railway [SER] - I)
(705785)","08/2021
(03/2019)","06/2026
(05/2027)","473
(473)",SRC-2025-09,520f100f2752c07c7d8e1180cce2258a6966d21b6e37fcbecca0b098835ef318,62,61,All Ongoing Projects,6,pdfplumber_table,twelve_month_gate2:0.1.0,"pdf_page_index=62,table_index=logical8,row_index=30"
OBS-202509-00563,2025-09,563,Pradhan Kuntha Jn Line Doubling Project,East Central Railway [ECR] - I,706837,-,-,Jharkhand,11/2022,11/2022,11/2027,11/2027,349.22,349.22,100.96,62,"Pradhan Kuntha Jn Line Doubling Project
(East Central Railway [ECR] - I)
(706837)","11/2022
(11/2022)","11/2027
(11/2027)","349.22
(349.22)",SRC-2025-09,520f100f2752c07c7d8e1180cce2258a6966d21b6e37fcbecca0b098835ef318,63,62,All Ongoing Projects,6,pdfplumber_table,twelve_month_gate2:0.1.0,"pdf_page_index=63,table_index=logical8,row_index=1"
OBS-202509-00564,2025-09,564,Yeshvanthpur - Channasandra Doubling Project [21.70 Km],Karnataka Rail Infrastructure Development Company Limited [K-RIDE],703585,-,-,Karnataka,04/2019,10/2019,03/2024,03/2026,314.1,683.57,152.31,53,"Yeshvanthpur - Channasandra Doubling Project [21.70 Km]
(Karnataka Rail Infrastructure Development Company Limited [K-RIDE])
(703585)","04/2019
(10/2019)","03/2024
(03/2026)","314.1
(683.57)",SRC-2025-09,520f100f2752c07c7d8e1180cce2258a6966d21b6e37fcbecca0b098835ef318,63,62,All Ongoing Projects,6,pdfplumber_table,twelve_month_gate2:0.1.0,"pdf_page_index=63,table_index=logical8,row_index=2"
OBS-202509-00565,2025-09,565,New Railway Line between Ginigera and Raichur [165.57 km],South Western Railway [SWR] - II,705434,-,-,Karnataka,03/2008,05/2009,03/2019,03/2027,2565,3034.98,2096.35,66,"New Railway Line between Ginigera and Raichur [165.57 km]
(South Western Railway [SWR] - II)
(705434)","03/2008
(05/2009)","03/2019
(03/2027)","2565
(3034.98)",SRC-2025-09,520f100f2752c07c7d8e1180cce2258a6966d21b6e37fcbecca0b098835ef318,63,62,All Ongoing Projects,6,pdfplumber_table,twelve_month_gate2:0.1.0,"pdf_page_index=63,table_index=logical8,row_index=3"
OBS-202509-00566,2025-09,566,Gadag-Wadi New Railway Line [257 km],South Western Railway [SWR] - II,705490,-,-,Karnataka,04/2013,08/2017,03/2027,12/2027,2842,6700,1383.77,30,"Gadag-Wadi New Railway Line [257 km]
(South Western Railway [SWR] - II)
(705490)","04/2013
(08/2017)","03/2027
(12/2027)","2842
(6700)",SRC-2025-09,520f100f2752c07c7d8e1180cce2258a6966d21b6e37fcbecca0b098835ef318,63,62,All Ongoing Projects,6,pdfplumber_table,twelve_month_gate2:0.1.0,"pdf_page_index=63,table_index=logical8,row_index=4"
OBS-202509-00567,2025-09,567,Kadur - Chickamagalur - Sakleshpur [93km],South Western Railway [SWR] - II,705492,-,-,Karnataka,01/2014,11/2016,06/2025,12/2025,825,825,799.76,83,"Kadur - Chickamagalur - Sakleshpur [93km]
(South Western Railway [SWR] - II)
(705492)","01/2014
(11/2016)","06/2025
(12/2025)","825
(825)",SRC-2025-09,520f100f2752c07c7d8e1180cce2258a6966d21b6e37fcbecca0b098835ef318,63,62,All Ongoing Projects,6,pdfplumber_table,twelve_month_gate2:0.1.0,"pdf_page_index=63,table_index=logical8,row_index=5"
OBS-202509-00568,2025-09,568,Bagalkot-Kudachi New Railway Line [142 km],South Western Railway [SWR] - II,705495,-,-,Karnataka,10/2013,11/2012,03/2027,01/2027,1378,1649,700.24,35,"Bagalkot-Kudachi New Railway Line [142 km]
(South Western Railway [SWR] - II)
(705495)","10/2013
(11/2012)","03/2027
(01/2027)","1378
(1649)",SRC-2025-09,520f100f2752c07c7d8e1180cce2258a6966d21b6e37fcbecca0b098835ef318,63,62,All Ongoing Projects,6,pdfplumber_table,twelve_month_gate2:0.1.0,"pdf_page_index=63,table_index=logical8,row_index=6"
OBS-202509-00569,2025-09,569,Tumkur-Chitradurga-Davangere New Rail Line Project [191 km],South Western Railway [SWR] - II,705496,-,-,Karnataka,10/2013,01/2017,03/2019,12/2027,1876,1876,530.62,13,"Tumkur-Chitradurga-Davangere New Rail Line Project [191 km]
(South Western Railway [SWR] - II)
(705496)","10/2013
(01/2017)","03/2019
(12/2027)","1876
(1876)",SRC-2025-09,520f100f2752c07c7d8e1180cce2258a6966d21b6e37fcbecca0b098835ef318,63,62,All Ongoing Projects,6,pdfplumber_table,twelve_month_gate2:0.1.0,"pdf_page_index=63,table_index=logical8,row_index=7"
OBS-202509-00570,2025-09,570,Bangalore-Whitefield-Bangalore City-Krishnarajapuram [23.08 km] - Quadrupling,South Western Railway [SWR] - II,705663,-,-,Karnataka,02/2018,06/2022,02/2026,02/2026,493,493,252.45,82,"Bangalore-Whitefield-Bangalore City-Krishnarajapuram [23.08 km] - Quadrupling
(South Western Railway [SWR] - II)
(705663)","02/2018
(06/2022)","02/2026
(02/2026)","493
(493)",SRC-2025-09,520f100f2752c07c7d8e1180cce2258a6966d21b6e37fcbecca0b098835ef318,63,62,All Ongoing Projects,6,pdfplumber_table,twelve_month_gate2:0.1.0,"pdf_page_index=63,table_index=logical8,row_index=8"
OBS-202509-00571,2025-09,571,SHIMOGA - SHIKARIPURA - RANEBENNUR [96 Km],South Western Railway [SWR] - II,705761,-,-,Karnataka,09/2019,02/2023,12/2027,06/2028,1454,1454,69.95,11,"SHIMOGA - SHIKARIPURA - RANEBENNUR [96 Km]
(South Western Railway [SWR] - II)
(705761)","09/2019
(02/2023)","12/2027
(06/2028)","1454
(1454)",SRC-2025-09,520f100f2752c07c7d8e1180cce2258a6966d21b6e37fcbecca0b098835ef318,63,62,All Ongoing Projects,6,pdfplumber_table,twelve_month_gate2:0.1.0,"pdf_page_index=63,table_index=logical8,row_index=9"
OBS-202509-00572,2025-09,572,Kumbalam-Turavur doubling project [15.59 Km],Southern Railway [SR] - II,705638,-,-,Kerala,04/2023,04/2023,03/2027,03/2027,813,802.8,66.69,17,"Kumbalam-Turavur doubling project [15.59 Km]
(Southern Railway [SR] - II)
(705638)","04/2023
(04/2023)","03/2027
(03/2027)","813
(802.8)",SRC-2025-09,520f100f2752c07c7d8e1180cce2258a6966d21b6e37fcbecca0b098835ef318,63,62,All Ongoing Projects,6,pdfplumber_table,twelve_month_gate2:0.1.0,"pdf_page_index=63,table_index=logical8,row_index=10"
OBS-202509-00573,2025-09,573,Ernakulam-Kumbalam doubling project [7.71 Km],SR-ERS,705639,-,-,Kerala,04/2023,04/2023,03/2028,02/2027,601,595.39,289.52,18,"Ernakulam-Kumbalam doubling project [7.71 Km]
(SR-ERS)
(705639)","04/2023
(04/2023)","03/2028
(02/2027)","601
(595.39)",SRC-2025-09,520f100f2752c07c7d8e1180cce2258a6966d21b6e37fcbecca0b098835ef318,63,62,All Ongoing Projects,6,pdfplumber_table,twelve_month_gate2:0.1.0,"pdf_page_index=63,table_index=logical8,row_index=11"
OBS-202509-00574,2025-09,574,"Lalitpur-Satna, Rewa-Singrauli & Mahoba-Khajuraho",North Central Railway,705480,-,-,Madhya Pradesh,01/2007,03/1998,03/2027,12/2027,8914,8914,5013.49,72,"Lalitpur-Satna, Rewa-Singrauli & Mahoba-Khajuraho
(North Central Railway)
(705480)","01/2007
(03/1998)","03/2027
(12/2027)","8914
(8914)",SRC-2025-09,520f100f2752c07c7d8e1180cce2258a6966d21b6e37fcbecca0b098835ef318,63,62,All Ongoing Projects,6,pdfplumber_table,twelve_month_gate2:0.1.0,"pdf_page_index=63,table_index=logical8,row_index=12"
OBS-202509-00575,2025-09,575,Katni - Bina Third Railway Line [279 km],West Central Railway WCR I,705651,-,-,Madhya Pradesh,06/2016,01/2017,03/2022,12/2025,2478.23,4127.23,3301.89,90,"Katni - Bina Third Railway Line [279 km]
(West Central Railway WCR I)
(705651)","06/2016
(01/2017)","03/2022
(12/2025)","2478.23
(4127.23)",SRC-2025-09,520f100f2752c07c7d8e1180cce2258a6966d21b6e37fcbecca0b098835ef318,63,62,All Ongoing Projects,6,pdfplumber_table,twelve_month_gate2:0.1.0,"pdf_page_index=63,table_index=logical8,row_index=13"
OBS-202509-00576,2025-09,576,Satna-Rewa Railway Line Doubling Project,West Central Railway [WCR] - II,705659,-,-,Madhya Pradesh,11/2015,08/2017,03/2026,03/2026,500,584,561.38,80,"Satna-Rewa Railway Line Doubling Project
(West Central Railway [WCR] - II)
(705659)","11/2015
(08/2017)","03/2026
(03/2026)","500
(584)",SRC-2025-09,520f100f2752c07c7d8e1180cce2258a6966d21b6e37fcbecca0b098835ef318,63,62,All Ongoing Projects,6,pdfplumber_table,twelve_month_gate2:0.1.0,"pdf_page_index=63,table_index=logical8,row_index=14"
OBS-202509-00577,2025-09,577,Doubling of Katni - Singrauli Railway Line [261 km],Indian Railway Construction International Limited [IRCON],705660,-,-,Madhya Pradesh,03/2016,03/2017,12/2025,12/2025,2445,4377,3218.87,100,"Doubling of Katni - Singrauli Railway Line [261 km]
(Indian Railway Construction International Limited [IRCON])
(705660)","03/2016
(03/2017)","12/2025
(12/2025)","2445
(4377)",SRC-2025-09,520f100f2752c07c7d8e1180cce2258a6966d21b6e37fcbecca0b098835ef318,63,62,All Ongoing Projects,6,pdfplumber_table,twelve_month_gate2:0.1.0,"pdf_page_index=63,table_index=logical8,row_index=15"
OBS-202509-00578,2025-09,578,Katni Grade Separator/Bye Pass,Indian Railway Construction International Limited [IRCON],705661,-,-,Madhya Pradesh,03/2016,09/2017,09/2024,03/2026,1248,1248,1615.7,94,"Katni Grade Separator/Bye Pass
(Indian Railway Construction International Limited [IRCON])
(705661)","03/2016
(09/2017)","09/2024
(03/2026)","1248
(1248)",SRC-2025-09,520f100f2752c07c7d8e1180cce2258a6966d21b6e37fcbecca0b098835ef318,63,62,All Ongoing Projects,6,pdfplumber_table,twelve_month_gate2:0.1.0,"pdf_page_index=63,table_index=logical8,row_index=16"
OBS-202509-00579,2025-09,579,Indore - Budni New Railway Line [198 kms],RVNL - II,705763,-,-,Madhya Pradesh,08/2019,10/2020,09/2030,09/2030,7474,7474,1698.94,23,"Indore - Budni New Railway Line [198 kms]
(RVNL - II)
(705763)","08/2019
(10/2020)","09/2030
(09/2030)","7474
(7474)",SRC-2025-09,520f100f2752c07c7d8e1180cce2258a6966d21b6e37fcbecca0b098835ef318,63,62,All Ongoing Projects,6,pdfplumber_table,twelve_month_gate2:0.1.0,"pdf_page_index=63,table_index=logical8,row_index=17"
OBS-202509-00580,2025-09,580,Nimach-Ratlam Doubling [133 Km],Western Railway [WR] - II,705933,-,-,Madhya Pradesh,10/2021,10/2021,10/2027,10/2027,1095.88,1095.88,1067.49,89,"Nimach-Ratlam Doubling [133 Km]
(Western Railway [WR] - II)
(705933)","10/2021
(10/2021)","10/2027
(10/2027)","1095.88
(1095.88)",SRC-2025-09,520f100f2752c07c7d8e1180cce2258a6966d21b6e37fcbecca0b098835ef318,63,62,All Ongoing Projects,6,pdfplumber_table,twelve_month_gate2:0.1.0,"pdf_page_index=63,table_index=logical8,row_index=18"
OBS-202509-00581,2025-09,581,DHULE [BORVIHIR] - NARDANA NEW LINE [50.60 KMS],Central Railway (CR) - II,400019,-,-,Maharashtra,01/2019,04/2023,12/2026,09/2027,492.76,1170.83,256.28,16,"DHULE [BORVIHIR] - NARDANA NEW LINE [50.60 KMS]
(Central Railway (CR) - II)
(400019)","01/2019
(04/2023)","12/2026
(09/2027)","492.76
(1170.83)",SRC-2025-09,520f100f2752c07c7d8e1180cce2258a6966d21b6e37fcbecca0b098835ef318,63,62,All Ongoing Projects,6,pdfplumber_table,twelve_month_gate2:0.1.0,"pdf_page_index=63,table_index=logical8,row_index=19"
OBS-202509-00582,2025-09,582,Wardha-Nanded Via Yavatmal New BG Line,Central Railway [CR] - II,400271,-,-,Maharashtra,12/2017,04/2008,03/2028,03/2028,3445,3445,3002.93,50,"Wardha-Nanded Via Yavatmal New BG Line
(Central Railway [CR] - II)
(400271)","12/2017
(04/2008)","03/2028
(03/2028)","3445
(3445)",SRC-2025-09,520f100f2752c07c7d8e1180cce2258a6966d21b6e37fcbecca0b098835ef318,63,62,All Ongoing Projects,6,pdfplumber_table,twelve_month_gate2:0.1.0,"pdf_page_index=63,table_index=logical8,row_index=20"
OBS-202509-00583,2025-09,583,AURANGABAD-ANKAI - DOUBLING PROJECT 98.25 Km,South Central Railway [SCR] - II,611751,-,-,Maharashtra,05/2023,05/2023,03/2027,-,960.64,960.64,0,0.01,"AURANGABAD-ANKAI - DOUBLING PROJECT 98.25 Km
(South Central Railway [SCR] - II)
(611751)","05/2023
(05/2023)","03/2027
(-)","960.64
(960.64)",SRC-2025-09,520f100f2752c07c7d8e1180cce2258a6966d21b6e37fcbecca0b098835ef318,63,62,All Ongoing Projects,6,pdfplumber_table,twelve_month_gate2:0.1.0,"pdf_page_index=63,table_index=logical8,row_index=21"
OBS-202509-00584,2025-09,584,"Redevelopment of Chhatrapati Shivaji Maharaj Terminus [CSMT] and construction of
associated infrastructure",Rail Land Development Authority,613015,-,-,Maharashtra,04/2023,07/2023,03/2027,-,1813,1813,584.61,14,"Redevelopment of Chhatrapati Shivaji Maharaj Terminus [CSMT] and construction of
associated infrastructure
(Rail Land Development Authority)
(613015)","04/2023
(07/2023)","03/2027
(-)","1813
(1813)",SRC-2025-09,520f100f2752c07c7d8e1180cce2258a6966d21b6e37fcbecca0b098835ef318,63,62,All Ongoing Projects,6,pdfplumber_table,twelve_month_gate2:0.1.0,"pdf_page_index=63,table_index=logical8,row_index=22"
OBS-202509-00585,2025-09,585,Doubling between Parbhani Parli Vaijanath stations 64.71 Km,South Central Railway [SCR] - II,617215,-,-,Maharashtra,12/2023,12/2023,03/2028,-,769.93,769.93,0,0,"Doubling between Parbhani Parli Vaijanath stations 64.71 Km
(South Central Railway [SCR] - II)
(617215)","12/2023
(12/2023)","03/2028
(-)","769.93
(769.93)",SRC-2025-09,520f100f2752c07c7d8e1180cce2258a6966d21b6e37fcbecca0b098835ef318,63,62,All Ongoing Projects,6,pdfplumber_table,twelve_month_gate2:0.1.0,"pdf_page_index=63,table_index=logical8,row_index=23"
OBS-202509-00586,2025-09,586,Babupeth - Sasti New Rail Line [13.114 KMs],Central Railway (CR) - II,617361,-,-,Maharashtra,10/2024,10/2024,03/2028,-,362.81,362.81,0,0,"Babupeth - Sasti New Rail Line [13.114 KMs]
(Central Railway (CR) - II)
(617361)","10/2024
(10/2024)","03/2028
(-)","362.81
(362.81)",SRC-2025-09,520f100f2752c07c7d8e1180cce2258a6966d21b6e37fcbecca0b098835ef318,63,62,All Ongoing Projects,6,pdfplumber_table,twelve_month_gate2:0.1.0,"pdf_page_index=63,table_index=logical8,row_index=24"
OBS-202509-00587,2025-09,587,Double Chord line Between Nilaje-Kopar,Central Railway (CR) - II,617364,-,-,Maharashtra,01/2025,01/2025,07/2028,-,338.33,205,3.42,0,"Double Chord line Between Nilaje-Kopar
(Central Railway (CR) - II)
(617364)","01/2025
(01/2025)","07/2028
(-)","338.33
(205)",SRC-2025-09,520f100f2752c07c7d8e1180cce2258a6966d21b6e37fcbecca0b098835ef318,63,62,All Ongoing Projects,6,pdfplumber_table,twelve_month_gate2:0.1.0,"pdf_page_index=63,table_index=logical8,row_index=25"
OBS-202509-00588,2025-09,588,Western Region Video Surveillance Project,RCIL,705300,-,-,Maharashtra,06/2020,04/2023,12/2023,-,227.59,227.59,0,0,"Western Region Video Surveillance Project
(RCIL)
(705300)","06/2020
(04/2023)","12/2023
(-)","227.59
(227.59)",SRC-2025-09,520f100f2752c07c7d8e1180cce2258a6966d21b6e37fcbecca0b098835ef318,63,62,All Ongoing Projects,6,pdfplumber_table,twelve_month_gate2:0.1.0,"pdf_page_index=63,table_index=logical8,row_index=26"
OBS-202509-00589,2025-09,589,"Ahmednagar - Beed - Parli - Vaijnath New Broad Gauge Line Railway Project [261.3
km]",Central Railway [CR] - II,705356,-,-,Maharashtra,01/1999,10/2002,03/2026,03/2026,2538.67,4957.27,5015.05,98,"Ahmednagar - Beed - Parli - Vaijnath New Broad Gauge Line Railway Project [261.3
km]
(Central Railway [CR] - II)
(705356)","01/1999
(10/2002)","03/2026
(03/2026)","2538.67
(4957.27)",SRC-2025-09,520f100f2752c07c7d8e1180cce2258a6966d21b6e37fcbecca0b098835ef318,63,62,All Ongoing Projects,6,pdfplumber_table,twelve_month_gate2:0.1.0,"pdf_page_index=63,table_index=logical8,row_index=27"
OBS-202509-00590,2025-09,590,Baramati Lonand New Line Project,Central Railway (CR) - II,705357,-,-,Maharashtra,03/2016,03/1999,03/2027,03/2027,138.48,1843.9,748.88,51,"Baramati Lonand New Line Project
(Central Railway (CR) - II)
(705357)","03/2016
(03/1999)","03/2027
(03/2027)","138.48
(1843.9)",SRC-2025-09,520f100f2752c07c7d8e1180cce2258a6966d21b6e37fcbecca0b098835ef318,63,62,All Ongoing Projects,6,pdfplumber_table,twelve_month_gate2:0.1.0,"pdf_page_index=63,table_index=logical8,row_index=28"
OBS-202509-00591,2025-09,591,Wadsa-Gadchiroli,South East Central Railway,705479,-,-,Maharashtra,05/2017,03/2012,03/2027,03/2027,1886,1886,727.28,52,"Wadsa-Gadchiroli
(South East Central Railway)
(705479)","05/2017
(03/2012)","03/2027
(03/2027)","1886
(1886)",SRC-2025-09,520f100f2752c07c7d8e1180cce2258a6966d21b6e37fcbecca0b098835ef318,63,62,All Ongoing Projects,6,pdfplumber_table,twelve_month_gate2:0.1.0,"pdf_page_index=63,table_index=logical8,row_index=29"
OBS-202509-00592,2025-09,592,3rd Line Kalyan - Kasara [67.35 Kilometres],Central Railway (CR) - II,705498,-,-,Maharashtra,09/2015,09/2015,12/2026,12/2026,792.89,1395.79,912.1,51,"3rd Line Kalyan - Kasara [67.35 Kilometres]
(Central Railway (CR) - II)
(705498)","09/2015
(09/2015)","12/2026
(12/2026)","792.89
(1395.79)",SRC-2025-09,520f100f2752c07c7d8e1180cce2258a6966d21b6e37fcbecca0b098835ef318,63,62,All Ongoing Projects,6,pdfplumber_table,twelve_month_gate2:0.1.0,"pdf_page_index=63,table_index=logical8,row_index=30"
OBS-202509-00593,2025-09,593,3rd Line Wardha - Sewagram - Nagpur,Central Railway [CR] - II,705500,-,-,Maharashtra,09/2015,05/2016,12/2025,12/2025,540.02,944.24,764.69,81,"3rd Line Wardha - Sewagram - Nagpur
(Central Railway [CR] - II)
(705500)","09/2015
(05/2016)","12/2025
(12/2025)","540.02
(944.24)",SRC-2025-09,520f100f2752c07c7d8e1180cce2258a6966d21b6e37fcbecca0b098835ef318,64,63,All Ongoing Projects,6,pdfplumber_table,twelve_month_gate2:0.1.0,"pdf_page_index=64,table_index=logical8,row_index=1"
OBS-202509-00594,2025-09,594,3rd Line Wardha - Ballarshah [132 Kilometres],Central Railway (CR) - II,705502,-,-,Maharashtra,03/2016,12/2016,12/2025,02/2026,1384.72,2033.59,1655.88,68,"3rd Line Wardha - Ballarshah [132 Kilometres]
(Central Railway (CR) - II)
(705502)","03/2016
(12/2016)","12/2025
(02/2026)","1384.72
(2033.59)",SRC-2025-09,520f100f2752c07c7d8e1180cce2258a6966d21b6e37fcbecca0b098835ef318,64,63,All Ongoing Projects,6,pdfplumber_table,twelve_month_gate2:0.1.0,"pdf_page_index=64,table_index=logical8,row_index=2"
OBS-202509-00595,2025-09,595,Pune - Miraj-Londa [467 Kilometres],Central Railway (CR) - II,705503,-,-,Maharashtra,06/2016,06/2016,02/2025,08/2025,4027.53,4872.52,4833.04,85,"Pune - Miraj-Londa [467 Kilometres]
(Central Railway (CR) - II)
(705503)","06/2016
(06/2016)","02/2025
(08/2025)","4027.53
(4872.52)",SRC-2025-09,520f100f2752c07c7d8e1180cce2258a6966d21b6e37fcbecca0b098835ef318,64,63,All Ongoing Projects,6,pdfplumber_table,twelve_month_gate2:0.1.0,"pdf_page_index=64,table_index=logical8,row_index=3"
OBS-202509-00596,2025-09,596,Doubling of Daund Manmad Line [247.6 km],Central Railway (CR) - II,705504,-,-,Maharashtra,10/2017,03/2017,12/2025,03/2026,2081.27,3267.06,2829.9,88,"Doubling of Daund Manmad Line [247.6 km]
(Central Railway (CR) - II)
(705504)","10/2017
(03/2017)","12/2025
(03/2026)","2081.27
(3267.06)",SRC-2025-09,520f100f2752c07c7d8e1180cce2258a6966d21b6e37fcbecca0b098835ef318,64,63,All Ongoing Projects,6,pdfplumber_table,twelve_month_gate2:0.1.0,"pdf_page_index=64,table_index=logical8,row_index=4"
OBS-202509-00597,2025-09,597,4th Line Wardha - Nagpur [78.7 Kilometres],Central Railway [CR] - II,705505,-,-,Maharashtra,04/2017,05/2018,12/2025,02/2026,637.95,1341.28,988.87,81,"4th Line Wardha - Nagpur [78.7 Kilometres]
(Central Railway [CR] - II)
(705505)","04/2017
(05/2018)","12/2025
(02/2026)","637.95
(1341.28)",SRC-2025-09,520f100f2752c07c7d8e1180cce2258a6966d21b6e37fcbecca0b098835ef318,64,63,All Ongoing Projects,6,pdfplumber_table,twelve_month_gate2:0.1.0,"pdf_page_index=64,table_index=logical8,row_index=5"
OBS-202509-00598,2025-09,598,3rd Line Manmad - Jalgaon [160 Kilometres],Central Railway [CR] - II,705506,-,-,Maharashtra,05/2017,04/2018,12/2024,08/2025,1035.16,1558.75,1726.94,95,"3rd Line Manmad - Jalgaon [160 Kilometres]
(Central Railway [CR] - II)
(705506)","05/2017
(04/2018)","12/2024
(08/2025)","1035.16
(1558.75)",SRC-2025-09,520f100f2752c07c7d8e1180cce2258a6966d21b6e37fcbecca0b098835ef318,64,63,All Ongoing Projects,6,pdfplumber_table,twelve_month_gate2:0.1.0,"pdf_page_index=64,table_index=logical8,row_index=6"
OBS-202509-00599,2025-09,599,Solapur-tuljapur-Osmanabad,Central Railway (CR) - II,705735,-,-,Maharashtra,08/2018,12/2023,03/2027,03/2028,904.92,3295.74,1134.58,12,"Solapur-tuljapur-Osmanabad
(Central Railway (CR) - II)
(705735)","08/2018
(12/2023)","03/2027
(03/2028)","904.92
(3295.74)",SRC-2025-09,520f100f2752c07c7d8e1180cce2258a6966d21b6e37fcbecca0b098835ef318,64,63,All Ongoing Projects,6,pdfplumber_table,twelve_month_gate2:0.1.0,"pdf_page_index=64,table_index=logical8,row_index=7"
OBS-202509-00600,2025-09,600,Nagpur- Nagbhir Railway Line Gauge Conversion Project,MRIDC,705799,-,-,Maharashtra,10/2019,04/2020,12/2025,12/2025,1400,1400,1472,80,"Nagpur- Nagbhir Railway Line Gauge Conversion Project
(MRIDC)
(705799)","10/2019
(04/2020)","12/2025
(12/2025)","1400
(1400)",SRC-2025-09,520f100f2752c07c7d8e1180cce2258a6966d21b6e37fcbecca0b098835ef318,64,63,All Ongoing Projects,6,pdfplumber_table,twelve_month_gate2:0.1.0,"pdf_page_index=64,table_index=logical8,row_index=8"
OBS-202509-00601,2025-09,601,Mumbai Urban Transport Project [MUTP] - PHASE II,Mumbai Rail Vikas Corporation Ltd.[MRVC],706779,-,-,Maharashtra,05/2008,04/2008,03/2014,12/2027,8087,8087,7364,87,"Mumbai Urban Transport Project [MUTP] - PHASE II
(Mumbai Rail Vikas Corporation Ltd.[MRVC])
(706779)","05/2008
(04/2008)","03/2014
(12/2027)","8087
(8087)",SRC-2025-09,520f100f2752c07c7d8e1180cce2258a6966d21b6e37fcbecca0b098835ef318,64,63,All Ongoing Projects,6,pdfplumber_table,twelve_month_gate2:0.1.0,"pdf_page_index=64,table_index=logical8,row_index=9"
OBS-202509-00602,2025-09,602,Mumbai Urban Transport Project [MUTP] Phase-IIIA,Mumbai Rail Vikas Corporation Ltd.[MRVC],706780,-,-,Maharashtra,04/2019,04/2019,12/2027,12/2027,33690,33690,2361.45,16,"Mumbai Urban Transport Project [MUTP] Phase-IIIA
(Mumbai Rail Vikas Corporation Ltd.[MRVC])
(706780)","04/2019
(04/2019)","12/2027
(12/2027)","33690
(33690)",SRC-2025-09,520f100f2752c07c7d8e1180cce2258a6966d21b6e37fcbecca0b098835ef318,64,63,All Ongoing Projects,6,pdfplumber_table,twelve_month_gate2:0.1.0,"pdf_page_index=64,table_index=logical8,row_index=10"
OBS-202509-00603,2025-09,603,Mumbai Urban Transport Project Phase-III,Mumbai Rail Vikas Corporation Ltd.[MRVC],706781,-,-,Maharashtra,11/2016,12/2016,03/2022,12/2026,10947,10947,5303.76,65,"Mumbai Urban Transport Project Phase-III
(Mumbai Rail Vikas Corporation Ltd.[MRVC])
(706781)","11/2016
(12/2016)","03/2022
(12/2026)","10947
(10947)",SRC-2025-09,520f100f2752c07c7d8e1180cce2258a6966d21b6e37fcbecca0b098835ef318,64,63,All Ongoing Projects,6,pdfplumber_table,twelve_month_gate2:0.1.0,"pdf_page_index=64,table_index=logical8,row_index=11"
OBS-202509-00604,2025-09,604,PACHORA-JAMNER WITH EXTENSION UPTO MALKAPUR NG TO BG,CR,709808,-,-,Maharashtra,08/2022,01/2022,08/2027,03/2028,955.39,2093.82,130.42,11,"PACHORA-JAMNER WITH EXTENSION UPTO MALKAPUR NG TO BG
(CR)
(709808)","08/2022
(01/2022)","08/2027
(03/2028)","955.39
(2093.82)",SRC-2025-09,520f100f2752c07c7d8e1180cce2258a6966d21b6e37fcbecca0b098835ef318,64,63,All Ongoing Projects,6,pdfplumber_table,twelve_month_gate2:0.1.0,"pdf_page_index=64,table_index=logical8,row_index=12"
OBS-202509-00605,2025-09,605,Jiribam-Imphal new line project,Northeast Frontier Railway [NFR],705391,-,-,Manipur,03/2013,12/2007,12/2026,06/2029,14323,21885.9,15598.11,69,"Jiribam-Imphal new line project
(Northeast Frontier Railway [NFR])
(705391)","03/2013
(12/2007)","12/2026
(06/2029)","14323
(21885.9)",SRC-2025-09,520f100f2752c07c7d8e1180cce2258a6966d21b6e37fcbecca0b098835ef318,64,63,All Ongoing Projects,6,pdfplumber_table,twelve_month_gate2:0.1.0,"pdf_page_index=64,table_index=logical8,row_index=13"
OBS-202509-00606,2025-09,606,Marikuppam - Kuppam New Line Project [23.70 Km],South Western Railway [SWR] - II,705491,-,-,"Multi-States
(Andhra Pradesh,
Karnataka)",04/2012,10/2018,06/2026,06/2026,297,297,131.13,15,"Marikuppam - Kuppam New Line Project [23.70 Km]
(South Western Railway [SWR] - II)
(705491)","04/2012
(10/2018)","06/2026
(06/2026)","297
(297)",SRC-2025-09,520f100f2752c07c7d8e1180cce2258a6966d21b6e37fcbecca0b098835ef318,64,63,All Ongoing Projects,6,pdfplumber_table,twelve_month_gate2:0.1.0,"pdf_page_index=64,table_index=logical8,row_index=14"
OBS-202509-00607,2025-09,607,Rayadurg-Tumkur via Kalyandurg New Line [207 km],South Western Railway [SWR] - II,705494,-,-,"Multi-States
(Andhra Pradesh,
Karnataka)",03/2008,07/2010,09/2015,02/2028,2496,2496,1730.22,68,"Rayadurg-Tumkur via Kalyandurg New Line [207 km]
(South Western Railway [SWR] - II)
(705494)","03/2008
(07/2010)","09/2015
(02/2028)","2496
(2496)",SRC-2025-09,520f100f2752c07c7d8e1180cce2258a6966d21b6e37fcbecca0b098835ef318,64,63,All Ongoing Projects,6,pdfplumber_table,twelve_month_gate2:0.1.0,"pdf_page_index=64,table_index=logical8,row_index=15"
OBS-202509-00608,2025-09,608,"Renigunta, Wadi & Gooty Bypass Railway Project",South Central Railway [SCR] - I,705610,-,-,"Multi-States
(Andhra Pradesh,
Karnataka)",04/2016,04/2016,12/2025,12/2025,302,543,381,50,"Renigunta, Wadi & Gooty Bypass Railway Project
(South Central Railway [SCR] - I)
(705610)","04/2016
(04/2016)","12/2025
(12/2025)","302
(543)",SRC-2025-09,520f100f2752c07c7d8e1180cce2258a6966d21b6e37fcbecca0b098835ef318,64,63,All Ongoing Projects,6,pdfplumber_table,twelve_month_gate2:0.1.0,"pdf_page_index=64,table_index=logical8,row_index=16"
OBS-202509-00609,2025-09,609,Doubling between Mudkhed Medchal & Mahbubnagar Dhone section 417.88 Km,South Central Railway [SCR] - II,617212,-,-,"Multi-States
(Andhra Pradesh,
Maharashtra,
Telangana)",08/2023,08/2023,03/2029,-,4686.09,4686.09,0,0,"Doubling between Mudkhed Medchal & Mahbubnagar Dhone section 417.88 Km
(South Central Railway [SCR] - II)
(617212)","08/2023
(08/2023)","03/2029
(-)","4686.09
(4686.09)",SRC-2025-09,520f100f2752c07c7d8e1180cce2258a6966d21b6e37fcbecca0b098835ef318,64,63,All Ongoing Projects,6,pdfplumber_table,twelve_month_gate2:0.1.0,"pdf_page_index=64,table_index=logical8,row_index=17"
OBS-202509-00610,2025-09,610,Vizianagaram - Titlagarh 3rd line [272 Km including By - pass line of 7.68 KM],RVNL - II,400253,-,-,"Multi-States
(Andhra Pradesh,
Odisha)",06/2016,11/2016,12/2026,12/2026,4803,6670,5722.01,89,"Vizianagaram - Titlagarh 3rd line [272 Km including By - pass line of 7.68 KM]
(RVNL - II)
(400253)","06/2016
(11/2016)","12/2026
(12/2026)","4803
(6670)",SRC-2025-09,520f100f2752c07c7d8e1180cce2258a6966d21b6e37fcbecca0b098835ef318,64,63,All Ongoing Projects,6,pdfplumber_table,twelve_month_gate2:0.1.0,"pdf_page_index=64,table_index=logical8,row_index=18"
OBS-202509-00611,2025-09,611,Doubling of Kottavalasa-Koraput Rail Line [189 KM],East Coast Railway [ECoR] - II,705512,-,-,"Multi-States
(Andhra Pradesh,
Odisha)",12/2015,01/2016,03/2022,03/2028,2500,2500,1999.9,70,"Doubling of Kottavalasa-Koraput Rail Line [189 KM]
(East Coast Railway [ECoR] - II)
(705512)","12/2015
(01/2016)","03/2022
(03/2028)","2500
(2500)",SRC-2025-09,520f100f2752c07c7d8e1180cce2258a6966d21b6e37fcbecca0b098835ef318,64,63,All Ongoing Projects,6,pdfplumber_table,twelve_month_gate2:0.1.0,"pdf_page_index=64,table_index=logical8,row_index=19"
OBS-202509-00612,2025-09,612,Vizianagaram-Sambhalpur 3rd Line Project,RVNL,705520,-,-,"Multi-States
(Andhra Pradesh,
Odisha)",06/2016,12/2016,03/2025,-,4803.16,4803.16,2979.23,0,"Vizianagaram-Sambhalpur 3rd Line Project
(RVNL)
(705520)","06/2016
(12/2016)","03/2025
(-)","4803.16
(4803.16)",SRC-2025-09,520f100f2752c07c7d8e1180cce2258a6966d21b6e37fcbecca0b098835ef318,64,63,All Ongoing Projects,6,pdfplumber_table,twelve_month_gate2:0.1.0,"pdf_page_index=64,table_index=logical8,row_index=20"
OBS-202509-00613,2025-09,613,Tindivanam-Nagari New Line Project [184.5 km],Southern Railway [SR] - II,400275,-,-,"Multi-States
(Andhra Pradesh,
Tamil Nadu)",07/2008,10/2008,09/2016,03/2028,3631,3631,1113.53,18,"Tindivanam-Nagari New Line Project [184.5 km]
(Southern Railway [SR] - II)
(400275)","07/2008
(10/2008)","09/2016
(03/2028)","3631
(3631)",SRC-2025-09,520f100f2752c07c7d8e1180cce2258a6966d21b6e37fcbecca0b098835ef318,64,63,All Ongoing Projects,6,pdfplumber_table,twelve_month_gate2:0.1.0,"pdf_page_index=64,table_index=logical8,row_index=21"
OBS-202509-00614,2025-09,614,"Doubling between Motumari Vishnupuram - 88.81 Km and Rail over Rail - RoR at
Motumari - 10.877 Km",South Central Railway [SCR] - II,616857,-,-,"Multi-States
(Andhra Pradesh,
Telangana)",02/2024,03/2025,03/2029,-,1595.55,1595.55,9.59,1,"Doubling between Motumari Vishnupuram - 88.81 Km and Rail over Rail - RoR at
Motumari - 10.877 Km
(South Central Railway [SCR] - II)
(616857)","02/2024
(03/2025)","03/2029
(-)","1595.55
(1595.55)",SRC-2025-09,520f100f2752c07c7d8e1180cce2258a6966d21b6e37fcbecca0b098835ef318,64,63,All Ongoing Projects,6,pdfplumber_table,twelve_month_gate2:0.1.0,"pdf_page_index=64,table_index=logical8,row_index=22"
OBS-202509-00615,2025-09,615,Doubling of Guntur Bibinagar 239 Km,South Central Railway [SCR] - II,617211,-,-,"Multi-States
(Andhra Pradesh,
Telangana)",08/2023,08/2023,03/2029,-,2853.23,2853.23,46.87,1,"Doubling of Guntur Bibinagar 239 Km
(South Central Railway [SCR] - II)
(617211)","08/2023
(08/2023)","03/2029
(-)","2853.23
(2853.23)",SRC-2025-09,520f100f2752c07c7d8e1180cce2258a6966d21b6e37fcbecca0b098835ef318,64,63,All Ongoing Projects,6,pdfplumber_table,twelve_month_gate2:0.1.0,"pdf_page_index=64,table_index=logical8,row_index=23"
OBS-202509-00616,2025-09,616,Kazipet-Vijayawada 3rd line with electrification [220 km],South Central Railway [SCR] - II,705612,-,-,"Multi-States
(Andhra Pradesh,
Telangana)",03/2013,08/2014,02/2025,12/2025,1953,3363,3246.08,92,"Kazipet-Vijayawada 3rd line with electrification [220 km]
(South Central Railway [SCR] - II)
(705612)","03/2013
(08/2014)","02/2025
(12/2025)","1953
(3363)",SRC-2025-09,520f100f2752c07c7d8e1180cce2258a6966d21b6e37fcbecca0b098835ef318,64,63,All Ongoing Projects,6,pdfplumber_table,twelve_month_gate2:0.1.0,"pdf_page_index=64,table_index=logical8,row_index=24"
OBS-202509-00617,2025-09,617,Vijayawada - Kazipet Byepass line,South Central Railway [SCR] - II,705632,-,-,"Multi-States
(Andhra Pradesh,
Telangana)",04/2016,04/2016,01/2025,12/2025,647,904,901.1,92,"Vijayawada - Kazipet Byepass line
(South Central Railway [SCR] - II)
(705632)","04/2016
(04/2016)","01/2025
(12/2025)","647
(904)",SRC-2025-09,520f100f2752c07c7d8e1180cce2258a6966d21b6e37fcbecca0b098835ef318,64,63,All Ongoing Projects,6,pdfplumber_table,twelve_month_gate2:0.1.0,"pdf_page_index=64,table_index=logical8,row_index=25"
OBS-202509-00618,2025-09,618,Murkongselek-Pasighat,Northeast Frontier Railway (NFR) - II,705401,-,-,"Multi-States
(Arunachal
Pradesh, Assam)",02/2011,03/2023,03/2025,05/2026,435,1250,540.27,60,"Murkongselek-Pasighat
(Northeast Frontier Railway (NFR) - II)
(705401)","02/2011
(03/2023)","03/2025
(05/2026)","435
(1250)",SRC-2025-09,520f100f2752c07c7d8e1180cce2258a6966d21b6e37fcbecca0b098835ef318,64,63,All Ongoing Projects,6,pdfplumber_table,twelve_month_gate2:0.1.0,"pdf_page_index=64,table_index=logical8,row_index=26"
OBS-202509-00619,2025-09,619,Lumding Furkating Doubling Project 140 km,Northeast Frontier Railway [NFR],616701,-,-,"Multi-States
(Assam,
Nagaland)",02/2024,01/2025,02/2028,-,2123.7,2123.7,13.74,0,"Lumding Furkating Doubling Project 140 km
(Northeast Frontier Railway [NFR])
(616701)","02/2024
(01/2025)","02/2028
(-)","2123.7
(2123.7)",SRC-2025-09,520f100f2752c07c7d8e1180cce2258a6966d21b6e37fcbecca0b098835ef318,64,63,All Ongoing Projects,6,pdfplumber_table,twelve_month_gate2:0.1.0,"pdf_page_index=64,table_index=logical8,row_index=27"
OBS-202509-00620,2025-09,620,Dimapur [Dhansiri]-Sukhobi Kohima [Zubza] NL [82.5 Km],Northeast Frontier Railway [NFR],705392,-,-,"Multi-States
(Assam,
Nagaland)",08/2015,02/2016,03/2025,12/2025,6663,6663,5518.32,81,"Dimapur [Dhansiri]-Sukhobi Kohima [Zubza] NL [82.5 Km]
(Northeast Frontier Railway [NFR])
(705392)","08/2015
(02/2016)","03/2025
(12/2025)","6663
(6663)",SRC-2025-09,520f100f2752c07c7d8e1180cce2258a6966d21b6e37fcbecca0b098835ef318,64,63,All Ongoing Projects,6,pdfplumber_table,twelve_month_gate2:0.1.0,"pdf_page_index=64,table_index=logical8,row_index=28"
OBS-202509-00621,2025-09,621,New Delhi- Howrah Speed Booster[160Kmph] Project,PCE/NCR,705794,-,-,"Multi-States
(Bihar, Delhi,
Jharkhand, Uttar
Pradesh, West
Bengal)",09/2019,09/2019,03/2024,-,6684.81,6684.81,127.03,0,"New Delhi- Howrah Speed Booster[160Kmph] Project
(PCE/NCR)
(705794)","09/2019
(09/2019)","03/2024
(-)","6684.81
(6684.81)",SRC-2025-09,520f100f2752c07c7d8e1180cce2258a6966d21b6e37fcbecca0b098835ef318,64,63,All Ongoing Projects,6,pdfplumber_table,twelve_month_gate2:0.1.0,"pdf_page_index=64,table_index=logical8,row_index=29"
OBS-202509-00622,2025-09,622,Third Railway Line between Patratu-Sonnagar [281 kms],RVNL - II,400234,-,-,"Multi-States
(Bihar, Jharkhand)",11/2016,08/2018,03/2026,07/2026,8975,8975,4950,88,"Third Railway Line between Patratu-Sonnagar [281 kms]
(RVNL - II)
(400234)","11/2016
(08/2018)","03/2026
(07/2026)","8975
(8975)",SRC-2025-09,520f100f2752c07c7d8e1180cce2258a6966d21b6e37fcbecca0b098835ef318,64,63,All Ongoing Projects,6,pdfplumber_table,twelve_month_gate2:0.1.0,"pdf_page_index=64,table_index=logical8,row_index=30"
OBS-202509-00623,2025-09,623,Multi tracking of Son Nagar-Andal 374.53 rkm & 814.38 tkm,East Central Railway [ECR] - I,616699,-,-,"Multi-States
(Bihar, Jharkhand)",08/2023,08/2023,03/2028,-,12333.57,12333.6,508.44,12,"Multi tracking of Son Nagar-Andal 374.53 rkm & 814.38 tkm
(East Central Railway [ECR] - I)
(616699)","08/2023
(08/2023)","03/2028
(-)","12333.57
(12333.6)",SRC-2025-09,520f100f2752c07c7d8e1180cce2258a6966d21b6e37fcbecca0b098835ef318,65,64,All Ongoing Projects,6,pdfplumber_table,twelve_month_gate2:0.1.0,"pdf_page_index=65,table_index=logical8,row_index=1"
OBS-202509-00624,2025-09,624,Koderma-Tilaiya New Line,East Central Railway [ECR] - I,705375,-,-,"Multi-States
(Bihar, Jharkhand)",11/2004,03/2002,02/2025,02/2026,1626,2020,2000.4,95,"Koderma-Tilaiya New Line
(East Central Railway [ECR] - I)
(705375)","11/2004
(03/2002)","02/2025
(02/2026)","1626
(2020)",SRC-2025-09,520f100f2752c07c7d8e1180cce2258a6966d21b6e37fcbecca0b098835ef318,65,64,All Ongoing Projects,6,pdfplumber_table,twelve_month_gate2:0.1.0,"pdf_page_index=65,table_index=logical8,row_index=2"
OBS-202509-00625,2025-09,625,Pirpainti - Jasidih [100.52 Km] New BG line,Eastern Railway [ER] - I,705385,-,-,"Multi-States
(Bihar, Jharkhand)",03/2014,03/2022,03/2028,03/2028,2555,2555,773.15,48,"Pirpainti - Jasidih [100.52 Km] New BG line
(Eastern Railway [ER] - I)
(705385)","03/2014
(03/2022)","03/2028
(03/2028)","2555
(2555)",SRC-2025-09,520f100f2752c07c7d8e1180cce2258a6966d21b6e37fcbecca0b098835ef318,65,64,All Ongoing Projects,6,pdfplumber_table,twelve_month_gate2:0.1.0,"pdf_page_index=65,table_index=logical8,row_index=3"
OBS-202509-00626,2025-09,626,"NER Provision of Automatic Block Signalling on Gorakhpur Cantt[Excl] Chhapra
Gramin & Burhwal Jn [Excl] Sitapur Jn section of high density routes",North Eastern Railway [NER],611669,-,-,"Multi-States
(Bihar, Uttar
Pradesh)",NA,06/2023,03/2027,-,380.47,380.47,24.53,0,"NER Provision of Automatic Block Signalling on Gorakhpur Cantt[Excl] Chhapra
Gramin & Burhwal Jn [Excl] Sitapur Jn section of high density routes
(North Eastern Railway [NER])
(611669)","NA
(06/2023)","03/2027
(-)","380.47
(380.47)",SRC-2025-09,520f100f2752c07c7d8e1180cce2258a6966d21b6e37fcbecca0b098835ef318,65,64,All Ongoing Projects,6,pdfplumber_table,twelve_month_gate2:0.1.0,"pdf_page_index=65,table_index=logical8,row_index=4"
OBS-202509-00627,2025-09,627,Gorakhpur-Valmikinagar Doubling project,NER,617224,-,-,"Multi-States
(Bihar, Uttar
Pradesh)",08/2023,03/2024,12/2027,-,1120,1120,220.18,21,"Gorakhpur-Valmikinagar Doubling project
(NER)
(617224)","08/2023
(03/2024)","12/2027
(-)","1120
(1120)",SRC-2025-09,520f100f2752c07c7d8e1180cce2258a6966d21b6e37fcbecca0b098835ef318,65,64,All Ongoing Projects,6,pdfplumber_table,twelve_month_gate2:0.1.0,"pdf_page_index=65,table_index=logical8,row_index=5"
OBS-202509-00628,2025-09,628,Chhapra-Ballia Patch Doubling,North Eastern Railway [NER],705562,-,-,"Multi-States
(Bihar, Uttar
Pradesh)",03/2013,12/2015,02/2025,03/2026,963,1046,911.66,95,"Chhapra-Ballia Patch Doubling
(North Eastern Railway [NER])
(705562)","03/2013
(12/2015)","02/2025
(03/2026)","963
(1046)",SRC-2025-09,520f100f2752c07c7d8e1180cce2258a6966d21b6e37fcbecca0b098835ef318,65,64,All Ongoing Projects,6,pdfplumber_table,twelve_month_gate2:0.1.0,"pdf_page_index=65,table_index=logical8,row_index=6"
OBS-202509-00629,2025-09,629,Katihar - Kumedpur Doubling Line Project,GM/C/ NFR,706844,-,-,"Multi-States
(Bihar, West
Bengal)",08/2022,,08/2027,08/2027,942,942,356,45,"Katihar - Kumedpur Doubling Line Project
(GM/C/ NFR)
(706844)","08/2022
()","08/2027
(08/2027)","942
(942)",SRC-2025-09,520f100f2752c07c7d8e1180cce2258a6966d21b6e37fcbecca0b098835ef318,65,64,All Ongoing Projects,6,pdfplumber_table,twelve_month_gate2:0.1.0,"pdf_page_index=65,table_index=logical8,row_index=7"
OBS-202509-00630,2025-09,630,Rajnandgaon - Nagpur [Kalumna] Third Railway Line [228.30 km],South East Central Railway [SECR] - II,705617,-,-,"Multi-States
(Chhattisgarh,
Maharashtra)",09/2016,12/2016,12/2024,06/2026,3545,3545,3466.53,96,"Rajnandgaon - Nagpur [Kalumna] Third Railway Line [228.30 km]
(South East Central Railway [SECR] - II)
(705617)","09/2016
(12/2016)","12/2024
(06/2026)","3545
(3545)",SRC-2025-09,520f100f2752c07c7d8e1180cce2258a6966d21b6e37fcbecca0b098835ef318,65,64,All Ongoing Projects,6,pdfplumber_table,twelve_month_gate2:0.1.0,"pdf_page_index=65,table_index=logical8,row_index=8"
OBS-202509-00631,2025-09,631,Sardega -Bhalumuda New Double line [37.24 Km],SECR,617390,-,-,"Multi-States
(Chhattisgarh,
Odisha)",09/2024,09/2024,03/2028,-,1281.81,1281.81,128,0,"Sardega -Bhalumuda New Double line [37.24 Km]
(SECR)
(617390)","09/2024
(09/2024)","03/2028
(-)","1281.81
(1281.81)",SRC-2025-09,520f100f2752c07c7d8e1180cce2258a6966d21b6e37fcbecca0b098835ef318,65,64,All Ongoing Projects,6,pdfplumber_table,twelve_month_gate2:0.1.0,"pdf_page_index=65,table_index=logical8,row_index=9"
OBS-202509-00632,2025-09,632,Jagdalpur-Koraput,East Coast Railway [ECoR] - II,705511,-,-,"Multi-States
(Chhattisgarh,
Odisha)",12/2015,03/2016,03/2024,12/2026,1547,1547,1323.05,90,"Jagdalpur-Koraput
(East Coast Railway [ECoR] - II)
(705511)","12/2015
(03/2016)","03/2024
(12/2026)","1547
(1547)",SRC-2025-09,520f100f2752c07c7d8e1180cce2258a6966d21b6e37fcbecca0b098835ef318,65,64,All Ongoing Projects,6,pdfplumber_table,twelve_month_gate2:0.1.0,"pdf_page_index=65,table_index=logical8,row_index=10"
OBS-202509-00633,2025-09,633,Jharsuguda-Bilaspur Fourth Railway Line [206 km],SECR,705616,-,-,"Multi-States
(Chhattisgarh,
Odisha)",09/2016,09/2016,10/2024,12/2025,2140,2979,2160.07,92,"Jharsuguda-Bilaspur Fourth Railway Line [206 km]
(SECR)
(705616)","09/2016
(09/2016)","10/2024
(12/2025)","2140
(2979)",SRC-2025-09,520f100f2752c07c7d8e1180cce2258a6966d21b6e37fcbecca0b098835ef318,65,64,All Ongoing Projects,6,pdfplumber_table,twelve_month_gate2:0.1.0,"pdf_page_index=65,table_index=logical8,row_index=11"
OBS-202509-00634,2025-09,634,Mumbai-Ahmedabad High Speed Rail Project- 508 km,National High Speed Rail Corporation [NHSRC],705728,-,-,"Multi-States
(Dadra & Nagar
Haveli and Daman
& Diu, Gujarat,
Maharashtra)",03/2015,09/2017,08/2027,12/2029,108000,108000,81242.89,54,"Mumbai-Ahmedabad High Speed Rail Project- 508 km
(National High Speed Rail Corporation [NHSRC])
(705728)","03/2015
(09/2017)","08/2027
(12/2029)","108000
(108000)",SRC-2025-09,520f100f2752c07c7d8e1180cce2258a6966d21b6e37fcbecca0b098835ef318,65,64,All Ongoing Projects,6,pdfplumber_table,twelve_month_gate2:0.1.0,"pdf_page_index=65,table_index=logical8,row_index=12"
OBS-202509-00635,2025-09,635,New Delhi- Mumbai Speed Booster[160Kmph] Project,PCE/WR,705793,-,-,"Multi-States (Delhi,
Gujarat, Madhya
Pradesh,
Maharashtra,
Rajasthan)",09/2019,09/2019,03/2024,-,6806.44,6806.44,135.65,0,"New Delhi- Mumbai Speed Booster[160Kmph] Project
(PCE/WR)
(705793)","09/2019
(09/2019)","03/2024
(-)","6806.44
(6806.44)",SRC-2025-09,520f100f2752c07c7d8e1180cce2258a6966d21b6e37fcbecca0b098835ef318,65,64,All Ongoing Projects,6,pdfplumber_table,twelve_month_gate2:0.1.0,"pdf_page_index=65,table_index=logical8,row_index=13"
OBS-202509-00636,2025-09,636,Hospet - Tinaighat - Vasco Rail Doubling Project,RVNL - II,705650,-,-,"Multi-States (Goa,
Karnataka)",03/2010,07/2012,03/2027,12/2027,5060,5060,5007.82,86,"Hospet - Tinaighat - Vasco Rail Doubling Project
(RVNL - II)
(705650)","03/2010
(07/2012)","03/2027
(12/2027)","5060
(5060)",SRC-2025-09,520f100f2752c07c7d8e1180cce2258a6966d21b6e37fcbecca0b098835ef318,65,64,All Ongoing Projects,6,pdfplumber_table,twelve_month_gate2:0.1.0,"pdf_page_index=65,table_index=logical8,row_index=14"
OBS-202509-00637,2025-09,637,Hospet-Hubli-Vasco da Gama Line Electrification Project,RVNL,706950,-,-,"Multi-States (Goa,
Karnataka)",07/2015,05/2018,03/2023,03/2024,744.49,1122.62,969.05,95,"Hospet-Hubli-Vasco da Gama Line Electrification Project
(RVNL)
(706950)","07/2015
(05/2018)","03/2023
(03/2024)","744.49
(1122.62)",SRC-2025-09,520f100f2752c07c7d8e1180cce2258a6966d21b6e37fcbecca0b098835ef318,65,64,All Ongoing Projects,6,pdfplumber_table,twelve_month_gate2:0.1.0,"pdf_page_index=65,table_index=logical8,row_index=15"
OBS-202509-00638,2025-09,638,Western Dedicated Freight Corridor,DFCCIL,705237,-,-,"Multi-States
(Gujarat, Haryana,
Maharashtra,
Rajasthan, Uttar
Pradesh)",02/2008,01/2012,03/2022,12/2025,51101,124005,124623,96,"Western Dedicated Freight Corridor
(DFCCIL)
(705237)","02/2008
(01/2012)","03/2022
(12/2025)","51101
(124005)",SRC-2025-09,520f100f2752c07c7d8e1180cce2258a6966d21b6e37fcbecca0b098835ef318,65,64,All Ongoing Projects,6,pdfplumber_table,twelve_month_gate2:0.1.0,"pdf_page_index=65,table_index=logical8,row_index=16"
OBS-202509-00639,2025-09,639,"New line Dahod-Indore via Sardarpur, Jabuwa and Dhar",Western Railway [WR] - II,705453,-,-,"Multi-States
(Gujarat, Madhya
Pradesh)",06/2012,06/2012,02/2027,02/2027,456.07,3516.77,3531,48,"New line Dahod-Indore via Sardarpur, Jabuwa and Dhar
(Western Railway [WR] - II)
(705453)","06/2012
(06/2012)","02/2027
(02/2027)","456.07
(3516.77)",SRC-2025-09,520f100f2752c07c7d8e1180cce2258a6966d21b6e37fcbecca0b098835ef318,65,64,All Ongoing Projects,6,pdfplumber_table,twelve_month_gate2:0.1.0,"pdf_page_index=65,table_index=logical8,row_index=17"
OBS-202509-00640,2025-09,640,Chhota Udaipur - Dhar New Line Project [157 km],Western Railway [WR] - II,705454,-,-,"Multi-States
(Gujarat, Madhya
Pradesh)",11/2008,01/2014,12/2025,12/2025,1794,1794,1812.56,80,"Chhota Udaipur - Dhar New Line Project [157 km]
(Western Railway [WR] - II)
(705454)","11/2008
(01/2014)","12/2025
(12/2025)","1794
(1794)",SRC-2025-09,520f100f2752c07c7d8e1180cce2258a6966d21b6e37fcbecca0b098835ef318,65,64,All Ongoing Projects,6,pdfplumber_table,twelve_month_gate2:0.1.0,"pdf_page_index=65,table_index=logical8,row_index=18"
OBS-202509-00641,2025-09,641,"MUMBAI CENTRAL VIRAR VADODARA AHMEDABAAD TRAIN PROTECTION
SYSTEM 500 RKM",Western Railway,611452,-,-,"Multi-States
(Gujarat,
Maharashtra)",09/2019,03/2023,12/2025,06/2025,311,311,208,92,"MUMBAI CENTRAL VIRAR VADODARA AHMEDABAAD TRAIN PROTECTION
SYSTEM 500 RKM
(Western Railway)
(611452)","09/2019
(03/2023)","12/2025
(06/2025)","311
(311)",SRC-2025-09,520f100f2752c07c7d8e1180cce2258a6966d21b6e37fcbecca0b098835ef318,65,64,All Ongoing Projects,6,pdfplumber_table,twelve_month_gate2:0.1.0,"pdf_page_index=65,table_index=logical8,row_index=19"
OBS-202509-00642,2025-09,642,Taranga Hill-Abu Road via Ambaji,North Western Railway [NWR],400022,-,-,"Multi-States
(Gujarat,
Rajasthan)",07/2022,07/2022,07/2030,07/2030,2798,2798,1931.66,16,"Taranga Hill-Abu Road via Ambaji
(North Western Railway [NWR])
(400022)","07/2022
(07/2022)","07/2030
(07/2030)","2798
(2798)",SRC-2025-09,520f100f2752c07c7d8e1180cce2258a6966d21b6e37fcbecca0b098835ef318,65,64,All Ongoing Projects,6,pdfplumber_table,twelve_month_gate2:0.1.0,"pdf_page_index=65,table_index=logical8,row_index=20"
OBS-202509-00643,2025-09,643,LUNI- SAMDARI- BHILDI DOUBLING,North Western Railway [NWR],616842,-,-,"Multi-States
(Gujarat,
Rajasthan)",02/2024,02/2024,07/2027,-,3085.59,3085.59,277.6,12,"LUNI- SAMDARI- BHILDI DOUBLING
(North Western Railway [NWR])
(616842)","02/2024
(02/2024)","07/2027
(-)","3085.59
(3085.59)",SRC-2025-09,520f100f2752c07c7d8e1180cce2258a6966d21b6e37fcbecca0b098835ef318,65,64,All Ongoing Projects,6,pdfplumber_table,twelve_month_gate2:0.1.0,"pdf_page_index=65,table_index=logical8,row_index=21"
OBS-202509-00644,2025-09,644,Chandigarh-Baddi New Rail Line- 36 km,Northen Railway [NR],705424,-,-,"Multi-States
(Haryana,
Himachal Pradesh)",02/2018,02/2018,12/2026,12/2026,1540,1540.13,522.31,31,"Chandigarh-Baddi New Rail Line- 36 km
(Northen Railway [NR])
(705424)","02/2018
(02/2018)","12/2026
(12/2026)","1540
(1540.13)",SRC-2025-09,520f100f2752c07c7d8e1180cce2258a6966d21b6e37fcbecca0b098835ef318,65,64,All Ongoing Projects,6,pdfplumber_table,twelve_month_gate2:0.1.0,"pdf_page_index=65,table_index=logical8,row_index=22"
OBS-202509-00645,2025-09,645,Rewari - Kathuwas Doubling Project [27.72 Km],North Western Railway [NWR],611861,-,-,"Multi-States
(Haryana,
Rajasthan)",02/2023,12/2022,06/2027,06/2027,352,352,258.15,65,"Rewari - Kathuwas Doubling Project [27.72 Km]
(North Western Railway [NWR])
(611861)","02/2023
(12/2022)","06/2027
(06/2027)","352
(352)",SRC-2025-09,520f100f2752c07c7d8e1180cce2258a6966d21b6e37fcbecca0b098835ef318,65,64,All Ongoing Projects,6,pdfplumber_table,twelve_month_gate2:0.1.0,"pdf_page_index=65,table_index=logical8,row_index=23"
OBS-202509-00646,2025-09,646,"Nangal Dam-Talwara New Broad Gauge Line [84 KM] and Taking Over Siding
Mukerian-Talwara [29 KM]",Northen Railway [NR],705410,-,-,"Multi-States
(Himachal
Pradesh, Punjab)",03/1983,05/1985,12/2025,01/2027,2018,2018,2053.9,45,"Nangal Dam-Talwara New Broad Gauge Line [84 KM] and Taking Over Siding
Mukerian-Talwara [29 KM]
(Northen Railway [NR])
(705410)","03/1983
(05/1985)","12/2025
(01/2027)","2018
(2018)",SRC-2025-09,520f100f2752c07c7d8e1180cce2258a6966d21b6e37fcbecca0b098835ef318,65,64,All Ongoing Projects,6,pdfplumber_table,twelve_month_gate2:0.1.0,"pdf_page_index=65,table_index=logical8,row_index=24"
OBS-202509-00647,2025-09,647,Bhanupalli-Bilaspur-Beri New Railway Line Project,RVNL - II,705428,-,-,"Multi-States
(Himachal
Pradesh, Punjab)",03/2009,04/2015,12/2026,12/2027,13447,13447,6902.81,60,"Bhanupalli-Bilaspur-Beri New Railway Line Project
(RVNL - II)
(705428)","03/2009
(04/2015)","12/2026
(12/2027)","13447
(13447)",SRC-2025-09,520f100f2752c07c7d8e1180cce2258a6966d21b6e37fcbecca0b098835ef318,65,64,All Ongoing Projects,6,pdfplumber_table,twelve_month_gate2:0.1.0,"pdf_page_index=65,table_index=logical8,row_index=25"
OBS-202509-00648,2025-09,648,Doubling of Hatia [Ranchi]-Bondamunda Rail Line - 159 km,South Eastern Railway - JH,705628,-,-,"Multi-States
(Jharkhand,
Odisha)",03/2016,02/2017,06/2025,06/2026,3029,3029,2487.31,86,"Doubling of Hatia [Ranchi]-Bondamunda Rail Line - 159 km
(South Eastern Railway - JH)
(705628)","03/2016
(02/2017)","06/2025
(06/2026)","3029
(3029)",SRC-2025-09,520f100f2752c07c7d8e1180cce2258a6966d21b6e37fcbecca0b098835ef318,65,64,All Ongoing Projects,6,pdfplumber_table,twelve_month_gate2:0.1.0,"pdf_page_index=65,table_index=logical8,row_index=26"
OBS-202509-00649,2025-09,649,KHARAGPUR-ADITYAPUR THIRD RAIL LINE- 132 KM,RVNL - II,705668,-,-,"Multi-States
(Jharkhand, West
Bengal)",09/2016,01/2018,03/2025,12/2025,3250,3250,3176.46,97,"KHARAGPUR-ADITYAPUR THIRD RAIL LINE- 132 KM
(RVNL - II)
(705668)","09/2016
(01/2018)","03/2025
(12/2025)","3250
(3250)",SRC-2025-09,520f100f2752c07c7d8e1180cce2258a6966d21b6e37fcbecca0b098835ef318,65,64,All Ongoing Projects,6,pdfplumber_table,twelve_month_gate2:0.1.0,"pdf_page_index=65,table_index=logical8,row_index=27"
OBS-202509-00650,2025-09,650,Hotgi-Kudgi-Gadag Doubling Project,South Western Railway [SWR] - II,705662,-,-,"Multi-States
(Karnataka,
Maharashtra)",04/2014,01/2016,12/2024,03/2026,1878,2459,2668.28,92,"Hotgi-Kudgi-Gadag Doubling Project
(South Western Railway [SWR] - II)
(705662)","04/2014
(01/2016)","12/2024
(03/2026)","1878
(2459)",SRC-2025-09,520f100f2752c07c7d8e1180cce2258a6966d21b6e37fcbecca0b098835ef318,65,64,All Ongoing Projects,6,pdfplumber_table,twelve_month_gate2:0.1.0,"pdf_page_index=65,table_index=logical8,row_index=28"
OBS-202509-00651,2025-09,651,Baiyyappanahalli - Hosur Doubling Project [48 km],Karnataka Rail Infrastructure Development Company Limited [K-RIDE],703586,-,-,"Multi-States
(Karnataka, Tamil
Nadu)",04/2019,02/2019,03/2024,01/2026,498.7,748.7,630.41,86,"Baiyyappanahalli - Hosur Doubling Project [48 km]
(Karnataka Rail Infrastructure Development Company Limited [K-RIDE])
(703586)","04/2019
(02/2019)","03/2024
(01/2026)","498.7
(748.7)",SRC-2025-09,520f100f2752c07c7d8e1180cce2258a6966d21b6e37fcbecca0b098835ef318,66,65,All Ongoing Projects,6,pdfplumber_table,twelve_month_gate2:0.1.0,"pdf_page_index=66,table_index=logical8,row_index=1"
OBS-202509-00652,2025-09,652,Trivandrum- Kanyakumari,Southern Railway (SR) - I,705635,-,-,"Multi-States
(Kerala, Tamil
Nadu)",08/2017,03/2016,03/2024,12/2027,1432,3785,2451,46,"Trivandrum- Kanyakumari
(Southern Railway (SR) - I)
(705635)","08/2017
(03/2016)","03/2024
(12/2027)","1432
(3785)",SRC-2025-09,520f100f2752c07c7d8e1180cce2258a6966d21b6e37fcbecca0b098835ef318,66,65,All Ongoing Projects,6,pdfplumber_table,twelve_month_gate2:0.1.0,"pdf_page_index=66,table_index=logical8,row_index=2"
OBS-202509-00653,2025-09,653,Ratlam-Mhow-Khandwa-Akola Gauge Conversion,Western Railway [WR] - II,705457,-,-,"Multi-States
(Madhya Pradesh,
Maharashtra)",04/2008,03/2010,03/2027,09/2028,1656.25,6499.86,4433.45,80,"Ratlam-Mhow-Khandwa-Akola Gauge Conversion
(Western Railway [WR] - II)
(705457)","04/2008
(03/2010)","03/2027
(09/2028)","1656.25
(6499.86)",SRC-2025-09,520f100f2752c07c7d8e1180cce2258a6966d21b6e37fcbecca0b098835ef318,66,65,All Ongoing Projects,6,pdfplumber_table,twelve_month_gate2:0.1.0,"pdf_page_index=66,table_index=logical8,row_index=3"
OBS-202509-00654,2025-09,654,Itarsi - Nagpur Third Railway Line [280 km],Central Railway (CR) - II,705507,-,-,"Multi-States
(Madhya Pradesh,
Maharashtra)",09/2016,09/2016,03/2027,03/2027,2449.91,2506.68,1850.73,51,"Itarsi - Nagpur Third Railway Line [280 km]
(Central Railway (CR) - II)
(705507)","09/2016
(09/2016)","03/2027
(03/2027)","2449.91
(2506.68)",SRC-2025-09,520f100f2752c07c7d8e1180cce2258a6966d21b6e37fcbecca0b098835ef318,66,65,All Ongoing Projects,6,pdfplumber_table,twelve_month_gate2:0.1.0,"pdf_page_index=66,table_index=logical8,row_index=4"
OBS-202509-00655,2025-09,655,RATLAM- DUNGARPUR VIA BANSWARA NEW LINE PROJECT,North Western Railway [NWR],617406,-,-,"Multi-States
(Madhya Pradesh,
Rajasthan)",10/2015,05/2023,03/2028,-,2417.24,2417.24,5.66,7,"RATLAM- DUNGARPUR VIA BANSWARA NEW LINE PROJECT
(North Western Railway [NWR])
(617406)","10/2015
(05/2023)","03/2028
(-)","2417.24
(2417.24)",SRC-2025-09,520f100f2752c07c7d8e1180cce2258a6966d21b6e37fcbecca0b098835ef318,66,65,All Ongoing Projects,6,pdfplumber_table,twelve_month_gate2:0.1.0,"pdf_page_index=66,table_index=logical8,row_index=5"
OBS-202509-00656,2025-09,656,Gwalior - Seopurkala with extension to Kota [Gauge Conversion],North Central Railway,705419,-,-,"Multi-States
(Madhya Pradesh,
Rajasthan)",03/2011,07/2018,03/2025,02/2026,2913,2913,2097.51,78,"Gwalior - Seopurkala with extension to Kota [Gauge Conversion]
(North Central Railway)
(705419)","03/2011
(07/2018)","03/2025
(02/2026)","2913
(2913)",SRC-2025-09,520f100f2752c07c7d8e1180cce2258a6966d21b6e37fcbecca0b098835ef318,66,65,All Ongoing Projects,6,pdfplumber_table,twelve_month_gate2:0.1.0,"pdf_page_index=66,table_index=logical8,row_index=6"
OBS-202509-00657,2025-09,657,Ramganjmandi-Bhopal New Line Project [262 km],West Central Railway [WCR] - II,705481,-,-,"Multi-States
(Madhya Pradesh,
Rajasthan)",03/2001,10/2004,12/2025,12/2027,3032,5073,3669.29,70,"Ramganjmandi-Bhopal New Line Project [262 km]
(West Central Railway [WCR] - II)
(705481)","03/2001
(10/2004)","12/2025
(12/2027)","3032
(5073)",SRC-2025-09,520f100f2752c07c7d8e1180cce2258a6966d21b6e37fcbecca0b098835ef318,66,65,All Ongoing Projects,6,pdfplumber_table,twelve_month_gate2:0.1.0,"pdf_page_index=66,table_index=logical8,row_index=7"
OBS-202509-00658,2025-09,658,Nimach-Badi Sadri New Rail Line Project,Western Railway [WR] - II,705764,-,-,"Multi-States
(Madhya Pradesh,
Rajasthan)",04/2017,09/2021,03/2026,06/2026,495,825,107.83,55,"Nimach-Badi Sadri New Rail Line Project
(Western Railway [WR] - II)
(705764)","04/2017
(09/2021)","03/2026
(06/2026)","495
(825)",SRC-2025-09,520f100f2752c07c7d8e1180cce2258a6966d21b6e37fcbecca0b098835ef318,66,65,All Ongoing Projects,6,pdfplumber_table,twelve_month_gate2:0.1.0,"pdf_page_index=66,table_index=logical8,row_index=8"
OBS-202509-00659,2025-09,659,Mathura-Jhansi Third Railway Line [274 Km],RVNL - II,705667,-,-,"Multi-States
(Madhya Pradesh,
Rajasthan, Uttar
Pradesh)",12/2015,03/2018,12/2024,12/2026,5961,5961,4928.62,94,"Mathura-Jhansi Third Railway Line [274 Km]
(RVNL - II)
(705667)","12/2015
(03/2018)","12/2024
(12/2026)","5961
(5961)",SRC-2025-09,520f100f2752c07c7d8e1180cce2258a6966d21b6e37fcbecca0b098835ef318,66,65,All Ongoing Projects,6,pdfplumber_table,twelve_month_gate2:0.1.0,"pdf_page_index=66,table_index=logical8,row_index=9"
OBS-202509-00660,2025-09,660,Jhansi - Bina Third Railway Line [153 Km],CAO/C/NCR,705598,-,-,"Multi-States
(Madhya Pradesh,
Uttar Pradesh)",09/2016,03/2018,03/2022,03/2026,2002,2002,1806.86,93,"Jhansi - Bina Third Railway Line [153 Km]
(CAO/C/NCR)
(705598)","09/2016
(03/2018)","03/2022
(03/2026)","2002
(2002)",SRC-2025-09,520f100f2752c07c7d8e1180cce2258a6966d21b6e37fcbecca0b098835ef318,66,65,All Ongoing Projects,6,pdfplumber_table,twelve_month_gate2:0.1.0,"pdf_page_index=66,table_index=logical8,row_index=10"
OBS-202509-00661,2025-09,661,Jhansi-Khairar-Manikpur & Khirar-Bhimsen,North Central Railway,705608,-,-,"Multi-States
(Madhya Pradesh,
Uttar Pradesh)",03/2018,04/2019,03/2026,03/2026,4330,4330,2362.91,60,"Jhansi-Khairar-Manikpur & Khirar-Bhimsen
(North Central Railway)
(705608)","03/2018
(04/2019)","03/2026
(03/2026)","4330
(4330)",SRC-2025-09,520f100f2752c07c7d8e1180cce2258a6966d21b6e37fcbecca0b098835ef318,66,65,All Ongoing Projects,6,pdfplumber_table,twelve_month_gate2:0.1.0,"pdf_page_index=66,table_index=logical8,row_index=11"
OBS-202509-00662,2025-09,662,Third Line [new] between Kazipet - Balharshah with electrification [201.04 Km],South Central Railway [SCR] - II,705613,-,-,"Multi-States
(Maharashtra,
Telangana)",09/2016,10/2016,01/2025,11/2025,2595,3071,3293.04,94,"Third Line [new] between Kazipet - Balharshah with electrification [201.04 Km]
(South Central Railway [SCR] - II)
(705613)","09/2016
(10/2016)","01/2025
(11/2025)","2595
(3071)",SRC-2025-09,520f100f2752c07c7d8e1180cce2258a6966d21b6e37fcbecca0b098835ef318,66,65,All Ongoing Projects,6,pdfplumber_table,twelve_month_gate2:0.1.0,"pdf_page_index=66,table_index=logical8,row_index=12"
OBS-202509-00663,2025-09,663,Narayangarh-Bhadrak 3rd line,South Eastern Railway [SER] - I,705629,-,-,"Multi-States
(Odisha, West
Bengal)",03/2019,03/2017,12/2025,06/2026,2400,2400,2278.8,65,"Narayangarh-Bhadrak 3rd line
(South Eastern Railway [SER] - I)
(705629)","03/2019
(03/2017)","12/2025
(06/2026)","2400
(2400)",SRC-2025-09,520f100f2752c07c7d8e1180cce2258a6966d21b6e37fcbecca0b098835ef318,66,65,All Ongoing Projects,6,pdfplumber_table,twelve_month_gate2:0.1.0,"pdf_page_index=66,table_index=logical8,row_index=13"
OBS-202509-00664,2025-09,664,Nagapattinam-Tiruturaipundi and Karaikal-Peralam New Line,Southern Railway [SR] - II,400223,-,-,"Multi-States
(Puducherry, Tamil
Nadu)",07/2008,01/2019,03/2026,03/2027,713,981,598.38,80,"Nagapattinam-Tiruturaipundi and Karaikal-Peralam New Line
(Southern Railway [SR] - II)
(400223)","07/2008
(01/2019)","03/2026
(03/2027)","713
(981)",SRC-2025-09,520f100f2752c07c7d8e1180cce2258a6966d21b6e37fcbecca0b098835ef318,66,65,All Ongoing Projects,6,pdfplumber_table,twelve_month_gate2:0.1.0,"pdf_page_index=66,table_index=logical8,row_index=14"
OBS-202509-00665,2025-09,665,Sivok-Rangpo New Rail Line,Indian Railway Construction International Limited [IRCON],705432,-,-,"Multi-States
(Sikkim, West
Bengal)",10/2009,05/2010,05/2015,12/2027,7877,12133,9039.91,84,"Sivok-Rangpo New Rail Line
(Indian Railway Construction International Limited [IRCON])
(705432)","10/2009
(05/2010)","05/2015
(12/2027)","7877
(12133)",SRC-2025-09,520f100f2752c07c7d8e1180cce2258a6966d21b6e37fcbecca0b098835ef318,66,65,All Ongoing Projects,6,pdfplumber_table,twelve_month_gate2:0.1.0,"pdf_page_index=66,table_index=logical8,row_index=15"
OBS-202509-00666,2025-09,666,"Sainthia, Sitarampur, Mughalsarai, Allahabad & Etawah - Bypass Line Project",Eastern Railway [ER] - I,602797,-,-,"Multi-States (Uttar
Pradesh, West
Bengal)",08/2017,12/2017,03/2027,03/2027,461.64,461.64,192.67,8,"Sainthia, Sitarampur, Mughalsarai, Allahabad & Etawah - Bypass Line Project
(Eastern Railway [ER] - I)
(602797)","08/2017
(12/2017)","03/2027
(03/2027)","461.64
(461.64)",SRC-2025-09,520f100f2752c07c7d8e1180cce2258a6966d21b6e37fcbecca0b098835ef318,66,65,All Ongoing Projects,6,pdfplumber_table,twelve_month_gate2:0.1.0,"pdf_page_index=66,table_index=logical8,row_index=16"
OBS-202509-00667,2025-09,667,"Proposed 6 nos Road Over Bridge [ROB] at different locations under MCL Talcher
Under Deposit Scheme.",East Coast Railway [ECoR] - II,400045,-,-,Odisha,08/2022,07/2022,03/2025,01/2025,168.32,168.32,69.85,82,"Proposed 6 nos Road Over Bridge [ROB] at different locations under MCL Talcher
Under Deposit Scheme.
(East Coast Railway [ECoR] - II)
(400045)","08/2022
(07/2022)","03/2025
(01/2025)","168.32
(168.32)",SRC-2025-09,520f100f2752c07c7d8e1180cce2258a6966d21b6e37fcbecca0b098835ef318,66,65,All Ongoing Projects,6,pdfplumber_table,twelve_month_gate2:0.1.0,"pdf_page_index=66,table_index=logical8,row_index=17"
OBS-202509-00668,2025-09,668,Brundamal-Jharsuguda- flyover connection for joining downline,East Coast Railway [ECoR] - II,400232,-,-,Odisha,01/2014,01/2014,12/2026,12/2026,297,297,193.22,30,"Brundamal-Jharsuguda- flyover connection for joining downline
(East Coast Railway [ECoR] - II)
(400232)","01/2014
(01/2014)","12/2026
(12/2026)","297
(297)",SRC-2025-09,520f100f2752c07c7d8e1180cce2258a6966d21b6e37fcbecca0b098835ef318,66,65,All Ongoing Projects,6,pdfplumber_table,twelve_month_gate2:0.1.0,"pdf_page_index=66,table_index=logical8,row_index=18"
OBS-202509-00669,2025-09,669,3rd & 4th line between Sarla - Sason [8 km] [PB 73/2023-24/NR],East Coast Railway [ECoR] - II,612834,-,-,Odisha,04/2023,04/2023,12/2025,-,252,252,79.55,45,"3rd & 4th line between Sarla - Sason [8 km] [PB 73/2023-24/NR]
(East Coast Railway [ECoR] - II)
(612834)","04/2023
(04/2023)","12/2025
(-)","252
(252)",SRC-2025-09,520f100f2752c07c7d8e1180cce2258a6966d21b6e37fcbecca0b098835ef318,66,65,All Ongoing Projects,6,pdfplumber_table,twelve_month_gate2:0.1.0,"pdf_page_index=66,table_index=logical8,row_index=19"
OBS-202509-00670,2025-09,670,Paradeep - Badabandha 3rd & 4th Line / 18.51kms,East Coast Railway [ECoR] - II,616695,-,-,Odisha,08/2023,04/2025,11/2028,-,300.15,300.15,0.01,0,"Paradeep - Badabandha 3rd & 4th Line / 18.51kms
(East Coast Railway [ECoR] - II)
(616695)","08/2023
(04/2025)","11/2028
(-)","300.15
(300.15)",SRC-2025-09,520f100f2752c07c7d8e1180cce2258a6966d21b6e37fcbecca0b098835ef318,66,65,All Ongoing Projects,6,pdfplumber_table,twelve_month_gate2:0.1.0,"pdf_page_index=66,table_index=logical8,row_index=20"
OBS-202509-00671,2025-09,671,Jeypore - Malkangiri New BG Line Project,Indian Railways,617290,-,-,Odisha,NA,02/2018,12/2030,-,2343.64,2343.64,437.48,2,"Jeypore - Malkangiri New BG Line Project
(Indian Railways)
(617290)","NA
(02/2018)","12/2030
(-)","2343.64
(2343.64)",SRC-2025-09,520f100f2752c07c7d8e1180cce2258a6966d21b6e37fcbecca0b098835ef318,66,65,All Ongoing Projects,6,pdfplumber_table,twelve_month_gate2:0.1.0,"pdf_page_index=66,table_index=logical8,row_index=21"
OBS-202509-00672,2025-09,672,New B.G Railway Line between Jeypore & Navarangpur [38 Km] with Electrification,Indian Railway and Govt of Odisha,617320,-,-,Odisha,07/2017,09/2022,09/2025,-,747.91,747.91,5.71,0,"New B.G Railway Line between Jeypore & Navarangpur [38 Km] with Electrification
(Indian Railway and Govt of Odisha)
(617320)","07/2017
(09/2022)","09/2025
(-)","747.91
(747.91)",SRC-2025-09,520f100f2752c07c7d8e1180cce2258a6966d21b6e37fcbecca0b098835ef318,66,65,All Ongoing Projects,6,pdfplumber_table,twelve_month_gate2:0.1.0,"pdf_page_index=66,table_index=logical8,row_index=22"
OBS-202509-00673,2025-09,673,Khurda-Bolangir New Broad Gauge Rail Link [301km],East Coast Railway [ECoR] - II,705358,-,-,Odisha,03/1994,03/2001,12/2026,12/2026,3792,5089,5027.62,89,"Khurda-Bolangir New Broad Gauge Rail Link [301km]
(East Coast Railway [ECoR] - II)
(705358)","03/1994
(03/2001)","12/2026
(12/2026)","3792
(5089)",SRC-2025-09,520f100f2752c07c7d8e1180cce2258a6966d21b6e37fcbecca0b098835ef318,66,65,All Ongoing Projects,6,pdfplumber_table,twelve_month_gate2:0.1.0,"pdf_page_index=66,table_index=logical8,row_index=23"
OBS-202509-00674,2025-09,674,Talcher-Bimlagarh New Railway Line,East Coast Railway [ECoR] - II,705359,-,-,Odisha,03/2004,12/2004,03/2025,03/2027,1928,1928,1952.83,48,"Talcher-Bimlagarh New Railway Line
(East Coast Railway [ECoR] - II)
(705359)","03/2004
(12/2004)","03/2025
(03/2027)","1928
(1928)",SRC-2025-09,520f100f2752c07c7d8e1180cce2258a6966d21b6e37fcbecca0b098835ef318,66,65,All Ongoing Projects,6,pdfplumber_table,twelve_month_gate2:0.1.0,"pdf_page_index=66,table_index=logical8,row_index=24"
OBS-202509-00675,2025-09,675,Bhadrak-Nergundi Third Line,East Coast Railway [ECoR] - II,705510,-,-,Odisha,10/2015,04/2015,11/2024,01/2026,1284,1284,1298,80,"Bhadrak-Nergundi Third Line
(East Coast Railway [ECoR] - II)
(705510)","10/2015
(04/2015)","11/2024
(01/2026)","1284
(1284)",SRC-2025-09,520f100f2752c07c7d8e1180cce2258a6966d21b6e37fcbecca0b098835ef318,66,65,All Ongoing Projects,6,pdfplumber_table,twelve_month_gate2:0.1.0,"pdf_page_index=66,table_index=logical8,row_index=25"
OBS-202509-00676,2025-09,676,Koraput - Singapur Railway Doubling,East Coast Railway [ECoR] - II,705513,-,-,Odisha,12/2015,12/2015,12/2027,03/2028,2362,2362,1798.71,68,"Koraput - Singapur Railway Doubling
(East Coast Railway [ECoR] - II)
(705513)","12/2015
(12/2015)","12/2027
(03/2028)","2362
(2362)",SRC-2025-09,520f100f2752c07c7d8e1180cce2258a6966d21b6e37fcbecca0b098835ef318,66,65,All Ongoing Projects,6,pdfplumber_table,twelve_month_gate2:0.1.0,"pdf_page_index=66,table_index=logical8,row_index=26"
OBS-202509-00677,2025-09,677,Jarapada- Budhapank with flyover at Talcher road 3rd and 4th Line,East Coast Railway [ECoR] - II,705514,-,-,Odisha,11/2015,12/2015,11/2018,03/2026,1000,810.02,406.76,37,"Jarapada- Budhapank with flyover at Talcher road 3rd and 4th Line
(East Coast Railway [ECoR] - II)
(705514)","11/2015
(12/2015)","11/2018
(03/2026)","1000
(810.02)",SRC-2025-09,520f100f2752c07c7d8e1180cce2258a6966d21b6e37fcbecca0b098835ef318,66,65,All Ongoing Projects,6,pdfplumber_table,twelve_month_gate2:0.1.0,"pdf_page_index=66,table_index=logical8,row_index=27"
OBS-202509-00678,2025-09,678,3rd & 4th Railway Line Project from Salegaon to Budhapank via Rajathgarh.,East Coast Railway [ECoR] - II,705515,-,-,Odisha,07/2013,12/2015,03/2026,03/2026,1173,2092,1971,80,"3rd & 4th Railway Line Project from Salegaon to Budhapank via Rajathgarh.
(East Coast Railway [ECoR] - II)
(705515)","07/2013
(12/2015)","03/2026
(03/2026)","1173
(2092)",SRC-2025-09,520f100f2752c07c7d8e1180cce2258a6966d21b6e37fcbecca0b098835ef318,66,65,All Ongoing Projects,6,pdfplumber_table,twelve_month_gate2:0.1.0,"pdf_page_index=66,table_index=logical8,row_index=28"
OBS-202509-00679,2025-09,679,Jeypore-Navarangpur New Rail Line Project,East Coast Railway [ECoR] - II,705741,-,-,Odisha,07/2017,04/2023,07/2028,12/2029,748,748,10.56,1,"Jeypore-Navarangpur New Rail Line Project
(East Coast Railway [ECoR] - II)
(705741)","07/2017
(04/2023)","07/2028
(12/2029)","748
(748)",SRC-2025-09,520f100f2752c07c7d8e1180cce2258a6966d21b6e37fcbecca0b098835ef318,66,65,All Ongoing Projects,6,pdfplumber_table,twelve_month_gate2:0.1.0,"pdf_page_index=66,table_index=logical8,row_index=29"
OBS-202509-00680,2025-09,680,Khurda Road - Balangir Electrification of Railway Track Project,Ministry of Railways,706898,-,-,Odisha,09/2018,09/2019,03/2021,-,267.61,267.61,0,0,"Khurda Road - Balangir Electrification of Railway Track Project
(Ministry of Railways)
(706898)","09/2018
(09/2019)","03/2021
(-)","267.61
(267.61)",SRC-2025-09,520f100f2752c07c7d8e1180cce2258a6966d21b6e37fcbecca0b098835ef318,66,65,All Ongoing Projects,6,pdfplumber_table,twelve_month_gate2:0.1.0,"pdf_page_index=66,table_index=logical8,row_index=30"
OBS-202509-00681,2025-09,681,Godhani-Kalumna Chord 13.7 km,Ministry of Railways,617321,-,-,Offshore,07/2018,07/2018,07/2028,-,150000,150000,1940,11,"Godhani-Kalumna Chord 13.7 km
(Ministry of Railways)
(617321)","07/2018
(07/2018)","07/2028
(-)","150000
(150000)",SRC-2025-09,520f100f2752c07c7d8e1180cce2258a6966d21b6e37fcbecca0b098835ef318,67,66,All Ongoing Projects,6,pdfplumber_table,twelve_month_gate2:0.1.0,"pdf_page_index=67,table_index=logical8,row_index=1"
OBS-202509-00682,2025-09,682,"Jaynagar-Bijalpura, incl. extn. Bet, Bijalpura-Bardibas [Nepal]",East Central Railway [ECR] - I,705362,-,-,Offshore,08/2015,03/2011,03/2022,03/2026,819,819,580.51,75,"Jaynagar-Bijalpura, incl. extn. Bet, Bijalpura-Bardibas [Nepal]
(East Central Railway [ECR] - I)
(705362)","08/2015
(03/2011)","03/2022
(03/2026)","819
(819)",SRC-2025-09,520f100f2752c07c7d8e1180cce2258a6966d21b6e37fcbecca0b098835ef318,67,66,All Ongoing Projects,6,pdfplumber_table,twelve_month_gate2:0.1.0,"pdf_page_index=67,table_index=logical8,row_index=2"
OBS-202509-00683,2025-09,683,Ludhiana- Killa Raipur Railway Doubling Project,Railway,705783,-,-,Punjab,03/2019,12/2022,03/2025,03/2026,237.64,238,134.48,50,"Ludhiana- Killa Raipur Railway Doubling Project
(Railway)
(705783)","03/2019
(12/2022)","03/2025
(03/2026)","237.64
(238)",SRC-2025-09,520f100f2752c07c7d8e1180cce2258a6966d21b6e37fcbecca0b098835ef318,67,66,All Ongoing Projects,6,pdfplumber_table,twelve_month_gate2:0.1.0,"pdf_page_index=67,table_index=logical8,row_index=3"
OBS-202509-00684,2025-09,684,Dedicated Test Track for RDSO Phase II,North Western Railway [NWR],611614,-,-,Rajasthan,11/2021,11/2021,11/2026,11/2026,819.48,967.06,471,86,"Dedicated Test Track for RDSO Phase II
(North Western Railway [NWR])
(611614)","11/2021
(11/2021)","11/2026
(11/2026)","819.48
(967.06)",SRC-2025-09,520f100f2752c07c7d8e1180cce2258a6966d21b6e37fcbecca0b098835ef318,67,66,All Ongoing Projects,6,pdfplumber_table,twelve_month_gate2:0.1.0,"pdf_page_index=67,table_index=logical8,row_index=4"
OBS-202509-00685,2025-09,685,"Devgarh Madariya - Nathdwara Gauge Conversion [82.54 Km] part of Marwar - Mavli
Gauge Conversion [152 Km]",North Western Railway [NWR],611849,-,-,Rajasthan,01/2023,01/2023,06/2028,06/2028,968.92,968.92,137.16,51,"Devgarh Madariya - Nathdwara Gauge Conversion [82.54 Km] part of Marwar - Mavli
Gauge Conversion [152 Km]
(North Western Railway [NWR])
(611849)","01/2023
(01/2023)","06/2028
(06/2028)","968.92
(968.92)",SRC-2025-09,520f100f2752c07c7d8e1180cce2258a6966d21b6e37fcbecca0b098835ef318,67,66,All Ongoing Projects,6,pdfplumber_table,twelve_month_gate2:0.1.0,"pdf_page_index=67,table_index=logical8,row_index=5"
OBS-202509-00686,2025-09,686,"Maintenance cum workshop depot for Vande Bharat Sleeper Trains as per conditions
under WTA 527",WPO/Patna,611929,-,-,Rajasthan,09/2022,06/2023,12/2024,-,166.86,166.86,0,0,"Maintenance cum workshop depot for Vande Bharat Sleeper Trains as per conditions
under WTA 527
(WPO/Patna)
(611929)","09/2022
(06/2023)","12/2024
(-)","166.86
(166.86)",SRC-2025-09,520f100f2752c07c7d8e1180cce2258a6966d21b6e37fcbecca0b098835ef318,67,66,All Ongoing Projects,6,pdfplumber_table,twelve_month_gate2:0.1.0,"pdf_page_index=67,table_index=logical8,row_index=6"
OBS-202509-00687,2025-09,687,PUSHKAR- MERTA CITY NEW LINE,North Western Railway [NWR],616841,-,-,Rajasthan,02/2024,02/2024,12/2026,-,799.64,799.64,14.64,4,"PUSHKAR- MERTA CITY NEW LINE
(North Western Railway [NWR])
(616841)","02/2024
(02/2024)","12/2026
(-)","799.64
(799.64)",SRC-2025-09,520f100f2752c07c7d8e1180cce2258a6966d21b6e37fcbecca0b098835ef318,67,66,All Ongoing Projects,6,pdfplumber_table,twelve_month_gate2:0.1.0,"pdf_page_index=67,table_index=logical8,row_index=7"
OBS-202509-00688,2025-09,688,AJMER- CHANDERIYA DOUBLING,North Western Railway [NWR],616843,-,-,Rajasthan,02/2024,02/2024,06/2027,-,1634.79,1634.79,84.29,6,"AJMER- CHANDERIYA DOUBLING
(North Western Railway [NWR])
(616843)","02/2024
(02/2024)","06/2027
(-)","1634.79
(1634.79)",SRC-2025-09,520f100f2752c07c7d8e1180cce2258a6966d21b6e37fcbecca0b098835ef318,67,66,All Ongoing Projects,6,pdfplumber_table,twelve_month_gate2:0.1.0,"pdf_page_index=67,table_index=logical8,row_index=8"
OBS-202509-00689,2025-09,689,SADULPUR - CHURU DOUBLING PROJECT,North Western Railway [NWR],617403,-,-,Rajasthan,01/2024,01/2024,06/2026,-,468.64,468.64,99.51,50,"SADULPUR - CHURU DOUBLING PROJECT
(North Western Railway [NWR])
(617403)","01/2024
(01/2024)","06/2026
(-)","468.64
(468.64)",SRC-2025-09,520f100f2752c07c7d8e1180cce2258a6966d21b6e37fcbecca0b098835ef318,67,66,All Ongoing Projects,6,pdfplumber_table,twelve_month_gate2:0.1.0,"pdf_page_index=67,table_index=logical8,row_index=9"
OBS-202509-00690,2025-09,690,POKHRAN - RAMDEVRA New Line,North Western Railway [NWR],617404,-,-,Rajasthan,04/2025,04/2025,03/2028,-,189.21,189.21,0,0,"POKHRAN - RAMDEVRA New Line
(North Western Railway [NWR])
(617404)","04/2025
(04/2025)","03/2028
(-)","189.21
(189.21)",SRC-2025-09,520f100f2752c07c7d8e1180cce2258a6966d21b6e37fcbecca0b098835ef318,67,66,All Ongoing Projects,6,pdfplumber_table,twelve_month_gate2:0.1.0,"pdf_page_index=67,table_index=logical8,row_index=10"
OBS-202509-00691,2025-09,691,NATHDWARA- NATHDWARA TOWN NL,North Western Railway [NWR],617408,-,-,Rajasthan,03/2019,04/2024,03/2027,-,166.33,166.33,71.48,1,"NATHDWARA- NATHDWARA TOWN NL
(North Western Railway [NWR])
(617408)","03/2019
(04/2024)","03/2027
(-)","166.33
(166.33)",SRC-2025-09,520f100f2752c07c7d8e1180cce2258a6966d21b6e37fcbecca0b098835ef318,67,66,All Ongoing Projects,6,pdfplumber_table,twelve_month_gate2:0.1.0,"pdf_page_index=67,table_index=logical8,row_index=11"
OBS-202509-00692,2025-09,692,Dholpur - Sirmuttra Gauge Conversion,North Central Railway,705482,-,-,Rajasthan,03/2022,04/2020,02/2019,02/2027,747,747,355.13,43,"Dholpur - Sirmuttra Gauge Conversion
(North Central Railway)
(705482)","03/2022
(04/2020)","02/2019
(02/2027)","747
(747)",SRC-2025-09,520f100f2752c07c7d8e1180cce2258a6966d21b6e37fcbecca0b098835ef318,67,66,All Ongoing Projects,6,pdfplumber_table,twelve_month_gate2:0.1.0,"pdf_page_index=67,table_index=logical8,row_index=12"
OBS-202509-00693,2025-09,693,Gudha-Thatha Mithri Construction of Railway Track Project,North Western Railway [NWR],705752,-,-,Rajasthan,04/2019,04/2019,11/2026,11/2026,819.48,967.06,377.59,99,"Gudha-Thatha Mithri Construction of Railway Track Project
(North Western Railway [NWR])
(705752)","04/2019
(04/2019)","11/2026
(11/2026)","819.48
(967.06)",SRC-2025-09,520f100f2752c07c7d8e1180cce2258a6966d21b6e37fcbecca0b098835ef318,67,66,All Ongoing Projects,6,pdfplumber_table,twelve_month_gate2:0.1.0,"pdf_page_index=67,table_index=logical8,row_index=13"
OBS-202509-00694,2025-09,694,Sawai Madhopur-Jaipur Railway Line Project,North Western Railway [NWR],705912,-,-,Rajasthan,02/2024,04/2023,03/2027,-,1203.89,1203.89,73.03,7,"Sawai Madhopur-Jaipur Railway Line Project
(North Western Railway [NWR])
(705912)","02/2024
(04/2023)","03/2027
(-)","1203.89
(1203.89)",SRC-2025-09,520f100f2752c07c7d8e1180cce2258a6966d21b6e37fcbecca0b098835ef318,67,66,All Ongoing Projects,6,pdfplumber_table,twelve_month_gate2:0.1.0,"pdf_page_index=67,table_index=logical8,row_index=14"
OBS-202509-00695,2025-09,695,Agra Fort-Bandikui Doubling Line Project,CAO/C/NCR,705919,-,-,Rajasthan,06/2022,02/2021,06/2027,06/2027,1390,1390,123,25,"Agra Fort-Bandikui Doubling Line Project
(CAO/C/NCR)
(705919)","06/2022
(02/2021)","06/2027
(06/2027)","1390
(1390)",SRC-2025-09,520f100f2752c07c7d8e1180cce2258a6966d21b6e37fcbecca0b098835ef318,67,66,All Ongoing Projects,6,pdfplumber_table,twelve_month_gate2:0.1.0,"pdf_page_index=67,table_index=logical8,row_index=15"
OBS-202509-00696,2025-09,696,Sawaimadhopur Bye Pass Line Project,North Western Railway [NWR],706866,-,-,Rajasthan,12/2022,01/2023,03/2026,05/2027,304,304,45.64,45,"Sawaimadhopur Bye Pass Line Project
(North Western Railway [NWR])
(706866)","12/2022
(01/2023)","03/2026
(05/2027)","304
(304)",SRC-2025-09,520f100f2752c07c7d8e1180cce2258a6966d21b6e37fcbecca0b098835ef318,67,66,All Ongoing Projects,6,pdfplumber_table,twelve_month_gate2:0.1.0,"pdf_page_index=67,table_index=logical8,row_index=16"
OBS-202509-00697,2025-09,697,Ph II extension of MRTS from Velachery to St Thomas Mount,Southern Railways [SR] - construction,400280,-,-,Tamil Nadu,11/2007,11/2008,07/2024,08/2025,734,982,475.73,99,"Ph II extension of MRTS from Velachery to St Thomas Mount
(Southern Railways [SR] - construction)
(400280)","11/2007
(11/2008)","07/2024
(08/2025)","734
(982)",SRC-2025-09,520f100f2752c07c7d8e1180cce2258a6966d21b6e37fcbecca0b098835ef318,67,66,All Ongoing Projects,6,pdfplumber_table,twelve_month_gate2:0.1.0,"pdf_page_index=67,table_index=logical8,row_index=17"
OBS-202509-00698,2025-09,698,Redevelopment of Chennai Egmore Station,Railway,613002,-,-,Tamil Nadu,05/2022,10/2022,03/2026,-,842,842,340,0,"Redevelopment of Chennai Egmore Station
(Railway)
(613002)","05/2022
(10/2022)","03/2026
(-)","842
(842)",SRC-2025-09,520f100f2752c07c7d8e1180cce2258a6966d21b6e37fcbecca0b098835ef318,67,66,All Ongoing Projects,6,pdfplumber_table,twelve_month_gate2:0.1.0,"pdf_page_index=67,table_index=logical8,row_index=18"
OBS-202509-00699,2025-09,699,Coach Production Factory Upgradation Project,CPM/ICF,705244,-,-,Tamil Nadu,12/2017,07/2018,12/2021,-,520,520,192.25,0,"Coach Production Factory Upgradation Project
(CPM/ICF)
(705244)","12/2017
(07/2018)","12/2021
(-)","520
(520)",SRC-2025-09,520f100f2752c07c7d8e1180cce2258a6966d21b6e37fcbecca0b098835ef318,67,66,All Ongoing Projects,6,pdfplumber_table,twelve_month_gate2:0.1.0,"pdf_page_index=67,table_index=logical8,row_index=19"
OBS-202509-00700,2025-09,700,Railway Manufacturing Unit,South Central Railway [SCR] - II,617409,-,-,Telangana,07/2016,02/2023,12/2026,-,521.36,521.36,420,58,"Railway Manufacturing Unit
(South Central Railway [SCR] - II)
(617409)","07/2016
(02/2023)","12/2026
(-)","521.36
(521.36)",SRC-2025-09,520f100f2752c07c7d8e1180cce2258a6966d21b6e37fcbecca0b098835ef318,67,66,All Ongoing Projects,6,pdfplumber_table,twelve_month_gate2:0.1.0,"pdf_page_index=67,table_index=logical8,row_index=20"
OBS-202509-00701,2025-09,701,Kazipet Wagon Overhauling Project,RVNL,705252,-,-,Telangana,09/2017,07/2017,12/2023,-,385,385,0,0,"Kazipet Wagon Overhauling Project
(RVNL)
(705252)","09/2017
(07/2017)","12/2023
(-)","385
(385)",SRC-2025-09,520f100f2752c07c7d8e1180cce2258a6966d21b6e37fcbecca0b098835ef318,67,66,All Ongoing Projects,6,pdfplumber_table,twelve_month_gate2:0.1.0,"pdf_page_index=67,table_index=logical8,row_index=21"
OBS-202509-00702,2025-09,702,Manoharabad-Kothapalli New Rail Line [151 km],South Central Railway [SCR] - II,705437,-,-,Telangana,07/2016,01/2017,03/2027,12/2027,1160,2781,1902.91,71,"Manoharabad-Kothapalli New Rail Line [151 km]
(South Central Railway [SCR] - II)
(705437)","07/2016
(01/2017)","03/2027
(12/2027)","1160
(2781)",SRC-2025-09,520f100f2752c07c7d8e1180cce2258a6966d21b6e37fcbecca0b098835ef318,67,66,All Ongoing Projects,6,pdfplumber_table,twelve_month_gate2:0.1.0,"pdf_page_index=67,table_index=logical8,row_index=22"
OBS-202509-00703,2025-09,703,Bahraich-Shravasti-Balrampur-Siddharthnagar -Santkabir nagar,North Eastern Railway [NER],400204,-,-,Uttar Pradesh,10/2018,03/2017,10/2030,10/2030,4939.78,4939.78,1239.61,8,"Bahraich-Shravasti-Balrampur-Siddharthnagar -Santkabir nagar
(North Eastern Railway [NER])
(400204)","10/2018
(03/2017)","10/2030
(10/2030)","4939.78
(4939.78)",SRC-2025-09,520f100f2752c07c7d8e1180cce2258a6966d21b6e37fcbecca0b098835ef318,67,66,All Ongoing Projects,6,pdfplumber_table,twelve_month_gate2:0.1.0,"pdf_page_index=67,table_index=logical8,row_index=23"
OBS-202509-00704,2025-09,704,Sahjanwa-Dohrighat,North Eastern Railway [NER],400205,-,-,Uttar Pradesh,08/2019,03/2017,03/2029,03/2029,1319.75,1319.75,473.69,3,"Sahjanwa-Dohrighat
(North Eastern Railway [NER])
(400205)","08/2019
(03/2017)","03/2029
(03/2029)","1319.75
(1319.75)",SRC-2025-09,520f100f2752c07c7d8e1180cce2258a6966d21b6e37fcbecca0b098835ef318,67,66,All Ongoing Projects,6,pdfplumber_table,twelve_month_gate2:0.1.0,"pdf_page_index=67,table_index=logical8,row_index=24"
OBS-202509-00705,2025-09,705,Anandnagar - Ghugli via Maharajganj New line 52.7 km,Construction NER,617252,-,-,Uttar Pradesh,10/2023,11/2023,03/2028,-,958.27,958.27,445.85,23,"Anandnagar - Ghugli via Maharajganj New line 52.7 km
(Construction NER)
(617252)","10/2023
(11/2023)","03/2028
(-)","958.27
(958.27)",SRC-2025-09,520f100f2752c07c7d8e1180cce2258a6966d21b6e37fcbecca0b098835ef318,67,66,All Ongoing Projects,6,pdfplumber_table,twelve_month_gate2:0.1.0,"pdf_page_index=67,table_index=logical8,row_index=25"
OBS-202509-00706,2025-09,706,Chunar-Chopan doubling project,North Central Railway,617284,-,-,Uttar Pradesh,08/2023,01/2025,03/2028,-,1423.96,1423.96,49.57,2,"Chunar-Chopan doubling project
(North Central Railway)
(617284)","08/2023
(01/2025)","03/2028
(-)","1423.96
(1423.96)",SRC-2025-09,520f100f2752c07c7d8e1180cce2258a6966d21b6e37fcbecca0b098835ef318,67,66,All Ongoing Projects,6,pdfplumber_table,twelve_month_gate2:0.1.0,"pdf_page_index=67,table_index=logical8,row_index=26"
OBS-202509-00707,2025-09,707,Surface triangle line bet. Bhadura stn and new crossing stn Karma,East Central Railway [ECR] - I,617333,-,-,Uttar Pradesh,10/2022,05/2024,02/2027,-,199.96,199.96,0,0,"Surface triangle line bet. Bhadura stn and new crossing stn Karma
(East Central Railway [ECR] - I)
(617333)","10/2022
(05/2024)","02/2027
(-)","199.96
(199.96)",SRC-2025-09,520f100f2752c07c7d8e1180cce2258a6966d21b6e37fcbecca0b098835ef318,67,66,All Ongoing Projects,6,pdfplumber_table,twelve_month_gate2:0.1.0,"pdf_page_index=67,table_index=logical8,row_index=27"
OBS-202509-00708,2025-09,708,Doubling between Jaunpur Jn - Zaffarabad 6.28 km,M/S SRC company Infra Private Limited,617370,-,-,Uttar Pradesh,03/2023,02/2025,01/2027,-,180.66,180.66,4,10,"Doubling between Jaunpur Jn - Zaffarabad 6.28 km
(M/S SRC company Infra Private Limited)
(617370)","03/2023
(02/2025)","01/2027
(-)","180.66
(180.66)",SRC-2025-09,520f100f2752c07c7d8e1180cce2258a6966d21b6e37fcbecca0b098835ef318,67,66,All Ongoing Projects,6,pdfplumber_table,twelve_month_gate2:0.1.0,"pdf_page_index=67,table_index=logical8,row_index=28"
OBS-202509-00709,2025-09,709,Domingarh-Gorakhpur-Gorakhpur Cantt.-Kusumhi - 3rd Railway Line Project,North Eastern Railway [NER],705566,-,-,Uttar Pradesh,11/2016,06/2018,02/2025,09/2025,351,521.47,499.64,98,"Domingarh-Gorakhpur-Gorakhpur Cantt.-Kusumhi - 3rd Railway Line Project
(North Eastern Railway [NER])
(705566)","11/2016
(06/2018)","02/2025
(09/2025)","351
(521.47)",SRC-2025-09,520f100f2752c07c7d8e1180cce2258a6966d21b6e37fcbecca0b098835ef318,67,66,All Ongoing Projects,6,pdfplumber_table,twelve_month_gate2:0.1.0,"pdf_page_index=67,table_index=logical8,row_index=29"
OBS-202509-00710,2025-09,710,Burhwal Gonda 3rd line,North Eastern Railway [NER],705567,-,-,Uttar Pradesh,11/2017,07/2019,03/2025,11/2025,1016,1118,1373.8,73,"Burhwal Gonda 3rd line
(North Eastern Railway [NER])
(705567)","11/2017
(07/2019)","03/2025
(11/2025)","1016
(1118)",SRC-2025-09,520f100f2752c07c7d8e1180cce2258a6966d21b6e37fcbecca0b098835ef318,67,66,All Ongoing Projects,6,pdfplumber_table,twelve_month_gate2:0.1.0,"pdf_page_index=67,table_index=logical8,row_index=30"
OBS-202509-00711,2025-09,711,Janghai-Pratapgarh- Amethi,CAO/C/II/NR,705588,-,-,Uttar Pradesh,11/2017,03/2017,03/2025,03/2026,722,1194,1567,70,"Janghai-Pratapgarh- Amethi
(CAO/C/II/NR)
(705588)","11/2017
(03/2017)","03/2025
(03/2026)","722
(1194)",SRC-2025-09,520f100f2752c07c7d8e1180cce2258a6966d21b6e37fcbecca0b098835ef318,68,67,All Ongoing Projects,6,pdfplumber_table,twelve_month_gate2:0.1.0,"pdf_page_index=68,table_index=logical8,row_index=1"
OBS-202509-00712,2025-09,712,Lalitpur-Birari with flyover at Lalitpur- 16 Km,North Central Railway,705766,-,-,Uttar Pradesh,03/2017,11/2017,12/2024,01/2026,304.44,356,224.8,75,"Lalitpur-Birari with flyover at Lalitpur- 16 Km
(North Central Railway)
(705766)","03/2017
(11/2017)","12/2024
(01/2026)","304.44
(356)",SRC-2025-09,520f100f2752c07c7d8e1180cce2258a6966d21b6e37fcbecca0b098835ef318,68,67,All Ongoing Projects,6,pdfplumber_table,twelve_month_gate2:0.1.0,"pdf_page_index=68,table_index=logical8,row_index=2"
OBS-202509-00713,2025-09,713,Allahabad-Bamhrauli Flyover Construction & 4th Railway Line Project,North Central Railway,705771,-,-,Uttar Pradesh,04/2019,10/2020,03/2026,03/2026,494,494,333,70,"Allahabad-Bamhrauli Flyover Construction & 4th Railway Line Project
(North Central Railway)
(705771)","04/2019
(10/2020)","03/2026
(03/2026)","494
(494)",SRC-2025-09,520f100f2752c07c7d8e1180cce2258a6966d21b6e37fcbecca0b098835ef318,68,67,All Ongoing Projects,6,pdfplumber_table,twelve_month_gate2:0.1.0,"pdf_page_index=68,table_index=logical8,row_index=3"
OBS-202509-00714,2025-09,714,"Mughalsarai-Allahabad, 3rd line",North Central Railway,705772,-,-,Uttar Pradesh,12/2015,03/2016,12/2026,03/2027,2649,2649.44,1561.89,62,"Mughalsarai-Allahabad, 3rd line
(North Central Railway)
(705772)","12/2015
(03/2016)","12/2026
(03/2027)","2649
(2649.44)",SRC-2025-09,520f100f2752c07c7d8e1180cce2258a6966d21b6e37fcbecca0b098835ef318,68,67,All Ongoing Projects,6,pdfplumber_table,twelve_month_gate2:0.1.0,"pdf_page_index=68,table_index=logical8,row_index=4"
OBS-202509-00715,2025-09,715,Aligarh -Daud Khan Flyover Construction & 3rd Railway Line Project,CAO/C/NCR,705774,-,-,Uttar Pradesh,04/2019,09/2020,01/2025,03/2027,758,779.49,319.14,55,"Aligarh -Daud Khan Flyover Construction & 3rd Railway Line Project
(CAO/C/NCR)
(705774)","04/2019
(09/2020)","01/2025
(03/2027)","758
(779.49)",SRC-2025-09,520f100f2752c07c7d8e1180cce2258a6966d21b6e37fcbecca0b098835ef318,68,67,All Ongoing Projects,6,pdfplumber_table,twelve_month_gate2:0.1.0,"pdf_page_index=68,table_index=logical8,row_index=5"
OBS-202509-00716,2025-09,716,Bhandai - Flyover for Etawah bound down train- 10 Km,North Central Railway (NCR) - II,705777,-,-,Uttar Pradesh,07/2020,04/2021,02/2026,02/2027,250.18,250.18,113.94,3,"Bhandai - Flyover for Etawah bound down train- 10 Km
(North Central Railway (NCR) - II)
(705777)","07/2020
(04/2021)","02/2026
(02/2027)","250.18
(250.18)",SRC-2025-09,520f100f2752c07c7d8e1180cce2258a6966d21b6e37fcbecca0b098835ef318,68,67,All Ongoing Projects,6,pdfplumber_table,twelve_month_gate2:0.1.0,"pdf_page_index=68,table_index=logical8,row_index=6"
OBS-202509-00717,2025-09,717,"Phephna-Indara, Mau-Shahganj doubling excluding Indara-Mau",South Eastern Railway [SER] - I,705779,-,-,Uttar Pradesh,05/2017,10/2019,12/2024,03/2026,1178,1777,1489.5,85,"Phephna-Indara, Mau-Shahganj doubling excluding Indara-Mau
(South Eastern Railway [SER] - I)
(705779)","05/2017
(10/2019)","12/2024
(03/2026)","1178
(1777)",SRC-2025-09,520f100f2752c07c7d8e1180cce2258a6966d21b6e37fcbecca0b098835ef318,68,67,All Ongoing Projects,6,pdfplumber_table,twelve_month_gate2:0.1.0,"pdf_page_index=68,table_index=logical8,row_index=7"
OBS-202509-00718,2025-09,718,Bhatni-Aurnihar with electrification excluding Indara-Mau,RVNL - II,705780,-,-,Uttar Pradesh,03/2018,03/2017,12/2024,10/2025,2529,2529.46,2051.69,94,"Bhatni-Aurnihar with electrification excluding Indara-Mau
(RVNL - II)
(705780)","03/2018
(03/2017)","12/2024
(10/2025)","2529
(2529.46)",SRC-2025-09,520f100f2752c07c7d8e1180cce2258a6966d21b6e37fcbecca0b098835ef318,68,67,All Ongoing Projects,6,pdfplumber_table,twelve_month_gate2:0.1.0,"pdf_page_index=68,table_index=logical8,row_index=8"
OBS-202509-00719,2025-09,719,Barabanki-Malhaur 3rd & 4th Railway Line Project,CAO/C/NR,705782,-,-,Uttar Pradesh,01/2019,04/2017,03/2025,03/2026,407,407,317,75,"Barabanki-Malhaur 3rd & 4th Railway Line Project
(CAO/C/NR)
(705782)","01/2019
(04/2017)","03/2025
(03/2026)","407
(407)",SRC-2025-09,520f100f2752c07c7d8e1180cce2258a6966d21b6e37fcbecca0b098835ef318,68,67,All Ongoing Projects,6,pdfplumber_table,twelve_month_gate2:0.1.0,"pdf_page_index=68,table_index=logical8,row_index=9"
OBS-202509-00720,2025-09,720,Janghai-Phaphamau Doubling Rail Line Project,RVNL,705784,-,-,Uttar Pradesh,11/2018,03/2020,03/2025,03/2025,357,978.77,579,95,"Janghai-Phaphamau Doubling Rail Line Project
(RVNL)
(705784)","11/2018
(03/2020)","03/2025
(03/2025)","357
(978.77)",SRC-2025-09,520f100f2752c07c7d8e1180cce2258a6966d21b6e37fcbecca0b098835ef318,68,67,All Ongoing Projects,6,pdfplumber_table,twelve_month_gate2:0.1.0,"pdf_page_index=68,table_index=logical8,row_index=10"
OBS-202509-00721,2025-09,721,Bahraich - Nanpara - Nepalganj Road Gauge Conversion,North Eastern Railway [NER],705863,-,-,Uttar Pradesh,07/2020,04/2021,07/2025,09/2025,950,550,507.02,100,"Bahraich - Nanpara - Nepalganj Road Gauge Conversion
(North Eastern Railway [NER])
(705863)","07/2020
(04/2021)","07/2025
(09/2025)","950
(550)",SRC-2025-09,520f100f2752c07c7d8e1180cce2258a6966d21b6e37fcbecca0b098835ef318,68,67,All Ongoing Projects,6,pdfplumber_table,twelve_month_gate2:0.1.0,"pdf_page_index=68,table_index=logical8,row_index=11"
OBS-202509-00722,2025-09,722,Rishikesh-Karnaprayag New Rail Line- 125 km,RVNL - II,705429,-,-,Uttarakhand,11/2016,08/2018,12/2025,03/2027,38953,38953,24645.15,65,"Rishikesh-Karnaprayag New Rail Line- 125 km
(RVNL - II)
(705429)","11/2016
(08/2018)","12/2025
(03/2027)","38953
(38953)",SRC-2025-09,520f100f2752c07c7d8e1180cce2258a6966d21b6e37fcbecca0b098835ef318,68,67,All Ongoing Projects,6,pdfplumber_table,twelve_month_gate2:0.1.0,"pdf_page_index=68,table_index=logical8,row_index=12"
OBS-202509-00723,2025-09,723,"Kalinarayanpur-Krishnanagar Doubling Alongwith Krishnanagar - Chapra New Line
And Naihati-Ranaghat 3rd Line.",Eastern Railway [ER] - I,400247,-,-,West Bengal,07/2015,11/2005,02/2027,02/2027,1000,1000,1034.35,67,"Kalinarayanpur-Krishnanagar Doubling Alongwith Krishnanagar - Chapra New Line
And Naihati-Ranaghat 3rd Line.
(Eastern Railway [ER] - I)
(400247)","07/2015
(11/2005)","02/2027
(02/2027)","1000
(1000)",SRC-2025-09,520f100f2752c07c7d8e1180cce2258a6966d21b6e37fcbecca0b098835ef318,68,67,All Ongoing Projects,6,pdfplumber_table,twelve_month_gate2:0.1.0,"pdf_page_index=68,table_index=logical8,row_index=13"
OBS-202509-00724,2025-09,724,Tarakeshwar-Bishnupur New Line [82.47 km],Eastern Railway [ER] - I,400273,-,-,West Bengal,03/2001,02/2008,03/2019,02/2026,1189,1542,1320.81,91,"Tarakeshwar-Bishnupur New Line [82.47 km]
(Eastern Railway [ER] - I)
(400273)","03/2001
(02/2008)","03/2019
(02/2026)","1189
(1542)",SRC-2025-09,520f100f2752c07c7d8e1180cce2258a6966d21b6e37fcbecca0b098835ef318,68,67,All Ongoing Projects,6,pdfplumber_table,twelve_month_gate2:0.1.0,"pdf_page_index=68,table_index=logical8,row_index=14"
OBS-202509-00725,2025-09,725,Dum Dum Airport-New Garia via Rajarhat-Construction of Metro Railway,RVNL - II,400277,-,-,West Bengal,03/2010,10/2011,12/2025,03/2026,8964,8964,8097.47,80,"Dum Dum Airport-New Garia via Rajarhat-Construction of Metro Railway
(RVNL - II)
(400277)","03/2010
(10/2011)","12/2025
(03/2026)","8964
(8964)",SRC-2025-09,520f100f2752c07c7d8e1180cce2258a6966d21b6e37fcbecca0b098835ef318,68,67,All Ongoing Projects,6,pdfplumber_table,twelve_month_gate2:0.1.0,"pdf_page_index=68,table_index=logical8,row_index=15"
OBS-202509-00726,2025-09,726,Construction of Balurghat-Hilli new BG Line,Northeast Frontier Railway [NFR],612096,-,-,West Bengal,12/2010,12/2010,03/2027,03/2025,1209,1209,405.31,9,"Construction of Balurghat-Hilli new BG Line
(Northeast Frontier Railway [NFR])
(612096)","12/2010
(12/2010)","03/2027
(03/2025)","1209
(1209)",SRC-2025-09,520f100f2752c07c7d8e1180cce2258a6966d21b6e37fcbecca0b098835ef318,68,67,All Ongoing Projects,6,pdfplumber_table,twelve_month_gate2:0.1.0,"pdf_page_index=68,table_index=logical8,row_index=16"
OBS-202509-00727,2025-09,727,"SER Upgradation of maintenance infrastructure at Shalimar into Vande Bharat Chair
Car maintenance cum workshop depot.",South Eastern Railway - JH,617345,-,-,West Bengal,NA,12/2024,10/2026,-,226.87,226.87,0.21,5,"SER Upgradation of maintenance infrastructure at Shalimar into Vande Bharat Chair
Car maintenance cum workshop depot.
(South Eastern Railway - JH)
(617345)","NA
(12/2024)","10/2026
(-)","226.87
(226.87)",SRC-2025-09,520f100f2752c07c7d8e1180cce2258a6966d21b6e37fcbecca0b098835ef318,68,67,All Ongoing Projects,6,pdfplumber_table,twelve_month_gate2:0.1.0,"pdf_page_index=68,table_index=logical8,row_index=17"
OBS-202509-00728,2025-09,728,Joka-BBD Bag new metro project,RVNL - II,705730,-,-,West Bengal,03/2010,04/2010,12/2026,12/2028,4835,10362,4485.2,59,"Joka-BBD Bag new metro project
(RVNL - II)
(705730)","03/2010
(04/2010)","12/2026
(12/2028)","4835
(10362)",SRC-2025-09,520f100f2752c07c7d8e1180cce2258a6966d21b6e37fcbecca0b098835ef318,68,67,All Ongoing Projects,6,pdfplumber_table,twelve_month_gate2:0.1.0,"pdf_page_index=68,table_index=logical8,row_index=18"
OBS-202509-00729,2025-09,729,Noapara-Barasat via Bimanbandar - Construction of Metro railway [18 km],"Metro Railway, Kolkata",706776,-,-,West Bengal,11/2010,03/2010,08/2026,03/2029,4830,4830,2764.13,32,"Noapara-Barasat via Bimanbandar - Construction of Metro railway [18 km]
(Metro Railway, Kolkata)
(706776)","11/2010
(03/2010)","08/2026
(03/2029)","4830
(4830)",SRC-2025-09,520f100f2752c07c7d8e1180cce2258a6966d21b6e37fcbecca0b098835ef318,68,67,All Ongoing Projects,6,pdfplumber_table,twelve_month_gate2:0.1.0,"pdf_page_index=68,table_index=logical8,row_index=19"
OBS-202509-00730,2025-09,730,Baranagar-Barrackpore and Dakshineshwar- Construction of Metro Railway,RVNL - II,706777,-,-,West Bengal,03/2010,03/2010,12/2026,12/2025,2298,2734,393,17,"Baranagar-Barrackpore and Dakshineshwar- Construction of Metro Railway
(RVNL - II)
(706777)","03/2010
(03/2010)","12/2026
(12/2025)","2298
(2734)",SRC-2025-09,520f100f2752c07c7d8e1180cce2258a6966d21b6e37fcbecca0b098835ef318,68,67,All Ongoing Projects,6,pdfplumber_table,twelve_month_gate2:0.1.0,"pdf_page_index=68,table_index=logical8,row_index=20"
OBS-202509-00731,2025-09,731,Krishnapatnam Node - Phase 1 - Roads and Services Development,National Industrial Corridor Development Corporation,701658,-,-,Andhra Pradesh,12/2020,02/2024,02/2028,-,2139.44,2139.44,470.66,21,"Krishnapatnam Node - Phase 1 - Roads and Services Development
(National Industrial Corridor Development Corporation)
(701658)","12/2020
(02/2024)","02/2028
(-)","2139.44
(2139.44)",SRC-2025-09,520f100f2752c07c7d8e1180cce2258a6966d21b6e37fcbecca0b098835ef318,68,67,All Ongoing Projects,6,pdfplumber_table,twelve_month_gate2:0.1.0,"pdf_page_index=68,table_index=logical8,row_index=24"
OBS-202509-00732,2025-09,732,Tumakuru Node - Phase 1 - Roads and Services Development,National Highways & Infrastructure Development Corporation Ltd. [NHIDCL],701657,-,-,Karnataka,12/2020,02/2023,09/2026,-,1701.81,1701.81,117.01,9,"Tumakuru Node - Phase 1 - Roads and Services Development
(National Highways & Infrastructure Development Corporation Ltd. [NHIDCL])
(701657)","12/2020
(02/2023)","09/2026
(-)","1701.81
(1701.81)",SRC-2025-09,520f100f2752c07c7d8e1180cce2258a6966d21b6e37fcbecca0b098835ef318,68,67,All Ongoing Projects,6,pdfplumber_table,twelve_month_gate2:0.1.0,"pdf_page_index=68,table_index=logical8,row_index=25"
OBS-202509-00733,2025-09,733,"SETTING UP OF PHYSICAL INFRASTRUCTURE FOR THE NATIONAL INSTITUTE
OF COMMUNICATION FINANCE [NICF] AT GHITORNI",National Communication Academy - Finance (Erstwhile NICF),709859,-,-,Delhi,10/2014,04/2018,02/2020,10/2025,248.2,248.2,236.91,98,"SETTING UP OF PHYSICAL INFRASTRUCTURE FOR THE NATIONAL INSTITUTE
OF COMMUNICATION FINANCE [NICF] AT GHITORNI
(National Communication Academy - Finance (Erstwhile NICF))
(709859)","10/2014
(04/2018)","02/2020
(10/2025)","248.2
(248.2)",SRC-2025-09,520f100f2752c07c7d8e1180cce2258a6966d21b6e37fcbecca0b098835ef318,68,67,All Ongoing Projects,6,pdfplumber_table,twelve_month_gate2:0.1.0,"pdf_page_index=68,table_index=logical8,row_index=29"
OBS-202509-00734,2025-09,734,"Provision of 4G based Mobile Services in Uncovered Villages and National Highways
of Meghalaya",Department of Telecommunications,701598,-,-,Meghalaya,09/2019,09/2020,03/2022,09/2025,971.96,971.96,208.25,99,"Provision of 4G based Mobile Services in Uncovered Villages and National Highways
of Meghalaya
(Department of Telecommunications)
(701598)","09/2019
(09/2020)","03/2022
(09/2025)","971.96
(971.96)",SRC-2025-09,520f100f2752c07c7d8e1180cce2258a6966d21b6e37fcbecca0b098835ef318,68,67,All Ongoing Projects,6,pdfplumber_table,twelve_month_gate2:0.1.0,"pdf_page_index=68,table_index=logical8,row_index=30"
OBS-202509-00735,2025-09,735,"Mobile connectivity in Left Wing Extremism [LWE] affected areas-Phase 1
Upgradation",Department of Telecommunications [DoT],617413,-,-,"Multi-States
(Andhra Pradesh,
Bihar,
Chhattisgarh,
Jharkhand,
Madhya Pradesh,
Maharashtra,
Odisha,
Telangana, Uttar
Pradesh, West
Bengal)",04/2022,05/2024,05/2025,11/2025,1884.6,1884.6,100,55,"Mobile connectivity in Left Wing Extremism [LWE] affected areas-Phase 1
Upgradation
(Department of Telecommunications [DoT])
(617413)","04/2022
(05/2024)","05/2025
(11/2025)","1884.6
(1884.6)",SRC-2025-09,520f100f2752c07c7d8e1180cce2258a6966d21b6e37fcbecca0b098835ef318,69,68,All Ongoing Projects,6,pdfplumber_table,twelve_month_gate2:0.1.0,"pdf_page_index=69,table_index=logical8,row_index=1"
OBS-202509-00736,2025-09,736,Mobile connectivity in Left Wing Extremism [LWE] affected areas-Phase2,Department of Telecommunications [DoT],701599,-,-,"Multi-States
(Andhra Pradesh,
Bihar,
Chhattisgarh,
Jharkhand,
Madhya Pradesh,
Maharashtra,
Odisha,
Telangana, Uttar
Pradesh, West
Bengal)",NA,09/2021,03/2023,11/2025,1577.57,1577.57,600.04,87,"Mobile connectivity in Left Wing Extremism [LWE] affected areas-Phase2
(Department of Telecommunications [DoT])
(701599)","NA
(09/2021)","03/2023
(11/2025)","1577.57
(1577.57)",SRC-2025-09,520f100f2752c07c7d8e1180cce2258a6966d21b6e37fcbecca0b098835ef318,69,68,All Ongoing Projects,6,pdfplumber_table,twelve_month_gate2:0.1.0,"pdf_page_index=69,table_index=logical8,row_index=2"
OBS-202509-00737,2025-09,737,"Provision of 4G based mobile services in 7,287 uncovered villages of 44 Aspirational
District across 5 states of Andhra Pradesh, Chhattisgarh, Jharkhand, Maharashtra &
Odisha",Department of Telecommunications [DoT],701602,-,-,"Multi-States
(Andhra Pradesh,
Chhattisgarh,
Jharkhand,
Maharashtra,
Odisha)",11/2021,05/2022,11/2023,11/2025,3685,3685,1135.28,80,"Provision of 4G based mobile services in 7,287 uncovered villages of 44 Aspirational
District across 5 states of Andhra Pradesh, Chhattisgarh, Jharkhand, Maharashtra &
Odisha
(Department of Telecommunications [DoT])
(701602)","11/2021
(05/2022)","11/2023
(11/2025)","3685
(3685)",SRC-2025-09,520f100f2752c07c7d8e1180cce2258a6966d21b6e37fcbecca0b098835ef318,69,68,All Ongoing Projects,6,pdfplumber_table,twelve_month_gate2:0.1.0,"pdf_page_index=69,table_index=logical8,row_index=3"
OBS-202509-00738,2025-09,738,"Provision of 4G Mobile Services in Uncovered Villages of Arunachal Pradesh and 2
Districts of Assam",Department of Telecommunications,701597,-,-,"Multi-States
(Arunachal
Pradesh, Assam)",12/2020,10/2021,04/2023,09/2025,1255.49,1255.49,284.04,91,"Provision of 4G Mobile Services in Uncovered Villages of Arunachal Pradesh and 2
Districts of Assam
(Department of Telecommunications)
(701597)","12/2020
(10/2021)","04/2023
(09/2025)","1255.49
(1255.49)",SRC-2025-09,520f100f2752c07c7d8e1180cce2258a6966d21b6e37fcbecca0b098835ef318,69,68,All Ongoing Projects,6,pdfplumber_table,twelve_month_gate2:0.1.0,"pdf_page_index=69,table_index=logical8,row_index=4"
OBS-202509-00739,2025-09,739,354 Uncovered Villages Scheme,Department of Telecommunications [DoT],701600,-,-,"Multi-States
(Bihar, Gujarat,
Himachal Pradesh,
Jammu and
Kashmir, Ladakh,
Rajasthan, Uttar
Pradesh)",12/2019,04/2020,10/2021,08/2025,336.89,301.13,227.82,97,"354 Uncovered Villages Scheme
(Department of Telecommunications [DoT])
(701600)","12/2019
(04/2020)","10/2021
(08/2025)","336.89
(301.13)",SRC-2025-09,520f100f2752c07c7d8e1180cce2258a6966d21b6e37fcbecca0b098835ef318,69,68,All Ongoing Projects,6,pdfplumber_table,twelve_month_gate2:0.1.0,"pdf_page_index=69,table_index=logical8,row_index=5"
OBS-202509-00740,2025-09,740,"502 Aspirational District Scheme in Four states - Bihar, Madhya Pradesh, Rajastha
and Uttar Pradesh",Department of Telecommunications [DoT],704495,-,-,"Multi-States
(Bihar, Madhya
Pradesh,
Rajasthan, Uttar
Pradesh)",NA,03/2021,03/2022,12/2025,421.65,228.94,134.51,96,"502 Aspirational District Scheme in Four states - Bihar, Madhya Pradesh, Rajastha
and Uttar Pradesh
(Department of Telecommunications [DoT])
(704495)","NA
(03/2021)","03/2022
(12/2025)","421.65
(228.94)",SRC-2025-09,520f100f2752c07c7d8e1180cce2258a6966d21b6e37fcbecca0b098835ef318,69,68,All Ongoing Projects,6,pdfplumber_table,twelve_month_gate2:0.1.0,"pdf_page_index=69,table_index=logical8,row_index=6"
OBS-202509-00741,2025-09,741,"PHASE-I OF CONSOLIDATION OF EXISTING CDR DATA CENTERS AND NIB-P3
DATA CENTERS WITH STATE OF THE ART",BSNL,709749,-,-,"Multi-States
(Maharashtra,
Telangana)",03/2020,03/2020,06/2021,12/2025,461.42,461.42,166.02,81,"PHASE-I OF CONSOLIDATION OF EXISTING CDR DATA CENTERS AND NIB-P3
DATA CENTERS WITH STATE OF THE ART
(BSNL)
(709749)","03/2020
(03/2020)","06/2021
(12/2025)","461.42
(461.42)",SRC-2025-09,520f100f2752c07c7d8e1180cce2258a6966d21b6e37fcbecca0b098835ef318,69,68,All Ongoing Projects,6,pdfplumber_table,twelve_month_gate2:0.1.0,"pdf_page_index=69,table_index=logical8,row_index=7"
OBS-202509-00742,2025-09,742,Saturation 4G mobile coverage of Uncovered Villages through USOF,Department of Telecommunications [DoT],400013,-,-,PAN India,07/2022,07/2022,06/2024,03/2026,26316,30620,9791.8,75,"Saturation 4G mobile coverage of Uncovered Villages through USOF
(Department of Telecommunications [DoT])
(400013)","07/2022
(07/2022)","06/2024
(03/2026)","26316
(30620)",SRC-2025-09,520f100f2752c07c7d8e1180cce2258a6966d21b6e37fcbecca0b098835ef318,69,68,All Ongoing Projects,6,pdfplumber_table,twelve_month_gate2:0.1.0,"pdf_page_index=69,table_index=logical8,row_index=8"
OBS-202509-00743,2025-09,743,4G Services by BSNL,Department of Telecommunications [DoT],701593,-,-,PAN India,11/2020,11/2020,03/2024,03/2026,28466,19592,8419.04,96,"4G Services by BSNL
(Department of Telecommunications [DoT])
(701593)","11/2020
(11/2020)","03/2024
(03/2026)","28466
(19592)",SRC-2025-09,520f100f2752c07c7d8e1180cce2258a6966d21b6e37fcbecca0b098835ef318,69,68,All Ongoing Projects,6,pdfplumber_table,twelve_month_gate2:0.1.0,"pdf_page_index=69,table_index=logical8,row_index=9"
OBS-202509-00744,2025-09,744,BharatNet,Department of Telecommunications [DoT],706775,-,-,PAN India,07/2017,10/2011,08/2023,03/2027,61109,188000,41486.14,81,"BharatNet
(Department of Telecommunications [DoT])
(706775)","07/2017
(10/2011)","08/2023
(03/2027)","61109
(188000)",SRC-2025-09,520f100f2752c07c7d8e1180cce2258a6966d21b6e37fcbecca0b098835ef318,69,68,All Ongoing Projects,6,pdfplumber_table,twelve_month_gate2:0.1.0,"pdf_page_index=69,table_index=logical8,row_index=10"
OBS-202509-00745,2025-09,745,"MPLS-IP BASED ACCESS AND AGGREGATION NETWORK [MAAN] IN BSNL
ALONG WITH TEST AND MEASURING EQUIPMENT",BSNL,709856,-,-,PAN India,05/2023,05/2023,08/2024,10/2025,645.13,645.13,376.72,92,"MPLS-IP BASED ACCESS AND AGGREGATION NETWORK [MAAN] IN BSNL
ALONG WITH TEST AND MEASURING EQUIPMENT
(BSNL)
(709856)","05/2023
(05/2023)","08/2024
(10/2025)","645.13
(645.13)",SRC-2025-09,520f100f2752c07c7d8e1180cce2258a6966d21b6e37fcbecca0b098835ef318,69,68,All Ongoing Projects,6,pdfplumber_table,twelve_month_gate2:0.1.0,"pdf_page_index=69,table_index=logical8,row_index=11"
OBS-202509-00746,2025-09,746,"Planning, Engineering, Supply, Installation, Testing, Commissioning, Integration &
Annual Maintenance of 4G mobile network at 1 Lakh sites on PAN India basis
including Mumbai & Delhi LSA on turnkey basis under Phase IX.2 Project.",BSNL,709857,-,-,PAN India,05/2023,06/2023,06/2025,03/2026,24544.55,24544.5,8419.89,96,"Planning, Engineering, Supply, Installation, Testing, Commissioning, Integration &
Annual Maintenance of 4G mobile network at 1 Lakh sites on PAN India basis
including Mumbai & Delhi LSA on turnkey basis under Phase IX.2 Project.
(BSNL)
(709857)","05/2023
(06/2023)","06/2025
(03/2026)","24544.55
(24544.5)",SRC-2025-09,520f100f2752c07c7d8e1180cce2258a6966d21b6e37fcbecca0b098835ef318,69,68,All Ongoing Projects,6,pdfplumber_table,twelve_month_gate2:0.1.0,"pdf_page_index=69,table_index=logical8,row_index=12"
OBS-202509-00747,2025-09,747,OPTICAL TRANSPORT NETWORK [OTN] PH-4 IN BSNL,BSNL,709858,-,-,PAN India,02/2024,02/2024,08/2025,10/2025,810.99,810.99,786.3,100,"OPTICAL TRANSPORT NETWORK [OTN] PH-4 IN BSNL
(BSNL)
(709858)","02/2024
(02/2024)","08/2025
(10/2025)","810.99
(810.99)",SRC-2025-09,520f100f2752c07c7d8e1180cce2258a6966d21b6e37fcbecca0b098835ef318,69,68,All Ongoing Projects,6,pdfplumber_table,twelve_month_gate2:0.1.0,"pdf_page_index=69,table_index=logical8,row_index=13"
OBS-202509-00748,2025-09,748,"Interception and Diversion and STP works in Bhagalpur under Hybrid annuity based
PPP mode-Namami Gange Programme",National Mission for Clean Ganga,616600,-,-,Bihar,10/2017,03/2022,02/2025,12/2025,413.29,413.29,126.67,97,"Interception and Diversion and STP works in Bhagalpur under Hybrid annuity based
PPP mode-Namami Gange Programme
(National Mission for Clean Ganga)
(616600)","10/2017
(03/2022)","02/2025
(12/2025)","413.29
(413.29)",SRC-2025-09,520f100f2752c07c7d8e1180cce2258a6966d21b6e37fcbecca0b098835ef318,69,68,All Ongoing Projects,6,pdfplumber_table,twelve_month_gate2:0.1.0,"pdf_page_index=69,table_index=logical8,row_index=17"
OBS-202509-00749,2025-09,749,"Sewage Treatment Plant 100MLD and Sewerage Network 288 km in Digha-Patna
under Hybrid annuity based PPP mode-Namami Gange Programme",National Mission for Clean Ganga,616611,-,-,Bihar,08/2017,07/2019,12/2025,-,824,824,396.71,56,"Sewage Treatment Plant 100MLD and Sewerage Network 288 km in Digha-Patna
under Hybrid annuity based PPP mode-Namami Gange Programme
(National Mission for Clean Ganga)
(616611)","08/2017
(07/2019)","12/2025
(-)","824
(824)",SRC-2025-09,520f100f2752c07c7d8e1180cce2258a6966d21b6e37fcbecca0b098835ef318,69,68,All Ongoing Projects,6,pdfplumber_table,twelve_month_gate2:0.1.0,"pdf_page_index=69,table_index=logical8,row_index=18"
OBS-202509-00750,2025-09,750,"Sewage Treatment Plant 50MLD and Sewerage Network 150 km in Kankarbagh-
Patna under Hybrid annuity based PPP mode-Namami Gange Programme",National Mission for Clean Ganga,616612,-,-,Bihar,08/2017,07/2019,12/2025,-,578.89,578.89,171.79,54,"Sewage Treatment Plant 50MLD and Sewerage Network 150 km in Kankarbagh-
Patna under Hybrid annuity based PPP mode-Namami Gange Programme
(National Mission for Clean Ganga)
(616612)","08/2017
(07/2019)","12/2025
(-)","578.89
(578.89)",SRC-2025-09,520f100f2752c07c7d8e1180cce2258a6966d21b6e37fcbecca0b098835ef318,69,68,All Ongoing Projects,6,pdfplumber_table,twelve_month_gate2:0.1.0,"pdf_page_index=69,table_index=logical8,row_index=19"
OBS-202509-00751,2025-09,751,"Sewer Network, SPS and STP at Begusarai",National Mission for Clean Ganga,616615,-,-,Bihar,03/2010,03/2018,04/2025,12/2025,230.06,230.06,261.82,97,"Sewer Network, SPS and STP at Begusarai
(National Mission for Clean Ganga)
(616615)","03/2010
(03/2018)","04/2025
(12/2025)","230.06
(230.06)",SRC-2025-09,520f100f2752c07c7d8e1180cce2258a6966d21b6e37fcbecca0b098835ef318,69,68,All Ongoing Projects,6,pdfplumber_table,twelve_month_gate2:0.1.0,"pdf_page_index=69,table_index=logical8,row_index=20"
OBS-202509-00752,2025-09,752,"Sewer Networks, SPS and STP at Hajipur",National Mission for Clean Ganga,616616,-,-,Bihar,03/2010,03/2018,06/2025,12/2025,305.19,305.19,346.46,95,"Sewer Networks, SPS and STP at Hajipur
(National Mission for Clean Ganga)
(616616)","03/2010
(03/2018)","06/2025
(12/2025)","305.19
(305.19)",SRC-2025-09,520f100f2752c07c7d8e1180cce2258a6966d21b6e37fcbecca0b098835ef318,69,68,All Ongoing Projects,6,pdfplumber_table,twelve_month_gate2:0.1.0,"pdf_page_index=69,table_index=logical8,row_index=21"
OBS-202509-00753,2025-09,753,"Interception & Diversion with Rehabilitation of sewerage scheme at Agra under Hybrid
annuity based PPP model-Namami Gange Programme",National Mission for Clean Ganga,616594,-,-,Uttar Pradesh,05/2020,04/2023,04/2025,12/2025,842.25,842.25,208.64,73,"Interception & Diversion with Rehabilitation of sewerage scheme at Agra under Hybrid
annuity based PPP model-Namami Gange Programme
(National Mission for Clean Ganga)
(616594)","05/2020
(04/2023)","04/2025
(12/2025)","842.25
(842.25)",SRC-2025-09,520f100f2752c07c7d8e1180cce2258a6966d21b6e37fcbecca0b098835ef318,69,68,All Ongoing Projects,6,pdfplumber_table,twelve_month_gate2:0.1.0,"pdf_page_index=69,table_index=logical8,row_index=22"
OBS-202509-00754,2025-09,754,"Pollution Abatement Works for River Kali Meerut under Meerut Municipality
Interception & Diversion with STP",National Mission for Clean Ganga,616605,-,-,Uttar Pradesh,05/2020,11/2024,12/2024,05/2027,690.71,690.71,34.79,27,"Pollution Abatement Works for River Kali Meerut under Meerut Municipality
Interception & Diversion with STP
(National Mission for Clean Ganga)
(616605)","05/2020
(11/2024)","12/2024
(05/2027)","690.71
(690.71)",SRC-2025-09,520f100f2752c07c7d8e1180cce2258a6966d21b6e37fcbecca0b098835ef318,70,69,All Ongoing Projects,6,pdfplumber_table,twelve_month_gate2:0.1.0,"pdf_page_index=70,table_index=logical8,row_index=1"
OBS-202509-00755,2025-09,755,"Pollution Abatement works for River Ganga at Hooghly Chinsurah- Municipal Town
Interception & Diversion with STP",National Mission for Clean Ganga,616604,-,-,West Bengal,05/2018,12/2021,03/2025,12/2025,154.73,154.73,96.17,92,"Pollution Abatement works for River Ganga at Hooghly Chinsurah- Municipal Town
Interception & Diversion with STP
(National Mission for Clean Ganga)
(616604)","05/2018
(12/2021)","03/2025
(12/2025)","154.73
(154.73)",SRC-2025-09,520f100f2752c07c7d8e1180cce2258a6966d21b6e37fcbecca0b098835ef318,70,69,All Ongoing Projects,6,pdfplumber_table,twelve_month_gate2:0.1.0,"pdf_page_index=70,table_index=logical8,row_index=2"
OBS-202509-00756,2025-09,756,Sardar Gouthu Latchanna Thotapalli Barrage Project,Water Resources-AP,400100,-,-,Andhra Pradesh,04/2005,01/2006,12/2019,06/2026,353.05,1023.24,869.11,95,"Sardar Gouthu Latchanna Thotapalli Barrage Project
(Water Resources-AP)
(400100)","04/2005
(01/2006)","12/2019
(06/2026)","353.05
(1023.24)",SRC-2025-09,520f100f2752c07c7d8e1180cce2258a6966d21b6e37fcbecca0b098835ef318,70,69,All Ongoing Projects,6,pdfplumber_table,twelve_month_gate2:0.1.0,"pdf_page_index=70,table_index=logical8,row_index=5"
OBS-202509-00757,2025-09,757,Gundlakamma project,Water Resources-AP,400101,-,-,Andhra Pradesh,04/2005,04/2005,12/2019,03/2027,397.41,697.39,619.09,98,"Gundlakamma project
(Water Resources-AP)
(400101)","04/2005
(04/2005)","12/2019
(03/2027)","397.41
(697.39)",SRC-2025-09,520f100f2752c07c7d8e1180cce2258a6966d21b6e37fcbecca0b098835ef318,70,69,All Ongoing Projects,6,pdfplumber_table,twelve_month_gate2:0.1.0,"pdf_page_index=70,table_index=logical8,row_index=6"
OBS-202509-00758,2025-09,758,Polavaram Irrigation Project,Water Resources-AP,701415,-,-,Andhra Pradesh,01/2009,11/2009,04/2022,03/2026,10151.04,55548.9,24745.92,84,"Polavaram Irrigation Project
(Water Resources-AP)
(701415)","01/2009
(11/2009)","04/2022
(03/2026)","10151.04
(55548.9)",SRC-2025-09,520f100f2752c07c7d8e1180cce2258a6966d21b6e37fcbecca0b098835ef318,70,69,All Ongoing Projects,6,pdfplumber_table,twelve_month_gate2:0.1.0,"pdf_page_index=70,table_index=logical8,row_index=7"
OBS-202509-00759,2025-09,759,Borolia Irrigation Project,"Department of Water Resources, River Development & GR",701370,-,-,Assam,04/1996,12/1996,12/2022,03/2026,256.16,256.16,44.7,55,"Borolia Irrigation Project
(Department of Water Resources, River Development & GR)
(701370)","04/1996
(12/1996)","12/2022
(03/2026)","256.16
(256.16)",SRC-2025-09,520f100f2752c07c7d8e1180cce2258a6966d21b6e37fcbecca0b098835ef318,70,69,All Ongoing Projects,6,pdfplumber_table,twelve_month_gate2:0.1.0,"pdf_page_index=70,table_index=logical8,row_index=8"
OBS-202509-00760,2025-09,760,Punpun Barrage Project,Water Resources-BR,400104,-,-,Bihar,04/2007,04/2007,12/2019,03/2026,571.07,658.12,447.68,44,"Punpun Barrage Project
(Water Resources-BR)
(400104)","04/2007
(04/2007)","12/2019
(03/2026)","571.07
(658.12)",SRC-2025-09,520f100f2752c07c7d8e1180cce2258a6966d21b6e37fcbecca0b098835ef318,70,69,All Ongoing Projects,6,pdfplumber_table,twelve_month_gate2:0.1.0,"pdf_page_index=70,table_index=logical8,row_index=9"
OBS-202509-00761,2025-09,761,Kelo Irrigation Project,Water Resources-CT,400111,-,-,Chhattisgarh,04/2008,04/2008,12/2019,06/2026,459.97,727.04,616.93,72,"Kelo Irrigation Project
(Water Resources-CT)
(400111)","04/2008
(04/2008)","12/2019
(06/2026)","459.97
(727.04)",SRC-2025-09,520f100f2752c07c7d8e1180cce2258a6966d21b6e37fcbecca0b098835ef318,70,69,All Ongoing Projects,6,pdfplumber_table,twelve_month_gate2:0.1.0,"pdf_page_index=70,table_index=logical8,row_index=10"
OBS-202509-00762,2025-09,762,Kudali Irrigation Project,"Department of Water Resources, River Development & GR",701399,-,-,Chhattisgarh,04/2009,12/2009,12/2025,-,382.29,382.29,0,86,"Kudali Irrigation Project
(Department of Water Resources, River Development & GR)
(701399)","04/2009
(12/2009)","12/2025
(-)","382.29
(382.29)",SRC-2025-09,520f100f2752c07c7d8e1180cce2258a6966d21b6e37fcbecca0b098835ef318,70,69,All Ongoing Projects,6,pdfplumber_table,twelve_month_gate2:0.1.0,"pdf_page_index=70,table_index=logical8,row_index=11"
OBS-202509-00763,2025-09,763,Sardar Sarovar CADWM Project,"Narmada and Water Resources, Water Supply and Kalpsar Department-GJ",400097,-,-,Gujarat,04/2017,04/2017,12/2019,03/2026,5021.76,6670.31,4954.99,90,"Sardar Sarovar CADWM Project
(Narmada and Water Resources, Water Supply and Kalpsar Department-GJ)
(400097)","04/2017
(04/2017)","12/2019
(03/2026)","5021.76
(6670.31)",SRC-2025-09,520f100f2752c07c7d8e1180cce2258a6966d21b6e37fcbecca0b098835ef318,70,69,All Ongoing Projects,6,pdfplumber_table,twelve_month_gate2:0.1.0,"pdf_page_index=70,table_index=logical8,row_index=12"
OBS-202509-00764,2025-09,764,Sardar Sarovar Project,"Narmada and Water Resources, Water Supply and Kalpsar Department-GJ",701372,-,-,Gujarat,04/1996,04/1996,12/2019,03/2026,20718.17,33412.5,31860.86,93,"Sardar Sarovar Project
(Narmada and Water Resources, Water Supply and Kalpsar Department-GJ)
(701372)","04/1996
(04/1996)","12/2019
(03/2026)","20718.17
(33412.5)",SRC-2025-09,520f100f2752c07c7d8e1180cce2258a6966d21b6e37fcbecca0b098835ef318,70,69,All Ongoing Projects,6,pdfplumber_table,twelve_month_gate2:0.1.0,"pdf_page_index=70,table_index=logical8,row_index=13"
OBS-202509-00765,2025-09,765,"Subernarekha Multipurpose Project, Jharkhand",Department of Water Resources-JH,701376,-,-,Jharkhand,04/2011,01/2012,12/2019,03/2026,3807.77,9579.58,5561.97,69,"Subernarekha Multipurpose Project, Jharkhand
(Department of Water Resources-JH)
(701376)","04/2011
(01/2012)","12/2019
(03/2026)","3807.77
(9579.58)",SRC-2025-09,520f100f2752c07c7d8e1180cce2258a6966d21b6e37fcbecca0b098835ef318,70,69,All Ongoing Projects,6,pdfplumber_table,twelve_month_gate2:0.1.0,"pdf_page_index=70,table_index=logical8,row_index=14"
OBS-202509-00766,2025-09,766,Upper Tunga Irrigation Project,Water Resources-KA,701377,-,-,Karnataka,04/2014,04/2014,12/2019,03/2026,770.16,1606.07,1515.32,99,"Upper Tunga Irrigation Project
(Water Resources-KA)
(701377)","04/2014
(04/2014)","12/2019
(03/2026)","770.16
(1606.07)",SRC-2025-09,520f100f2752c07c7d8e1180cce2258a6966d21b6e37fcbecca0b098835ef318,70,69,All Ongoing Projects,6,pdfplumber_table,twelve_month_gate2:0.1.0,"pdf_page_index=70,table_index=logical8,row_index=15"
OBS-202509-00767,2025-09,767,Omkareshwar CADWM Project,Water resource-mp,400096,-,-,Madhya Pradesh,04/2017,04/2017,12/2019,03/2026,648.09,648.09,172.56,3,"Omkareshwar CADWM Project
(Water resource-mp)
(400096)","04/2017
(04/2017)","12/2019
(03/2026)","648.09
(648.09)",SRC-2025-09,520f100f2752c07c7d8e1180cce2258a6966d21b6e37fcbecca0b098835ef318,70,69,All Ongoing Projects,6,pdfplumber_table,twelve_month_gate2:0.1.0,"pdf_page_index=70,table_index=logical8,row_index=16"
OBS-202509-00768,2025-09,768,Bargi Diversion Project Phase - IV [km. 154 to km 197],Water Resources-MP,400115,-,-,Madhya Pradesh,04/2008,01/2009,12/2019,03/2026,751.03,893.35,746.19,75,"Bargi Diversion Project Phase - IV [km. 154 to km 197]
(Water Resources-MP)
(400115)","04/2008
(01/2009)","12/2019
(03/2026)","751.03
(893.35)",SRC-2025-09,520f100f2752c07c7d8e1180cce2258a6966d21b6e37fcbecca0b098835ef318,70,69,All Ongoing Projects,6,pdfplumber_table,twelve_month_gate2:0.1.0,"pdf_page_index=70,table_index=logical8,row_index=17"
OBS-202509-00769,2025-09,769,Bargi Diversion Project Phase - III [km. 104 to km 154],Water Resources-MP,400116,-,-,Madhya Pradesh,04/2007,04/2007,12/2019,03/2026,1229.15,1399.7,1906.5,80,"Bargi Diversion Project Phase - III [km. 104 to km 154]
(Water Resources-MP)
(400116)","04/2007
(04/2007)","12/2019
(03/2026)","1229.15
(1399.7)",SRC-2025-09,520f100f2752c07c7d8e1180cce2258a6966d21b6e37fcbecca0b098835ef318,70,69,All Ongoing Projects,6,pdfplumber_table,twelve_month_gate2:0.1.0,"pdf_page_index=70,table_index=logical8,row_index=18"
OBS-202509-00770,2025-09,770,Gosikhurd CADWM Project,Department of water resources-MH - II,400095,-,-,Maharashtra,04/2017,04/2017,12/2019,06/2026,743.73,743.73,252.43,50,"Gosikhurd CADWM Project
(Department of water resources-MH - II)
(400095)","04/2017
(04/2017)","12/2019
(06/2026)","743.73
(743.73)",SRC-2025-09,520f100f2752c07c7d8e1180cce2258a6966d21b6e37fcbecca0b098835ef318,70,69,All Ongoing Projects,6,pdfplumber_table,twelve_month_gate2:0.1.0,"pdf_page_index=70,table_index=logical8,row_index=19"
OBS-202509-00771,2025-09,771,Urmodi Irrigation Project,Department of water resources-MH - II,400105,-,-,Maharashtra,04/2017,04/2018,06/2022,12/2026,580.79,895.81,713.46,76,"Urmodi Irrigation Project
(Department of water resources-MH - II)
(400105)","04/2017
(04/2018)","06/2022
(12/2026)","580.79
(895.81)",SRC-2025-09,520f100f2752c07c7d8e1180cce2258a6966d21b6e37fcbecca0b098835ef318,70,69,All Ongoing Projects,6,pdfplumber_table,twelve_month_gate2:0.1.0,"pdf_page_index=70,table_index=logical8,row_index=20"
OBS-202509-00772,2025-09,772,Sulwade-Jamphal-Kanoli Lift Irrigation Scheme,Department of water resources-MH - II,400107,-,-,Maharashtra,04/2017,02/2019,06/2023,06/2027,2407.67,2407.67,2559.71,80,"Sulwade-Jamphal-Kanoli Lift Irrigation Scheme
(Department of water resources-MH - II)
(400107)","04/2017
(02/2019)","06/2023
(06/2027)","2407.67
(2407.67)",SRC-2025-09,520f100f2752c07c7d8e1180cce2258a6966d21b6e37fcbecca0b098835ef318,70,69,All Ongoing Projects,6,pdfplumber_table,twelve_month_gate2:0.1.0,"pdf_page_index=70,table_index=logical8,row_index=21"
OBS-202509-00773,2025-09,773,Purna Barrage-2 [Ner Dhamana] Medium Irrigation Project,Department of water resources-MH - II,400109,-,-,Maharashtra,04/2017,04/2018,06/2020,06/2026,848.07,888.43,690.49,69,"Purna Barrage-2 [Ner Dhamana] Medium Irrigation Project
(Department of water resources-MH - II)
(400109)","04/2017
(04/2018)","06/2020
(06/2026)","848.07
(888.43)",SRC-2025-09,520f100f2752c07c7d8e1180cce2258a6966d21b6e37fcbecca0b098835ef318,70,69,All Ongoing Projects,6,pdfplumber_table,twelve_month_gate2:0.1.0,"pdf_page_index=70,table_index=logical8,row_index=22"
OBS-202509-00774,2025-09,774,Jigaon Irrigation Project,Department of water resources-MH - II,400112,-,-,Maharashtra,04/2017,04/2018,06/2028,-,7222.95,7222.95,8722.81,90,"Jigaon Irrigation Project
(Department of water resources-MH - II)
(400112)","04/2017
(04/2018)","06/2028
(-)","7222.95
(7222.95)",SRC-2025-09,520f100f2752c07c7d8e1180cce2258a6966d21b6e37fcbecca0b098835ef318,70,69,All Ongoing Projects,6,pdfplumber_table,twelve_month_gate2:0.1.0,"pdf_page_index=70,table_index=logical8,row_index=23"
OBS-202509-00775,2025-09,775,Bodwad Parisar Sinchan Yojna,Department of Water Resources-MH,617422,-,-,Maharashtra,05/2002,01/2017,07/2027,-,1923.81,1923.81,1770.13,49,"Bodwad Parisar Sinchan Yojna
(Department of Water Resources-MH)
(617422)","05/2002
(01/2017)","07/2027
(-)","1923.81
(1923.81)",SRC-2025-09,520f100f2752c07c7d8e1180cce2258a6966d21b6e37fcbecca0b098835ef318,70,69,All Ongoing Projects,6,pdfplumber_table,twelve_month_gate2:0.1.0,"pdf_page_index=70,table_index=logical8,row_index=24"
OBS-202509-00776,2025-09,776,Waghur Project,Department of water resources-MH - II,701383,-,-,Maharashtra,04/1996,04/1996,12/2019,03/2026,1058.99,1758.51,1557.14,89,"Waghur Project
(Department of water resources-MH - II)
(701383)","04/1996
(04/1996)","12/2019
(03/2026)","1058.99
(1758.51)",SRC-2025-09,520f100f2752c07c7d8e1180cce2258a6966d21b6e37fcbecca0b098835ef318,70,69,All Ongoing Projects,6,pdfplumber_table,twelve_month_gate2:0.1.0,"pdf_page_index=70,table_index=logical8,row_index=25"
OBS-202509-00777,2025-09,777,Gosikhurd Project,Department of water resources-MH - II,701386,-,-,Maharashtra,04/2008,04/2008,12/2019,06/2028,7196.47,12770.1,13691.13,72,"Gosikhurd Project
(Department of water resources-MH - II)
(701386)","04/2008
(04/2008)","12/2019
(06/2028)","7196.47
(12770.1)",SRC-2025-09,520f100f2752c07c7d8e1180cce2258a6966d21b6e37fcbecca0b098835ef318,70,69,All Ongoing Projects,6,pdfplumber_table,twelve_month_gate2:0.1.0,"pdf_page_index=70,table_index=logical8,row_index=26"
OBS-202509-00778,2025-09,778,Aruna Medium Irrigation Project,Department of water resources-MH - II,701391,-,-,Maharashtra,04/2009,01/2010,12/2019,12/2025,210.45,1472.14,1697.94,97,"Aruna Medium Irrigation Project
(Department of water resources-MH - II)
(701391)","04/2009
(01/2010)","12/2019
(12/2025)","210.45
(1472.14)",SRC-2025-09,520f100f2752c07c7d8e1180cce2258a6966d21b6e37fcbecca0b098835ef318,70,69,All Ongoing Projects,6,pdfplumber_table,twelve_month_gate2:0.1.0,"pdf_page_index=70,table_index=logical8,row_index=27"
OBS-202509-00779,2025-09,779,Lower Pedhi Project,Department of water resources-MH - II,701396,-,-,Maharashtra,04/2008,04/2008,12/2019,06/2026,255.97,1480.7,1324.78,65,"Lower Pedhi Project
(Department of water resources-MH - II)
(701396)","04/2008
(04/2008)","12/2019
(06/2026)","255.97
(1480.7)",SRC-2025-09,520f100f2752c07c7d8e1180cce2258a6966d21b6e37fcbecca0b098835ef318,70,69,All Ongoing Projects,6,pdfplumber_table,twelve_month_gate2:0.1.0,"pdf_page_index=70,table_index=logical8,row_index=28"
OBS-202509-00780,2025-09,780,Nardave Medium Irrigation Project,Department of water resources-MH - II,701398,-,-,Maharashtra,04/2009,04/2009,12/2019,06/2026,211.46,781.85,623.5,72,"Nardave Medium Irrigation Project
(Department of water resources-MH - II)
(701398)","04/2009
(04/2009)","12/2019
(06/2026)","211.46
(781.85)",SRC-2025-09,520f100f2752c07c7d8e1180cce2258a6966d21b6e37fcbecca0b098835ef318,70,69,All Ongoing Projects,6,pdfplumber_table,twelve_month_gate2:0.1.0,"pdf_page_index=70,table_index=logical8,row_index=29"
OBS-202509-00781,2025-09,781,Thoubal Multipurpose Project,Water Resources Department-MN,701400,-,-,Manipur,04/1997,04/1997,12/2019,03/2026,1449.44,1822.24,1837.91,98,"Thoubal Multipurpose Project
(Water Resources Department-MN)
(701400)","04/1997
(04/1997)","12/2019
(03/2026)","1449.44
(1822.24)",SRC-2025-09,520f100f2752c07c7d8e1180cce2258a6966d21b6e37fcbecca0b098835ef318,70,69,All Ongoing Projects,6,pdfplumber_table,twelve_month_gate2:0.1.0,"pdf_page_index=70,table_index=logical8,row_index=30"
OBS-202509-00782,2025-09,782,North Koel Reservoir Project,"Department of Water Resources, River Development & GR",701412,-,-,"Multi-States
(Bihar, Jharkhand)",08/2017,01/2021,03/2021,03/2026,1622.27,2430.76,151.04,32,"North Koel Reservoir Project
(Department of Water Resources, River Development & GR)
(701412)","08/2017
(01/2021)","03/2021
(03/2026)","1622.27
(2430.76)",SRC-2025-09,520f100f2752c07c7d8e1180cce2258a6966d21b6e37fcbecca0b098835ef318,70,69,All Ongoing Projects,6,pdfplumber_table,twelve_month_gate2:0.1.0,"pdf_page_index=70,table_index=logical8,row_index=31"
OBS-202509-00783,2025-09,783,Integrated Anandpur Barrage Project,Water Resources-OR,603945,-,-,Odisha,04/1997,01/1998,12/2019,06/2026,567.03,2990.05,2629.74,62,"Integrated Anandpur Barrage Project
(Water Resources-OR)
(603945)","04/1997
(01/1998)","12/2019
(06/2026)","567.03
(2990.05)",SRC-2025-09,520f100f2752c07c7d8e1180cce2258a6966d21b6e37fcbecca0b098835ef318,71,70,All Ongoing Projects,6,pdfplumber_table,twelve_month_gate2:0.1.0,"pdf_page_index=71,table_index=logical8,row_index=1"
OBS-202509-00784,2025-09,784,Kanupur Irrigation Project,Irrigation and CAD-TG,701404,-,-,Odisha,04/2003,01/2004,12/2019,06/2026,989.43,2301.28,2712.75,79,"Kanupur Irrigation Project
(Irrigation and CAD-TG)
(701404)","04/2003
(01/2004)","12/2019
(06/2026)","989.43
(2301.28)",SRC-2025-09,520f100f2752c07c7d8e1180cce2258a6966d21b6e37fcbecca0b098835ef318,71,70,All Ongoing Projects,6,pdfplumber_table,twelve_month_gate2:0.1.0,"pdf_page_index=71,table_index=logical8,row_index=2"
OBS-202509-00785,2025-09,785,Relining of Rajasthan feeder and Sirhind Feeder canal,Department of Water Resources-PB,701410,-,-,Punjab,02/2016,04/2018,06/2021,06/2026,1441.26,2462.16,3000.36,80,"Relining of Rajasthan feeder and Sirhind Feeder canal
(Department of Water Resources-PB)
(701410)","02/2016
(04/2018)","06/2021
(06/2026)","1441.26
(2462.16)",SRC-2025-09,520f100f2752c07c7d8e1180cce2258a6966d21b6e37fcbecca0b098835ef318,71,70,All Ongoing Projects,6,pdfplumber_table,twelve_month_gate2:0.1.0,"pdf_page_index=71,table_index=logical8,row_index=3"
OBS-202509-00786,2025-09,786,Shahpur Kandi Dam Project,Department of Water Resources-PB,701411,-,-,Punjab,02/2010,04/2018,06/2022,10/2025,2285.81,2715.7,2072.33,80,"Shahpur Kandi Dam Project
(Department of Water Resources-PB)
(701411)","02/2010
(04/2018)","06/2022
(10/2025)","2285.81
(2715.7)",SRC-2025-09,520f100f2752c07c7d8e1180cce2258a6966d21b6e37fcbecca0b098835ef318,71,70,All Ongoing Projects,6,pdfplumber_table,twelve_month_gate2:0.1.0,"pdf_page_index=71,table_index=logical8,row_index=4"
OBS-202509-00787,2025-09,787,Sri Ram Sagar Project Stage - II,Irrigation and CAD-TG,400102,-,-,Telangana,04/2005,04/2005,12/2019,03/2026,736.13,949.87,940.7,96,"Sri Ram Sagar Project Stage - II
(Irrigation and CAD-TG)
(400102)","04/2005
(04/2005)","12/2019
(03/2026)","736.13
(949.87)",SRC-2025-09,520f100f2752c07c7d8e1180cce2258a6966d21b6e37fcbecca0b098835ef318,71,70,All Ongoing Projects,6,pdfplumber_table,twelve_month_gate2:0.1.0,"pdf_page_index=71,table_index=logical8,row_index=5"
OBS-202509-00788,2025-09,788,Indiramma Flood Flow Canal Project,Irrigation and CAD-TG,400103,-,-,Telangana,04/2005,01/2006,12/2019,12/2026,1331.3,5940.09,4491.08,92,"Indiramma Flood Flow Canal Project
(Irrigation and CAD-TG)
(400103)","04/2005
(01/2006)","12/2019
(12/2026)","1331.3
(5940.09)",SRC-2025-09,520f100f2752c07c7d8e1180cce2258a6966d21b6e37fcbecca0b098835ef318,71,70,All Ongoing Projects,6,pdfplumber_table,twelve_month_gate2:0.1.0,"pdf_page_index=71,table_index=logical8,row_index=6"
OBS-202509-00789,2025-09,789,J. Chokka Rao Devadula Lift Irrigation Scheme,Irrigation and CAD-TG,701405,-,-,Telangana,04/2006,04/2006,12/2019,12/2025,8200.71,14730,4558.89,87,"J. Chokka Rao Devadula Lift Irrigation Scheme
(Irrigation and CAD-TG)
(701405)","04/2006
(04/2006)","12/2019
(12/2025)","8200.71
(14730)",SRC-2025-09,520f100f2752c07c7d8e1180cce2258a6966d21b6e37fcbecca0b098835ef318,71,70,All Ongoing Projects,6,pdfplumber_table,twelve_month_gate2:0.1.0,"pdf_page_index=71,table_index=logical8,row_index=7"
OBS-202509-00790,2025-09,790,Rajiv Bhima Lift Irrigation Scheme,Irrigation and CAD-TG,701406,-,-,Telangana,04/2007,01/2008,12/2019,03/2026,1402,2509.66,1839.76,100,"Rajiv Bhima Lift Irrigation Scheme
(Irrigation and CAD-TG)
(701406)","04/2007
(01/2008)","12/2019
(03/2026)","1402
(2509.66)",SRC-2025-09,520f100f2752c07c7d8e1180cce2258a6966d21b6e37fcbecca0b098835ef318,71,70,All Ongoing Projects,6,pdfplumber_table,twelve_month_gate2:0.1.0,"pdf_page_index=71,table_index=logical8,row_index=8"
OBS-202509-00791,2025-09,791,Saryu Nahar CADWM Project,Irrigation & Water Resources-UP,400093,-,-,Uttar Pradesh,04/2017,04/2017,12/2019,03/2026,1672.7,1672.7,22.24,1,"Saryu Nahar CADWM Project
(Irrigation & Water Resources-UP)
(400093)","04/2017
(04/2017)","12/2019
(03/2026)","1672.7
(1672.7)",SRC-2025-09,520f100f2752c07c7d8e1180cce2258a6966d21b6e37fcbecca0b098835ef318,71,70,All Ongoing Projects,6,pdfplumber_table,twelve_month_gate2:0.1.0,"pdf_page_index=71,table_index=logical8,row_index=9"
OBS-202509-00792,2025-09,792,Morna [Gureghar] Irrigation Project,"Department of Water Resources, River Development & GR",701395,-,-,Uttar Pradesh,04/2007,12/2007,12/2025,-,219.9,219.9,0,31,"Morna [Gureghar] Irrigation Project
(Department of Water Resources, River Development & GR)
(701395)","04/2007
(12/2007)","12/2025
(-)","219.9
(219.9)",SRC-2025-09,520f100f2752c07c7d8e1180cce2258a6966d21b6e37fcbecca0b098835ef318,71,70,All Ongoing Projects,6,pdfplumber_table,twelve_month_gate2:0.1.0,"pdf_page_index=71,table_index=logical8,row_index=10"
OBS-202509-00793,2025-09,793,Madhya Ganga canal Phase-II,Irrigation & Water Resources-UP,701408,-,-,Uttar Pradesh,04/2008,04/2008,12/2019,12/2025,1060.67,4417.21,4415.24,82,"Madhya Ganga canal Phase-II
(Irrigation & Water Resources-UP)
(701408)","04/2008
(04/2008)","12/2019
(12/2025)","1060.67
(4417.21)",SRC-2025-09,520f100f2752c07c7d8e1180cce2258a6966d21b6e37fcbecca0b098835ef318,71,70,All Ongoing Projects,6,pdfplumber_table,twelve_month_gate2:0.1.0,"pdf_page_index=71,table_index=logical8,row_index=11"
OBS-202509-00794,2025-09,794,Jamrani Dam Multipurpose Project,Irrigation-UK,613787,-,-,Uttarakhand,10/2023,11/2023,06/2029,-,2584.1,2584.1,968.52,16,"Jamrani Dam Multipurpose Project
(Irrigation-UK)
(613787)","10/2023
(11/2023)","06/2029
(-)","2584.1
(2584.1)",SRC-2025-09,520f100f2752c07c7d8e1180cce2258a6966d21b6e37fcbecca0b098835ef318,71,70,All Ongoing Projects,6,pdfplumber_table,twelve_month_gate2:0.1.0,"pdf_page_index=71,table_index=logical8,row_index=12"
