target,horizon_months,feature_contract,fold_id,model,threshold,pr_auc,roc_auc,precision,recall,false_alerts_per_100,brier,ece,warning_rate,test_rows,test_events,fold_claim_status,research_mode,target_validation_status
C1,3,cost-basic-long-history-v1,V3-F01-PRE_COVID,rule,0.30000000000000004,0.024932099398664462,0.5646589102471455,0.040229885057471264,0.25,12.068217950570892,0.12908166879161354,0.29179062190111915,0.12324691882702933,7059,140,ADMITTED,PROTOTYPE_RESEARCH_OVERRIDE,MACHINE_PROVISIONAL
C1,3,cost-basic-long-history-v1,V3-F01-PRE_COVID,logistic_regression,0.1,0.04758144671518734,0.5591094914624326,0.0,0.0,0.0,0.019593322294753485,0.013245494230638644,0.0,7059,140,ADMITTED,PROTOTYPE_RESEARCH_OVERRIDE,MACHINE_PROVISIONAL
C1,3,cost-basic-long-history-v1,V3-F01-PRE_COVID,hist_gradient_boosting,0.1,0.022466637358924027,0.556824375942023,0.0,0.0,0.0,0.01964393003289649,0.014202670404040493,0.0,7059,140,ADMITTED,PROTOTYPE_RESEARCH_OVERRIDE,MACHINE_PROVISIONAL
C1,3,cost-basic-long-history-v1,V3-F01-PRE_COVID,random_forest,0.1,0.034478073255273675,0.6271029050440815,0.0,0.0,0.0,0.019614662113419605,0.013979165057128023,0.0,7059,140,ADMITTED,PROTOTYPE_RESEARCH_OVERRIDE,MACHINE_PROVISIONAL
C1,3,cost-basic-long-history-v1,V3-F01-PRE_COVID,xgboost,0.1,0.023698567952093616,0.577829682241447,0.0,0.0,0.0,0.01964388292607196,0.014513544678948265,0.0,7059,140,ADMITTED,PROTOTYPE_RESEARCH_OVERRIDE,MACHINE_PROVISIONAL
C1,3,cost-basic-long-history-v1,V3-F01-PRE_COVID,equal_soft_vote,0.1,0.024265767981174496,0.587340759399583,0.0,0.0,0.0,0.019632538470113998,0.014231793380038927,0.0,7059,140,ADMITTED,PROTOTYPE_RESEARCH_OVERRIDE,MACHINE_PROVISIONAL
C1,3,cost-basic-long-history-v1,V3-F02-COVID_ONSET,rule,0.30000000000000004,0.019374157680504475,0.5609124407260865,0.02968270214943705,0.25663716814159293,13.481228668941979,0.1347183344996501,0.30255423372988105,0.13673897830650805,7145,113,ADMITTED,PROTOTYPE_RESEARCH_OVERRIDE,MACHINE_PROVISIONAL
C1,3,cost-basic-long-history-v1,V3-F02-COVID_ONSET,logistic_regression,0.1,0.018837957130696685,0.5235031763770173,0.0,0.0,0.0,0.015837539717841544,0.01642461864848927,0.0,7145,113,ADMITTED,PROTOTYPE_RESEARCH_OVERRIDE,MACHINE_PROVISIONAL
C1,3,cost-basic-long-history-v1,V3-F02-COVID_ONSET,hist_gradient_boosting,0.1,0.015164024074932194,0.47455500518489435,0.0,0.0,0.0,0.015812907265757903,0.015620962504313267,0.0,7145,113,ADMITTED,PROTOTYPE_RESEARCH_OVERRIDE,MACHINE_PROVISIONAL
C1,3,cost-basic-long-history-v1,V3-F02-COVID_ONSET,random_forest,0.1,0.013712921165779676,0.4289682060265588,0.0,0.0,0.0,0.016042571943631775,0.017477623411262952,0.0,7145,113,ADMITTED,PROTOTYPE_RESEARCH_OVERRIDE,MACHINE_PROVISIONAL
C1,3,cost-basic-long-history-v1,V3-F02-COVID_ONSET,xgboost,0.1,0.016155637681736,0.4724061685140999,0.0,0.0,0.0,0.015831583603833563,0.015594723180894193,0.0,7145,113,ADMITTED,PROTOTYPE_RESEARCH_OVERRIDE,MACHINE_PROVISIONAL
C1,3,cost-basic-long-history-v1,V3-F02-COVID_ONSET,equal_soft_vote,0.1,0.015277870093169088,0.44529558931609736,0.0,0.0,0.0,0.015871834808140244,0.0162311030321568,0.0,7145,113,ADMITTED,PROTOTYPE_RESEARCH_OVERRIDE,MACHINE_PROVISIONAL
C1,3,cost-basic-long-history-v1,V3-F03-COVID_LATE,rule,0.30000000000000004,0.016962049742409016,0.6101568119102037,0.02798708288482239,0.3561643835616438,13.585075974123665,0.1331845238095238,0.30825892857142856,0.13824404761904763,6720,73,ADMITTED,PROTOTYPE_RESEARCH_OVERRIDE,MACHINE_PROVISIONAL
C1,3,cost-basic-long-history-v1,V3-F03-COVID_LATE,logistic_regression,0.1,0.023827455865889205,0.6278226246880352,0.0,0.0,0.1353994283135249,0.010737563532591757,0.0015085512732093184,0.0013392857142857143,6720,73,ADMITTED,PROTOTYPE_RESEARCH_OVERRIDE,MACHINE_PROVISIONAL
C1,3,cost-basic-long-history-v1,V3-F03-COVID_LATE,hist_gradient_boosting,0.1,0.013266920276471032,0.5105331275207066,0.0,0.0,0.0,0.010753465431023531,0.002881070804963545,0.0,6720,73,ADMITTED,PROTOTYPE_RESEARCH_OVERRIDE,MACHINE_PROVISIONAL
C1,3,cost-basic-long-history-v1,V3-F03-COVID_LATE,random_forest,0.1,0.013474554452767892,0.5913080573994653,0.0,0.0,0.0,0.010740368119441566,0.001563173526318266,0.0,6720,73,ADMITTED,PROTOTYPE_RESEARCH_OVERRIDE,MACHINE_PROVISIONAL
C1,3,cost-basic-long-history-v1,V3-F03-COVID_LATE,xgboost,0.1,0.011338454815905763,0.5024101922589447,0.0,0.0,0.0,0.010752590281060997,0.0022479472113541687,0.0,6720,73,ADMITTED,PROTOTYPE_RESEARCH_OVERRIDE,MACHINE_PROVISIONAL
C1,3,cost-basic-long-history-v1,V3-F03-COVID_LATE,equal_soft_vote,0.1,0.013263317840357853,0.5882311723694487,0.0,0.0,0.0,0.010745394214598615,0.0022307305142119944,0.0,6720,73,ADMITTED,PROTOTYPE_RESEARCH_OVERRIDE,MACHINE_PROVISIONAL
C1,3,cost-basic-long-history-v1,V3-F04-COVID_2021_H1,rule,0.30000000000000004,0.012067681011288732,0.4886015815490881,0.01053639846743295,0.13414634146341464,15.694317836523853,0.14533313325330133,0.3160264105642257,0.1566626650660264,6664,82,ADMITTED,PROTOTYPE_RESEARCH_OVERRIDE,MACHINE_PROVISIONAL
C1,3,cost-basic-long-history-v1,V3-F04-COVID_2021_H1,logistic_regression,0.1,0.016133208233845786,0.5666674077862018,0.0,0.0,0.015192950470981464,0.012241362572982608,0.002622823822726036,0.00015006002400960383,6664,82,ADMITTED,PROTOTYPE_RESEARCH_OVERRIDE,MACHINE_PROVISIONAL
C1,3,cost-basic-long-history-v1,V3-F04-COVID_2021_H1,hist_gradient_boosting,0.1,0.012762608643020135,0.5217009063891914,0.0,0.0,0.0,0.012161293619241707,0.001667896666735523,0.0,6664,82,ADMITTED,PROTOTYPE_RESEARCH_OVERRIDE,MACHINE_PROVISIONAL
C1,3,cost-basic-long-history-v1,V3-F04-COVID_2021_H1,random_forest,0.1,0.01390100097948073,0.5591394861077144,0.0,0.0,0.0,0.012164683531062412,0.0017017008779020692,0.0,6664,82,ADMITTED,PROTOTYPE_RESEARCH_OVERRIDE,MACHINE_PROVISIONAL
C1,3,cost-basic-long-history-v1,V3-F04-COVID_2021_H1,xgboost,0.1,0.013107659063512987,0.5190634472434059,0.0,0.0,0.0,0.012160015524483737,0.0015030357967780513,0.0,6664,82,ADMITTED,PROTOTYPE_RESEARCH_OVERRIDE,MACHINE_PROVISIONAL
C1,3,cost-basic-long-history-v1,V3-F04-COVID_2021_H1,equal_soft_vote,0.1,0.013465999603770998,0.5424402101815002,0.0,0.0,0.0,0.012158290856660255,0.001624211113805214,0.0,6664,82,ADMITTED,PROTOTYPE_RESEARCH_OVERRIDE,MACHINE_PROVISIONAL
C1,3,cost-basic-long-history-v1,V3-F05-COVID_2021_H2,rule,0.30000000000000004,0.020516493476719938,0.5281960681862714,0.02612330198537095,0.20491803278688525,14.852589641434262,0.1429283257777083,0.3057292480850399,0.14960137564483353,6397,122,ADMITTED,PROTOTYPE_RESEARCH_OVERRIDE,MACHINE_PROVISIONAL
C1,3,cost-basic-long-history-v1,V3-F05-COVID_2021_H2,logistic_regression,0.1,0.0339663601313599,0.635771667428646,0.0,0.0,0.0,0.01880917441860483,0.011264523077874573,0.0,6397,122,ADMITTED,PROTOTYPE_RESEARCH_OVERRIDE,MACHINE_PROVISIONAL
C1,3,cost-basic-long-history-v1,V3-F05-COVID_2021_H2,hist_gradient_boosting,0.1,0.01546049950347287,0.4277728430540135,0.0,0.0,0.0,0.01882910528601311,0.010931097804843118,0.0,6397,122,ADMITTED,PROTOTYPE_RESEARCH_OVERRIDE,MACHINE_PROVISIONAL
C1,3,cost-basic-long-history-v1,V3-F05-COVID_2021_H2,random_forest,0.1,0.02728316364076927,0.5873430866697146,0.0,0.0,0.0,0.01881811932715629,0.010964403529758271,0.0,6397,122,ADMITTED,PROTOTYPE_RESEARCH_OVERRIDE,MACHINE_PROVISIONAL
C1,3,cost-basic-long-history-v1,V3-F05-COVID_2021_H2,xgboost,0.1,0.015332061716460565,0.4227627196133499,0.0,0.0,0.0,0.018836065337804936,0.010854984225075751,0.0,6397,122,ADMITTED,PROTOTYPE_RESEARCH_OVERRIDE,MACHINE_PROVISIONAL
C1,3,cost-basic-long-history-v1,V3-F05-COVID_2021_H2,equal_soft_vote,0.1,0.017414727794451784,0.49155182548494547,0.0,0.0,0.0,0.018827333230752218,0.01091682851989238,0.0,6397,122,ADMITTED,PROTOTYPE_RESEARCH_OVERRIDE,MACHINE_PROVISIONAL
C1,3,cost-basic-long-history-v1,V3-F07-OCMS_RESTART,rule,0.30000000000000004,0.050760744350061886,0.6754521632612589,0.07776560788608981,0.4965034965034965,14.559916998097872,0.13961778602767466,0.30290246371920354,0.15406682416469794,5926,143,ADMITTED,PROTOTYPE_RESEARCH_OVERRIDE,MACHINE_PROVISIONAL
C1,3,cost-basic-long-history-v1,V3-F07-OCMS_RESTART,logistic_regression,0.1,0.039263658182474515,0.6328641097792057,0.2,0.006993006993006993,0.06916825177243645,0.023489322113515367,0.004284341947716427,0.0008437394532568343,5926,143,ADMITTED,PROTOTYPE_RESEARCH_OVERRIDE,MACHINE_PROVISIONAL
C1,3,cost-basic-long-history-v1,V3-F07-OCMS_RESTART,hist_gradient_boosting,0.1,0.051648320005642054,0.6328175542251282,1.0,0.013986013986013986,0.0,0.023435009983219318,0.005228253691960856,0.0003374957813027337,5926,143,ADMITTED,PROTOTYPE_RESEARCH_OVERRIDE,MACHINE_PROVISIONAL
C1,3,cost-basic-long-history-v1,V3-F07-OCMS_RESTART,random_forest,0.1,0.041573581634014825,0.657779191239333,0.0,0.0,0.0,0.023436265567422412,0.005482279546887653,0.0,5926,143,ADMITTED,PROTOTYPE_RESEARCH_OVERRIDE,MACHINE_PROVISIONAL
C1,3,cost-basic-long-history-v1,V3-F07-OCMS_RESTART,xgboost,0.1,0.04298429032541159,0.6447847500934135,0.0,0.0,0.0,0.02343159432823279,0.0047352994834356475,0.0,5926,143,ADMITTED,PROTOTYPE_RESEARCH_OVERRIDE,MACHINE_PROVISIONAL
C1,3,cost-basic-long-history-v1,V3-F07-OCMS_RESTART,equal_soft_vote,0.1,0.05614463561691711,0.6553413731349059,0.0,0.0,0.0,0.023419580144667784,0.004947141672801875,0.0,5926,143,ADMITTED,PROTOTYPE_RESEARCH_OVERRIDE,MACHINE_PROVISIONAL
C1,3,cost-basic-long-history-v1,V3-F08-PAIMANA_TRANSITION,rule,0.30000000000000004,0.010220016620870343,0.49977787324617506,0.010183299389002037,0.10869565217391304,10.913990568156299,0.12106857079350967,0.2943431873749722,0.10913536341409202,4499,46,ADMITTED,PROTOTYPE_RESEARCH_OVERRIDE,MACHINE_PROVISIONAL
C1,3,cost-basic-long-history-v1,V3-F08-PAIMANA_TRANSITION,logistic_regression,0.1,0.014422621876063975,0.54306329880198,0.0,0.0,0.0,0.010173368128228458,0.005925014875057937,0.0,4499,46,ADMITTED,PROTOTYPE_RESEARCH_OVERRIDE,MACHINE_PROVISIONAL
C1,3,cost-basic-long-history-v1,V3-F08-PAIMANA_TRANSITION,hist_gradient_boosting,0.1,0.012354808928826788,0.5819891816948027,0.0,0.0,0.7186166629238715,0.010402832900878201,0.0088995794023255,0.007112691709268726,4499,46,ADMITTED,PROTOTYPE_RESEARCH_OVERRIDE,MACHINE_PROVISIONAL
C1,3,cost-basic-long-history-v1,V3-F08-PAIMANA_TRANSITION,random_forest,0.1,0.012012790467216632,0.5692596100332947,0.0,0.0,0.06737031214911296,0.010312938358031239,0.0065435651087129044,0.0006668148477439431,4499,46,ADMITTED,PROTOTYPE_RESEARCH_OVERRIDE,MACHINE_PROVISIONAL
C1,3,cost-basic-long-history-v1,V3-F08-PAIMANA_TRANSITION,xgboost,0.1,0.016147812240035992,0.6356803913336393,0.0,0.0,0.08982708286548394,0.010266812809533652,0.007372070164093978,0.0008890864636585908,4499,46,ADMITTED,PROTOTYPE_RESEARCH_OVERRIDE,MACHINE_PROVISIONAL
C1,3,cost-basic-long-history-v1,V3-F08-PAIMANA_TRANSITION,equal_soft_vote,0.1,0.013036871592848226,0.5989953036057762,0.0,0.0,0.11228385358185493,0.010289336959339706,0.0076050715583774586,0.0011113580795732384,4499,46,ADMITTED,PROTOTYPE_RESEARCH_OVERRIDE,MACHINE_PROVISIONAL
C1,3,cost-basic-long-history-v1,V3-F09-RECENT_2025,rule,0.1,0.0979591836734694,0.6567164179104478,0.04285714285714286,1.0,100.0,0.11281055900621118,0.2527950310559006,1.0,1610,69,ADMITTED,PROTOTYPE_RESEARCH_OVERRIDE,MACHINE_PROVISIONAL
C1,3,cost-basic-long-history-v1,V3-F09-RECENT_2025,logistic_regression,0.1,0.14340710152946645,0.8293786267151952,0.0,0.0,0.0,0.041856777304758036,0.03238427429501731,0.0,1610,69,ADMITTED,PROTOTYPE_RESEARCH_OVERRIDE,MACHINE_PROVISIONAL
C1,3,cost-basic-long-history-v1,V3-F09-RECENT_2025,hist_gradient_boosting,0.1,0.08470417741126592,0.6999313451645365,0.0,0.0,0.0,0.04199640792832667,0.033600617501485325,0.0,1610,69,ADMITTED,PROTOTYPE_RESEARCH_OVERRIDE,MACHINE_PROVISIONAL
C1,3,cost-basic-long-history-v1,V3-F09-RECENT_2025,random_forest,0.1,0.08586094132875055,0.7308072115791553,0.0,0.0,0.0,0.04195450830431047,0.03305677758109825,0.0,1610,69,ADMITTED,PROTOTYPE_RESEARCH_OVERRIDE,MACHINE_PROVISIONAL
C1,3,cost-basic-long-history-v1,V3-F09-RECENT_2025,xgboost,0.1,0.11795966409668468,0.7698464200735453,0.0,0.0,0.0,0.04193455547969469,0.03335160743763376,0.0,1610,69,ADMITTED,PROTOTYPE_RESEARCH_OVERRIDE,MACHINE_PROVISIONAL
C1,3,cost-basic-long-history-v1,V3-F09-RECENT_2025,equal_soft_vote,0.1,0.09614503730702405,0.7547423562715722,0.0,0.0,0.0,0.041960393190621885,0.03333633417340578,0.0,1610,69,ADMITTED,PROTOTYPE_RESEARCH_OVERRIDE,MACHINE_PROVISIONAL
C1,3,cost-basic-long-history-v1,V3-F10-RECENT_2026,rule,0.30000000000000004,0.013400150134073772,0.559385168003608,0.026119402985074626,0.19444444444444445,7.5674108437228185,0.10410688665710187,0.2781205164992826,0.07690100430416069,3485,36,ADMITTED,PROTOTYPE_RESEARCH_OVERRIDE,MACHINE_PROVISIONAL
C1,3,cost-basic-long-history-v1,V3-F10-RECENT_2026,logistic_regression,0.1,0.03622904947918012,0.69715054283045,0.02834008097165992,0.19444444444444445,6.958538706871557,0.015809320149327916,0.029359960879547665,0.0708751793400287,3485,36,ADMITTED,PROTOTYPE_RESEARCH_OVERRIDE,MACHINE_PROVISIONAL
C1,3,cost-basic-long-history-v1,V3-F10-RECENT_2026,hist_gradient_boosting,0.1,0.03065404467605206,0.7181026706613833,0.08823529411764706,0.08333333333333333,0.8988112496375761,0.010937901225471124,0.02692171739737481,0.00975609756097561,3485,36,ADMITTED,PROTOTYPE_RESEARCH_OVERRIDE,MACHINE_PROVISIONAL
C1,3,cost-basic-long-history-v1,V3-F10-RECENT_2026,random_forest,0.1,0.06591633065051099,0.7711856898940112,0.15517241379310345,0.25,1.4207016526529428,0.010958406094358244,0.030178124093625396,0.016642754662840747,3485,36,ADMITTED,PROTOTYPE_RESEARCH_OVERRIDE,MACHINE_PROVISIONAL
C1,3,cost-basic-long-history-v1,V3-F10-RECENT_2026,xgboost,0.1,0.03975096933914586,0.7149979059952966,0.06285714285714286,0.3055555555555556,4.755001449695564,0.011627704343684098,0.02873145756433964,0.05021520803443329,3485,36,ADMITTED,PROTOTYPE_RESEARCH_OVERRIDE,MACHINE_PROVISIONAL
C1,3,cost-basic-long-history-v1,V3-F10-RECENT_2026,equal_soft_vote,0.1,0.04635324869974785,0.7510188138268742,0.08333333333333333,0.19444444444444445,2.2325311684546247,0.010984161596594585,0.028157733181918394,0.02410329985652798,3485,36,ADMITTED,PROTOTYPE_RESEARCH_OVERRIDE,MACHINE_PROVISIONAL
C1,6,cost-basic-long-history-v1,V3-F02-COVID_ONSET,rule,0.30000000000000004,0.03542106951152679,0.5611386686744321,0.054429028815368194,0.2537313432835821,13.14540059347181,0.137129015991932,0.28853911540123905,0.13499495749891946,6941,201,ADMITTED,PROTOTYPE_RESEARCH_OVERRIDE,MACHINE_PROVISIONAL
C1,6,cost-basic-long-history-v1,V3-F02-COVID_ONSET,logistic_regression,0.1,0.051298730144838024,0.5127478335326336,0.15254237288135594,0.04477611940298507,0.7418397626112759,0.02933698917038112,0.03497422080831898,0.008500216107189165,6941,201,ADMITTED,PROTOTYPE_RESEARCH_OVERRIDE,MACHINE_PROVISIONAL
C1,6,cost-basic-long-history-v1,V3-F02-COVID_ONSET,hist_gradient_boosting,0.1,0.04120309414409612,0.5312369901235662,0.04838709677419355,0.11940298507462686,7.002967359050445,0.029975646030852197,0.041059844485429826,0.07145944388416654,6941,201,ADMITTED,PROTOTYPE_RESEARCH_OVERRIDE,MACHINE_PROVISIONAL
C1,6,cost-basic-long-history-v1,V3-F02-COVID_ONSET,random_forest,0.1,0.044324846969497386,0.5759551648286756,0.051685393258426963,0.11442786069651742,6.261127596439169,0.029652690031753196,0.03697216197229253,0.06411179945252846,6941,201,ADMITTED,PROTOTYPE_RESEARCH_OVERRIDE,MACHINE_PROVISIONAL
C1,6,cost-basic-long-history-v1,V3-F02-COVID_ONSET,xgboost,0.1,0.035731883630069794,0.5398308900600853,0.06719367588932806,0.0845771144278607,3.5014836795252227,0.02978732939252399,0.03970899571293174,0.03645007923930269,6941,201,ADMITTED,PROTOTYPE_RESEARCH_OVERRIDE,MACHINE_PROVISIONAL
C1,6,cost-basic-long-history-v1,V3-F02-COVID_ONSET,equal_soft_vote,0.1,0.04036445850809879,0.5562074641628653,0.05341246290801187,0.08955223880597014,4.732937685459941,0.02972298747711416,0.039247000723551355,0.04855208183258897,6941,201,ADMITTED,PROTOTYPE_RESEARCH_OVERRIDE,MACHINE_PROVISIONAL
C1,6,cost-basic-long-history-v1,V3-F03-COVID_LATE,rule,0.30000000000000004,0.0170567823066438,0.5491800718413244,0.025142857142857144,0.23157894736842105,13.32188036857723,0.13375269313634966,0.30270852570021545,0.13465681748230224,6498,95,ADMITTED,PROTOTYPE_RESEARCH_OVERRIDE,MACHINE_PROVISIONAL
C1,6,cost-basic-long-history-v1,V3-F03-COVID_LATE,logistic_regression,0.1,0.01868697094752665,0.5923473371856941,0.0,0.0,0.0,0.01440616986969468,0.002810210414891514,0.0,6498,95,ADMITTED,PROTOTYPE_RESEARCH_OVERRIDE,MACHINE_PROVISIONAL
C1,6,cost-basic-long-history-v1,V3-F03-COVID_LATE,hist_gradient_boosting,0.1,0.020742126950880506,0.5578667894161454,0.0,0.0,0.06247071685147587,0.01442758774991381,0.0012869661091095396,0.0006155740227762388,6498,95,ADMITTED,PROTOTYPE_RESEARCH_OVERRIDE,MACHINE_PROVISIONAL
C1,6,cost-basic-long-history-v1,V3-F03-COVID_LATE,random_forest,0.1,0.024154022278064274,0.5887281455238909,0.0,0.0,0.0,0.014388225503106783,0.0011781583759154484,0.0,6498,95,ADMITTED,PROTOTYPE_RESEARCH_OVERRIDE,MACHINE_PROVISIONAL
C1,6,cost-basic-long-history-v1,V3-F03-COVID_LATE,xgboost,0.1,0.015085983761572707,0.515417115332451,0.0,0.0,0.10932375449008278,0.014545581259805174,0.0018327859451891468,0.0010772545398584179,6498,95,ADMITTED,PROTOTYPE_RESEARCH_OVERRIDE,MACHINE_PROVISIONAL
C1,6,cost-basic-long-history-v1,V3-F03-COVID_LATE,equal_soft_vote,0.1,0.018658158457712265,0.5680223908200925,0.0,0.0,0.06247071685147587,0.014435909393763477,0.0014095324391932376,0.0006155740227762388,6498,95,ADMITTED,PROTOTYPE_RESEARCH_OVERRIDE,MACHINE_PROVISIONAL
C1,6,cost-basic-long-history-v1,V3-F04-COVID_2021_H1,rule,0.30000000000000004,0.024879420009444746,0.4688002322077127,0.015267175572519083,0.0880503144654088,15.044985004998335,0.14755112806362602,0.29861223827300765,0.14883947411134557,6161,159,ADMITTED,PROTOTYPE_RESEARCH_OVERRIDE,MACHINE_PROVISIONAL
C1,6,cost-basic-long-history-v1,V3-F04-COVID_2021_H1,logistic_regression,0.1,0.031925543997373074,0.5669032754281068,0.0,0.0,0.09996667777407531,0.025266572053259884,0.008987724411322182,0.0009738678785911378,6161,159,ADMITTED,PROTOTYPE_RESEARCH_OVERRIDE,MACHINE_PROVISIONAL
C1,6,cost-basic-long-history-v1,V3-F04-COVID_2021_H1,hist_gradient_boosting,0.1,0.020964277447193452,0.43138241131362914,0.0,0.0,0.0,0.025166872759537766,0.0033698165812762054,0.0,6161,159,ADMITTED,PROTOTYPE_RESEARCH_OVERRIDE,MACHINE_PROVISIONAL
C1,6,cost-basic-long-history-v1,V3-F04-COVID_2021_H1,random_forest,0.1,0.020291965932129504,0.4148695717779608,0.0,0.0,0.0,0.0252230858755949,0.003308569470112103,0.0,6161,159,ADMITTED,PROTOTYPE_RESEARCH_OVERRIDE,MACHINE_PROVISIONAL
C1,6,cost-basic-long-history-v1,V3-F04-COVID_2021_H1,xgboost,0.1,0.0206295635834599,0.41832753861920235,0.0,0.0,0.0,0.02521168746476964,0.003070492605378731,0.0,6161,159,ADMITTED,PROTOTYPE_RESEARCH_OVERRIDE,MACHINE_PROVISIONAL
C1,6,cost-basic-long-history-v1,V3-F04-COVID_2021_H1,equal_soft_vote,0.1,0.020169387061347854,0.4156884811980912,0.0,0.0,0.0,0.02519836662142413,0.0032496262189223406,0.0,6161,159,ADMITTED,PROTOTYPE_RESEARCH_OVERRIDE,MACHINE_PROVISIONAL
C1,6,cost-basic-long-history-v1,V3-F05-COVID_2021_H2,rule,0.30000000000000004,0.04044854843260829,0.5272305891820994,0.051643192488262914,0.19469026548672566,14.02290871225269,0.14516533066132264,0.2834001336005344,0.14228456913827656,2994,113,ADMITTED,PROTOTYPE_RESEARCH_OVERRIDE,MACHINE_PROVISIONAL
C1,6,cost-basic-long-history-v1,V3-F05-COVID_2021_H2,logistic_regression,0.1,0.07808340694232153,0.7158772918695266,0.0,0.0,0.0,0.03666812017032149,0.02365067434406245,0.0,2994,113,ADMITTED,PROTOTYPE_RESEARCH_OVERRIDE,MACHINE_PROVISIONAL
C1,6,cost-basic-long-history-v1,V3-F05-COVID_2021_H2,hist_gradient_boosting,0.1,0.030302849238911442,0.4264374771542575,0.0,0.0,0.0,0.03701148686341351,0.02231856577006757,0.0,2994,113,ADMITTED,PROTOTYPE_RESEARCH_OVERRIDE,MACHINE_PROVISIONAL
C1,6,cost-basic-long-history-v1,V3-F05-COVID_2021_H2,random_forest,0.1,0.031120783850919643,0.41367611418110106,0.0,0.0,0.0,0.0369193631702082,0.023397606112711848,0.0,2994,113,ADMITTED,PROTOTYPE_RESEARCH_OVERRIDE,MACHINE_PROVISIONAL
C1,6,cost-basic-long-history-v1,V3-F05-COVID_2021_H2,xgboost,0.1,0.03017577613955702,0.4269873108218938,0.0,0.0,0.03471017007983339,0.03720571693553407,0.021765845618255147,0.00033400133600534405,2994,113,ADMITTED,PROTOTYPE_RESEARCH_OVERRIDE,MACHINE_PROVISIONAL
C1,6,cost-basic-long-history-v1,V3-F05-COVID_2021_H2,equal_soft_vote,0.1,0.029823769208527993,0.4195399827370659,0.0,0.0,0.0,0.03702279410123915,0.022471499297091645,0.0,2994,113,ADMITTED,PROTOTYPE_RESEARCH_OVERRIDE,MACHINE_PROVISIONAL
C1,6,cost-basic-long-history-v1,V3-F07-OCMS_RESTART,rule,0.1,0.09353266796363752,0.6624078717422688,0.04735560964815225,1.0,100.0,0.13663144500995797,0.2745629564062846,1.0,4519,214,ADMITTED,PROTOTYPE_RESEARCH_OVERRIDE,MACHINE_PROVISIONAL
C1,6,cost-basic-long-history-v1,V3-F07-OCMS_RESTART,logistic_regression,0.1,0.06099586137971484,0.6086120247050267,0.0,0.0,0.3948896631823461,0.04542999309217842,0.014448937396442601,0.003761894224385926,4519,214,ADMITTED,PROTOTYPE_RESEARCH_OVERRIDE,MACHINE_PROVISIONAL
C1,6,cost-basic-long-history-v1,V3-F07-OCMS_RESTART,hist_gradient_boosting,0.1,0.08509061532430962,0.6696543901353567,0.0,0.0,0.0,0.04500942702880008,0.013187704453088998,0.0,4519,214,ADMITTED,PROTOTYPE_RESEARCH_OVERRIDE,MACHINE_PROVISIONAL
C1,6,cost-basic-long-history-v1,V3-F07-OCMS_RESTART,random_forest,0.1,0.0681750449682553,0.610112127823548,0.0,0.0,0.0,0.0450763504937267,0.011690932456633267,0.0,4519,214,ADMITTED,PROTOTYPE_RESEARCH_OVERRIDE,MACHINE_PROVISIONAL
C1,6,cost-basic-long-history-v1,V3-F07-OCMS_RESTART,xgboost,0.1,0.07885246913995803,0.6406992521193569,0.0,0.0,0.0,0.045109423435901026,0.012945868370345524,0.0,4519,214,ADMITTED,PROTOTYPE_RESEARCH_OVERRIDE,MACHINE_PROVISIONAL
C1,6,cost-basic-long-history-v1,V3-F07-OCMS_RESTART,equal_soft_vote,0.1,0.08190932785369934,0.6571786772607379,0.0,0.0,0.0,0.04505782519744228,0.012608168426689263,0.0,4519,214,ADMITTED,PROTOTYPE_RESEARCH_OVERRIDE,MACHINE_PROVISIONAL
C1,6,cost-basic-long-history-v1,V3-F08-PAIMANA_TRANSITION,rule,0.30000000000000004,0.02283554789336473,0.5118850520340587,0.02727272727272727,0.125,10.122989593188269,0.12170444033302498,0.27867715078630895,0.10175763182238667,1081,24,DESCRIPTIVE_ONLY,PROTOTYPE_RESEARCH_OVERRIDE,MACHINE_PROVISIONAL
C1,6,cost-basic-long-history-v1,V3-F08-PAIMANA_TRANSITION,logistic_regression,0.1,0.04797154262319031,0.5633869441816461,0.0,0.0,0.0946073793755913,0.022060295106613708,0.019056544173807782,0.0009250693802035153,1081,24,DESCRIPTIVE_ONLY,PROTOTYPE_RESEARCH_OVERRIDE,MACHINE_PROVISIONAL
C1,6,cost-basic-long-history-v1,V3-F08-PAIMANA_TRANSITION,hist_gradient_boosting,0.1,0.027889460012191218,0.559720908230842,0.0,0.0,2.3651844843897822,0.022515712164668626,0.020839305687819554,0.02312673450508788,1081,24,DESCRIPTIVE_ONLY,PROTOTYPE_RESEARCH_OVERRIDE,MACHINE_PROVISIONAL
C1,6,cost-basic-long-history-v1,V3-F08-PAIMANA_TRANSITION,random_forest,0.1,0.02536733679548254,0.521838536739199,0.038461538461538464,0.08333333333333333,4.7303689687795645,0.022874800996688188,0.017151108733144658,0.04810360777058279,1081,24,DESCRIPTIVE_ONLY,PROTOTYPE_RESEARCH_OVERRIDE,MACHINE_PROVISIONAL
C1,6,cost-basic-long-history-v1,V3-F08-PAIMANA_TRANSITION,xgboost,0.1,0.031820794770152656,0.5927546515294859,0.041666666666666664,0.041666666666666664,2.1759697256385997,0.02243918383030634,0.018051224865800897,0.022201665124884366,1081,24,DESCRIPTIVE_ONLY,PROTOTYPE_RESEARCH_OVERRIDE,MACHINE_PROVISIONAL
C1,6,cost-basic-long-history-v1,V3-F08-PAIMANA_TRANSITION,equal_soft_vote,0.1,0.028686594733822297,0.5560154525386314,0.06896551724137931,0.08333333333333333,2.554399243140965,0.022504237247013087,0.018680546428921703,0.02682701202590194,1081,24,DESCRIPTIVE_ONLY,PROTOTYPE_RESEARCH_OVERRIDE,MACHINE_PROVISIONAL
C1,6,cost-basic-long-history-v1,V3-F09-RECENT_2025,rule,0.30000000000000004,0.10895260828517686,0.6326724477729602,0.21481481481481482,0.3372093023255814,7.186440677966102,0.11471012171684818,0.23814862267777065,0.08648302370275464,1561,86,ADMITTED,PROTOTYPE_RESEARCH_OVERRIDE,MACHINE_PROVISIONAL
C1,6,cost-basic-long-history-v1,V3-F09-RECENT_2025,logistic_regression,0.1,0.12806825229134733,0.7446826960977532,0.12121212121212122,0.046511627906976744,1.9661016949152543,0.05098005163473774,0.014641160478751308,0.02114029468289558,1561,86,ADMITTED,PROTOTYPE_RESEARCH_OVERRIDE,MACHINE_PROVISIONAL
C1,6,cost-basic-long-history-v1,V3-F09-RECENT_2025,hist_gradient_boosting,0.1,0.10774400883829237,0.7146708711076075,0.14285714285714285,0.011627906976744186,0.4067796610169492,0.05168819561062289,0.02168919704593797,0.004484304932735426,1561,86,ADMITTED,PROTOTYPE_RESEARCH_OVERRIDE,MACHINE_PROVISIONAL
C1,6,cost-basic-long-history-v1,V3-F09-RECENT_2025,random_forest,0.1,0.13074941043821808,0.7066614111154907,0.21428571428571427,0.06976744186046512,1.4915254237288136,0.05111797437671968,0.020368912056771073,0.017937219730941704,1561,86,ADMITTED,PROTOTYPE_RESEARCH_OVERRIDE,MACHINE_PROVISIONAL
C1,6,cost-basic-long-history-v1,V3-F09-RECENT_2025,xgboost,0.1,0.1219122744501866,0.7272763106030745,0.16216216216216217,0.06976744186046512,2.1016949152542375,0.0510887423973148,0.02070915567345102,0.02370275464445868,1561,86,ADMITTED,PROTOTYPE_RESEARCH_OVERRIDE,MACHINE_PROVISIONAL
C1,6,cost-basic-long-history-v1,V3-F09-RECENT_2025,equal_soft_vote,0.1,0.1240575016477902,0.7291525423728814,0.09090909090909091,0.011627906976744186,0.6779661016949152,0.05121702943046369,0.02114162211717677,0.007046764894298526,1561,86,ADMITTED,PROTOTYPE_RESEARCH_OVERRIDE,MACHINE_PROVISIONAL
C1,6,cost-basic-long-history-v1,V3-F10-RECENT_2026,rule,0.30000000000000004,0.03683554817275748,0.5323227462303497,0.05357142857142857,0.16666666666666666,10.202117420596728,0.12575581395348837,0.2686046511627907,0.10418604651162791,1075,36,ADMITTED,PROTOTYPE_RESEARCH_OVERRIDE,MACHINE_PROVISIONAL
C1,6,cost-basic-long-history-v1,V3-F10-RECENT_2026,logistic_regression,0.1,0.07663447695836637,0.5872901293979254,0.075,0.08333333333333333,3.56111645813282,0.032280542443276106,0.01214300182772128,0.037209302325581395,1075,36,ADMITTED,PROTOTYPE_RESEARCH_OVERRIDE,MACHINE_PROVISIONAL
C1,6,cost-basic-long-history-v1,V3-F10-RECENT_2026,hist_gradient_boosting,0.1,0.0680913482658764,0.6245989733718319,0.13333333333333333,0.05555555555555555,1.2512030798845044,0.032047308606157614,0.0015444221733747947,0.013953488372093023,1075,36,ADMITTED,PROTOTYPE_RESEARCH_OVERRIDE,MACHINE_PROVISIONAL
C1,6,cost-basic-long-history-v1,V3-F10-RECENT_2026,random_forest,0.1,0.09434740032453551,0.6385413324778099,0.13793103448275862,0.1111111111111111,2.4061597690086622,0.03191735667039374,0.004198782895149483,0.026976744186046512,1075,36,ADMITTED,PROTOTYPE_RESEARCH_OVERRIDE,MACHINE_PROVISIONAL
C1,6,cost-basic-long-history-v1,V3-F10-RECENT_2026,xgboost,0.1,0.056165607443199594,0.6121136776815314,0.08108108108108109,0.08333333333333333,3.2723772858517806,0.03248610662884868,0.0039869453732272065,0.03441860465116279,1075,36,ADMITTED,PROTOTYPE_RESEARCH_OVERRIDE,MACHINE_PROVISIONAL
C1,6,cost-basic-long-history-v1,V3-F10-RECENT_2026,equal_soft_vote,0.1,0.07581086422753111,0.6245588707090151,0.11538461538461539,0.08333333333333333,2.213666987487969,0.03204718555917513,0.002692281075944153,0.024186046511627906,1075,36,ADMITTED,PROTOTYPE_RESEARCH_OVERRIDE,MACHINE_PROVISIONAL
C1,3,cost-compact-v2,V3-F10-RECENT_2026,rule,0.30000000000000004,0.013400150134073772,0.559385168003608,0.026119402985074626,0.19444444444444445,7.5674108437228185,0.10410688665710187,0.2781205164992826,0.07690100430416069,3485,36,ADMITTED,PROTOTYPE_RESEARCH_OVERRIDE,MACHINE_PROVISIONAL
C1,3,cost-compact-v2,V3-F10-RECENT_2026,logistic_regression,0.1,0.02994845902575182,0.6419090879804129,0.04455445544554455,0.25,5.595824876775877,0.016295121747515177,0.07804950801248728,0.05796269727403156,3485,36,ADMITTED,PROTOTYPE_RESEARCH_OVERRIDE,MACHINE_PROVISIONAL
C1,3,cost-compact-v2,V3-F10-RECENT_2026,hist_gradient_boosting,0.1,0.011504559628652922,0.5720096002061789,0.006134969325153374,0.08333333333333333,14.091040881414903,0.016767810332931923,0.07307860077828107,0.14031563845050216,3485,36,ADMITTED,PROTOTYPE_RESEARCH_OVERRIDE,MACHINE_PROVISIONAL
C1,3,cost-compact-v2,V3-F10-RECENT_2026,random_forest,0.15000000000000002,0.014613427576792577,0.6121097902773751,0.0056179775280898875,0.05555555555555555,10.263844592635547,0.019459933032005678,0.08463869232915375,0.10215208034433286,3485,36,ADMITTED,PROTOTYPE_RESEARCH_OVERRIDE,MACHINE_PROVISIONAL
C1,3,cost-compact-v2,V3-F10-RECENT_2026,xgboost,0.2,0.016477212592645903,0.6271987049386296,0.01282051282051282,0.1111111111111111,8.930124673818499,0.02366540177959054,0.07964194712100225,0.08952654232424677,3485,36,ADMITTED,PROTOTYPE_RESEARCH_OVERRIDE,MACHINE_PROVISIONAL
C1,3,cost-compact-v2,V3-F10-RECENT_2026,equal_soft_vote,0.15000000000000002,0.015515347984012415,0.623115395766889,0.011904761904761904,0.1111111111111111,9.625978544505653,0.01871771715897142,0.07911974674281236,0.09641319942611191,3485,36,ADMITTED,PROTOTYPE_RESEARCH_OVERRIDE,MACHINE_PROVISIONAL
C2,3,cost-basic-long-history-v1,V3-F02-COVID_ONSET,rule,0.30000000000000004,0.013192373723683022,0.554382597568778,0.01680672268907563,0.3333333333333333,22.456813819577736,0.17730075901328274,0.3515180265654648,0.22580645161290322,527,6,DESCRIPTIVE_ONLY,PROTOTYPE_RESEARCH_OVERRIDE,MACHINE_PROVISIONAL
C2,3,cost-basic-long-history-v1,V3-F02-COVID_ONSET,logistic_regression,0.1,0.02121650268161896,0.5662188099808061,0.02631578947368421,0.3333333333333333,14.203454894433781,0.012543389875759463,0.019360986516944838,0.1442125237191651,527,6,DESCRIPTIVE_ONLY,PROTOTYPE_RESEARCH_OVERRIDE,MACHINE_PROVISIONAL
C2,3,cost-basic-long-history-v1,V3-F02-COVID_ONSET,hist_gradient_boosting,0.1,0.016837155171344473,0.5382277671145234,0.0,0.0,0.0,0.011437493957723081,0.011650770091715572,0.0,527,6,DESCRIPTIVE_ONLY,PROTOTYPE_RESEARCH_OVERRIDE,MACHINE_PROVISIONAL
C2,3,cost-basic-long-history-v1,V3-F02-COVID_ONSET,random_forest,0.1,0.013027867319498204,0.44529750479846447,0.0,0.0,0.19193857965451055,0.011608428165018246,0.012345927321910687,0.0018975332068311196,527,6,DESCRIPTIVE_ONLY,PROTOTYPE_RESEARCH_OVERRIDE,MACHINE_PROVISIONAL
C2,3,cost-basic-long-history-v1,V3-F02-COVID_ONSET,xgboost,0.1,0.014216473757839935,0.41042866282789503,0.0,0.0,0.0,0.011367766719713079,0.010568250717958432,0.0,527,6,DESCRIPTIVE_ONLY,PROTOTYPE_RESEARCH_OVERRIDE,MACHINE_PROVISIONAL
C2,3,cost-basic-long-history-v1,V3-F02-COVID_ONSET,equal_soft_vote,0.1,0.014837385377191172,0.5078374920025592,0.0,0.0,0.0,0.011427980641092775,0.011521649377194894,0.0,527,6,DESCRIPTIVE_ONLY,PROTOTYPE_RESEARCH_OVERRIDE,MACHINE_PROVISIONAL
C2,3,cost-basic-long-history-v1,V3-F03-COVID_LATE,rule,0.30000000000000004,0.017860542106352163,0.4738140417457305,0.014814814814814815,0.2,25.23719165085389,0.19378491620111732,0.3570763500931099,0.25139664804469275,537,10,DESCRIPTIVE_ONLY,PROTOTYPE_RESEARCH_OVERRIDE,MACHINE_PROVISIONAL
C2,3,cost-basic-long-history-v1,V3-F03-COVID_LATE,logistic_regression,0.1,0.033346056233623134,0.5521821631878557,0.0,0.0,0.0,0.018305275725294584,0.005637821500027184,0.0,537,10,DESCRIPTIVE_ONLY,PROTOTYPE_RESEARCH_OVERRIDE,MACHINE_PROVISIONAL
C2,3,cost-basic-long-history-v1,V3-F03-COVID_LATE,hist_gradient_boosting,0.30000000000000004,0.019772974489963444,0.5135673624288425,0.0,0.0,0.0,0.018815287246706933,0.007383403130330453,0.0,537,10,DESCRIPTIVE_ONLY,PROTOTYPE_RESEARCH_OVERRIDE,MACHINE_PROVISIONAL
C2,3,cost-basic-long-history-v1,V3-F03-COVID_LATE,random_forest,0.1,0.01970047058705644,0.5055028462998102,0.0,0.0,0.7590132827324478,0.018628390386429484,0.007638196420169645,0.0074487895716946,537,10,DESCRIPTIVE_ONLY,PROTOTYPE_RESEARCH_OVERRIDE,MACHINE_PROVISIONAL
C2,3,cost-basic-long-history-v1,V3-F03-COVID_LATE,xgboost,0.25,0.012293773051984171,0.20151802656546491,0.0,0.0,0.0,0.01955544609089858,0.012957498170082979,0.0,537,10,DESCRIPTIVE_ONLY,PROTOTYPE_RESEARCH_OVERRIDE,MACHINE_PROVISIONAL
C2,3,cost-basic-long-history-v1,V3-F03-COVID_LATE,equal_soft_vote,0.25,0.015760176143366035,0.38975332068311197,0.0,0.0,0.0,0.018910481878739453,0.008933725281503888,0.0,537,10,DESCRIPTIVE_ONLY,PROTOTYPE_RESEARCH_OVERRIDE,MACHINE_PROVISIONAL
C2,3,cost-basic-long-history-v1,V3-F04-COVID_2021_H1,rule,0.1,0.010292201417275049,0.46899563318777293,0.01079913606911447,1.0,100.0,0.19640928725701945,0.3698704103671706,1.0,463,5,DESCRIPTIVE_ONLY,PROTOTYPE_RESEARCH_OVERRIDE,MACHINE_PROVISIONAL
C2,3,cost-basic-long-history-v1,V3-F04-COVID_2021_H1,logistic_regression,0.1,0.2067969014279694,0.2903930131004367,1.0,0.2,0.0,0.008927201725313895,0.012523619576633418,0.0021598272138228943,463,5,DESCRIPTIVE_ONLY,PROTOTYPE_RESEARCH_OVERRIDE,MACHINE_PROVISIONAL
C2,3,cost-basic-long-history-v1,V3-F04-COVID_2021_H1,hist_gradient_boosting,0.1,0.01028304752365657,0.3951965065502183,0.0,0.0,0.0,0.010870220938049544,0.012116931973403166,0.0,463,5,DESCRIPTIVE_ONLY,PROTOTYPE_RESEARCH_OVERRIDE,MACHINE_PROVISIONAL
C2,3,cost-basic-long-history-v1,V3-F04-COVID_2021_H1,random_forest,0.1,0.01947304276833904,0.6908296943231441,0.0,0.0,0.0,0.010819115589376496,0.012838745075910254,0.0,463,5,DESCRIPTIVE_ONLY,PROTOTYPE_RESEARCH_OVERRIDE,MACHINE_PROVISIONAL
C2,3,cost-basic-long-history-v1,V3-F04-COVID_2021_H1,xgboost,0.1,0.012486147762505012,0.5100436681222708,0.0,0.0,0.0,0.01122979875506361,0.014002176875849382,0.0,463,5,DESCRIPTIVE_ONLY,PROTOTYPE_RESEARCH_OVERRIDE,MACHINE_PROVISIONAL
C2,3,cost-basic-long-history-v1,V3-F04-COVID_2021_H1,equal_soft_vote,0.1,0.014549184524858772,0.5781659388646289,0.0,0.0,0.0,0.010872693930631354,0.012985951308387597,0.0,463,5,DESCRIPTIVE_ONLY,PROTOTYPE_RESEARCH_OVERRIDE,MACHINE_PROVISIONAL
C2,3,cost-basic-long-history-v1,V3-F07-OCMS_RESTART,rule,0.30000000000000004,0.04911889404625555,0.5760399334442595,0.06289308176100629,0.4,24.792013311148086,0.19349041533546327,0.33706070287539935,0.2539936102236422,626,25,DESCRIPTIVE_ONLY,PROTOTYPE_RESEARCH_OVERRIDE,MACHINE_PROVISIONAL
C2,3,cost-basic-long-history-v1,V3-F07-OCMS_RESTART,logistic_regression,0.1,0.1595436536757702,0.6847920133111481,0.08791208791208792,0.32,13.810316139767055,0.037700198603885376,0.012948837759558122,0.14536741214057508,626,25,DESCRIPTIVE_ONLY,PROTOTYPE_RESEARCH_OVERRIDE,MACHINE_PROVISIONAL
C2,3,cost-basic-long-history-v1,V3-F07-OCMS_RESTART,hist_gradient_boosting,0.1,0.04772106968493073,0.46715474209650587,0.0,0.0,0.0,0.038398915456384096,0.006091723676645289,0.0,626,25,DESCRIPTIVE_ONLY,PROTOTYPE_RESEARCH_OVERRIDE,MACHINE_PROVISIONAL
C2,3,cost-basic-long-history-v1,V3-F07-OCMS_RESTART,random_forest,0.1,0.04835534346468079,0.5714808652246257,0.0410958904109589,0.12,11.647254575707155,0.03945640412022581,0.020023235148069626,0.11661341853035144,626,25,DESCRIPTIVE_ONLY,PROTOTYPE_RESEARCH_OVERRIDE,MACHINE_PROVISIONAL
C2,3,cost-basic-long-history-v1,V3-F07-OCMS_RESTART,xgboost,0.1,0.06842565356067423,0.528053244592346,0.0,0.0,0.0,0.038380731398569776,0.009089044697666068,0.0,626,25,DESCRIPTIVE_ONLY,PROTOTYPE_RESEARCH_OVERRIDE,MACHINE_PROVISIONAL
C2,3,cost-basic-long-history-v1,V3-F07-OCMS_RESTART,equal_soft_vote,0.1,0.051672557439477365,0.5591347753743761,0.0,0.0,0.9983361064891847,0.03850483303855213,0.011734667840793661,0.009584664536741214,626,25,DESCRIPTIVE_ONLY,PROTOTYPE_RESEARCH_OVERRIDE,MACHINE_PROVISIONAL
C2,3,cost-basic-long-history-v1,V3-F08-PAIMANA_TRANSITION,rule,0.30000000000000004,0.04957375833951075,0.4427083333333333,0.028169014084507043,0.125,23.958333333333332,0.19901315789473684,0.3141447368421053,0.23355263157894737,608,32,DESCRIPTIVE_ONLY,PROTOTYPE_RESEARCH_OVERRIDE,MACHINE_PROVISIONAL
C2,3,cost-basic-long-history-v1,V3-F08-PAIMANA_TRANSITION,logistic_regression,0.1,0.05272860530778341,0.5096571180555556,0.0,0.0,0.0,0.05077117478306518,0.03016468290837315,0.0,608,32,DESCRIPTIVE_ONLY,PROTOTYPE_RESEARCH_OVERRIDE,MACHINE_PROVISIONAL
C2,3,cost-basic-long-history-v1,V3-F08-PAIMANA_TRANSITION,hist_gradient_boosting,0.1,0.05934042451780426,0.42540147569444453,0.0,0.0,0.0,0.05083851722727442,0.029112536659942113,0.0,608,32,DESCRIPTIVE_ONLY,PROTOTYPE_RESEARCH_OVERRIDE,MACHINE_PROVISIONAL
C2,3,cost-basic-long-history-v1,V3-F08-PAIMANA_TRANSITION,random_forest,0.1,0.05601751235517782,0.38585069444444453,0.0,0.0,0.0,0.0507586348524592,0.029683976066136323,0.0,608,32,DESCRIPTIVE_ONLY,PROTOTYPE_RESEARCH_OVERRIDE,MACHINE_PROVISIONAL
C2,3,cost-basic-long-history-v1,V3-F08-PAIMANA_TRANSITION,xgboost,0.1,0.06402618115090447,0.5107150607638888,0.0,0.0,0.0,0.05079243072133445,0.03062002787017713,0.0,608,32,DESCRIPTIVE_ONLY,PROTOTYPE_RESEARCH_OVERRIDE,MACHINE_PROVISIONAL
C2,3,cost-basic-long-history-v1,V3-F08-PAIMANA_TRANSITION,equal_soft_vote,0.1,0.06085091772070767,0.4597981770833333,0.0,0.0,0.0,0.05078396770894271,0.02980551353208519,0.0,608,32,DESCRIPTIVE_ONLY,PROTOTYPE_RESEARCH_OVERRIDE,MACHINE_PROVISIONAL
C2,3,cost-basic-long-history-v1,V3-F09-RECENT_2025,rule,0.1,0.06656106656106656,0.5535517114464483,0.05855855855855856,1.0,100.0,0.21114864864864866,0.33333333333333337,1.0,222,13,DESCRIPTIVE_ONLY,PROTOTYPE_RESEARCH_OVERRIDE,MACHINE_PROVISIONAL
C2,3,cost-basic-long-history-v1,V3-F09-RECENT_2025,logistic_regression,0.1,0.15689487489798068,0.7648141332351859,0.1232876712328767,0.6923076923076923,30.62200956937799,0.05396873498689198,0.018865776606114274,0.32882882882882886,222,13,DESCRIPTIVE_ONLY,PROTOTYPE_RESEARCH_OVERRIDE,MACHINE_PROVISIONAL
C2,3,cost-basic-long-history-v1,V3-F09-RECENT_2025,hist_gradient_boosting,0.1,0.05136923189759349,0.37559808612440193,0.0,0.0,0.0,0.05572441840976132,0.007232344026746114,0.0,222,13,DESCRIPTIVE_ONLY,PROTOTYPE_RESEARCH_OVERRIDE,MACHINE_PROVISIONAL
C2,3,cost-basic-long-history-v1,V3-F09-RECENT_2025,random_forest,0.1,0.0523178869874957,0.43798306956201694,0.0,0.0,0.0,0.055501933727492306,0.011771492339164184,0.0,222,13,DESCRIPTIVE_ONLY,PROTOTYPE_RESEARCH_OVERRIDE,MACHINE_PROVISIONAL
C2,3,cost-basic-long-history-v1,V3-F09-RECENT_2025,xgboost,0.1,0.12575076107252547,0.6054471843945529,0.0,0.0,0.0,0.055128642289952616,0.005478182061428173,0.0,222,13,DESCRIPTIVE_ONLY,PROTOTYPE_RESEARCH_OVERRIDE,MACHINE_PROVISIONAL
C2,3,cost-basic-long-history-v1,V3-F09-RECENT_2025,equal_soft_vote,0.1,0.047382684793301,0.3640044166359956,0.0,0.0,0.0,0.055422793658069715,0.00816067280911282,0.0,222,13,DESCRIPTIVE_ONLY,PROTOTYPE_RESEARCH_OVERRIDE,MACHINE_PROVISIONAL
C2,3,cost-basic-long-history-v1,V3-F10-RECENT_2026,rule,0.1,0.00702576112412178,0.36969339622641506,0.00702576112412178,1.0,100.0,0.195403981264637,0.3723653395784544,1.0,854,6,DESCRIPTIVE_ONLY,PROTOTYPE_RESEARCH_OVERRIDE,MACHINE_PROVISIONAL
C2,3,cost-basic-long-history-v1,V3-F10-RECENT_2026,logistic_regression,0.15000000000000002,0.019809902010456976,0.577437106918239,0.009287925696594427,0.5,37.735849056603776,0.03145844269757599,0.13452188245836114,0.37822014051522246,854,6,DESCRIPTIVE_ONLY,PROTOTYPE_RESEARCH_OVERRIDE,MACHINE_PROVISIONAL
C2,3,cost-basic-long-history-v1,V3-F10-RECENT_2026,hist_gradient_boosting,0.1,0.0056821579856398356,0.3077830188679245,0.0,0.0,10.377358490566039,0.01308284263039579,0.07634782724687944,0.10304449648711944,854,6,DESCRIPTIVE_ONLY,PROTOTYPE_RESEARCH_OVERRIDE,MACHINE_PROVISIONAL
C2,3,cost-basic-long-history-v1,V3-F10-RECENT_2026,random_forest,0.1,0.00641745049235715,0.3781446540880503,0.0,0.0,1.0613207547169812,0.012340702364901587,0.07256027788024798,0.01053864168618267,854,6,DESCRIPTIVE_ONLY,PROTOTYPE_RESEARCH_OVERRIDE,MACHINE_PROVISIONAL
C2,3,cost-basic-long-history-v1,V3-F10-RECENT_2026,xgboost,0.1,0.015449370684938301,0.7372248427672956,0.0,0.0,0.2358490566037736,0.013844730668872544,0.0829879869950574,0.00234192037470726,854,6,DESCRIPTIVE_ONLY,PROTOTYPE_RESEARCH_OVERRIDE,MACHINE_PROVISIONAL
C2,3,cost-basic-long-history-v1,V3-F10-RECENT_2026,equal_soft_vote,0.1,0.00583072112338026,0.3272405660377359,0.0,0.0,0.0,0.013019970379165954,0.07729869737406161,0.0,854,6,DESCRIPTIVE_ONLY,PROTOTYPE_RESEARCH_OVERRIDE,MACHINE_PROVISIONAL
C1,3,cost-basic-long-history-v1-recent-24m,V3-F01-PRE_COVID,rule,0.30000000000000004,0.024932099398664462,0.5646589102471455,0.040229885057471264,0.25,12.068217950570892,0.12908166879161354,0.29179062190111915,0.12324691882702933,7059,140,ADMITTED,PROTOTYPE_RESEARCH_OVERRIDE,MACHINE_PROVISIONAL
C1,3,cost-basic-long-history-v1-recent-24m,V3-F01-PRE_COVID,logistic_regression,0.1,0.04758144671518734,0.5591094914624326,0.0,0.0,0.0,0.019593322294753485,0.013245494230638644,0.0,7059,140,ADMITTED,PROTOTYPE_RESEARCH_OVERRIDE,MACHINE_PROVISIONAL
C1,3,cost-basic-long-history-v1-recent-24m,V3-F01-PRE_COVID,hist_gradient_boosting,0.1,0.022466637358924027,0.556824375942023,0.0,0.0,0.0,0.01964393003289649,0.014202670404040493,0.0,7059,140,ADMITTED,PROTOTYPE_RESEARCH_OVERRIDE,MACHINE_PROVISIONAL
C1,3,cost-basic-long-history-v1-recent-24m,V3-F01-PRE_COVID,random_forest,0.1,0.034478073255273675,0.6271029050440815,0.0,0.0,0.0,0.019614662113419605,0.013979165057128021,0.0,7059,140,ADMITTED,PROTOTYPE_RESEARCH_OVERRIDE,MACHINE_PROVISIONAL
C1,3,cost-basic-long-history-v1-recent-24m,V3-F01-PRE_COVID,xgboost,0.1,0.023698567952093616,0.577829682241447,0.0,0.0,0.0,0.01964388292607196,0.014513544678948265,0.0,7059,140,ADMITTED,PROTOTYPE_RESEARCH_OVERRIDE,MACHINE_PROVISIONAL
C1,3,cost-basic-long-history-v1-recent-24m,V3-F01-PRE_COVID,equal_soft_vote,0.1,0.024265767981174496,0.587340759399583,0.0,0.0,0.0,0.019632538470113998,0.014231793380038929,0.0,7059,140,ADMITTED,PROTOTYPE_RESEARCH_OVERRIDE,MACHINE_PROVISIONAL
C1,3,cost-basic-long-history-v1-recent-24m,V3-F02-COVID_ONSET,rule,0.30000000000000004,0.019374157680504475,0.5609124407260865,0.02968270214943705,0.25663716814159293,13.481228668941979,0.1347183344996501,0.30255423372988105,0.13673897830650805,7145,113,ADMITTED,PROTOTYPE_RESEARCH_OVERRIDE,MACHINE_PROVISIONAL
C1,3,cost-basic-long-history-v1-recent-24m,V3-F02-COVID_ONSET,logistic_regression,0.1,0.018837957130696685,0.5235031763770173,0.0,0.0,0.0,0.015837539717841544,0.01642461864848927,0.0,7145,113,ADMITTED,PROTOTYPE_RESEARCH_OVERRIDE,MACHINE_PROVISIONAL
C1,3,cost-basic-long-history-v1-recent-24m,V3-F02-COVID_ONSET,hist_gradient_boosting,0.1,0.015164024074932194,0.47455500518489435,0.0,0.0,0.0,0.015812907265757903,0.015620962504313267,0.0,7145,113,ADMITTED,PROTOTYPE_RESEARCH_OVERRIDE,MACHINE_PROVISIONAL
C1,3,cost-basic-long-history-v1-recent-24m,V3-F02-COVID_ONSET,random_forest,0.1,0.013712921165779676,0.4289682060265588,0.0,0.0,0.0,0.016042571943631775,0.017477623411262952,0.0,7145,113,ADMITTED,PROTOTYPE_RESEARCH_OVERRIDE,MACHINE_PROVISIONAL
C1,3,cost-basic-long-history-v1-recent-24m,V3-F02-COVID_ONSET,xgboost,0.1,0.016155637681736,0.4724061685140999,0.0,0.0,0.0,0.015831583603833563,0.015594723180894193,0.0,7145,113,ADMITTED,PROTOTYPE_RESEARCH_OVERRIDE,MACHINE_PROVISIONAL
C1,3,cost-basic-long-history-v1-recent-24m,V3-F02-COVID_ONSET,equal_soft_vote,0.1,0.015277870093169088,0.44529558931609736,0.0,0.0,0.0,0.015871834808140244,0.0162311030321568,0.0,7145,113,ADMITTED,PROTOTYPE_RESEARCH_OVERRIDE,MACHINE_PROVISIONAL
C1,3,cost-basic-long-history-v1-recent-24m,V3-F03-COVID_LATE,rule,0.30000000000000004,0.016962049742409016,0.6101568119102037,0.02798708288482239,0.3561643835616438,13.585075974123665,0.1331845238095238,0.30825892857142856,0.13824404761904763,6720,73,ADMITTED,PROTOTYPE_RESEARCH_OVERRIDE,MACHINE_PROVISIONAL
C1,3,cost-basic-long-history-v1-recent-24m,V3-F03-COVID_LATE,logistic_regression,0.2,0.05753655876528656,0.6042791989794551,0.6666666666666666,0.0273972602739726,0.015044380923724988,0.01067411831037627,0.0031171289741747966,0.0004464285714285714,6720,73,ADMITTED,PROTOTYPE_RESEARCH_OVERRIDE,MACHINE_PROVISIONAL
C1,3,cost-basic-long-history-v1-recent-24m,V3-F03-COVID_LATE,hist_gradient_boosting,0.1,0.012017513007483095,0.5328472418291494,0.0,0.0,0.0,0.010750453285670836,0.0024396343848799972,0.0,6720,73,ADMITTED,PROTOTYPE_RESEARCH_OVERRIDE,MACHINE_PROVISIONAL
C1,3,cost-basic-long-history-v1-recent-24m,V3-F03-COVID_LATE,random_forest,0.1,0.013710430091062932,0.595499875317117,0.0,0.0,0.0,0.010738799966456186,0.0015924544643729256,0.0,6720,73,ADMITTED,PROTOTYPE_RESEARCH_OVERRIDE,MACHINE_PROVISIONAL
C1,3,cost-basic-long-history-v1-recent-24m,V3-F03-COVID_LATE,xgboost,0.1,0.011978623483907266,0.4736774855687291,0.0,0.0,0.0,0.01075362426002271,0.0020270830346979987,0.0,6720,73,ADMITTED,PROTOTYPE_RESEARCH_OVERRIDE,MACHINE_PROVISIONAL
C1,3,cost-basic-long-history-v1-recent-24m,V3-F03-COVID_LATE,equal_soft_vote,0.1,0.012690768011567367,0.5533220260041094,0.0,0.0,0.0,0.01074625907545093,0.002019723961316975,0.0,6720,73,ADMITTED,PROTOTYPE_RESEARCH_OVERRIDE,MACHINE_PROVISIONAL
C1,3,cost-basic-long-history-v1-recent-24m,V3-F04-COVID_2021_H1,rule,0.30000000000000004,0.012067681011288732,0.4886015815490881,0.01053639846743295,0.13414634146341464,15.694317836523853,0.14533313325330133,0.3160264105642257,0.1566626650660264,6664,82,ADMITTED,PROTOTYPE_RESEARCH_OVERRIDE,MACHINE_PROVISIONAL
C1,3,cost-basic-long-history-v1-recent-24m,V3-F04-COVID_2021_H1,logistic_regression,0.1,0.012147558582687653,0.49057481231147765,0.0,0.0,0.0,0.012209727463233781,0.001185268532678245,0.0,6664,82,ADMITTED,PROTOTYPE_RESEARCH_OVERRIDE,MACHINE_PROVISIONAL
C1,3,cost-basic-long-history-v1-recent-24m,V3-F04-COVID_2021_H1,hist_gradient_boosting,0.1,0.012212010919453455,0.5149761730069443,0.0,0.0,0.0,0.012169446941433333,0.001200629618042683,0.0,6664,82,ADMITTED,PROTOTYPE_RESEARCH_OVERRIDE,MACHINE_PROVISIONAL
C1,3,cost-basic-long-history-v1-recent-24m,V3-F04-COVID_2021_H1,random_forest,0.1,0.014387782775618611,0.5596425209922109,0.0,0.0,0.0,0.01216373955524162,0.0012473368647439378,0.0,6664,82,ADMITTED,PROTOTYPE_RESEARCH_OVERRIDE,MACHINE_PROVISIONAL
C1,3,cost-basic-long-history-v1-recent-24m,V3-F04-COVID_2021_H1,xgboost,0.1,0.01167995757689632,0.4439204111731181,0.0,0.0,0.0,0.012174354972742064,0.0012755711379987406,0.0,6664,82,ADMITTED,PROTOTYPE_RESEARCH_OVERRIDE,MACHINE_PROVISIONAL
C1,3,cost-basic-long-history-v1-recent-24m,V3-F04-COVID_2021_H1,equal_soft_vote,0.1,0.012824452088265097,0.522968220794332,0.0,0.0,0.0,0.012165406600300492,0.0012411792069284555,0.0,6664,82,ADMITTED,PROTOTYPE_RESEARCH_OVERRIDE,MACHINE_PROVISIONAL
C1,3,cost-basic-long-history-v1-recent-24m,V3-F05-COVID_2021_H2,rule,0.30000000000000004,0.020516493476719938,0.5281960681862714,0.02612330198537095,0.20491803278688525,14.852589641434262,0.1429283257777083,0.3057292480850399,0.14960137564483353,6397,122,ADMITTED,PROTOTYPE_RESEARCH_OVERRIDE,MACHINE_PROVISIONAL
C1,3,cost-basic-long-history-v1-recent-24m,V3-F05-COVID_2021_H2,logistic_regression,0.1,0.01757579824226518,0.3919352099797531,0.0,0.0,0.0,0.01881736613608774,0.01066083768845298,0.0,6397,122,ADMITTED,PROTOTYPE_RESEARCH_OVERRIDE,MACHINE_PROVISIONAL
C1,3,cost-basic-long-history-v1-recent-24m,V3-F05-COVID_2021_H2,hist_gradient_boosting,0.1,0.03086640409037355,0.584549670171772,0.0,0.0,0.0,0.018813276299579705,0.011112952268571475,0.0,6397,122,ADMITTED,PROTOTYPE_RESEARCH_OVERRIDE,MACHINE_PROVISIONAL
C1,3,cost-basic-long-history-v1-recent-24m,V3-F05-COVID_2021_H2,random_forest,0.1,0.03095889660464316,0.6219691724903664,0.0,0.0,0.0,0.01879887106870618,0.010839001918135164,0.0,6397,122,ADMITTED,PROTOTYPE_RESEARCH_OVERRIDE,MACHINE_PROVISIONAL
C1,3,cost-basic-long-history-v1-recent-24m,V3-F05-COVID_2021_H2,xgboost,0.1,0.01559154440603173,0.4330128665665208,0.0,0.0,0.0,0.018840233530486722,0.010885989737682197,0.0,6397,122,ADMITTED,PROTOTYPE_RESEARCH_OVERRIDE,MACHINE_PROVISIONAL
C1,3,cost-basic-long-history-v1-recent-24m,V3-F05-COVID_2021_H2,equal_soft_vote,0.1,0.034076223122520295,0.6250884984651558,0.0,0.0,0.0,0.018815601652956215,0.010945981308129614,0.0,6397,122,ADMITTED,PROTOTYPE_RESEARCH_OVERRIDE,MACHINE_PROVISIONAL
C1,3,cost-basic-long-history-v1-recent-24m,V3-F07-OCMS_RESTART,rule,0.30000000000000004,0.050760744350061886,0.6754521632612589,0.07776560788608981,0.4965034965034965,14.559916998097872,0.13961778602767466,0.30290246371920354,0.15406682416469794,5926,143,ADMITTED,PROTOTYPE_RESEARCH_OVERRIDE,MACHINE_PROVISIONAL
C1,3,cost-basic-long-history-v1-recent-24m,V3-F07-OCMS_RESTART,logistic_regression,0.1,0.021682567490893204,0.4793807264843059,0.0,0.0,0.0,0.023757312849995316,0.012484755915090632,0.0,5926,143,ADMITTED,PROTOTYPE_RESEARCH_OVERRIDE,MACHINE_PROVISIONAL
C1,3,cost-basic-long-history-v1-recent-24m,V3-F07-OCMS_RESTART,hist_gradient_boosting,0.1,0.027184266191865994,0.5014734530556768,0.0,0.0,0.0,0.02370319190035443,0.01225540090315368,0.0,5926,143,ADMITTED,PROTOTYPE_RESEARCH_OVERRIDE,MACHINE_PROVISIONAL
C1,3,cost-basic-long-history-v1-recent-24m,V3-F07-OCMS_RESTART,random_forest,0.1,0.03279384441130094,0.5702892127758115,0.0,0.0,0.0,0.02367740584619362,0.012959324381296145,0.0,5926,143,ADMITTED,PROTOTYPE_RESEARCH_OVERRIDE,MACHINE_PROVISIONAL
C1,3,cost-basic-long-history-v1-recent-24m,V3-F07-OCMS_RESTART,xgboost,0.1,0.035832620458754225,0.6123107395803229,0.0,0.0,0.0,0.02363661414602293,0.013039360504973407,0.0,5926,143,ADMITTED,PROTOTYPE_RESEARCH_OVERRIDE,MACHINE_PROVISIONAL
C1,3,cost-basic-long-history-v1-recent-24m,V3-F07-OCMS_RESTART,equal_soft_vote,0.1,0.03425168301379722,0.5829142325770373,0.0,0.0,0.0,0.023664727802711772,0.012751361929807744,0.0,5926,143,ADMITTED,PROTOTYPE_RESEARCH_OVERRIDE,MACHINE_PROVISIONAL
C1,3,cost-basic-long-history-v1-recent-24m,V3-F08-PAIMANA_TRANSITION,rule,0.30000000000000004,0.010220016620870343,0.49977787324617506,0.010183299389002037,0.10869565217391304,10.913990568156299,0.12106857079350967,0.2943431873749722,0.10913536341409202,4499,46,ADMITTED,PROTOTYPE_RESEARCH_OVERRIDE,MACHINE_PROVISIONAL
C1,3,cost-basic-long-history-v1-recent-24m,V3-F08-PAIMANA_TRANSITION,logistic_regression,0.1,0.012855885535726641,0.5360821722531952,0.0,0.0,0.0,0.010162511044684673,0.005318920909293775,0.0,4499,46,ADMITTED,PROTOTYPE_RESEARCH_OVERRIDE,MACHINE_PROVISIONAL
C1,3,cost-basic-long-history-v1-recent-24m,V3-F08-PAIMANA_TRANSITION,hist_gradient_boosting,0.1,0.016512031493636375,0.5925023677247385,0.0,0.0,0.0,0.010131277631704684,0.004822168703100626,0.0,4499,46,ADMITTED,PROTOTYPE_RESEARCH_OVERRIDE,MACHINE_PROVISIONAL
C1,3,cost-basic-long-history-v1-recent-24m,V3-F08-PAIMANA_TRANSITION,random_forest,0.1,0.011563806118971062,0.5278683642683486,0.0,0.0,0.0,0.010137099617367562,0.00445565909729511,0.0,4499,46,ADMITTED,PROTOTYPE_RESEARCH_OVERRIDE,MACHINE_PROVISIONAL
C1,3,cost-basic-long-history-v1-recent-24m,V3-F08-PAIMANA_TRANSITION,xgboost,0.1,0.01948472873090283,0.5114187797186069,0.0,0.0,0.0,0.010137372302519041,0.004234223892120593,0.0,4499,46,ADMITTED,PROTOTYPE_RESEARCH_OVERRIDE,MACHINE_PROVISIONAL
C1,3,cost-basic-long-history-v1-recent-24m,V3-F08-PAIMANA_TRANSITION,equal_soft_vote,0.1,0.015069933058193215,0.579990040910378,0.0,0.0,0.0,0.010133567795389183,0.004504017230838778,0.0,4499,46,ADMITTED,PROTOTYPE_RESEARCH_OVERRIDE,MACHINE_PROVISIONAL
C1,3,cost-basic-long-history-v1-recent-24m,V3-F09-RECENT_2025,rule,0.1,0.0979591836734694,0.6567164179104478,0.04285714285714286,1.0,100.0,0.11281055900621118,0.2527950310559006,1.0,1610,69,ADMITTED,PROTOTYPE_RESEARCH_OVERRIDE,MACHINE_PROVISIONAL
C1,3,cost-basic-long-history-v1-recent-24m,V3-F09-RECENT_2025,logistic_regression,0.1,0.15606049302743893,0.7880446538573672,0.0,0.0,0.0,0.04183747577043113,0.033042568791931876,0.0,1610,69,ADMITTED,PROTOTYPE_RESEARCH_OVERRIDE,MACHINE_PROVISIONAL
C1,3,cost-basic-long-history-v1-recent-24m,V3-F09-RECENT_2025,hist_gradient_boosting,0.1,0.03029209524312535,0.31281212087012955,0.0,0.0,0.0,0.04201816351896803,0.03064056628725155,0.0,1610,69,ADMITTED,PROTOTYPE_RESEARCH_OVERRIDE,MACHINE_PROVISIONAL
C1,3,cost-basic-long-history-v1-recent-24m,V3-F09-RECENT_2025,random_forest,0.1,0.0726139369570595,0.6989626536504623,0.0,0.0,0.0,0.041873089255573176,0.03201807135792219,0.0,1610,69,ADMITTED,PROTOTYPE_RESEARCH_OVERRIDE,MACHINE_PROVISIONAL
C1,3,cost-basic-long-history-v1-recent-24m,V3-F09-RECENT_2025,xgboost,0.1,0.07080537298803596,0.6595049328029041,0.0,0.0,0.0,0.041984087156436506,0.031150858320950665,0.0,1610,69,ADMITTED,PROTOTYPE_RESEARCH_OVERRIDE,MACHINE_PROVISIONAL
C1,3,cost-basic-long-history-v1-recent-24m,V3-F09-RECENT_2025,equal_soft_vote,0.1,0.06803778028811268,0.6479135513359479,0.0,0.0,0.0,0.04195378959550694,0.031269831988708134,0.0,1610,69,ADMITTED,PROTOTYPE_RESEARCH_OVERRIDE,MACHINE_PROVISIONAL
C1,3,cost-basic-long-history-v1-recent-24m,V3-F10-RECENT_2026,rule,0.30000000000000004,0.013400150134073772,0.559385168003608,0.026119402985074626,0.19444444444444445,7.5674108437228185,0.10410688665710187,0.2781205164992826,0.07690100430416069,3485,36,ADMITTED,PROTOTYPE_RESEARCH_OVERRIDE,MACHINE_PROVISIONAL
C1,3,cost-basic-long-history-v1-recent-24m,V3-F10-RECENT_2026,logistic_regression,0.1,0.011433884348501396,0.35813118134080735,0.02631578947368421,0.08333333333333333,3.218324151928095,0.015393391659039864,0.0709727298740594,0.0327116212338594,3485,36,ADMITTED,PROTOTYPE_RESEARCH_OVERRIDE,MACHINE_PROVISIONAL
C1,3,cost-basic-long-history-v1-recent-24m,V3-F10-RECENT_2026,hist_gradient_boosting,0.1,0.010578815361644827,0.5358598305466962,0.008445945945945946,0.1388888888888889,17.01942592055668,0.017709489010345587,0.07248936962930533,0.16987087517934002,3485,36,ADMITTED,PROTOTYPE_RESEARCH_OVERRIDE,MACHINE_PROVISIONAL
C1,3,cost-basic-long-history-v1-recent-24m,V3-F10-RECENT_2026,random_forest,0.2,0.012669173983703066,0.5790688122161013,0.0030959752321981426,0.027777777777777776,9.336039431719339,0.022859224759115164,0.0827155830115428,0.09268292682926829,3485,36,ADMITTED,PROTOTYPE_RESEARCH_OVERRIDE,MACHINE_PROVISIONAL
C1,3,cost-basic-long-history-v1-recent-24m,V3-F10-RECENT_2026,xgboost,0.2,0.016438270246507944,0.6292323056602558,0.013297872340425532,0.1388888888888889,10.756741084372281,0.024675315060717812,0.08246868348730774,0.1078909612625538,3485,36,ADMITTED,PROTOTYPE_RESEARCH_OVERRIDE,MACHINE_PROVISIONAL
C1,3,cost-basic-long-history-v1-recent-24m,V3-F10-RECENT_2026,equal_soft_vote,0.15000000000000002,0.014178621457292567,0.6038384716987211,0.0063025210084033615,0.08333333333333333,13.714120034792694,0.020568258448831225,0.07922454537605195,0.13658536585365855,3485,36,ADMITTED,PROTOTYPE_RESEARCH_OVERRIDE,MACHINE_PROVISIONAL
C1,3,cost-basic-long-history-v1-recent-36m,V3-F01-PRE_COVID,rule,0.30000000000000004,0.024932099398664462,0.5646589102471455,0.040229885057471264,0.25,12.068217950570892,0.12908166879161354,0.29179062190111915,0.12324691882702933,7059,140,ADMITTED,PROTOTYPE_RESEARCH_OVERRIDE,MACHINE_PROVISIONAL
C1,3,cost-basic-long-history-v1-recent-36m,V3-F01-PRE_COVID,logistic_regression,0.1,0.04758144671518734,0.5591094914624326,0.0,0.0,0.0,0.019593322294753485,0.013245494230638644,0.0,7059,140,ADMITTED,PROTOTYPE_RESEARCH_OVERRIDE,MACHINE_PROVISIONAL
C1,3,cost-basic-long-history-v1-recent-36m,V3-F01-PRE_COVID,hist_gradient_boosting,0.1,0.022466637358924027,0.556824375942023,0.0,0.0,0.0,0.01964393003289649,0.014202670404040493,0.0,7059,140,ADMITTED,PROTOTYPE_RESEARCH_OVERRIDE,MACHINE_PROVISIONAL
C1,3,cost-basic-long-history-v1-recent-36m,V3-F01-PRE_COVID,random_forest,0.1,0.034478073255273675,0.6271029050440815,0.0,0.0,0.0,0.019614662113419605,0.013979165057128021,0.0,7059,140,ADMITTED,PROTOTYPE_RESEARCH_OVERRIDE,MACHINE_PROVISIONAL
C1,3,cost-basic-long-history-v1-recent-36m,V3-F01-PRE_COVID,xgboost,0.1,0.023698567952093616,0.577829682241447,0.0,0.0,0.0,0.01964388292607196,0.014513544678948265,0.0,7059,140,ADMITTED,PROTOTYPE_RESEARCH_OVERRIDE,MACHINE_PROVISIONAL
C1,3,cost-basic-long-history-v1-recent-36m,V3-F01-PRE_COVID,equal_soft_vote,0.1,0.024265767981174496,0.587340759399583,0.0,0.0,0.0,0.019632538470113998,0.014231793380038927,0.0,7059,140,ADMITTED,PROTOTYPE_RESEARCH_OVERRIDE,MACHINE_PROVISIONAL
C1,3,cost-basic-long-history-v1-recent-36m,V3-F02-COVID_ONSET,rule,0.30000000000000004,0.019374157680504475,0.5609124407260865,0.02968270214943705,0.25663716814159293,13.481228668941979,0.1347183344996501,0.30255423372988105,0.13673897830650805,7145,113,ADMITTED,PROTOTYPE_RESEARCH_OVERRIDE,MACHINE_PROVISIONAL
C1,3,cost-basic-long-history-v1-recent-36m,V3-F02-COVID_ONSET,logistic_regression,0.1,0.018837957130696685,0.5235031763770173,0.0,0.0,0.0,0.015837539717841544,0.01642461864848927,0.0,7145,113,ADMITTED,PROTOTYPE_RESEARCH_OVERRIDE,MACHINE_PROVISIONAL
C1,3,cost-basic-long-history-v1-recent-36m,V3-F02-COVID_ONSET,hist_gradient_boosting,0.1,0.015164024074932194,0.47455500518489435,0.0,0.0,0.0,0.015812907265757903,0.015620962504313267,0.0,7145,113,ADMITTED,PROTOTYPE_RESEARCH_OVERRIDE,MACHINE_PROVISIONAL
C1,3,cost-basic-long-history-v1-recent-36m,V3-F02-COVID_ONSET,random_forest,0.1,0.013712921165779676,0.4289682060265588,0.0,0.0,0.0,0.016042571943631775,0.017477623411262952,0.0,7145,113,ADMITTED,PROTOTYPE_RESEARCH_OVERRIDE,MACHINE_PROVISIONAL
C1,3,cost-basic-long-history-v1-recent-36m,V3-F02-COVID_ONSET,xgboost,0.1,0.016155637681736,0.4724061685140999,0.0,0.0,0.0,0.015831583603833563,0.015594723180894193,0.0,7145,113,ADMITTED,PROTOTYPE_RESEARCH_OVERRIDE,MACHINE_PROVISIONAL
C1,3,cost-basic-long-history-v1-recent-36m,V3-F02-COVID_ONSET,equal_soft_vote,0.1,0.015277870093169088,0.44529558931609736,0.0,0.0,0.0,0.015871834808140244,0.0162311030321568,0.0,7145,113,ADMITTED,PROTOTYPE_RESEARCH_OVERRIDE,MACHINE_PROVISIONAL
C1,3,cost-basic-long-history-v1-recent-36m,V3-F03-COVID_LATE,rule,0.30000000000000004,0.016962049742409016,0.6101568119102037,0.02798708288482239,0.3561643835616438,13.585075974123665,0.1331845238095238,0.30825892857142856,0.13824404761904763,6720,73,ADMITTED,PROTOTYPE_RESEARCH_OVERRIDE,MACHINE_PROVISIONAL
C1,3,cost-basic-long-history-v1-recent-36m,V3-F03-COVID_LATE,logistic_regression,0.1,0.023827455865889205,0.6278226246880352,0.0,0.0,0.1353994283135249,0.010737563532591757,0.0015085512732093184,0.0013392857142857143,6720,73,ADMITTED,PROTOTYPE_RESEARCH_OVERRIDE,MACHINE_PROVISIONAL
C1,3,cost-basic-long-history-v1-recent-36m,V3-F03-COVID_LATE,hist_gradient_boosting,0.1,0.013266920276471032,0.5105331275207066,0.0,0.0,0.0,0.010753465431023531,0.002881070804963545,0.0,6720,73,ADMITTED,PROTOTYPE_RESEARCH_OVERRIDE,MACHINE_PROVISIONAL
C1,3,cost-basic-long-history-v1-recent-36m,V3-F03-COVID_LATE,random_forest,0.1,0.013474554452767892,0.5913080573994653,0.0,0.0,0.0,0.010740368119441566,0.0015631735263182626,0.0,6720,73,ADMITTED,PROTOTYPE_RESEARCH_OVERRIDE,MACHINE_PROVISIONAL
C1,3,cost-basic-long-history-v1-recent-36m,V3-F03-COVID_LATE,xgboost,0.1,0.011338454815905763,0.5024101922589447,0.0,0.0,0.0,0.010752590281060997,0.0022479472113541687,0.0,6720,73,ADMITTED,PROTOTYPE_RESEARCH_OVERRIDE,MACHINE_PROVISIONAL
C1,3,cost-basic-long-history-v1-recent-36m,V3-F03-COVID_LATE,equal_soft_vote,0.1,0.013263317840357853,0.5882311723694487,0.0,0.0,0.0,0.010745394214598615,0.0022307305142119944,0.0,6720,73,ADMITTED,PROTOTYPE_RESEARCH_OVERRIDE,MACHINE_PROVISIONAL
C1,3,cost-basic-long-history-v1-recent-36m,V3-F04-COVID_2021_H1,rule,0.30000000000000004,0.012067681011288732,0.4886015815490881,0.01053639846743295,0.13414634146341464,15.694317836523853,0.14533313325330133,0.3160264105642257,0.1566626650660264,6664,82,ADMITTED,PROTOTYPE_RESEARCH_OVERRIDE,MACHINE_PROVISIONAL
C1,3,cost-basic-long-history-v1-recent-36m,V3-F04-COVID_2021_H1,logistic_regression,0.1,0.016133208233845786,0.5666674077862018,0.0,0.0,0.015192950470981464,0.012241362572982608,0.002622823822726036,0.00015006002400960383,6664,82,ADMITTED,PROTOTYPE_RESEARCH_OVERRIDE,MACHINE_PROVISIONAL
C1,3,cost-basic-long-history-v1-recent-36m,V3-F04-COVID_2021_H1,hist_gradient_boosting,0.1,0.012762608643020135,0.5217009063891914,0.0,0.0,0.0,0.012161293619241707,0.001667896666735523,0.0,6664,82,ADMITTED,PROTOTYPE_RESEARCH_OVERRIDE,MACHINE_PROVISIONAL
C1,3,cost-basic-long-history-v1-recent-36m,V3-F04-COVID_2021_H1,random_forest,0.1,0.01390100097948073,0.5591394861077144,0.0,0.0,0.0,0.012164683531062412,0.0017017008779020744,0.0,6664,82,ADMITTED,PROTOTYPE_RESEARCH_OVERRIDE,MACHINE_PROVISIONAL
C1,3,cost-basic-long-history-v1-recent-36m,V3-F04-COVID_2021_H1,xgboost,0.1,0.013107659063512987,0.5190634472434059,0.0,0.0,0.0,0.012160015524483737,0.0015030357967780513,0.0,6664,82,ADMITTED,PROTOTYPE_RESEARCH_OVERRIDE,MACHINE_PROVISIONAL
C1,3,cost-basic-long-history-v1-recent-36m,V3-F04-COVID_2021_H1,equal_soft_vote,0.1,0.013465999603770998,0.5424402101815002,0.0,0.0,0.0,0.012158290856660255,0.001624211113805214,0.0,6664,82,ADMITTED,PROTOTYPE_RESEARCH_OVERRIDE,MACHINE_PROVISIONAL
C1,3,cost-basic-long-history-v1-recent-36m,V3-F05-COVID_2021_H2,rule,0.30000000000000004,0.020516493476719938,0.5281960681862714,0.02612330198537095,0.20491803278688525,14.852589641434262,0.1429283257777083,0.3057292480850399,0.14960137564483353,6397,122,ADMITTED,PROTOTYPE_RESEARCH_OVERRIDE,MACHINE_PROVISIONAL
C1,3,cost-basic-long-history-v1-recent-36m,V3-F05-COVID_2021_H2,logistic_regression,0.1,0.016387560312488014,0.37563320488537655,0.0,0.0,0.0,0.018827564542423417,0.01093703778834365,0.0,6397,122,ADMITTED,PROTOTYPE_RESEARCH_OVERRIDE,MACHINE_PROVISIONAL
C1,3,cost-basic-long-history-v1-recent-36m,V3-F05-COVID_2021_H2,hist_gradient_boosting,0.1,0.0331368070656119,0.576985827183071,0.0,0.0,0.0,0.01881354024870721,0.01120166473495567,0.0,6397,122,ADMITTED,PROTOTYPE_RESEARCH_OVERRIDE,MACHINE_PROVISIONAL
C1,3,cost-basic-long-history-v1-recent-36m,V3-F05-COVID_2021_H2,random_forest,0.1,0.04364180194329004,0.6281307556658611,0.0,0.0,0.0,0.018788792956285726,0.01094221327384926,0.0,6397,122,ADMITTED,PROTOTYPE_RESEARCH_OVERRIDE,MACHINE_PROVISIONAL
C1,3,cost-basic-long-history-v1-recent-36m,V3-F05-COVID_2021_H2,xgboost,0.1,0.014949059417087393,0.41379857618705507,0.0,0.0,0.0,0.01883457014791532,0.010897226190587158,0.0,6397,122,ADMITTED,PROTOTYPE_RESEARCH_OVERRIDE,MACHINE_PROVISIONAL
C1,3,cost-basic-long-history-v1-recent-36m,V3-F05-COVID_2021_H2,equal_soft_vote,0.1,0.04156188794958896,0.6192018810005878,0.0,0.0,0.0,0.018810064450579526,0.011013701399797364,0.0,6397,122,ADMITTED,PROTOTYPE_RESEARCH_OVERRIDE,MACHINE_PROVISIONAL
C1,3,cost-basic-long-history-v1-recent-36m,V3-F07-OCMS_RESTART,rule,0.30000000000000004,0.050760744350061886,0.6754521632612589,0.07776560788608981,0.4965034965034965,14.559916998097872,0.13961778602767466,0.30290246371920354,0.15406682416469794,5926,143,ADMITTED,PROTOTYPE_RESEARCH_OVERRIDE,MACHINE_PROVISIONAL
C1,3,cost-basic-long-history-v1-recent-36m,V3-F07-OCMS_RESTART,logistic_regression,0.1,0.03799836776238112,0.6023805003573289,0.3333333333333333,0.006993006993006993,0.034584125886218224,0.023472246295501528,0.0045338460573847985,0.0005062436719541006,5926,143,ADMITTED,PROTOTYPE_RESEARCH_OVERRIDE,MACHINE_PROVISIONAL
C1,3,cost-basic-long-history-v1-recent-36m,V3-F07-OCMS_RESTART,hist_gradient_boosting,0.1,0.04049217676447526,0.6142636543812404,0.0,0.0,0.0,0.023519388549344187,0.00333371329321748,0.0,5926,143,ADMITTED,PROTOTYPE_RESEARCH_OVERRIDE,MACHINE_PROVISIONAL
C1,3,cost-basic-long-history-v1-recent-36m,V3-F07-OCMS_RESTART,random_forest,0.1,0.045961861619860656,0.6720542124311795,0.0,0.0,0.0,0.02342189125432187,0.00490756552236089,0.0,5926,143,ADMITTED,PROTOTYPE_RESEARCH_OVERRIDE,MACHINE_PROVISIONAL
C1,3,cost-basic-long-history-v1-recent-36m,V3-F07-OCMS_RESTART,xgboost,0.1,0.03588491525401192,0.6275597997022864,0.0,0.0,0.0,0.02349973718286376,0.0039121990906505165,0.0,5926,143,ADMITTED,PROTOTYPE_RESEARCH_OVERRIDE,MACHINE_PROVISIONAL
C1,3,cost-basic-long-history-v1-recent-36m,V3-F07-OCMS_RESTART,equal_soft_vote,0.1,0.041881527917470955,0.6597925677987929,0.0,0.0,0.0,0.02347347948353716,0.004051159302076293,0.0,5926,143,ADMITTED,PROTOTYPE_RESEARCH_OVERRIDE,MACHINE_PROVISIONAL
C1,3,cost-basic-long-history-v1-recent-36m,V3-F08-PAIMANA_TRANSITION,rule,0.30000000000000004,0.010220016620870343,0.49977787324617506,0.010183299389002037,0.10869565217391304,10.913990568156299,0.12106857079350967,0.2943431873749722,0.10913536341409202,4499,46,ADMITTED,PROTOTYPE_RESEARCH_OVERRIDE,MACHINE_PROVISIONAL
C1,3,cost-basic-long-history-v1-recent-36m,V3-F08-PAIMANA_TRANSITION,logistic_regression,0.1,0.021333867788919714,0.5569864966461302,0.0,0.0,0.0,0.010168540561405074,0.007353136841312452,0.0,4499,46,ADMITTED,PROTOTYPE_RESEARCH_OVERRIDE,MACHINE_PROVISIONAL
C1,3,cost-basic-long-history-v1-recent-36m,V3-F08-PAIMANA_TRANSITION,hist_gradient_boosting,0.1,0.011440086158657659,0.5452821253868911,0.0,0.0,0.0,0.01018895575841254,0.0076891687985485065,0.0,4499,46,ADMITTED,PROTOTYPE_RESEARCH_OVERRIDE,MACHINE_PROVISIONAL
C1,3,cost-basic-long-history-v1-recent-36m,V3-F08-PAIMANA_TRANSITION,random_forest,0.1,0.014846761924313565,0.5357624073658207,0.0,0.0,0.0,0.010224556087337333,0.007078307729548419,0.0,4499,46,ADMITTED,PROTOTYPE_RESEARCH_OVERRIDE,MACHINE_PROVISIONAL
C1,3,cost-basic-long-history-v1-recent-36m,V3-F08-PAIMANA_TRANSITION,xgboost,0.1,0.013150589761176352,0.5349593337173766,0.0,0.0,0.0,0.010193569064405663,0.0076769535192896515,0.0,4499,46,ADMITTED,PROTOTYPE_RESEARCH_OVERRIDE,MACHINE_PROVISIONAL
C1,3,cost-basic-long-history-v1-recent-36m,V3-F08-PAIMANA_TRANSITION,equal_soft_vote,0.1,0.013547680365592823,0.536389732373876,0.0,0.0,0.0,0.010192067279981178,0.00748147668246219,0.0,4499,46,ADMITTED,PROTOTYPE_RESEARCH_OVERRIDE,MACHINE_PROVISIONAL
C1,3,cost-basic-long-history-v1-recent-36m,V3-F09-RECENT_2025,rule,0.1,0.0979591836734694,0.6567164179104478,0.04285714285714286,1.0,100.0,0.11281055900621118,0.2527950310559006,1.0,1610,69,ADMITTED,PROTOTYPE_RESEARCH_OVERRIDE,MACHINE_PROVISIONAL
C1,3,cost-basic-long-history-v1-recent-36m,V3-F09-RECENT_2025,logistic_regression,0.1,0.21294191417354008,0.8079921752297116,0.0,0.0,0.0,0.042017923516026755,0.03423435140995426,0.0,1610,69,ADMITTED,PROTOTYPE_RESEARCH_OVERRIDE,MACHINE_PROVISIONAL
C1,3,cost-basic-long-history-v1-recent-36m,V3-F09-RECENT_2025,hist_gradient_boosting,0.1,0.0673810483006563,0.6885562734531501,0.0,0.0,0.0,0.04208313496679072,0.032901473464522143,0.0,1610,69,ADMITTED,PROTOTYPE_RESEARCH_OVERRIDE,MACHINE_PROVISIONAL
C1,3,cost-basic-long-history-v1-recent-36m,V3-F09-RECENT_2025,random_forest,0.1,0.06663789736256479,0.7067121857630561,0.0,0.0,0.0,0.042029710528691776,0.03339052517279458,0.0,1610,69,ADMITTED,PROTOTYPE_RESEARCH_OVERRIDE,MACHINE_PROVISIONAL
C1,3,cost-basic-long-history-v1-recent-36m,V3-F09-RECENT_2025,xgboost,0.1,0.02740159821125116,0.2748779730835426,0.0,0.0,0.0,0.042093782387539115,0.03249828042950702,0.0,1610,69,ADMITTED,PROTOTYPE_RESEARCH_OVERRIDE,MACHINE_PROVISIONAL
C1,3,cost-basic-long-history-v1-recent-36m,V3-F09-RECENT_2025,equal_soft_vote,0.1,0.065515809374626,0.7040788496082913,0.0,0.0,0.0,0.042067480384145664,0.03293009302227458,0.0,1610,69,ADMITTED,PROTOTYPE_RESEARCH_OVERRIDE,MACHINE_PROVISIONAL
C1,3,cost-basic-long-history-v1-recent-36m,V3-F10-RECENT_2026,rule,0.30000000000000004,0.013400150134073772,0.559385168003608,0.026119402985074626,0.19444444444444445,7.5674108437228185,0.10410688665710187,0.2781205164992826,0.07690100430416069,3485,36,ADMITTED,PROTOTYPE_RESEARCH_OVERRIDE,MACHINE_PROVISIONAL
C1,3,cost-basic-long-history-v1-recent-36m,V3-F10-RECENT_2026,logistic_regression,0.1,0.028077348719911008,0.6527979124383879,0.05660377358490566,0.08333333333333333,1.4496955639315743,0.014819710025790484,0.014910482285481584,0.015208034433285509,3485,36,ADMITTED,PROTOTYPE_RESEARCH_OVERRIDE,MACHINE_PROVISIONAL
C1,3,cost-basic-long-history-v1-recent-36m,V3-F10-RECENT_2026,hist_gradient_boosting,0.1,0.017670284808890394,0.5914677362198383,0.0,0.0,0.0,0.010972469361550774,0.027470938194887093,0.0,3485,36,ADMITTED,PROTOTYPE_RESEARCH_OVERRIDE,MACHINE_PROVISIONAL
C1,3,cost-basic-long-history-v1-recent-36m,V3-F10-RECENT_2026,random_forest,0.1,0.028204892174957707,0.6810548951386876,0.0,0.0,0.14496955639315745,0.010943117329494288,0.026836869958831517,0.0014347202295552368,3485,36,ADMITTED,PROTOTYPE_RESEARCH_OVERRIDE,MACHINE_PROVISIONAL
C1,3,cost-basic-long-history-v1-recent-36m,V3-F10-RECENT_2026,xgboost,0.1,0.02759445041660948,0.6835958893076899,0.0392156862745098,0.05555555555555555,1.4207016526529428,0.010983772248399937,0.025875699913517257,0.014634146341463415,3485,36,ADMITTED,PROTOTYPE_RESEARCH_OVERRIDE,MACHINE_PROVISIONAL
C1,3,cost-basic-long-history-v1-recent-36m,V3-F10-RECENT_2026,equal_soft_vote,0.1,0.02771644194676639,0.6800240005154473,0.0,0.0,0.2899391127863149,0.010906508560853043,0.026727836022411952,0.0028694404591104736,3485,36,ADMITTED,PROTOTYPE_RESEARCH_OVERRIDE,MACHINE_PROVISIONAL
C1,3,cost-basic-long-history-v1-recent-48m,V3-F01-PRE_COVID,rule,0.30000000000000004,0.024932099398664462,0.5646589102471455,0.040229885057471264,0.25,12.068217950570892,0.12908166879161354,0.29179062190111915,0.12324691882702933,7059,140,ADMITTED,PROTOTYPE_RESEARCH_OVERRIDE,MACHINE_PROVISIONAL
C1,3,cost-basic-long-history-v1-recent-48m,V3-F01-PRE_COVID,logistic_regression,0.1,0.04758144671518734,0.5591094914624326,0.0,0.0,0.0,0.019593322294753485,0.013245494230638644,0.0,7059,140,ADMITTED,PROTOTYPE_RESEARCH_OVERRIDE,MACHINE_PROVISIONAL
C1,3,cost-basic-long-history-v1-recent-48m,V3-F01-PRE_COVID,hist_gradient_boosting,0.1,0.022466637358924027,0.556824375942023,0.0,0.0,0.0,0.01964393003289649,0.014202670404040493,0.0,7059,140,ADMITTED,PROTOTYPE_RESEARCH_OVERRIDE,MACHINE_PROVISIONAL
C1,3,cost-basic-long-history-v1-recent-48m,V3-F01-PRE_COVID,random_forest,0.1,0.034478073255273675,0.6271029050440815,0.0,0.0,0.0,0.019614662113419605,0.013979165057128023,0.0,7059,140,ADMITTED,PROTOTYPE_RESEARCH_OVERRIDE,MACHINE_PROVISIONAL
C1,3,cost-basic-long-history-v1-recent-48m,V3-F01-PRE_COVID,xgboost,0.1,0.023698567952093616,0.577829682241447,0.0,0.0,0.0,0.01964388292607196,0.014513544678948265,0.0,7059,140,ADMITTED,PROTOTYPE_RESEARCH_OVERRIDE,MACHINE_PROVISIONAL
C1,3,cost-basic-long-history-v1-recent-48m,V3-F01-PRE_COVID,equal_soft_vote,0.1,0.024265767981174496,0.587340759399583,0.0,0.0,0.0,0.019632538470113998,0.014231793380038929,0.0,7059,140,ADMITTED,PROTOTYPE_RESEARCH_OVERRIDE,MACHINE_PROVISIONAL
C1,3,cost-basic-long-history-v1-recent-48m,V3-F02-COVID_ONSET,rule,0.30000000000000004,0.019374157680504475,0.5609124407260865,0.02968270214943705,0.25663716814159293,13.481228668941979,0.1347183344996501,0.30255423372988105,0.13673897830650805,7145,113,ADMITTED,PROTOTYPE_RESEARCH_OVERRIDE,MACHINE_PROVISIONAL
C1,3,cost-basic-long-history-v1-recent-48m,V3-F02-COVID_ONSET,logistic_regression,0.1,0.018837957130696685,0.5235031763770173,0.0,0.0,0.0,0.015837539717841544,0.01642461864848927,0.0,7145,113,ADMITTED,PROTOTYPE_RESEARCH_OVERRIDE,MACHINE_PROVISIONAL
C1,3,cost-basic-long-history-v1-recent-48m,V3-F02-COVID_ONSET,hist_gradient_boosting,0.1,0.015164024074932194,0.47455500518489435,0.0,0.0,0.0,0.015812907265757903,0.015620962504313267,0.0,7145,113,ADMITTED,PROTOTYPE_RESEARCH_OVERRIDE,MACHINE_PROVISIONAL
C1,3,cost-basic-long-history-v1-recent-48m,V3-F02-COVID_ONSET,random_forest,0.1,0.013712921165779676,0.4289682060265588,0.0,0.0,0.0,0.016042571943631775,0.017477623411262952,0.0,7145,113,ADMITTED,PROTOTYPE_RESEARCH_OVERRIDE,MACHINE_PROVISIONAL
C1,3,cost-basic-long-history-v1-recent-48m,V3-F02-COVID_ONSET,xgboost,0.1,0.016155637681736,0.4724061685140999,0.0,0.0,0.0,0.015831583603833563,0.015594723180894193,0.0,7145,113,ADMITTED,PROTOTYPE_RESEARCH_OVERRIDE,MACHINE_PROVISIONAL
C1,3,cost-basic-long-history-v1-recent-48m,V3-F02-COVID_ONSET,equal_soft_vote,0.1,0.015277870093169088,0.44529558931609736,0.0,0.0,0.0,0.015871834808140244,0.0162311030321568,0.0,7145,113,ADMITTED,PROTOTYPE_RESEARCH_OVERRIDE,MACHINE_PROVISIONAL
C1,3,cost-basic-long-history-v1-recent-48m,V3-F03-COVID_LATE,rule,0.30000000000000004,0.016962049742409016,0.6101568119102037,0.02798708288482239,0.3561643835616438,13.585075974123665,0.1331845238095238,0.30825892857142856,0.13824404761904763,6720,73,ADMITTED,PROTOTYPE_RESEARCH_OVERRIDE,MACHINE_PROVISIONAL
C1,3,cost-basic-long-history-v1-recent-48m,V3-F03-COVID_LATE,logistic_regression,0.1,0.023827455865889205,0.6278226246880352,0.0,0.0,0.1353994283135249,0.010737563532591757,0.0015085512732093184,0.0013392857142857143,6720,73,ADMITTED,PROTOTYPE_RESEARCH_OVERRIDE,MACHINE_PROVISIONAL
C1,3,cost-basic-long-history-v1-recent-48m,V3-F03-COVID_LATE,hist_gradient_boosting,0.1,0.013266920276471032,0.5105331275207066,0.0,0.0,0.0,0.010753465431023531,0.002881070804963545,0.0,6720,73,ADMITTED,PROTOTYPE_RESEARCH_OVERRIDE,MACHINE_PROVISIONAL
C1,3,cost-basic-long-history-v1-recent-48m,V3-F03-COVID_LATE,random_forest,0.1,0.013474554452767892,0.5913080573994653,0.0,0.0,0.0,0.010740368119441566,0.0015631735263182626,0.0,6720,73,ADMITTED,PROTOTYPE_RESEARCH_OVERRIDE,MACHINE_PROVISIONAL
C1,3,cost-basic-long-history-v1-recent-48m,V3-F03-COVID_LATE,xgboost,0.1,0.011338454815905763,0.5024101922589447,0.0,0.0,0.0,0.010752590281060997,0.0022479472113541687,0.0,6720,73,ADMITTED,PROTOTYPE_RESEARCH_OVERRIDE,MACHINE_PROVISIONAL
C1,3,cost-basic-long-history-v1-recent-48m,V3-F03-COVID_LATE,equal_soft_vote,0.1,0.013263317840357853,0.5882311723694487,0.0,0.0,0.0,0.010745394214598615,0.0022307305142119926,0.0,6720,73,ADMITTED,PROTOTYPE_RESEARCH_OVERRIDE,MACHINE_PROVISIONAL
C1,3,cost-basic-long-history-v1-recent-48m,V3-F04-COVID_2021_H1,rule,0.30000000000000004,0.012067681011288732,0.4886015815490881,0.01053639846743295,0.13414634146341464,15.694317836523853,0.14533313325330133,0.3160264105642257,0.1566626650660264,6664,82,ADMITTED,PROTOTYPE_RESEARCH_OVERRIDE,MACHINE_PROVISIONAL
C1,3,cost-basic-long-history-v1-recent-48m,V3-F04-COVID_2021_H1,logistic_regression,0.1,0.016133208233845786,0.5666674077862018,0.0,0.0,0.015192950470981464,0.012241362572982608,0.002622823822726036,0.00015006002400960383,6664,82,ADMITTED,PROTOTYPE_RESEARCH_OVERRIDE,MACHINE_PROVISIONAL
C1,3,cost-basic-long-history-v1-recent-48m,V3-F04-COVID_2021_H1,hist_gradient_boosting,0.1,0.012762608643020135,0.5217009063891914,0.0,0.0,0.0,0.012161293619241707,0.001667896666735523,0.0,6664,82,ADMITTED,PROTOTYPE_RESEARCH_OVERRIDE,MACHINE_PROVISIONAL
C1,3,cost-basic-long-history-v1-recent-48m,V3-F04-COVID_2021_H1,random_forest,0.1,0.01390100097948073,0.5591394861077144,0.0,0.0,0.0,0.012164683531062412,0.0017017008779020674,0.0,6664,82,ADMITTED,PROTOTYPE_RESEARCH_OVERRIDE,MACHINE_PROVISIONAL
C1,3,cost-basic-long-history-v1-recent-48m,V3-F04-COVID_2021_H1,xgboost,0.1,0.013107659063512987,0.5190634472434059,0.0,0.0,0.0,0.012160015524483737,0.0015030357967780513,0.0,6664,82,ADMITTED,PROTOTYPE_RESEARCH_OVERRIDE,MACHINE_PROVISIONAL
C1,3,cost-basic-long-history-v1-recent-48m,V3-F04-COVID_2021_H1,equal_soft_vote,0.1,0.013465999603770998,0.5424402101815002,0.0,0.0,0.0,0.012158290856660255,0.0016242111138052105,0.0,6664,82,ADMITTED,PROTOTYPE_RESEARCH_OVERRIDE,MACHINE_PROVISIONAL
C1,3,cost-basic-long-history-v1-recent-48m,V3-F05-COVID_2021_H2,rule,0.30000000000000004,0.020516493476719938,0.5281960681862714,0.02612330198537095,0.20491803278688525,14.852589641434262,0.1429283257777083,0.3057292480850399,0.14960137564483353,6397,122,ADMITTED,PROTOTYPE_RESEARCH_OVERRIDE,MACHINE_PROVISIONAL
C1,3,cost-basic-long-history-v1-recent-48m,V3-F05-COVID_2021_H2,logistic_regression,0.1,0.0339663601313599,0.635771667428646,0.0,0.0,0.0,0.01880917441860483,0.011264523077874573,0.0,6397,122,ADMITTED,PROTOTYPE_RESEARCH_OVERRIDE,MACHINE_PROVISIONAL
C1,3,cost-basic-long-history-v1-recent-48m,V3-F05-COVID_2021_H2,hist_gradient_boosting,0.1,0.01546049950347287,0.4277728430540135,0.0,0.0,0.0,0.01882910528601311,0.010931097804843118,0.0,6397,122,ADMITTED,PROTOTYPE_RESEARCH_OVERRIDE,MACHINE_PROVISIONAL
C1,3,cost-basic-long-history-v1-recent-48m,V3-F05-COVID_2021_H2,random_forest,0.1,0.02728316364076927,0.5873430866697146,0.0,0.0,0.0,0.01881811932715629,0.010964403529758275,0.0,6397,122,ADMITTED,PROTOTYPE_RESEARCH_OVERRIDE,MACHINE_PROVISIONAL
C1,3,cost-basic-long-history-v1-recent-48m,V3-F05-COVID_2021_H2,xgboost,0.1,0.015332061716460565,0.4227627196133499,0.0,0.0,0.0,0.018836065337804936,0.010854984225075751,0.0,6397,122,ADMITTED,PROTOTYPE_RESEARCH_OVERRIDE,MACHINE_PROVISIONAL
C1,3,cost-basic-long-history-v1-recent-48m,V3-F05-COVID_2021_H2,equal_soft_vote,0.1,0.017414727794451784,0.49155182548494547,0.0,0.0,0.0,0.018827333230752218,0.010916828519892383,0.0,6397,122,ADMITTED,PROTOTYPE_RESEARCH_OVERRIDE,MACHINE_PROVISIONAL
C1,3,cost-basic-long-history-v1-recent-48m,V3-F07-OCMS_RESTART,rule,0.30000000000000004,0.050760744350061886,0.6754521632612589,0.07776560788608981,0.4965034965034965,14.559916998097872,0.13961778602767466,0.30290246371920354,0.15406682416469794,5926,143,ADMITTED,PROTOTYPE_RESEARCH_OVERRIDE,MACHINE_PROVISIONAL
C1,3,cost-basic-long-history-v1-recent-48m,V3-F07-OCMS_RESTART,logistic_regression,0.1,0.03798205833774029,0.5808512773755727,0.2,0.006993006993006993,0.06916825177243645,0.02366287550167418,0.003792310283301356,0.0008437394532568343,5926,143,ADMITTED,PROTOTYPE_RESEARCH_OVERRIDE,MACHINE_PROVISIONAL
C1,3,cost-basic-long-history-v1-recent-48m,V3-F07-OCMS_RESTART,hist_gradient_boosting,0.1,0.04066785828810229,0.6129262402822839,0.0,0.0,0.0,0.023523454784316035,0.0034837127877696897,0.0,5926,143,ADMITTED,PROTOTYPE_RESEARCH_OVERRIDE,MACHINE_PROVISIONAL
C1,3,cost-basic-long-history-v1-recent-48m,V3-F07-OCMS_RESTART,random_forest,0.1,0.039121990872550166,0.6419394197364109,0.0,0.0,0.0,0.023466583401167154,0.005389519626451341,0.0,5926,143,ADMITTED,PROTOTYPE_RESEARCH_OVERRIDE,MACHINE_PROVISIONAL
C1,3,cost-basic-long-history-v1-recent-48m,V3-F07-OCMS_RESTART,xgboost,0.1,0.03612798425333891,0.6272181907665221,0.0,0.0,0.0,0.023471355137536842,0.004646384507121015,0.0,5926,143,ADMITTED,PROTOTYPE_RESEARCH_OVERRIDE,MACHINE_PROVISIONAL
C1,3,cost-basic-long-history-v1-recent-48m,V3-F07-OCMS_RESTART,equal_soft_vote,0.1,0.03897294807556558,0.6427097025402404,0.0,0.0,0.0,0.02347122549995926,0.004506538973780682,0.0,5926,143,ADMITTED,PROTOTYPE_RESEARCH_OVERRIDE,MACHINE_PROVISIONAL
C1,3,cost-basic-long-history-v1-recent-48m,V3-F08-PAIMANA_TRANSITION,rule,0.30000000000000004,0.010220016620870343,0.49977787324617506,0.010183299389002037,0.10869565217391304,10.913990568156299,0.12106857079350967,0.2943431873749722,0.10913536341409202,4499,46,ADMITTED,PROTOTYPE_RESEARCH_OVERRIDE,MACHINE_PROVISIONAL
C1,3,cost-basic-long-history-v1-recent-48m,V3-F08-PAIMANA_TRANSITION,logistic_regression,0.1,0.03392305025544508,0.5334605883673927,0.0,0.0,0.0,0.01016383312139761,0.006370087376019124,0.0,4499,46,ADMITTED,PROTOTYPE_RESEARCH_OVERRIDE,MACHINE_PROVISIONAL
C1,3,cost-basic-long-history-v1-recent-48m,V3-F08-PAIMANA_TRANSITION,hist_gradient_boosting,0.1,0.010392714907478718,0.5236723654790615,0.0,0.0,0.0,0.010232256951041309,0.00651878720373965,0.0,4499,46,ADMITTED,PROTOTYPE_RESEARCH_OVERRIDE,MACHINE_PROVISIONAL
C1,3,cost-basic-long-history-v1-recent-48m,V3-F08-PAIMANA_TRANSITION,random_forest,0.1,0.010981577843471228,0.550757183725676,0.0,0.0,0.0,0.01025666422904134,0.006028271423508156,0.0,4499,46,ADMITTED,PROTOTYPE_RESEARCH_OVERRIDE,MACHINE_PROVISIONAL
C1,3,cost-basic-long-history-v1-recent-48m,V3-F08-PAIMANA_TRANSITION,xgboost,0.1,0.010096397423922671,0.502597174352415,0.0,0.0,0.0,0.010235119774178554,0.00680515635528472,0.0,4499,46,ADMITTED,PROTOTYPE_RESEARCH_OVERRIDE,MACHINE_PROVISIONAL
C1,3,cost-basic-long-history-v1-recent-48m,V3-F08-PAIMANA_TRANSITION,equal_soft_vote,0.1,0.010317607459274018,0.5255128442964684,0.0,0.0,0.0,0.010230358756004755,0.006450738327510841,0.0,4499,46,ADMITTED,PROTOTYPE_RESEARCH_OVERRIDE,MACHINE_PROVISIONAL
C1,3,cost-basic-long-history-v1-recent-48m,V3-F09-RECENT_2025,rule,0.1,0.0979591836734694,0.6567164179104478,0.04285714285714286,1.0,100.0,0.11281055900621118,0.2527950310559006,1.0,1610,69,ADMITTED,PROTOTYPE_RESEARCH_OVERRIDE,MACHINE_PROVISIONAL
C1,3,cost-basic-long-history-v1-recent-48m,V3-F09-RECENT_2025,logistic_regression,0.1,0.16443196787425524,0.8000639524494729,0.0,0.0,0.0,0.041897547518560785,0.034223753920762434,0.0,1610,69,ADMITTED,PROTOTYPE_RESEARCH_OVERRIDE,MACHINE_PROVISIONAL
C1,3,cost-basic-long-history-v1-recent-48m,V3-F09-RECENT_2025,hist_gradient_boosting,0.1,0.026809370475022617,0.25711235881086064,0.0,0.0,0.0,0.04208463042258589,0.03260745885905785,0.0,1610,69,ADMITTED,PROTOTYPE_RESEARCH_OVERRIDE,MACHINE_PROVISIONAL
C1,3,cost-basic-long-history-v1-recent-48m,V3-F09-RECENT_2025,random_forest,0.1,0.0577243122759938,0.6262167423750812,0.0,0.0,0.0,0.04203996935072002,0.03288412944077272,0.0,1610,69,ADMITTED,PROTOTYPE_RESEARCH_OVERRIDE,MACHINE_PROVISIONAL
C1,3,cost-basic-long-history-v1-recent-48m,V3-F09-RECENT_2025,xgboost,0.1,0.027543151777374618,0.281635301752109,0.0,0.0,0.0,0.04210810524647948,0.0323682391234664,0.0,1610,69,ADMITTED,PROTOTYPE_RESEARCH_OVERRIDE,MACHINE_PROVISIONAL
C1,3,cost-basic-long-history-v1-recent-48m,V3-F09-RECENT_2025,equal_soft_vote,0.1,0.04889066777891225,0.550028684554543,0.0,0.0,0.0,0.04207644965802458,0.032619942474432326,0.0,1610,69,ADMITTED,PROTOTYPE_RESEARCH_OVERRIDE,MACHINE_PROVISIONAL
C1,3,cost-basic-long-history-v1-recent-48m,V3-F10-RECENT_2026,rule,0.30000000000000004,0.013400150134073772,0.559385168003608,0.026119402985074626,0.19444444444444445,7.5674108437228185,0.10410688665710187,0.2781205164992826,0.07690100430416069,3485,36,ADMITTED,PROTOTYPE_RESEARCH_OVERRIDE,MACHINE_PROVISIONAL
C1,3,cost-basic-long-history-v1-recent-48m,V3-F10-RECENT_2026,logistic_regression,0.1,0.03325069088166141,0.7176234657388615,0.058823529411764705,0.08333333333333333,1.3917077413743113,0.014547209976853201,0.012746857484924875,0.014634146341463415,3485,36,ADMITTED,PROTOTYPE_RESEARCH_OVERRIDE,MACHINE_PROVISIONAL
C1,3,cost-basic-long-history-v1-recent-48m,V3-F10-RECENT_2026,hist_gradient_boosting,0.1,0.01683693399322025,0.5639356013015044,0.0,0.0,0.028993911278631487,0.010997604254329626,0.02731415048562913,0.00028694404591104734,3485,36,ADMITTED,PROTOTYPE_RESEARCH_OVERRIDE,MACHINE_PROVISIONAL
C1,3,cost-basic-long-history-v1-recent-48m,V3-F10-RECENT_2026,random_forest,0.1,0.032135083061783046,0.6589752263135853,0.0,0.0,0.2609452015076834,0.011026179224043128,0.028062568117397036,0.002582496413199426,3485,36,ADMITTED,PROTOTYPE_RESEARCH_OVERRIDE,MACHINE_PROVISIONAL
C1,3,cost-basic-long-history-v1-recent-48m,V3-F10-RECENT_2026,xgboost,0.1,0.029937368098608412,0.7060863052092394,0.022727272727272728,0.027777777777777776,1.2467381849811539,0.010896508963977659,0.02517173934466926,0.012625538020086082,3485,36,ADMITTED,PROTOTYPE_RESEARCH_OVERRIDE,MACHINE_PROVISIONAL
C1,3,cost-basic-long-history-v1-recent-48m,V3-F10-RECENT_2026,equal_soft_vote,0.1,0.028950969147474664,0.6704157404722786,0.0,0.0,0.3479269353435778,0.010920940845577083,0.02684948598256514,0.003443328550932568,3485,36,ADMITTED,PROTOTYPE_RESEARCH_OVERRIDE,MACHINE_PROVISIONAL
C2,3,cost-basic-long-history-v1-recent-24m,V3-F02-COVID_ONSET,rule,0.30000000000000004,0.013192373723683022,0.554382597568778,0.01680672268907563,0.3333333333333333,22.456813819577736,0.17730075901328274,0.3515180265654648,0.22580645161290322,527,6,DESCRIPTIVE_ONLY,PROTOTYPE_RESEARCH_OVERRIDE,MACHINE_PROVISIONAL
C2,3,cost-basic-long-history-v1-recent-24m,V3-F02-COVID_ONSET,logistic_regression,0.1,0.02121650268161896,0.5662188099808061,0.02631578947368421,0.3333333333333333,14.203454894433781,0.012543389875759463,0.019360986516944838,0.1442125237191651,527,6,DESCRIPTIVE_ONLY,PROTOTYPE_RESEARCH_OVERRIDE,MACHINE_PROVISIONAL
C2,3,cost-basic-long-history-v1-recent-24m,V3-F02-COVID_ONSET,hist_gradient_boosting,0.1,0.016837155171344473,0.5382277671145234,0.0,0.0,0.0,0.011437493957723081,0.011650770091715572,0.0,527,6,DESCRIPTIVE_ONLY,PROTOTYPE_RESEARCH_OVERRIDE,MACHINE_PROVISIONAL
C2,3,cost-basic-long-history-v1-recent-24m,V3-F02-COVID_ONSET,random_forest,0.1,0.013027867319498204,0.44529750479846447,0.0,0.0,0.19193857965451055,0.011608428165018246,0.012345927321910673,0.0018975332068311196,527,6,DESCRIPTIVE_ONLY,PROTOTYPE_RESEARCH_OVERRIDE,MACHINE_PROVISIONAL
C2,3,cost-basic-long-history-v1-recent-24m,V3-F02-COVID_ONSET,xgboost,0.1,0.014216473757839935,0.41042866282789503,0.0,0.0,0.0,0.011367766719713079,0.010568250717958432,0.0,527,6,DESCRIPTIVE_ONLY,PROTOTYPE_RESEARCH_OVERRIDE,MACHINE_PROVISIONAL
C2,3,cost-basic-long-history-v1-recent-24m,V3-F02-COVID_ONSET,equal_soft_vote,0.1,0.014837385377191172,0.5078374920025592,0.0,0.0,0.0,0.011427980641092775,0.01152164937719489,0.0,527,6,DESCRIPTIVE_ONLY,PROTOTYPE_RESEARCH_OVERRIDE,MACHINE_PROVISIONAL
C2,3,cost-basic-long-history-v1-recent-24m,V3-F03-COVID_LATE,rule,0.30000000000000004,0.017860542106352163,0.4738140417457305,0.014814814814814815,0.2,25.23719165085389,0.19378491620111732,0.3570763500931099,0.25139664804469275,537,10,DESCRIPTIVE_ONLY,PROTOTYPE_RESEARCH_OVERRIDE,MACHINE_PROVISIONAL
C2,3,cost-basic-long-history-v1-recent-24m,V3-F03-COVID_LATE,logistic_regression,0.1,0.04075472721461393,0.5633776091081594,0.0,0.0,3.984819734345351,0.018788001905103206,0.0068440806182164604,0.03910614525139665,537,10,DESCRIPTIVE_ONLY,PROTOTYPE_RESEARCH_OVERRIDE,MACHINE_PROVISIONAL
C2,3,cost-basic-long-history-v1-recent-24m,V3-F03-COVID_LATE,hist_gradient_boosting,0.15000000000000002,0.019659096388272415,0.499146110056926,0.0,0.0,1.7077798861480076,0.019624435970022034,0.01532882811420818,0.01675977653631285,537,10,DESCRIPTIVE_ONLY,PROTOTYPE_RESEARCH_OVERRIDE,MACHINE_PROVISIONAL
C2,3,cost-basic-long-history-v1-recent-24m,V3-F03-COVID_LATE,random_forest,0.1,0.036640669899719924,0.7316888045540797,0.0,0.0,0.0,0.018296673047616972,0.006796918302891336,0.0,537,10,DESCRIPTIVE_ONLY,PROTOTYPE_RESEARCH_OVERRIDE,MACHINE_PROVISIONAL
C2,3,cost-basic-long-history-v1-recent-24m,V3-F03-COVID_LATE,xgboost,0.15000000000000002,0.039988533303383755,0.7530360531309298,0.0,0.0,2.2770398481973433,0.020010179553611965,0.016483129027868616,0.0223463687150838,537,10,DESCRIPTIVE_ONLY,PROTOTYPE_RESEARCH_OVERRIDE,MACHINE_PROVISIONAL
C2,3,cost-basic-long-history-v1-recent-24m,V3-F03-COVID_LATE,equal_soft_vote,0.1,0.03479087357096443,0.7201138519924098,0.0,0.0,1.7077798861480076,0.019090210312958936,0.012487665526486214,0.01675977653631285,537,10,DESCRIPTIVE_ONLY,PROTOTYPE_RESEARCH_OVERRIDE,MACHINE_PROVISIONAL
C2,3,cost-basic-long-history-v1-recent-24m,V3-F04-COVID_2021_H1,rule,0.1,0.010292201417275049,0.46899563318777293,0.01079913606911447,1.0,100.0,0.19640928725701945,0.3698704103671706,1.0,463,5,DESCRIPTIVE_ONLY,PROTOTYPE_RESEARCH_OVERRIDE,MACHINE_PROVISIONAL
C2,3,cost-basic-long-history-v1-recent-24m,V3-F04-COVID_2021_H1,logistic_regression,0.1,0.20700596685318368,0.3161572052401747,0.0,0.0,0.0,0.010802300142246871,0.010727371239787927,0.0,463,5,DESCRIPTIVE_ONLY,PROTOTYPE_RESEARCH_OVERRIDE,MACHINE_PROVISIONAL
C2,3,cost-basic-long-history-v1-recent-24m,V3-F04-COVID_2021_H1,hist_gradient_boosting,0.1,0.02257119418727294,0.703056768558952,0.0,0.0,0.0,0.010828097849538018,0.01276748945374887,0.0,463,5,DESCRIPTIVE_ONLY,PROTOTYPE_RESEARCH_OVERRIDE,MACHINE_PROVISIONAL
C2,3,cost-basic-long-history-v1-recent-24m,V3-F04-COVID_2021_H1,random_forest,0.1,0.023700636598757475,0.7179039301310044,0.0,0.0,0.0,0.010907710570970492,0.014568715084399208,0.0,463,5,DESCRIPTIVE_ONLY,PROTOTYPE_RESEARCH_OVERRIDE,MACHINE_PROVISIONAL
C2,3,cost-basic-long-history-v1-recent-24m,V3-F04-COVID_2021_H1,xgboost,0.1,0.01490416789161559,0.5672489082969432,0.0,0.0,0.0,0.010908100960226456,0.013079133182259702,0.0,463,5,DESCRIPTIVE_ONLY,PROTOTYPE_RESEARCH_OVERRIDE,MACHINE_PROVISIONAL
C2,3,cost-basic-long-history-v1-recent-24m,V3-F04-COVID_2021_H1,equal_soft_vote,0.1,0.02057545128886219,0.7026200873362446,0.0,0.0,0.0,0.010815206045436369,0.013471779240135926,0.0,463,5,DESCRIPTIVE_ONLY,PROTOTYPE_RESEARCH_OVERRIDE,MACHINE_PROVISIONAL
C2,3,cost-basic-long-history-v1-recent-24m,V3-F07-OCMS_RESTART,rule,0.1,0.04911889404625555,0.5760399334442595,0.039936102236421724,1.0,100.0,0.19349041533546327,0.33706070287539935,1.0,626,25,DESCRIPTIVE_ONLY,PROTOTYPE_RESEARCH_OVERRIDE,MACHINE_PROVISIONAL
C2,3,cost-basic-long-history-v1-recent-24m,V3-F07-OCMS_RESTART,logistic_regression,0.1,0.048175871156875355,0.49870216306156406,0.0958904109589041,0.28,10.98169717138103,0.03984184118671998,0.03325725516749616,0.11661341853035144,626,25,DESCRIPTIVE_ONLY,PROTOTYPE_RESEARCH_OVERRIDE,MACHINE_PROVISIONAL
C2,3,cost-basic-long-history-v1-recent-24m,V3-F07-OCMS_RESTART,hist_gradient_boosting,0.1,0.02741298884456835,0.285324459234609,0.0,0.0,0.0,0.03908432225123106,0.02439055275396778,0.0,626,25,DESCRIPTIVE_ONLY,PROTOTYPE_RESEARCH_OVERRIDE,MACHINE_PROVISIONAL
C2,3,cost-basic-long-history-v1-recent-24m,V3-F07-OCMS_RESTART,random_forest,0.1,0.07062980991934528,0.6841597337770383,0.07207207207207207,0.64,34.27620632279534,0.040427932978892946,0.046203920198877264,0.3546325878594249,626,25,DESCRIPTIVE_ONLY,PROTOTYPE_RESEARCH_OVERRIDE,MACHINE_PROVISIONAL
C2,3,cost-basic-long-history-v1-recent-24m,V3-F07-OCMS_RESTART,xgboost,0.1,0.06704519983312415,0.653377703826955,0.03333333333333333,0.04,4.825291181364393,0.03908290423415514,0.032435452436036974,0.04792332268370607,626,25,DESCRIPTIVE_ONLY,PROTOTYPE_RESEARCH_OVERRIDE,MACHINE_PROVISIONAL
C2,3,cost-basic-long-history-v1-recent-24m,V3-F07-OCMS_RESTART,equal_soft_vote,0.1,0.0668348564173686,0.6792678868552413,0.024390243902439025,0.04,6.655574043261232,0.03909414546842598,0.034343308462960645,0.06549520766773163,626,25,DESCRIPTIVE_ONLY,PROTOTYPE_RESEARCH_OVERRIDE,MACHINE_PROVISIONAL
C2,3,cost-basic-long-history-v1-recent-24m,V3-F08-PAIMANA_TRANSITION,rule,0.30000000000000004,0.04957375833951075,0.4427083333333333,0.028169014084507043,0.125,23.958333333333332,0.19901315789473684,0.3141447368421053,0.23355263157894737,608,32,DESCRIPTIVE_ONLY,PROTOTYPE_RESEARCH_OVERRIDE,MACHINE_PROVISIONAL
C2,3,cost-basic-long-history-v1-recent-24m,V3-F08-PAIMANA_TRANSITION,logistic_regression,0.1,0.05057030547611009,0.4992947048611111,0.0,0.0,0.0,0.05117579230110869,0.033249810000579264,0.0,608,32,DESCRIPTIVE_ONLY,PROTOTYPE_RESEARCH_OVERRIDE,MACHINE_PROVISIONAL
C2,3,cost-basic-long-history-v1-recent-24m,V3-F08-PAIMANA_TRANSITION,hist_gradient_boosting,0.1,0.05310126165880491,0.40163845486111116,0.0,0.0,0.0,0.051343935007710576,0.03297332032796602,0.0,608,32,DESCRIPTIVE_ONLY,PROTOTYPE_RESEARCH_OVERRIDE,MACHINE_PROVISIONAL
C2,3,cost-basic-long-history-v1-recent-24m,V3-F08-PAIMANA_TRANSITION,random_forest,0.1,0.060227521096817574,0.522976345486111,0.0,0.0,0.0,0.051005885294652914,0.03410766790221538,0.0,608,32,DESCRIPTIVE_ONLY,PROTOTYPE_RESEARCH_OVERRIDE,MACHINE_PROVISIONAL
C2,3,cost-basic-long-history-v1-recent-24m,V3-F08-PAIMANA_TRANSITION,xgboost,0.1,0.059083010010175255,0.4797905815972222,0.0,0.0,0.0,0.05107064461569926,0.03463441758205957,0.0,608,32,DESCRIPTIVE_ONLY,PROTOTYPE_RESEARCH_OVERRIDE,MACHINE_PROVISIONAL
C2,3,cost-basic-long-history-v1-recent-24m,V3-F08-PAIMANA_TRANSITION,equal_soft_vote,0.1,0.05635780374771807,0.4346245659722222,0.0,0.0,0.0,0.05111575271233898,0.033905135270747,0.0,608,32,DESCRIPTIVE_ONLY,PROTOTYPE_RESEARCH_OVERRIDE,MACHINE_PROVISIONAL
C2,3,cost-basic-long-history-v1-recent-24m,V3-F09-RECENT_2025,rule,0.1,0.06656106656106656,0.5535517114464483,0.05855855855855856,1.0,100.0,0.21114864864864866,0.33333333333333337,1.0,222,13,DESCRIPTIVE_ONLY,PROTOTYPE_RESEARCH_OVERRIDE,MACHINE_PROVISIONAL
C2,3,cost-basic-long-history-v1-recent-24m,V3-F09-RECENT_2025,logistic_regression,0.15000000000000002,0.09458219116720282,0.43540669856459335,0.13636363636363635,0.23076923076923078,9.090909090909092,0.06321709071072347,0.050783261409381664,0.0990990990990991,222,13,DESCRIPTIVE_ONLY,PROTOTYPE_RESEARCH_OVERRIDE,MACHINE_PROVISIONAL
C2,3,cost-basic-long-history-v1-recent-24m,V3-F09-RECENT_2025,hist_gradient_boosting,0.1,0.05128500977090053,0.42933382407066617,0.0,0.0,16.267942583732058,0.0571969458520096,0.029986909030979322,0.15315315315315314,222,13,DESCRIPTIVE_ONLY,PROTOTYPE_RESEARCH_OVERRIDE,MACHINE_PROVISIONAL
C2,3,cost-basic-long-history-v1-recent-24m,V3-F09-RECENT_2025,random_forest,0.1,0.057060935702389126,0.4944792050055208,0.0,0.0,0.0,0.0553480848178148,0.015115959222427075,0.0,222,13,DESCRIPTIVE_ONLY,PROTOTYPE_RESEARCH_OVERRIDE,MACHINE_PROVISIONAL
C2,3,cost-basic-long-history-v1-recent-24m,V3-F09-RECENT_2025,xgboost,0.1,0.058487380903024445,0.48785425101214575,0.0,0.0,2.8708133971291865,0.05570858049804334,0.004243004396842114,0.02702702702702703,222,13,DESCRIPTIVE_ONLY,PROTOTYPE_RESEARCH_OVERRIDE,MACHINE_PROVISIONAL
C2,3,cost-basic-long-history-v1-recent-24m,V3-F09-RECENT_2025,equal_soft_vote,0.1,0.052289791754922904,0.4411115200588885,0.0,0.0,1.9138755980861244,0.0558495260408971,0.008540727947530571,0.018018018018018018,222,13,DESCRIPTIVE_ONLY,PROTOTYPE_RESEARCH_OVERRIDE,MACHINE_PROVISIONAL
C2,3,cost-basic-long-history-v1-recent-36m,V3-F02-COVID_ONSET,rule,0.30000000000000004,0.013192373723683022,0.554382597568778,0.01680672268907563,0.3333333333333333,22.456813819577736,0.17730075901328274,0.3515180265654648,0.22580645161290322,527,6,DESCRIPTIVE_ONLY,PROTOTYPE_RESEARCH_OVERRIDE,MACHINE_PROVISIONAL
C2,3,cost-basic-long-history-v1-recent-36m,V3-F02-COVID_ONSET,logistic_regression,0.1,0.02121650268161896,0.5662188099808061,0.02631578947368421,0.3333333333333333,14.203454894433781,0.012543389875759463,0.019360986516944838,0.1442125237191651,527,6,DESCRIPTIVE_ONLY,PROTOTYPE_RESEARCH_OVERRIDE,MACHINE_PROVISIONAL
C2,3,cost-basic-long-history-v1-recent-36m,V3-F02-COVID_ONSET,hist_gradient_boosting,0.1,0.016837155171344473,0.5382277671145234,0.0,0.0,0.0,0.011437493957723081,0.011650770091715572,0.0,527,6,DESCRIPTIVE_ONLY,PROTOTYPE_RESEARCH_OVERRIDE,MACHINE_PROVISIONAL
C2,3,cost-basic-long-history-v1-recent-36m,V3-F02-COVID_ONSET,random_forest,0.1,0.013027867319498204,0.44529750479846447,0.0,0.0,0.19193857965451055,0.011608428165018246,0.012345927321910687,0.0018975332068311196,527,6,DESCRIPTIVE_ONLY,PROTOTYPE_RESEARCH_OVERRIDE,MACHINE_PROVISIONAL
C2,3,cost-basic-long-history-v1-recent-36m,V3-F02-COVID_ONSET,xgboost,0.1,0.014216473757839935,0.41042866282789503,0.0,0.0,0.0,0.011367766719713079,0.010568250717958432,0.0,527,6,DESCRIPTIVE_ONLY,PROTOTYPE_RESEARCH_OVERRIDE,MACHINE_PROVISIONAL
C2,3,cost-basic-long-history-v1-recent-36m,V3-F02-COVID_ONSET,equal_soft_vote,0.1,0.014837385377191172,0.5078374920025592,0.0,0.0,0.0,0.011427980641092775,0.011521649377194894,0.0,527,6,DESCRIPTIVE_ONLY,PROTOTYPE_RESEARCH_OVERRIDE,MACHINE_PROVISIONAL
C2,3,cost-basic-long-history-v1-recent-36m,V3-F03-COVID_LATE,rule,0.30000000000000004,0.017860542106352163,0.4738140417457305,0.014814814814814815,0.2,25.23719165085389,0.19378491620111732,0.3570763500931099,0.25139664804469275,537,10,DESCRIPTIVE_ONLY,PROTOTYPE_RESEARCH_OVERRIDE,MACHINE_PROVISIONAL
C2,3,cost-basic-long-history-v1-recent-36m,V3-F03-COVID_LATE,logistic_regression,0.1,0.033346056233623134,0.5521821631878557,0.0,0.0,0.0,0.018305275725294584,0.005637821500027184,0.0,537,10,DESCRIPTIVE_ONLY,PROTOTYPE_RESEARCH_OVERRIDE,MACHINE_PROVISIONAL
C2,3,cost-basic-long-history-v1-recent-36m,V3-F03-COVID_LATE,hist_gradient_boosting,0.30000000000000004,0.019772974489963444,0.5135673624288425,0.0,0.0,0.0,0.018815287246706933,0.007383403130330453,0.0,537,10,DESCRIPTIVE_ONLY,PROTOTYPE_RESEARCH_OVERRIDE,MACHINE_PROVISIONAL
C2,3,cost-basic-long-history-v1-recent-36m,V3-F03-COVID_LATE,random_forest,0.1,0.01970047058705644,0.5055028462998102,0.0,0.0,0.7590132827324478,0.018628390386429484,0.007638196420169645,0.0074487895716946,537,10,DESCRIPTIVE_ONLY,PROTOTYPE_RESEARCH_OVERRIDE,MACHINE_PROVISIONAL
C2,3,cost-basic-long-history-v1-recent-36m,V3-F03-COVID_LATE,xgboost,0.25,0.012293773051984171,0.20151802656546491,0.0,0.0,0.0,0.01955544609089858,0.012957498170082979,0.0,537,10,DESCRIPTIVE_ONLY,PROTOTYPE_RESEARCH_OVERRIDE,MACHINE_PROVISIONAL
C2,3,cost-basic-long-history-v1-recent-36m,V3-F03-COVID_LATE,equal_soft_vote,0.25,0.015760176143366035,0.38975332068311197,0.0,0.0,0.0,0.018910481878739453,0.008933725281503888,0.0,537,10,DESCRIPTIVE_ONLY,PROTOTYPE_RESEARCH_OVERRIDE,MACHINE_PROVISIONAL
C2,3,cost-basic-long-history-v1-recent-36m,V3-F04-COVID_2021_H1,rule,0.1,0.010292201417275049,0.46899563318777293,0.01079913606911447,1.0,100.0,0.19640928725701945,0.3698704103671706,1.0,463,5,DESCRIPTIVE_ONLY,PROTOTYPE_RESEARCH_OVERRIDE,MACHINE_PROVISIONAL
C2,3,cost-basic-long-history-v1-recent-36m,V3-F04-COVID_2021_H1,logistic_regression,0.1,0.2067969014279694,0.2903930131004367,1.0,0.2,0.0,0.008927201725313895,0.012523619576633418,0.0021598272138228943,463,5,DESCRIPTIVE_ONLY,PROTOTYPE_RESEARCH_OVERRIDE,MACHINE_PROVISIONAL
C2,3,cost-basic-long-history-v1-recent-36m,V3-F04-COVID_2021_H1,hist_gradient_boosting,0.1,0.01028304752365657,0.3951965065502183,0.0,0.0,0.0,0.010870220938049544,0.012116931973403166,0.0,463,5,DESCRIPTIVE_ONLY,PROTOTYPE_RESEARCH_OVERRIDE,MACHINE_PROVISIONAL
C2,3,cost-basic-long-history-v1-recent-36m,V3-F04-COVID_2021_H1,random_forest,0.1,0.01947304276833904,0.6908296943231441,0.0,0.0,0.0,0.010819115589376496,0.012838745075910254,0.0,463,5,DESCRIPTIVE_ONLY,PROTOTYPE_RESEARCH_OVERRIDE,MACHINE_PROVISIONAL
C2,3,cost-basic-long-history-v1-recent-36m,V3-F04-COVID_2021_H1,xgboost,0.1,0.012486147762505012,0.5100436681222708,0.0,0.0,0.0,0.01122979875506361,0.014002176875849382,0.0,463,5,DESCRIPTIVE_ONLY,PROTOTYPE_RESEARCH_OVERRIDE,MACHINE_PROVISIONAL
C2,3,cost-basic-long-history-v1-recent-36m,V3-F04-COVID_2021_H1,equal_soft_vote,0.1,0.014549184524858772,0.5781659388646289,0.0,0.0,0.0,0.010872693930631354,0.012985951308387601,0.0,463,5,DESCRIPTIVE_ONLY,PROTOTYPE_RESEARCH_OVERRIDE,MACHINE_PROVISIONAL
C2,3,cost-basic-long-history-v1-recent-36m,V3-F07-OCMS_RESTART,rule,0.30000000000000004,0.04911889404625555,0.5760399334442595,0.06289308176100629,0.4,24.792013311148086,0.19349041533546327,0.33706070287539935,0.2539936102236422,626,25,DESCRIPTIVE_ONLY,PROTOTYPE_RESEARCH_OVERRIDE,MACHINE_PROVISIONAL
C2,3,cost-basic-long-history-v1-recent-36m,V3-F07-OCMS_RESTART,logistic_regression,0.2,0.1670974556354675,0.7239267886855241,0.47058823529411764,0.32,1.497504159733777,0.03691944064056265,0.0317231570000171,0.027156549520766772,626,25,DESCRIPTIVE_ONLY,PROTOTYPE_RESEARCH_OVERRIDE,MACHINE_PROVISIONAL
C2,3,cost-basic-long-history-v1-recent-36m,V3-F07-OCMS_RESTART,hist_gradient_boosting,0.1,0.09925005114409355,0.7010316139767055,0.109375,0.28,9.484193011647255,0.037966434362947624,0.013955477031161286,0.10223642172523961,626,25,DESCRIPTIVE_ONLY,PROTOTYPE_RESEARCH_OVERRIDE,MACHINE_PROVISIONAL
C2,3,cost-basic-long-history-v1-recent-36m,V3-F07-OCMS_RESTART,random_forest,0.1,0.07011307637363134,0.7082861896838603,0.08045977011494253,0.28,13.311148086522463,0.039010846668533376,0.023489606992466598,0.1389776357827476,626,25,DESCRIPTIVE_ONLY,PROTOTYPE_RESEARCH_OVERRIDE,MACHINE_PROVISIONAL
C2,3,cost-basic-long-history-v1-recent-36m,V3-F07-OCMS_RESTART,xgboost,0.1,0.0889644840057502,0.7464226289517472,0.08108108108108109,0.12,5.657237936772047,0.037756211264484474,0.011073511723824427,0.05910543130990415,626,25,DESCRIPTIVE_ONLY,PROTOTYPE_RESEARCH_OVERRIDE,MACHINE_PROVISIONAL
C2,3,cost-basic-long-history-v1-recent-36m,V3-F07-OCMS_RESTART,equal_soft_vote,0.1,0.09136711949768582,0.738369384359401,0.16326530612244897,0.32,6.821963394342762,0.03800958757432668,0.021371693655502472,0.07827476038338659,626,25,DESCRIPTIVE_ONLY,PROTOTYPE_RESEARCH_OVERRIDE,MACHINE_PROVISIONAL
C2,3,cost-basic-long-history-v1-recent-36m,V3-F08-PAIMANA_TRANSITION,rule,0.30000000000000004,0.04957375833951075,0.4427083333333333,0.028169014084507043,0.125,23.958333333333332,0.19901315789473684,0.3141447368421053,0.23355263157894737,608,32,DESCRIPTIVE_ONLY,PROTOTYPE_RESEARCH_OVERRIDE,MACHINE_PROVISIONAL
C2,3,cost-basic-long-history-v1-recent-36m,V3-F08-PAIMANA_TRANSITION,logistic_regression,0.1,0.08684986510554499,0.683865017361111,0.0,0.0,0.0,0.050363910411346635,0.026790336553110434,0.0,608,32,DESCRIPTIVE_ONLY,PROTOTYPE_RESEARCH_OVERRIDE,MACHINE_PROVISIONAL
C2,3,cost-basic-long-history-v1-recent-36m,V3-F08-PAIMANA_TRANSITION,hist_gradient_boosting,0.1,0.03556338357032145,0.28580729166666663,0.0,0.0,2.0833333333333335,0.05264083702542178,0.03432536526747354,0.019736842105263157,608,32,DESCRIPTIVE_ONLY,PROTOTYPE_RESEARCH_OVERRIDE,MACHINE_PROVISIONAL
C2,3,cost-basic-long-history-v1-recent-36m,V3-F08-PAIMANA_TRANSITION,random_forest,0.1,0.045519176018711346,0.41031901041666674,0.0,0.0,0.0,0.051435759104434084,0.032158883883818115,0.0,608,32,DESCRIPTIVE_ONLY,PROTOTYPE_RESEARCH_OVERRIDE,MACHINE_PROVISIONAL
C2,3,cost-basic-long-history-v1-recent-36m,V3-F08-PAIMANA_TRANSITION,xgboost,0.1,0.04244387302180051,0.3534613715277778,0.0,0.0,0.0,0.05138339026826935,0.032125962521696375,0.0,608,32,DESCRIPTIVE_ONLY,PROTOTYPE_RESEARCH_OVERRIDE,MACHINE_PROVISIONAL
C2,3,cost-basic-long-history-v1-recent-36m,V3-F08-PAIMANA_TRANSITION,equal_soft_vote,0.1,0.039071586452076625,0.33642578125000006,0.0,0.0,0.1736111111111111,0.05170337861869871,0.03104663939333307,0.001644736842105263,608,32,DESCRIPTIVE_ONLY,PROTOTYPE_RESEARCH_OVERRIDE,MACHINE_PROVISIONAL
C2,3,cost-basic-long-history-v1-recent-36m,V3-F09-RECENT_2025,rule,0.1,0.06656106656106656,0.5535517114464483,0.05855855855855856,1.0,100.0,0.21114864864864866,0.33333333333333337,1.0,222,13,DESCRIPTIVE_ONLY,PROTOTYPE_RESEARCH_OVERRIDE,MACHINE_PROVISIONAL
C2,3,cost-basic-long-history-v1-recent-36m,V3-F09-RECENT_2025,logistic_regression,0.1,0.10275666890671444,0.6061832903938167,0.15625,0.38461538461538464,12.91866028708134,0.057648032069236875,0.01802560406170972,0.14414414414414414,222,13,DESCRIPTIVE_ONLY,PROTOTYPE_RESEARCH_OVERRIDE,MACHINE_PROVISIONAL
C2,3,cost-basic-long-history-v1-recent-36m,V3-F09-RECENT_2025,hist_gradient_boosting,0.1,0.05718340155882112,0.43393448656606554,0.0,0.0,0.0,0.05575931247168695,0.00421574744438119,0.0,222,13,DESCRIPTIVE_ONLY,PROTOTYPE_RESEARCH_OVERRIDE,MACHINE_PROVISIONAL
C2,3,cost-basic-long-history-v1-recent-36m,V3-F09-RECENT_2025,random_forest,0.1,0.07572879089683887,0.5958778064041221,0.0,0.0,0.0,0.05505240491051019,0.005321603557662084,0.0,222,13,DESCRIPTIVE_ONLY,PROTOTYPE_RESEARCH_OVERRIDE,MACHINE_PROVISIONAL
C2,3,cost-basic-long-history-v1-recent-36m,V3-F09-RECENT_2025,xgboost,0.1,0.05348749791689614,0.4560176665439823,0.0,0.0,0.0,0.05545727681746028,0.007409731404299499,0.0,222,13,DESCRIPTIVE_ONLY,PROTOTYPE_RESEARCH_OVERRIDE,MACHINE_PROVISIONAL
C2,3,cost-basic-long-history-v1-recent-36m,V3-F09-RECENT_2025,equal_soft_vote,0.1,0.05364226695154382,0.4313581155686419,0.0,0.0,0.0,0.05534989889651534,0.005649027468780932,0.0,222,13,DESCRIPTIVE_ONLY,PROTOTYPE_RESEARCH_OVERRIDE,MACHINE_PROVISIONAL
C2,3,cost-basic-long-history-v1-recent-36m,V3-F10-RECENT_2026,rule,0.1,0.00702576112412178,0.36969339622641506,0.00702576112412178,1.0,100.0,0.195403981264637,0.3723653395784544,1.0,854,6,DESCRIPTIVE_ONLY,PROTOTYPE_RESEARCH_OVERRIDE,MACHINE_PROVISIONAL
C2,3,cost-basic-long-history-v1-recent-36m,V3-F10-RECENT_2026,logistic_regression,0.1,0.011397483537814588,0.6035770440251573,0.0,0.0,13.443396226415095,0.01449871424607493,0.04359836462235107,0.13348946135831383,854,6,DESCRIPTIVE_ONLY,PROTOTYPE_RESEARCH_OVERRIDE,MACHINE_PROVISIONAL
C2,3,cost-basic-long-history-v1-recent-36m,V3-F10-RECENT_2026,hist_gradient_boosting,0.1,0.011927298480658268,0.6051493710691823,0.011764705882352941,0.16666666666666666,9.90566037735849,0.01364904599491117,0.08148157699860734,0.09953161592505855,854,6,DESCRIPTIVE_ONLY,PROTOTYPE_RESEARCH_OVERRIDE,MACHINE_PROVISIONAL
C2,3,cost-basic-long-history-v1-recent-36m,V3-F10-RECENT_2026,random_forest,0.1,0.010487628299057538,0.4933176100628931,0.01020408163265306,0.16666666666666666,11.43867924528302,0.014042384592529164,0.0836402964175604,0.11475409836065574,854,6,DESCRIPTIVE_ONLY,PROTOTYPE_RESEARCH_OVERRIDE,MACHINE_PROVISIONAL
C2,3,cost-basic-long-history-v1-recent-36m,V3-F10-RECENT_2026,xgboost,0.1,0.009296630121154769,0.486438679245283,0.0,0.0,0.0,0.013542445466069558,0.08099682050224134,0.0,854,6,DESCRIPTIVE_ONLY,PROTOTYPE_RESEARCH_OVERRIDE,MACHINE_PROVISIONAL
C2,3,cost-basic-long-history-v1-recent-36m,V3-F10-RECENT_2026,equal_soft_vote,0.1,0.01721446420346562,0.6354166666666667,0.0,0.0,0.0,0.01369830287634996,0.08203956463946971,0.0,854,6,DESCRIPTIVE_ONLY,PROTOTYPE_RESEARCH_OVERRIDE,MACHINE_PROVISIONAL
C2,3,cost-basic-long-history-v1-recent-48m,V3-F02-COVID_ONSET,rule,0.30000000000000004,0.013192373723683022,0.554382597568778,0.01680672268907563,0.3333333333333333,22.456813819577736,0.17730075901328274,0.3515180265654648,0.22580645161290322,527,6,DESCRIPTIVE_ONLY,PROTOTYPE_RESEARCH_OVERRIDE,MACHINE_PROVISIONAL
C2,3,cost-basic-long-history-v1-recent-48m,V3-F02-COVID_ONSET,logistic_regression,0.1,0.02121650268161896,0.5662188099808061,0.02631578947368421,0.3333333333333333,14.203454894433781,0.012543389875759463,0.019360986516944838,0.1442125237191651,527,6,DESCRIPTIVE_ONLY,PROTOTYPE_RESEARCH_OVERRIDE,MACHINE_PROVISIONAL
C2,3,cost-basic-long-history-v1-recent-48m,V3-F02-COVID_ONSET,hist_gradient_boosting,0.1,0.016837155171344473,0.5382277671145234,0.0,0.0,0.0,0.011437493957723081,0.011650770091715572,0.0,527,6,DESCRIPTIVE_ONLY,PROTOTYPE_RESEARCH_OVERRIDE,MACHINE_PROVISIONAL
C2,3,cost-basic-long-history-v1-recent-48m,V3-F02-COVID_ONSET,random_forest,0.1,0.013027867319498204,0.44529750479846447,0.0,0.0,0.19193857965451055,0.011608428165018246,0.012345927321910687,0.0018975332068311196,527,6,DESCRIPTIVE_ONLY,PROTOTYPE_RESEARCH_OVERRIDE,MACHINE_PROVISIONAL
C2,3,cost-basic-long-history-v1-recent-48m,V3-F02-COVID_ONSET,xgboost,0.1,0.014216473757839935,0.41042866282789503,0.0,0.0,0.0,0.011367766719713079,0.010568250717958432,0.0,527,6,DESCRIPTIVE_ONLY,PROTOTYPE_RESEARCH_OVERRIDE,MACHINE_PROVISIONAL
C2,3,cost-basic-long-history-v1-recent-48m,V3-F02-COVID_ONSET,equal_soft_vote,0.1,0.014837385377191172,0.5078374920025592,0.0,0.0,0.0,0.011427980641092775,0.011521649377194894,0.0,527,6,DESCRIPTIVE_ONLY,PROTOTYPE_RESEARCH_OVERRIDE,MACHINE_PROVISIONAL
C2,3,cost-basic-long-history-v1-recent-48m,V3-F03-COVID_LATE,rule,0.30000000000000004,0.017860542106352163,0.4738140417457305,0.014814814814814815,0.2,25.23719165085389,0.19378491620111732,0.3570763500931099,0.25139664804469275,537,10,DESCRIPTIVE_ONLY,PROTOTYPE_RESEARCH_OVERRIDE,MACHINE_PROVISIONAL
C2,3,cost-basic-long-history-v1-recent-48m,V3-F03-COVID_LATE,logistic_regression,0.1,0.033346056233623134,0.5521821631878557,0.0,0.0,0.0,0.018305275725294584,0.005637821500027184,0.0,537,10,DESCRIPTIVE_ONLY,PROTOTYPE_RESEARCH_OVERRIDE,MACHINE_PROVISIONAL
C2,3,cost-basic-long-history-v1-recent-48m,V3-F03-COVID_LATE,hist_gradient_boosting,0.30000000000000004,0.019772974489963444,0.5135673624288425,0.0,0.0,0.0,0.018815287246706933,0.007383403130330453,0.0,537,10,DESCRIPTIVE_ONLY,PROTOTYPE_RESEARCH_OVERRIDE,MACHINE_PROVISIONAL
C2,3,cost-basic-long-history-v1-recent-48m,V3-F03-COVID_LATE,random_forest,0.1,0.01970047058705644,0.5055028462998102,0.0,0.0,0.7590132827324478,0.018628390386429487,0.007638196420169643,0.0074487895716946,537,10,DESCRIPTIVE_ONLY,PROTOTYPE_RESEARCH_OVERRIDE,MACHINE_PROVISIONAL
C2,3,cost-basic-long-history-v1-recent-48m,V3-F03-COVID_LATE,xgboost,0.25,0.012293773051984171,0.20151802656546491,0.0,0.0,0.0,0.01955544609089858,0.012957498170082979,0.0,537,10,DESCRIPTIVE_ONLY,PROTOTYPE_RESEARCH_OVERRIDE,MACHINE_PROVISIONAL
C2,3,cost-basic-long-history-v1-recent-48m,V3-F03-COVID_LATE,equal_soft_vote,0.25,0.015760176143366035,0.38975332068311197,0.0,0.0,0.0,0.018910481878739453,0.008933725281503888,0.0,537,10,DESCRIPTIVE_ONLY,PROTOTYPE_RESEARCH_OVERRIDE,MACHINE_PROVISIONAL
C2,3,cost-basic-long-history-v1-recent-48m,V3-F04-COVID_2021_H1,rule,0.1,0.010292201417275049,0.46899563318777293,0.01079913606911447,1.0,100.0,0.19640928725701945,0.3698704103671706,1.0,463,5,DESCRIPTIVE_ONLY,PROTOTYPE_RESEARCH_OVERRIDE,MACHINE_PROVISIONAL
C2,3,cost-basic-long-history-v1-recent-48m,V3-F04-COVID_2021_H1,logistic_regression,0.1,0.2067969014279694,0.2903930131004367,1.0,0.2,0.0,0.008927201725313895,0.012523619576633418,0.0021598272138228943,463,5,DESCRIPTIVE_ONLY,PROTOTYPE_RESEARCH_OVERRIDE,MACHINE_PROVISIONAL
C2,3,cost-basic-long-history-v1-recent-48m,V3-F04-COVID_2021_H1,hist_gradient_boosting,0.1,0.01028304752365657,0.3951965065502183,0.0,0.0,0.0,0.010870220938049544,0.012116931973403166,0.0,463,5,DESCRIPTIVE_ONLY,PROTOTYPE_RESEARCH_OVERRIDE,MACHINE_PROVISIONAL
C2,3,cost-basic-long-history-v1-recent-48m,V3-F04-COVID_2021_H1,random_forest,0.1,0.01947304276833904,0.6908296943231441,0.0,0.0,0.0,0.010819115589376496,0.012838745075910254,0.0,463,5,DESCRIPTIVE_ONLY,PROTOTYPE_RESEARCH_OVERRIDE,MACHINE_PROVISIONAL
C2,3,cost-basic-long-history-v1-recent-48m,V3-F04-COVID_2021_H1,xgboost,0.1,0.012486147762505012,0.5100436681222708,0.0,0.0,0.0,0.01122979875506361,0.014002176875849382,0.0,463,5,DESCRIPTIVE_ONLY,PROTOTYPE_RESEARCH_OVERRIDE,MACHINE_PROVISIONAL
C2,3,cost-basic-long-history-v1-recent-48m,V3-F04-COVID_2021_H1,equal_soft_vote,0.1,0.014549184524858772,0.5781659388646289,0.0,0.0,0.0,0.010872693930631354,0.012985951308387597,0.0,463,5,DESCRIPTIVE_ONLY,PROTOTYPE_RESEARCH_OVERRIDE,MACHINE_PROVISIONAL
C2,3,cost-basic-long-history-v1-recent-48m,V3-F07-OCMS_RESTART,rule,0.30000000000000004,0.04911889404625555,0.5760399334442595,0.06289308176100629,0.4,24.792013311148086,0.19349041533546327,0.33706070287539935,0.2539936102236422,626,25,DESCRIPTIVE_ONLY,PROTOTYPE_RESEARCH_OVERRIDE,MACHINE_PROVISIONAL
C2,3,cost-basic-long-history-v1-recent-48m,V3-F07-OCMS_RESTART,logistic_regression,0.1,0.176550280330475,0.7011647254575707,0.12790697674418605,0.44,12.479201331114808,0.037666455610499215,0.01745565765861832,0.13738019169329074,626,25,DESCRIPTIVE_ONLY,PROTOTYPE_RESEARCH_OVERRIDE,MACHINE_PROVISIONAL
C2,3,cost-basic-long-history-v1-recent-48m,V3-F07-OCMS_RESTART,hist_gradient_boosting,0.15000000000000002,0.06132473617766811,0.5192678868552414,0.11538461538461539,0.12,3.826955074875208,0.039183038845883984,0.015612649934950144,0.04153354632587859,626,25,DESCRIPTIVE_ONLY,PROTOTYPE_RESEARCH_OVERRIDE,MACHINE_PROVISIONAL
C2,3,cost-basic-long-history-v1-recent-48m,V3-F07-OCMS_RESTART,random_forest,0.1,0.05029118004808506,0.5975374376039934,0.058333333333333334,0.28,18.80199667221298,0.04038353973237185,0.021122544815463093,0.19169329073482427,626,25,DESCRIPTIVE_ONLY,PROTOTYPE_RESEARCH_OVERRIDE,MACHINE_PROVISIONAL
C2,3,cost-basic-long-history-v1-recent-48m,V3-F07-OCMS_RESTART,xgboost,0.15000000000000002,0.08289536806894365,0.5810316139767056,0.1388888888888889,0.2,5.158069883527454,0.03946106139036766,0.019425081565438568,0.05750798722044728,626,25,DESCRIPTIVE_ONLY,PROTOTYPE_RESEARCH_OVERRIDE,MACHINE_PROVISIONAL
C2,3,cost-basic-long-history-v1-recent-48m,V3-F07-OCMS_RESTART,equal_soft_vote,0.15000000000000002,0.061974766678406734,0.5956738768718801,0.10714285714285714,0.12,4.159733777038269,0.03938541768662705,0.018498988343759723,0.04472843450479233,626,25,DESCRIPTIVE_ONLY,PROTOTYPE_RESEARCH_OVERRIDE,MACHINE_PROVISIONAL
C2,3,cost-basic-long-history-v1-recent-48m,V3-F08-PAIMANA_TRANSITION,rule,0.30000000000000004,0.04957375833951075,0.4427083333333333,0.028169014084507043,0.125,23.958333333333332,0.19901315789473684,0.3141447368421053,0.23355263157894737,608,32,DESCRIPTIVE_ONLY,PROTOTYPE_RESEARCH_OVERRIDE,MACHINE_PROVISIONAL
C2,3,cost-basic-long-history-v1-recent-48m,V3-F08-PAIMANA_TRANSITION,logistic_regression,0.1,0.07224604235103094,0.6291775173611112,0.0,0.0,0.0,0.050615880845071314,0.028545613911724402,0.0,608,32,DESCRIPTIVE_ONLY,PROTOTYPE_RESEARCH_OVERRIDE,MACHINE_PROVISIONAL
C2,3,cost-basic-long-history-v1-recent-48m,V3-F08-PAIMANA_TRANSITION,hist_gradient_boosting,0.1,0.06346702529790513,0.45857747395833337,0.0,0.0,0.0,0.05085405936833951,0.03001201976488624,0.0,608,32,DESCRIPTIVE_ONLY,PROTOTYPE_RESEARCH_OVERRIDE,MACHINE_PROVISIONAL
C2,3,cost-basic-long-history-v1-recent-48m,V3-F08-PAIMANA_TRANSITION,random_forest,0.1,0.06619587142988259,0.3595377604166667,0.0,0.0,0.0,0.05111772721747834,0.031819682970020406,0.0,608,32,DESCRIPTIVE_ONLY,PROTOTYPE_RESEARCH_OVERRIDE,MACHINE_PROVISIONAL
C2,3,cost-basic-long-history-v1-recent-48m,V3-F08-PAIMANA_TRANSITION,xgboost,0.1,0.07884959619322517,0.3644476996527778,0.0,0.0,0.0,0.05119140901716147,0.03206935175478402,0.0,608,32,DESCRIPTIVE_ONLY,PROTOTYPE_RESEARCH_OVERRIDE,MACHINE_PROVISIONAL
C2,3,cost-basic-long-history-v1-recent-48m,V3-F08-PAIMANA_TRANSITION,equal_soft_vote,0.1,0.0671152602986312,0.3649088541666667,0.0,0.0,0.0,0.051038173996830534,0.03130035149656356,0.0,608,32,DESCRIPTIVE_ONLY,PROTOTYPE_RESEARCH_OVERRIDE,MACHINE_PROVISIONAL
C2,3,cost-basic-long-history-v1-recent-48m,V3-F09-RECENT_2025,rule,0.1,0.06656106656106656,0.5535517114464483,0.05855855855855856,1.0,100.0,0.21114864864864866,0.33333333333333337,1.0,222,13,DESCRIPTIVE_ONLY,PROTOTYPE_RESEARCH_OVERRIDE,MACHINE_PROVISIONAL
C2,3,cost-basic-long-history-v1-recent-48m,V3-F09-RECENT_2025,logistic_regression,0.1,0.1196908010721502,0.7434670592565329,0.0,0.0,3.827751196172249,0.054746028450382664,0.020721022424502297,0.036036036036036036,222,13,DESCRIPTIVE_ONLY,PROTOTYPE_RESEARCH_OVERRIDE,MACHINE_PROVISIONAL
C2,3,cost-basic-long-history-v1-recent-48m,V3-F09-RECENT_2025,hist_gradient_boosting,0.1,0.049880468094849376,0.40780272359219727,0.0,0.0,1.4354066985645932,0.056776249435943026,0.01415628668350892,0.013513513513513514,222,13,DESCRIPTIVE_ONLY,PROTOTYPE_RESEARCH_OVERRIDE,MACHINE_PROVISIONAL
C2,3,cost-basic-long-history-v1-recent-48m,V3-F09-RECENT_2025,random_forest,0.1,0.04868338276970663,0.39418476260581525,0.0,0.0,0.0,0.05586396946440398,0.009983328664972806,0.0,222,13,DESCRIPTIVE_ONLY,PROTOTYPE_RESEARCH_OVERRIDE,MACHINE_PROVISIONAL
C2,3,cost-basic-long-history-v1-recent-48m,V3-F09-RECENT_2025,xgboost,0.1,0.05887979546045352,0.4214206845785794,0.0,0.0,0.0,0.056418891797331214,0.02023401295491177,0.0,222,13,DESCRIPTIVE_ONLY,PROTOTYPE_RESEARCH_OVERRIDE,MACHINE_PROVISIONAL
C2,3,cost-basic-long-history-v1-recent-48m,V3-F09-RECENT_2025,equal_soft_vote,0.1,0.04848498216271745,0.4008097165991903,0.0,0.0,0.0,0.05624029949628801,0.013878289079558091,0.0,222,13,DESCRIPTIVE_ONLY,PROTOTYPE_RESEARCH_OVERRIDE,MACHINE_PROVISIONAL
C2,3,cost-basic-long-history-v1-recent-48m,V3-F10-RECENT_2026,rule,0.1,0.00702576112412178,0.36969339622641506,0.00702576112412178,1.0,100.0,0.195403981264637,0.3723653395784544,1.0,854,6,DESCRIPTIVE_ONLY,PROTOTYPE_RESEARCH_OVERRIDE,MACHINE_PROVISIONAL
C2,3,cost-basic-long-history-v1-recent-48m,V3-F10-RECENT_2026,logistic_regression,0.1,0.022429080990693677,0.8052279874213837,0.015384615384615385,0.5,22.641509433962263,0.017724462248669404,0.06691724701113688,0.22833723653395785,854,6,DESCRIPTIVE_ONLY,PROTOTYPE_RESEARCH_OVERRIDE,MACHINE_PROVISIONAL
C2,3,cost-basic-long-history-v1-recent-48m,V3-F10-RECENT_2026,hist_gradient_boosting,0.1,0.0064801904633308306,0.4040880503144654,0.0,0.0,16.037735849056602,0.013513858381940379,0.07965068554548496,0.1592505854800937,854,6,DESCRIPTIVE_ONLY,PROTOTYPE_RESEARCH_OVERRIDE,MACHINE_PROVISIONAL
C2,3,cost-basic-long-history-v1-recent-48m,V3-F10-RECENT_2026,random_forest,0.1,0.012421437919629047,0.6935927672955975,0.013157894736842105,0.6666666666666666,35.37735849056604,0.01501861951552804,0.08881198755535166,0.3559718969555035,854,6,DESCRIPTIVE_ONLY,PROTOTYPE_RESEARCH_OVERRIDE,MACHINE_PROVISIONAL
C2,3,cost-basic-long-history-v1-recent-48m,V3-F10-RECENT_2026,xgboost,0.1,0.006533083402873519,0.4054638364779874,0.0,0.0,0.0,0.01323833886875623,0.07892570266345535,0.0,854,6,DESCRIPTIVE_ONLY,PROTOTYPE_RESEARCH_OVERRIDE,MACHINE_PROVISIONAL
C2,3,cost-basic-long-history-v1-recent-48m,V3-F10-RECENT_2026,equal_soft_vote,0.1,0.009401369200725925,0.5923742138364779,0.0,0.0,0.1179245283018868,0.013777738469943684,0.08246279192143063,0.00117096018735363,854,6,DESCRIPTIVE_ONLY,PROTOTYPE_RESEARCH_OVERRIDE,MACHINE_PROVISIONAL
