canonical_project_id,observations,first_month,last_month,original_cost_change_count,classification
PRH-020100044,74,2018-01,2024-09,0,CONSISTENT
PRH-060100092,29,2018-01,2020-06,0,CONSISTENT
PRH-108841,1,2026-06,2026-06,0,CONSISTENT
PRH-180100078,34,2019-06,2022-03,0,CONSISTENT
PRH-180100210,80,2018-01,2025-04,0,CONSISTENT
PRH-180100239,40,2018-01,2021-05,0,CONSISTENT
PRH-180100242,82,2018-01,2025-06,0,CONSISTENT
PRH-180100258,23,2018-01,2019-12,0,CONSISTENT
PRH-220100007,16,2018-01,2019-05,0,CONSISTENT
PRH-220100106,12,2018-01,2018-12,0,CONSISTENT
PRH-220100118,16,2018-01,2019-05,0,CONSISTENT
PRH-220100133,80,2018-01,2025-04,1,UNRESOLVED_TARGET_CENSORED
PRH-220100135,48,2018-01,2022-01,1,UNRESOLVED_TARGET_CENSORED
PRH-220100149,16,2018-01,2019-05,1,UNRESOLVED_TARGET_CENSORED
PRH-220100151,16,2018-01,2019-05,0,CONSISTENT
PRH-220100164,61,2018-01,2023-05,0,CONSISTENT
PRH-220100168,16,2018-01,2019-05,1,UNRESOLVED_TARGET_CENSORED
PRH-220100184,74,2018-01,2024-09,0,CONSISTENT
PRH-220100186,43,2018-01,2021-08,1,UNRESOLVED_TARGET_CENSORED
PRH-220100191,16,2018-01,2019-05,0,CONSISTENT
PRH-220100192,43,2018-01,2021-08,1,UNRESOLVED_TARGET_CENSORED
PRH-220100193,65,2018-01,2023-09,1,UNRESOLVED_TARGET_CENSORED
PRH-220100197,1,2018-01,2018-01,0,CONSISTENT
PRH-220100201,11,2018-01,2018-11,1,UNRESOLVED_TARGET_CENSORED
PRH-220100205,70,2018-01,2024-03,1,UNRESOLVED_TARGET_CENSORED
PRH-220100208,48,2018-01,2022-01,0,CONSISTENT
PRH-220100214,5,2018-01,2018-05,0,CONSISTENT
PRH-220100220,36,2018-01,2022-01,1,UNRESOLVED_TARGET_CENSORED
PRH-220100222,53,2018-09,2023-05,0,CONSISTENT
PRH-220100240,74,2018-01,2024-09,1,UNRESOLVED_TARGET_CENSORED
PRH-220100243,16,2018-01,2019-05,0,CONSISTENT
PRH-220100247,16,2018-01,2019-05,1,UNRESOLVED_TARGET_CENSORED
PRH-220100252,51,2018-01,2022-05,1,UNRESOLVED_TARGET_CENSORED
PRH-220100256,16,2018-01,2019-05,0,CONSISTENT
PRH-220100258,16,2018-01,2019-05,0,CONSISTENT
PRH-220100262,36,2018-09,2022-05,0,CONSISTENT
PRH-220100263,16,2018-01,2019-05,0,CONSISTENT
PRH-220100266,48,2018-01,2022-01,1,UNRESOLVED_TARGET_CENSORED
PRH-220100268,48,2018-01,2022-01,0,CONSISTENT
PRH-220100270,4,2018-01,2018-04,0,CONSISTENT
PRH-220100273,48,2018-01,2022-01,2,UNRESOLVED_TARGET_CENSORED
PRH-220100274,51,2018-01,2022-05,1,UNRESOLVED_TARGET_CENSORED
PRH-220100280,16,2018-01,2019-05,0,CONSISTENT
PRH-220100285,43,2018-01,2021-08,1,UNRESOLVED_TARGET_CENSORED
PRH-220100286,1,2018-01,2018-01,0,CONSISTENT
PRH-220100304,48,2018-01,2022-01,1,UNRESOLVED_TARGET_CENSORED
PRH-220100311,43,2018-01,2021-08,0,CONSISTENT
PRH-220100316,16,2018-01,2019-05,0,CONSISTENT
PRH-220100317,48,2018-01,2022-01,0,CONSISTENT
PRH-220100318,43,2018-01,2021-08,0,CONSISTENT
PRH-220100319,48,2018-01,2022-01,0,CONSISTENT
PRH-220100324,43,2018-01,2021-08,0,CONSISTENT
PRH-220100325,61,2018-01,2023-05,1,UNRESOLVED_TARGET_CENSORED
PRH-220100327,65,2018-01,2023-09,0,CONSISTENT
PRH-220100329,1,2018-01,2018-01,0,CONSISTENT
PRH-222253,1,2026-06,2026-06,0,CONSISTENT
PRH-240106277,48,2018-01,2022-01,0,CONSISTENT
PRH-240106278,49,2018-01,2022-02,0,CONSISTENT
PRH-240106279,49,2018-01,2022-02,0,CONSISTENT
PRH-240106280,49,2018-01,2022-02,0,CONSISTENT
PRH-240106281,11,2018-01,2018-11,0,CONSISTENT
PRH-250100175,18,2018-01,2019-07,0,CONSISTENT
PRH-400005,41,2022-08,2026-04,0,CONSISTENT
PRH-400006,7,2025-12,2026-06,0,CONSISTENT
PRH-400010,77,2019-07,2026-06,2,UNRESOLVED_TARGET_CENSORED
PRH-400012,12,2025-07,2026-06,0,CONSISTENT
PRH-400013,12,2025-07,2026-06,0,CONSISTENT
PRH-400018,22,2024-08,2026-06,0,CONSISTENT
PRH-400019,31,2023-08,2026-06,0,CONSISTENT
PRH-400022,31,2023-08,2026-06,1,UNRESOLVED_TARGET_CENSORED
PRH-400023,30,2023-08,2026-06,1,UNRESOLVED_TARGET_CENSORED
PRH-400033,43,2022-08,2026-06,1,UNRESOLVED_TARGET_CENSORED
PRH-400035,32,2023-06,2026-05,0,CONSISTENT
PRH-400043,42,2022-09,2026-06,0,CONSISTENT
PRH-400045,12,2025-07,2026-06,0,CONSISTENT
PRH-400047,7,2025-12,2026-06,0,CONSISTENT
PRH-400048,7,2025-12,2026-06,0,CONSISTENT
PRH-400062,12,2025-07,2026-06,0,CONSISTENT
PRH-400065,5,2025-07,2025-11,0,CONSISTENT
PRH-400073,45,2022-03,2026-06,0,CONSISTENT
PRH-400074,45,2022-03,2026-06,0,CONSISTENT
PRH-400077,41,2022-03,2026-02,0,CONSISTENT
PRH-400078,47,2022-01,2026-06,0,CONSISTENT
PRH-400081,9,2025-10,2026-06,0,CONSISTENT
PRH-400087,49,2021-11,2026-06,0,CONSISTENT
PRH-400093,10,2025-07,2026-04,0,CONSISTENT
PRH-400094,1,2025-07,2025-07,0,CONSISTENT
PRH-400095,10,2025-07,2026-04,0,CONSISTENT
PRH-400096,10,2025-07,2026-04,0,CONSISTENT
PRH-400097,10,2025-07,2026-04,0,CONSISTENT
PRH-400100,12,2025-07,2026-06,0,CONSISTENT
PRH-400101,12,2025-07,2026-06,0,CONSISTENT
PRH-400102,12,2025-07,2026-06,0,CONSISTENT
PRH-400103,12,2025-07,2026-06,0,CONSISTENT
PRH-400104,9,2025-07,2026-03,0,CONSISTENT
PRH-400105,10,2025-07,2026-04,0,CONSISTENT
PRH-400107,10,2025-07,2026-04,0,CONSISTENT
PRH-400109,10,2025-07,2026-04,0,CONSISTENT
PRH-400111,12,2025-07,2026-06,0,CONSISTENT
PRH-400112,10,2025-07,2026-04,0,CONSISTENT
PRH-400115,12,2025-07,2026-06,0,CONSISTENT
PRH-400116,12,2025-07,2026-06,0,CONSISTENT
PRH-400117,2,2025-07,2025-08,0,CONSISTENT
PRH-400119,94,2018-01,2026-06,0,CONSISTENT
PRH-400120,94,2018-01,2026-06,0,CONSISTENT
PRH-400121,17,2025-01,2026-06,0,CONSISTENT
PRH-400136,12,2025-07,2026-06,0,CONSISTENT
PRH-400138,45,2022-03,2026-06,0,CONSISTENT
PRH-400139,45,2022-03,2026-06,1,UNRESOLVED_TARGET_CENSORED
PRH-400141,94,2018-01,2026-06,1,UNRESOLVED_TARGET_CENSORED
PRH-400142,63,2020-09,2026-06,1,UNRESOLVED_TARGET_CENSORED
PRH-400144,58,2021-02,2026-06,0,CONSISTENT
PRH-400145,5,2025-07,2025-11,0,CONSISTENT
PRH-400147,3,2025-07,2025-09,0,CONSISTENT
PRH-400148,94,2018-01,2026-06,0,CONSISTENT
PRH-400149,58,2021-02,2026-06,0,CONSISTENT
PRH-400150,46,2022-02,2026-06,0,CONSISTENT
PRH-400151,46,2022-02,2026-06,0,CONSISTENT
PRH-400152,42,2022-02,2026-02,0,CONSISTENT
PRH-400153,45,2022-03,2026-06,0,CONSISTENT
PRH-400154,45,2022-03,2026-06,0,CONSISTENT
PRH-400155,45,2022-03,2026-06,0,CONSISTENT
PRH-400156,46,2022-02,2026-06,0,CONSISTENT
PRH-400158,5,2025-07,2025-11,0,CONSISTENT
PRH-400160,94,2018-01,2026-06,0,CONSISTENT
PRH-400161,7,2025-07,2026-01,0,CONSISTENT
PRH-400162,76,2019-08,2026-06,0,CONSISTENT
PRH-400165,45,2022-03,2026-06,0,CONSISTENT
PRH-400166,94,2018-01,2026-06,1,UNRESOLVED_TARGET_CENSORED
PRH-400167,94,2018-01,2026-06,0,CONSISTENT
PRH-400168,51,2021-09,2026-06,0,CONSISTENT
PRH-400169,51,2021-09,2026-06,0,CONSISTENT
PRH-400171,60,2020-12,2026-06,0,CONSISTENT
PRH-400172,82,2019-01,2026-06,0,CONSISTENT
PRH-400173,45,2022-03,2026-06,0,CONSISTENT
PRH-400174,94,2018-01,2026-06,0,CONSISTENT
PRH-400177,94,2018-01,2026-06,0,CONSISTENT
PRH-400178,46,2022-02,2026-06,1,UNRESOLVED_TARGET_CENSORED
PRH-400179,1,2025-07,2025-07,0,CONSISTENT
PRH-400180,45,2022-03,2026-06,0,CONSISTENT
PRH-400181,80,2019-04,2026-06,0,CONSISTENT
PRH-400182,84,2018-09,2026-04,0,CONSISTENT
PRH-400183,46,2022-02,2026-06,0,CONSISTENT
PRH-400185,46,2022-02,2026-06,1,UNRESOLVED_TARGET_CENSORED
PRH-400186,22,2024-08,2026-06,0,CONSISTENT
PRH-400187,83,2018-12,2026-06,0,CONSISTENT
PRH-400188,12,2025-07,2026-06,0,CONSISTENT
PRH-400192,12,2025-07,2026-06,0,CONSISTENT
PRH-400203,12,2025-07,2026-06,0,CONSISTENT
PRH-400204,31,2023-08,2026-06,1,UNRESOLVED_TARGET_CENSORED
PRH-400205,31,2023-08,2026-06,0,CONSISTENT
PRH-400220,86,2018-09,2026-06,0,CONSISTENT
PRH-400223,31,2023-08,2026-06,0,CONSISTENT
PRH-400231,27,2024-01,2026-06,0,CONSISTENT
PRH-400232,31,2023-08,2026-06,1,UNRESOLVED_TARGET_CENSORED
PRH-400234,6,2025-07,2025-12,0,CONSISTENT
PRH-400235,6,2025-07,2025-12,0,CONSISTENT
PRH-400247,31,2023-08,2026-06,1,UNRESOLVED_TARGET_CENSORED
PRH-400253,94,2018-01,2026-06,1,UNRESOLVED_TARGET_CENSORED
PRH-400254,12,2025-07,2026-06,0,CONSISTENT
PRH-400259,92,2018-01,2026-04,0,CONSISTENT
PRH-400261,79,2019-05,2026-06,1,UNRESOLVED_TARGET_CENSORED
PRH-400271,94,2018-01,2026-06,2,UNRESOLVED_TARGET_CENSORED
PRH-400273,94,2018-01,2026-06,2,UNRESOLVED_TARGET_CENSORED
PRH-400275,94,2018-01,2026-06,2,UNRESOLVED_TARGET_CENSORED
PRH-400277,94,2018-01,2026-06,1,UNRESOLVED_TARGET_CENSORED
PRH-400280,94,2018-01,2026-06,1,UNRESOLVED_TARGET_CENSORED
PRH-400291,94,2018-01,2026-06,3,UNRESOLVED_TARGET_CENSORED
PRH-400298,88,2018-01,2026-06,2,UNRESOLVED_TARGET_CENSORED
PRH-400299,43,2022-08,2026-06,0,CONSISTENT
PRH-400301,94,2018-01,2026-06,0,CONSISTENT
PRH-400312,46,2022-02,2026-06,0,CONSISTENT
PRH-400313,81,2018-09,2026-03,0,CONSISTENT
PRH-400315,46,2022-02,2026-06,0,CONSISTENT
PRH-400321,60,2020-12,2026-06,0,CONSISTENT
PRH-400352,45,2022-03,2026-06,0,CONSISTENT
PRH-400353,50,2021-10,2026-06,1,UNRESOLVED_TARGET_CENSORED
PRH-400354,58,2021-02,2026-06,0,CONSISTENT
PRH-400369,63,2020-09,2026-06,0,CONSISTENT
PRH-400382,10,2025-09,2026-06,0,CONSISTENT
PRH-400392,80,2019-04,2026-06,0,CONSISTENT
PRH-400416,12,2025-07,2026-06,0,CONSISTENT
PRH-400424,94,2018-01,2026-06,0,CONSISTENT
PRH-400425,94,2018-01,2026-06,0,CONSISTENT
PRH-400426,12,2025-07,2026-06,0,CONSISTENT
PRH-400429,1,2025-07,2025-07,0,CONSISTENT
PRH-601812,3,2026-04,2026-06,0,CONSISTENT
PRH-602096,94,2018-01,2026-06,0,CONSISTENT
PRH-602098,74,2019-10,2026-06,1,UNRESOLVED_TARGET_CENSORED
PRH-602099,60,2020-12,2026-06,0,CONSISTENT
PRH-602181,45,2022-03,2026-06,0,CONSISTENT
PRH-602182,34,2023-05,2026-06,0,CONSISTENT
PRH-602184,94,2018-01,2026-06,0,CONSISTENT
PRH-602185,94,2018-01,2026-06,0,CONSISTENT
PRH-602193,71,2018-01,2026-02,0,CONSISTENT
PRH-602194,5,2025-07,2025-11,0,CONSISTENT
PRH-602195,93,2018-01,2026-06,0,CONSISTENT
PRH-602223,94,2018-01,2026-06,0,CONSISTENT
PRH-602525,79,2018-01,2026-06,0,CONSISTENT
PRH-602532,57,2019-09,2026-06,0,CONSISTENT
PRH-602535,45,2022-03,2026-06,0,CONSISTENT
PRH-602538,12,2025-07,2026-06,0,CONSISTENT
PRH-602579,94,2018-01,2026-06,1,UNRESOLVED_TARGET_CENSORED
PRH-602582,55,2021-05,2026-06,0,CONSISTENT
PRH-602593,60,2020-12,2026-06,0,CONSISTENT
PRH-602633,8,2025-07,2026-02,0,CONSISTENT
PRH-602792,31,2023-08,2026-06,0,CONSISTENT
PRH-602797,19,2024-11,2026-06,0,CONSISTENT
PRH-602961,34,2023-05,2026-06,0,CONSISTENT
PRH-603210,2,2026-05,2026-06,0,CONSISTENT
PRH-603293,31,2023-08,2026-06,0,CONSISTENT
PRH-603945,12,2025-07,2026-06,0,CONSISTENT
PRH-604791,72,2019-12,2026-06,1,UNRESOLVED_TARGET_CENSORED
PRH-604792,2,2025-07,2025-08,0,CONSISTENT
PRH-604795,47,2022-01,2026-06,0,CONSISTENT
PRH-604833,29,2023-10,2026-06,0,CONSISTENT
PRH-604852,29,2023-10,2026-06,0,CONSISTENT
PRH-604853,74,2019-10,2026-06,0,CONSISTENT
PRH-604859,64,2020-08,2026-06,0,CONSISTENT
PRH-604863,89,2018-06,2026-06,0,CONSISTENT
PRH-605155,34,2023-05,2026-06,0,CONSISTENT
PRH-605156,45,2022-03,2026-06,0,CONSISTENT
PRH-605292,65,2020-07,2026-06,0,CONSISTENT
PRH-606013,12,2025-07,2026-06,0,CONSISTENT
PRH-606112,12,2025-07,2026-06,0,CONSISTENT
PRH-606431,68,2020-04,2026-06,0,CONSISTENT
PRH-606479,12,2025-07,2026-06,0,CONSISTENT
PRH-606781,4,2025-07,2025-10,0,CONSISTENT
PRH-607653,3,2026-04,2026-06,0,CONSISTENT
PRH-607701,49,2021-09,2026-04,0,CONSISTENT
PRH-607709,94,2018-01,2026-06,0,CONSISTENT
PRH-608301,4,2025-07,2025-10,0,CONSISTENT
PRH-608302,4,2025-07,2025-10,0,CONSISTENT
PRH-608922,4,2025-07,2025-10,0,CONSISTENT
PRH-609019,64,2020-08,2026-06,0,CONSISTENT
PRH-609041,2,2025-07,2025-08,0,CONSISTENT
PRH-609424,12,2025-07,2026-06,0,CONSISTENT
PRH-609736,37,2023-02,2026-06,0,CONSISTENT
PRH-609996,12,2025-07,2026-06,0,CONSISTENT
PRH-610315,78,2019-06,2026-06,0,CONSISTENT
PRH-610940,5,2025-07,2025-11,0,CONSISTENT
PRH-610984,44,2022-05,2026-06,0,CONSISTENT
PRH-610985,5,2025-07,2025-11,0,CONSISTENT
PRH-611016,60,2020-10,2026-04,2,UNRESOLVED_TARGET_CENSORED
PRH-611017,60,2020-10,2026-04,1,UNRESOLVED_TARGET_CENSORED
PRH-611047,26,2024-02,2026-06,0,CONSISTENT
PRH-611142,7,2025-09,2026-03,0,CONSISTENT
PRH-611440,1,2025-07,2025-07,0,CONSISTENT
PRH-611452,94,2018-01,2026-06,1,UNRESOLVED_TARGET_CENSORED
PRH-611495,20,2024-10,2026-06,0,CONSISTENT
PRH-611509,12,2025-07,2026-06,0,CONSISTENT
PRH-611570,12,2025-07,2026-06,0,CONSISTENT
PRH-611586,38,2023-01,2026-06,0,CONSISTENT
PRH-611602,12,2025-07,2026-06,0,CONSISTENT
PRH-611614,5,2025-07,2025-11,0,CONSISTENT
PRH-611615,4,2025-07,2025-11,0,CONSISTENT
PRH-611656,4,2025-07,2025-10,0,CONSISTENT
PRH-611657,6,2025-07,2025-12,0,CONSISTENT
PRH-611659,5,2025-07,2025-11,0,CONSISTENT
PRH-611660,4,2025-07,2025-10,0,CONSISTENT
PRH-611669,12,2025-07,2026-06,0,CONSISTENT
PRH-611698,12,2025-07,2026-06,0,CONSISTENT
PRH-611699,12,2025-07,2026-06,0,CONSISTENT
PRH-611716,3,2026-04,2026-06,0,CONSISTENT
PRH-611735,26,2024-02,2026-06,0,CONSISTENT
PRH-611737,4,2025-07,2025-10,0,CONSISTENT
PRH-611751,12,2025-07,2026-06,0,CONSISTENT
PRH-611752,30,2023-08,2026-05,0,CONSISTENT
PRH-611754,12,2025-07,2026-06,0,CONSISTENT
PRH-611798,4,2025-07,2025-10,0,CONSISTENT
PRH-611800,4,2025-07,2025-10,0,CONSISTENT
PRH-611849,28,2023-08,2026-03,0,CONSISTENT
PRH-611855,6,2026-01,2026-06,0,CONSISTENT
PRH-611861,31,2023-08,2026-06,0,CONSISTENT
PRH-611864,22,2024-08,2026-06,0,CONSISTENT
PRH-611884,31,2023-08,2026-06,0,CONSISTENT
PRH-611917,41,2022-10,2026-06,0,CONSISTENT
PRH-611918,12,2025-07,2026-06,0,CONSISTENT
PRH-611927,12,2025-07,2026-06,0,CONSISTENT
PRH-611929,12,2025-07,2026-06,0,CONSISTENT
PRH-611930,24,2024-06,2026-06,0,CONSISTENT
PRH-611937,5,2025-07,2025-11,0,CONSISTENT
PRH-611938,3,2025-07,2025-09,0,CONSISTENT
PRH-611939,3,2025-07,2025-09,0,CONSISTENT
PRH-611943,31,2023-08,2026-06,0,CONSISTENT
PRH-611944,7,2025-07,2026-01,0,CONSISTENT
PRH-611945,31,2023-08,2026-06,0,CONSISTENT
PRH-611947,24,2024-02,2026-04,0,CONSISTENT
PRH-611948,25,2024-02,2026-05,0,CONSISTENT
PRH-611949,26,2024-02,2026-06,0,CONSISTENT
PRH-611950,7,2025-07,2026-01,0,CONSISTENT
PRH-611951,26,2023-10,2026-03,0,CONSISTENT
PRH-611957,12,2025-07,2026-06,0,CONSISTENT
PRH-611961,3,2026-04,2026-06,0,CONSISTENT
PRH-611963,12,2025-07,2026-06,0,CONSISTENT
PRH-611966,26,2024-02,2026-06,0,CONSISTENT
PRH-611967,25,2024-02,2026-05,0,CONSISTENT
PRH-611969,2,2025-07,2025-08,0,CONSISTENT
PRH-611970,31,2023-08,2026-06,1,UNRESOLVED_TARGET_CENSORED
PRH-611971,31,2023-08,2026-06,0,CONSISTENT
PRH-611972,2,2025-07,2025-08,0,CONSISTENT
PRH-611973,2,2025-07,2025-08,0,CONSISTENT
PRH-611974,12,2025-07,2026-06,0,CONSISTENT
PRH-611975,2,2025-07,2025-08,0,CONSISTENT
PRH-611976,2,2025-07,2025-08,0,CONSISTENT
PRH-611977,12,2025-07,2026-06,0,CONSISTENT
PRH-611978,12,2025-07,2026-06,0,CONSISTENT
PRH-611979,12,2025-07,2026-06,0,CONSISTENT
PRH-611980,2,2025-07,2025-08,0,CONSISTENT
PRH-612063,5,2025-07,2025-11,0,CONSISTENT
PRH-612066,2,2026-05,2026-06,0,CONSISTENT
PRH-612068,2,2026-05,2026-06,0,CONSISTENT
PRH-612072,31,2023-08,2026-06,0,CONSISTENT
PRH-612096,94,2018-01,2026-06,1,UNRESOLVED_TARGET_CENSORED
PRH-612128,12,2025-07,2026-06,0,CONSISTENT
PRH-612132,24,2024-06,2026-06,0,CONSISTENT
PRH-612133,24,2024-06,2026-06,0,CONSISTENT
PRH-612134,24,2024-06,2026-06,0,CONSISTENT
PRH-612135,5,2025-07,2025-11,0,CONSISTENT
PRH-612138,24,2024-06,2026-06,0,CONSISTENT
PRH-612139,24,2024-06,2026-06,0,CONSISTENT
PRH-612140,24,2024-06,2026-06,0,CONSISTENT
PRH-612142,24,2024-06,2026-06,0,CONSISTENT
PRH-612151,21,2024-06,2026-03,0,CONSISTENT
PRH-612167,9,2025-10,2026-06,0,CONSISTENT
PRH-612178,6,2025-10,2026-03,0,CONSISTENT
PRH-612183,12,2025-07,2026-06,0,CONSISTENT
PRH-612185,5,2025-10,2026-02,0,CONSISTENT
PRH-612186,9,2025-10,2026-06,0,CONSISTENT
PRH-612188,18,2024-07,2026-04,0,CONSISTENT
PRH-612194,22,2024-08,2026-06,0,CONSISTENT
PRH-612201,7,2025-10,2026-04,0,CONSISTENT
PRH-612203,4,2025-07,2025-10,0,CONSISTENT
PRH-612211,9,2025-10,2026-06,0,CONSISTENT
PRH-612213,9,2025-10,2026-06,0,CONSISTENT
PRH-612239,2,2025-10,2025-11,0,CONSISTENT
PRH-612259,9,2025-10,2026-06,0,CONSISTENT
PRH-612513,9,2025-10,2026-06,0,CONSISTENT
PRH-612688,1,2025-10,2025-10,0,CONSISTENT
PRH-612745,9,2025-10,2026-06,0,CONSISTENT
PRH-612748,9,2025-10,2026-06,0,CONSISTENT
PRH-612781,26,2024-02,2026-06,0,CONSISTENT
PRH-612786,26,2024-02,2026-06,0,CONSISTENT
PRH-612787,26,2024-02,2026-06,0,CONSISTENT
PRH-612788,26,2024-02,2026-06,0,CONSISTENT
PRH-612789,24,2024-06,2026-06,1,UNRESOLVED_TARGET_CENSORED
PRH-612790,28,2023-11,2026-06,0,CONSISTENT
PRH-612791,26,2024-02,2026-06,0,CONSISTENT
PRH-612793,24,2024-06,2026-06,0,CONSISTENT
PRH-612815,31,2023-08,2026-06,0,CONSISTENT
PRH-612816,22,2024-08,2026-06,0,CONSISTENT
PRH-612819,25,2024-01,2026-04,0,CONSISTENT
PRH-612827,12,2025-07,2026-06,0,CONSISTENT
PRH-612834,12,2025-07,2026-06,0,CONSISTENT
PRH-612838,3,2025-07,2025-09,0,CONSISTENT
PRH-612845,3,2026-04,2026-06,0,CONSISTENT
PRH-612851,12,2025-07,2026-06,0,CONSISTENT
PRH-612853,23,2024-07,2026-06,0,CONSISTENT
PRH-612855,21,2024-09,2026-06,0,CONSISTENT
PRH-612856,17,2024-09,2026-02,0,CONSISTENT
PRH-612876,12,2025-07,2026-06,0,CONSISTENT
PRH-612877,12,2025-07,2026-06,0,CONSISTENT
PRH-612878,3,2026-04,2026-06,0,CONSISTENT
PRH-612883,12,2025-07,2026-06,0,CONSISTENT
PRH-612885,74,2019-10,2026-06,0,CONSISTENT
PRH-612894,30,2023-09,2026-06,0,CONSISTENT
PRH-612898,12,2025-07,2026-06,0,CONSISTENT
PRH-612916,12,2025-07,2026-06,0,CONSISTENT
PRH-612998,3,2025-07,2025-09,0,CONSISTENT
PRH-613002,12,2025-07,2026-06,0,CONSISTENT
PRH-613003,6,2025-07,2025-12,0,CONSISTENT
PRH-613008,12,2025-07,2026-06,0,CONSISTENT
PRH-613013,12,2025-07,2026-06,0,CONSISTENT
PRH-613015,12,2025-07,2026-06,0,CONSISTENT
PRH-613785,12,2025-07,2026-06,0,CONSISTENT
PRH-613786,12,2025-07,2026-06,0,CONSISTENT
PRH-613787,12,2025-07,2026-06,0,CONSISTENT
PRH-613788,1,2025-07,2025-07,0,CONSISTENT
PRH-613793,65,2020-07,2026-06,0,CONSISTENT
PRH-613794,22,2024-08,2026-06,0,CONSISTENT
PRH-613795,4,2025-07,2025-10,0,CONSISTENT
PRH-613798,94,2018-01,2026-06,0,CONSISTENT
PRH-613799,94,2018-01,2026-06,0,CONSISTENT
PRH-613800,46,2022-02,2026-06,0,CONSISTENT
PRH-613801,86,2018-09,2026-06,0,CONSISTENT
PRH-613802,94,2018-01,2026-06,0,CONSISTENT
PRH-613803,83,2018-12,2026-06,1,UNRESOLVED_TARGET_CENSORED
PRH-613804,44,2022-05,2026-06,1,UNRESOLVED_TARGET_CENSORED
PRH-613808,94,2018-01,2026-06,0,CONSISTENT
PRH-615183,52,2021-08,2026-06,0,CONSISTENT
PRH-615184,44,2022-05,2026-06,1,UNRESOLVED_TARGET_CENSORED
PRH-615185,41,2022-10,2026-06,1,UNRESOLVED_TARGET_CENSORED
PRH-615186,54,2021-06,2026-06,1,UNRESOLVED_TARGET_CENSORED
PRH-615187,39,2022-12,2026-06,1,UNRESOLVED_TARGET_CENSORED
PRH-615188,41,2022-10,2026-06,1,UNRESOLVED_TARGET_CENSORED
PRH-615189,43,2022-08,2026-06,1,UNRESOLVED_TARGET_CENSORED
PRH-615190,43,2022-08,2026-06,1,UNRESOLVED_TARGET_CENSORED
PRH-615191,22,2024-08,2026-06,0,CONSISTENT
PRH-615192,33,2023-06,2026-06,1,UNRESOLVED_TARGET_CENSORED
PRH-615193,92,2018-01,2026-04,0,CONSISTENT
PRH-615194,29,2023-10,2026-06,1,UNRESOLVED_TARGET_CENSORED
PRH-615195,29,2023-10,2026-06,1,UNRESOLVED_TARGET_CENSORED
PRH-615199,29,2023-10,2026-06,1,UNRESOLVED_TARGET_CENSORED
PRH-615202,12,2025-07,2026-06,0,CONSISTENT
PRH-615206,76,2019-08,2026-06,0,CONSISTENT
PRH-615327,17,2024-11,2026-04,0,CONSISTENT
PRH-615330,18,2024-12,2026-06,0,CONSISTENT
PRH-615331,12,2025-07,2026-06,0,CONSISTENT
PRH-615332,21,2024-09,2026-06,0,CONSISTENT
PRH-615333,21,2024-09,2026-06,0,CONSISTENT
PRH-615334,21,2024-09,2026-06,0,CONSISTENT
PRH-615335,17,2025-01,2026-06,0,CONSISTENT
PRH-615336,3,2026-04,2026-06,0,CONSISTENT
PRH-615337,17,2025-01,2026-06,0,CONSISTENT
PRH-615338,17,2025-01,2026-06,0,CONSISTENT
PRH-615339,17,2025-01,2026-06,0,CONSISTENT
PRH-615340,17,2025-01,2026-06,0,CONSISTENT
PRH-615342,17,2025-01,2026-06,0,CONSISTENT
PRH-615343,17,2025-01,2026-06,0,CONSISTENT
PRH-615344,17,2025-01,2026-06,0,CONSISTENT
PRH-615345,17,2025-01,2026-06,0,CONSISTENT
PRH-615346,21,2024-09,2026-06,0,CONSISTENT
PRH-615347,17,2025-01,2026-06,0,CONSISTENT
PRH-615349,45,2022-03,2026-06,0,CONSISTENT
PRH-615818,39,2022-12,2026-06,0,CONSISTENT
PRH-615820,16,2025-03,2026-06,0,CONSISTENT
PRH-615821,16,2025-03,2026-06,0,CONSISTENT
PRH-615822,45,2022-03,2026-06,0,CONSISTENT
PRH-615843,68,2020-04,2026-06,0,CONSISTENT
PRH-615857,54,2021-06,2026-06,0,CONSISTENT
PRH-615858,46,2022-02,2026-06,0,CONSISTENT
PRH-615859,5,2025-07,2025-11,0,CONSISTENT
PRH-615860,54,2021-06,2026-06,0,CONSISTENT
PRH-615861,46,2022-02,2026-06,0,CONSISTENT
PRH-615862,39,2022-12,2026-06,0,CONSISTENT
PRH-615863,54,2021-06,2026-06,0,CONSISTENT
PRH-615864,5,2025-07,2025-11,0,CONSISTENT
PRH-615865,46,2022-02,2026-06,0,CONSISTENT
PRH-615914,54,2021-06,2026-06,1,UNRESOLVED_TARGET_CENSORED
PRH-615915,3,2026-04,2026-06,0,CONSISTENT
PRH-615916,24,2024-06,2026-06,1,UNRESOLVED_TARGET_CENSORED
PRH-615917,20,2024-10,2026-06,1,UNRESOLVED_TARGET_CENSORED
PRH-615918,41,2022-10,2026-06,1,UNRESOLVED_TARGET_CENSORED
PRH-615919,18,2024-12,2026-06,1,UNRESOLVED_TARGET_CENSORED
PRH-615982,94,2018-01,2026-06,0,CONSISTENT
PRH-616044,77,2019-07,2026-06,1,UNRESOLVED_TARGET_CENSORED
PRH-616050,46,2022-02,2026-06,1,UNRESOLVED_TARGET_CENSORED
PRH-616221,2,2026-05,2026-06,0,CONSISTENT
PRH-616223,46,2022-02,2026-06,1,UNRESOLVED_TARGET_CENSORED
PRH-616225,18,2024-12,2026-06,0,CONSISTENT
PRH-616226,16,2025-03,2026-06,0,CONSISTENT
PRH-616227,10,2025-07,2026-06,0,CONSISTENT
PRH-616229,18,2024-12,2026-06,1,UNRESOLVED_TARGET_CENSORED
PRH-616230,18,2024-12,2026-06,0,CONSISTENT
PRH-616231,17,2025-01,2026-06,0,CONSISTENT
PRH-616232,17,2025-01,2026-06,0,CONSISTENT
PRH-616233,16,2025-03,2026-06,0,CONSISTENT
PRH-616234,94,2018-01,2026-06,0,CONSISTENT
PRH-616235,14,2024-12,2026-02,0,CONSISTENT
PRH-616236,13,2025-06,2026-06,0,CONSISTENT
PRH-616253,16,2025-03,2026-06,0,CONSISTENT
PRH-616254,18,2024-12,2026-06,0,CONSISTENT
PRH-616586,11,2025-07,2026-06,0,CONSISTENT
PRH-616587,11,2025-07,2026-06,0,CONSISTENT
PRH-616588,11,2025-07,2026-06,0,CONSISTENT
PRH-616594,12,2025-07,2026-06,0,CONSISTENT
PRH-616600,73,2019-11,2026-06,0,CONSISTENT
PRH-616604,73,2019-11,2026-06,0,CONSISTENT
PRH-616605,12,2025-07,2026-06,0,CONSISTENT
PRH-616611,73,2019-11,2026-06,0,CONSISTENT
PRH-616612,73,2019-11,2026-06,0,CONSISTENT
PRH-616615,73,2019-11,2026-06,0,CONSISTENT
PRH-616616,73,2019-11,2026-06,0,CONSISTENT
PRH-616670,15,2025-04,2026-06,0,CONSISTENT
PRH-616671,15,2025-04,2026-06,0,CONSISTENT
PRH-616672,15,2025-04,2026-06,0,CONSISTENT
PRH-616691,9,2025-10,2026-06,0,CONSISTENT
PRH-616694,9,2025-07,2026-06,0,CONSISTENT
PRH-616695,12,2025-07,2026-06,0,CONSISTENT
PRH-616696,2,2025-07,2025-08,0,CONSISTENT
PRH-616697,12,2025-07,2026-06,0,CONSISTENT
PRH-616699,12,2025-07,2026-06,0,CONSISTENT
PRH-616701,12,2025-07,2026-06,0,CONSISTENT
PRH-616702,2,2025-07,2025-08,0,CONSISTENT
PRH-616839,3,2026-04,2026-06,0,CONSISTENT
PRH-616840,2,2025-07,2025-08,0,CONSISTENT
PRH-616841,12,2025-07,2026-06,0,CONSISTENT
PRH-616842,12,2025-07,2026-06,0,CONSISTENT
PRH-616843,12,2025-07,2026-06,0,CONSISTENT
PRH-616856,11,2025-07,2026-06,0,CONSISTENT
PRH-616857,12,2025-07,2026-06,0,CONSISTENT
PRH-616858,43,2022-08,2026-06,0,CONSISTENT
PRH-616879,21,2024-09,2026-06,0,CONSISTENT
PRH-616886,12,2025-07,2026-06,0,CONSISTENT
PRH-616933,16,2025-03,2026-06,0,CONSISTENT
PRH-616950,12,2025-07,2026-06,0,CONSISTENT
PRH-616983,3,2026-04,2026-06,0,CONSISTENT
PRH-617068,15,2025-04,2026-06,0,CONSISTENT
PRH-617069,15,2025-04,2026-06,0,CONSISTENT
PRH-617179,15,2025-04,2026-06,0,CONSISTENT
PRH-617181,15,2025-04,2026-06,0,CONSISTENT
PRH-617182,15,2025-04,2026-06,0,CONSISTENT
PRH-617183,15,2025-04,2026-06,0,CONSISTENT
PRH-617184,14,2025-05,2026-06,0,CONSISTENT
PRH-617185,15,2025-04,2026-06,0,CONSISTENT
PRH-617186,15,2025-04,2026-06,0,CONSISTENT
PRH-617188,12,2025-07,2026-06,0,CONSISTENT
PRH-617200,11,2025-07,2026-06,0,CONSISTENT
PRH-617201,11,2025-07,2026-06,0,CONSISTENT
PRH-617206,12,2025-07,2026-06,0,CONSISTENT
PRH-617207,12,2025-07,2026-06,0,CONSISTENT
PRH-617210,11,2025-07,2026-06,0,CONSISTENT
PRH-617211,12,2025-07,2026-06,0,CONSISTENT
PRH-617212,12,2025-07,2026-06,0,CONSISTENT
PRH-617213,7,2025-12,2026-06,0,CONSISTENT
PRH-617214,11,2025-07,2026-06,0,CONSISTENT
PRH-617215,12,2025-07,2026-06,0,CONSISTENT
PRH-617216,11,2025-07,2026-06,0,CONSISTENT
PRH-617221,12,2025-07,2026-06,0,CONSISTENT
PRH-617224,12,2025-07,2026-06,0,CONSISTENT
PRH-617225,24,2024-06,2026-06,0,CONSISTENT
PRH-617226,19,2024-11,2026-06,0,CONSISTENT
PRH-617231,10,2025-07,2026-06,0,CONSISTENT
PRH-617233,13,2025-06,2026-06,0,CONSISTENT
PRH-617239,3,2026-04,2026-06,0,CONSISTENT
PRH-617240,1,2025-07,2025-07,0,CONSISTENT
PRH-617242,15,2025-04,2026-06,0,CONSISTENT
PRH-617243,15,2025-04,2026-06,0,CONSISTENT
PRH-617245,7,2025-12,2026-06,0,CONSISTENT
PRH-617246,15,2025-04,2026-06,0,CONSISTENT
PRH-617248,15,2025-04,2026-06,0,CONSISTENT
PRH-617249,15,2025-04,2026-06,0,CONSISTENT
PRH-617250,15,2025-04,2026-06,0,CONSISTENT
PRH-617251,15,2025-04,2026-06,0,CONSISTENT
PRH-617252,12,2025-07,2026-06,0,CONSISTENT
PRH-617253,28,2023-10,2026-05,0,CONSISTENT
PRH-617254,12,2025-07,2026-06,0,CONSISTENT
PRH-617255,27,2024-01,2026-06,0,CONSISTENT
PRH-617256,12,2025-07,2026-06,0,CONSISTENT
PRH-617257,12,2025-07,2026-06,0,CONSISTENT
PRH-617269,14,2025-05,2026-06,0,CONSISTENT
PRH-617270,14,2025-05,2026-06,0,CONSISTENT
PRH-617271,14,2025-05,2026-06,0,CONSISTENT
PRH-617272,14,2025-05,2026-06,0,CONSISTENT
PRH-617278,13,2025-06,2026-06,0,CONSISTENT
PRH-617279,12,2025-07,2026-06,0,CONSISTENT
PRH-617280,50,2021-10,2026-06,0,CONSISTENT
PRH-617282,4,2025-07,2025-10,0,CONSISTENT
PRH-617284,12,2025-07,2026-06,0,CONSISTENT
PRH-617287,12,2025-07,2026-06,0,CONSISTENT
PRH-617288,12,2025-07,2026-06,0,CONSISTENT
PRH-617290,2,2025-09,2025-10,0,CONSISTENT
PRH-617299,14,2025-05,2026-06,0,CONSISTENT
PRH-617302,94,2018-01,2026-06,0,CONSISTENT
PRH-617303,2,2025-07,2025-08,0,CONSISTENT
PRH-617304,12,2025-07,2026-06,0,CONSISTENT
PRH-617320,2,2025-09,2025-10,0,CONSISTENT
PRH-617321,2,2025-09,2025-10,0,CONSISTENT
PRH-617322,2,2025-07,2025-08,0,CONSISTENT
PRH-617326,10,2025-09,2026-06,0,CONSISTENT
PRH-617327,10,2025-09,2026-06,0,CONSISTENT
PRH-617333,10,2025-09,2026-06,0,CONSISTENT
PRH-617338,10,2025-09,2026-06,0,CONSISTENT
PRH-617345,10,2025-09,2026-06,0,CONSISTENT
PRH-617361,10,2025-09,2026-06,0,CONSISTENT
PRH-617364,10,2025-09,2026-06,0,CONSISTENT
PRH-617370,10,2025-09,2026-06,0,CONSISTENT
PRH-617372,9,2025-09,2026-05,0,CONSISTENT
PRH-617373,3,2025-09,2025-11,0,CONSISTENT
PRH-617374,10,2025-09,2026-06,0,CONSISTENT
PRH-617375,10,2025-09,2026-06,0,CONSISTENT
PRH-617379,10,2025-09,2026-06,0,CONSISTENT
PRH-617390,10,2025-09,2026-06,0,CONSISTENT
PRH-617391,10,2025-09,2026-06,0,CONSISTENT
PRH-617403,10,2025-09,2026-06,0,CONSISTENT
PRH-617404,10,2025-09,2026-06,0,CONSISTENT
PRH-617405,10,2025-09,2026-06,0,CONSISTENT
PRH-617406,10,2025-09,2026-06,0,CONSISTENT
PRH-617408,10,2025-09,2026-06,0,CONSISTENT
PRH-617409,10,2025-09,2026-06,0,CONSISTENT
PRH-617412,10,2025-09,2026-06,0,CONSISTENT
PRH-617413,10,2025-09,2026-06,0,CONSISTENT
PRH-617416,10,2025-09,2026-06,0,CONSISTENT
PRH-617422,10,2025-09,2026-06,0,CONSISTENT
PRH-617727,3,2026-04,2026-06,0,CONSISTENT
PRH-617729,3,2026-04,2026-06,0,CONSISTENT
PRH-617730,9,2025-10,2026-06,0,CONSISTENT
PRH-617764,3,2026-04,2026-06,0,CONSISTENT
PRH-617801,9,2025-10,2026-06,0,CONSISTENT
PRH-617802,9,2025-10,2026-06,0,CONSISTENT
PRH-617803,9,2025-10,2026-06,0,CONSISTENT
PRH-617804,9,2025-10,2026-06,0,CONSISTENT
PRH-617806,8,2025-11,2026-06,0,CONSISTENT
PRH-617807,8,2025-11,2026-06,0,CONSISTENT
PRH-617808,8,2025-11,2026-06,0,CONSISTENT
PRH-617818,8,2025-11,2026-06,0,CONSISTENT
PRH-617819,8,2025-11,2026-06,0,CONSISTENT
PRH-617822,8,2025-11,2026-06,0,CONSISTENT
PRH-617824,1,2025-11,2025-11,0,CONSISTENT
PRH-617827,8,2025-11,2026-06,0,CONSISTENT
PRH-617828,8,2025-11,2026-06,0,CONSISTENT
PRH-617829,8,2025-11,2026-06,0,CONSISTENT
PRH-617830,8,2025-11,2026-06,0,CONSISTENT
PRH-617832,8,2025-11,2026-06,0,CONSISTENT
PRH-617836,8,2025-11,2026-06,0,CONSISTENT
PRH-617837,8,2025-11,2026-06,0,CONSISTENT
PRH-617838,8,2025-11,2026-06,0,CONSISTENT
PRH-617839,8,2025-11,2026-06,0,CONSISTENT
PRH-617877,8,2025-11,2026-06,0,CONSISTENT
PRH-617878,8,2025-11,2026-06,0,CONSISTENT
PRH-617880,3,2026-04,2026-06,0,CONSISTENT
PRH-617882,8,2025-11,2026-06,0,CONSISTENT
PRH-617883,8,2025-11,2026-06,0,CONSISTENT
PRH-617885,39,2022-05,2026-06,0,CONSISTENT
PRH-617886,37,2022-09,2026-06,0,CONSISTENT
PRH-617887,45,2021-10,2026-06,0,CONSISTENT
PRH-617888,5,2026-02,2026-06,0,CONSISTENT
PRH-617889,5,2026-02,2026-06,0,CONSISTENT
PRH-617890,6,2026-01,2026-06,0,CONSISTENT
PRH-617891,24,2023-09,2026-05,0,CONSISTENT
PRH-617892,54,2021-01,2026-06,0,CONSISTENT
PRH-617893,6,2026-01,2026-06,0,CONSISTENT
PRH-617894,5,2026-02,2026-06,0,CONSISTENT
PRH-617895,27,2023-07,2026-06,0,CONSISTENT
PRH-617896,8,2025-05,2026-06,0,CONSISTENT
PRH-617897,25,2023-09,2026-06,0,CONSISTENT
PRH-617898,5,2026-02,2026-06,0,CONSISTENT
PRH-617899,19,2024-06,2026-06,0,CONSISTENT
PRH-617900,32,2023-01,2026-05,0,CONSISTENT
PRH-617901,33,2023-01,2026-06,0,CONSISTENT
PRH-617902,5,2026-02,2026-06,0,CONSISTENT
PRH-617904,26,2023-08,2026-06,0,CONSISTENT
PRH-617905,26,2023-08,2026-06,0,CONSISTENT
PRH-617906,6,2026-01,2026-06,0,CONSISTENT
PRH-617907,23,2023-10,2026-05,0,CONSISTENT
PRH-617908,5,2026-02,2026-06,0,CONSISTENT
PRH-617909,5,2026-02,2026-06,0,CONSISTENT
PRH-617911,89,2018-01,2026-06,0,CONSISTENT
PRH-617912,6,2026-01,2026-06,0,CONSISTENT
PRH-617913,74,2019-05,2026-06,0,CONSISTENT
PRH-617914,6,2026-01,2026-06,0,CONSISTENT
PRH-617915,22,2024-01,2026-06,0,CONSISTENT
PRH-617916,6,2026-01,2026-06,0,CONSISTENT
PRH-617917,24,2023-09,2026-05,0,CONSISTENT
PRH-617919,33,2023-01,2026-06,0,CONSISTENT
PRH-617920,5,2026-02,2026-06,0,CONSISTENT
PRH-617921,26,2023-08,2026-06,0,CONSISTENT
PRH-617922,5,2026-02,2026-06,0,CONSISTENT
PRH-617923,6,2026-01,2026-06,0,CONSISTENT
PRH-617924,24,2023-08,2026-05,0,CONSISTENT
PRH-617925,26,2023-08,2026-06,0,CONSISTENT
PRH-617926,6,2026-01,2026-06,0,CONSISTENT
PRH-617927,6,2026-01,2026-06,0,CONSISTENT
PRH-617928,15,2024-10,2026-06,0,CONSISTENT
PRH-617929,82,2018-08,2026-06,0,CONSISTENT
PRH-617930,26,2023-08,2026-06,0,CONSISTENT
PRH-617931,5,2026-02,2026-06,0,CONSISTENT
PRH-617932,25,2023-09,2026-06,0,CONSISTENT
PRH-617933,14,2024-10,2026-05,0,CONSISTENT
PRH-617934,74,2019-05,2026-06,0,CONSISTENT
PRH-617935,24,2023-10,2026-06,0,CONSISTENT
PRH-617936,74,2019-05,2026-06,0,CONSISTENT
PRH-617937,3,2026-04,2026-06,0,CONSISTENT
PRH-617938,6,2026-01,2026-06,0,CONSISTENT
PRH-617939,5,2026-02,2026-06,0,CONSISTENT
PRH-617940,22,2023-11,2026-06,0,CONSISTENT
PRH-617941,5,2026-02,2026-06,0,CONSISTENT
PRH-617942,15,2024-10,2026-06,0,CONSISTENT
PRH-617943,2,2026-05,2026-06,0,CONSISTENT
PRH-617944,73,2019-05,2026-05,0,CONSISTENT
PRH-617945,6,2026-01,2026-06,0,CONSISTENT
PRH-617946,88,2018-01,2026-06,0,CONSISTENT
PRH-617947,89,2018-01,2026-06,0,CONSISTENT
PRH-617948,74,2019-05,2026-06,0,CONSISTENT
PRH-617949,19,2024-06,2026-06,0,CONSISTENT
PRH-617950,6,2026-01,2026-06,0,CONSISTENT
PRH-617951,3,2026-04,2026-06,0,CONSISTENT
PRH-617954,23,2023-10,2026-05,0,CONSISTENT
PRH-617955,22,2024-01,2026-06,0,CONSISTENT
PRH-617957,19,2024-03,2026-05,0,CONSISTENT
PRH-617958,25,2023-09,2026-06,0,CONSISTENT
PRH-617959,24,2023-09,2026-05,0,CONSISTENT
PRH-617960,69,2019-04,2026-06,0,CONSISTENT
PRH-617961,89,2018-01,2026-06,0,CONSISTENT
PRH-617962,16,2024-09,2026-06,0,CONSISTENT
PRH-617963,11,2025-01,2026-06,0,CONSISTENT
PRH-617964,14,2024-11,2026-06,0,CONSISTENT
PRH-617965,25,2023-09,2026-06,0,CONSISTENT
PRH-617966,89,2018-01,2026-06,0,CONSISTENT
PRH-617967,5,2026-02,2026-06,0,CONSISTENT
PRH-617968,82,2018-08,2026-06,0,CONSISTENT
PRH-617969,14,2024-11,2026-06,0,CONSISTENT
PRH-617970,81,2018-08,2026-05,0,CONSISTENT
PRH-617971,6,2026-01,2026-06,0,CONSISTENT
PRH-617972,5,2026-02,2026-06,0,CONSISTENT
PRH-617973,67,2019-11,2026-05,0,CONSISTENT
PRH-617974,6,2026-01,2026-06,0,CONSISTENT
PRH-617975,79,2018-10,2026-05,1,UNRESOLVED_TARGET_CENSORED
PRH-617976,15,2024-10,2026-06,0,CONSISTENT
PRH-617977,4,2026-02,2026-05,0,CONSISTENT
PRH-617978,5,2026-02,2026-06,0,CONSISTENT
PRH-617979,5,2026-02,2026-06,0,CONSISTENT
PRH-617980,74,2019-05,2026-06,0,CONSISTENT
PRH-617981,4,2026-02,2026-05,0,CONSISTENT
PRH-617982,73,2019-05,2026-05,0,CONSISTENT
PRH-617983,7,2025-12,2026-06,0,CONSISTENT
PRH-617984,7,2025-12,2026-06,0,CONSISTENT
PRH-617985,7,2025-12,2026-06,0,CONSISTENT
PRH-617986,7,2025-12,2026-06,0,CONSISTENT
PRH-617987,6,2026-01,2026-06,0,CONSISTENT
PRH-617988,6,2026-01,2026-06,0,CONSISTENT
PRH-617989,7,2025-12,2026-06,0,CONSISTENT
PRH-617990,6,2025-12,2026-05,0,CONSISTENT
PRH-617991,7,2025-12,2026-06,0,CONSISTENT
PRH-617992,6,2025-12,2026-05,0,CONSISTENT
PRH-617993,4,2026-02,2026-05,0,CONSISTENT
PRH-617994,6,2025-12,2026-06,0,CONSISTENT
PRH-617995,7,2025-12,2026-06,0,CONSISTENT
PRH-617996,6,2025-12,2026-05,0,CONSISTENT
PRH-617997,2,2026-05,2026-06,0,CONSISTENT
PRH-617998,7,2025-12,2026-06,0,CONSISTENT
PRH-617999,5,2026-02,2026-06,0,CONSISTENT
PRH-618000,7,2025-12,2026-06,0,CONSISTENT
PRH-618001,7,2025-12,2026-06,0,CONSISTENT
PRH-618002,6,2025-12,2026-05,0,CONSISTENT
PRH-618003,7,2025-12,2026-06,0,CONSISTENT
PRH-618004,7,2025-12,2026-06,0,CONSISTENT
PRH-618005,7,2025-12,2026-06,0,CONSISTENT
PRH-618006,6,2025-12,2026-05,0,CONSISTENT
PRH-618007,6,2025-12,2026-05,0,CONSISTENT
PRH-618008,6,2025-12,2026-05,0,CONSISTENT
PRH-618009,89,2018-01,2026-06,0,CONSISTENT
PRH-618010,5,2026-02,2026-06,0,CONSISTENT
PRH-618011,33,2023-01,2026-06,0,CONSISTENT
PRH-618012,19,2024-06,2026-06,0,CONSISTENT
PRH-618013,5,2026-02,2026-06,0,CONSISTENT
PRH-618014,5,2026-02,2026-06,0,CONSISTENT
PRH-618015,5,2026-02,2026-06,0,CONSISTENT
PRH-618016,5,2026-02,2026-06,0,CONSISTENT
PRH-618017,5,2026-02,2026-06,0,CONSISTENT
PRH-618018,5,2026-02,2026-06,0,CONSISTENT
PRH-618019,23,2023-11,2026-06,0,CONSISTENT
PRH-618020,23,2023-11,2026-06,0,CONSISTENT
PRH-618021,6,2026-01,2026-06,0,CONSISTENT
PRH-618022,6,2026-01,2026-06,0,CONSISTENT
PRH-618023,23,2023-11,2026-06,0,CONSISTENT
PRH-618024,23,2023-11,2026-06,0,CONSISTENT
PRH-618025,74,2019-05,2026-06,0,CONSISTENT
PRH-618026,73,2019-05,2026-05,0,CONSISTENT
PRH-618027,5,2026-02,2026-06,0,CONSISTENT
PRH-618028,5,2026-02,2026-06,0,CONSISTENT
PRH-618029,24,2023-10,2026-06,0,CONSISTENT
PRH-618030,24,2023-10,2026-06,0,CONSISTENT
PRH-618031,22,2024-01,2026-06,0,CONSISTENT
PRH-618033,47,2021-08,2026-06,0,CONSISTENT
PRH-618034,8,2025-05,2026-06,0,CONSISTENT
PRH-618035,5,2026-02,2026-06,0,CONSISTENT
PRH-618036,5,2026-02,2026-06,0,CONSISTENT
PRH-618037,24,2023-10,2026-06,0,CONSISTENT
PRH-618038,6,2026-01,2026-06,0,CONSISTENT
PRH-618039,6,2026-01,2026-06,0,CONSISTENT
PRH-618040,5,2026-02,2026-06,0,CONSISTENT
PRH-618041,6,2026-01,2026-06,0,CONSISTENT
PRH-618042,15,2024-10,2026-06,0,CONSISTENT
PRH-618043,5,2026-02,2026-06,0,CONSISTENT
PRH-618044,3,2026-04,2026-06,0,CONSISTENT
PRH-618045,22,2023-11,2026-05,0,CONSISTENT
PRH-618046,24,2023-09,2026-05,0,CONSISTENT
PRH-618047,5,2026-02,2026-06,0,CONSISTENT
PRH-618049,5,2026-02,2026-06,0,CONSISTENT
PRH-618050,43,2021-11,2026-05,0,CONSISTENT
PRH-618051,3,2025-12,2026-06,0,CONSISTENT
PRH-618052,6,2026-01,2026-06,0,CONSISTENT
PRH-618053,6,2026-01,2026-06,0,CONSISTENT
PRH-618054,17,2024-08,2026-06,0,CONSISTENT
PRH-618055,22,2024-01,2026-06,0,CONSISTENT
PRH-618056,20,2024-03,2026-06,0,CONSISTENT
PRH-618057,23,2023-11,2026-06,0,CONSISTENT
PRH-618059,15,2024-10,2026-06,0,CONSISTENT
PRH-618060,24,2023-10,2026-06,0,CONSISTENT
PRH-618061,6,2026-01,2026-06,0,CONSISTENT
PRH-618062,18,2024-06,2026-05,0,CONSISTENT
PRH-618063,31,2023-03,2026-06,0,CONSISTENT
PRH-618064,23,2023-10,2026-05,0,CONSISTENT
PRH-618065,15,2024-10,2026-06,0,CONSISTENT
PRH-618066,10,2025-03,2026-06,0,CONSISTENT
PRH-618067,6,2026-01,2026-06,0,CONSISTENT
PRH-618068,22,2024-01,2026-06,0,CONSISTENT
PRH-618069,14,2024-10,2026-06,0,CONSISTENT
PRH-618070,48,2021-07,2026-06,0,CONSISTENT
PRH-618071,39,2022-05,2026-06,0,CONSISTENT
PRH-618072,37,2022-09,2026-06,0,CONSISTENT
PRH-618073,14,2024-11,2026-06,0,CONSISTENT
PRH-618074,25,2023-09,2026-06,0,CONSISTENT
PRH-618075,21,2024-02,2026-06,0,CONSISTENT
PRH-618076,8,2025-05,2026-06,0,CONSISTENT
PRH-618078,23,2023-10,2026-05,0,CONSISTENT
PRH-618079,5,2026-02,2026-06,0,CONSISTENT
PRH-618080,14,2024-11,2026-06,0,CONSISTENT
PRH-618081,21,2024-02,2026-06,0,CONSISTENT
PRH-618082,34,2022-12,2026-06,0,CONSISTENT
PRH-618083,4,2026-02,2026-05,0,CONSISTENT
PRH-618084,24,2023-10,2026-06,0,CONSISTENT
PRH-618085,23,2023-11,2026-06,0,CONSISTENT
PRH-618086,6,2026-01,2026-06,0,CONSISTENT
PRH-618087,24,2023-10,2026-06,0,CONSISTENT
PRH-618088,5,2026-02,2026-06,0,CONSISTENT
PRH-618089,25,2023-09,2026-06,0,CONSISTENT
PRH-618090,73,2019-05,2026-05,0,CONSISTENT
PRH-618091,5,2026-02,2026-06,0,CONSISTENT
PRH-618092,14,2024-10,2026-06,0,CONSISTENT
PRH-618093,23,2023-10,2026-05,0,CONSISTENT
PRH-618094,74,2019-05,2026-06,0,CONSISTENT
PRH-618095,5,2026-02,2026-06,0,CONSISTENT
PRH-618096,5,2026-02,2026-06,0,CONSISTENT
PRH-618097,74,2019-05,2026-06,0,CONSISTENT
PRH-618098,25,2023-09,2026-06,0,CONSISTENT
PRH-618099,4,2026-02,2026-05,0,CONSISTENT
PRH-618101,5,2026-02,2026-06,0,CONSISTENT
PRH-618103,5,2026-02,2026-06,0,CONSISTENT
PRH-618104,23,2023-11,2026-06,0,CONSISTENT
PRH-618105,23,2023-11,2026-06,0,CONSISTENT
PRH-618106,23,2023-11,2026-06,0,CONSISTENT
PRH-618107,6,2026-01,2026-06,0,CONSISTENT
PRH-618108,22,2024-01,2026-06,0,CONSISTENT
PRH-618109,24,2023-10,2026-06,0,CONSISTENT
PRH-618110,35,2022-10,2026-05,0,CONSISTENT
PRH-618111,22,2024-01,2026-06,0,CONSISTENT
PRH-618112,8,2025-05,2026-06,0,CONSISTENT
PRH-618113,8,2025-05,2026-06,0,CONSISTENT
PRH-618114,3,2026-04,2026-06,0,CONSISTENT
PRH-618116,6,2026-01,2026-06,0,CONSISTENT
PRH-618117,5,2026-02,2026-06,0,CONSISTENT
PRH-618118,24,2023-09,2026-05,0,CONSISTENT
PRH-618119,5,2026-02,2026-06,0,CONSISTENT
PRH-618120,6,2026-01,2026-06,0,CONSISTENT
PRH-618121,25,2023-09,2026-06,0,CONSISTENT
PRH-618122,5,2026-02,2026-06,0,CONSISTENT
PRH-618123,7,2025-12,2026-06,0,CONSISTENT
PRH-618124,21,2024-02,2026-06,0,CONSISTENT
PRH-618125,6,2026-01,2026-06,0,CONSISTENT
PRH-618126,5,2026-02,2026-06,0,CONSISTENT
PRH-618127,6,2026-01,2026-06,0,CONSISTENT
PRH-618129,5,2026-02,2026-06,0,CONSISTENT
PRH-618130,5,2026-02,2026-06,0,CONSISTENT
PRH-618132,6,2025-12,2026-05,0,CONSISTENT
PRH-618133,7,2025-12,2026-06,0,CONSISTENT
PRH-618134,6,2026-01,2026-06,0,CONSISTENT
PRH-618136,6,2025-12,2026-05,0,CONSISTENT
PRH-618137,5,2026-02,2026-06,0,CONSISTENT
PRH-618138,5,2026-02,2026-06,0,CONSISTENT
PRH-618139,5,2026-02,2026-06,0,CONSISTENT
PRH-618140,5,2026-02,2026-06,0,CONSISTENT
PRH-618141,7,2025-12,2026-06,0,CONSISTENT
PRH-618142,6,2025-12,2026-05,0,CONSISTENT
PRH-618143,6,2025-12,2026-05,0,CONSISTENT
PRH-618144,6,2025-12,2026-05,0,CONSISTENT
PRH-618145,6,2025-12,2026-05,0,CONSISTENT
PRH-618146,7,2025-12,2026-06,0,CONSISTENT
PRH-618147,5,2026-02,2026-06,0,CONSISTENT
PRH-618148,2,2026-05,2026-06,0,CONSISTENT
PRH-618149,5,2026-02,2026-06,0,CONSISTENT
PRH-618150,5,2026-02,2026-06,0,CONSISTENT
PRH-618151,2,2026-05,2026-06,0,CONSISTENT
PRH-618152,7,2025-12,2026-06,0,CONSISTENT
PRH-618153,7,2025-12,2026-06,0,CONSISTENT
PRH-618154,7,2025-12,2026-06,0,CONSISTENT
PRH-618155,5,2026-02,2026-06,0,CONSISTENT
PRH-618156,6,2026-01,2026-06,0,CONSISTENT
PRH-618157,5,2026-02,2026-06,0,CONSISTENT
PRH-618158,5,2026-02,2026-06,0,CONSISTENT
PRH-618159,6,2026-01,2026-06,0,CONSISTENT
PRH-618160,6,2026-01,2026-06,0,CONSISTENT
PRH-618161,6,2025-12,2026-05,0,CONSISTENT
PRH-618162,6,2026-01,2026-06,0,CONSISTENT
PRH-618163,7,2025-12,2026-06,0,CONSISTENT
PRH-618164,7,2025-12,2026-06,0,CONSISTENT
PRH-618165,7,2025-12,2026-06,0,CONSISTENT
PRH-618166,7,2025-12,2026-06,0,CONSISTENT
PRH-618167,6,2025-12,2026-05,0,CONSISTENT
PRH-618168,7,2025-12,2026-06,0,CONSISTENT
PRH-618169,7,2025-12,2026-06,0,CONSISTENT
PRH-618170,5,2026-02,2026-06,0,CONSISTENT
PRH-618171,5,2026-02,2026-06,0,CONSISTENT
PRH-618172,74,2019-05,2026-06,0,CONSISTENT
PRH-618173,74,2019-05,2026-06,0,CONSISTENT
PRH-618174,5,2026-02,2026-06,0,CONSISTENT
PRH-618175,25,2023-09,2026-06,0,CONSISTENT
PRH-618176,6,2026-01,2026-06,0,CONSISTENT
PRH-618177,74,2019-05,2026-06,0,CONSISTENT
PRH-618178,5,2026-02,2026-06,0,CONSISTENT
PRH-618179,5,2026-02,2026-06,0,CONSISTENT
PRH-618180,74,2019-05,2026-06,0,CONSISTENT
PRH-618181,14,2024-10,2026-05,0,CONSISTENT
PRH-618182,5,2026-02,2026-06,0,CONSISTENT
PRH-618183,5,2026-02,2026-06,0,CONSISTENT
PRH-618184,6,2026-01,2026-06,0,CONSISTENT
PRH-618185,6,2026-01,2026-06,0,CONSISTENT
PRH-618186,23,2023-11,2026-06,0,CONSISTENT
PRH-618187,6,2026-01,2026-06,0,CONSISTENT
PRH-618188,15,2024-10,2026-06,0,CONSISTENT
PRH-618189,5,2026-02,2026-06,0,CONSISTENT
PRH-618190,23,2023-11,2026-06,0,CONSISTENT
PRH-618191,23,2023-10,2026-05,0,CONSISTENT
PRH-618192,23,2023-10,2026-05,0,CONSISTENT
PRH-618193,5,2026-02,2026-06,0,CONSISTENT
PRH-618194,74,2019-05,2026-06,0,CONSISTENT
PRH-618196,23,2023-11,2026-06,0,CONSISTENT
PRH-618197,23,2023-11,2026-06,0,CONSISTENT
PRH-618198,74,2019-05,2026-06,0,CONSISTENT
PRH-618199,15,2024-10,2026-06,0,CONSISTENT
PRH-618200,24,2023-10,2026-06,0,CONSISTENT
PRH-618201,5,2026-02,2026-06,0,CONSISTENT
PRH-618202,14,2024-10,2026-06,0,CONSISTENT
PRH-618203,14,2024-10,2026-06,0,CONSISTENT
PRH-618204,22,2023-11,2026-06,0,CONSISTENT
PRH-618205,22,2023-11,2026-06,0,CONSISTENT
PRH-618206,5,2026-02,2026-06,0,CONSISTENT
PRH-618207,5,2026-02,2026-06,0,CONSISTENT
PRH-618208,4,2026-02,2026-05,0,CONSISTENT
PRH-618209,5,2026-02,2026-06,0,CONSISTENT
PRH-618210,5,2026-02,2026-06,0,CONSISTENT
PRH-618211,5,2026-02,2026-06,0,CONSISTENT
PRH-618212,6,2026-01,2026-06,0,CONSISTENT
PRH-618213,5,2026-02,2026-06,0,CONSISTENT
PRH-618214,5,2026-02,2026-06,0,CONSISTENT
PRH-618215,5,2026-02,2026-06,0,CONSISTENT
PRH-618216,24,2023-10,2026-06,0,CONSISTENT
PRH-618217,24,2023-10,2026-06,0,CONSISTENT
PRH-618218,5,2026-02,2026-06,0,CONSISTENT
PRH-618219,5,2026-02,2026-06,0,CONSISTENT
PRH-618220,23,2023-09,2026-05,0,CONSISTENT
PRH-618221,14,2024-10,2026-06,0,CONSISTENT
PRH-618222,20,2024-02,2026-06,0,CONSISTENT
PRH-618223,6,2026-01,2026-06,0,CONSISTENT
PRH-618224,6,2026-01,2026-06,0,CONSISTENT
PRH-618225,24,2023-09,2026-06,0,CONSISTENT
PRH-618226,24,2023-09,2026-06,0,CONSISTENT
PRH-618227,27,2023-07,2026-06,0,CONSISTENT
PRH-618228,71,2019-08,2026-06,0,CONSISTENT
PRH-618229,36,2022-09,2026-05,0,CONSISTENT
PRH-618230,35,2022-11,2026-06,0,CONSISTENT
PRH-618231,38,2022-08,2026-06,0,CONSISTENT
PRH-618232,5,2026-02,2026-06,0,CONSISTENT
PRH-618233,44,2021-11,2026-06,0,CONSISTENT
PRH-618234,74,2019-05,2026-06,0,CONSISTENT
PRH-618235,5,2026-02,2026-06,0,CONSISTENT
PRH-618236,5,2026-02,2026-06,0,CONSISTENT
PRH-618237,73,2019-05,2026-05,0,CONSISTENT
PRH-618238,74,2019-05,2026-06,0,CONSISTENT
PRH-618239,5,2026-02,2026-06,0,CONSISTENT
PRH-618240,37,2022-09,2026-06,0,CONSISTENT
PRH-618242,5,2026-02,2026-06,0,CONSISTENT
PRH-618243,7,2025-06,2026-06,0,CONSISTENT
PRH-618244,9,2025-04,2026-06,0,CONSISTENT
PRH-618246,25,2023-09,2026-06,0,CONSISTENT
PRH-618247,6,2026-01,2026-06,0,CONSISTENT
PRH-618248,6,2026-01,2026-06,0,CONSISTENT
PRH-618249,9,2025-04,2026-06,0,CONSISTENT
PRH-618250,14,2024-11,2026-06,0,CONSISTENT
PRH-618251,6,2026-01,2026-06,0,CONSISTENT
PRH-618252,13,2024-11,2026-06,0,CONSISTENT
PRH-618253,3,2026-04,2026-06,0,CONSISTENT
PRH-618254,19,2024-06,2026-06,0,CONSISTENT
PRH-618255,19,2024-06,2026-06,0,CONSISTENT
PRH-618256,24,2023-10,2026-06,0,CONSISTENT
PRH-618257,24,2023-10,2026-06,0,CONSISTENT
PRH-618258,23,2023-10,2026-05,0,CONSISTENT
PRH-618259,46,2021-08,2026-05,0,CONSISTENT
PRH-618260,6,2026-01,2026-06,0,CONSISTENT
PRH-618262,6,2026-01,2026-06,0,CONSISTENT
PRH-618263,11,2025-01,2026-06,0,CONSISTENT
PRH-618264,6,2026-01,2026-06,0,CONSISTENT
PRH-618265,37,2022-09,2026-06,0,CONSISTENT
PRH-618266,34,2022-12,2026-06,0,CONSISTENT
PRH-618267,2,2026-05,2026-06,0,CONSISTENT
PRH-618282,22,2024-01,2026-06,0,CONSISTENT
PRH-618283,22,2024-01,2026-06,0,CONSISTENT
PRH-618284,22,2024-01,2026-06,0,CONSISTENT
PRH-618285,47,2021-07,2026-05,0,CONSISTENT
PRH-618286,39,2022-05,2026-06,0,CONSISTENT
PRH-618287,9,2025-04,2026-06,0,CONSISTENT
PRH-618288,10,2025-03,2026-06,0,CONSISTENT
PRH-618289,54,2021-01,2026-06,0,CONSISTENT
PRH-618290,54,2021-01,2026-06,0,CONSISTENT
PRH-618291,25,2021-01,2026-06,0,CONSISTENT
PRH-618292,54,2021-01,2026-06,0,CONSISTENT
PRH-618293,26,2021-01,2026-06,0,CONSISTENT
PRH-618294,6,2026-01,2026-06,0,CONSISTENT
PRH-618295,9,2025-04,2026-06,0,CONSISTENT
PRH-618296,54,2021-01,2026-06,0,CONSISTENT
PRH-618297,54,2021-01,2026-06,0,CONSISTENT
PRH-618298,46,2021-09,2026-06,0,CONSISTENT
PRH-618299,5,2026-02,2026-06,0,CONSISTENT
PRH-618300,54,2021-01,2026-06,0,CONSISTENT
PRH-618301,5,2026-02,2026-06,0,CONSISTENT
PRH-618302,50,2021-05,2026-06,0,CONSISTENT
PRH-618303,50,2021-05,2026-06,0,CONSISTENT
PRH-618304,10,2025-03,2026-06,0,CONSISTENT
PRH-618305,12,2024-12,2026-06,0,CONSISTENT
PRH-618306,8,2025-05,2026-06,0,CONSISTENT
PRH-618307,3,2025-12,2026-06,0,CONSISTENT
PRH-618308,16,2024-09,2026-06,0,CONSISTENT
PRH-618309,6,2026-01,2026-06,0,CONSISTENT
PRH-618310,8,2025-04,2026-06,0,CONSISTENT
PRH-618311,8,2025-04,2026-06,0,CONSISTENT
PRH-618312,8,2025-05,2026-06,0,CONSISTENT
PRH-618313,6,2026-01,2026-06,0,CONSISTENT
PRH-618314,19,2024-06,2026-06,0,CONSISTENT
PRH-618315,19,2024-06,2026-06,0,CONSISTENT
PRH-618316,6,2026-01,2026-06,0,CONSISTENT
PRH-618317,6,2026-01,2026-06,0,CONSISTENT
PRH-618318,6,2026-01,2026-06,0,CONSISTENT
PRH-618319,6,2026-01,2026-06,0,CONSISTENT
PRH-618320,6,2026-01,2026-06,0,CONSISTENT
PRH-618321,6,2026-01,2026-06,0,CONSISTENT
PRH-618323,6,2026-01,2026-06,0,CONSISTENT
PRH-618324,6,2026-01,2026-06,0,CONSISTENT
PRH-618325,7,2025-12,2026-06,0,CONSISTENT
PRH-618326,7,2025-12,2026-06,0,CONSISTENT
PRH-618327,6,2025-12,2026-05,0,CONSISTENT
PRH-618328,7,2025-12,2026-06,0,CONSISTENT
PRH-618329,6,2025-12,2026-05,0,CONSISTENT
PRH-618330,6,2025-12,2026-05,0,CONSISTENT
PRH-618331,10,2025-03,2026-06,0,CONSISTENT
PRH-618333,7,2025-12,2026-06,0,CONSISTENT
PRH-618334,7,2025-12,2026-06,0,CONSISTENT
PRH-618335,7,2025-12,2026-06,0,CONSISTENT
PRH-618336,7,2025-12,2026-06,0,CONSISTENT
PRH-618337,7,2025-12,2026-06,0,CONSISTENT
PRH-618338,8,2025-05,2026-06,0,CONSISTENT
PRH-618339,7,2025-12,2026-06,0,CONSISTENT
PRH-618340,7,2025-12,2026-06,0,CONSISTENT
PRH-618341,6,2025-12,2026-05,0,CONSISTENT
PRH-618342,6,2025-12,2026-05,0,CONSISTENT
PRH-618343,6,2025-12,2026-05,0,CONSISTENT
PRH-618344,6,2025-12,2026-06,0,CONSISTENT
PRH-618345,6,2025-12,2026-06,0,CONSISTENT
PRH-618346,54,2021-01,2026-06,0,CONSISTENT
PRH-618347,54,2021-01,2026-06,0,CONSISTENT
PRH-618348,6,2026-01,2026-06,0,CONSISTENT
PRH-618349,6,2026-01,2026-06,0,CONSISTENT
PRH-618350,12,2024-12,2026-06,0,CONSISTENT
PRH-618351,23,2023-11,2026-06,0,CONSISTENT
PRH-618352,23,2023-11,2026-06,0,CONSISTENT
PRH-618353,22,2023-11,2026-06,0,CONSISTENT
PRH-618354,19,2024-06,2026-06,0,CONSISTENT
PRH-618355,46,2021-09,2026-06,0,CONSISTENT
PRH-618356,48,2021-07,2026-06,0,CONSISTENT
PRH-618357,39,2022-05,2026-06,0,CONSISTENT
PRH-618358,39,2022-05,2026-06,0,CONSISTENT
PRH-618359,16,2024-09,2026-06,0,CONSISTENT
PRH-618362,48,2021-07,2026-06,0,CONSISTENT
PRH-618363,48,2021-07,2026-06,0,CONSISTENT
PRH-618364,23,2023-11,2026-06,0,CONSISTENT
PRH-618365,23,2023-11,2026-06,0,CONSISTENT
PRH-618366,23,2023-11,2026-06,0,CONSISTENT
PRH-618367,10,2025-03,2026-06,0,CONSISTENT
PRH-618368,16,2024-09,2026-06,0,CONSISTENT
PRH-618369,16,2024-09,2026-06,0,CONSISTENT
PRH-618370,16,2024-09,2026-06,0,CONSISTENT
PRH-618371,28,2023-06,2026-06,0,CONSISTENT
PRH-618372,31,2023-02,2026-05,0,CONSISTENT
PRH-618373,50,2021-05,2026-06,0,CONSISTENT
PRH-618374,50,2021-05,2026-06,0,CONSISTENT
PRH-618375,50,2021-05,2026-06,0,CONSISTENT
PRH-618376,50,2021-05,2026-06,0,CONSISTENT
PRH-618377,50,2021-05,2026-06,0,CONSISTENT
PRH-618379,75,2019-04,2026-06,0,CONSISTENT
PRH-618380,75,2019-04,2026-06,0,CONSISTENT
PRH-618381,74,2019-04,2026-05,0,CONSISTENT
PRH-618382,74,2019-04,2026-05,0,CONSISTENT
PRH-618383,75,2019-04,2026-06,0,CONSISTENT
PRH-618384,74,2019-04,2026-05,0,CONSISTENT
PRH-618385,16,2024-09,2026-06,0,CONSISTENT
PRH-618386,6,2025-12,2026-05,0,CONSISTENT
PRH-618387,19,2024-06,2026-06,0,CONSISTENT
PRH-618388,23,2023-11,2026-06,0,CONSISTENT
PRH-618389,34,2022-12,2026-06,0,CONSISTENT
PRH-618390,75,2019-04,2026-06,0,CONSISTENT
PRH-618391,16,2024-09,2026-06,0,CONSISTENT
PRH-618392,12,2024-12,2026-06,0,CONSISTENT
PRH-618393,16,2024-09,2026-06,0,CONSISTENT
PRH-618394,54,2021-01,2026-06,0,CONSISTENT
PRH-618395,46,2021-09,2026-06,0,CONSISTENT
PRH-618396,6,2025-12,2026-05,0,CONSISTENT
PRH-618397,5,2026-02,2026-06,0,CONSISTENT
PRH-618398,54,2021-01,2026-06,0,CONSISTENT
PRH-618399,46,2021-09,2026-06,0,CONSISTENT
PRH-618400,48,2021-07,2026-06,0,CONSISTENT
PRH-618401,6,2026-01,2026-06,0,CONSISTENT
PRH-618402,10,2025-03,2026-06,0,CONSISTENT
PRH-618403,10,2025-03,2026-06,0,CONSISTENT
PRH-618404,5,2026-02,2026-06,0,CONSISTENT
PRH-618405,10,2025-03,2026-06,0,CONSISTENT
PRH-618406,75,2019-04,2026-06,0,CONSISTENT
PRH-618407,31,2023-02,2026-06,0,CONSISTENT
PRH-618408,47,2021-07,2026-06,0,CONSISTENT
PRH-618409,48,2021-07,2026-06,0,CONSISTENT
PRH-618410,48,2021-07,2026-06,0,CONSISTENT
PRH-618411,25,2023-09,2026-06,0,CONSISTENT
PRH-618412,53,2021-01,2026-06,0,CONSISTENT
PRH-618413,25,2023-09,2026-06,0,CONSISTENT
PRH-618414,46,2021-09,2026-06,0,CONSISTENT
PRH-618415,48,2021-07,2026-06,0,CONSISTENT
PRH-618416,48,2021-07,2026-06,0,CONSISTENT
PRH-618417,7,2025-12,2026-06,0,CONSISTENT
PRH-618418,34,2022-12,2026-06,0,CONSISTENT
PRH-618419,16,2024-09,2026-06,0,CONSISTENT
PRH-618420,16,2024-09,2026-06,0,CONSISTENT
PRH-618421,16,2024-09,2026-06,0,CONSISTENT
PRH-618422,39,2022-05,2026-06,0,CONSISTENT
PRH-618423,86,2018-04,2026-06,0,CONSISTENT
PRH-618424,2,2025-12,2026-01,0,CONSISTENT
PRH-618426,5,2026-02,2026-06,0,CONSISTENT
PRH-618427,54,2021-01,2026-06,0,CONSISTENT
PRH-618428,5,2026-02,2026-06,0,CONSISTENT
PRH-618429,54,2021-01,2026-06,0,CONSISTENT
PRH-618430,54,2021-01,2026-06,0,CONSISTENT
PRH-618431,54,2021-01,2026-06,0,CONSISTENT
PRH-618432,6,2025-12,2026-05,0,CONSISTENT
PRH-618433,46,2021-09,2026-06,0,CONSISTENT
PRH-618434,74,2019-05,2026-06,0,CONSISTENT
PRH-618435,89,2018-01,2026-06,0,CONSISTENT
PRH-618436,89,2018-01,2026-06,0,CONSISTENT
PRH-618437,88,2018-01,2026-06,0,CONSISTENT
PRH-618438,88,2018-01,2026-06,0,CONSISTENT
PRH-618439,6,2026-01,2026-06,0,CONSISTENT
PRH-618440,6,2026-01,2026-06,0,CONSISTENT
PRH-618441,7,2025-12,2026-06,0,CONSISTENT
PRH-618442,6,2026-01,2026-06,0,CONSISTENT
PRH-618443,6,2026-01,2026-06,0,CONSISTENT
PRH-618444,6,2026-01,2026-06,0,CONSISTENT
PRH-618445,5,2026-02,2026-06,0,CONSISTENT
PRH-618446,50,2021-05,2026-06,0,CONSISTENT
PRH-618447,48,2021-07,2026-06,0,CONSISTENT
PRH-618448,50,2021-05,2026-06,0,CONSISTENT
PRH-618449,50,2021-05,2026-06,0,CONSISTENT
PRH-618450,50,2021-05,2026-06,0,CONSISTENT
PRH-618452,12,2024-12,2026-06,0,CONSISTENT
PRH-618454,6,2026-01,2026-06,0,CONSISTENT
PRH-618455,7,2025-12,2026-06,0,CONSISTENT
PRH-618456,30,2023-03,2026-05,0,CONSISTENT
PRH-618457,31,2023-03,2026-06,0,CONSISTENT
PRH-618458,30,2023-04,2026-06,0,CONSISTENT
PRH-618459,33,2023-01,2026-06,0,CONSISTENT
PRH-618460,33,2023-01,2026-06,0,CONSISTENT
PRH-618461,29,2023-01,2026-02,0,CONSISTENT
PRH-618462,33,2023-01,2026-06,0,CONSISTENT
PRH-618463,80,2018-10,2026-06,0,CONSISTENT
PRH-618464,4,2026-02,2026-05,0,CONSISTENT
PRH-618465,28,2023-05,2026-05,0,CONSISTENT
PRH-618466,5,2026-02,2026-06,0,CONSISTENT
PRH-618467,5,2026-02,2026-06,0,CONSISTENT
PRH-618468,32,2023-01,2026-05,0,CONSISTENT
PRH-618469,33,2023-01,2026-06,0,CONSISTENT
PRH-618470,33,2023-01,2026-06,0,CONSISTENT
PRH-618471,33,2023-01,2026-06,0,CONSISTENT
PRH-618472,33,2023-01,2026-06,0,CONSISTENT
PRH-618473,30,2023-04,2026-06,0,CONSISTENT
PRH-618475,23,2023-11,2026-06,0,CONSISTENT
PRH-618476,29,2023-05,2026-06,0,CONSISTENT
PRH-618477,30,2023-04,2026-06,0,CONSISTENT
PRH-618478,30,2023-04,2026-06,0,CONSISTENT
PRH-618479,30,2023-04,2026-06,0,CONSISTENT
PRH-618480,5,2026-02,2026-06,0,CONSISTENT
PRH-618481,30,2023-04,2026-06,0,CONSISTENT
PRH-618482,5,2026-02,2026-06,0,CONSISTENT
PRH-618483,5,2026-02,2026-06,0,CONSISTENT
PRH-618484,29,2023-04,2026-05,0,CONSISTENT
PRH-618485,29,2023-04,2026-05,0,CONSISTENT
PRH-618486,29,2023-04,2026-06,0,CONSISTENT
PRH-618487,44,2021-10,2026-05,0,CONSISTENT
PRH-618488,7,2025-12,2026-06,0,CONSISTENT
PRH-618489,45,2021-10,2026-06,0,CONSISTENT
PRH-618490,7,2025-12,2026-06,0,CONSISTENT
PRH-618491,7,2025-12,2026-06,0,CONSISTENT
PRH-618492,45,2021-10,2026-06,0,CONSISTENT
PRH-618493,21,2024-02,2026-06,0,CONSISTENT
PRH-618494,31,2023-03,2026-06,0,CONSISTENT
PRH-618495,21,2024-02,2026-06,0,CONSISTENT
PRH-618496,31,2023-03,2026-06,0,CONSISTENT
PRH-618497,21,2024-02,2026-06,0,CONSISTENT
PRH-618498,29,2023-04,2026-05,0,CONSISTENT
PRH-618499,30,2023-04,2026-06,0,CONSISTENT
PRH-618500,29,2023-05,2026-06,0,CONSISTENT
PRH-618501,37,2022-08,2026-05,0,CONSISTENT
PRH-618502,37,2022-08,2026-05,0,CONSISTENT
PRH-618503,38,2022-08,2026-06,0,CONSISTENT
PRH-618504,38,2022-08,2026-06,0,CONSISTENT
PRH-618505,21,2024-02,2026-06,0,CONSISTENT
PRH-618506,5,2026-02,2026-06,0,CONSISTENT
PRH-618507,5,2026-02,2026-06,0,CONSISTENT
PRH-618508,5,2026-02,2026-06,0,CONSISTENT
PRH-618509,29,2023-05,2026-06,0,CONSISTENT
PRH-618511,5,2026-02,2026-06,0,CONSISTENT
PRH-618512,33,2023-01,2026-06,0,CONSISTENT
PRH-618513,31,2023-03,2026-06,0,CONSISTENT
PRH-618514,33,2023-01,2026-06,0,CONSISTENT
PRH-618515,29,2023-04,2026-05,0,CONSISTENT
PRH-618516,30,2023-04,2026-06,0,CONSISTENT
PRH-618517,23,2023-11,2026-06,0,CONSISTENT
PRH-618518,5,2026-02,2026-06,0,CONSISTENT
PRH-618519,23,2023-11,2026-06,0,CONSISTENT
PRH-618520,5,2026-02,2026-06,0,CONSISTENT
PRH-618521,30,2023-04,2026-06,0,CONSISTENT
PRH-618522,5,2026-02,2026-06,0,CONSISTENT
PRH-618523,88,2018-02,2026-06,0,CONSISTENT
PRH-618524,5,2026-02,2026-06,0,CONSISTENT
PRH-618525,6,2026-01,2026-06,0,CONSISTENT
PRH-618526,5,2026-02,2026-06,0,CONSISTENT
PRH-618527,52,2021-02,2026-05,0,CONSISTENT
PRH-618529,29,2023-05,2026-06,0,CONSISTENT
PRH-618530,89,2018-01,2026-06,0,CONSISTENT
PRH-618531,30,2023-04,2026-06,0,CONSISTENT
PRH-618532,29,2023-04,2026-05,0,CONSISTENT
PRH-618533,89,2018-01,2026-06,0,CONSISTENT
PRH-618534,2,2026-05,2026-06,0,CONSISTENT
PRH-618535,6,2026-01,2026-06,0,CONSISTENT
PRH-618536,6,2026-01,2026-06,0,CONSISTENT
PRH-618537,21,2024-02,2026-06,0,CONSISTENT
PRH-618538,5,2026-02,2026-06,0,CONSISTENT
PRH-618539,5,2026-02,2026-06,0,CONSISTENT
PRH-618540,6,2026-01,2026-06,0,CONSISTENT
PRH-618541,33,2023-01,2026-06,0,CONSISTENT
PRH-618542,2,2026-05,2026-06,0,CONSISTENT
PRH-618543,30,2023-04,2026-06,0,CONSISTENT
PRH-618544,30,2023-04,2026-06,0,CONSISTENT
PRH-618545,30,2023-04,2026-06,0,CONSISTENT
PRH-618546,26,2023-04,2026-02,0,CONSISTENT
PRH-618547,21,2024-02,2026-06,0,CONSISTENT
PRH-618548,85,2018-01,2026-02,0,CONSISTENT
PRH-618549,24,2023-10,2026-06,0,CONSISTENT
PRH-618550,30,2023-04,2026-06,0,CONSISTENT
PRH-618551,6,2026-01,2026-06,0,CONSISTENT
PRH-618552,30,2023-04,2026-06,0,CONSISTENT
PRH-618553,25,2023-08,2026-05,0,CONSISTENT
PRH-618554,26,2023-08,2026-06,0,CONSISTENT
PRH-618555,86,2018-01,2026-03,0,CONSISTENT
PRH-618556,5,2026-02,2026-06,0,CONSISTENT
PRH-618557,21,2024-02,2026-06,0,CONSISTENT
PRH-618558,31,2023-03,2026-06,0,CONSISTENT
PRH-618559,31,2023-03,2026-06,0,CONSISTENT
PRH-618560,21,2024-02,2026-06,0,CONSISTENT
PRH-618561,5,2026-02,2026-06,0,CONSISTENT
PRH-618562,4,2026-02,2026-05,0,CONSISTENT
PRH-618563,30,2023-04,2026-06,0,CONSISTENT
PRH-618564,5,2026-02,2026-06,0,CONSISTENT
PRH-618565,20,2024-02,2026-05,0,CONSISTENT
PRH-618566,21,2024-02,2026-06,0,CONSISTENT
PRH-618567,6,2026-01,2026-06,0,CONSISTENT
PRH-618568,5,2026-02,2026-06,0,CONSISTENT
PRH-618569,21,2024-02,2026-06,0,CONSISTENT
PRH-618570,29,2023-04,2026-05,0,CONSISTENT
PRH-618571,21,2024-02,2026-06,0,CONSISTENT
PRH-618572,6,2026-01,2026-06,0,CONSISTENT
PRH-618574,5,2026-02,2026-06,0,CONSISTENT
PRH-618575,27,2023-03,2026-02,0,CONSISTENT
PRH-618576,6,2025-12,2026-05,0,CONSISTENT
PRH-618577,5,2026-02,2026-06,0,CONSISTENT
PRH-618578,24,2023-09,2026-05,0,CONSISTENT
PRH-618579,6,2026-01,2026-06,0,CONSISTENT
PRH-618580,33,2023-01,2026-06,0,CONSISTENT
PRH-618581,30,2023-04,2026-06,0,CONSISTENT
PRH-618582,4,2026-02,2026-05,0,CONSISTENT
PRH-618583,4,2026-02,2026-05,0,CONSISTENT
PRH-618584,6,2026-01,2026-06,0,CONSISTENT
PRH-618585,5,2026-02,2026-06,0,CONSISTENT
PRH-618586,5,2026-02,2026-06,0,CONSISTENT
PRH-618588,29,2023-05,2026-06,0,CONSISTENT
PRH-618589,21,2024-02,2026-06,0,CONSISTENT
PRH-618590,21,2024-02,2026-06,0,CONSISTENT
PRH-618591,5,2026-02,2026-06,0,CONSISTENT
PRH-618592,6,2026-01,2026-06,0,CONSISTENT
PRH-618593,5,2026-02,2026-06,0,CONSISTENT
PRH-618594,30,2023-04,2026-06,0,CONSISTENT
PRH-618595,30,2023-04,2026-06,0,CONSISTENT
PRH-618596,30,2023-04,2026-06,0,CONSISTENT
PRH-618597,30,2023-04,2026-06,0,CONSISTENT
PRH-618598,30,2023-04,2026-06,0,CONSISTENT
PRH-618599,30,2023-04,2026-06,0,CONSISTENT
PRH-618600,30,2023-04,2026-06,0,CONSISTENT
PRH-618601,30,2023-04,2026-06,0,CONSISTENT
PRH-618602,30,2023-04,2026-06,0,CONSISTENT
PRH-618603,30,2023-04,2026-06,0,CONSISTENT
PRH-618604,30,2023-04,2026-06,0,CONSISTENT
PRH-618605,30,2023-04,2026-06,0,CONSISTENT
PRH-618606,30,2023-04,2026-06,0,CONSISTENT
PRH-618607,30,2023-04,2026-06,0,CONSISTENT
PRH-618608,21,2024-02,2026-06,0,CONSISTENT
PRH-618609,5,2026-02,2026-06,0,CONSISTENT
PRH-618610,21,2024-02,2026-06,0,CONSISTENT
PRH-618611,5,2026-02,2026-06,0,CONSISTENT
PRH-618612,31,2023-03,2026-06,0,CONSISTENT
PRH-618613,31,2023-03,2026-06,0,CONSISTENT
PRH-618614,28,2023-05,2026-05,0,CONSISTENT
PRH-618615,29,2023-05,2026-06,0,CONSISTENT
PRH-618616,6,2026-01,2026-06,0,CONSISTENT
PRH-618617,30,2023-04,2026-06,0,CONSISTENT
PRH-618618,21,2024-02,2026-06,0,CONSISTENT
PRH-618619,6,2026-01,2026-06,0,CONSISTENT
PRH-618620,5,2026-02,2026-06,0,CONSISTENT
PRH-618621,21,2024-02,2026-06,0,CONSISTENT
PRH-618622,29,2023-05,2026-06,0,CONSISTENT
PRH-618623,5,2026-02,2026-06,0,CONSISTENT
PRH-618624,4,2026-02,2026-05,0,CONSISTENT
PRH-618625,4,2026-02,2026-05,0,CONSISTENT
PRH-618626,5,2026-02,2026-06,0,CONSISTENT
PRH-618627,6,2026-01,2026-06,0,CONSISTENT
PRH-618628,5,2026-02,2026-06,0,CONSISTENT
PRH-618629,5,2026-02,2026-06,0,CONSISTENT
PRH-618630,30,2023-04,2026-06,0,CONSISTENT
PRH-618631,5,2026-02,2026-06,0,CONSISTENT
PRH-618632,30,2023-04,2026-06,0,CONSISTENT
PRH-618633,3,2026-04,2026-06,0,CONSISTENT
PRH-618634,29,2023-05,2026-06,0,CONSISTENT
PRH-618635,29,2023-05,2026-06,0,CONSISTENT
PRH-618636,5,2026-02,2026-06,0,CONSISTENT
PRH-618637,29,2023-05,2026-06,0,CONSISTENT
PRH-618638,4,2026-02,2026-05,0,CONSISTENT
PRH-618639,29,2023-04,2026-06,0,CONSISTENT
PRH-618640,5,2026-02,2026-06,0,CONSISTENT
PRH-618641,5,2026-02,2026-06,0,CONSISTENT
PRH-618642,31,2023-03,2026-06,0,CONSISTENT
PRH-618644,26,2023-08,2026-06,0,CONSISTENT
PRH-618645,21,2024-02,2026-06,0,CONSISTENT
PRH-618646,2,2026-05,2026-06,0,CONSISTENT
PRH-618647,21,2024-02,2026-06,0,CONSISTENT
PRH-618648,1,2026-06,2026-06,0,CONSISTENT
PRH-618649,5,2026-02,2026-06,0,CONSISTENT
PRH-618650,5,2026-02,2026-06,0,CONSISTENT
PRH-618651,6,2026-01,2026-06,0,CONSISTENT
PRH-618652,4,2026-02,2026-05,0,CONSISTENT
PRH-618653,5,2026-02,2026-06,0,CONSISTENT
PRH-618654,23,2023-11,2026-06,0,CONSISTENT
PRH-618655,5,2026-02,2026-06,0,CONSISTENT
PRH-618661,6,2026-01,2026-06,0,CONSISTENT
PRH-618662,3,2026-04,2026-06,0,CONSISTENT
PRH-618663,21,2024-02,2026-06,0,CONSISTENT
PRH-618664,30,2023-04,2026-06,0,CONSISTENT
PRH-618665,29,2023-04,2026-05,0,CONSISTENT
PRH-618666,5,2026-02,2026-06,0,CONSISTENT
PRH-618667,6,2026-01,2026-06,0,CONSISTENT
PRH-618668,6,2026-01,2026-06,0,CONSISTENT
PRH-618669,5,2026-02,2026-06,0,CONSISTENT
PRH-618671,6,2026-01,2026-06,0,CONSISTENT
PRH-618672,6,2026-01,2026-06,0,CONSISTENT
PRH-618673,31,2023-03,2026-06,0,CONSISTENT
PRH-618674,31,2023-03,2026-06,0,CONSISTENT
PRH-618675,22,2024-01,2026-06,0,CONSISTENT
PRH-618676,29,2023-04,2026-05,0,CONSISTENT
PRH-618677,30,2023-04,2026-06,0,CONSISTENT
PRH-618678,30,2023-04,2026-06,0,CONSISTENT
PRH-618680,30,2023-04,2026-06,0,CONSISTENT
PRH-618681,28,2023-06,2026-06,0,CONSISTENT
PRH-618682,5,2026-02,2026-06,0,CONSISTENT
PRH-618684,5,2026-02,2026-06,0,CONSISTENT
PRH-618685,5,2026-02,2026-06,0,CONSISTENT
PRH-618686,5,2026-02,2026-06,0,CONSISTENT
PRH-618687,20,2024-02,2026-06,0,CONSISTENT
PRH-618688,6,2026-01,2026-06,0,CONSISTENT
PRH-618689,26,2023-04,2026-02,0,CONSISTENT
PRH-618690,5,2026-02,2026-06,0,CONSISTENT
PRH-618691,6,2026-01,2026-06,0,CONSISTENT
PRH-618692,5,2026-02,2026-06,0,CONSISTENT
PRH-618693,89,2018-01,2026-06,0,CONSISTENT
PRH-618694,29,2023-05,2026-06,0,CONSISTENT
PRH-618695,28,2023-05,2026-05,0,CONSISTENT
PRH-618696,1,2026-02,2026-02,0,CONSISTENT
PRH-618697,6,2026-01,2026-06,0,CONSISTENT
PRH-618698,4,2026-02,2026-05,0,CONSISTENT
PRH-618699,4,2026-02,2026-05,0,CONSISTENT
PRH-618700,29,2023-05,2026-06,0,CONSISTENT
PRH-618701,20,2024-02,2026-05,0,CONSISTENT
PRH-618702,39,2022-05,2026-06,0,CONSISTENT
PRH-618704,5,2026-02,2026-06,0,CONSISTENT
PRH-618705,3,2026-04,2026-06,0,CONSISTENT
PRH-618706,5,2026-02,2026-06,0,CONSISTENT
PRH-618707,6,2026-01,2026-06,0,CONSISTENT
PRH-618708,21,2024-02,2026-06,0,CONSISTENT
PRH-618709,22,2023-11,2026-06,0,CONSISTENT
PRH-618710,28,2023-06,2026-06,0,CONSISTENT
PRH-618711,30,2023-04,2026-06,0,CONSISTENT
PRH-618712,27,2023-07,2026-06,0,CONSISTENT
PRH-618713,27,2023-07,2026-06,0,CONSISTENT
PRH-618714,27,2023-07,2026-06,0,CONSISTENT
PRH-618715,27,2023-07,2026-06,0,CONSISTENT
PRH-618716,27,2023-07,2026-06,0,CONSISTENT
PRH-618717,27,2023-07,2026-06,0,CONSISTENT
PRH-618718,6,2026-01,2026-06,0,CONSISTENT
PRH-618719,27,2023-07,2026-06,0,CONSISTENT
PRH-618720,27,2023-07,2026-06,0,CONSISTENT
PRH-618721,19,2024-06,2026-06,0,CONSISTENT
PRH-618722,21,2024-02,2026-06,0,CONSISTENT
PRH-618723,21,2024-02,2026-06,0,CONSISTENT
PRH-618724,6,2026-01,2026-06,0,CONSISTENT
PRH-618725,6,2026-01,2026-06,0,CONSISTENT
PRH-618726,6,2026-01,2026-06,0,CONSISTENT
PRH-618727,6,2026-01,2026-06,0,CONSISTENT
PRH-618728,5,2026-02,2026-06,0,CONSISTENT
PRH-618729,1,2026-06,2026-06,0,CONSISTENT
PRH-618730,2,2026-05,2026-06,0,CONSISTENT
PRH-618732,2,2026-05,2026-06,0,CONSISTENT
PRH-618733,1,2026-06,2026-06,0,CONSISTENT
PRH-618734,6,2026-01,2026-06,0,CONSISTENT
PRH-618735,29,2023-05,2026-06,0,CONSISTENT
PRH-618736,5,2026-02,2026-06,0,CONSISTENT
PRH-618737,6,2026-01,2026-06,0,CONSISTENT
PRH-618738,21,2024-02,2026-06,0,CONSISTENT
PRH-618739,21,2024-02,2026-06,0,CONSISTENT
PRH-618740,21,2024-02,2026-06,0,CONSISTENT
PRH-618741,30,2023-04,2026-06,0,CONSISTENT
PRH-618742,3,2026-04,2026-06,0,CONSISTENT
PRH-618743,4,2026-02,2026-05,0,CONSISTENT
PRH-618744,21,2024-02,2026-06,0,CONSISTENT
PRH-618745,20,2024-02,2026-05,0,CONSISTENT
PRH-618746,33,2023-01,2026-06,0,CONSISTENT
PRH-618747,33,2023-01,2026-06,0,CONSISTENT
PRH-618748,33,2022-12,2026-05,0,CONSISTENT
PRH-618749,34,2022-12,2026-06,0,CONSISTENT
PRH-618751,24,2023-10,2026-06,0,CONSISTENT
PRH-618754,5,2026-02,2026-06,0,CONSISTENT
PRH-618755,4,2026-02,2026-05,0,CONSISTENT
PRH-618756,30,2023-04,2026-06,0,CONSISTENT
PRH-618757,5,2026-02,2026-06,0,CONSISTENT
PRH-618758,5,2026-02,2026-06,0,CONSISTENT
PRH-618759,26,2023-07,2026-06,0,CONSISTENT
PRH-618760,29,2023-04,2026-05,0,CONSISTENT
PRH-618761,30,2023-04,2026-06,0,CONSISTENT
PRH-618762,5,2026-02,2026-06,0,CONSISTENT
PRH-618764,30,2023-04,2026-06,0,CONSISTENT
PRH-618765,20,2024-02,2026-06,0,CONSISTENT
PRH-618766,5,2026-02,2026-06,0,CONSISTENT
PRH-618768,3,2026-04,2026-06,0,CONSISTENT
PRH-618769,6,2026-01,2026-06,0,CONSISTENT
PRH-618770,29,2023-04,2026-05,0,CONSISTENT
PRH-618771,28,2023-05,2026-05,0,CONSISTENT
PRH-618772,23,2023-11,2026-06,0,CONSISTENT
PRH-618773,4,2026-02,2026-05,0,CONSISTENT
PRH-618774,29,2023-04,2026-05,0,CONSISTENT
PRH-618775,6,2026-01,2026-06,0,CONSISTENT
PRH-618776,5,2026-02,2026-06,0,CONSISTENT
PRH-618777,23,2023-11,2026-06,0,CONSISTENT
PRH-618778,29,2023-05,2026-06,0,CONSISTENT
PRH-618779,28,2023-05,2026-05,0,CONSISTENT
PRH-618782,5,2026-02,2026-06,0,CONSISTENT
PRH-618783,5,2026-02,2026-06,0,CONSISTENT
PRH-618784,5,2026-02,2026-06,0,CONSISTENT
PRH-618785,30,2023-04,2026-06,0,CONSISTENT
PRH-618786,5,2026-02,2026-06,0,CONSISTENT
PRH-618787,29,2023-05,2026-06,0,CONSISTENT
PRH-618788,20,2024-02,2026-06,0,CONSISTENT
PRH-618789,26,2023-04,2026-02,0,CONSISTENT
PRH-618790,3,2026-04,2026-06,0,CONSISTENT
PRH-618791,6,2026-01,2026-06,0,CONSISTENT
PRH-618792,20,2024-02,2026-06,0,CONSISTENT
PRH-618793,5,2026-02,2026-06,0,CONSISTENT
PRH-618794,30,2023-04,2026-06,0,CONSISTENT
PRH-618795,30,2023-04,2026-06,0,CONSISTENT
PRH-618796,82,2018-08,2026-06,0,CONSISTENT
PRH-618797,6,2026-01,2026-06,0,CONSISTENT
PRH-618798,21,2024-02,2026-06,0,CONSISTENT
PRH-618799,30,2023-04,2026-06,0,CONSISTENT
PRH-618800,21,2024-02,2026-06,0,CONSISTENT
PRH-618801,21,2024-02,2026-06,0,CONSISTENT
PRH-618803,26,2023-08,2026-06,0,CONSISTENT
PRH-618804,82,2018-08,2026-06,0,CONSISTENT
PRH-618805,5,2026-02,2026-06,0,CONSISTENT
PRH-618806,5,2026-02,2026-06,0,CONSISTENT
PRH-618807,23,2023-11,2026-06,0,CONSISTENT
PRH-618808,5,2026-02,2026-06,0,CONSISTENT
PRH-618809,21,2024-02,2026-06,0,CONSISTENT
PRH-618810,21,2024-02,2026-06,0,CONSISTENT
PRH-618811,6,2026-01,2026-06,0,CONSISTENT
PRH-618812,5,2026-02,2026-06,0,CONSISTENT
PRH-618813,5,2026-02,2026-06,0,CONSISTENT
PRH-618814,5,2026-01,2026-06,0,CONSISTENT
PRH-618815,5,2026-02,2026-06,0,CONSISTENT
PRH-618816,5,2026-01,2026-06,0,CONSISTENT
PRH-618817,6,2026-01,2026-06,0,CONSISTENT
PRH-618818,5,2026-02,2026-06,0,CONSISTENT
PRH-618819,6,2025-12,2026-05,0,CONSISTENT
PRH-618820,21,2024-02,2026-06,0,CONSISTENT
PRH-618821,21,2024-02,2026-06,0,CONSISTENT
PRH-618822,5,2026-02,2026-06,0,CONSISTENT
PRH-618823,5,2026-02,2026-06,0,CONSISTENT
PRH-618824,5,2026-02,2026-06,0,CONSISTENT
PRH-618825,30,2023-04,2026-06,0,CONSISTENT
PRH-618826,23,2023-11,2026-06,0,CONSISTENT
PRH-618827,23,2023-11,2026-06,0,CONSISTENT
PRH-618828,20,2024-02,2026-05,0,CONSISTENT
PRH-618829,6,2025-12,2026-05,0,CONSISTENT
PRH-618830,21,2024-02,2026-06,0,CONSISTENT
PRH-618831,5,2026-02,2026-06,0,CONSISTENT
PRH-618832,5,2026-02,2026-06,0,CONSISTENT
PRH-618833,89,2018-01,2026-06,0,CONSISTENT
PRH-618834,28,2023-05,2026-05,0,CONSISTENT
PRH-618835,6,2025-12,2026-05,0,CONSISTENT
PRH-618836,28,2023-06,2026-06,0,CONSISTENT
PRH-618837,28,2023-06,2026-06,0,CONSISTENT
PRH-618838,31,2023-03,2026-06,0,CONSISTENT
PRH-618839,88,2018-01,2026-05,0,CONSISTENT
PRH-618840,89,2018-01,2026-06,0,CONSISTENT
PRH-618841,30,2023-04,2026-06,0,CONSISTENT
PRH-618842,1,2026-06,2026-06,0,CONSISTENT
PRH-618843,6,2026-01,2026-06,0,CONSISTENT
PRH-618844,5,2026-02,2026-06,0,CONSISTENT
PRH-618845,39,2022-05,2026-06,0,CONSISTENT
PRH-618846,5,2026-02,2026-06,0,CONSISTENT
PRH-618847,39,2022-05,2026-06,0,CONSISTENT
PRH-618848,6,2026-01,2026-06,0,CONSISTENT
PRH-618849,28,2023-05,2026-05,0,CONSISTENT
PRH-618850,89,2018-01,2026-06,0,CONSISTENT
PRH-618851,5,2026-02,2026-06,0,CONSISTENT
PRH-618852,29,2023-05,2026-06,0,CONSISTENT
PRH-618853,5,2026-02,2026-06,0,CONSISTENT
PRH-618854,52,2021-02,2026-05,0,CONSISTENT
PRH-618855,29,2023-04,2026-05,0,CONSISTENT
PRH-618856,21,2024-02,2026-06,0,CONSISTENT
PRH-618858,5,2026-02,2026-06,0,CONSISTENT
PRH-618859,30,2023-04,2026-06,0,CONSISTENT
PRH-618861,30,2023-04,2026-06,0,CONSISTENT
PRH-618862,5,2026-02,2026-06,0,CONSISTENT
PRH-618863,5,2026-02,2026-06,0,CONSISTENT
PRH-618864,25,2023-08,2026-05,0,CONSISTENT
PRH-618865,6,2025-12,2026-05,0,CONSISTENT
PRH-618866,6,2026-01,2026-06,0,CONSISTENT
PRH-618867,6,2026-01,2026-06,0,CONSISTENT
PRH-618868,5,2026-02,2026-06,0,CONSISTENT
PRH-618869,6,2026-01,2026-06,0,CONSISTENT
PRH-618870,5,2026-02,2026-06,0,CONSISTENT
PRH-618871,6,2026-01,2026-06,0,CONSISTENT
PRH-618872,5,2026-02,2026-06,0,CONSISTENT
PRH-618873,5,2026-02,2026-06,0,CONSISTENT
PRH-618874,4,2026-02,2026-05,0,CONSISTENT
PRH-618875,5,2026-02,2026-06,0,CONSISTENT
PRH-618876,1,2026-02,2026-02,0,CONSISTENT
PRH-618878,21,2024-02,2026-06,0,CONSISTENT
PRH-618879,5,2026-02,2026-06,0,CONSISTENT
PRH-618880,5,2026-02,2026-06,0,CONSISTENT
PRH-618881,6,2026-01,2026-06,0,CONSISTENT
PRH-618882,6,2026-01,2026-06,0,CONSISTENT
PRH-618883,21,2024-02,2026-06,0,CONSISTENT
PRH-618884,21,2024-02,2026-06,0,CONSISTENT
PRH-618885,21,2024-02,2026-06,0,CONSISTENT
PRH-618886,6,2026-01,2026-06,0,CONSISTENT
PRH-618887,30,2023-04,2026-06,0,CONSISTENT
PRH-618888,21,2024-02,2026-06,0,CONSISTENT
PRH-618889,29,2023-05,2026-06,0,CONSISTENT
PRH-618890,21,2024-02,2026-06,0,CONSISTENT
PRH-618891,5,2026-02,2026-06,0,CONSISTENT
PRH-618892,1,2026-06,2026-06,0,CONSISTENT
PRH-618893,5,2026-02,2026-06,0,CONSISTENT
PRH-618894,30,2023-04,2026-06,0,CONSISTENT
PRH-618895,30,2023-04,2026-06,0,CONSISTENT
PRH-618896,30,2023-04,2026-06,0,CONSISTENT
PRH-618897,88,2018-01,2026-05,0,CONSISTENT
PRH-618898,5,2026-02,2026-06,0,CONSISTENT
PRH-618899,5,2026-02,2026-06,0,CONSISTENT
PRH-618901,5,2026-02,2026-06,0,CONSISTENT
PRH-618902,88,2018-02,2026-06,0,CONSISTENT
PRH-618903,89,2018-01,2026-06,0,CONSISTENT
PRH-618904,89,2018-01,2026-06,0,CONSISTENT
PRH-618905,5,2026-02,2026-06,0,CONSISTENT
PRH-618906,30,2023-04,2026-06,0,CONSISTENT
PRH-618907,5,2026-02,2026-06,0,CONSISTENT
PRH-618908,21,2024-02,2026-06,0,CONSISTENT
PRH-618909,33,2023-01,2026-06,0,CONSISTENT
PRH-618910,30,2023-04,2026-06,0,CONSISTENT
PRH-618911,21,2024-02,2026-06,0,CONSISTENT
PRH-618912,4,2026-02,2026-05,0,CONSISTENT
PRH-618913,87,2018-02,2026-05,0,CONSISTENT
PRH-618914,5,2026-02,2026-06,0,CONSISTENT
PRH-618915,52,2021-02,2026-05,0,CONSISTENT
PRH-618916,52,2021-02,2026-05,0,CONSISTENT
PRH-618917,5,2026-02,2026-06,0,CONSISTENT
PRH-618919,22,2023-11,2026-05,0,CONSISTENT
PRH-618920,5,2026-02,2026-06,0,CONSISTENT
PRH-618921,21,2024-02,2026-06,0,CONSISTENT
PRH-618922,5,2026-02,2026-06,0,CONSISTENT
PRH-618923,5,2026-02,2026-06,0,CONSISTENT
PRH-618924,5,2026-02,2026-06,0,CONSISTENT
PRH-618925,30,2023-04,2026-06,0,CONSISTENT
PRH-618926,5,2026-02,2026-06,0,CONSISTENT
PRH-618927,5,2026-02,2026-06,0,CONSISTENT
PRH-618928,21,2024-02,2026-06,0,CONSISTENT
PRH-618929,5,2026-02,2026-06,0,CONSISTENT
PRH-618930,4,2026-01,2026-06,0,CONSISTENT
PRH-618931,6,2026-01,2026-06,0,CONSISTENT
PRH-618932,6,2026-01,2026-06,0,CONSISTENT
PRH-618933,5,2026-02,2026-06,0,CONSISTENT
PRH-618934,6,2026-01,2026-06,0,CONSISTENT
PRH-618935,20,2024-02,2026-05,0,CONSISTENT
PRH-618936,30,2023-04,2026-06,0,CONSISTENT
PRH-618937,29,2023-05,2026-06,0,CONSISTENT
PRH-618938,28,2023-05,2026-05,0,CONSISTENT
PRH-618939,6,2026-01,2026-06,0,CONSISTENT
PRH-618941,5,2026-02,2026-06,0,CONSISTENT
PRH-618942,30,2023-04,2026-06,0,CONSISTENT
PRH-618943,5,2026-01,2026-05,0,CONSISTENT
PRH-618944,5,2026-02,2026-06,0,CONSISTENT
PRH-618945,33,2023-01,2026-06,0,CONSISTENT
PRH-618946,20,2024-02,2026-05,0,CONSISTENT
PRH-618947,31,2023-03,2026-06,0,CONSISTENT
PRH-618948,6,2026-01,2026-06,0,CONSISTENT
PRH-618949,21,2024-02,2026-06,0,CONSISTENT
PRH-618950,6,2026-01,2026-06,0,CONSISTENT
PRH-618951,31,2023-03,2026-06,0,CONSISTENT
PRH-618952,89,2018-01,2026-06,0,CONSISTENT
PRH-618953,48,2021-07,2026-06,0,CONSISTENT
PRH-618954,5,2026-02,2026-06,0,CONSISTENT
PRH-618955,82,2018-08,2026-06,0,CONSISTENT
PRH-618956,5,2026-02,2026-06,0,CONSISTENT
PRH-618957,5,2026-02,2026-06,0,CONSISTENT
PRH-618958,5,2026-02,2026-06,0,CONSISTENT
PRH-618959,20,2024-02,2026-05,0,CONSISTENT
PRH-618960,21,2024-02,2026-06,0,CONSISTENT
PRH-618961,6,2026-01,2026-06,0,CONSISTENT
PRH-618962,6,2026-01,2026-06,0,CONSISTENT
PRH-618963,5,2026-02,2026-06,0,CONSISTENT
PRH-618964,6,2026-01,2026-06,0,CONSISTENT
PRH-618966,6,2026-01,2026-06,0,CONSISTENT
PRH-618967,6,2026-01,2026-06,0,CONSISTENT
PRH-618968,30,2023-04,2026-06,0,CONSISTENT
PRH-618969,30,2023-04,2026-06,0,CONSISTENT
PRH-618970,30,2023-04,2026-06,0,CONSISTENT
PRH-618971,8,2025-11,2026-06,0,CONSISTENT
PRH-618972,7,2025-12,2026-06,0,CONSISTENT
PRH-618976,7,2025-12,2026-06,0,CONSISTENT
PRH-618977,7,2025-12,2026-06,0,CONSISTENT
PRH-618978,7,2025-12,2026-06,0,CONSISTENT
PRH-618981,3,2026-04,2026-06,0,CONSISTENT
PRH-618982,7,2025-12,2026-06,0,CONSISTENT
PRH-618985,7,2025-12,2026-06,0,CONSISTENT
PRH-618986,7,2025-12,2026-06,0,CONSISTENT
PRH-618991,7,2025-12,2026-06,0,CONSISTENT
PRH-618992,7,2025-12,2026-06,0,CONSISTENT
PRH-618995,7,2025-12,2026-06,0,CONSISTENT
PRH-619003,79,2018-10,2026-06,0,CONSISTENT
PRH-619004,6,2026-01,2026-06,0,CONSISTENT
PRH-619005,6,2026-01,2026-06,0,CONSISTENT
PRH-619007,5,2026-02,2026-06,0,CONSISTENT
PRH-619008,5,2026-02,2026-06,0,CONSISTENT
PRH-619009,3,2026-04,2026-06,0,CONSISTENT
PRH-619010,21,2024-01,2026-06,0,CONSISTENT
PRH-619013,6,2026-01,2026-06,0,CONSISTENT
PRH-619014,3,2026-04,2026-06,0,CONSISTENT
PRH-619022,6,2026-01,2026-06,0,CONSISTENT
PRH-619024,6,2026-01,2026-06,0,CONSISTENT
PRH-619025,6,2026-01,2026-06,0,CONSISTENT
PRH-619026,6,2026-01,2026-06,0,CONSISTENT
PRH-619027,6,2026-01,2026-06,0,CONSISTENT
PRH-619028,6,2026-01,2026-06,0,CONSISTENT
PRH-619029,6,2026-01,2026-06,0,CONSISTENT
PRH-619030,6,2026-01,2026-06,0,CONSISTENT
PRH-619031,6,2026-01,2026-06,0,CONSISTENT
PRH-619032,6,2026-01,2026-06,0,CONSISTENT
PRH-619033,6,2026-01,2026-06,0,CONSISTENT
PRH-619038,45,2021-09,2026-06,0,CONSISTENT
PRH-619039,1,2026-06,2026-06,0,CONSISTENT
PRH-619042,24,2023-09,2026-06,0,CONSISTENT
PRH-619045,5,2026-02,2026-06,0,CONSISTENT
PRH-619049,6,2026-01,2026-06,0,CONSISTENT
PRH-619051,6,2026-01,2026-06,0,CONSISTENT
PRH-619052,6,2026-01,2026-06,0,CONSISTENT
PRH-619053,6,2026-01,2026-06,0,CONSISTENT
PRH-619054,6,2026-01,2026-06,0,CONSISTENT
PRH-619055,6,2026-01,2026-06,0,CONSISTENT
PRH-619056,3,2026-04,2026-06,0,CONSISTENT
PRH-619057,18,2024-06,2026-06,0,CONSISTENT
PRH-619059,78,2018-04,2026-06,0,CONSISTENT
PRH-619060,6,2026-01,2026-06,0,CONSISTENT
PRH-619061,2,2026-05,2026-06,0,CONSISTENT
PRH-619063,29,2023-03,2026-05,0,CONSISTENT
PRH-619064,28,2023-05,2026-06,0,CONSISTENT
PRH-619065,2,2026-01,2026-06,0,CONSISTENT
PRH-619066,30,2023-03,2026-06,0,CONSISTENT
PRH-619067,5,2026-01,2026-05,0,CONSISTENT
PRH-619068,20,2024-02,2026-06,0,CONSISTENT
PRH-619069,6,2026-01,2026-06,0,CONSISTENT
PRH-619070,4,2026-01,2026-04,0,CONSISTENT
PRH-619071,29,2023-04,2026-06,0,CONSISTENT
PRH-619072,29,2023-04,2026-06,0,CONSISTENT
PRH-619073,6,2026-01,2026-06,0,CONSISTENT
PRH-619074,6,2026-01,2026-06,0,CONSISTENT
PRH-619075,5,2026-01,2026-05,0,CONSISTENT
PRH-619076,6,2026-01,2026-06,0,CONSISTENT
PRH-619077,6,2026-01,2026-06,0,CONSISTENT
PRH-619078,87,2018-02,2026-06,0,CONSISTENT
PRH-619080,6,2026-01,2026-06,0,CONSISTENT
PRH-619083,5,2026-01,2026-05,0,CONSISTENT
PRH-619084,5,2026-01,2026-05,0,CONSISTENT
PRH-619086,6,2026-01,2026-06,0,CONSISTENT
PRH-619087,20,2024-02,2026-06,0,CONSISTENT
PRH-619089,30,2023-03,2026-06,0,CONSISTENT
PRH-619090,28,2023-05,2026-06,0,CONSISTENT
PRH-619092,6,2026-01,2026-06,0,CONSISTENT
PRH-619093,6,2026-01,2026-06,0,CONSISTENT
PRH-619094,29,2023-04,2026-06,0,CONSISTENT
PRH-619095,29,2023-04,2026-06,0,CONSISTENT
PRH-619096,88,2018-01,2026-06,0,CONSISTENT
PRH-619097,6,2026-01,2026-06,0,CONSISTENT
PRH-619098,81,2018-08,2026-06,0,CONSISTENT
PRH-619099,6,2026-01,2026-06,0,CONSISTENT
PRH-619100,6,2026-01,2026-06,0,CONSISTENT
PRH-619101,6,2026-01,2026-06,0,CONSISTENT
PRH-619102,3,2026-04,2026-06,0,CONSISTENT
PRH-619103,6,2026-01,2026-06,0,CONSISTENT
PRH-619104,5,2026-01,2026-05,0,CONSISTENT
PRH-619105,6,2026-01,2026-06,0,CONSISTENT
PRH-619106,6,2026-01,2026-06,0,CONSISTENT
PRH-619107,6,2026-01,2026-06,0,CONSISTENT
PRH-619108,6,2026-01,2026-06,0,CONSISTENT
PRH-619109,29,2023-04,2026-06,0,CONSISTENT
PRH-619111,27,2023-06,2026-06,0,CONSISTENT
PRH-619112,27,2023-06,2026-06,0,CONSISTENT
PRH-619113,2,2026-01,2026-06,0,CONSISTENT
PRH-619114,6,2026-01,2026-06,0,CONSISTENT
PRH-619115,2,2026-01,2026-02,0,CONSISTENT
PRH-619117,6,2026-01,2026-06,0,CONSISTENT
PRH-619118,88,2018-01,2026-06,0,CONSISTENT
PRH-619119,88,2018-01,2026-06,0,CONSISTENT
PRH-619120,6,2026-01,2026-06,0,CONSISTENT
PRH-619121,5,2026-01,2026-05,0,CONSISTENT
PRH-619122,27,2023-05,2026-05,0,CONSISTENT
PRH-619123,18,2024-06,2026-06,0,CONSISTENT
PRH-619124,18,2024-06,2026-06,0,CONSISTENT
PRH-619125,18,2024-06,2026-06,0,CONSISTENT
PRH-619126,18,2024-06,2026-06,0,CONSISTENT
PRH-619127,6,2026-01,2026-06,0,CONSISTENT
PRH-619128,32,2023-01,2026-06,0,CONSISTENT
PRH-619129,29,2023-04,2026-06,0,CONSISTENT
PRH-619130,20,2024-02,2026-06,0,CONSISTENT
PRH-619131,79,2018-10,2026-06,0,CONSISTENT
PRH-619132,28,2023-05,2026-06,0,CONSISTENT
PRH-619134,20,2024-02,2026-06,0,CONSISTENT
PRH-619136,6,2026-01,2026-06,0,CONSISTENT
PRH-619137,4,2026-01,2026-04,0,CONSISTENT
PRH-619138,28,2023-04,2026-06,0,CONSISTENT
PRH-619139,6,2026-01,2026-06,0,CONSISTENT
PRH-619140,22,2023-11,2026-06,0,CONSISTENT
PRH-619141,20,2024-02,2026-06,0,CONSISTENT
PRH-619142,6,2026-01,2026-06,0,CONSISTENT
PRH-619143,6,2026-01,2026-06,0,CONSISTENT
PRH-619144,5,2026-01,2026-05,0,CONSISTENT
PRH-619145,6,2026-01,2026-06,0,CONSISTENT
PRH-619146,88,2018-01,2026-06,0,CONSISTENT
PRH-619147,27,2023-05,2026-05,0,CONSISTENT
PRH-619148,5,2026-01,2026-05,0,CONSISTENT
PRH-619149,32,2023-01,2026-06,0,CONSISTENT
PRH-619150,6,2026-01,2026-06,0,CONSISTENT
PRH-619152,88,2018-01,2026-06,0,CONSISTENT
PRH-619153,28,2023-05,2026-06,0,CONSISTENT
PRH-619154,6,2026-01,2026-06,0,CONSISTENT
PRH-619155,32,2023-01,2026-06,0,CONSISTENT
PRH-619156,2,2026-05,2026-06,0,CONSISTENT
PRH-619157,87,2018-02,2026-06,0,CONSISTENT
PRH-619158,87,2018-02,2026-06,0,CONSISTENT
PRH-619160,6,2026-01,2026-06,0,CONSISTENT
PRH-619161,6,2026-01,2026-06,0,CONSISTENT
PRH-619162,29,2023-04,2026-06,0,CONSISTENT
PRH-619163,32,2023-01,2026-06,0,CONSISTENT
PRH-619164,6,2026-01,2026-06,0,CONSISTENT
PRH-619165,6,2026-01,2026-06,0,CONSISTENT
PRH-619166,6,2026-01,2026-06,0,CONSISTENT
PRH-619167,6,2026-01,2026-06,0,CONSISTENT
PRH-619168,29,2023-04,2026-06,0,CONSISTENT
PRH-619171,5,2026-02,2026-06,0,CONSISTENT
PRH-619172,5,2026-02,2026-06,0,CONSISTENT
PRH-619181,5,2026-02,2026-06,0,CONSISTENT
PRH-619183,5,2026-02,2026-06,0,CONSISTENT
PRH-619184,5,2026-02,2026-06,0,CONSISTENT
PRH-619185,5,2026-02,2026-06,0,CONSISTENT
PRH-619186,5,2026-02,2026-06,0,CONSISTENT
PRH-619187,5,2026-02,2026-06,0,CONSISTENT
PRH-619191,5,2026-02,2026-06,0,CONSISTENT
PRH-619193,5,2026-02,2026-06,0,CONSISTENT
PRH-619194,2,2026-05,2026-06,0,CONSISTENT
PRH-619196,5,2026-02,2026-06,0,CONSISTENT
PRH-619197,5,2026-02,2026-06,0,CONSISTENT
PRH-619198,5,2026-02,2026-06,0,CONSISTENT
PRH-619199,5,2026-02,2026-06,0,CONSISTENT
PRH-619200,5,2026-02,2026-06,0,CONSISTENT
PRH-619201,5,2026-02,2026-06,0,CONSISTENT
PRH-619202,5,2026-02,2026-06,0,CONSISTENT
PRH-619203,5,2026-02,2026-06,0,CONSISTENT
PRH-619204,1,2026-06,2026-06,0,CONSISTENT
PRH-619205,5,2026-02,2026-06,0,CONSISTENT
PRH-619206,5,2026-02,2026-06,0,CONSISTENT
PRH-619207,5,2026-02,2026-06,0,CONSISTENT
PRH-619208,5,2026-02,2026-06,0,CONSISTENT
PRH-619209,4,2026-02,2026-05,0,CONSISTENT
PRH-619210,5,2026-02,2026-06,0,CONSISTENT
PRH-619211,5,2026-02,2026-06,0,CONSISTENT
PRH-619212,5,2026-02,2026-06,0,CONSISTENT
PRH-619213,5,2026-02,2026-06,0,CONSISTENT
PRH-619214,5,2026-02,2026-06,0,CONSISTENT
PRH-619215,5,2026-02,2026-06,0,CONSISTENT
PRH-619216,5,2026-02,2026-06,0,CONSISTENT
PRH-619217,5,2026-02,2026-06,0,CONSISTENT
PRH-619218,5,2026-02,2026-06,0,CONSISTENT
PRH-619219,5,2026-02,2026-06,0,CONSISTENT
PRH-619220,5,2026-02,2026-06,0,CONSISTENT
PRH-619222,5,2026-02,2026-06,0,CONSISTENT
PRH-619223,5,2026-02,2026-06,0,CONSISTENT
PRH-619224,5,2026-02,2026-06,0,CONSISTENT
PRH-619225,5,2026-02,2026-06,0,CONSISTENT
PRH-619226,5,2026-02,2026-06,0,CONSISTENT
PRH-619227,3,2026-04,2026-06,0,CONSISTENT
PRH-619228,3,2026-04,2026-06,0,CONSISTENT
PRH-619229,2,2026-05,2026-06,0,CONSISTENT
PRH-619248,1,2026-06,2026-06,0,CONSISTENT
PRH-619251,4,2026-03,2026-06,0,CONSISTENT
PRH-619253,3,2026-04,2026-06,0,CONSISTENT
PRH-619270,1,2026-06,2026-06,0,CONSISTENT
PRH-619271,1,2026-06,2026-06,0,CONSISTENT
PRH-619289,4,2026-03,2026-06,0,CONSISTENT
PRH-619291,4,2026-03,2026-06,0,CONSISTENT
PRH-619292,4,2026-03,2026-06,0,CONSISTENT
PRH-619293,4,2026-03,2026-06,0,CONSISTENT
PRH-619294,4,2026-03,2026-06,0,CONSISTENT
PRH-619295,4,2026-03,2026-06,0,CONSISTENT
PRH-619298,1,2026-06,2026-06,0,CONSISTENT
PRH-619299,1,2026-06,2026-06,0,CONSISTENT
PRH-619300,1,2026-06,2026-06,0,CONSISTENT
PRH-619301,4,2026-03,2026-06,0,CONSISTENT
PRH-619305,4,2026-03,2026-06,0,CONSISTENT
PRH-619306,4,2026-03,2026-06,0,CONSISTENT
PRH-619307,4,2026-03,2026-06,0,CONSISTENT
PRH-619308,4,2026-03,2026-06,0,CONSISTENT
PRH-619311,3,2026-04,2026-06,0,CONSISTENT
PRH-619312,3,2026-04,2026-06,0,CONSISTENT
PRH-619313,3,2026-04,2026-06,0,CONSISTENT
PRH-619314,3,2026-04,2026-06,0,CONSISTENT
PRH-619316,3,2026-04,2026-06,0,CONSISTENT
PRH-619317,3,2026-04,2026-06,0,CONSISTENT
PRH-619318,3,2026-04,2026-06,0,CONSISTENT
PRH-619320,2,2026-04,2026-05,0,CONSISTENT
PRH-619321,2,2026-05,2026-06,0,CONSISTENT
PRH-619326,2,2026-05,2026-06,0,CONSISTENT
PRH-619328,2,2026-05,2026-06,0,CONSISTENT
PRH-619341,2,2026-05,2026-06,0,CONSISTENT
PRH-619347,1,2026-06,2026-06,0,CONSISTENT
PRH-701091,4,2025-07,2025-10,0,CONSISTENT
PRH-701101,77,2019-07,2026-06,1,UNRESOLVED_TARGET_CENSORED
PRH-701105,44,2022-03,2026-05,0,CONSISTENT
PRH-701107,60,2020-12,2026-06,0,CONSISTENT
PRH-701113,22,2024-08,2026-06,0,CONSISTENT
PRH-701121,29,2023-10,2026-06,0,CONSISTENT
PRH-701122,22,2024-08,2026-06,0,CONSISTENT
PRH-701126,40,2022-11,2026-06,1,UNRESOLVED_TARGET_CENSORED
PRH-701127,33,2023-06,2026-06,0,CONSISTENT
PRH-701128,27,2024-01,2026-06,0,CONSISTENT
PRH-701167,60,2020-12,2026-06,0,CONSISTENT
PRH-701168,7,2025-12,2026-06,0,CONSISTENT
PRH-701170,7,2025-12,2026-06,0,CONSISTENT
PRH-701171,37,2023-02,2026-06,0,CONSISTENT
PRH-701172,7,2025-12,2026-06,0,CONSISTENT
PRH-701173,27,2024-01,2026-06,0,CONSISTENT
PRH-701228,94,2018-01,2026-06,0,CONSISTENT
PRH-701263,26,2024-01,2026-05,0,CONSISTENT
PRH-701269,1,2025-07,2025-07,0,CONSISTENT
PRH-701289,55,2021-05,2026-06,0,CONSISTENT
PRH-701324,68,2020-04,2026-06,0,CONSISTENT
PRH-701329,59,2021-01,2026-06,0,CONSISTENT
PRH-701330,12,2025-07,2026-06,0,CONSISTENT
PRH-701338,12,2025-07,2026-06,0,CONSISTENT
PRH-701341,1,2025-07,2025-07,0,CONSISTENT
PRH-701343,67,2020-05,2026-06,0,CONSISTENT
PRH-701344,65,2020-07,2026-06,0,CONSISTENT
PRH-701346,44,2022-05,2026-06,0,CONSISTENT
PRH-701349,64,2020-08,2026-06,0,CONSISTENT
PRH-701350,39,2022-08,2026-02,0,CONSISTENT
PRH-701354,58,2020-12,2026-04,0,CONSISTENT
PRH-701370,12,2025-07,2026-06,0,CONSISTENT
PRH-701371,2,2025-07,2025-08,0,CONSISTENT
PRH-701372,12,2025-07,2026-06,0,CONSISTENT
PRH-701376,12,2025-07,2026-06,0,CONSISTENT
PRH-701377,12,2025-07,2026-06,0,CONSISTENT
PRH-701383,12,2025-07,2026-06,0,CONSISTENT
PRH-701384,1,2025-07,2025-07,0,CONSISTENT
PRH-701386,12,2025-07,2026-06,0,CONSISTENT
PRH-701388,1,2025-07,2025-07,0,CONSISTENT
PRH-701390,1,2025-07,2025-07,0,CONSISTENT
PRH-701391,12,2025-07,2026-06,0,CONSISTENT
PRH-701392,1,2025-07,2025-07,0,CONSISTENT
PRH-701395,12,2025-07,2026-06,0,CONSISTENT
PRH-701396,12,2025-07,2026-06,0,CONSISTENT
PRH-701398,12,2025-07,2026-06,0,CONSISTENT
PRH-701399,12,2025-07,2026-06,0,CONSISTENT
PRH-701400,12,2025-07,2026-06,0,CONSISTENT
PRH-701402,5,2026-02,2026-06,0,CONSISTENT
PRH-701404,12,2025-07,2026-06,0,CONSISTENT
PRH-701405,12,2025-07,2026-06,0,CONSISTENT
PRH-701406,12,2025-07,2026-06,0,CONSISTENT
PRH-701408,12,2025-07,2026-06,0,CONSISTENT
PRH-701410,12,2025-07,2026-06,0,CONSISTENT
PRH-701411,12,2025-07,2026-06,0,CONSISTENT
PRH-701412,12,2025-07,2026-06,0,CONSISTENT
PRH-701415,79,2019-05,2026-06,0,CONSISTENT
PRH-701530,5,2026-02,2026-06,0,CONSISTENT
PRH-701564,2,2025-09,2025-10,0,CONSISTENT
PRH-701565,79,2018-12,2026-06,1,UNRESOLVED_TARGET_CENSORED
PRH-701568,6,2025-09,2026-02,0,CONSISTENT
PRH-701570,10,2025-09,2026-06,0,CONSISTENT
PRH-701574,12,2025-07,2026-06,0,CONSISTENT
PRH-701576,8,2025-07,2026-02,0,CONSISTENT
PRH-701577,9,2025-07,2026-03,0,CONSISTENT
PRH-701586,9,2025-07,2026-03,0,CONSISTENT
PRH-701593,12,2025-07,2026-06,0,CONSISTENT
PRH-701597,12,2025-07,2026-06,0,CONSISTENT
PRH-701598,12,2025-07,2026-06,0,CONSISTENT
PRH-701599,12,2025-07,2026-06,0,CONSISTENT
PRH-701600,8,2025-07,2026-02,0,CONSISTENT
PRH-701602,12,2025-07,2026-06,0,CONSISTENT
PRH-701657,12,2025-07,2026-06,0,CONSISTENT
PRH-701658,12,2025-07,2026-06,0,CONSISTENT
PRH-701668,3,2026-04,2026-06,0,CONSISTENT
PRH-701719,12,2025-07,2026-06,0,CONSISTENT
PRH-701745,12,2025-07,2026-06,0,CONSISTENT
PRH-701766,12,2025-07,2026-06,0,CONSISTENT
PRH-701991,12,2025-07,2026-06,0,CONSISTENT
PRH-702355,10,2025-07,2026-04,0,CONSISTENT
PRH-702522,1,2025-07,2025-07,0,CONSISTENT
PRH-702524,1,2025-07,2025-07,0,CONSISTENT
PRH-702540,1,2025-07,2025-07,0,CONSISTENT
PRH-702544,1,2025-07,2025-07,0,CONSISTENT
PRH-702555,1,2025-07,2025-07,0,CONSISTENT
PRH-702612,1,2025-07,2025-07,0,CONSISTENT
PRH-702625,79,2019-05,2026-06,0,CONSISTENT
PRH-702626,79,2019-05,2026-06,0,CONSISTENT
PRH-702627,63,2020-09,2026-06,0,CONSISTENT
PRH-702628,64,2020-08,2026-06,0,CONSISTENT
PRH-702629,64,2020-08,2026-06,0,CONSISTENT
PRH-702630,73,2019-11,2026-06,0,CONSISTENT
PRH-702631,69,2019-11,2026-02,0,CONSISTENT
PRH-702632,73,2019-11,2026-06,0,CONSISTENT
PRH-702633,69,2019-11,2026-02,0,CONSISTENT
PRH-702635,94,2018-01,2026-06,0,CONSISTENT
PRH-702637,94,2018-01,2026-06,0,CONSISTENT
PRH-702639,77,2018-09,2026-04,0,CONSISTENT
PRH-702658,35,2023-04,2026-06,0,CONSISTENT
PRH-702664,23,2024-07,2026-06,0,CONSISTENT
PRH-702665,49,2021-11,2026-06,0,CONSISTENT
PRH-702668,12,2025-07,2026-06,0,CONSISTENT
PRH-702674,11,2025-08,2026-06,0,CONSISTENT
PRH-702682,3,2025-08,2025-10,0,CONSISTENT
PRH-702699,11,2025-08,2026-06,0,CONSISTENT
PRH-702734,11,2025-08,2026-06,0,CONSISTENT
PRH-702735,8,2025-08,2026-03,0,CONSISTENT
PRH-702741,11,2025-08,2026-06,0,CONSISTENT
PRH-702742,11,2025-08,2026-06,0,CONSISTENT
PRH-702746,11,2025-08,2026-06,0,CONSISTENT
PRH-702760,11,2025-08,2026-06,0,CONSISTENT
PRH-702764,8,2025-08,2026-03,0,CONSISTENT
PRH-702793,11,2025-08,2026-06,0,CONSISTENT
PRH-702798,8,2025-08,2026-03,0,CONSISTENT
PRH-702808,11,2025-08,2026-06,0,CONSISTENT
PRH-702810,11,2025-08,2026-06,0,CONSISTENT
PRH-702833,11,2025-08,2026-06,0,CONSISTENT
PRH-702840,9,2025-08,2026-04,0,CONSISTENT
PRH-702842,4,2025-08,2025-11,0,CONSISTENT
PRH-702851,11,2025-08,2026-06,0,CONSISTENT
PRH-702854,9,2025-08,2026-04,0,CONSISTENT
PRH-702948,6,2025-08,2026-01,0,CONSISTENT
PRH-702949,11,2025-08,2026-06,0,CONSISTENT
PRH-702958,3,2026-04,2026-06,0,CONSISTENT
PRH-703021,11,2025-08,2026-06,0,CONSISTENT
PRH-703057,11,2025-08,2026-06,0,CONSISTENT
PRH-703585,31,2023-08,2026-06,0,CONSISTENT
PRH-703586,31,2023-08,2026-06,0,CONSISTENT
PRH-704495,12,2025-07,2026-06,0,CONSISTENT
PRH-705237,89,2018-06,2026-06,1,UNRESOLVED_TARGET_CENSORED
PRH-705244,12,2025-07,2026-06,0,CONSISTENT
PRH-705252,11,2025-08,2026-06,0,CONSISTENT
PRH-705253,11,2025-08,2026-06,0,CONSISTENT
PRH-705298,12,2025-07,2026-06,0,CONSISTENT
PRH-705300,5,2025-07,2025-11,0,CONSISTENT
PRH-705356,94,2018-01,2026-06,2,UNRESOLVED_TARGET_CENSORED
PRH-705357,31,2023-08,2026-06,0,CONSISTENT
PRH-705358,94,2018-01,2026-06,2,UNRESOLVED_TARGET_CENSORED
PRH-705359,94,2018-01,2026-06,1,UNRESOLVED_TARGET_CENSORED
PRH-705362,94,2018-01,2026-06,2,UNRESOLVED_TARGET_CENSORED
PRH-705363,1,2025-07,2025-07,0,CONSISTENT
PRH-705364,94,2018-01,2026-06,1,UNRESOLVED_TARGET_CENSORED
PRH-705366,94,2018-01,2026-06,1,UNRESOLVED_TARGET_CENSORED
PRH-705368,94,2018-01,2026-06,1,UNRESOLVED_TARGET_CENSORED
PRH-705373,86,2018-09,2026-06,1,UNRESOLVED_TARGET_CENSORED
PRH-705375,94,2018-01,2026-06,1,UNRESOLVED_TARGET_CENSORED
PRH-705385,94,2018-01,2026-06,1,UNRESOLVED_TARGET_CENSORED
PRH-705391,93,2018-01,2026-06,2,UNRESOLVED_TARGET_CENSORED
PRH-705392,94,2018-01,2026-06,2,UNRESOLVED_TARGET_CENSORED
PRH-705394,3,2026-04,2026-06,0,CONSISTENT
PRH-705396,3,2026-04,2026-06,0,CONSISTENT
PRH-705400,1,2025-07,2025-07,0,CONSISTENT
PRH-705401,94,2018-01,2026-06,2,UNRESOLVED_TARGET_CENSORED
PRH-705410,92,2018-01,2026-06,1,UNRESOLVED_TARGET_CENSORED
PRH-705419,94,2018-01,2026-06,1,UNRESOLVED_TARGET_CENSORED
PRH-705424,87,2018-08,2026-06,1,UNRESOLVED_TARGET_CENSORED
PRH-705428,94,2018-01,2026-06,2,UNRESOLVED_TARGET_CENSORED
PRH-705429,94,2018-01,2026-06,2,UNRESOLVED_TARGET_CENSORED
PRH-705432,94,2018-01,2026-06,1,UNRESOLVED_TARGET_CENSORED
PRH-705433,12,2025-07,2026-06,0,CONSISTENT
PRH-705434,12,2025-07,2026-06,0,CONSISTENT
PRH-705436,93,2018-01,2026-06,2,UNRESOLVED_TARGET_CENSORED
PRH-705437,94,2018-01,2026-06,2,UNRESOLVED_TARGET_CENSORED
PRH-705444,12,2025-07,2026-06,0,CONSISTENT
PRH-705450,94,2018-01,2026-06,1,UNRESOLVED_TARGET_CENSORED
PRH-705453,94,2018-01,2026-06,1,UNRESOLVED_TARGET_CENSORED
PRH-705454,94,2018-01,2026-06,1,UNRESOLVED_TARGET_CENSORED
PRH-705457,94,2018-01,2026-06,2,UNRESOLVED_TARGET_CENSORED
PRH-705458,94,2018-01,2026-06,1,UNRESOLVED_TARGET_CENSORED
PRH-705464,3,2026-04,2026-06,0,CONSISTENT
PRH-705479,86,2018-09,2026-06,1,UNRESOLVED_TARGET_CENSORED
PRH-705480,94,2018-01,2026-06,1,UNRESOLVED_TARGET_CENSORED
PRH-705481,93,2018-01,2026-05,2,UNRESOLVED_TARGET_CENSORED
PRH-705482,94,2018-01,2026-06,2,UNRESOLVED_TARGET_CENSORED
PRH-705489,2,2026-04,2026-05,0,CONSISTENT
PRH-705490,94,2018-01,2026-06,1,UNRESOLVED_TARGET_CENSORED
PRH-705491,94,2018-01,2026-06,1,UNRESOLVED_TARGET_CENSORED
PRH-705492,86,2018-09,2026-06,1,UNRESOLVED_TARGET_CENSORED
PRH-705493,3,2026-04,2026-06,0,CONSISTENT
PRH-705494,94,2018-01,2026-06,2,UNRESOLVED_TARGET_CENSORED
PRH-705495,94,2018-01,2026-06,2,UNRESOLVED_TARGET_CENSORED
PRH-705496,94,2018-01,2026-06,2,UNRESOLVED_TARGET_CENSORED
PRH-705497,3,2026-04,2026-06,0,CONSISTENT
PRH-705498,94,2018-01,2026-06,1,UNRESOLVED_TARGET_CENSORED
PRH-705500,94,2018-01,2026-06,1,UNRESOLVED_TARGET_CENSORED
PRH-705502,94,2018-01,2026-06,2,UNRESOLVED_TARGET_CENSORED
PRH-705503,91,2018-01,2026-03,1,UNRESOLVED_TARGET_CENSORED
PRH-705504,94,2018-01,2026-06,1,UNRESOLVED_TARGET_CENSORED
PRH-705505,94,2018-01,2026-06,2,UNRESOLVED_TARGET_CENSORED
PRH-705506,94,2018-01,2026-06,1,UNRESOLVED_TARGET_CENSORED
PRH-705507,94,2018-01,2026-06,1,UNRESOLVED_TARGET_CENSORED
PRH-705510,94,2018-01,2026-06,3,UNRESOLVED_TARGET_CENSORED
PRH-705511,94,2018-01,2026-06,0,CONSISTENT
PRH-705512,94,2018-01,2026-06,0,CONSISTENT
PRH-705513,94,2018-01,2026-06,1,UNRESOLVED_TARGET_CENSORED
PRH-705514,94,2018-01,2026-06,1,UNRESOLVED_TARGET_CENSORED
PRH-705515,94,2018-01,2026-06,0,CONSISTENT
PRH-705520,4,2025-08,2025-11,0,CONSISTENT
PRH-705526,94,2018-01,2026-06,1,UNRESOLVED_TARGET_CENSORED
PRH-705527,86,2018-09,2026-06,1,UNRESOLVED_TARGET_CENSORED
PRH-705528,86,2018-09,2026-06,1,UNRESOLVED_TARGET_CENSORED
PRH-705562,94,2018-01,2026-06,1,UNRESOLVED_TARGET_CENSORED
PRH-705566,3,2025-07,2025-09,0,CONSISTENT
PRH-705567,86,2018-09,2026-06,1,UNRESOLVED_TARGET_CENSORED
PRH-705572,94,2018-01,2026-06,1,UNRESOLVED_TARGET_CENSORED
PRH-705583,93,2018-01,2026-06,1,UNRESOLVED_TARGET_CENSORED
PRH-705588,31,2023-08,2026-06,1,UNRESOLVED_TARGET_CENSORED
PRH-705598,84,2018-11,2026-06,1,UNRESOLVED_TARGET_CENSORED
PRH-705608,84,2018-11,2026-06,0,CONSISTENT
PRH-705610,31,2023-08,2026-06,0,CONSISTENT
PRH-705612,94,2018-01,2026-06,2,UNRESOLVED_TARGET_CENSORED
PRH-705613,94,2018-01,2026-06,1,UNRESOLVED_TARGET_CENSORED
PRH-705616,86,2018-09,2026-06,1,UNRESOLVED_TARGET_CENSORED
PRH-705617,94,2018-01,2026-06,2,UNRESOLVED_TARGET_CENSORED
PRH-705628,94,2018-01,2026-06,1,UNRESOLVED_TARGET_CENSORED
PRH-705629,49,2021-11,2026-06,1,UNRESOLVED_TARGET_CENSORED
PRH-705632,31,2023-08,2026-06,1,UNRESOLVED_TARGET_CENSORED
PRH-705633,94,2018-01,2026-06,2,UNRESOLVED_TARGET_CENSORED
PRH-705635,93,2018-01,2026-06,1,UNRESOLVED_TARGET_CENSORED
PRH-705638,31,2023-08,2026-06,0,CONSISTENT
PRH-705639,31,2023-08,2026-06,0,CONSISTENT
PRH-705648,94,2018-01,2026-06,1,UNRESOLVED_TARGET_CENSORED
PRH-705650,94,2018-01,2026-06,1,UNRESOLVED_TARGET_CENSORED
PRH-705651,8,2025-07,2026-02,0,CONSISTENT
PRH-705659,31,2023-08,2026-06,0,CONSISTENT
PRH-705660,94,2018-01,2026-06,2,UNRESOLVED_TARGET_CENSORED
PRH-705661,94,2018-01,2026-06,1,UNRESOLVED_TARGET_CENSORED
PRH-705662,90,2018-01,2026-02,2,UNRESOLVED_TARGET_CENSORED
PRH-705663,31,2023-08,2026-06,0,CONSISTENT
PRH-705667,60,2020-12,2026-06,1,UNRESOLVED_TARGET_CENSORED
PRH-705668,31,2023-08,2026-06,1,UNRESOLVED_TARGET_CENSORED
PRH-705694,5,2025-07,2025-11,0,CONSISTENT
PRH-705708,5,2025-07,2025-11,0,CONSISTENT
PRH-705710,5,2025-07,2025-11,0,CONSISTENT
PRH-705712,5,2025-07,2025-11,0,CONSISTENT
PRH-705717,5,2025-07,2025-11,0,CONSISTENT
PRH-705720,5,2025-07,2025-11,0,CONSISTENT
PRH-705721,5,2025-07,2025-11,0,CONSISTENT
PRH-705722,5,2025-07,2025-11,0,CONSISTENT
PRH-705726,5,2025-07,2025-11,0,CONSISTENT
PRH-705728,89,2018-06,2026-06,0,CONSISTENT
PRH-705730,94,2018-01,2026-06,1,UNRESOLVED_TARGET_CENSORED
PRH-705735,31,2023-08,2026-06,0,CONSISTENT
PRH-705741,31,2023-08,2026-06,1,UNRESOLVED_TARGET_CENSORED
PRH-705742,29,2023-08,2026-05,1,UNRESOLVED_TARGET_CENSORED
PRH-705743,2,2025-07,2025-08,0,CONSISTENT
PRH-705747,3,2026-04,2026-06,0,CONSISTENT
PRH-705752,31,2023-08,2026-06,0,CONSISTENT
PRH-705755,2,2025-07,2025-08,0,CONSISTENT
PRH-705756,2,2025-07,2025-08,0,CONSISTENT
PRH-705761,31,2023-08,2026-06,0,CONSISTENT
PRH-705762,3,2026-04,2026-06,0,CONSISTENT
PRH-705763,31,2023-08,2026-06,1,UNRESOLVED_TARGET_CENSORED
PRH-705764,51,2021-09,2026-06,0,CONSISTENT
PRH-705765,31,2023-08,2026-06,1,UNRESOLVED_TARGET_CENSORED
PRH-705766,31,2023-08,2026-06,1,UNRESOLVED_TARGET_CENSORED
PRH-705767,2,2025-07,2025-08,0,CONSISTENT
PRH-705771,30,2023-08,2026-06,0,CONSISTENT
PRH-705772,31,2023-08,2026-06,1,UNRESOLVED_TARGET_CENSORED
PRH-705774,31,2023-08,2026-06,0,CONSISTENT
PRH-705777,31,2023-08,2026-06,0,CONSISTENT
PRH-705779,5,2025-07,2025-11,0,CONSISTENT
PRH-705780,31,2023-08,2026-06,1,UNRESOLVED_TARGET_CENSORED
PRH-705782,31,2023-08,2026-06,0,CONSISTENT
PRH-705783,31,2023-08,2026-06,0,CONSISTENT
PRH-705784,5,2025-07,2025-11,0,CONSISTENT
PRH-705785,49,2021-11,2026-06,1,UNRESOLVED_TARGET_CENSORED
PRH-705789,7,2025-07,2026-01,0,CONSISTENT
PRH-705793,12,2025-07,2026-06,0,CONSISTENT
PRH-705794,12,2025-07,2026-06,0,CONSISTENT
PRH-705799,27,2024-01,2026-06,0,CONSISTENT
PRH-705863,3,2025-07,2025-09,0,CONSISTENT
PRH-705912,12,2025-07,2026-06,0,CONSISTENT
PRH-705918,27,2023-08,2026-06,0,CONSISTENT
PRH-705919,31,2023-08,2026-06,0,CONSISTENT
PRH-705933,31,2023-08,2026-06,1,UNRESOLVED_TARGET_CENSORED
PRH-705941,7,2025-12,2026-06,0,CONSISTENT
PRH-706718,40,2022-11,2026-06,0,CONSISTENT
PRH-706724,77,2019-07,2026-06,1,UNRESOLVED_TARGET_CENSORED
PRH-706757,31,2023-08,2026-06,0,CONSISTENT
PRH-706759,94,2018-01,2026-06,1,UNRESOLVED_TARGET_CENSORED
PRH-706763,31,2023-08,2026-06,1,UNRESOLVED_TARGET_CENSORED
PRH-706775,12,2025-07,2026-06,0,CONSISTENT
PRH-706776,94,2018-01,2026-06,1,UNRESOLVED_TARGET_CENSORED
PRH-706777,94,2018-01,2026-06,0,CONSISTENT
PRH-706779,94,2018-01,2026-06,1,UNRESOLVED_TARGET_CENSORED
PRH-706780,27,2024-01,2026-06,0,CONSISTENT
PRH-706781,12,2025-07,2026-06,0,CONSISTENT
PRH-706811,58,2021-02,2026-06,0,CONSISTENT
PRH-706835,30,2023-08,2026-06,0,CONSISTENT
PRH-706836,3,2026-04,2026-06,0,CONSISTENT
PRH-706837,30,2023-08,2026-06,0,CONSISTENT
PRH-706844,4,2025-08,2025-11,0,CONSISTENT
PRH-706854,31,2023-08,2026-06,0,CONSISTENT
PRH-706856,1,2025-07,2025-07,0,CONSISTENT
PRH-706860,30,2023-08,2026-06,0,CONSISTENT
PRH-706865,3,2026-04,2026-06,0,CONSISTENT
PRH-706866,31,2023-08,2026-06,0,CONSISTENT
PRH-706898,12,2025-07,2026-06,0,CONSISTENT
PRH-706922,12,2025-07,2026-06,0,CONSISTENT
PRH-706940,11,2025-08,2026-06,0,CONSISTENT
PRH-706942,11,2025-08,2026-06,0,CONSISTENT
PRH-706950,12,2025-07,2026-06,0,CONSISTENT
PRH-706965,2,2026-05,2026-06,0,CONSISTENT
PRH-706966,2,2026-05,2026-06,0,CONSISTENT
PRH-706988,2,2026-05,2026-06,0,CONSISTENT
PRH-706989,2,2026-05,2026-06,0,CONSISTENT
PRH-707016,2,2026-05,2026-06,0,CONSISTENT
PRH-707017,2,2026-05,2026-06,0,CONSISTENT
PRH-707018,2,2026-05,2026-06,0,CONSISTENT
PRH-707019,2,2026-05,2026-06,0,CONSISTENT
PRH-707020,6,2026-01,2026-06,0,CONSISTENT
PRH-707021,6,2026-01,2026-06,0,CONSISTENT
PRH-707022,6,2026-01,2026-06,0,CONSISTENT
PRH-707039,6,2026-01,2026-06,0,CONSISTENT
PRH-707044,6,2026-01,2026-06,0,CONSISTENT
PRH-707045,6,2026-01,2026-06,0,CONSISTENT
PRH-707046,6,2026-01,2026-06,0,CONSISTENT
PRH-707049,6,2026-01,2026-06,0,CONSISTENT
PRH-707050,6,2026-01,2026-06,0,CONSISTENT
PRH-707051,2,2026-05,2026-06,0,CONSISTENT
PRH-707052,2,2026-05,2026-06,0,CONSISTENT
PRH-707057,2,2026-05,2026-06,0,CONSISTENT
PRH-707058,6,2026-01,2026-06,0,CONSISTENT
PRH-707059,6,2026-01,2026-06,0,CONSISTENT
PRH-707067,2,2026-05,2026-06,0,CONSISTENT
PRH-707069,6,2026-01,2026-06,0,CONSISTENT
PRH-707070,6,2026-01,2026-06,0,CONSISTENT
PRH-707086,6,2026-01,2026-06,0,CONSISTENT
PRH-707087,6,2026-01,2026-06,0,CONSISTENT
PRH-707215,12,2025-07,2026-06,0,CONSISTENT
PRH-707229,12,2025-07,2026-06,0,CONSISTENT
PRH-707267,9,2025-07,2026-03,0,CONSISTENT
PRH-707410,6,2026-01,2026-06,0,CONSISTENT
PRH-707414,1,2026-05,2026-05,0,CONSISTENT
PRH-707419,3,2026-04,2026-06,0,CONSISTENT
PRH-708655,2,2025-07,2025-08,0,CONSISTENT
PRH-708662,9,2025-07,2026-03,0,CONSISTENT
PRH-708687,1,2026-06,2026-06,0,CONSISTENT
PRH-709747,50,2021-10,2026-06,1,UNRESOLVED_TARGET_CENSORED
PRH-709748,5,2025-07,2025-11,0,CONSISTENT
PRH-709749,64,2020-04,2026-02,1,UNRESOLVED_TARGET_CENSORED
PRH-709750,12,2025-07,2026-06,0,CONSISTENT
PRH-709752,49,2021-11,2026-06,0,CONSISTENT
PRH-709753,38,2023-01,2026-06,0,CONSISTENT
PRH-709754,34,2023-05,2026-06,0,CONSISTENT
PRH-709755,33,2023-06,2026-06,0,CONSISTENT
PRH-709757,28,2023-09,2026-04,0,CONSISTENT
PRH-709758,28,2023-09,2026-04,0,CONSISTENT
PRH-709759,27,2024-01,2026-06,0,CONSISTENT
PRH-709760,21,2024-08,2026-05,0,CONSISTENT
PRH-709761,3,2025-07,2025-09,0,CONSISTENT
PRH-709766,30,2023-05,2026-02,0,CONSISTENT
PRH-709768,1,2025-07,2025-07,0,CONSISTENT
PRH-709770,34,2023-05,2026-06,0,CONSISTENT
PRH-709771,34,2023-05,2026-06,0,CONSISTENT
PRH-709772,34,2023-05,2026-06,0,CONSISTENT
PRH-709773,24,2024-06,2026-06,0,CONSISTENT
PRH-709774,45,2022-03,2026-06,0,CONSISTENT
PRH-709776,44,2022-05,2026-06,0,CONSISTENT
PRH-709777,43,2022-08,2026-06,0,CONSISTENT
PRH-709778,43,2022-08,2026-06,0,CONSISTENT
PRH-709779,41,2022-10,2026-06,0,CONSISTENT
PRH-709780,29,2023-10,2026-06,0,CONSISTENT
PRH-709781,29,2023-10,2026-06,0,CONSISTENT
PRH-709782,41,2022-09,2026-05,0,CONSISTENT
PRH-709783,12,2025-07,2026-06,0,CONSISTENT
PRH-709785,35,2023-04,2026-06,0,CONSISTENT
PRH-709786,24,2024-06,2026-06,0,CONSISTENT
PRH-709789,7,2025-07,2026-01,0,CONSISTENT
PRH-709790,7,2025-07,2026-01,0,CONSISTENT
PRH-709791,24,2024-06,2026-06,0,CONSISTENT
PRH-709792,24,2024-06,2026-06,0,CONSISTENT
PRH-709793,24,2024-06,2026-06,0,CONSISTENT
PRH-709794,24,2024-06,2026-06,0,CONSISTENT
PRH-709795,24,2024-06,2026-06,0,CONSISTENT
PRH-709796,24,2024-06,2026-06,0,CONSISTENT
PRH-709797,24,2024-06,2026-06,0,CONSISTENT
PRH-709798,24,2024-06,2026-06,0,CONSISTENT
PRH-709799,24,2024-06,2026-06,0,CONSISTENT
PRH-709800,12,2025-07,2026-06,0,CONSISTENT
PRH-709801,1,2025-07,2025-07,0,CONSISTENT
PRH-709808,5,2025-07,2025-11,0,CONSISTENT
PRH-709809,2,2025-07,2025-08,0,CONSISTENT
PRH-709810,2,2025-07,2025-08,0,CONSISTENT
PRH-709811,29,2023-08,2026-06,0,CONSISTENT
PRH-709812,31,2023-08,2026-06,0,CONSISTENT
PRH-709813,31,2023-08,2026-06,0,CONSISTENT
PRH-709814,3,2025-07,2025-09,0,CONSISTENT
PRH-709815,31,2023-08,2026-06,0,CONSISTENT
PRH-709816,31,2023-08,2026-06,0,CONSISTENT
PRH-709817,30,2023-08,2026-05,0,CONSISTENT
PRH-709818,31,2023-08,2026-06,0,CONSISTENT
PRH-709819,31,2023-08,2026-06,0,CONSISTENT
PRH-709820,1,2025-07,2025-07,0,CONSISTENT
PRH-709826,43,2022-08,2026-06,0,CONSISTENT
PRH-709827,24,2023-11,2026-02,0,CONSISTENT
PRH-709829,4,2025-07,2025-10,0,CONSISTENT
PRH-709830,89,2018-01,2026-02,0,CONSISTENT
PRH-709831,94,2018-01,2026-06,0,CONSISTENT
PRH-709832,85,2018-10,2026-06,0,CONSISTENT
PRH-709837,12,2025-07,2026-06,0,CONSISTENT
PRH-709838,44,2022-05,2026-06,0,CONSISTENT
PRH-709839,40,2022-11,2026-06,0,CONSISTENT
PRH-709840,39,2022-12,2026-06,0,CONSISTENT
PRH-709841,34,2023-05,2026-06,0,CONSISTENT
PRH-709842,34,2023-05,2026-06,0,CONSISTENT
PRH-709845,27,2024-01,2026-06,0,CONSISTENT
PRH-709846,23,2024-01,2026-02,0,CONSISTENT
PRH-709847,24,2024-06,2026-06,0,CONSISTENT
PRH-709848,24,2024-06,2026-06,0,CONSISTENT
PRH-709849,22,2024-08,2026-06,0,CONSISTENT
PRH-709850,22,2024-08,2026-06,0,CONSISTENT
PRH-709851,21,2024-09,2026-06,0,CONSISTENT
PRH-709855,1,2025-07,2025-07,0,CONSISTENT
PRH-709856,32,2023-07,2026-06,0,CONSISTENT
PRH-709857,31,2023-08,2026-06,1,UNRESOLVED_TARGET_CENSORED
PRH-709858,5,2025-07,2025-11,0,CONSISTENT
PRH-709859,91,2018-04,2026-06,0,CONSISTENT
PRH-709864,28,2023-11,2026-06,0,CONSISTENT
PRH-709865,28,2023-11,2026-06,0,CONSISTENT
PRH-900808,34,2023-04,2026-05,0,CONSISTENT
PRH-900872,1,2025-08,2025-08,0,CONSISTENT
PRH-900874,10,2025-09,2026-06,0,CONSISTENT
PRH-N02000010,74,2018-01,2024-09,0,CONSISTENT
PRH-N02000027,74,2018-01,2024-09,0,CONSISTENT
PRH-N02000028,74,2018-01,2024-09,0,CONSISTENT
PRH-N02000029,29,2021-11,2024-09,0,CONSISTENT
PRH-N04000050,10,2018-01,2018-10,0,CONSISTENT
PRH-N04000073,82,2018-01,2025-06,1,UNRESOLVED_TARGET_CENSORED
PRH-N04000074,65,2019-07,2025-06,0,CONSISTENT
PRH-N04000075,62,2019-07,2025-03,0,CONSISTENT
PRH-N04000076,62,2019-07,2025-06,1,UNRESOLVED_TARGET_CENSORED
PRH-N04000077,65,2019-07,2025-06,0,CONSISTENT
PRH-N04000079,65,2019-07,2025-06,1,UNRESOLVED_TARGET_CENSORED
PRH-N04000080,65,2019-07,2025-06,1,UNRESOLVED_TARGET_CENSORED
PRH-N04000081,65,2019-07,2025-06,1,UNRESOLVED_TARGET_CENSORED
PRH-N04000084,34,2019-07,2022-10,1,UNRESOLVED_TARGET_CENSORED
PRH-N04000085,65,2019-07,2025-06,1,UNRESOLVED_TARGET_CENSORED
PRH-N04000086,45,2020-12,2025-03,0,CONSISTENT
PRH-N04000087,48,2020-12,2025-06,0,CONSISTENT
PRH-N04000088,48,2020-12,2025-06,0,CONSISTENT
PRH-N04000089,45,2020-12,2025-03,0,CONSISTENT
PRH-N04000090,48,2020-12,2025-06,0,CONSISTENT
PRH-N04000092,38,2021-10,2025-06,0,CONSISTENT
PRH-N04000093,33,2022-03,2025-06,0,CONSISTENT
PRH-N04000094,33,2022-03,2025-06,0,CONSISTENT
PRH-N04000096,33,2022-03,2025-06,0,CONSISTENT
PRH-N04000097,1,2022-05,2022-05,0,CONSISTENT
PRH-N04000098,31,2022-08,2025-06,0,CONSISTENT
PRH-N04000102,18,2023-09,2025-06,0,CONSISTENT
PRH-N06000008,78,2018-01,2025-01,0,CONSISTENT
PRH-N06000015,46,2018-01,2022-01,1,UNRESOLVED_TARGET_CENSORED
PRH-N06000017,35,2018-01,2020-12,0,CONSISTENT
PRH-N06000020,48,2018-01,2022-01,1,UNRESOLVED_TARGET_CENSORED
PRH-N06000033,14,2018-01,2019-02,0,CONSISTENT
PRH-N06000034,48,2018-01,2022-01,1,UNRESOLVED_TARGET_CENSORED
PRH-N06000035,48,2018-01,2022-01,1,UNRESOLVED_TARGET_CENSORED
PRH-N06000044,48,2018-01,2022-01,1,UNRESOLVED_TARGET_CENSORED
PRH-N06000048,35,2018-01,2020-12,0,CONSISTENT
PRH-N06000049,27,2018-01,2022-01,0,CONSISTENT
PRH-N06000056,11,2018-01,2018-11,0,CONSISTENT
PRH-N06000066,32,2018-01,2020-09,0,CONSISTENT
PRH-N06000067,48,2018-01,2022-01,0,CONSISTENT
PRH-N06000068,55,2018-01,2022-11,0,CONSISTENT
PRH-N06000075,48,2018-01,2022-01,0,CONSISTENT
PRH-N06000076,72,2018-01,2024-07,0,CONSISTENT
PRH-N06000078,48,2018-01,2022-01,0,CONSISTENT
PRH-N06000079,27,2018-01,2020-04,0,CONSISTENT
PRH-N06000080,30,2018-01,2020-07,0,CONSISTENT
PRH-N06000081,50,2018-01,2022-03,0,CONSISTENT
PRH-N06000082,18,2018-01,2019-07,0,CONSISTENT
PRH-N06000083,74,2018-01,2024-09,0,CONSISTENT
PRH-N06000084,17,2018-01,2019-06,0,CONSISTENT
PRH-N06000086,25,2018-01,2020-02,0,CONSISTENT
PRH-N06000088,72,2018-01,2024-07,0,CONSISTENT
PRH-N06000089,48,2018-01,2022-01,0,CONSISTENT
PRH-N06000091,14,2018-01,2019-02,0,CONSISTENT
PRH-N06000093,48,2018-01,2022-01,0,CONSISTENT
PRH-N06000094,48,2018-01,2022-01,0,CONSISTENT
PRH-N06000095,67,2018-01,2023-11,0,CONSISTENT
PRH-N06000099,35,2018-01,2020-12,0,CONSISTENT
PRH-N06000100,28,2018-01,2020-05,0,CONSISTENT
PRH-N06000101,48,2018-01,2022-01,0,CONSISTENT
PRH-N06000102,47,2018-01,2021-12,0,CONSISTENT
PRH-N06000103,48,2018-01,2022-01,1,UNRESOLVED_TARGET_CENSORED
PRH-N06000104,82,2018-01,2025-06,0,CONSISTENT
PRH-N06000106,70,2018-01,2024-03,0,CONSISTENT
PRH-N06000108,35,2018-01,2020-12,0,CONSISTENT
PRH-N06000109,48,2018-01,2022-01,0,CONSISTENT
PRH-N06000111,35,2018-01,2020-12,0,CONSISTENT
PRH-N06000114,34,2018-01,2020-11,0,CONSISTENT
PRH-N06000115,35,2018-01,2020-12,0,CONSISTENT
PRH-N06000117,78,2018-01,2025-01,0,CONSISTENT
PRH-N06000118,48,2018-01,2022-01,1,UNRESOLVED_TARGET_CENSORED
PRH-N06000119,15,2018-01,2019-04,0,CONSISTENT
PRH-N06000120,18,2018-01,2019-07,0,CONSISTENT
PRH-N06000121,48,2018-01,2022-01,0,CONSISTENT
PRH-N06000122,72,2018-01,2024-07,0,CONSISTENT
PRH-N06000124,72,2018-01,2024-07,0,CONSISTENT
PRH-N06000126,78,2018-01,2025-01,0,CONSISTENT
PRH-N06000127,48,2018-01,2022-01,0,CONSISTENT
PRH-N06000128,53,2018-01,2022-09,0,CONSISTENT
PRH-N06000129,48,2018-01,2022-01,0,CONSISTENT
PRH-N06000130,44,2018-01,2021-09,0,CONSISTENT
PRH-N06000131,44,2018-01,2021-09,0,CONSISTENT
PRH-N06000133,48,2018-01,2022-01,0,CONSISTENT
PRH-N06000134,72,2018-01,2024-07,0,CONSISTENT
PRH-N06000136,72,2018-01,2024-07,0,CONSISTENT
PRH-N06000138,67,2018-01,2023-11,0,CONSISTENT
PRH-N06000139,35,2018-01,2020-12,0,CONSISTENT
PRH-N06000140,72,2018-01,2024-07,0,CONSISTENT
PRH-N06000141,48,2018-01,2022-01,1,UNRESOLVED_TARGET_CENSORED
PRH-N06000142,48,2018-01,2022-01,1,UNRESOLVED_TARGET_CENSORED
PRH-N06000143,71,2018-01,2024-07,0,CONSISTENT
PRH-N06000144,67,2018-01,2023-11,0,CONSISTENT
PRH-N06000145,67,2018-01,2023-11,0,CONSISTENT
PRH-N06000146,31,2018-01,2020-08,0,CONSISTENT
PRH-N06000147,30,2018-01,2020-07,0,CONSISTENT
PRH-N06000149,44,2018-01,2021-09,0,CONSISTENT
PRH-N06000150,48,2018-01,2022-01,0,CONSISTENT
PRH-N06000151,9,2018-01,2018-09,0,CONSISTENT
PRH-N06000153,48,2018-01,2022-01,1,UNRESOLVED_TARGET_CENSORED
PRH-N06000155,48,2018-01,2022-01,1,UNRESOLVED_TARGET_CENSORED
PRH-N06000157,76,2018-01,2024-11,0,CONSISTENT
PRH-N06000158,72,2018-01,2024-07,0,CONSISTENT
PRH-N06000159,70,2018-01,2024-03,0,CONSISTENT
PRH-N06000160,45,2018-01,2021-10,0,CONSISTENT
PRH-N06000161,76,2018-07,2025-06,0,CONSISTENT
PRH-N06000162,72,2018-07,2025-01,0,CONSISTENT
PRH-N06000172,57,2019-05,2024-07,0,CONSISTENT
PRH-N06000173,54,2019-06,2024-03,0,CONSISTENT
PRH-N06000174,14,2019-06,2020-07,0,CONSISTENT
PRH-N06000175,14,2019-06,2020-07,0,CONSISTENT
PRH-N06000176,32,2019-06,2022-01,0,CONSISTENT
PRH-N06000177,18,2019-07,2020-12,0,CONSISTENT
PRH-N06000178,38,2019-07,2022-11,0,CONSISTENT
PRH-N06000180,59,2019-07,2024-11,0,CONSISTENT
PRH-N06000181,15,2019-07,2020-09,0,CONSISTENT
PRH-N06000182,30,2019-08,2022-01,0,CONSISTENT
PRH-N06000185,50,2019-12,2024-07,0,CONSISTENT
PRH-N06000187,41,2020-04,2023-11,0,CONSISTENT
PRH-N06000188,41,2020-04,2023-11,0,CONSISTENT
PRH-N06000189,54,2020-04,2025-04,0,CONSISTENT
PRH-N06000198,46,2021-02,2025-06,0,CONSISTENT
PRH-N06000207,32,2021-06,2024-07,0,CONSISTENT
PRH-N06000210,34,2022-02,2025-06,0,CONSISTENT
PRH-N06000212,19,2022-02,2023-11,0,CONSISTENT
PRH-N06000215,19,2022-02,2023-11,0,CONSISTENT
PRH-N06000221,5,2022-02,2022-09,0,CONSISTENT
PRH-N06000224,5,2022-02,2022-09,0,CONSISTENT
PRH-N06000225,18,2022-02,2023-10,0,CONSISTENT
PRH-N06000227,29,2022-02,2024-12,1,UNRESOLVED_TARGET_CENSORED
PRH-N06000228,5,2022-02,2022-09,0,CONSISTENT
PRH-N06000231,30,2022-02,2025-01,0,CONSISTENT
PRH-N06000234,5,2022-02,2022-09,0,CONSISTENT
PRH-N06000235,13,2022-03,2023-06,0,CONSISTENT
PRH-N06000248,29,2022-03,2025-01,0,CONSISTENT
PRH-N06000261,22,2022-12,2024-12,0,CONSISTENT
PRH-N06000263,9,2023-06,2024-03,0,CONSISTENT
PRH-N06000268,3,2024-01,2024-03,0,CONSISTENT
PRH-N07000001,33,2022-03,2025-06,0,CONSISTENT
PRH-N08000009,23,2018-01,2019-12,0,CONSISTENT
PRH-N08000010,14,2018-01,2019-02,0,CONSISTENT
PRH-N08000014,48,2018-02,2022-02,0,CONSISTENT
PRH-N08000015,47,2018-02,2022-01,0,CONSISTENT
PRH-N08000016,47,2018-02,2022-01,0,CONSISTENT
PRH-N08000018,49,2018-03,2022-05,0,CONSISTENT
PRH-N08000019,13,2022-08,2023-08,0,CONSISTENT
PRH-N08000020,3,2023-06,2023-08,0,CONSISTENT
PRH-N09000001,5,2019-07,2019-11,0,CONSISTENT
PRH-N09000002,5,2019-07,2019-11,0,CONSISTENT
PRH-N09000003,5,2019-07,2019-11,0,CONSISTENT
PRH-N10000011,82,2018-01,2025-06,0,CONSISTENT
PRH-N10000017,18,2023-09,2025-06,0,CONSISTENT
PRH-N12000057,6,2018-01,2018-06,0,CONSISTENT
PRH-N12000085,17,2018-01,2019-06,0,CONSISTENT
PRH-N12000086,64,2018-01,2023-08,0,CONSISTENT
PRH-N12000091,17,2018-01,2019-06,0,CONSISTENT
PRH-N12000093,3,2018-01,2018-03,0,CONSISTENT
PRH-N12000094,26,2018-01,2020-03,0,CONSISTENT
PRH-N12000096,36,2018-01,2021-01,0,CONSISTENT
PRH-N12000097,17,2018-01,2019-06,0,CONSISTENT
PRH-N12000098,43,2018-01,2021-08,0,CONSISTENT
PRH-N12000099,43,2018-01,2021-08,0,CONSISTENT
PRH-N12000100,43,2018-01,2021-08,0,CONSISTENT
PRH-N12000101,29,2018-01,2020-06,0,CONSISTENT
PRH-N12000102,29,2018-01,2020-06,0,CONSISTENT
PRH-N12000103,77,2018-01,2024-12,0,CONSISTENT
PRH-N12000104,31,2018-01,2020-08,0,CONSISTENT
PRH-N12000106,24,2018-01,2020-01,0,CONSISTENT
PRH-N12000107,30,2018-01,2020-07,0,CONSISTENT
PRH-N12000108,48,2018-01,2022-01,0,CONSISTENT
PRH-N12000109,30,2018-01,2020-07,0,CONSISTENT
PRH-N12000110,30,2018-01,2020-07,0,CONSISTENT
PRH-N12000111,30,2018-01,2020-07,0,CONSISTENT
PRH-N12000112,30,2018-01,2020-07,0,CONSISTENT
PRH-N12000114,30,2018-01,2020-07,0,CONSISTENT
PRH-N12000115,17,2018-01,2019-06,0,CONSISTENT
PRH-N12000116,47,2018-01,2021-12,0,CONSISTENT
PRH-N12000117,46,2018-01,2021-11,0,CONSISTENT
PRH-N12000118,56,2018-01,2022-12,0,CONSISTENT
PRH-N12000119,36,2018-01,2021-01,0,CONSISTENT
PRH-N12000120,17,2018-01,2019-06,0,CONSISTENT
PRH-N12000121,30,2019-02,2021-08,0,CONSISTENT
PRH-N12000122,48,2020-12,2025-06,0,CONSISTENT
PRH-N12000123,32,2021-01,2023-11,0,CONSISTENT
PRH-N12000125,34,2022-02,2025-06,0,CONSISTENT
PRH-N12000126,22,2022-03,2024-06,0,CONSISTENT
PRH-N12000133,14,2024-02,2025-06,0,CONSISTENT
PRH-N12000134,14,2024-02,2025-06,0,CONSISTENT
PRH-N12000135,12,2024-06,2025-06,0,CONSISTENT
PRH-N16000061,23,2018-01,2019-12,0,CONSISTENT
PRH-N16000072,17,2018-01,2019-06,0,CONSISTENT
PRH-N16000084,15,2018-01,2019-04,0,CONSISTENT
PRH-N16000088,17,2018-01,2019-06,0,CONSISTENT
PRH-N16000127,23,2018-01,2019-12,0,CONSISTENT
PRH-N16000128,56,2018-01,2022-12,0,CONSISTENT
PRH-N16000131,26,2018-01,2020-03,0,CONSISTENT
PRH-N16000133,6,2018-01,2018-06,0,CONSISTENT
PRH-N16000136,1,2018-01,2018-01,0,CONSISTENT
PRH-N16000148,11,2018-01,2018-11,0,CONSISTENT
PRH-N16000155,19,2018-01,2019-08,0,CONSISTENT
PRH-N16000159,6,2018-01,2018-06,0,CONSISTENT
PRH-N16000162,60,2018-01,2023-04,0,CONSISTENT
PRH-N16000167,42,2018-01,2021-07,0,CONSISTENT
PRH-N16000169,35,2018-01,2020-12,0,CONSISTENT
PRH-N16000171,56,2018-01,2022-12,0,CONSISTENT
PRH-N16000172,6,2018-01,2018-06,0,CONSISTENT
PRH-N16000175,14,2018-01,2019-02,0,CONSISTENT
PRH-N16000179,23,2018-01,2019-12,0,CONSISTENT
PRH-N16000184,30,2018-01,2020-07,0,CONSISTENT
PRH-N16000187,17,2018-01,2019-06,0,CONSISTENT
PRH-N16000188,6,2018-01,2018-06,0,CONSISTENT
PRH-N16000192,4,2018-01,2018-04,0,CONSISTENT
PRH-N16000193,56,2018-01,2022-12,0,CONSISTENT
PRH-N16000194,57,2018-01,2023-01,0,CONSISTENT
PRH-N16000195,22,2018-01,2019-11,0,CONSISTENT
PRH-N16000196,50,2018-01,2022-03,0,CONSISTENT
PRH-N16000197,26,2018-01,2020-03,0,CONSISTENT
PRH-N16000198,25,2018-01,2020-02,0,CONSISTENT
PRH-N16000199,8,2018-01,2018-08,0,CONSISTENT
PRH-N16000201,4,2018-01,2018-04,0,CONSISTENT
PRH-N16000202,13,2018-01,2019-01,0,CONSISTENT
PRH-N16000203,11,2018-01,2018-11,0,CONSISTENT
PRH-N16000204,29,2018-01,2020-06,0,CONSISTENT
PRH-N16000207,9,2018-01,2018-09,0,CONSISTENT
PRH-N16000209,22,2018-01,2019-11,0,CONSISTENT
PRH-N16000210,35,2018-01,2020-12,0,CONSISTENT
PRH-N16000211,8,2018-01,2018-08,0,CONSISTENT
PRH-N16000212,26,2018-01,2020-03,0,CONSISTENT
PRH-N16000214,4,2018-01,2018-04,0,CONSISTENT
PRH-N16000216,14,2018-01,2019-02,0,CONSISTENT
PRH-N16000218,1,2018-01,2018-01,0,CONSISTENT
PRH-N16000222,2,2018-01,2018-02,0,CONSISTENT
PRH-N16000223,36,2018-01,2021-01,0,CONSISTENT
PRH-N16000224,3,2018-01,2018-03,0,CONSISTENT
PRH-N16000225,1,2018-01,2018-01,0,CONSISTENT
PRH-N16000226,14,2018-01,2019-02,0,CONSISTENT
PRH-N16000227,44,2018-01,2021-09,0,CONSISTENT
PRH-N16000231,14,2018-01,2019-02,0,CONSISTENT
PRH-N16000232,11,2018-01,2018-11,0,CONSISTENT
PRH-N16000233,49,2018-01,2022-02,0,CONSISTENT
PRH-N16000235,78,2018-01,2025-01,0,CONSISTENT
PRH-N16000236,46,2018-01,2021-11,0,CONSISTENT
PRH-N16000237,19,2018-01,2019-08,0,CONSISTENT
PRH-N16000238,35,2018-01,2020-12,0,CONSISTENT
PRH-N16000239,78,2018-01,2025-01,1,UNRESOLVED_TARGET_CENSORED
PRH-N16000241,67,2018-01,2023-11,1,UNRESOLVED_TARGET_CENSORED
PRH-N16000242,13,2018-01,2019-01,0,CONSISTENT
PRH-N16000243,26,2018-01,2020-03,0,CONSISTENT
PRH-N16000245,4,2018-01,2018-04,0,CONSISTENT
PRH-N16000246,6,2018-01,2018-06,0,CONSISTENT
PRH-N16000248,20,2018-01,2019-09,0,CONSISTENT
PRH-N16000249,69,2018-01,2024-02,0,CONSISTENT
PRH-N16000250,20,2018-01,2019-09,0,CONSISTENT
PRH-N16000251,35,2018-01,2020-12,0,CONSISTENT
PRH-N16000252,24,2018-01,2020-01,0,CONSISTENT
PRH-N16000253,75,2018-01,2024-10,0,CONSISTENT
PRH-N16000254,26,2018-01,2020-03,0,CONSISTENT
PRH-N16000255,30,2018-01,2020-07,0,CONSISTENT
PRH-N16000256,30,2018-01,2020-07,0,CONSISTENT
PRH-N16000257,49,2018-01,2022-02,0,CONSISTENT
PRH-N16000258,51,2018-01,2022-05,0,CONSISTENT
PRH-N16000259,51,2018-01,2022-05,0,CONSISTENT
PRH-N16000260,30,2018-01,2020-07,0,CONSISTENT
PRH-N16000261,39,2018-01,2021-04,0,CONSISTENT
PRH-N16000262,10,2018-01,2018-10,0,CONSISTENT
PRH-N16000263,40,2018-01,2021-05,0,CONSISTENT
PRH-N16000264,8,2018-01,2018-08,0,CONSISTENT
PRH-N16000267,46,2018-01,2021-11,0,CONSISTENT
PRH-N16000268,56,2018-01,2022-12,0,CONSISTENT
PRH-N16000269,36,2018-01,2021-01,0,CONSISTENT
PRH-N16000270,36,2018-01,2021-01,0,CONSISTENT
PRH-N16000271,49,2018-01,2022-02,0,CONSISTENT
PRH-N16000272,62,2018-01,2023-06,0,CONSISTENT
PRH-N16000273,51,2018-01,2022-05,0,CONSISTENT
PRH-N16000274,61,2018-01,2023-05,0,CONSISTENT
PRH-N16000276,46,2018-01,2021-11,0,CONSISTENT
PRH-N16000277,34,2018-01,2020-11,0,CONSISTENT
PRH-N16000278,46,2018-01,2021-11,0,CONSISTENT
PRH-N16000280,20,2018-01,2019-09,0,CONSISTENT
PRH-N16000281,42,2018-01,2021-07,0,CONSISTENT
PRH-N16000282,59,2018-01,2023-03,0,CONSISTENT
PRH-N16000283,69,2018-01,2024-02,0,CONSISTENT
PRH-N16000284,34,2018-01,2020-11,0,CONSISTENT
PRH-N16000286,48,2018-01,2022-01,0,CONSISTENT
PRH-N16000287,17,2018-01,2019-06,0,CONSISTENT
PRH-N16000288,50,2018-01,2022-03,0,CONSISTENT
PRH-N16000289,70,2018-01,2024-03,0,CONSISTENT
PRH-N16000290,15,2018-01,2019-04,0,CONSISTENT
PRH-N16000291,2,2023-01,2023-02,0,CONSISTENT
PRH-N16000292,26,2018-01,2020-03,0,CONSISTENT
PRH-N16000293,23,2018-01,2019-12,0,CONSISTENT
PRH-N16000294,23,2018-01,2019-12,0,CONSISTENT
PRH-N16000295,44,2018-01,2021-09,0,CONSISTENT
PRH-N16000296,52,2018-01,2022-08,0,CONSISTENT
PRH-N16000297,47,2018-01,2021-12,0,CONSISTENT
PRH-N16000298,29,2018-02,2020-07,0,CONSISTENT
PRH-N16000299,35,2018-02,2021-01,0,CONSISTENT
PRH-N16000300,53,2018-02,2022-10,0,CONSISTENT
PRH-N16000301,47,2018-02,2022-01,0,CONSISTENT
PRH-N16000302,45,2018-02,2021-11,0,CONSISTENT
PRH-N16000303,58,2018-02,2023-03,0,CONSISTENT
PRH-N16000304,49,2018-02,2022-03,0,CONSISTENT
PRH-N16000305,49,2018-02,2022-03,0,CONSISTENT
PRH-N16000306,28,2018-02,2020-06,0,CONSISTENT
PRH-N16000308,48,2018-03,2022-03,0,CONSISTENT
PRH-N16000309,32,2018-03,2020-12,0,CONSISTENT
PRH-N16000310,24,2018-03,2020-03,0,CONSISTENT
PRH-N16000311,21,2018-03,2019-12,0,CONSISTENT
PRH-N16000312,40,2018-03,2021-07,0,CONSISTENT
PRH-N16000313,37,2018-03,2021-04,0,CONSISTENT
PRH-N16000314,68,2018-03,2024-03,0,CONSISTENT
PRH-N16000315,53,2018-04,2022-12,0,CONSISTENT
PRH-N16000316,47,2018-04,2022-03,0,CONSISTENT
PRH-N16000317,47,2018-04,2022-03,0,CONSISTENT
PRH-N16000318,56,2018-04,2023-03,0,CONSISTENT
PRH-N16000319,45,2018-04,2022-01,0,CONSISTENT
PRH-N16000320,22,2018-05,2020-03,0,CONSISTENT
PRH-N16000321,64,2018-05,2024-01,0,CONSISTENT
PRH-N16000322,22,2018-05,2020-03,0,CONSISTENT
PRH-N16000323,65,2018-05,2024-02,0,CONSISTENT
PRH-N16000324,64,2018-05,2024-01,0,CONSISTENT
PRH-N16000325,22,2018-05,2020-03,0,CONSISTENT
PRH-N16000326,53,2018-05,2023-01,0,CONSISTENT
PRH-N16000327,66,2018-05,2024-03,0,CONSISTENT
PRH-N16000328,66,2018-05,2024-03,1,UNRESOLVED_TARGET_CENSORED
PRH-N16000329,66,2018-05,2024-03,0,CONSISTENT
PRH-N16000330,22,2018-05,2020-03,0,CONSISTENT
PRH-N16000332,64,2018-07,2024-03,0,CONSISTENT
PRH-N16000333,50,2018-07,2022-12,0,CONSISTENT
PRH-N16000334,58,2018-07,2023-08,0,CONSISTENT
PRH-N16000335,23,2018-07,2020-06,0,CONSISTENT
PRH-N16000336,53,2018-07,2023-03,0,CONSISTENT
PRH-N16000337,43,2018-08,2022-03,0,CONSISTENT
PRH-N16000338,50,2018-08,2023-01,1,UNRESOLVED_TARGET_CENSORED
PRH-N16000339,40,2018-08,2021-12,0,CONSISTENT
PRH-N16000340,60,2018-08,2023-11,0,CONSISTENT
PRH-N16000341,28,2018-08,2020-12,0,CONSISTENT
PRH-N16000342,54,2018-10,2023-07,0,CONSISTENT
PRH-N16000343,70,2018-10,2025-03,0,CONSISTENT
PRH-N16000344,41,2018-10,2022-03,0,CONSISTENT
PRH-N16000345,54,2018-12,2023-09,0,CONSISTENT
PRH-N16000346,37,2019-01,2022-02,0,CONSISTENT
PRH-N16000347,35,2019-01,2021-12,0,CONSISTENT
PRH-N16000348,24,2019-02,2021-02,0,CONSISTENT
PRH-N16000349,57,2019-02,2024-03,0,CONSISTENT
PRH-N16000350,44,2019-02,2023-01,0,CONSISTENT
PRH-N16000351,56,2019-02,2024-02,0,CONSISTENT
PRH-N16000352,54,2019-04,2024-01,0,CONSISTENT
PRH-N16000353,45,2019-04,2023-03,0,CONSISTENT
PRH-N16000354,16,2019-04,2020-07,0,CONSISTENT
PRH-N16000355,45,2019-04,2023-03,0,CONSISTENT
PRH-N16000356,34,2019-05,2022-02,0,CONSISTENT
PRH-N16000357,41,2019-05,2022-12,0,CONSISTENT
PRH-N16000358,64,2019-05,2025-03,0,CONSISTENT
PRH-N16000359,36,2019-05,2022-05,0,CONSISTENT
PRH-N16000360,52,2019-05,2023-11,0,CONSISTENT
PRH-N16000361,65,2019-05,2025-04,0,CONSISTENT
PRH-N16000362,62,2019-05,2024-12,0,CONSISTENT
PRH-N16000363,52,2019-05,2023-11,0,CONSISTENT
PRH-N16000364,42,2019-05,2023-01,0,CONSISTENT
PRH-N16000365,31,2019-05,2021-11,0,CONSISTENT
PRH-N16000366,10,2019-06,2020-03,0,CONSISTENT
PRH-N16000367,39,2019-07,2022-12,0,CONSISTENT
PRH-N16000368,60,2019-07,2024-12,1,UNRESOLVED_TARGET_CENSORED
PRH-N16000369,65,2019-07,2025-06,0,CONSISTENT
PRH-N16000370,44,2019-07,2023-05,0,CONSISTENT
PRH-N16000371,4,2019-07,2021-10,0,CONSISTENT
PRH-N16000373,46,2019-08,2023-08,0,CONSISTENT
PRH-N16000374,50,2019-10,2024-03,0,CONSISTENT
PRH-N16000376,47,2019-10,2023-11,0,CONSISTENT
PRH-N16000377,30,2019-11,2022-05,0,CONSISTENT
PRH-N16000378,56,2019-12,2025-01,0,CONSISTENT
PRH-N16000380,28,2019-12,2022-03,0,CONSISTENT
PRH-N16000381,46,2020-01,2024-02,0,CONSISTENT
PRH-N16000382,59,2020-01,2025-06,0,CONSISTENT
PRH-N16000383,46,2020-01,2024-02,0,CONSISTENT
PRH-N16000384,29,2020-04,2022-11,0,CONSISTENT
PRH-N16000385,44,2020-04,2024-03,0,CONSISTENT
PRH-N16000387,43,2020-05,2024-03,0,CONSISTENT
PRH-N16000389,42,2020-06,2024-03,0,CONSISTENT
PRH-N16000390,33,2020-07,2023-06,0,CONSISTENT
PRH-N16000392,51,2020-08,2025-05,0,CONSISTENT
PRH-N16000393,39,2020-08,2024-02,0,CONSISTENT
PRH-N16000395,39,2020-08,2024-02,0,CONSISTENT
PRH-N16000397,20,2020-09,2022-05,0,CONSISTENT
PRH-N16000399,35,2020-12,2024-02,0,CONSISTENT
PRH-N16000400,35,2020-12,2024-02,0,CONSISTENT
PRH-N16000401,39,2020-12,2024-08,0,CONSISTENT
PRH-N16000403,42,2020-12,2024-11,0,CONSISTENT
PRH-N16000404,20,2021-01,2022-11,0,CONSISTENT
PRH-N16000405,42,2021-01,2024-12,0,CONSISTENT
PRH-N16000406,35,2021-01,2024-03,0,CONSISTENT
PRH-N16000407,15,2021-01,2022-03,0,CONSISTENT
PRH-N16000408,26,2021-01,2023-05,0,CONSISTENT
PRH-N16000410,20,2021-03,2023-01,0,CONSISTENT
PRH-N16000411,45,2021-03,2025-06,0,CONSISTENT
PRH-N16000413,39,2021-06,2025-03,0,CONSISTENT
PRH-N16000415,28,2021-08,2024-03,0,CONSISTENT
PRH-N16000416,28,2021-08,2024-03,0,CONSISTENT
PRH-N16000417,28,2021-08,2024-03,0,CONSISTENT
PRH-N16000418,28,2021-08,2024-03,0,CONSISTENT
PRH-N16000419,28,2021-08,2024-03,0,CONSISTENT
PRH-N16000420,28,2021-08,2024-03,0,CONSISTENT
PRH-N16000421,28,2021-08,2024-03,0,CONSISTENT
PRH-N16000422,28,2021-08,2024-03,0,CONSISTENT
PRH-N16000423,40,2021-08,2025-06,0,CONSISTENT
PRH-N16000424,28,2021-08,2024-03,0,CONSISTENT
PRH-N16000425,28,2021-08,2024-03,0,CONSISTENT
PRH-N16000426,39,2021-08,2025-05,0,CONSISTENT
PRH-N16000427,28,2021-08,2024-03,0,CONSISTENT
PRH-N16000429,39,2021-09,2025-06,0,CONSISTENT
PRH-N16000433,30,2021-12,2024-11,0,CONSISTENT
PRH-N16000436,31,2022-01,2025-01,0,CONSISTENT
PRH-N16000440,32,2022-05,2025-06,0,CONSISTENT
PRH-N16000442,32,2022-05,2025-06,0,CONSISTENT
PRH-N16000443,16,2022-05,2023-10,0,CONSISTENT
PRH-N16000446,32,2022-05,2025-06,0,CONSISTENT
PRH-N16000447,19,2022-05,2024-02,0,CONSISTENT
PRH-N16000451,25,2022-08,2024-11,0,CONSISTENT
PRH-N16000452,31,2022-08,2025-06,0,CONSISTENT
PRH-N16000459,15,2022-11,2024-02,0,CONSISTENT
PRH-N16000460,15,2022-11,2024-02,0,CONSISTENT
PRH-N16000461,15,2022-11,2024-02,0,CONSISTENT
PRH-N16000462,15,2022-11,2024-02,0,CONSISTENT
PRH-N16000463,15,2022-11,2024-02,0,CONSISTENT
PRH-N16000464,15,2022-11,2024-02,0,CONSISTENT
PRH-N16000465,15,2022-11,2024-02,0,CONSISTENT
PRH-N16000466,15,2022-11,2024-02,0,CONSISTENT
PRH-N16000467,15,2022-11,2024-02,0,CONSISTENT
PRH-N16000468,15,2022-11,2024-02,0,CONSISTENT
PRH-N16000469,13,2022-11,2023-11,0,CONSISTENT
PRH-N16000471,12,2022-11,2023-10,0,CONSISTENT
PRH-N16000472,15,2022-12,2024-03,0,CONSISTENT
PRH-N16000473,14,2022-12,2024-02,0,CONSISTENT
PRH-N16000474,14,2022-12,2024-02,0,CONSISTENT
PRH-N16000475,7,2022-12,2023-06,0,CONSISTENT
PRH-N16000476,4,2022-12,2023-03,0,CONSISTENT
PRH-N16000479,17,2023-04,2024-11,0,CONSISTENT
PRH-N16000482,14,2023-05,2024-09,0,CONSISTENT
PRH-N16000486,22,2023-05,2025-06,0,CONSISTENT
PRH-N16000489,17,2023-05,2024-12,0,CONSISTENT
PRH-N16000490,17,2023-05,2024-12,0,CONSISTENT
PRH-N16000492,17,2023-05,2024-12,0,CONSISTENT
PRH-N16000493,7,2023-06,2024-01,0,CONSISTENT
PRH-N16000496,17,2023-09,2025-05,0,CONSISTENT
PRH-N16000499,18,2023-09,2025-06,0,CONSISTENT
PRH-N16000500,18,2023-09,2025-06,0,CONSISTENT
PRH-N16000501,6,2023-09,2024-03,0,CONSISTENT
PRH-N16000502,13,2023-10,2025-01,0,CONSISTENT
PRH-N16000507,16,2023-11,2025-06,0,CONSISTENT
PRH-N16000508,16,2023-11,2025-06,0,CONSISTENT
PRH-N16000516,3,2024-01,2024-03,0,CONSISTENT
PRH-N16000517,3,2024-01,2024-03,0,CONSISTENT
PRH-N16000535,9,2024-09,2025-06,0,CONSISTENT
PRH-N18000031,2,2018-01,2018-02,0,CONSISTENT
PRH-N18000035,15,2018-01,2019-04,0,CONSISTENT
PRH-N18000041,14,2018-01,2019-02,0,CONSISTENT
PRH-N18000045,4,2018-01,2018-04,0,CONSISTENT
PRH-N18000061,43,2018-01,2021-08,0,CONSISTENT
PRH-N18000066,50,2018-01,2022-03,0,CONSISTENT
PRH-N18000071,14,2018-01,2019-02,0,CONSISTENT
PRH-N18000077,2,2018-01,2018-02,0,CONSISTENT
PRH-N18000080,11,2018-01,2018-11,0,CONSISTENT
PRH-N18000085,2,2018-01,2018-02,0,CONSISTENT
PRH-N18000100,11,2018-01,2018-11,0,CONSISTENT
PRH-N18000103,14,2018-01,2019-02,0,CONSISTENT
PRH-N18000109,43,2018-01,2021-08,0,CONSISTENT
PRH-N18000115,14,2018-01,2019-02,0,CONSISTENT
PRH-N18000116,1,2018-01,2018-01,0,CONSISTENT
PRH-N18000119,1,2018-01,2018-01,0,CONSISTENT
PRH-N18000123,3,2018-01,2018-03,0,CONSISTENT
PRH-N18000128,2,2018-01,2018-02,0,CONSISTENT
PRH-N18000131,15,2018-01,2019-04,0,CONSISTENT
PRH-N18000132,42,2018-01,2021-07,0,CONSISTENT
PRH-N18000133,15,2018-01,2019-04,0,CONSISTENT
PRH-N18000140,42,2018-01,2021-07,0,CONSISTENT
PRH-N18000142,82,2018-01,2025-06,0,CONSISTENT
PRH-N18000143,8,2018-01,2018-08,0,CONSISTENT
PRH-N18000144,14,2018-01,2019-02,0,CONSISTENT
PRH-N18000148,30,2018-01,2020-07,0,CONSISTENT
PRH-N18000151,42,2018-01,2021-07,0,CONSISTENT
PRH-N18000155,43,2018-01,2021-08,0,CONSISTENT
PRH-N18000157,48,2018-01,2022-01,0,CONSISTENT
PRH-N18000158,15,2018-01,2019-04,0,CONSISTENT
PRH-N18000164,59,2018-01,2023-03,0,CONSISTENT
PRH-N18000165,14,2018-01,2019-02,0,CONSISTENT
PRH-N18000168,43,2018-01,2021-08,0,CONSISTENT
PRH-N18000169,8,2018-01,2018-08,0,CONSISTENT
PRH-N18000171,20,2018-01,2019-09,0,CONSISTENT
PRH-N18000174,15,2018-01,2019-04,0,CONSISTENT
PRH-N18000175,42,2018-01,2021-07,0,CONSISTENT
PRH-N18000176,42,2018-01,2021-07,0,CONSISTENT
PRH-N18000177,82,2018-01,2025-06,1,UNRESOLVED_TARGET_CENSORED
PRH-N18000179,3,2018-01,2018-03,0,CONSISTENT
PRH-N18000180,20,2018-01,2019-09,0,CONSISTENT
PRH-N18000181,43,2018-01,2021-08,0,CONSISTENT
PRH-N18000182,43,2018-01,2021-08,0,CONSISTENT
PRH-N18000184,76,2018-01,2024-11,0,CONSISTENT
PRH-N18000185,11,2018-01,2018-11,0,CONSISTENT
PRH-N18000188,50,2018-01,2022-03,0,CONSISTENT
PRH-N18000189,23,2018-01,2019-12,0,CONSISTENT
PRH-N18000190,50,2018-01,2022-03,0,CONSISTENT
PRH-N18000192,50,2018-01,2022-03,0,CONSISTENT
PRH-N18000193,42,2018-01,2021-07,0,CONSISTENT
PRH-N18000195,11,2018-01,2018-11,0,CONSISTENT
PRH-N18000196,14,2018-01,2019-02,0,CONSISTENT
PRH-N18000197,5,2018-01,2018-05,0,CONSISTENT
PRH-N18000199,6,2018-01,2018-06,0,CONSISTENT
PRH-N18000200,11,2018-01,2018-11,0,CONSISTENT
PRH-N18000201,14,2018-01,2019-02,0,CONSISTENT
PRH-N18000202,6,2018-01,2018-06,0,CONSISTENT
PRH-N18000205,42,2018-01,2021-07,0,CONSISTENT
PRH-N18000206,14,2018-01,2019-02,0,CONSISTENT
PRH-N18000208,14,2018-01,2019-02,0,CONSISTENT
PRH-N18000209,2,2018-01,2018-02,0,CONSISTENT
PRH-N18000210,3,2018-01,2018-03,0,CONSISTENT
PRH-N18000212,77,2018-01,2024-12,0,CONSISTENT
PRH-N18000213,48,2018-01,2022-01,0,CONSISTENT
PRH-N18000214,48,2018-01,2022-01,0,CONSISTENT
PRH-N18000215,12,2018-01,2018-12,0,CONSISTENT
PRH-N18000216,2,2018-01,2018-02,0,CONSISTENT
PRH-N18000217,14,2018-01,2019-02,0,CONSISTENT
PRH-N18000218,43,2018-01,2021-08,0,CONSISTENT
PRH-N18000219,48,2018-01,2022-01,0,CONSISTENT
PRH-N18000220,8,2018-01,2018-08,0,CONSISTENT
PRH-N18000221,11,2018-01,2018-11,0,CONSISTENT
PRH-N18000222,15,2018-01,2019-04,0,CONSISTENT
PRH-N18000223,23,2018-01,2019-12,0,CONSISTENT
PRH-N18000224,11,2018-01,2018-11,0,CONSISTENT
PRH-N18000225,50,2018-01,2022-03,0,CONSISTENT
PRH-N18000227,20,2018-01,2019-09,0,CONSISTENT
PRH-N18000228,14,2018-01,2019-02,0,CONSISTENT
PRH-N18000229,12,2018-01,2018-12,0,CONSISTENT
PRH-N18000230,14,2018-01,2019-02,0,CONSISTENT
PRH-N18000231,14,2018-01,2019-02,0,CONSISTENT
PRH-N18000232,11,2018-01,2018-11,0,CONSISTENT
PRH-N18000233,23,2018-01,2019-12,0,CONSISTENT
PRH-N18000235,17,2018-01,2019-06,0,CONSISTENT
PRH-N18000236,20,2018-01,2019-09,0,CONSISTENT
PRH-N18000237,5,2018-01,2018-05,0,CONSISTENT
PRH-N18000238,43,2018-01,2021-08,0,CONSISTENT
PRH-N18000239,43,2018-01,2021-08,0,CONSISTENT
PRH-N18000240,43,2018-01,2021-08,0,CONSISTENT
PRH-N18000241,20,2018-01,2019-09,0,CONSISTENT
PRH-N18000242,59,2018-01,2023-03,0,CONSISTENT
PRH-N18000243,14,2018-01,2019-02,0,CONSISTENT
PRH-N18000244,71,2018-01,2024-06,0,CONSISTENT
PRH-N18000245,59,2018-01,2023-03,0,CONSISTENT
PRH-N18000246,14,2018-01,2019-02,0,CONSISTENT
PRH-N18000247,48,2018-01,2022-01,0,CONSISTENT
PRH-N18000248,23,2018-01,2019-12,0,CONSISTENT
PRH-N18000251,2,2018-01,2018-02,0,CONSISTENT
PRH-N18000252,61,2018-01,2023-05,0,CONSISTENT
PRH-N18000253,11,2018-01,2018-11,0,CONSISTENT
PRH-N18000254,8,2018-01,2018-08,0,CONSISTENT
PRH-N18000255,8,2018-01,2018-08,0,CONSISTENT
PRH-N18000256,11,2018-01,2018-11,0,CONSISTENT
PRH-N18000257,43,2018-01,2021-08,0,CONSISTENT
PRH-N18000258,59,2018-01,2023-03,0,CONSISTENT
PRH-N18000261,43,2018-01,2021-08,0,CONSISTENT
PRH-N18000262,71,2018-01,2024-06,0,CONSISTENT
PRH-N18000263,43,2018-01,2021-08,0,CONSISTENT
PRH-N18000264,78,2018-01,2025-01,0,CONSISTENT
PRH-N18000265,67,2018-01,2023-11,0,CONSISTENT
PRH-N18000266,47,2018-02,2022-01,0,CONSISTENT
PRH-N18000267,41,2018-03,2021-08,0,CONSISTENT
PRH-N18000268,48,2018-03,2022-03,0,CONSISTENT
PRH-N18000269,41,2018-03,2021-08,0,CONSISTENT
PRH-N18000270,8,2018-05,2018-12,0,CONSISTENT
PRH-N18000272,68,2019-04,2025-06,0,CONSISTENT
PRH-N18000273,27,2019-05,2021-07,0,CONSISTENT
PRH-N18000274,27,2019-05,2021-07,0,CONSISTENT
PRH-N18000276,32,2019-08,2022-03,0,CONSISTENT
PRH-N18000277,59,2019-08,2024-12,0,CONSISTENT
PRH-N18000280,21,2021-01,2022-12,0,CONSISTENT
PRH-N18000281,21,2021-01,2022-12,0,CONSISTENT
PRH-N18000282,26,2021-01,2023-05,0,CONSISTENT
PRH-N18000283,17,2021-01,2022-08,0,CONSISTENT
PRH-N18000284,16,2021-01,2022-05,0,CONSISTENT
PRH-N18000285,16,2021-01,2022-05,0,CONSISTENT
PRH-N18000286,46,2021-01,2025-05,0,CONSISTENT
PRH-N18000287,15,2021-01,2022-03,0,CONSISTENT
PRH-N18000288,16,2021-01,2022-05,0,CONSISTENT
PRH-N18000289,16,2021-01,2022-05,0,CONSISTENT
PRH-N18000290,21,2021-01,2022-12,0,CONSISTENT
PRH-N18000292,37,2021-06,2024-12,0,CONSISTENT
PRH-N18000293,41,2021-06,2025-05,0,CONSISTENT
PRH-N18000294,37,2021-06,2024-12,0,CONSISTENT
PRH-N18000295,42,2021-06,2025-06,0,CONSISTENT
PRH-N18000296,39,2021-08,2025-05,0,CONSISTENT
PRH-N18000298,11,2021-10,2022-11,1,UNRESOLVED_TARGET_CENSORED
PRH-N18000299,23,2022-02,2024-06,0,CONSISTENT
PRH-N18000300,25,2022-02,2024-08,0,CONSISTENT
PRH-N18000301,11,2022-02,2023-03,0,CONSISTENT
PRH-N18000302,23,2022-02,2024-06,0,CONSISTENT
PRH-N18000303,23,2022-02,2024-06,0,CONSISTENT
PRH-N18000304,23,2022-02,2024-06,0,CONSISTENT
PRH-N18000305,25,2022-02,2024-08,0,CONSISTENT
PRH-N18000306,28,2022-02,2024-11,0,CONSISTENT
PRH-N18000307,28,2022-02,2024-11,0,CONSISTENT
PRH-N18000308,11,2022-02,2023-03,0,CONSISTENT
PRH-N18000309,2,2022-02,2022-03,0,CONSISTENT
PRH-N18000310,2,2022-02,2022-03,0,CONSISTENT
PRH-N18000311,2,2022-02,2022-03,0,CONSISTENT
PRH-N18000312,2,2022-02,2022-03,0,CONSISTENT
PRH-N18000313,22,2022-02,2024-03,0,CONSISTENT
PRH-N18000314,23,2022-02,2024-06,0,CONSISTENT
PRH-N18000315,11,2022-02,2023-03,0,CONSISTENT
PRH-N18000316,28,2022-02,2024-11,0,CONSISTENT
PRH-N18000317,23,2022-02,2024-06,0,CONSISTENT
PRH-N18000318,2,2022-02,2022-03,0,CONSISTENT
PRH-N18000319,33,2022-03,2025-06,0,CONSISTENT
PRH-N18000320,31,2022-03,2025-04,0,CONSISTENT
PRH-N18000321,31,2022-03,2025-04,0,CONSISTENT
PRH-N18000322,31,2022-03,2025-04,0,CONSISTENT
PRH-N18000323,27,2022-03,2024-11,0,CONSISTENT
PRH-N18000327,21,2022-05,2024-06,0,CONSISTENT
PRH-N18000328,32,2022-05,2025-06,0,CONSISTENT
PRH-N18000329,21,2022-05,2024-06,0,CONSISTENT
PRH-N18000330,32,2022-05,2025-06,0,CONSISTENT
PRH-N18000331,32,2022-05,2025-06,0,CONSISTENT
PRH-N18000332,31,2022-08,2025-06,0,CONSISTENT
PRH-N18000334,16,2022-08,2023-11,0,CONSISTENT
PRH-N18000335,31,2022-08,2025-06,0,CONSISTENT
PRH-N18000336,18,2022-08,2024-02,0,CONSISTENT
PRH-N18000338,28,2022-08,2025-03,0,CONSISTENT
PRH-N18000339,20,2022-08,2024-06,0,CONSISTENT
PRH-N18000340,16,2022-10,2024-02,0,CONSISTENT
PRH-N18000341,18,2022-10,2024-06,0,CONSISTENT
PRH-N18000342,19,2022-12,2024-09,0,CONSISTENT
PRH-N18000343,27,2022-12,2025-06,0,CONSISTENT
PRH-N18000345,23,2023-04,2025-06,0,CONSISTENT
PRH-N18000346,23,2023-04,2025-06,0,CONSISTENT
PRH-N18000347,23,2023-04,2025-06,0,CONSISTENT
PRH-N18000348,23,2023-04,2025-06,0,CONSISTENT
PRH-N18000349,23,2023-04,2025-06,0,CONSISTENT
PRH-N18000350,23,2023-04,2025-06,0,CONSISTENT
PRH-N18000351,23,2023-04,2025-06,0,CONSISTENT
PRH-N18000353,23,2023-04,2025-06,0,CONSISTENT
PRH-N18000354,20,2023-04,2025-03,0,CONSISTENT
PRH-N18000355,20,2023-04,2025-03,0,CONSISTENT
PRH-N18000356,23,2023-04,2025-06,0,CONSISTENT
PRH-N18000357,23,2023-04,2025-06,0,CONSISTENT
PRH-N18000358,23,2023-04,2025-06,0,CONSISTENT
PRH-N18000359,23,2023-04,2025-06,0,CONSISTENT
PRH-N18000360,23,2023-04,2025-06,0,CONSISTENT
PRH-N18000361,23,2023-04,2025-06,0,CONSISTENT
PRH-N18000365,19,2023-08,2025-06,0,CONSISTENT
PRH-N18000366,19,2023-08,2025-06,0,CONSISTENT
PRH-N18000368,19,2023-08,2025-06,0,CONSISTENT
PRH-N18000369,5,2023-10,2024-03,0,CONSISTENT
PRH-N18000370,17,2023-10,2025-06,0,CONSISTENT
PRH-N18000371,6,2023-10,2024-06,0,CONSISTENT
PRH-N18000372,13,2023-10,2025-01,0,CONSISTENT
PRH-N18000376,14,2024-02,2025-06,0,CONSISTENT
PRH-N18000406,4,2025-03,2025-06,0,CONSISTENT
PRH-N18000418,2,2025-05,2025-06,0,CONSISTENT
PRH-N20000001,26,2018-01,2022-05,0,CONSISTENT
PRH-N20000002,44,2018-04,2021-12,0,CONSISTENT
PRH-N21000003,61,2018-01,2023-05,0,CONSISTENT
PRH-N21000006,3,2018-01,2018-03,0,CONSISTENT
PRH-N21000007,56,2018-01,2023-05,0,CONSISTENT
PRH-N21000008,61,2018-01,2023-05,0,CONSISTENT
PRH-N21000009,61,2018-01,2023-05,0,CONSISTENT
PRH-N21000010,52,2018-01,2023-05,0,CONSISTENT
PRH-N21000011,61,2018-01,2023-05,0,CONSISTENT
PRH-N21000012,61,2018-01,2023-05,0,CONSISTENT
PRH-N21000013,61,2018-01,2023-05,0,CONSISTENT
PRH-N21000014,11,2018-01,2018-11,0,CONSISTENT
PRH-N21000015,61,2018-01,2023-05,0,CONSISTENT
PRH-N21000016,61,2018-01,2023-05,0,CONSISTENT
PRH-N21000017,61,2018-01,2023-05,0,CONSISTENT
PRH-N21000018,61,2018-01,2023-05,0,CONSISTENT
PRH-N21000019,58,2018-04,2023-05,0,CONSISTENT
PRH-N21000020,58,2018-04,2023-05,0,CONSISTENT
PRH-N21000021,58,2018-04,2023-05,0,CONSISTENT
PRH-N21000022,57,2018-05,2023-05,0,CONSISTENT
PRH-N21000023,58,2018-04,2023-05,0,CONSISTENT
PRH-N21000024,58,2018-04,2023-05,0,CONSISTENT
PRH-N21000025,55,2018-05,2023-03,0,CONSISTENT
PRH-N21000026,53,2018-05,2023-01,0,CONSISTENT
PRH-N21000027,78,2018-05,2025-06,0,CONSISTENT
PRH-N21000028,43,2019-08,2023-05,0,CONSISTENT
PRH-N21000029,60,2019-12,2025-06,0,CONSISTENT
PRH-N21000030,26,2019-12,2022-01,0,CONSISTENT
PRH-N22000002,48,2018-01,2022-01,1,UNRESOLVED_TARGET_CENSORED
PRH-N22000045,10,2018-01,2018-10,0,CONSISTENT
PRH-N22000049,16,2018-01,2019-05,1,UNRESOLVED_TARGET_CENSORED
PRH-N22000075,14,2018-01,2019-02,1,UNRESOLVED_TARGET_CENSORED
PRH-N22000077,5,2018-01,2018-05,0,CONSISTENT
PRH-N22000079,74,2018-01,2024-09,1,UNRESOLVED_TARGET_CENSORED
PRH-N22000080,16,2018-01,2019-05,0,CONSISTENT
PRH-N22000082,1,2018-01,2018-01,0,CONSISTENT
PRH-N22000084,40,2018-09,2022-01,0,CONSISTENT
PRH-N22000086,65,2018-01,2023-09,1,UNRESOLVED_TARGET_CENSORED
PRH-N22000087,82,2018-01,2025-06,2,UNRESOLVED_TARGET_CENSORED
PRH-N22000088,16,2018-01,2019-05,1,UNRESOLVED_TARGET_CENSORED
PRH-N22000091,43,2018-01,2021-08,2,UNRESOLVED_TARGET_CENSORED
PRH-N22000094,48,2018-01,2022-01,0,CONSISTENT
PRH-N22000097,16,2018-01,2019-05,0,CONSISTENT
PRH-N22000099,16,2018-01,2019-05,1,UNRESOLVED_TARGET_CENSORED
PRH-N22000100,82,2018-01,2025-06,2,UNRESOLVED_TARGET_CENSORED
PRH-N22000101,48,2018-01,2022-01,1,UNRESOLVED_TARGET_CENSORED
PRH-N22000107,1,2018-01,2018-01,0,CONSISTENT
PRH-N22000112,16,2018-01,2019-05,0,CONSISTENT
PRH-N22000113,14,2018-01,2019-02,0,CONSISTENT
PRH-N22000114,1,2018-01,2018-01,0,CONSISTENT
PRH-N22000115,10,2018-01,2018-10,0,CONSISTENT
PRH-N22000116,16,2018-01,2019-05,1,UNRESOLVED_TARGET_CENSORED
PRH-N22000117,16,2018-01,2019-05,1,UNRESOLVED_TARGET_CENSORED
PRH-N22000118,10,2018-01,2018-10,0,CONSISTENT
PRH-N22000119,10,2018-01,2018-10,0,CONSISTENT
PRH-N22000121,61,2018-01,2023-05,1,UNRESOLVED_TARGET_CENSORED
PRH-N22000122,9,2018-01,2018-09,0,CONSISTENT
PRH-N22000123,74,2018-01,2024-09,0,CONSISTENT
PRH-N22000125,43,2018-01,2021-08,0,CONSISTENT
PRH-N22000126,1,2018-01,2018-01,0,CONSISTENT
PRH-N22000127,1,2018-01,2018-01,0,CONSISTENT
PRH-N22000130,51,2018-01,2022-05,0,CONSISTENT
PRH-N22000131,48,2018-01,2022-01,0,CONSISTENT
PRH-N22000132,16,2018-01,2019-05,0,CONSISTENT
PRH-N22000133,16,2018-01,2019-05,0,CONSISTENT
PRH-N22000135,74,2018-01,2024-09,0,CONSISTENT
PRH-N22000136,51,2018-01,2022-05,0,CONSISTENT
PRH-N22000137,43,2018-01,2021-08,0,CONSISTENT
PRH-N22000140,48,2018-01,2022-01,1,UNRESOLVED_TARGET_CENSORED
PRH-N22000141,51,2018-01,2022-05,1,UNRESOLVED_TARGET_CENSORED
PRH-N22000143,51,2018-01,2022-05,0,CONSISTENT
PRH-N22000144,61,2018-01,2023-05,1,UNRESOLVED_TARGET_CENSORED
PRH-N22000145,47,2018-01,2023-05,1,UNRESOLVED_TARGET_CENSORED
PRH-N22000146,10,2018-01,2018-10,0,CONSISTENT
PRH-N22000147,48,2018-01,2022-01,0,CONSISTENT
PRH-N22000149,43,2018-01,2021-08,0,CONSISTENT
PRH-N22000150,48,2018-01,2022-01,0,CONSISTENT
PRH-N22000151,51,2018-01,2022-05,0,CONSISTENT
PRH-N22000152,48,2018-01,2022-01,1,UNRESOLVED_TARGET_CENSORED
PRH-N22000153,1,2018-01,2018-01,0,CONSISTENT
PRH-N22000155,43,2018-01,2021-08,0,CONSISTENT
PRH-N22000156,11,2018-01,2018-11,0,CONSISTENT
PRH-N22000157,43,2018-01,2021-08,0,CONSISTENT
PRH-N22000159,48,2018-01,2022-01,0,CONSISTENT
PRH-N22000160,48,2018-01,2022-01,1,UNRESOLVED_TARGET_CENSORED
PRH-N22000161,17,2018-01,2019-06,0,CONSISTENT
PRH-N22000162,48,2018-01,2022-01,0,CONSISTENT
PRH-N22000163,1,2018-01,2018-01,0,CONSISTENT
PRH-N22000164,16,2018-01,2019-05,0,CONSISTENT
PRH-N22000165,43,2018-01,2021-08,0,CONSISTENT
PRH-N22000166,48,2018-01,2022-01,1,UNRESOLVED_TARGET_CENSORED
PRH-N22000167,48,2018-01,2022-01,0,CONSISTENT
PRH-N22000168,48,2018-01,2022-01,0,CONSISTENT
PRH-N22000169,48,2018-01,2022-01,0,CONSISTENT
PRH-N22000170,51,2018-01,2022-05,0,CONSISTENT
PRH-N22000171,82,2018-01,2025-06,2,UNRESOLVED_TARGET_CENSORED
PRH-N22000172,51,2018-01,2022-05,1,UNRESOLVED_TARGET_CENSORED
PRH-N22000173,48,2018-01,2022-01,0,CONSISTENT
PRH-N22000174,48,2018-01,2022-01,0,CONSISTENT
PRH-N22000175,48,2018-01,2022-01,0,CONSISTENT
PRH-N22000176,48,2018-01,2022-01,0,CONSISTENT
PRH-N22000178,48,2018-01,2022-01,0,CONSISTENT
PRH-N22000179,48,2018-01,2022-01,0,CONSISTENT
PRH-N22000180,74,2018-01,2024-09,0,CONSISTENT
PRH-N22000182,43,2018-01,2021-08,0,CONSISTENT
PRH-N22000183,80,2018-01,2025-04,1,UNRESOLVED_TARGET_CENSORED
PRH-N22000184,48,2018-01,2022-01,1,UNRESOLVED_TARGET_CENSORED
PRH-N22000185,47,2018-01,2022-01,0,CONSISTENT
PRH-N22000186,50,2018-01,2022-05,0,CONSISTENT
PRH-N22000187,34,2018-10,2021-08,0,CONSISTENT
PRH-N22000188,16,2018-01,2019-05,0,CONSISTENT
PRH-N22000189,3,2018-01,2018-03,0,CONSISTENT
PRH-N22000190,51,2018-01,2022-05,0,CONSISTENT
PRH-N22000191,51,2018-01,2022-05,0,CONSISTENT
PRH-N22000193,48,2018-01,2022-01,0,CONSISTENT
PRH-N22000194,16,2018-01,2019-05,0,CONSISTENT
PRH-N22000195,74,2018-01,2024-09,1,UNRESOLVED_TARGET_CENSORED
PRH-N22000196,51,2018-01,2022-05,0,CONSISTENT
PRH-N22000197,3,2018-01,2018-03,0,CONSISTENT
PRH-N22000198,11,2018-01,2018-11,0,CONSISTENT
PRH-N22000199,48,2018-01,2022-01,0,CONSISTENT
PRH-N22000201,61,2018-01,2023-05,0,CONSISTENT
PRH-N22000202,34,2018-05,2022-01,1,UNRESOLVED_TARGET_CENSORED
PRH-N22000203,16,2018-01,2019-05,0,CONSISTENT
PRH-N22000204,51,2018-01,2022-05,0,CONSISTENT
PRH-N22000205,74,2018-01,2024-09,1,UNRESOLVED_TARGET_CENSORED
PRH-N22000209,48,2018-01,2022-01,1,UNRESOLVED_TARGET_CENSORED
PRH-N22000210,43,2018-01,2021-08,1,UNRESOLVED_TARGET_CENSORED
PRH-N22000211,16,2018-01,2019-05,0,CONSISTENT
PRH-N22000212,51,2018-01,2022-05,0,CONSISTENT
PRH-N22000213,70,2018-01,2024-03,0,CONSISTENT
PRH-N22000214,48,2018-01,2022-01,0,CONSISTENT
PRH-N22000215,74,2018-01,2024-09,1,UNRESOLVED_TARGET_CENSORED
PRH-N22000216,48,2018-01,2022-01,2,UNRESOLVED_TARGET_CENSORED
PRH-N22000217,48,2018-01,2022-01,2,UNRESOLVED_TARGET_CENSORED
PRH-N22000218,48,2018-01,2022-01,0,CONSISTENT
PRH-N22000220,10,2018-01,2018-10,0,CONSISTENT
PRH-N22000221,61,2018-01,2023-05,0,CONSISTENT
PRH-N22000222,43,2018-01,2021-08,0,CONSISTENT
PRH-N22000223,1,2019-06,2019-06,0,CONSISTENT
PRH-N22000224,51,2018-01,2022-05,2,UNRESOLVED_TARGET_CENSORED
PRH-N22000225,48,2018-01,2022-01,2,UNRESOLVED_TARGET_CENSORED
PRH-N22000227,48,2018-01,2022-01,0,CONSISTENT
PRH-N22000228,51,2018-01,2022-05,2,UNRESOLVED_TARGET_CENSORED
PRH-N22000229,65,2018-01,2023-09,1,UNRESOLVED_TARGET_CENSORED
PRH-N22000230,48,2018-01,2022-01,0,CONSISTENT
PRH-N22000234,48,2018-01,2022-01,0,CONSISTENT
PRH-N22000235,48,2018-01,2022-01,0,CONSISTENT
PRH-N22000236,43,2018-01,2021-08,1,UNRESOLVED_TARGET_CENSORED
PRH-N22000237,10,2018-01,2018-10,0,CONSISTENT
PRH-N22000238,61,2018-01,2023-05,0,CONSISTENT
PRH-N22000239,48,2018-01,2022-01,0,CONSISTENT
PRH-N22000240,48,2018-01,2022-01,2,UNRESOLVED_TARGET_CENSORED
PRH-N22000241,48,2018-01,2022-01,0,CONSISTENT
PRH-N22000242,48,2018-01,2022-01,0,CONSISTENT
PRH-N22000243,48,2018-01,2022-01,2,UNRESOLVED_TARGET_CENSORED
PRH-N22000244,38,2018-11,2022-01,0,CONSISTENT
PRH-N22000245,10,2018-01,2018-10,0,CONSISTENT
PRH-N22000247,48,2018-01,2022-01,0,CONSISTENT
PRH-N22000248,16,2018-01,2019-05,0,CONSISTENT
PRH-N22000249,48,2018-01,2022-01,0,CONSISTENT
PRH-N22000254,1,2018-01,2018-01,0,CONSISTENT
PRH-N22000255,1,2018-01,2018-01,0,CONSISTENT
PRH-N22000257,16,2018-01,2019-05,0,CONSISTENT
PRH-N22000259,51,2018-01,2022-05,0,CONSISTENT
PRH-N22000264,43,2018-01,2023-09,0,CONSISTENT
PRH-N22000265,45,2018-01,2021-10,1,UNRESOLVED_TARGET_CENSORED
PRH-N22000267,16,2018-01,2019-05,0,CONSISTENT
PRH-N22000268,16,2018-01,2019-05,0,CONSISTENT
PRH-N22000269,51,2018-01,2022-05,0,CONSISTENT
PRH-N22000270,17,2018-01,2019-06,0,CONSISTENT
PRH-N22000271,17,2018-01,2019-06,0,CONSISTENT
PRH-N22000272,65,2018-01,2023-09,0,CONSISTENT
PRH-N22000274,82,2018-01,2025-06,1,UNRESOLVED_TARGET_CENSORED
PRH-N22000276,51,2018-01,2022-05,0,CONSISTENT
PRH-N22000277,51,2018-01,2022-05,0,CONSISTENT
PRH-N22000278,70,2018-01,2024-03,1,UNRESOLVED_TARGET_CENSORED
PRH-N22000280,51,2018-01,2022-05,1,UNRESOLVED_TARGET_CENSORED
PRH-N22000282,45,2018-01,2021-10,0,CONSISTENT
PRH-N22000287,51,2018-01,2022-05,1,UNRESOLVED_TARGET_CENSORED
PRH-N22000288,51,2018-01,2022-05,2,UNRESOLVED_TARGET_CENSORED
PRH-N22000289,43,2018-01,2021-08,0,CONSISTENT
PRH-N22000290,16,2018-01,2019-05,0,CONSISTENT
PRH-N22000291,16,2018-01,2019-05,0,CONSISTENT
PRH-N22000292,17,2018-01,2019-06,0,CONSISTENT
PRH-N22000293,17,2018-01,2019-06,0,CONSISTENT
PRH-N22000294,48,2018-01,2022-01,1,UNRESOLVED_TARGET_CENSORED
PRH-N22000295,48,2018-01,2022-01,0,CONSISTENT
PRH-N22000296,16,2018-01,2019-05,0,CONSISTENT
PRH-N22000298,43,2018-01,2021-08,0,CONSISTENT
PRH-N22000300,51,2018-01,2022-05,0,CONSISTENT
PRH-N22000301,70,2018-01,2024-03,0,CONSISTENT
PRH-N22000302,61,2018-01,2023-05,0,CONSISTENT
PRH-N22000304,4,2018-01,2018-04,0,CONSISTENT
PRH-N22000305,16,2018-01,2019-05,0,CONSISTENT
PRH-N22000309,17,2018-01,2019-06,0,CONSISTENT
PRH-N22000313,61,2018-01,2023-05,0,CONSISTENT
PRH-N22000315,65,2018-01,2023-09,1,UNRESOLVED_TARGET_CENSORED
PRH-N22000317,1,2018-01,2018-01,0,CONSISTENT
PRH-N22000319,48,2018-01,2022-01,0,CONSISTENT
PRH-N22000320,3,2018-01,2018-03,0,CONSISTENT
PRH-N22000321,43,2018-01,2021-08,0,CONSISTENT
PRH-N22000322,3,2018-01,2018-03,0,CONSISTENT
PRH-N22000323,43,2018-01,2021-08,0,CONSISTENT
PRH-N22000325,61,2018-01,2023-05,1,UNRESOLVED_TARGET_CENSORED
PRH-N22000326,74,2018-01,2024-09,0,CONSISTENT
PRH-N22000327,16,2018-01,2019-05,0,CONSISTENT
PRH-N22000328,51,2018-01,2022-05,0,CONSISTENT
PRH-N22000330,48,2018-01,2022-01,0,CONSISTENT
PRH-N22000331,1,2018-01,2018-01,0,CONSISTENT
PRH-N22000332,51,2018-01,2022-05,1,UNRESOLVED_TARGET_CENSORED
PRH-N22000334,61,2018-01,2023-05,1,UNRESOLVED_TARGET_CENSORED
PRH-N22000337,3,2019-07,2019-09,0,CONSISTENT
PRH-N22000344,3,2019-07,2019-09,0,CONSISTENT
PRH-N22000345,1,2018-01,2018-01,0,CONSISTENT
PRH-N22000346,65,2018-01,2023-09,1,UNRESOLVED_TARGET_CENSORED
PRH-N22000347,70,2018-01,2024-03,1,UNRESOLVED_TARGET_CENSORED
PRH-N22000349,82,2018-01,2025-06,1,UNRESOLVED_TARGET_CENSORED
PRH-N22000353,51,2018-01,2022-05,0,CONSISTENT
PRH-N22000354,51,2018-01,2022-05,0,CONSISTENT
PRH-N22000355,51,2018-01,2022-05,0,CONSISTENT
PRH-N22000364,22,2018-01,2021-10,1,UNRESOLVED_TARGET_CENSORED
PRH-N22000366,45,2018-01,2021-10,0,CONSISTENT
PRH-N22000370,43,2018-01,2021-08,0,CONSISTENT
PRH-N22000372,48,2018-01,2022-01,1,UNRESOLVED_TARGET_CENSORED
PRH-N22000373,34,2018-10,2021-08,0,CONSISTENT
PRH-N22000374,48,2018-01,2022-01,0,CONSISTENT
PRH-N22000378,1,2018-01,2018-01,0,CONSISTENT
PRH-N22000382,1,2018-01,2018-01,0,CONSISTENT
PRH-N22000385,1,2018-01,2018-01,0,CONSISTENT
PRH-N22000386,1,2018-01,2018-01,0,CONSISTENT
PRH-N22000387,1,2018-01,2018-01,0,CONSISTENT
PRH-N22000389,51,2018-01,2022-05,0,CONSISTENT
PRH-N22000390,48,2018-01,2022-01,1,UNRESOLVED_TARGET_CENSORED
PRH-N22000392,61,2018-01,2023-05,0,CONSISTENT
PRH-N22000394,61,2018-01,2023-05,0,CONSISTENT
PRH-N22000395,61,2018-01,2023-05,0,CONSISTENT
PRH-N22000397,17,2018-01,2019-06,1,UNRESOLVED_TARGET_CENSORED
PRH-N22000398,17,2018-01,2019-06,0,CONSISTENT
PRH-N22000400,74,2018-01,2024-09,0,CONSISTENT
PRH-N22000401,80,2018-01,2025-04,2,UNRESOLVED_TARGET_CENSORED
PRH-N22000402,48,2018-01,2022-01,0,CONSISTENT
PRH-N22000403,51,2018-01,2022-05,1,UNRESOLVED_TARGET_CENSORED
PRH-N22000404,70,2018-01,2024-03,0,CONSISTENT
PRH-N22000405,70,2018-01,2024-03,1,UNRESOLVED_TARGET_CENSORED
PRH-N22000407,61,2018-01,2023-05,1,UNRESOLVED_TARGET_CENSORED
PRH-N22000408,51,2018-01,2022-05,0,CONSISTENT
PRH-N22000410,61,2018-01,2023-05,1,UNRESOLVED_TARGET_CENSORED
PRH-N22000411,61,2018-01,2023-05,1,UNRESOLVED_TARGET_CENSORED
PRH-N22000412,70,2018-01,2024-03,0,CONSISTENT
PRH-N22000413,61,2018-01,2023-05,0,CONSISTENT
PRH-N22000414,61,2018-01,2023-05,1,UNRESOLVED_TARGET_CENSORED
PRH-N22000415,74,2018-01,2024-09,0,CONSISTENT
PRH-N22000417,80,2018-01,2025-04,1,UNRESOLVED_TARGET_CENSORED
PRH-N22000418,73,2018-01,2025-04,0,CONSISTENT
PRH-N22000419,80,2018-01,2025-04,1,UNRESOLVED_TARGET_CENSORED
PRH-N22000421,48,2018-01,2022-01,0,CONSISTENT
PRH-N22000422,48,2018-01,2022-01,0,CONSISTENT
PRH-N22000423,2,2018-01,2018-02,0,CONSISTENT
PRH-N22000424,48,2018-01,2022-01,0,CONSISTENT
PRH-N22000425,48,2018-01,2022-01,0,CONSISTENT
PRH-N22000426,48,2018-01,2022-01,0,CONSISTENT
PRH-N22000427,48,2018-01,2022-01,0,CONSISTENT
PRH-N22000428,65,2018-01,2023-09,0,CONSISTENT
PRH-N22000431,65,2018-01,2023-09,0,CONSISTENT
PRH-N22000432,74,2018-01,2024-09,0,CONSISTENT
PRH-N22000433,43,2018-01,2021-08,0,CONSISTENT
PRH-N22000435,70,2018-01,2024-03,0,CONSISTENT
PRH-N22000436,70,2018-01,2024-03,0,CONSISTENT
PRH-N22000437,48,2018-01,2022-01,0,CONSISTENT
PRH-N22000438,49,2018-03,2022-05,1,UNRESOLVED_TARGET_CENSORED
PRH-N22000439,12,2018-05,2019-05,0,CONSISTENT
PRH-N22000440,12,2018-05,2019-05,0,CONSISTENT
PRH-N22000441,44,2018-05,2022-01,0,CONSISTENT
PRH-N22000443,47,2018-05,2022-05,0,CONSISTENT
PRH-N22000444,39,2018-05,2021-08,0,CONSISTENT
PRH-N22000445,44,2018-05,2022-01,0,CONSISTENT
PRH-N22000446,12,2018-05,2019-05,0,CONSISTENT
PRH-N22000449,65,2018-06,2024-03,0,CONSISTENT
PRH-N22000450,12,2018-05,2019-05,0,CONSISTENT
PRH-N22000451,61,2018-05,2023-09,0,CONSISTENT
PRH-N22000453,12,2018-05,2019-05,0,CONSISTENT
PRH-N22000454,12,2018-05,2019-05,0,CONSISTENT
PRH-N22000455,11,2018-06,2019-05,0,CONSISTENT
PRH-N22000456,56,2018-06,2023-05,0,CONSISTENT
PRH-N22000457,46,2018-06,2022-05,0,CONSISTENT
PRH-N22000458,11,2018-06,2019-05,0,CONSISTENT
PRH-N22000459,62,2018-06,2023-11,0,CONSISTENT
PRH-N22000460,46,2018-06,2022-05,0,CONSISTENT
PRH-N22000461,38,2018-06,2021-08,0,CONSISTENT
PRH-N22000462,46,2018-06,2022-05,0,CONSISTENT
PRH-N22000465,43,2018-06,2022-01,0,CONSISTENT
PRH-N22000466,55,2018-07,2023-05,0,CONSISTENT
PRH-N22000469,53,2018-09,2023-05,0,CONSISTENT
PRH-N22000470,74,2018-09,2025-06,0,CONSISTENT
PRH-N22000474,8,2018-09,2019-05,0,CONSISTENT
PRH-N22000475,35,2018-09,2021-08,0,CONSISTENT
PRH-N22000481,8,2018-09,2019-05,0,CONSISTENT
PRH-N22000482,8,2018-09,2019-05,1,UNRESOLVED_TARGET_CENSORED
PRH-N22000483,35,2018-09,2021-08,0,CONSISTENT
PRH-N22000485,74,2018-09,2025-06,1,UNRESOLVED_TARGET_CENSORED
PRH-N22000487,35,2018-09,2021-08,0,CONSISTENT
PRH-N22000488,53,2018-09,2023-05,0,CONSISTENT
PRH-N22000491,3,2018-09,2018-11,0,CONSISTENT
PRH-N22000492,43,2018-09,2022-05,0,CONSISTENT
PRH-N22000493,60,2018-11,2024-03,0,CONSISTENT
PRH-N22000494,33,2018-11,2021-08,0,CONSISTENT
PRH-N22000498,34,2019-07,2022-05,0,CONSISTENT
PRH-N22000499,31,2019-07,2022-01,0,CONSISTENT
PRH-N22000502,45,2021-01,2025-04,0,CONSISTENT
PRH-N22000504,39,2021-09,2025-06,0,CONSISTENT
PRH-N22000505,37,2021-09,2025-04,0,CONSISTENT
PRH-N22000507,3,2021-11,2022-01,0,CONSISTENT
PRH-N22000509,20,2021-11,2023-09,0,CONSISTENT
PRH-N22000510,37,2021-11,2025-06,1,UNRESOLVED_TARGET_CENSORED
PRH-N22000511,19,2023-08,2025-06,0,CONSISTENT
PRH-N22000515,19,2023-08,2025-06,0,CONSISTENT
PRH-N22000518,19,2023-08,2025-06,0,CONSISTENT
PRH-N22000519,19,2023-08,2025-06,0,CONSISTENT
PRH-N22000522,19,2023-08,2025-06,0,CONSISTENT
PRH-N22000523,17,2023-08,2025-04,0,CONSISTENT
PRH-N22000525,19,2023-08,2025-06,0,CONSISTENT
PRH-N22000526,19,2023-08,2025-06,0,CONSISTENT
PRH-N22000527,7,2023-08,2024-03,0,CONSISTENT
PRH-N22000528,19,2023-08,2025-06,0,CONSISTENT
PRH-N22000530,7,2023-08,2024-03,0,CONSISTENT
PRH-N22000531,7,2023-08,2024-03,0,CONSISTENT
PRH-N22000533,19,2023-08,2025-06,0,CONSISTENT
PRH-N22000534,11,2023-08,2024-09,0,CONSISTENT
PRH-N22000537,19,2023-08,2025-06,0,CONSISTENT
PRH-N22000547,19,2023-08,2025-06,0,CONSISTENT
PRH-N22000548,19,2023-08,2025-06,0,CONSISTENT
PRH-N22000549,11,2023-08,2024-09,0,CONSISTENT
PRH-N22000552,11,2023-08,2024-09,0,CONSISTENT
PRH-N22000555,19,2023-08,2025-06,0,CONSISTENT
PRH-N22000556,19,2023-08,2025-06,0,CONSISTENT
PRH-N22000560,7,2023-08,2024-03,0,CONSISTENT
PRH-N22000566,19,2023-08,2025-06,0,CONSISTENT
PRH-N22000567,11,2023-08,2024-09,0,CONSISTENT
PRH-N22000568,19,2023-08,2025-06,0,CONSISTENT
PRH-N22000570,19,2023-08,2025-06,0,CONSISTENT
PRH-N22000571,19,2023-08,2025-06,0,CONSISTENT
PRH-N22000578,11,2023-08,2024-09,0,CONSISTENT
PRH-N22000582,11,2023-08,2024-09,0,CONSISTENT
PRH-N22000588,7,2023-08,2024-03,0,CONSISTENT
PRH-N22000589,19,2023-08,2025-06,1,UNRESOLVED_TARGET_CENSORED
PRH-N22000591,19,2023-08,2025-06,0,CONSISTENT
PRH-N22000594,19,2023-08,2025-06,0,CONSISTENT
PRH-N22000596,19,2023-08,2025-06,0,CONSISTENT
PRH-N22000597,11,2023-08,2024-09,0,CONSISTENT
PRH-N22000599,19,2023-08,2025-06,0,CONSISTENT
PRH-N22000600,19,2023-08,2025-06,1,UNRESOLVED_TARGET_CENSORED
PRH-N22000602,19,2023-08,2025-06,1,UNRESOLVED_TARGET_CENSORED
PRH-N22000605,19,2023-08,2025-06,0,CONSISTENT
PRH-N22000609,8,2023-08,2025-04,0,CONSISTENT
PRH-N22000610,19,2023-08,2025-06,0,CONSISTENT
PRH-N22000612,19,2023-08,2025-06,0,CONSISTENT
PRH-N22000613,19,2023-08,2025-06,1,UNRESOLVED_TARGET_CENSORED
PRH-N22000614,19,2023-08,2025-06,0,CONSISTENT
PRH-N22000616,19,2023-08,2025-06,0,CONSISTENT
PRH-N22000617,7,2023-08,2024-03,0,CONSISTENT
PRH-N22000618,19,2023-08,2025-06,0,CONSISTENT
PRH-N22000623,11,2023-08,2024-09,0,CONSISTENT
PRH-N22000625,18,2023-08,2025-05,0,CONSISTENT
PRH-N22000628,15,2024-01,2025-06,0,CONSISTENT
PRH-N22000630,7,2024-11,2025-06,0,CONSISTENT
PRH-N22000632,1,2025-06,2025-06,0,CONSISTENT
PRH-N24000044,43,2018-01,2021-08,0,CONSISTENT
PRH-N24000047,43,2018-01,2021-08,0,CONSISTENT
PRH-N24000048,42,2018-01,2021-08,0,CONSISTENT
PRH-N24000049,43,2018-01,2021-08,0,CONSISTENT
PRH-N24000062,48,2018-01,2022-01,0,CONSISTENT
PRH-N24000063,43,2018-01,2021-08,0,CONSISTENT
PRH-N24000068,8,2018-01,2018-08,0,CONSISTENT
PRH-N24000089,48,2018-01,2022-01,0,CONSISTENT
PRH-N24000122,54,2018-01,2022-10,0,CONSISTENT
PRH-N24000125,51,2018-01,2022-05,0,CONSISTENT
PRH-N24000131,51,2018-01,2022-05,0,CONSISTENT
PRH-N24000133,48,2018-01,2022-01,0,CONSISTENT
PRH-N24000136,54,2018-01,2022-10,0,CONSISTENT
PRH-N24000138,67,2018-01,2023-11,0,CONSISTENT
PRH-N24000140,3,2018-01,2018-03,0,CONSISTENT
PRH-N24000144,1,2018-01,2018-01,0,CONSISTENT
PRH-N24000145,15,2018-01,2019-04,0,CONSISTENT
PRH-N24000148,8,2018-01,2018-08,0,CONSISTENT
PRH-N24000149,55,2018-01,2022-11,0,CONSISTENT
PRH-N24000154,3,2018-01,2018-03,0,CONSISTENT
PRH-N24000155,50,2018-01,2022-03,0,CONSISTENT
PRH-N24000156,55,2018-01,2022-11,0,CONSISTENT
PRH-N24000159,54,2018-01,2022-10,0,CONSISTENT
PRH-N24000161,54,2018-01,2022-10,0,CONSISTENT
PRH-N24000162,50,2018-01,2022-03,0,CONSISTENT
PRH-N24000163,49,2018-01,2022-02,0,CONSISTENT
PRH-N24000165,82,2018-01,2025-06,0,CONSISTENT
PRH-N24000166,21,2018-01,2019-10,0,CONSISTENT
PRH-N24000169,13,2018-01,2019-01,0,CONSISTENT
PRH-N24000170,56,2018-01,2022-12,0,CONSISTENT
PRH-N24000172,55,2018-01,2022-11,0,CONSISTENT
PRH-N24000173,55,2018-01,2022-11,0,CONSISTENT
PRH-N24000175,53,2018-01,2022-09,0,CONSISTENT
PRH-N24000176,56,2018-01,2022-12,0,CONSISTENT
PRH-N24000177,44,2018-01,2022-12,0,CONSISTENT
PRH-N24000178,55,2018-01,2022-11,0,CONSISTENT
PRH-N24000180,15,2018-01,2019-04,0,CONSISTENT
PRH-N24000183,55,2018-01,2022-11,0,CONSISTENT
PRH-N24000184,8,2018-01,2018-08,0,CONSISTENT
PRH-N24000185,55,2018-01,2022-11,0,CONSISTENT
PRH-N24000186,54,2018-01,2022-10,0,CONSISTENT
PRH-N24000188,55,2018-01,2022-11,0,CONSISTENT
PRH-N24000189,55,2018-01,2022-11,0,CONSISTENT
PRH-N24000197,55,2018-01,2022-11,0,CONSISTENT
PRH-N24000200,24,2018-01,2020-01,0,CONSISTENT
PRH-N24000201,51,2018-01,2022-05,0,CONSISTENT
PRH-N24000202,54,2018-01,2022-10,0,CONSISTENT
PRH-N24000203,68,2018-01,2024-01,0,CONSISTENT
PRH-N24000205,63,2018-01,2023-07,0,CONSISTENT
PRH-N24000206,54,2018-01,2022-10,0,CONSISTENT
PRH-N24000208,55,2018-01,2022-11,0,CONSISTENT
PRH-N24000209,24,2018-01,2022-11,0,CONSISTENT
PRH-N24000212,54,2018-01,2022-10,0,CONSISTENT
PRH-N24000213,61,2018-01,2023-05,0,CONSISTENT
PRH-N24000215,42,2018-01,2021-07,0,CONSISTENT
PRH-N24000216,18,2018-01,2019-07,0,CONSISTENT
PRH-N24000219,54,2018-01,2022-10,0,CONSISTENT
PRH-N24000222,54,2018-01,2022-10,0,CONSISTENT
PRH-N24000224,55,2018-01,2022-11,0,CONSISTENT
PRH-N24000229,1,2018-01,2018-01,0,CONSISTENT
PRH-N24000230,54,2018-01,2022-10,0,CONSISTENT
PRH-N24000232,54,2018-01,2022-10,0,CONSISTENT
PRH-N24000233,50,2018-01,2022-03,0,CONSISTENT
PRH-N24000240,8,2018-01,2018-08,0,CONSISTENT
PRH-N24000241,15,2018-01,2019-04,0,CONSISTENT
PRH-N24000242,15,2018-01,2019-04,0,CONSISTENT
PRH-N24000243,15,2018-01,2019-04,0,CONSISTENT
PRH-N24000244,15,2018-01,2019-04,0,CONSISTENT
PRH-N24000245,82,2018-01,2025-06,0,CONSISTENT
PRH-N24000246,15,2018-01,2019-04,0,CONSISTENT
PRH-N24000247,57,2018-01,2025-06,0,CONSISTENT
PRH-N24000248,82,2018-01,2025-06,0,CONSISTENT
PRH-N24000249,15,2018-01,2019-04,0,CONSISTENT
PRH-N24000250,15,2018-01,2019-04,0,CONSISTENT
PRH-N24000251,42,2018-01,2021-07,0,CONSISTENT
PRH-N24000252,64,2018-01,2023-08,0,CONSISTENT
PRH-N24000253,43,2018-01,2021-08,0,CONSISTENT
PRH-N24000254,57,2018-01,2023-01,0,CONSISTENT
PRH-N24000255,15,2018-01,2019-04,0,CONSISTENT
PRH-N24000257,67,2018-01,2023-11,0,CONSISTENT
PRH-N24000258,67,2018-01,2023-11,0,CONSISTENT
PRH-N24000259,52,2018-01,2022-08,0,CONSISTENT
PRH-N24000260,48,2018-01,2022-01,0,CONSISTENT
PRH-N24000261,15,2018-01,2019-04,0,CONSISTENT
PRH-N24000262,15,2018-01,2019-04,0,CONSISTENT
PRH-N24000263,15,2018-01,2019-04,0,CONSISTENT
PRH-N24000265,15,2018-01,2019-04,0,CONSISTENT
PRH-N24000266,15,2018-01,2019-04,0,CONSISTENT
PRH-N24000267,15,2018-01,2019-04,0,CONSISTENT
PRH-N24000268,15,2018-01,2019-04,0,CONSISTENT
PRH-N24000269,15,2018-01,2019-04,0,CONSISTENT
PRH-N24000272,15,2018-01,2019-04,0,CONSISTENT
PRH-N24000273,15,2018-01,2019-04,0,CONSISTENT
PRH-N24000274,42,2018-01,2021-07,0,CONSISTENT
PRH-N24000275,43,2018-01,2021-08,0,CONSISTENT
PRH-N24000276,42,2018-01,2021-07,0,CONSISTENT
PRH-N24000277,15,2018-01,2019-04,0,CONSISTENT
PRH-N24000278,15,2018-01,2019-04,0,CONSISTENT
PRH-N24000279,15,2018-01,2019-04,0,CONSISTENT
PRH-N24000280,15,2018-01,2019-04,0,CONSISTENT
PRH-N24000281,51,2018-01,2022-05,0,CONSISTENT
PRH-N24000282,74,2018-01,2024-09,0,CONSISTENT
PRH-N24000283,15,2018-01,2019-04,0,CONSISTENT
PRH-N24000284,15,2018-01,2019-04,0,CONSISTENT
PRH-N24000286,15,2018-01,2019-04,0,CONSISTENT
PRH-N24000287,41,2018-01,2021-06,0,CONSISTENT
PRH-N24000288,15,2018-01,2019-04,0,CONSISTENT
PRH-N24000289,15,2018-01,2019-04,0,CONSISTENT
PRH-N24000290,15,2018-01,2019-04,0,CONSISTENT
PRH-N24000291,15,2018-01,2019-04,0,CONSISTENT
PRH-N24000292,15,2018-01,2019-04,0,CONSISTENT
PRH-N24000293,15,2018-01,2019-04,0,CONSISTENT
PRH-N24000294,42,2018-01,2021-07,0,CONSISTENT
PRH-N24000295,42,2018-01,2021-07,0,CONSISTENT
PRH-N24000296,42,2018-01,2021-07,0,CONSISTENT
PRH-N24000297,42,2018-01,2021-07,0,CONSISTENT
PRH-N24000298,42,2018-01,2021-07,0,CONSISTENT
PRH-N24000299,15,2018-01,2019-04,0,CONSISTENT
PRH-N24000300,15,2018-01,2019-04,0,CONSISTENT
PRH-N24000301,81,2018-01,2025-05,0,CONSISTENT
PRH-N24000302,42,2018-01,2021-07,0,CONSISTENT
PRH-N24000303,15,2018-01,2019-04,0,CONSISTENT
PRH-N24000305,70,2018-01,2024-06,0,CONSISTENT
PRH-N24000306,63,2018-01,2023-07,0,CONSISTENT
PRH-N24000307,42,2018-01,2021-07,0,CONSISTENT
PRH-N24000308,63,2018-01,2023-07,0,CONSISTENT
PRH-N24000309,42,2018-01,2021-07,0,CONSISTENT
PRH-N24000310,15,2018-01,2019-04,0,CONSISTENT
PRH-N24000311,42,2018-01,2021-07,0,CONSISTENT
PRH-N24000312,41,2018-01,2021-08,0,CONSISTENT
PRH-N24000313,41,2018-01,2021-08,0,CONSISTENT
PRH-N24000314,41,2018-01,2021-08,0,CONSISTENT
PRH-N24000315,42,2018-01,2021-07,0,CONSISTENT
PRH-N24000316,48,2018-01,2022-01,0,CONSISTENT
PRH-N24000317,42,2018-01,2021-07,0,CONSISTENT
PRH-N24000318,42,2018-01,2021-07,0,CONSISTENT
PRH-N24000319,81,2018-01,2025-06,0,CONSISTENT
PRH-N24000320,81,2018-01,2025-06,0,CONSISTENT
PRH-N24000321,41,2018-01,2021-06,0,CONSISTENT
PRH-N24000322,58,2018-01,2023-02,0,CONSISTENT
PRH-N24000323,66,2018-01,2023-10,0,CONSISTENT
PRH-N24000324,35,2018-01,2020-12,0,CONSISTENT
PRH-N24000325,35,2018-01,2020-12,0,CONSISTENT
PRH-N24000326,47,2018-01,2022-12,0,CONSISTENT
PRH-N24000327,50,2018-01,2022-03,0,CONSISTENT
PRH-N24000328,51,2018-01,2022-05,0,CONSISTENT
PRH-N24000329,15,2018-01,2019-04,0,CONSISTENT
PRH-N24000330,15,2018-01,2019-04,0,CONSISTENT
PRH-N24000332,81,2018-01,2025-05,0,CONSISTENT
PRH-N24000333,42,2018-01,2021-07,0,CONSISTENT
PRH-N24000334,82,2018-01,2025-06,0,CONSISTENT
PRH-N24000335,42,2018-01,2021-07,0,CONSISTENT
PRH-N24000336,15,2018-01,2019-04,0,CONSISTENT
PRH-N24000337,8,2018-01,2018-08,0,CONSISTENT
PRH-N24000342,29,2018-01,2022-10,0,CONSISTENT
PRH-N24000343,1,2018-01,2018-01,0,CONSISTENT
PRH-N24000344,48,2018-01,2022-01,0,CONSISTENT
PRH-N24000347,29,2018-01,2020-06,0,CONSISTENT
PRH-N24000348,8,2018-01,2018-08,0,CONSISTENT
PRH-N24000349,47,2018-01,2021-12,0,CONSISTENT
PRH-N24000350,56,2018-01,2022-12,0,CONSISTENT
PRH-N24000351,11,2018-01,2018-11,0,CONSISTENT
PRH-N24000352,8,2018-01,2018-08,0,CONSISTENT
PRH-N24000353,9,2018-01,2018-09,0,CONSISTENT
PRH-N24000354,8,2018-01,2018-08,0,CONSISTENT
PRH-N24000356,55,2018-01,2022-11,0,CONSISTENT
PRH-N24000357,14,2018-01,2019-02,0,CONSISTENT
PRH-N24000358,8,2018-01,2018-08,0,CONSISTENT
PRH-N24000359,47,2018-01,2021-12,0,CONSISTENT
PRH-N24000360,55,2018-01,2022-11,0,CONSISTENT
PRH-N24000361,43,2018-01,2021-08,0,CONSISTENT
PRH-N24000362,54,2018-01,2022-10,0,CONSISTENT
PRH-N24000364,29,2018-01,2020-06,0,CONSISTENT
PRH-N24000367,50,2018-01,2022-03,0,CONSISTENT
PRH-N24000368,14,2018-01,2019-02,0,CONSISTENT
PRH-N24000369,15,2018-01,2019-04,0,CONSISTENT
PRH-N24000370,15,2018-01,2019-04,0,CONSISTENT
PRH-N24000371,42,2018-01,2021-07,0,CONSISTENT
PRH-N24000372,15,2018-01,2019-04,0,CONSISTENT
PRH-N24000373,42,2018-01,2021-07,0,CONSISTENT
PRH-N24000374,15,2018-01,2019-04,0,CONSISTENT
PRH-N24000375,42,2018-01,2021-07,0,CONSISTENT
PRH-N24000376,42,2018-01,2021-07,0,CONSISTENT
PRH-N24000377,15,2018-01,2019-04,0,CONSISTENT
PRH-N24000378,68,2018-01,2024-01,0,CONSISTENT
PRH-N24000379,42,2018-01,2021-07,0,CONSISTENT
PRH-N24000380,17,2018-01,2019-06,0,CONSISTENT
PRH-N24000381,15,2018-01,2019-04,0,CONSISTENT
PRH-N24000383,15,2018-01,2019-04,0,CONSISTENT
PRH-N24000384,15,2018-01,2019-04,0,CONSISTENT
PRH-N24000385,42,2018-01,2021-07,0,CONSISTENT
PRH-N24000387,15,2018-01,2019-04,0,CONSISTENT
PRH-N24000388,42,2018-01,2021-07,0,CONSISTENT
PRH-N24000389,42,2018-01,2021-07,0,CONSISTENT
PRH-N24000390,15,2018-01,2019-04,0,CONSISTENT
PRH-N24000391,55,2018-01,2022-11,0,CONSISTENT
PRH-N24000392,52,2018-01,2022-08,0,CONSISTENT
PRH-N24000393,15,2018-01,2019-04,0,CONSISTENT
PRH-N24000394,15,2018-01,2019-04,0,CONSISTENT
PRH-N24000395,42,2018-01,2021-07,0,CONSISTENT
PRH-N24000396,42,2018-01,2021-07,0,CONSISTENT
PRH-N24000397,42,2018-01,2021-07,0,CONSISTENT
PRH-N24000398,42,2018-01,2021-07,0,CONSISTENT
PRH-N24000399,15,2018-01,2019-04,0,CONSISTENT
PRH-N24000401,42,2018-01,2021-07,1,UNRESOLVED_TARGET_CENSORED
PRH-N24000402,42,2018-01,2021-07,0,CONSISTENT
PRH-N24000403,15,2018-01,2019-04,0,CONSISTENT
PRH-N24000404,15,2018-01,2019-04,0,CONSISTENT
PRH-N24000405,15,2018-01,2019-04,0,CONSISTENT
PRH-N24000406,15,2018-01,2019-04,0,CONSISTENT
PRH-N24000407,42,2018-01,2021-07,0,CONSISTENT
PRH-N24000409,15,2018-01,2019-04,0,CONSISTENT
PRH-N24000410,15,2018-01,2019-04,0,CONSISTENT
PRH-N24000411,35,2018-01,2020-12,0,CONSISTENT
PRH-N24000412,64,2018-01,2023-08,1,UNRESOLVED_TARGET_CENSORED
PRH-N24000413,18,2018-01,2019-07,0,CONSISTENT
PRH-N24000414,42,2018-01,2021-07,0,CONSISTENT
PRH-N24000415,63,2018-01,2023-07,0,CONSISTENT
PRH-N24000416,15,2018-01,2019-04,0,CONSISTENT
PRH-N24000417,42,2018-01,2021-07,0,CONSISTENT
PRH-N24000418,15,2018-01,2019-04,0,CONSISTENT
PRH-N24000419,15,2018-01,2019-04,0,CONSISTENT
PRH-N24000420,15,2018-01,2019-04,0,CONSISTENT
PRH-N24000421,15,2018-01,2019-04,0,CONSISTENT
PRH-N24000422,24,2022-08,2024-10,0,CONSISTENT
PRH-N24000423,51,2018-01,2022-05,0,CONSISTENT
PRH-N24000424,1,2023-01,2023-01,0,CONSISTENT
PRH-N24000425,42,2018-01,2021-07,0,CONSISTENT
PRH-N24000426,54,2018-01,2022-10,0,CONSISTENT
PRH-N24000427,55,2018-01,2022-11,0,CONSISTENT
PRH-N24000429,36,2018-01,2021-01,0,CONSISTENT
PRH-N24000430,41,2018-01,2021-06,0,CONSISTENT
PRH-N24000432,54,2018-01,2022-10,0,CONSISTENT
PRH-N24000433,8,2018-01,2018-08,0,CONSISTENT
PRH-N24000435,54,2018-01,2022-11,0,CONSISTENT
PRH-N24000436,8,2018-01,2018-08,0,CONSISTENT
PRH-N24000437,54,2018-01,2022-10,0,CONSISTENT
PRH-N24000439,43,2018-01,2021-08,0,CONSISTENT
PRH-N24000440,8,2018-01,2018-08,0,CONSISTENT
PRH-N24000441,53,2018-01,2022-10,0,CONSISTENT
PRH-N24000443,51,2018-01,2022-05,1,UNRESOLVED_TARGET_CENSORED
PRH-N24000444,74,2018-01,2024-09,0,CONSISTENT
PRH-N24000445,54,2018-01,2022-10,0,CONSISTENT
PRH-N24000446,21,2018-01,2019-10,0,CONSISTENT
PRH-N24000447,15,2018-01,2019-04,0,CONSISTENT
PRH-N24000448,54,2018-01,2022-10,0,CONSISTENT
PRH-N24000449,54,2018-01,2022-10,0,CONSISTENT
PRH-N24000450,21,2018-01,2019-10,0,CONSISTENT
PRH-N24000451,54,2018-01,2022-10,0,CONSISTENT
PRH-N24000452,42,2018-01,2021-07,0,CONSISTENT
PRH-N24000453,55,2018-01,2022-11,0,CONSISTENT
PRH-N24000454,58,2018-01,2023-02,0,CONSISTENT
PRH-N24000459,54,2018-01,2022-10,0,CONSISTENT
PRH-N24000460,50,2018-01,2022-03,0,CONSISTENT
PRH-N24000463,82,2018-01,2025-06,0,CONSISTENT
PRH-N24000465,26,2023-01,2025-06,0,CONSISTENT
PRH-N24000467,42,2018-01,2021-07,0,CONSISTENT
PRH-N24000468,51,2018-01,2022-05,0,CONSISTENT
PRH-N24000469,51,2018-01,2022-05,0,CONSISTENT
PRH-N24000470,42,2018-01,2021-07,0,CONSISTENT
PRH-N24000471,55,2018-01,2022-11,0,CONSISTENT
PRH-N24000472,21,2018-01,2019-10,0,CONSISTENT
PRH-N24000473,55,2018-01,2022-11,0,CONSISTENT
PRH-N24000474,15,2018-01,2019-04,0,CONSISTENT
PRH-N24000475,71,2018-01,2024-06,0,CONSISTENT
PRH-N24000476,15,2018-01,2019-04,0,CONSISTENT
PRH-N24000477,56,2018-01,2022-12,0,CONSISTENT
PRH-N24000478,58,2018-01,2023-02,1,UNRESOLVED_TARGET_CENSORED
PRH-N24000479,56,2018-01,2022-12,0,CONSISTENT
PRH-N24000481,8,2018-01,2018-08,0,CONSISTENT
PRH-N24000482,61,2018-01,2023-05,0,CONSISTENT
PRH-N24000483,54,2018-01,2022-10,0,CONSISTENT
PRH-N24000484,8,2018-01,2018-08,0,CONSISTENT
PRH-N24000485,56,2018-01,2022-12,0,CONSISTENT
PRH-N24000486,51,2018-01,2022-05,0,CONSISTENT
PRH-N24000487,8,2018-01,2018-08,0,CONSISTENT
PRH-N24000488,82,2018-01,2025-06,0,CONSISTENT
PRH-N24000489,51,2018-01,2022-05,0,CONSISTENT
PRH-N24000490,54,2018-01,2022-10,0,CONSISTENT
PRH-N24000491,55,2018-01,2022-11,0,CONSISTENT
PRH-N24000492,29,2018-01,2020-06,0,CONSISTENT
PRH-N24000493,69,2018-01,2024-02,0,CONSISTENT
PRH-N24000494,48,2018-01,2022-01,0,CONSISTENT
PRH-N24000495,54,2018-01,2022-10,0,CONSISTENT
PRH-N24000496,48,2018-01,2022-01,0,CONSISTENT
PRH-N24000498,55,2018-01,2022-11,0,CONSISTENT
PRH-N24000499,69,2018-01,2024-02,0,CONSISTENT
PRH-N24000500,8,2018-01,2018-08,0,CONSISTENT
PRH-N24000501,63,2018-01,2023-07,0,CONSISTENT
PRH-N24000502,49,2018-01,2022-02,0,CONSISTENT
PRH-N24000503,42,2018-01,2021-07,0,CONSISTENT
PRH-N24000504,51,2018-01,2022-05,0,CONSISTENT
PRH-N24000505,34,2018-01,2020-11,0,CONSISTENT
PRH-N24000506,61,2018-01,2023-05,0,CONSISTENT
PRH-N24000508,43,2018-01,2021-08,0,CONSISTENT
PRH-N24000509,48,2018-01,2022-01,0,CONSISTENT
PRH-N24000510,38,2018-01,2022-11,0,CONSISTENT
PRH-N24000511,57,2018-01,2023-01,0,CONSISTENT
PRH-N24000512,15,2018-01,2019-04,0,CONSISTENT
PRH-N24000514,67,2018-01,2023-11,0,CONSISTENT
PRH-N24000516,74,2018-01,2024-09,0,CONSISTENT
PRH-N24000517,48,2018-01,2022-01,0,CONSISTENT
PRH-N24000518,43,2018-01,2021-08,0,CONSISTENT
PRH-N24000519,42,2018-01,2021-07,0,CONSISTENT
PRH-N24000520,48,2018-01,2022-01,0,CONSISTENT
PRH-N24000521,55,2018-01,2022-11,0,CONSISTENT
PRH-N24000522,54,2018-01,2022-10,0,CONSISTENT
PRH-N24000523,42,2018-01,2021-07,0,CONSISTENT
PRH-N24000524,42,2018-01,2021-07,0,CONSISTENT
PRH-N24000526,15,2018-01,2019-04,0,CONSISTENT
PRH-N24000527,57,2018-01,2023-01,0,CONSISTENT
PRH-N24000528,56,2018-01,2022-12,0,CONSISTENT
PRH-N24000529,15,2018-01,2019-04,0,CONSISTENT
PRH-N24000530,42,2018-01,2021-07,0,CONSISTENT
PRH-N24000531,82,2018-01,2025-06,0,CONSISTENT
PRH-N24000536,15,2018-01,2019-04,0,CONSISTENT
PRH-N24000537,42,2018-01,2021-07,0,CONSISTENT
PRH-N24000538,15,2018-01,2019-04,0,CONSISTENT
PRH-N24000539,54,2018-01,2022-10,0,CONSISTENT
PRH-N24000540,13,2018-01,2019-01,0,CONSISTENT
PRH-N24000541,43,2018-01,2021-08,0,CONSISTENT
PRH-N24000542,43,2018-01,2021-08,0,CONSISTENT
PRH-N24000544,54,2018-01,2022-10,0,CONSISTENT
PRH-N24000545,43,2018-01,2021-08,0,CONSISTENT
PRH-N24000546,48,2018-01,2022-01,0,CONSISTENT
PRH-N24000547,50,2018-01,2022-03,0,CONSISTENT
PRH-N24000548,42,2018-01,2021-07,0,CONSISTENT
PRH-N24000549,72,2018-01,2024-07,0,CONSISTENT
PRH-N24000550,56,2018-01,2022-12,0,CONSISTENT
PRH-N24000551,76,2018-01,2024-11,0,CONSISTENT
PRH-N24000552,79,2018-01,2025-03,0,CONSISTENT
PRH-N24000553,46,2018-01,2021-11,0,CONSISTENT
PRH-N24000554,50,2018-01,2022-03,0,CONSISTENT
PRH-N24000555,56,2018-01,2022-12,0,CONSISTENT
PRH-N24000556,78,2018-01,2025-01,0,CONSISTENT
PRH-N24000557,56,2018-01,2022-12,0,CONSISTENT
PRH-N24000558,76,2018-01,2024-11,0,CONSISTENT
PRH-N24000559,78,2018-01,2025-01,0,CONSISTENT
PRH-N24000560,82,2018-01,2025-06,0,CONSISTENT
PRH-N24000561,15,2018-01,2019-04,0,CONSISTENT
PRH-N24000562,54,2018-01,2022-10,0,CONSISTENT
PRH-N24000563,51,2018-01,2022-05,0,CONSISTENT
PRH-N24000564,82,2018-01,2025-06,0,CONSISTENT
PRH-N24000565,55,2018-01,2022-11,0,CONSISTENT
PRH-N24000566,70,2018-01,2024-03,0,CONSISTENT
PRH-N24000567,80,2018-01,2025-04,0,CONSISTENT
PRH-N24000568,48,2018-01,2022-01,0,CONSISTENT
PRH-N24000570,80,2018-01,2025-04,0,CONSISTENT
PRH-N24000571,54,2018-01,2022-10,0,CONSISTENT
PRH-N24000572,48,2018-01,2022-01,0,CONSISTENT
PRH-N24000573,15,2018-01,2019-04,0,CONSISTENT
PRH-N24000574,65,2018-01,2023-09,0,CONSISTENT
PRH-N24000575,42,2018-01,2021-07,0,CONSISTENT
PRH-N24000576,82,2018-01,2025-06,0,CONSISTENT
PRH-N24000577,42,2018-01,2021-07,0,CONSISTENT
PRH-N24000578,82,2018-01,2025-06,0,CONSISTENT
PRH-N24000580,42,2018-01,2021-07,0,CONSISTENT
PRH-N24000581,42,2018-01,2021-07,0,CONSISTENT
PRH-N24000586,48,2018-01,2022-01,0,CONSISTENT
PRH-N24000587,48,2018-01,2022-01,0,CONSISTENT
PRH-N24000589,54,2018-01,2022-10,0,CONSISTENT
PRH-N24000590,56,2018-01,2022-12,0,CONSISTENT
PRH-N24000591,48,2018-01,2022-01,0,CONSISTENT
PRH-N24000593,48,2018-01,2022-01,0,CONSISTENT
PRH-N24000594,55,2018-01,2022-11,0,CONSISTENT
PRH-N24000597,8,2018-01,2018-08,0,CONSISTENT
PRH-N24000598,18,2018-01,2019-07,0,CONSISTENT
PRH-N24000599,50,2018-01,2022-03,0,CONSISTENT
PRH-N24000600,54,2018-01,2022-10,0,CONSISTENT
PRH-N24000601,54,2018-01,2022-10,0,CONSISTENT
PRH-N24000602,54,2018-01,2022-10,0,CONSISTENT
PRH-N24000603,80,2018-01,2025-04,0,CONSISTENT
PRH-N24000604,29,2018-01,2020-06,0,CONSISTENT
PRH-N24000605,51,2018-01,2022-05,0,CONSISTENT
PRH-N24000606,56,2018-01,2022-12,0,CONSISTENT
PRH-N24000607,55,2018-01,2022-11,0,CONSISTENT
PRH-N24000608,42,2018-01,2021-07,0,CONSISTENT
PRH-N24000609,21,2018-01,2019-10,0,CONSISTENT
PRH-N24000610,58,2018-01,2023-02,0,CONSISTENT
PRH-N24000614,35,2018-01,2020-12,0,CONSISTENT
PRH-N24000615,15,2018-01,2019-04,0,CONSISTENT
PRH-N24000616,59,2018-01,2023-03,0,CONSISTENT
PRH-N24000617,41,2018-01,2021-06,0,CONSISTENT
PRH-N24000618,41,2018-01,2021-06,0,CONSISTENT
PRH-N24000620,55,2018-01,2022-11,0,CONSISTENT
PRH-N24000621,43,2018-01,2021-08,0,CONSISTENT
PRH-N24000622,75,2018-01,2024-10,0,CONSISTENT
PRH-N24000623,47,2018-01,2021-12,0,CONSISTENT
PRH-N24000624,48,2018-01,2022-01,0,CONSISTENT
PRH-N24000625,42,2018-01,2021-07,0,CONSISTENT
PRH-N24000627,55,2018-01,2022-11,0,CONSISTENT
PRH-N24000628,70,2018-01,2024-03,0,CONSISTENT
PRH-N24000629,68,2018-01,2024-01,0,CONSISTENT
PRH-N24000630,70,2018-01,2024-03,0,CONSISTENT
PRH-N24000631,56,2018-01,2022-12,0,CONSISTENT
PRH-N24000632,49,2018-01,2022-02,0,CONSISTENT
PRH-N24000633,55,2018-01,2022-11,0,CONSISTENT
PRH-N24000634,58,2018-01,2023-02,0,CONSISTENT
PRH-N24000635,54,2018-01,2022-10,0,CONSISTENT
PRH-N24000636,54,2018-01,2022-10,0,CONSISTENT
PRH-N24000637,50,2018-01,2022-03,0,CONSISTENT
PRH-N24000638,56,2018-01,2022-12,0,CONSISTENT
PRH-N24000639,56,2018-01,2022-12,0,CONSISTENT
PRH-N24000640,42,2018-01,2021-07,0,CONSISTENT
PRH-N24000641,42,2018-01,2021-07,0,CONSISTENT
PRH-N24000642,18,2018-01,2019-07,0,CONSISTENT
PRH-N24000643,18,2018-01,2019-07,0,CONSISTENT
PRH-N24000644,42,2018-01,2021-07,0,CONSISTENT
PRH-N24000645,57,2018-01,2023-01,0,CONSISTENT
PRH-N24000646,42,2018-01,2021-07,0,CONSISTENT
PRH-N24000647,15,2018-01,2019-04,0,CONSISTENT
PRH-N24000648,50,2018-01,2022-03,0,CONSISTENT
PRH-N24000649,82,2018-01,2025-06,0,CONSISTENT
PRH-N24000650,43,2018-01,2021-08,0,CONSISTENT
PRH-N24000651,54,2018-01,2022-10,0,CONSISTENT
PRH-N24000652,75,2018-01,2024-10,0,CONSISTENT
PRH-N24000653,56,2018-01,2022-12,0,CONSISTENT
PRH-N24000654,55,2018-01,2022-11,0,CONSISTENT
PRH-N24000655,78,2018-01,2025-01,0,CONSISTENT
PRH-N24000657,49,2018-01,2022-02,0,CONSISTENT
PRH-N24000658,49,2018-01,2022-02,0,CONSISTENT
PRH-N24000659,81,2018-01,2025-05,0,CONSISTENT
PRH-N24000660,51,2018-01,2022-05,0,CONSISTENT
PRH-N24000661,49,2018-01,2022-02,0,CONSISTENT
PRH-N24000662,72,2018-01,2024-07,0,CONSISTENT
PRH-N24000663,51,2018-01,2022-05,0,CONSISTENT
PRH-N24000664,39,2018-01,2021-04,0,CONSISTENT
PRH-N24000666,56,2018-01,2022-12,0,CONSISTENT
PRH-N24000667,29,2018-01,2020-06,0,CONSISTENT
PRH-N24000668,54,2018-01,2022-10,0,CONSISTENT
PRH-N24000669,34,2018-01,2020-11,0,CONSISTENT
PRH-N24000670,34,2018-01,2020-11,0,CONSISTENT
PRH-N24000671,55,2018-01,2022-11,0,CONSISTENT
PRH-N24000672,50,2018-01,2022-03,0,CONSISTENT
PRH-N24000673,1,2018-01,2018-01,0,CONSISTENT
PRH-N24000674,54,2018-01,2022-10,0,CONSISTENT
PRH-N24000675,56,2018-01,2022-12,0,CONSISTENT
PRH-N24000676,41,2018-01,2021-06,0,CONSISTENT
PRH-N24000677,41,2018-01,2021-06,0,CONSISTENT
PRH-N24000678,62,2018-01,2023-06,0,CONSISTENT
PRH-N24000679,62,2018-01,2023-06,0,CONSISTENT
PRH-N24000680,62,2018-01,2023-06,0,CONSISTENT
PRH-N24000681,41,2018-01,2021-06,0,CONSISTENT
PRH-N24000682,36,2018-01,2021-01,0,CONSISTENT
PRH-N24000683,82,2018-01,2025-06,0,CONSISTENT
PRH-N24000684,36,2018-01,2021-01,0,CONSISTENT
PRH-N24000685,70,2018-01,2025-01,0,CONSISTENT
PRH-N24000686,81,2018-01,2025-05,0,CONSISTENT
PRH-N24000687,70,2018-01,2024-03,0,CONSISTENT
PRH-N24000688,74,2018-01,2025-06,0,CONSISTENT
PRH-N24000689,41,2018-01,2021-06,0,CONSISTENT
PRH-N24000690,59,2018-01,2023-03,0,CONSISTENT
PRH-N24000691,72,2018-01,2024-07,0,CONSISTENT
PRH-N24000692,70,2018-01,2024-03,0,CONSISTENT
PRH-N24000693,54,2018-01,2022-10,0,CONSISTENT
PRH-N24000694,56,2018-01,2022-12,0,CONSISTENT
PRH-N24000695,57,2018-01,2023-01,0,CONSISTENT
PRH-N24000697,82,2018-01,2025-06,0,CONSISTENT
PRH-N24000698,1,2018-01,2018-01,0,CONSISTENT
PRH-N24000699,63,2018-01,2023-07,0,CONSISTENT
PRH-N24000700,29,2018-01,2020-06,0,CONSISTENT
PRH-N24000701,70,2018-01,2024-03,0,CONSISTENT
PRH-N24000702,51,2018-01,2022-05,0,CONSISTENT
PRH-N24000703,54,2018-01,2022-10,0,CONSISTENT
PRH-N24000704,81,2018-01,2025-05,0,CONSISTENT
PRH-N24000705,51,2018-01,2022-05,0,CONSISTENT
PRH-N24000706,51,2018-01,2022-05,0,CONSISTENT
PRH-N24000707,51,2018-01,2022-05,0,CONSISTENT
PRH-N24000709,80,2018-01,2025-04,0,CONSISTENT
PRH-N24000710,55,2018-01,2022-11,0,CONSISTENT
PRH-N24000711,72,2018-01,2024-07,0,CONSISTENT
PRH-N24000712,53,2018-01,2022-09,0,CONSISTENT
PRH-N24000713,52,2018-01,2022-08,0,CONSISTENT
PRH-N24000716,56,2018-01,2022-12,0,CONSISTENT
PRH-N24000718,61,2018-01,2023-08,0,CONSISTENT
PRH-N24000719,56,2018-01,2022-12,0,CONSISTENT
PRH-N24000720,54,2018-01,2022-10,0,CONSISTENT
PRH-N24000721,54,2018-01,2022-10,0,CONSISTENT
PRH-N24000722,61,2018-01,2023-05,0,CONSISTENT
PRH-N24000724,69,2018-02,2024-03,0,CONSISTENT
PRH-N24000725,75,2018-02,2024-11,0,CONSISTENT
PRH-N24000727,41,2018-02,2021-07,0,CONSISTENT
PRH-N24000728,53,2018-02,2022-10,0,CONSISTENT
PRH-N24000729,47,2018-02,2022-01,0,CONSISTENT
PRH-N24000730,53,2018-02,2022-10,0,CONSISTENT
PRH-N24000731,62,2018-02,2023-07,0,CONSISTENT
PRH-N24000732,55,2018-02,2022-12,0,CONSISTENT
PRH-N24000735,55,2018-02,2022-12,0,CONSISTENT
PRH-N24000736,81,2018-02,2025-06,0,CONSISTENT
PRH-N24000737,55,2018-02,2022-12,0,CONSISTENT
PRH-N24000740,49,2018-02,2022-03,0,CONSISTENT
PRH-N24000741,79,2018-03,2025-05,0,CONSISTENT
PRH-N24000742,80,2018-03,2025-06,0,CONSISTENT
PRH-N24000743,80,2018-03,2025-06,0,CONSISTENT
PRH-N24000744,73,2018-03,2024-10,0,CONSISTENT
PRH-N24000745,80,2018-03,2025-06,0,CONSISTENT
PRH-N24000746,55,2018-03,2023-01,0,CONSISTENT
PRH-N24000748,73,2018-03,2024-10,0,CONSISTENT
PRH-N24000749,80,2018-03,2025-06,0,CONSISTENT
PRH-N24000751,52,2018-04,2022-11,0,CONSISTENT
PRH-N24000752,79,2018-04,2025-06,0,CONSISTENT
PRH-N24000753,79,2018-04,2025-06,0,CONSISTENT
PRH-N24000754,54,2018-04,2023-01,0,CONSISTENT
PRH-N24000755,54,2018-04,2023-01,0,CONSISTENT
PRH-N24000756,75,2018-04,2025-01,0,CONSISTENT
PRH-N24000757,65,2018-04,2024-01,0,CONSISTENT
PRH-N24000758,64,2018-04,2023-11,0,CONSISTENT
PRH-N24000759,49,2018-04,2022-08,0,CONSISTENT
PRH-N24000760,49,2018-04,2022-08,0,CONSISTENT
PRH-N24000761,49,2018-04,2022-08,0,CONSISTENT
PRH-N24000762,52,2018-04,2022-11,0,CONSISTENT
PRH-N24000764,67,2018-04,2024-03,0,CONSISTENT
PRH-N24000766,34,2018-08,2021-06,0,CONSISTENT
PRH-N24000767,75,2018-08,2025-06,0,CONSISTENT
PRH-N24000768,74,2018-08,2025-05,0,CONSISTENT
PRH-N24000769,49,2018-08,2022-12,0,CONSISTENT
PRH-N24000770,28,2018-08,2020-12,0,CONSISTENT
PRH-N24000771,75,2018-08,2025-06,0,CONSISTENT
PRH-N24000772,75,2018-08,2025-06,0,CONSISTENT
PRH-N24000773,75,2018-08,2025-06,0,CONSISTENT
PRH-N24000774,75,2018-08,2025-06,0,CONSISTENT
PRH-N24000776,75,2018-08,2025-06,0,CONSISTENT
PRH-N24000777,75,2018-08,2025-06,0,CONSISTENT
PRH-N24000778,75,2018-08,2025-06,0,CONSISTENT
PRH-N24000780,75,2018-08,2025-06,0,CONSISTENT
PRH-N24000782,75,2018-08,2025-06,0,CONSISTENT
PRH-N24000783,55,2018-08,2023-06,0,CONSISTENT
PRH-N24000785,51,2018-08,2023-02,0,CONSISTENT
PRH-N24000786,48,2018-08,2022-11,0,CONSISTENT
PRH-N24000787,49,2018-08,2022-12,0,CONSISTENT
PRH-N24000789,51,2018-08,2023-02,0,CONSISTENT
PRH-N24000790,50,2018-08,2023-01,0,CONSISTENT
PRH-N24000791,41,2018-08,2022-01,0,CONSISTENT
PRH-N24000792,54,2018-08,2023-05,0,CONSISTENT
PRH-N24000793,44,2018-08,2022-05,0,CONSISTENT
PRH-N24000794,41,2018-08,2022-01,0,CONSISTENT
PRH-N24000796,72,2018-08,2025-03,0,CONSISTENT
PRH-N24000797,38,2018-08,2022-01,0,CONSISTENT
PRH-N24000798,75,2018-08,2025-06,0,CONSISTENT
PRH-N24000799,48,2018-08,2022-11,0,CONSISTENT
PRH-N24000800,47,2018-08,2022-10,0,CONSISTENT
PRH-N24000801,52,2018-08,2023-03,0,CONSISTENT
PRH-N24000802,47,2018-08,2022-10,0,CONSISTENT
PRH-N24000803,47,2018-08,2022-10,0,CONSISTENT
PRH-N24000804,49,2018-08,2022-12,0,CONSISTENT
PRH-N24000806,48,2018-08,2022-11,0,CONSISTENT
PRH-N24000807,48,2018-08,2022-11,0,CONSISTENT
PRH-N24000808,46,2018-08,2022-09,0,CONSISTENT
PRH-N24000809,48,2018-08,2022-11,0,CONSISTENT
PRH-N24000810,47,2018-08,2022-10,0,CONSISTENT
PRH-N24000812,47,2018-08,2022-10,0,CONSISTENT
PRH-N24000814,47,2018-08,2022-10,0,CONSISTENT
PRH-N24000815,48,2018-08,2022-11,0,CONSISTENT
PRH-N24000821,73,2018-10,2025-06,0,CONSISTENT
PRH-N24000822,47,2018-10,2022-12,0,CONSISTENT
PRH-N24000823,59,2018-10,2024-01,0,CONSISTENT
PRH-N24000824,47,2018-10,2022-12,0,CONSISTENT
PRH-N24000825,59,2018-10,2024-01,0,CONSISTENT
PRH-N24000827,66,2018-10,2024-10,0,CONSISTENT
PRH-N24000828,61,2018-10,2024-03,0,CONSISTENT
PRH-N24000829,46,2018-10,2022-11,0,CONSISTENT
PRH-N24000830,46,2018-10,2022-11,0,CONSISTENT
PRH-N24000831,46,2018-10,2022-11,0,CONSISTENT
PRH-N24000832,46,2018-10,2022-11,0,CONSISTENT
PRH-N24000833,46,2018-10,2022-11,0,CONSISTENT
PRH-N24000835,68,2018-10,2024-12,0,CONSISTENT
PRH-N24000836,42,2018-10,2022-05,0,CONSISTENT
PRH-N24000837,34,2018-10,2021-08,0,CONSISTENT
PRH-N24000838,39,2018-10,2022-01,0,CONSISTENT
PRH-N24000839,45,2018-10,2022-10,0,CONSISTENT
PRH-N24000840,38,2018-10,2021-12,0,CONSISTENT
PRH-N24000841,45,2018-10,2022-10,0,CONSISTENT
PRH-N24000842,42,2018-10,2022-05,0,CONSISTENT
PRH-N24000843,42,2018-10,2022-05,0,CONSISTENT
PRH-N24000844,54,2018-10,2023-07,0,CONSISTENT
PRH-N24000845,7,2023-01,2023-07,0,CONSISTENT
PRH-N24000846,42,2018-10,2022-05,0,CONSISTENT
PRH-N24000847,45,2018-10,2022-10,0,CONSISTENT
PRH-N24000848,42,2018-10,2022-05,0,CONSISTENT
PRH-N24000849,45,2018-10,2022-10,0,CONSISTENT
PRH-N24000850,34,2018-10,2021-08,0,CONSISTENT
PRH-N24000851,73,2018-10,2025-06,0,CONSISTENT
PRH-N24000853,46,2018-10,2022-11,0,CONSISTENT
PRH-N24000854,65,2018-10,2024-09,0,CONSISTENT
PRH-N24000856,1,2019-04,2019-04,0,CONSISTENT
PRH-N24000858,68,2019-04,2025-06,0,CONSISTENT
PRH-N24000859,65,2019-04,2025-03,0,CONSISTENT
PRH-N24000866,46,2019-04,2023-04,0,CONSISTENT
PRH-N24000867,37,2019-04,2022-12,0,CONSISTENT
PRH-N24000869,37,2019-04,2022-05,0,CONSISTENT
PRH-N24000870,57,2019-04,2024-06,0,CONSISTENT
PRH-N24000871,28,2019-04,2021-07,0,CONSISTENT
PRH-N24000872,47,2019-04,2023-08,0,CONSISTENT
PRH-N24000873,28,2019-04,2021-07,0,CONSISTENT
PRH-N24000875,53,2019-04,2023-11,0,CONSISTENT
PRH-N24000876,49,2019-04,2023-07,0,CONSISTENT
PRH-N24000877,43,2019-04,2023-01,0,CONSISTENT
PRH-N24000878,28,2019-04,2021-07,0,CONSISTENT
PRH-N24000879,28,2019-04,2021-07,0,CONSISTENT
PRH-N24000880,68,2019-04,2025-06,0,CONSISTENT
PRH-N24000881,53,2019-04,2023-11,0,CONSISTENT
PRH-N24000882,36,2019-04,2022-03,0,CONSISTENT
PRH-N24000883,56,2019-04,2024-03,0,CONSISTENT
PRH-N24000884,28,2019-04,2021-07,0,CONSISTENT
PRH-N24000885,64,2019-04,2025-01,0,CONSISTENT
PRH-N24000886,55,2019-04,2024-02,0,CONSISTENT
PRH-N24000887,63,2019-04,2024-12,0,CONSISTENT
PRH-N24000888,53,2019-04,2023-11,0,CONSISTENT
PRH-N24000889,36,2019-04,2022-03,0,CONSISTENT
PRH-N24000890,44,2019-04,2023-02,0,CONSISTENT
PRH-N24000891,55,2019-04,2024-02,0,CONSISTENT
PRH-N24000892,63,2019-04,2024-12,0,CONSISTENT
PRH-N24000893,44,2019-04,2023-02,0,CONSISTENT
PRH-N24000894,50,2019-04,2023-08,0,CONSISTENT
PRH-N24000895,28,2019-04,2021-07,0,CONSISTENT
PRH-N24000896,40,2019-04,2022-10,0,CONSISTENT
PRH-N24000898,44,2019-04,2023-02,0,CONSISTENT
PRH-N24000899,44,2019-04,2023-02,0,CONSISTENT
PRH-N24000902,62,2019-04,2024-11,0,CONSISTENT
PRH-N24000903,60,2019-04,2024-09,0,CONSISTENT
PRH-N24000904,41,2019-04,2022-11,0,CONSISTENT
PRH-N24000905,28,2019-04,2021-07,0,CONSISTENT
PRH-N24000906,28,2019-04,2021-07,0,CONSISTENT
PRH-N24000907,67,2019-05,2025-06,0,CONSISTENT
PRH-N24000908,28,2019-04,2021-07,0,CONSISTENT
PRH-N24000909,68,2019-04,2025-06,0,CONSISTENT
PRH-N24000910,68,2019-04,2025-06,0,CONSISTENT
PRH-N24000911,27,2019-05,2021-07,0,CONSISTENT
PRH-N24000912,67,2019-05,2025-06,0,CONSISTENT
PRH-N24000913,51,2019-05,2023-10,0,CONSISTENT
PRH-N24000914,67,2019-05,2025-06,0,CONSISTENT
PRH-N24000915,48,2019-05,2023-07,0,CONSISTENT
PRH-N24000916,48,2019-05,2023-07,0,CONSISTENT
PRH-N24000917,67,2019-05,2025-06,0,CONSISTENT
PRH-N24000918,3,2019-05,2019-07,0,CONSISTENT
PRH-N24000919,3,2019-05,2019-07,0,CONSISTENT
PRH-N24000920,20,2019-05,2020-12,0,CONSISTENT
PRH-N24000921,20,2019-05,2020-12,0,CONSISTENT
PRH-N24000922,55,2019-05,2024-03,0,CONSISTENT
PRH-N24000923,35,2019-05,2022-03,0,CONSISTENT
PRH-N24000924,3,2019-05,2019-07,0,CONSISTENT
PRH-N24000925,67,2019-05,2025-06,0,CONSISTENT
PRH-N24000926,55,2019-05,2024-03,0,CONSISTENT
PRH-N24000927,27,2019-05,2021-07,0,CONSISTENT
PRH-N24000928,59,2019-05,2024-09,0,CONSISTENT
PRH-N24000929,59,2019-05,2024-09,0,CONSISTENT
PRH-N24000930,24,2019-05,2021-04,0,CONSISTENT
PRH-N24000931,67,2019-05,2025-06,0,CONSISTENT
PRH-N24000932,59,2019-05,2024-09,0,CONSISTENT
PRH-N24000933,55,2019-05,2024-03,0,CONSISTENT
PRH-N24000934,55,2019-05,2024-03,0,CONSISTENT
PRH-N24000936,27,2019-05,2021-07,0,CONSISTENT
PRH-N24000938,27,2019-05,2021-07,0,CONSISTENT
PRH-N24000939,55,2019-05,2024-03,0,CONSISTENT
PRH-N24000940,55,2019-05,2024-03,0,CONSISTENT
PRH-N24000941,64,2019-05,2025-03,0,CONSISTENT
PRH-N24000942,27,2019-05,2021-07,0,CONSISTENT
PRH-N24000944,57,2019-05,2024-07,0,CONSISTENT
PRH-N24000947,20,2019-05,2020-12,0,CONSISTENT
PRH-N24000948,64,2019-05,2025-03,0,CONSISTENT
PRH-N24000949,42,2019-05,2023-01,0,CONSISTENT
PRH-N24000950,50,2019-05,2023-09,0,CONSISTENT
PRH-N24000951,14,2019-05,2020-06,0,CONSISTENT
PRH-N24000952,14,2019-05,2020-06,0,CONSISTENT
PRH-N24000953,14,2019-05,2020-06,0,CONSISTENT
PRH-N24000954,14,2019-05,2020-06,0,CONSISTENT
PRH-N24000955,14,2019-05,2020-06,0,CONSISTENT
PRH-N24000956,14,2019-05,2020-06,0,CONSISTENT
PRH-N24000957,34,2019-05,2022-02,0,CONSISTENT
PRH-N24000958,50,2019-05,2023-09,0,CONSISTENT
PRH-N24000959,35,2019-05,2022-03,0,CONSISTENT
PRH-N24000960,14,2019-05,2020-06,0,CONSISTENT
PRH-N24000961,14,2019-05,2020-06,0,CONSISTENT
PRH-N24000962,27,2019-05,2021-07,0,CONSISTENT
PRH-N24000963,59,2019-05,2024-09,0,CONSISTENT
PRH-N24000965,55,2019-05,2024-03,0,CONSISTENT
PRH-N24000966,55,2019-05,2024-03,0,CONSISTENT
PRH-N24000967,55,2019-05,2024-03,0,CONSISTENT
PRH-N24000968,55,2019-05,2024-03,0,CONSISTENT
PRH-N24000970,55,2019-05,2024-03,0,CONSISTENT
PRH-N24000971,3,2019-05,2019-07,0,CONSISTENT
PRH-N24000972,36,2019-05,2022-05,0,CONSISTENT
PRH-N24000973,36,2019-05,2022-05,0,CONSISTENT
PRH-N24000974,21,2019-05,2021-01,0,CONSISTENT
PRH-N24000975,21,2019-05,2021-01,0,CONSISTENT
PRH-N24000976,35,2019-05,2022-03,0,CONSISTENT
PRH-N24000977,20,2019-05,2020-12,0,CONSISTENT
PRH-N24000978,28,2019-05,2021-08,0,CONSISTENT
PRH-N24000979,60,2019-05,2025-06,0,CONSISTENT
PRH-N24000980,67,2019-05,2025-06,0,CONSISTENT
PRH-N24000982,67,2019-05,2025-06,0,CONSISTENT
PRH-N24000983,67,2019-05,2025-06,0,CONSISTENT
PRH-N24000984,67,2019-05,2025-06,0,CONSISTENT
PRH-N24000985,43,2019-05,2023-02,0,CONSISTENT
PRH-N24000986,67,2019-05,2025-06,0,CONSISTENT
PRH-N24000989,67,2019-05,2025-06,0,CONSISTENT
PRH-N24000990,67,2019-05,2025-06,0,CONSISTENT
PRH-N24000991,43,2019-05,2023-02,0,CONSISTENT
PRH-N24000992,43,2019-05,2023-02,0,CONSISTENT
PRH-N24000993,67,2019-05,2025-06,0,CONSISTENT
PRH-N24000998,67,2019-05,2025-06,0,CONSISTENT
PRH-N24000999,27,2019-05,2021-07,0,CONSISTENT
PRH-N24001000,50,2019-05,2023-09,0,CONSISTENT
PRH-N24001001,27,2019-05,2021-07,0,CONSISTENT
PRH-N24001003,66,2019-05,2025-05,0,CONSISTENT
PRH-N24001004,55,2019-05,2024-03,0,CONSISTENT
PRH-N24001005,55,2019-05,2024-03,0,CONSISTENT
PRH-N24001006,49,2019-05,2023-08,0,CONSISTENT
PRH-N24001007,52,2019-05,2023-11,0,CONSISTENT
PRH-N24001008,66,2019-05,2025-05,0,CONSISTENT
PRH-N24001009,49,2019-05,2023-08,0,CONSISTENT
PRH-N24001010,49,2019-05,2023-08,0,CONSISTENT
PRH-N24001011,42,2019-05,2023-01,0,CONSISTENT
PRH-N24001012,42,2019-05,2023-01,0,CONSISTENT
PRH-N24001013,67,2019-05,2025-06,0,CONSISTENT
PRH-N24001014,49,2019-05,2023-08,0,CONSISTENT
PRH-N24001015,49,2019-05,2023-08,0,CONSISTENT
PRH-N24001016,49,2019-05,2023-08,0,CONSISTENT
PRH-N24001017,67,2019-05,2025-06,0,CONSISTENT
PRH-N24001018,66,2019-05,2025-05,0,CONSISTENT
PRH-N24001019,49,2019-05,2023-08,0,CONSISTENT
PRH-N24001021,66,2019-05,2025-05,0,CONSISTENT
PRH-N24001022,67,2019-05,2025-06,0,CONSISTENT
PRH-N24001023,52,2019-05,2023-11,0,CONSISTENT
PRH-N24001024,49,2019-05,2023-08,0,CONSISTENT
PRH-N24001025,49,2019-05,2023-08,0,CONSISTENT
PRH-N24001026,59,2019-05,2024-09,0,CONSISTENT
PRH-N24001027,64,2019-05,2025-03,0,CONSISTENT
PRH-N24001028,49,2019-05,2023-08,0,CONSISTENT
PRH-N24001029,59,2019-05,2024-09,0,CONSISTENT
PRH-N24001030,59,2019-05,2024-09,0,CONSISTENT
PRH-N24001031,42,2019-05,2023-01,0,CONSISTENT
PRH-N24001032,49,2019-05,2023-08,0,CONSISTENT
PRH-N24001033,52,2019-05,2023-11,0,CONSISTENT
PRH-N24001034,52,2019-05,2023-11,0,CONSISTENT
PRH-N24001035,59,2019-05,2024-09,0,CONSISTENT
PRH-N24001036,27,2019-05,2021-07,0,CONSISTENT
PRH-N24001037,42,2019-05,2023-01,0,CONSISTENT
PRH-N24001038,52,2019-05,2023-11,0,CONSISTENT
PRH-N24001039,64,2019-05,2025-03,0,CONSISTENT
PRH-N24001040,59,2019-05,2024-09,0,CONSISTENT
PRH-N24001041,59,2019-05,2024-09,0,CONSISTENT
PRH-N24001042,59,2019-05,2024-09,0,CONSISTENT
PRH-N24001043,59,2019-05,2024-09,0,CONSISTENT
PRH-N24001044,42,2019-05,2023-01,0,CONSISTENT
PRH-N24001045,42,2019-05,2023-01,0,CONSISTENT
PRH-N24001046,66,2019-05,2025-05,0,CONSISTENT
PRH-N24001047,42,2019-05,2023-01,0,CONSISTENT
PRH-N24001048,59,2019-05,2024-09,0,CONSISTENT
PRH-N24001049,49,2019-05,2023-08,0,CONSISTENT
PRH-N24001050,67,2019-05,2025-06,0,CONSISTENT
PRH-N24001051,52,2019-05,2023-11,0,CONSISTENT
PRH-N24001052,49,2019-05,2023-08,0,CONSISTENT
PRH-N24001053,49,2019-05,2023-08,0,CONSISTENT
PRH-N24001054,42,2019-05,2023-01,0,CONSISTENT
PRH-N24001055,52,2019-05,2023-11,0,CONSISTENT
PRH-N24001056,49,2019-05,2023-08,0,CONSISTENT
PRH-N24001058,67,2019-05,2025-06,0,CONSISTENT
PRH-N24001059,49,2019-05,2023-08,0,CONSISTENT
PRH-N24001061,59,2019-05,2024-09,0,CONSISTENT
PRH-N24001062,59,2019-05,2024-09,0,CONSISTENT
PRH-N24001063,52,2019-05,2023-11,0,CONSISTENT
PRH-N24001064,52,2019-05,2023-11,0,CONSISTENT
PRH-N24001065,59,2019-05,2024-09,0,CONSISTENT
PRH-N24001066,49,2019-05,2023-08,0,CONSISTENT
PRH-N24001067,42,2019-05,2023-01,0,CONSISTENT
PRH-N24001068,42,2019-05,2023-01,0,CONSISTENT
PRH-N24001069,67,2019-05,2025-06,0,CONSISTENT
PRH-N24001070,42,2019-05,2023-01,0,CONSISTENT
PRH-N24001071,52,2019-05,2023-11,0,CONSISTENT
PRH-N24001072,42,2019-05,2023-01,0,CONSISTENT
PRH-N24001073,59,2019-05,2024-09,0,CONSISTENT
PRH-N24001074,52,2019-05,2023-11,0,CONSISTENT
PRH-N24001075,59,2019-05,2024-09,0,CONSISTENT
PRH-N24001076,42,2019-05,2023-01,0,CONSISTENT
PRH-N24001077,42,2019-05,2023-01,0,CONSISTENT
PRH-N24001078,66,2019-05,2025-05,0,CONSISTENT
PRH-N24001079,66,2019-05,2025-05,0,CONSISTENT
PRH-N24001080,66,2019-05,2025-05,0,CONSISTENT
PRH-N24001081,64,2019-05,2025-03,0,CONSISTENT
PRH-N24001083,49,2019-05,2023-08,0,CONSISTENT
PRH-N24001084,42,2019-05,2023-01,0,CONSISTENT
PRH-N24001085,42,2019-05,2023-01,0,CONSISTENT
PRH-N24001086,49,2019-05,2023-08,0,CONSISTENT
PRH-N24001087,42,2019-05,2023-01,0,CONSISTENT
PRH-N24001088,52,2019-05,2023-11,0,CONSISTENT
PRH-N24001089,49,2019-05,2023-08,0,CONSISTENT
PRH-N24001090,66,2019-05,2025-05,0,CONSISTENT
PRH-N24001091,36,2019-05,2022-05,0,CONSISTENT
PRH-N24001092,67,2019-05,2025-06,0,CONSISTENT
PRH-N24001093,49,2019-05,2023-08,0,CONSISTENT
PRH-N24001094,49,2019-05,2023-08,0,CONSISTENT
PRH-N24001095,64,2019-05,2025-03,0,CONSISTENT
PRH-N24001096,49,2019-05,2023-08,0,CONSISTENT
PRH-N24001097,64,2019-05,2025-03,0,CONSISTENT
PRH-N24001098,49,2019-05,2023-08,0,CONSISTENT
PRH-N24001099,67,2019-05,2025-06,0,CONSISTENT
PRH-N24001100,42,2019-05,2023-01,0,CONSISTENT
PRH-N24001101,66,2019-05,2025-05,0,CONSISTENT
PRH-N24001102,66,2019-05,2025-05,0,CONSISTENT
PRH-N24001103,49,2019-05,2023-08,0,CONSISTENT
PRH-N24001104,52,2019-05,2023-11,0,CONSISTENT
PRH-N24001105,59,2019-05,2024-09,0,CONSISTENT
PRH-N24001108,42,2019-05,2023-01,0,CONSISTENT
PRH-N24001109,42,2019-05,2023-01,0,CONSISTENT
PRH-N24001110,42,2019-05,2023-01,0,CONSISTENT
PRH-N24001111,64,2019-05,2025-03,0,CONSISTENT
PRH-N24001113,59,2019-05,2024-09,0,CONSISTENT
PRH-N24001114,67,2019-05,2025-06,0,CONSISTENT
PRH-N24001115,49,2019-05,2023-08,0,CONSISTENT
PRH-N24001116,49,2019-05,2023-08,0,CONSISTENT
PRH-N24001117,49,2019-05,2023-08,0,CONSISTENT
PRH-N24001118,49,2019-05,2023-08,0,CONSISTENT
PRH-N24001119,42,2019-05,2023-01,0,CONSISTENT
PRH-N24001120,27,2019-05,2021-07,0,CONSISTENT
PRH-N24001121,42,2019-05,2023-01,0,CONSISTENT
PRH-N24001124,67,2019-05,2025-06,0,CONSISTENT
PRH-N24001125,67,2019-05,2025-06,0,CONSISTENT
PRH-N24001126,59,2019-05,2024-09,0,CONSISTENT
PRH-N24001127,64,2019-05,2025-03,0,CONSISTENT
PRH-N24001128,49,2019-05,2023-08,0,CONSISTENT
PRH-N24001130,67,2019-05,2025-06,0,CONSISTENT
PRH-N24001131,27,2019-05,2021-07,0,CONSISTENT
PRH-N24001133,49,2019-05,2023-08,0,CONSISTENT
PRH-N24001135,49,2019-05,2023-08,0,CONSISTENT
PRH-N24001136,42,2019-05,2023-01,0,CONSISTENT
PRH-N24001137,49,2019-05,2023-08,0,CONSISTENT
PRH-N24001138,66,2019-05,2025-05,0,CONSISTENT
PRH-N24001139,27,2019-05,2021-07,0,CONSISTENT
PRH-N24001140,33,2019-05,2022-01,0,CONSISTENT
PRH-N24001141,42,2019-05,2023-01,0,CONSISTENT
PRH-N24001143,27,2019-05,2021-07,0,CONSISTENT
PRH-N24001144,27,2019-05,2021-07,0,CONSISTENT
PRH-N24001145,27,2019-05,2021-07,0,CONSISTENT
PRH-N24001146,33,2019-05,2022-01,0,CONSISTENT
PRH-N24001147,27,2019-05,2021-07,0,CONSISTENT
PRH-N24001148,27,2019-05,2021-07,0,CONSISTENT
PRH-N24001149,49,2019-05,2023-08,0,CONSISTENT
PRH-N24001150,59,2019-05,2024-09,0,CONSISTENT
PRH-N24001151,54,2019-06,2024-03,0,CONSISTENT
PRH-N24001152,44,2019-06,2023-04,0,CONSISTENT
PRH-N24001153,26,2019-06,2021-07,0,CONSISTENT
PRH-N24001154,26,2019-06,2021-07,0,CONSISTENT
PRH-N24001155,26,2019-06,2021-07,0,CONSISTENT
PRH-N24001156,66,2019-06,2025-06,0,CONSISTENT
PRH-N24001157,66,2019-06,2025-06,0,CONSISTENT
PRH-N24001158,66,2019-06,2025-06,0,CONSISTENT
PRH-N24001159,66,2019-06,2025-06,0,CONSISTENT
PRH-N24001160,66,2019-06,2025-06,0,CONSISTENT
PRH-N24001161,66,2019-06,2025-06,0,CONSISTENT
PRH-N24001162,66,2019-06,2025-06,0,CONSISTENT
PRH-N24001163,34,2019-06,2022-03,0,CONSISTENT
PRH-N24001164,66,2019-06,2025-06,0,CONSISTENT
PRH-N24001165,66,2019-06,2025-06,0,CONSISTENT
PRH-N24001166,66,2019-06,2025-06,0,CONSISTENT
PRH-N24001167,26,2019-06,2021-07,0,CONSISTENT
PRH-N24001168,66,2019-06,2025-06,0,CONSISTENT
PRH-N24001170,26,2019-06,2021-07,0,CONSISTENT
PRH-N24001172,66,2019-06,2025-06,0,CONSISTENT
PRH-N24001173,66,2019-06,2025-06,0,CONSISTENT
PRH-N24001174,26,2019-07,2021-08,0,CONSISTENT
PRH-N24001175,38,2019-07,2022-11,0,CONSISTENT
PRH-N24001176,38,2019-07,2022-11,0,CONSISTENT
PRH-N24001177,41,2019-07,2023-02,0,CONSISTENT
PRH-N24001178,34,2019-07,2022-08,0,CONSISTENT
PRH-N24001179,63,2019-07,2025-04,0,CONSISTENT
PRH-N24001180,63,2019-07,2025-04,0,CONSISTENT
PRH-N24001181,46,2019-07,2023-07,0,CONSISTENT
PRH-N24001182,16,2021-09,2023-03,0,CONSISTENT
PRH-N24001183,22,2019-07,2021-04,0,CONSISTENT
PRH-N24001184,24,2019-08,2021-07,0,CONSISTENT
PRH-N24001185,59,2019-08,2024-12,0,CONSISTENT
PRH-N24001186,35,2019-08,2022-09,0,CONSISTENT
PRH-N24001187,35,2019-08,2022-09,0,CONSISTENT
PRH-N24001188,35,2019-08,2022-09,0,CONSISTENT
PRH-N24001189,35,2019-08,2022-09,0,CONSISTENT
PRH-N24001190,35,2019-08,2022-09,0,CONSISTENT
PRH-N24001191,35,2019-08,2022-09,0,CONSISTENT
PRH-N24001192,35,2019-08,2022-09,0,CONSISTENT
PRH-N24001193,35,2019-08,2022-09,0,CONSISTENT
PRH-N24001194,47,2019-08,2023-09,0,CONSISTENT
PRH-N24001195,37,2019-08,2022-11,0,CONSISTENT
PRH-N24001196,50,2019-08,2024-01,0,CONSISTENT
PRH-N24001197,52,2019-08,2024-03,0,CONSISTENT
PRH-N24001198,46,2019-08,2023-08,0,CONSISTENT
PRH-N24001199,52,2019-08,2024-03,0,CONSISTENT
PRH-N24001200,31,2019-08,2022-02,0,CONSISTENT
PRH-N24001202,24,2019-08,2021-07,0,CONSISTENT
PRH-N24001203,30,2019-08,2022-01,0,CONSISTENT
PRH-N24001204,30,2019-08,2022-01,0,CONSISTENT
PRH-N24001205,24,2019-08,2021-07,0,CONSISTENT
PRH-N24001206,39,2019-08,2023-01,0,CONSISTENT
PRH-N24001207,34,2019-08,2022-08,0,CONSISTENT
PRH-N24001208,36,2019-08,2022-10,0,CONSISTENT
PRH-N24001209,39,2019-08,2023-01,0,CONSISTENT
PRH-N24001210,51,2019-08,2024-02,0,CONSISTENT
PRH-N24001211,40,2019-08,2023-02,0,CONSISTENT
PRH-N24001212,53,2019-10,2024-08,0,CONSISTENT
PRH-N24001213,50,2019-10,2024-03,0,CONSISTENT
PRH-N24001214,53,2019-10,2024-08,0,CONSISTENT
PRH-N24001216,61,2019-11,2025-06,0,CONSISTENT
PRH-N24001217,61,2019-11,2025-06,0,CONSISTENT
PRH-N24001218,52,2019-11,2024-08,0,CONSISTENT
PRH-N24001219,52,2019-11,2024-08,0,CONSISTENT
PRH-N24001220,20,2019-11,2021-06,0,CONSISTENT
PRH-N24001221,61,2019-11,2025-06,0,CONSISTENT
PRH-N24001222,61,2019-11,2025-06,0,CONSISTENT
PRH-N24001223,21,2019-11,2021-07,0,CONSISTENT
PRH-N24001224,49,2019-11,2024-03,0,CONSISTENT
PRH-N24001225,21,2019-11,2021-07,0,CONSISTENT
PRH-N24001226,49,2019-11,2024-03,0,CONSISTENT
PRH-N24001229,30,2019-11,2022-05,0,CONSISTENT
PRH-N24001230,20,2019-12,2021-07,0,CONSISTENT
PRH-N24001231,39,2020-09,2024-03,0,CONSISTENT
PRH-N24001232,39,2020-09,2024-03,0,CONSISTENT
PRH-N24001233,39,2020-09,2024-03,0,CONSISTENT
PRH-N24001234,39,2020-09,2024-03,0,CONSISTENT
PRH-N24001236,31,2020-11,2023-08,0,CONSISTENT
PRH-N24001237,9,2020-11,2021-07,0,CONSISTENT
PRH-N24001238,9,2020-11,2021-07,0,CONSISTENT
PRH-N24001239,22,2020-11,2022-11,0,CONSISTENT
PRH-N24001240,17,2020-12,2022-05,0,CONSISTENT
PRH-N24001241,44,2020-12,2025-01,0,CONSISTENT
PRH-N24001242,36,2020-12,2024-03,0,CONSISTENT
PRH-N24001243,26,2020-12,2023-04,0,CONSISTENT
PRH-N24001244,47,2021-01,2025-06,0,CONSISTENT
PRH-N24001245,41,2021-01,2024-11,0,CONSISTENT
PRH-N24001247,35,2021-01,2024-03,0,CONSISTENT
PRH-N24001248,42,2021-01,2024-12,0,CONSISTENT
PRH-N24001249,31,2021-01,2023-10,0,CONSISTENT
PRH-N24001250,25,2021-01,2023-04,0,CONSISTENT
PRH-N24001253,41,2021-01,2024-11,0,CONSISTENT
PRH-N24001254,46,2021-01,2025-05,0,CONSISTENT
PRH-N24001259,45,2021-01,2025-04,0,CONSISTENT
PRH-N24001260,31,2021-01,2023-10,0,CONSISTENT
PRH-N24001263,47,2021-01,2025-06,0,CONSISTENT
PRH-N24001265,35,2021-01,2024-03,0,CONSISTENT
PRH-N24001267,35,2021-01,2024-03,0,CONSISTENT
PRH-N24001268,32,2021-01,2023-11,0,CONSISTENT
PRH-N24001271,47,2021-01,2025-06,0,CONSISTENT
PRH-N24001272,46,2021-01,2025-05,0,CONSISTENT
PRH-N24001273,46,2021-01,2025-05,0,CONSISTENT
PRH-N24001275,41,2021-01,2024-11,0,CONSISTENT
PRH-N24001276,43,2021-01,2025-01,0,CONSISTENT
PRH-N24001277,44,2021-01,2025-03,0,CONSISTENT
PRH-N24001278,47,2021-01,2025-06,0,CONSISTENT
PRH-N24001279,26,2021-01,2023-05,0,CONSISTENT
PRH-N24001280,39,2021-01,2024-09,0,CONSISTENT
PRH-N24001281,47,2021-01,2025-06,0,CONSISTENT
PRH-N24001283,38,2021-01,2024-08,0,CONSISTENT
PRH-N24001284,39,2021-01,2024-09,0,CONSISTENT
PRH-N24001285,35,2021-01,2024-03,0,CONSISTENT
PRH-N24001286,46,2021-01,2025-05,0,CONSISTENT
PRH-N24001289,30,2021-01,2023-09,0,CONSISTENT
PRH-N24001290,22,2021-01,2023-01,0,CONSISTENT
PRH-N24001291,43,2021-01,2025-01,0,CONSISTENT
PRH-N24001292,43,2021-01,2025-01,0,CONSISTENT
PRH-N24001293,43,2021-01,2025-01,0,CONSISTENT
PRH-N24001294,35,2021-01,2024-03,0,CONSISTENT
PRH-N24001295,25,2021-01,2023-04,0,CONSISTENT
PRH-N24001296,30,2021-01,2023-09,0,CONSISTENT
PRH-N24001298,28,2021-02,2023-08,0,CONSISTENT
PRH-N24001299,19,2021-02,2022-11,0,CONSISTENT
PRH-N24001300,36,2021-02,2024-07,0,CONSISTENT
PRH-N24001302,20,2021-02,2022-12,0,CONSISTENT
PRH-N24001303,46,2021-02,2025-06,0,CONSISTENT
PRH-N24001307,27,2021-02,2023-07,0,CONSISTENT
PRH-N24001308,27,2021-05,2023-10,0,CONSISTENT
PRH-N24001309,43,2021-05,2025-06,0,CONSISTENT
PRH-N24001310,27,2021-05,2023-10,0,CONSISTENT
PRH-N24001311,21,2021-05,2023-04,0,CONSISTENT
PRH-N24001312,25,2021-05,2023-08,0,CONSISTENT
PRH-N24001315,37,2021-05,2024-11,0,CONSISTENT
PRH-N24001316,37,2021-05,2024-11,0,CONSISTENT
PRH-N24001317,43,2021-05,2025-06,0,CONSISTENT
PRH-N24001318,37,2021-05,2024-11,0,CONSISTENT
PRH-N24001319,12,2021-05,2022-05,0,CONSISTENT
PRH-N24001320,37,2021-05,2024-11,0,CONSISTENT
PRH-N24001321,29,2021-05,2024-01,0,CONSISTENT
PRH-N24001322,43,2021-05,2025-06,0,CONSISTENT
PRH-N24001323,43,2021-05,2025-06,0,CONSISTENT
PRH-N24001324,27,2021-05,2023-10,0,CONSISTENT
PRH-N24001325,43,2021-05,2025-06,0,CONSISTENT
PRH-N24001328,29,2021-05,2024-01,0,CONSISTENT
PRH-N24001329,27,2021-05,2023-10,0,CONSISTENT
PRH-N24001330,30,2021-05,2024-02,0,CONSISTENT
PRH-N24001333,33,2021-05,2024-07,0,CONSISTENT
PRH-N24001339,42,2021-05,2025-05,0,CONSISTENT
PRH-N24001340,23,2021-07,2023-08,0,CONSISTENT
PRH-N24001342,37,2021-07,2025-01,0,CONSISTENT
PRH-N24001343,41,2021-07,2025-06,0,CONSISTENT
PRH-N24001346,29,2021-07,2024-03,0,CONSISTENT
PRH-N24001347,29,2021-07,2024-03,0,CONSISTENT
PRH-N24001351,32,2021-07,2024-08,0,CONSISTENT
PRH-N24001352,36,2021-07,2024-12,0,CONSISTENT
PRH-N24001353,39,2021-07,2025-04,0,CONSISTENT
PRH-N24001355,37,2021-07,2025-01,0,CONSISTENT
PRH-N24001356,41,2021-07,2025-06,0,CONSISTENT
PRH-N24001357,33,2021-07,2024-09,0,CONSISTENT
PRH-N24001360,39,2021-07,2025-04,0,CONSISTENT
PRH-N24001361,39,2021-07,2025-04,0,CONSISTENT
PRH-N24001363,41,2021-07,2025-06,0,CONSISTENT
PRH-N24001364,25,2021-07,2023-10,0,CONSISTENT
PRH-N24001365,25,2021-07,2023-10,0,CONSISTENT
PRH-N24001366,41,2021-07,2025-06,0,CONSISTENT
PRH-N24001367,29,2021-07,2024-03,0,CONSISTENT
PRH-N24001370,41,2021-07,2025-06,0,CONSISTENT
PRH-N24001372,36,2021-08,2025-01,0,CONSISTENT
PRH-N24001373,23,2021-08,2023-09,0,CONSISTENT
PRH-N24001374,36,2021-08,2025-01,0,CONSISTENT
PRH-N24001376,29,2021-08,2024-06,0,CONSISTENT
PRH-N24001377,36,2021-08,2025-01,0,CONSISTENT
PRH-N24001378,36,2021-08,2025-01,0,CONSISTENT
PRH-N24001379,36,2021-08,2025-01,0,CONSISTENT
PRH-N24001380,23,2021-08,2024-06,0,CONSISTENT
PRH-N24001381,40,2021-08,2025-06,0,CONSISTENT
PRH-N24001382,40,2021-08,2025-06,0,CONSISTENT
PRH-N24001383,40,2021-08,2025-06,0,CONSISTENT
PRH-N24001384,28,2021-08,2024-03,0,CONSISTENT
PRH-N24001385,28,2021-08,2024-03,0,CONSISTENT
PRH-N24001387,40,2021-08,2025-06,0,CONSISTENT
PRH-N24001388,40,2021-08,2025-06,0,CONSISTENT
PRH-N24001389,37,2021-09,2025-04,0,CONSISTENT
PRH-N24001390,39,2021-09,2025-06,0,CONSISTENT
PRH-N24001391,37,2021-09,2025-04,0,CONSISTENT
PRH-N24001392,31,2021-09,2024-09,0,CONSISTENT
PRH-N24001397,39,2021-09,2025-06,0,CONSISTENT
PRH-N24001398,28,2021-09,2024-06,0,CONSISTENT
PRH-N24001399,33,2021-09,2024-11,0,CONSISTENT
PRH-N24001401,39,2021-09,2025-06,0,CONSISTENT
PRH-N24001402,39,2021-09,2025-06,0,CONSISTENT
PRH-N24001404,39,2021-09,2025-06,0,CONSISTENT
PRH-N24001405,39,2021-09,2025-06,0,CONSISTENT
PRH-N24001407,33,2021-09,2024-11,0,CONSISTENT
PRH-N24001408,39,2021-09,2025-06,0,CONSISTENT
PRH-N24001409,28,2021-10,2024-07,0,CONSISTENT
PRH-N24001410,26,2021-10,2024-03,0,CONSISTENT
PRH-N24001412,28,2021-10,2024-07,0,CONSISTENT
PRH-N24001413,28,2021-10,2024-07,0,CONSISTENT
PRH-N24001414,30,2021-10,2024-09,0,CONSISTENT
PRH-N24001416,38,2021-10,2025-06,0,CONSISTENT
PRH-N24001418,38,2021-10,2025-06,0,CONSISTENT
PRH-N24001419,38,2021-10,2025-06,0,CONSISTENT
PRH-N24001423,26,2022-03,2024-10,0,CONSISTENT
PRH-N24001424,33,2022-03,2025-06,0,CONSISTENT
PRH-N24001426,32,2022-05,2025-06,0,CONSISTENT
PRH-N24001427,32,2022-05,2025-06,0,CONSISTENT
PRH-N24001428,30,2022-05,2025-04,0,CONSISTENT
PRH-N24001430,30,2022-05,2025-04,0,CONSISTENT
PRH-N24001432,28,2022-05,2025-01,0,CONSISTENT
PRH-N24001433,5,2022-05,2022-11,0,CONSISTENT
PRH-N24001435,20,2022-05,2024-03,0,CONSISTENT
PRH-N24001439,32,2022-05,2025-06,0,CONSISTENT
PRH-N24001440,31,2022-05,2025-05,0,CONSISTENT
PRH-N24001448,31,2022-08,2025-06,0,CONSISTENT
PRH-N24001449,4,2022-08,2022-11,0,CONSISTENT
PRH-N24001450,31,2022-08,2025-06,0,CONSISTENT
PRH-N24001451,28,2022-08,2025-03,0,CONSISTENT
PRH-N24001452,25,2022-08,2024-11,0,CONSISTENT
PRH-N24001453,31,2022-08,2025-06,0,CONSISTENT
PRH-N24001454,19,2022-08,2024-03,0,CONSISTENT
PRH-N24001455,31,2022-08,2025-06,0,CONSISTENT
PRH-N24001456,30,2022-09,2025-06,0,CONSISTENT
PRH-N24001458,22,2022-09,2024-09,0,CONSISTENT
PRH-N24001459,15,2022-09,2023-11,0,CONSISTENT
PRH-N24001460,20,2022-09,2024-07,0,CONSISTENT
PRH-N24001463,25,2022-09,2024-12,0,CONSISTENT
PRH-N24001464,30,2022-09,2025-06,0,CONSISTENT
PRH-N24001467,30,2022-09,2025-06,0,CONSISTENT
PRH-N24001468,29,2022-10,2025-06,0,CONSISTENT
PRH-N24001472,27,2022-12,2025-06,0,CONSISTENT
PRH-N24001475,25,2022-12,2025-04,0,CONSISTENT
PRH-N24001478,15,2022-12,2024-03,0,CONSISTENT
PRH-N24001480,27,2022-12,2025-06,0,CONSISTENT
PRH-N24001485,15,2023-01,2024-06,0,CONSISTENT
PRH-N24001487,12,2023-01,2024-01,0,CONSISTENT
PRH-N24001488,26,2023-01,2025-06,0,CONSISTENT
PRH-N24001489,14,2023-01,2024-03,0,CONSISTENT
PRH-N24001490,2,2023-01,2023-02,0,CONSISTENT
PRH-N24001491,2,2023-01,2023-02,0,CONSISTENT
PRH-N24001492,2,2023-01,2023-02,0,CONSISTENT
PRH-N24001494,1,2023-01,2023-01,0,CONSISTENT
PRH-N24001496,3,2023-01,2023-03,0,CONSISTENT
PRH-N24001497,13,2023-01,2024-02,0,CONSISTENT
PRH-N24001498,12,2023-01,2024-01,0,CONSISTENT
PRH-N24001499,12,2023-01,2024-01,0,CONSISTENT
PRH-N24001501,22,2023-01,2025-01,0,CONSISTENT
PRH-N24001503,26,2023-01,2025-06,0,CONSISTENT
PRH-N24001505,26,2023-01,2025-06,0,CONSISTENT
PRH-N24001509,12,2023-01,2024-01,0,CONSISTENT
PRH-N24001510,6,2023-01,2023-06,0,CONSISTENT
PRH-N24001513,14,2023-01,2024-03,0,CONSISTENT
PRH-N24001514,18,2023-01,2024-09,0,CONSISTENT
PRH-N24001516,26,2023-01,2025-06,0,CONSISTENT
PRH-N24001517,8,2023-01,2023-08,0,CONSISTENT
PRH-N24001523,26,2023-01,2025-06,0,CONSISTENT
PRH-N24001524,26,2023-01,2025-06,0,CONSISTENT
PRH-N24001525,26,2023-01,2025-06,0,CONSISTENT
PRH-N24001529,26,2023-01,2025-06,0,CONSISTENT
PRH-N24001531,16,2023-01,2024-07,0,CONSISTENT
PRH-N24001532,24,2023-01,2025-04,0,CONSISTENT
PRH-N24001533,24,2023-01,2025-04,0,CONSISTENT
PRH-N24001534,24,2023-01,2025-04,0,CONSISTENT
PRH-N24001536,24,2023-01,2025-04,0,CONSISTENT
PRH-N24001537,25,2023-02,2025-06,0,CONSISTENT
PRH-N24001538,25,2023-02,2025-06,0,CONSISTENT
PRH-N24001539,25,2023-02,2025-06,0,CONSISTENT
PRH-N24001540,25,2023-02,2025-06,0,CONSISTENT
PRH-N24001541,25,2023-02,2025-06,0,CONSISTENT
PRH-N24001542,25,2023-02,2025-06,0,CONSISTENT
PRH-N24001545,25,2023-02,2025-06,0,CONSISTENT
PRH-N24001549,16,2023-03,2024-09,0,CONSISTENT
PRH-N24001553,24,2023-03,2025-06,0,CONSISTENT
PRH-N24001554,8,2023-03,2023-10,0,CONSISTENT
PRH-N24001559,24,2023-03,2025-06,0,CONSISTENT
PRH-N24001560,14,2023-03,2024-07,0,CONSISTENT
PRH-N24001561,20,2023-03,2025-01,0,CONSISTENT
PRH-N24001562,14,2023-03,2024-07,0,CONSISTENT
PRH-N24001565,7,2023-03,2023-09,0,CONSISTENT
PRH-N24001566,20,2023-03,2025-01,0,CONSISTENT
PRH-N24001569,20,2023-03,2025-01,0,CONSISTENT
PRH-N24001571,20,2023-03,2025-01,0,CONSISTENT
PRH-N24001572,14,2023-03,2024-07,0,CONSISTENT
PRH-N24001573,24,2023-03,2025-06,0,CONSISTENT
PRH-N24001574,7,2023-03,2023-09,0,CONSISTENT
PRH-N24001575,7,2023-03,2023-09,0,CONSISTENT
PRH-N24001576,7,2023-03,2023-09,0,CONSISTENT
PRH-N24001577,2,2023-03,2023-04,0,CONSISTENT
PRH-N24001578,2,2023-03,2023-04,0,CONSISTENT
PRH-N24001579,7,2023-03,2023-09,0,CONSISTENT
PRH-N24001580,7,2023-03,2023-09,0,CONSISTENT
PRH-N24001581,7,2023-03,2023-09,0,CONSISTENT
PRH-N24001582,7,2023-03,2023-09,0,CONSISTENT
PRH-N24001583,2,2023-03,2023-04,0,CONSISTENT
PRH-N24001584,7,2023-03,2023-09,0,CONSISTENT
PRH-N24001585,2,2023-03,2023-04,0,CONSISTENT
PRH-N24001586,7,2023-03,2023-09,0,CONSISTENT
PRH-N24001590,24,2023-03,2025-06,0,CONSISTENT
PRH-N24001591,12,2023-03,2024-03,0,CONSISTENT
PRH-N24001592,6,2023-03,2023-08,0,CONSISTENT
PRH-N24001594,24,2023-03,2025-06,0,CONSISTENT
PRH-N24001597,17,2023-03,2024-10,0,CONSISTENT
PRH-N24001600,22,2023-04,2025-05,0,CONSISTENT
PRH-N24001603,22,2023-04,2025-05,0,CONSISTENT
PRH-N24001604,19,2023-04,2025-01,0,CONSISTENT
PRH-N24001610,23,2023-04,2025-06,0,CONSISTENT
PRH-N24001613,6,2023-04,2023-09,0,CONSISTENT
PRH-N24001616,21,2023-04,2025-04,0,CONSISTENT
PRH-N24001617,6,2023-04,2023-09,0,CONSISTENT
PRH-N24001618,23,2023-04,2025-06,0,CONSISTENT
PRH-N24001623,23,2023-04,2025-06,0,CONSISTENT
PRH-N24001624,23,2023-04,2025-06,0,CONSISTENT
PRH-N24001625,23,2023-04,2025-06,0,CONSISTENT
PRH-N24001636,23,2023-04,2025-06,0,CONSISTENT
PRH-N24001641,23,2023-04,2025-06,0,CONSISTENT
PRH-N24001645,15,2023-04,2024-09,0,CONSISTENT
PRH-N24001647,23,2023-04,2025-06,0,CONSISTENT
PRH-N24001650,23,2023-04,2025-06,0,CONSISTENT
PRH-N24001654,23,2023-04,2025-06,0,CONSISTENT
PRH-N24001662,23,2023-04,2025-06,0,CONSISTENT
PRH-N24001663,23,2023-04,2025-06,0,CONSISTENT
PRH-N24001666,23,2023-04,2025-06,0,CONSISTENT
PRH-N24001670,23,2023-04,2025-06,0,CONSISTENT
PRH-N24001671,23,2023-04,2025-06,0,CONSISTENT
PRH-N24001672,15,2023-04,2024-09,0,CONSISTENT
PRH-N24001673,23,2023-04,2025-06,0,CONSISTENT
PRH-N24001675,20,2023-04,2025-03,0,CONSISTENT
PRH-N24001683,20,2023-04,2025-03,0,CONSISTENT
PRH-N24001684,23,2023-04,2025-06,0,CONSISTENT
PRH-N24001685,15,2023-04,2024-09,0,CONSISTENT
PRH-N24001686,20,2023-04,2025-03,0,CONSISTENT
PRH-N24001688,15,2023-04,2024-09,0,CONSISTENT
PRH-N24001689,15,2023-04,2024-09,0,CONSISTENT
PRH-N24001690,14,2023-04,2024-08,0,CONSISTENT
PRH-N24001691,20,2023-04,2025-03,0,CONSISTENT
PRH-N24001692,23,2023-04,2025-06,0,CONSISTENT
PRH-N24001695,11,2023-04,2024-03,0,CONSISTENT
PRH-N24001696,23,2023-04,2025-06,0,CONSISTENT
PRH-N24001698,23,2023-04,2025-06,0,CONSISTENT
PRH-N24001701,23,2023-04,2025-06,0,CONSISTENT
PRH-N24001704,23,2023-04,2025-06,0,CONSISTENT
PRH-N24001705,23,2023-04,2025-06,0,CONSISTENT
PRH-N24001706,16,2023-04,2024-10,0,CONSISTENT
PRH-N24001707,16,2023-04,2024-10,0,CONSISTENT
PRH-N24001708,21,2023-04,2025-04,0,CONSISTENT
PRH-N24001710,16,2023-04,2024-10,0,CONSISTENT
PRH-N24001711,21,2023-04,2025-04,0,CONSISTENT
PRH-N24001713,4,2023-04,2023-07,0,CONSISTENT
PRH-N24001715,23,2023-04,2025-06,0,CONSISTENT
PRH-N24001716,23,2023-04,2025-06,0,CONSISTENT
PRH-N24001722,23,2023-04,2025-06,0,CONSISTENT
PRH-N24001724,11,2023-04,2024-03,0,CONSISTENT
PRH-N24001725,23,2023-04,2025-06,1,UNRESOLVED_TARGET_CENSORED
PRH-N24001726,23,2023-04,2025-06,0,CONSISTENT
PRH-N24001728,20,2023-04,2025-03,0,CONSISTENT
PRH-N24001730,23,2023-04,2025-06,0,CONSISTENT
PRH-N24001736,23,2023-04,2025-06,0,CONSISTENT
PRH-N24001737,23,2023-04,2025-06,0,CONSISTENT
PRH-N24001739,23,2023-04,2025-06,0,CONSISTENT
PRH-N24001740,9,2023-04,2024-01,0,CONSISTENT
PRH-N24001741,8,2023-04,2023-11,0,CONSISTENT
PRH-N24001742,11,2023-04,2024-03,0,CONSISTENT
PRH-N24001743,9,2023-04,2024-01,0,CONSISTENT
PRH-N24001744,23,2023-04,2025-06,0,CONSISTENT
PRH-N24001747,23,2023-04,2025-06,0,CONSISTENT
PRH-N24001748,23,2023-04,2025-06,0,CONSISTENT
PRH-N24001751,9,2023-04,2024-01,0,CONSISTENT
PRH-N24001752,16,2023-04,2024-10,0,CONSISTENT
PRH-N24001755,23,2023-04,2025-06,0,CONSISTENT
PRH-N24001756,18,2023-05,2025-01,0,CONSISTENT
PRH-N24001757,10,2023-05,2024-03,0,CONSISTENT
PRH-N24001758,18,2023-05,2025-01,0,CONSISTENT
PRH-N24001760,8,2023-05,2024-01,0,CONSISTENT
PRH-N24001761,18,2023-05,2025-01,0,CONSISTENT
PRH-N24001763,13,2023-05,2024-08,0,CONSISTENT
PRH-N24001764,13,2023-05,2024-08,0,CONSISTENT
PRH-N24001765,20,2023-05,2025-04,0,CONSISTENT
PRH-N24001768,20,2023-05,2025-04,0,CONSISTENT
PRH-N24001769,15,2023-05,2024-10,0,CONSISTENT
PRH-N24001770,22,2023-05,2025-06,0,CONSISTENT
PRH-N24001775,22,2023-05,2025-06,0,CONSISTENT
PRH-N24001776,7,2023-05,2023-11,0,CONSISTENT
PRH-N24001778,18,2023-05,2025-01,0,CONSISTENT
PRH-N24001779,22,2023-05,2025-06,0,CONSISTENT
PRH-N24001780,17,2023-05,2024-12,0,CONSISTENT
PRH-N24001782,10,2023-05,2024-03,0,CONSISTENT
PRH-N24001783,19,2023-05,2025-03,0,CONSISTENT
PRH-N24001784,14,2023-05,2024-09,0,CONSISTENT
PRH-N24001787,10,2023-05,2024-03,0,CONSISTENT
PRH-N24001788,20,2023-05,2025-04,0,CONSISTENT
PRH-N24001791,19,2023-05,2025-03,0,CONSISTENT
PRH-N24001792,22,2023-05,2025-06,0,CONSISTENT
PRH-N24001797,22,2023-05,2025-06,0,CONSISTENT
PRH-N24001800,7,2023-05,2023-11,0,CONSISTENT
PRH-N24001801,7,2023-05,2023-11,0,CONSISTENT
PRH-N24001802,5,2023-05,2023-09,0,CONSISTENT
PRH-N24001803,10,2023-05,2024-03,0,CONSISTENT
PRH-N24001805,10,2023-05,2024-03,0,CONSISTENT
PRH-N24001806,10,2023-05,2024-03,0,CONSISTENT
PRH-N24001807,10,2023-05,2024-03,0,CONSISTENT
PRH-N24001811,22,2023-05,2025-06,0,CONSISTENT
PRH-N24001813,22,2023-05,2025-06,0,CONSISTENT
PRH-N24001815,20,2023-05,2025-04,0,CONSISTENT
PRH-N24001816,10,2023-05,2024-03,0,CONSISTENT
PRH-N24001817,22,2023-05,2025-06,0,CONSISTENT
PRH-N24001822,22,2023-05,2025-06,0,CONSISTENT
PRH-N24001825,22,2023-05,2025-06,0,CONSISTENT
PRH-N24001828,22,2023-05,2025-06,0,CONSISTENT
PRH-N24001829,16,2023-05,2025-06,0,CONSISTENT
PRH-N24001832,21,2023-06,2025-06,0,CONSISTENT
PRH-N24001833,21,2023-06,2025-06,0,CONSISTENT
PRH-N24001839,9,2023-06,2024-03,0,CONSISTENT
PRH-N24001855,19,2023-08,2025-06,0,CONSISTENT
PRH-N24001857,19,2023-08,2025-06,0,CONSISTENT
PRH-N24001863,19,2023-08,2025-06,0,CONSISTENT
PRH-N24001864,19,2023-08,2025-06,0,CONSISTENT
PRH-N24001868,18,2023-09,2025-06,0,CONSISTENT
PRH-N24001869,16,2023-09,2025-04,0,CONSISTENT
PRH-N24001880,18,2023-09,2025-06,0,CONSISTENT
PRH-N24001881,10,2023-09,2024-09,0,CONSISTENT
PRH-N24001885,18,2023-09,2025-06,0,CONSISTENT
PRH-N24001886,18,2023-09,2025-06,0,CONSISTENT
PRH-N24001887,17,2023-09,2025-05,0,CONSISTENT
PRH-N24001888,17,2023-09,2025-05,0,CONSISTENT
PRH-N24001889,17,2023-09,2025-05,0,CONSISTENT
PRH-N24001890,18,2023-09,2025-06,0,CONSISTENT
PRH-N24001891,18,2023-09,2025-06,0,CONSISTENT
PRH-N24001892,18,2023-09,2025-06,0,CONSISTENT
PRH-N24001893,10,2023-09,2024-09,0,CONSISTENT
PRH-N24001894,17,2023-09,2025-05,0,CONSISTENT
PRH-N24001895,17,2023-09,2025-05,0,CONSISTENT
PRH-N24001896,18,2023-09,2025-06,0,CONSISTENT
PRH-N24001900,18,2023-09,2025-06,0,CONSISTENT
PRH-N24001901,18,2023-09,2025-06,0,CONSISTENT
PRH-N24001905,17,2023-09,2025-05,0,CONSISTENT
PRH-N24001906,18,2023-09,2025-06,0,CONSISTENT
PRH-N24001909,17,2023-09,2025-05,0,CONSISTENT
PRH-N24001910,18,2023-09,2025-06,0,CONSISTENT
PRH-N24001911,18,2023-09,2025-06,0,CONSISTENT
PRH-N24001913,12,2023-09,2024-11,0,CONSISTENT
PRH-N24001918,8,2023-10,2024-08,0,CONSISTENT
PRH-N24001920,17,2023-10,2025-06,0,CONSISTENT
PRH-N24001924,17,2023-10,2025-06,0,CONSISTENT
PRH-N24001925,17,2023-10,2025-06,0,CONSISTENT
PRH-N24001929,17,2023-10,2025-06,0,CONSISTENT
PRH-N24001930,5,2023-10,2024-03,0,CONSISTENT
PRH-N24001931,14,2023-10,2025-03,0,CONSISTENT
PRH-N24001932,17,2023-10,2025-06,0,CONSISTENT
PRH-N24001933,12,2023-10,2024-12,0,CONSISTENT
PRH-N24001935,17,2023-10,2025-06,0,CONSISTENT
PRH-N24001936,17,2023-10,2025-06,0,CONSISTENT
PRH-N24001939,17,2023-10,2025-06,0,CONSISTENT
PRH-N24001943,17,2023-10,2025-06,0,CONSISTENT
PRH-N24001945,17,2023-10,2025-06,0,CONSISTENT
PRH-N24001946,17,2023-10,2025-06,0,CONSISTENT
PRH-N24001947,17,2023-10,2025-06,0,CONSISTENT
PRH-N24001949,14,2023-10,2025-03,0,CONSISTENT
PRH-N24001950,14,2023-10,2025-03,0,CONSISTENT
PRH-N24001952,17,2023-10,2025-06,0,CONSISTENT
PRH-N24001954,17,2023-10,2025-06,0,CONSISTENT
PRH-N24001955,17,2023-10,2025-06,0,CONSISTENT
PRH-N24001959,17,2023-10,2025-06,0,CONSISTENT
PRH-N24001966,15,2023-11,2025-05,0,CONSISTENT
PRH-N24001972,16,2023-11,2025-06,0,CONSISTENT
PRH-N24001973,16,2023-11,2025-06,0,CONSISTENT
PRH-N24001975,16,2023-11,2025-06,0,CONSISTENT
PRH-N24001982,16,2023-11,2025-06,0,CONSISTENT
PRH-N24001987,16,2023-11,2025-06,0,CONSISTENT
PRH-N24001990,16,2023-11,2025-06,0,CONSISTENT
PRH-N24001991,16,2023-11,2025-06,0,CONSISTENT
PRH-N24001992,16,2023-11,2025-06,0,CONSISTENT
PRH-N24001993,16,2023-11,2025-06,0,CONSISTENT
PRH-N24001995,9,2023-11,2024-10,0,CONSISTENT
PRH-N24001996,16,2023-11,2025-06,0,CONSISTENT
PRH-N24002000,16,2023-11,2025-06,0,CONSISTENT
PRH-N24002002,16,2023-11,2025-06,0,CONSISTENT
PRH-N24002006,16,2023-11,2025-06,0,CONSISTENT
PRH-N24002013,15,2024-01,2025-06,0,CONSISTENT
PRH-N24002018,15,2024-01,2025-06,0,CONSISTENT
PRH-N24002024,15,2024-01,2025-06,0,CONSISTENT
PRH-N24002025,15,2024-01,2025-06,0,CONSISTENT
PRH-N24002026,13,2024-01,2025-04,0,CONSISTENT
PRH-N24002028,15,2024-01,2025-06,0,CONSISTENT
PRH-N24002029,15,2024-01,2025-06,0,CONSISTENT
PRH-N24002030,15,2024-01,2025-06,0,CONSISTENT
PRH-N24002032,14,2024-02,2025-06,0,CONSISTENT
PRH-N24002034,14,2024-02,2025-06,0,CONSISTENT
PRH-N24002037,14,2024-02,2025-06,0,CONSISTENT
PRH-N24002038,14,2024-02,2025-06,0,CONSISTENT
PRH-N24002039,14,2024-02,2025-06,0,CONSISTENT
PRH-N24002041,14,2024-02,2025-06,0,CONSISTENT
PRH-N24002047,7,2024-02,2024-10,0,CONSISTENT
PRH-N24002069,14,2024-02,2025-06,0,CONSISTENT
PRH-N24002072,14,2024-02,2025-06,0,CONSISTENT
PRH-N24002073,14,2024-02,2025-06,0,CONSISTENT
PRH-N24002078,14,2024-02,2025-06,0,CONSISTENT
PRH-N24002085,12,2024-02,2025-04,0,CONSISTENT
PRH-N24002088,14,2024-02,2025-06,0,CONSISTENT
PRH-N24002092,14,2024-02,2025-06,0,CONSISTENT
PRH-N24002103,14,2024-02,2025-06,0,CONSISTENT
PRH-N24002107,14,2024-02,2025-06,0,CONSISTENT
PRH-N24002108,14,2024-02,2025-06,0,CONSISTENT
PRH-N24002112,14,2024-02,2025-06,0,CONSISTENT
PRH-N24002117,14,2024-02,2025-06,0,CONSISTENT
PRH-N24002118,14,2024-02,2025-06,0,CONSISTENT
PRH-N24002132,12,2024-06,2025-06,0,CONSISTENT
PRH-N24002133,12,2024-06,2025-06,0,CONSISTENT
PRH-N24002134,12,2024-06,2025-06,0,CONSISTENT
PRH-N24002137,11,2024-06,2025-05,0,CONSISTENT
PRH-N24002138,12,2024-06,2025-06,0,CONSISTENT
PRH-N24002139,12,2024-06,2025-06,0,CONSISTENT
PRH-N24002140,12,2024-06,2025-06,0,CONSISTENT
PRH-N24002141,9,2024-06,2025-03,0,CONSISTENT
PRH-N24002143,12,2024-06,2025-06,0,CONSISTENT
PRH-N24002144,12,2024-06,2025-06,0,CONSISTENT
PRH-N24002146,12,2024-06,2025-06,0,CONSISTENT
PRH-N24002149,12,2024-06,2025-06,0,CONSISTENT
PRH-N24002151,10,2024-08,2025-06,0,CONSISTENT
PRH-N24002152,10,2024-08,2025-06,0,CONSISTENT
PRH-N24002153,10,2024-08,2025-06,0,CONSISTENT
PRH-N24002166,8,2024-10,2025-06,0,CONSISTENT
PRH-N24002171,8,2024-10,2025-06,0,CONSISTENT
PRH-N24002172,8,2024-10,2025-06,0,CONSISTENT
PRH-N24002176,8,2024-10,2025-06,0,CONSISTENT
PRH-N24002184,8,2024-10,2025-06,0,CONSISTENT
PRH-N24002186,8,2024-10,2025-06,0,CONSISTENT
PRH-N24002187,8,2024-10,2025-06,0,CONSISTENT
PRH-N24002188,8,2024-10,2025-06,0,CONSISTENT
PRH-N24002189,8,2024-10,2025-06,0,CONSISTENT
PRH-N24002190,8,2024-10,2025-06,0,CONSISTENT
PRH-N24002191,7,2024-11,2025-06,0,CONSISTENT
PRH-N24002192,7,2024-11,2025-06,0,CONSISTENT
PRH-N24002195,7,2024-11,2025-06,0,CONSISTENT
PRH-N24002196,7,2024-11,2025-06,0,CONSISTENT
PRH-N24002200,7,2024-11,2025-06,0,CONSISTENT
PRH-N24002203,6,2024-12,2025-06,0,CONSISTENT
PRH-N24002207,6,2024-12,2025-06,0,CONSISTENT
PRH-N24002208,6,2024-12,2025-06,0,CONSISTENT
PRH-N24002209,6,2024-12,2025-06,0,CONSISTENT
PRH-N24002210,5,2025-01,2025-06,0,CONSISTENT
PRH-N24002212,5,2025-01,2025-06,0,CONSISTENT
PRH-N24002215,4,2025-03,2025-06,0,CONSISTENT
PRH-N24002216,4,2025-03,2025-06,0,CONSISTENT
PRH-N24002217,4,2025-03,2025-06,0,CONSISTENT
PRH-N24002219,4,2025-03,2025-06,0,CONSISTENT
PRH-N24002220,4,2025-03,2025-06,0,CONSISTENT
PRH-N24002221,4,2025-03,2025-06,0,CONSISTENT
PRH-N24002232,3,2025-04,2025-06,0,CONSISTENT
PRH-N24002236,3,2025-04,2025-06,0,CONSISTENT
PRH-N25000035,18,2018-01,2019-07,0,CONSISTENT
PRH-N25000063,18,2018-01,2019-07,0,CONSISTENT
PRH-N25000065,3,2018-01,2018-03,0,CONSISTENT
PRH-N25000066,18,2018-01,2019-07,0,CONSISTENT
PRH-N25000067,3,2018-01,2018-03,0,CONSISTENT
PRH-N25000068,2,2018-01,2018-02,0,CONSISTENT
PRH-N25000069,1,2018-01,2018-01,0,CONSISTENT
PRH-N25000070,18,2018-01,2019-07,0,CONSISTENT
PRH-N25000073,6,2019-01,2019-07,0,CONSISTENT
PRH-N25000074,6,2019-01,2019-07,0,CONSISTENT
PRH-N26000011,7,2020-07,2021-01,0,CONSISTENT
PRH-N26000016,7,2020-07,2021-01,0,CONSISTENT
PRH-N26000065,7,2020-07,2021-01,0,CONSISTENT
PRH-N26000099,7,2020-07,2021-01,0,CONSISTENT
PRH-N26000101,72,2018-01,2024-07,0,CONSISTENT
PRH-N26000102,36,2018-01,2021-01,0,CONSISTENT
PRH-N26000105,29,2018-01,2020-06,0,CONSISTENT
PRH-N26000107,11,2018-01,2018-11,0,CONSISTENT
PRH-N26000108,12,2018-01,2018-12,0,CONSISTENT
PRH-N26000109,10,2018-01,2018-10,0,CONSISTENT
PRH-N26000110,17,2018-01,2019-06,0,CONSISTENT
PRH-N26000111,10,2018-01,2018-10,0,CONSISTENT
PRH-N26000112,9,2018-01,2018-09,0,CONSISTENT
PRH-N26000113,26,2018-04,2020-06,0,CONSISTENT
PRH-N26000115,23,2023-04,2025-06,1,UNRESOLVED_TARGET_CENSORED
PRH-N26000118,13,2024-03,2025-06,0,CONSISTENT
PRH-N28000056,82,2018-01,2025-06,0,CONSISTENT
PRH-N28000059,1,2018-01,2018-01,0,CONSISTENT
PRH-N28000060,13,2018-01,2019-01,0,CONSISTENT
PRH-N28000062,29,2018-01,2020-06,0,CONSISTENT
PRH-N28000065,51,2018-01,2022-05,0,CONSISTENT
PRH-N28000067,82,2018-01,2025-06,0,CONSISTENT
PRH-N28000068,10,2018-01,2018-10,0,CONSISTENT
PRH-N28000071,82,2018-01,2025-06,0,CONSISTENT
PRH-N28000073,14,2018-01,2020-01,0,CONSISTENT
PRH-N28000075,70,2018-01,2024-03,0,CONSISTENT
PRH-N28000076,22,2018-01,2019-11,0,CONSISTENT
PRH-N28000079,42,2018-01,2021-07,0,CONSISTENT
PRH-N28000080,43,2018-01,2021-08,0,CONSISTENT
PRH-N28000081,76,2018-01,2024-11,0,CONSISTENT
PRH-N28000082,37,2018-01,2021-02,0,CONSISTENT
PRH-N28000084,76,2018-01,2024-11,0,CONSISTENT
PRH-N28000085,59,2018-01,2023-03,0,CONSISTENT
PRH-N28000087,52,2018-01,2022-08,0,CONSISTENT
PRH-N28000088,31,2018-01,2020-08,0,CONSISTENT
PRH-N28000089,70,2018-01,2024-03,0,CONSISTENT
PRH-N28000091,3,2018-01,2018-03,0,CONSISTENT
PRH-N28000092,30,2018-01,2020-07,0,CONSISTENT
PRH-N28000093,6,2018-01,2018-06,0,CONSISTENT
PRH-N28000094,48,2018-01,2022-01,0,CONSISTENT
PRH-N28000095,9,2018-01,2018-09,0,CONSISTENT
PRH-N28000097,76,2018-01,2024-11,0,CONSISTENT
PRH-N28000098,82,2018-01,2025-06,0,CONSISTENT
PRH-N28000100,82,2018-01,2025-06,0,CONSISTENT
PRH-N28000101,45,2018-01,2021-10,0,CONSISTENT
PRH-N28000102,42,2018-01,2021-07,0,CONSISTENT
PRH-N28000103,70,2018-01,2024-03,0,CONSISTENT
PRH-N28000104,80,2018-01,2025-04,0,CONSISTENT
PRH-N28000105,82,2018-01,2025-06,0,CONSISTENT
PRH-N28000106,48,2018-01,2022-01,0,CONSISTENT
PRH-N28000107,22,2018-01,2019-11,0,CONSISTENT
PRH-N28000108,28,2018-02,2020-06,0,CONSISTENT
PRH-N28000109,81,2018-02,2025-06,0,CONSISTENT
PRH-N28000110,52,2018-03,2022-10,0,CONSISTENT
PRH-N28000111,42,2018-04,2021-10,0,CONSISTENT
PRH-N28000112,77,2018-04,2025-04,0,CONSISTENT
PRH-N28000114,50,2018-04,2022-09,0,CONSISTENT
PRH-N28000117,79,2018-04,2025-06,0,CONSISTENT
PRH-N28000118,65,2018-06,2024-03,0,CONSISTENT
PRH-N28000119,44,2018-06,2022-02,0,CONSISTENT
PRH-N28000120,58,2018-08,2023-09,0,CONSISTENT
PRH-N28000121,74,2018-08,2025-05,0,CONSISTENT
PRH-N28000123,27,2019-05,2021-07,0,CONSISTENT
PRH-N28000127,56,2019-10,2024-11,0,CONSISTENT
PRH-N28000128,62,2019-10,2025-06,0,CONSISTENT
PRH-N28000129,62,2019-10,2025-06,0,CONSISTENT
PRH-N28000131,62,2019-10,2025-06,0,CONSISTENT
PRH-N28000132,25,2019-10,2021-10,0,CONSISTENT
PRH-N28000133,28,2019-11,2022-02,0,CONSISTENT
PRH-N28000136,55,2019-11,2024-11,0,CONSISTENT
PRH-N28000139,46,2019-12,2024-01,0,CONSISTENT
PRH-N28000141,55,2020-05,2025-06,0,CONSISTENT
PRH-N28000143,15,2020-07,2021-09,0,CONSISTENT
PRH-N28000147,52,2020-08,2025-06,0,CONSISTENT
PRH-N28000149,50,2020-10,2025-06,0,CONSISTENT
PRH-N28000152,1,2022-08,2022-08,0,CONSISTENT
PRH-N28000153,30,2022-09,2025-06,0,CONSISTENT
PRH-N28000154,24,2023-02,2025-05,0,CONSISTENT
PRH-N28000156,16,2023-11,2025-06,0,CONSISTENT
PRH-N28000159,10,2024-07,2025-05,0,CONSISTENT
PRH-N30000001,61,2019-05,2024-11,0,CONSISTENT
PRH-N30000003,19,2019-11,2021-05,0,CONSISTENT
PRH-N30000004,57,2019-11,2025-01,0,CONSISTENT
PRH-N30000005,2,2019-11,2019-12,0,CONSISTENT
PRH-N30000006,57,2019-11,2025-01,0,CONSISTENT
PRH-N30000007,22,2019-11,2021-08,0,CONSISTENT
PRH-N30000008,57,2019-11,2025-01,0,CONSISTENT
PRH-N30000009,22,2019-11,2021-08,0,CONSISTENT
PRH-N30000010,57,2019-11,2025-01,0,CONSISTENT
PRH-N30000011,22,2019-11,2021-08,0,CONSISTENT
PRH-N30000012,15,2019-11,2021-01,0,CONSISTENT
PRH-N30000013,57,2019-11,2025-01,0,CONSISTENT
PRH-N30000014,61,2019-11,2025-06,0,CONSISTENT
PRH-N30000015,57,2019-11,2025-01,0,CONSISTENT
PRH-N30000016,57,2019-11,2025-01,0,CONSISTENT
PRH-N30000017,57,2019-11,2025-01,0,CONSISTENT
PRH-N30000018,54,2019-11,2024-10,0,CONSISTENT
PRH-N30000019,57,2019-11,2025-01,0,CONSISTENT
PRH-N30000020,27,2019-11,2022-01,0,CONSISTENT
PRH-N30000021,61,2019-11,2025-06,0,CONSISTENT
PRH-N30000022,57,2019-11,2025-01,0,CONSISTENT
PRH-N30000023,15,2019-11,2021-01,0,CONSISTENT
PRH-N30000024,61,2019-11,2025-06,0,CONSISTENT
PRH-N30000025,57,2019-11,2025-01,0,CONSISTENT
PRH-N30000028,57,2019-11,2025-01,0,CONSISTENT
PRH-N30000029,54,2019-11,2024-10,0,CONSISTENT
PRH-N30000030,54,2019-11,2024-10,0,CONSISTENT
PRH-N30000031,54,2019-11,2024-10,0,CONSISTENT
PRH-N30000032,61,2019-11,2025-06,0,CONSISTENT
PRH-N30000033,55,2019-11,2024-11,0,CONSISTENT
PRH-N30000034,61,2019-11,2025-06,0,CONSISTENT
PRH-N30000036,61,2019-11,2025-06,0,CONSISTENT
PRH-N30000037,57,2019-11,2025-01,0,CONSISTENT
PRH-N30000038,19,2019-11,2021-05,0,CONSISTENT
PRH-N30000039,61,2019-11,2025-06,0,CONSISTENT
PRH-N30000040,57,2019-11,2025-01,0,CONSISTENT
PRH-N30000041,22,2019-11,2021-08,0,CONSISTENT
PRH-N30000043,57,2019-11,2025-01,0,CONSISTENT
PRH-N30000044,61,2019-11,2025-06,0,CONSISTENT
PRH-N30000045,57,2019-11,2025-01,0,CONSISTENT
PRH-N30000046,57,2019-11,2025-01,0,CONSISTENT
PRH-N30000047,57,2019-11,2025-01,0,CONSISTENT
PRH-N30000048,57,2019-11,2025-01,0,CONSISTENT
PRH-N30000049,57,2019-11,2025-01,0,CONSISTENT
PRH-N38000001,35,2021-12,2025-05,0,CONSISTENT
PRH-N39000001,18,2018-01,2019-07,0,CONSISTENT
PRH-N39000002,18,2018-01,2019-07,0,CONSISTENT
PRH-N40000001,59,2020-01,2025-06,1,UNRESOLVED_TARGET_CENSORED
PRH-N40000002,59,2020-01,2025-06,0,CONSISTENT
PRH-N40000003,35,2020-09,2023-10,0,CONSISTENT
PRH-N42000002,60,2019-12,2025-06,0,CONSISTENT
PRH-N42000003,22,2019-12,2021-09,0,CONSISTENT
PRH-N42000004,22,2019-12,2021-09,0,CONSISTENT
PRH-N42000005,53,2020-07,2025-06,0,CONSISTENT
PRH-N42000006,53,2020-07,2025-06,0,CONSISTENT
PRH-N42000007,50,2020-10,2025-06,0,CONSISTENT
PRH-N42000009,47,2021-01,2025-06,0,CONSISTENT
PRH-N42000010,35,2022-01,2025-06,0,CONSISTENT
PRH-N44000001,5,2021-05,2021-09,0,CONSISTENT
PRH-N45000001,9,2021-01,2021-09,0,CONSISTENT
PRH-N45000002,45,2021-03,2025-06,0,CONSISTENT
PRH-N45000003,38,2021-08,2025-04,0,CONSISTENT
