canonical_project_id,as_of_month,target_family,review_state,priority,prediction_status,reliability,reason_codes,recommended_action,last_valid_update,alert_status,alert_deduplication_key,decision_policy_version,alert_policy_version
PRH-020100044,2026-06,,DATA_VERIFICATION_REQUIRED,,WITHHELD,,"['STALE_UPDATE', 'SOURCE_GAP', 'INSUFFICIENT_HISTORY', 'FEATURES_INSUFFICIENT', 'SCHEMA_VERIFICATION', 'SOURCE_PROVENANCE_VERIFICATION']",Review latest project update and verify missing or inconsistent reporting evidence,2024-07,NOT_ELIGIBLE,,officer-decision-v1,alert-policy-v1
PRH-108841,2026-06,,DATA_VERIFICATION_REQUIRED,,WITHHELD,,"['INSUFFICIENT_HISTORY', 'FEATURES_INSUFFICIENT']",Review latest project update and verify missing or inconsistent reporting evidence,2026-06,NOT_ELIGIBLE,,officer-decision-v1,alert-policy-v1
PRH-180100210,2026-06,,NO_REVIEW_SIGNAL,,WITHHELD,,['COMPLETED_PROJECT'],,2025-04,NOT_ELIGIBLE,,officer-decision-v1,alert-policy-v1
PRH-180100242,2026-06,,DATA_VERIFICATION_REQUIRED,,WITHHELD,,"['STALE_UPDATE', 'SOURCE_GAP', 'INSUFFICIENT_HISTORY', 'FEATURES_INSUFFICIENT', 'SCHEMA_VERIFICATION', 'SOURCE_PROVENANCE_VERIFICATION']",Review latest project update and verify missing or inconsistent reporting evidence,2025-06,NOT_ELIGIBLE,,officer-decision-v1,alert-policy-v1
PRH-220100133,2026-06,,NO_REVIEW_SIGNAL,,WITHHELD,,['COMPLETED_PROJECT'],,2025-04,NOT_ELIGIBLE,,officer-decision-v1,alert-policy-v1
PRH-220100184,2026-06,,NO_REVIEW_SIGNAL,,WITHHELD,,['COMPLETED_PROJECT'],,2024-07,NOT_ELIGIBLE,,officer-decision-v1,alert-policy-v1
PRH-220100193,2026-06,,DATA_VERIFICATION_REQUIRED,,WITHHELD,,"['STALE_UPDATE', 'SOURCE_GAP', 'INSUFFICIENT_HISTORY', 'FEATURES_INSUFFICIENT', 'SCHEMA_VERIFICATION', 'SOURCE_PROVENANCE_VERIFICATION']",Review latest project update and verify missing or inconsistent reporting evidence,2023-09,NOT_ELIGIBLE,,officer-decision-v1,alert-policy-v1
PRH-220100205,2026-06,,DATA_VERIFICATION_REQUIRED,,WITHHELD,,"['STALE_UPDATE', 'SOURCE_GAP', 'INSUFFICIENT_HISTORY', 'FEATURES_INSUFFICIENT', 'SCHEMA_VERIFICATION', 'SOURCE_PROVENANCE_VERIFICATION']",Review latest project update and verify missing or inconsistent reporting evidence,2024-03,NOT_ELIGIBLE,,officer-decision-v1,alert-policy-v1
PRH-220100240,2026-06,,DATA_VERIFICATION_REQUIRED,,WITHHELD,,"['STALE_UPDATE', 'SOURCE_GAP', 'INSUFFICIENT_HISTORY', 'FEATURES_INSUFFICIENT', 'SCHEMA_VERIFICATION', 'SOURCE_PROVENANCE_VERIFICATION']",Review latest project update and verify missing or inconsistent reporting evidence,2024-07,NOT_ELIGIBLE,,officer-decision-v1,alert-policy-v1
PRH-220100327,2026-06,,DATA_VERIFICATION_REQUIRED,,WITHHELD,,"['STALE_UPDATE', 'SOURCE_GAP', 'INSUFFICIENT_HISTORY', 'FEATURES_INSUFFICIENT', 'SCHEMA_VERIFICATION', 'SOURCE_PROVENANCE_VERIFICATION']",Review latest project update and verify missing or inconsistent reporting evidence,2023-09,NOT_ELIGIBLE,,officer-decision-v1,alert-policy-v1
PRH-222253,2026-06,,DATA_VERIFICATION_REQUIRED,,WITHHELD,,"['INSUFFICIENT_HISTORY', 'FEATURES_INSUFFICIENT']",Review latest project update and verify missing or inconsistent reporting evidence,2026-06,NOT_ELIGIBLE,,officer-decision-v1,alert-policy-v1
PRH-400005,2026-06,,DATA_VERIFICATION_REQUIRED,,WITHHELD,,"['STALE_UPDATE', 'SOURCE_GAP', 'INSUFFICIENT_HISTORY', 'FEATURES_INSUFFICIENT', 'SCHEMA_VERIFICATION', 'SOURCE_PROVENANCE_VERIFICATION']",Review latest project update and verify missing or inconsistent reporting evidence,2026-04,NOT_ELIGIBLE,,officer-decision-v1,alert-policy-v1
PRH-400006,2026-06,,DATA_VERIFICATION_REQUIRED,,WITHHELD,,['INSUFFICIENT_HISTORY'],Review latest project update and verify missing or inconsistent reporting evidence,2026-06,NOT_ELIGIBLE,,officer-decision-v1,alert-policy-v1
PRH-400010,2026-06,,PREDICTION_WITHHELD,,WITHHELD,,['MODEL_RELEASE_PENDING'],Monitor until the governed prediction release requirements are satisfied,2026-06,NOT_ELIGIBLE,,officer-decision-v1,alert-policy-v1
PRH-400012,2026-06,,DATA_VERIFICATION_REQUIRED,,WITHHELD,,['INSUFFICIENT_HISTORY'],Review latest project update and verify missing or inconsistent reporting evidence,2026-06,NOT_ELIGIBLE,,officer-decision-v1,alert-policy-v1
PRH-400013,2026-06,,DATA_VERIFICATION_REQUIRED,,WITHHELD,,['INSUFFICIENT_HISTORY'],Review latest project update and verify missing or inconsistent reporting evidence,2026-06,NOT_ELIGIBLE,,officer-decision-v1,alert-policy-v1
PRH-400018,2026-06,,PREDICTION_WITHHELD,,WITHHELD,,['MODEL_RELEASE_PENDING'],Monitor until the governed prediction release requirements are satisfied,2026-06,NOT_ELIGIBLE,,officer-decision-v1,alert-policy-v1
PRH-400019,2026-06,,PREDICTION_WITHHELD,,WITHHELD,,['MODEL_RELEASE_PENDING'],Monitor until the governed prediction release requirements are satisfied,2026-06,NOT_ELIGIBLE,,officer-decision-v1,alert-policy-v1
PRH-400022,2026-06,,PREDICTION_WITHHELD,,WITHHELD,,['MODEL_RELEASE_PENDING'],Monitor until the governed prediction release requirements are satisfied,2026-06,NOT_ELIGIBLE,,officer-decision-v1,alert-policy-v1
PRH-400023,2026-06,,DATA_VERIFICATION_REQUIRED,,WITHHELD,,"['SOURCE_GAP', 'INSUFFICIENT_HISTORY']",Review latest project update and verify missing or inconsistent reporting evidence,2026-06,NOT_ELIGIBLE,,officer-decision-v1,alert-policy-v1
PRH-400033,2026-06,,PREDICTION_WITHHELD,,WITHHELD,,['MODEL_RELEASE_PENDING'],Monitor until the governed prediction release requirements are satisfied,2026-06,NOT_ELIGIBLE,,officer-decision-v1,alert-policy-v1
PRH-400035,2026-06,,DATA_VERIFICATION_REQUIRED,,WITHHELD,,"['STALE_UPDATE', 'SOURCE_GAP', 'INSUFFICIENT_HISTORY', 'FEATURES_INSUFFICIENT', 'SCHEMA_VERIFICATION', 'SOURCE_PROVENANCE_VERIFICATION']",Review latest project update and verify missing or inconsistent reporting evidence,2026-05,NOT_ELIGIBLE,,officer-decision-v1,alert-policy-v1
PRH-400043,2026-06,,PREDICTION_WITHHELD,,WITHHELD,,['MODEL_RELEASE_PENDING'],Monitor until the governed prediction release requirements are satisfied,2026-06,NOT_ELIGIBLE,,officer-decision-v1,alert-policy-v1
PRH-400045,2026-06,,DATA_VERIFICATION_REQUIRED,,WITHHELD,,['INSUFFICIENT_HISTORY'],Review latest project update and verify missing or inconsistent reporting evidence,2026-06,NOT_ELIGIBLE,,officer-decision-v1,alert-policy-v1
PRH-400047,2026-06,,DATA_VERIFICATION_REQUIRED,,WITHHELD,,['INSUFFICIENT_HISTORY'],Review latest project update and verify missing or inconsistent reporting evidence,2026-06,NOT_ELIGIBLE,,officer-decision-v1,alert-policy-v1
PRH-400048,2026-06,,DATA_VERIFICATION_REQUIRED,,WITHHELD,,['INSUFFICIENT_HISTORY'],Review latest project update and verify missing or inconsistent reporting evidence,2026-06,NOT_ELIGIBLE,,officer-decision-v1,alert-policy-v1
PRH-400062,2026-06,,DATA_VERIFICATION_REQUIRED,,WITHHELD,,['INSUFFICIENT_HISTORY'],Review latest project update and verify missing or inconsistent reporting evidence,2026-06,NOT_ELIGIBLE,,officer-decision-v1,alert-policy-v1
PRH-400065,2026-06,,NO_REVIEW_SIGNAL,,WITHHELD,,['COMPLETED_PROJECT'],,2025-11,NOT_ELIGIBLE,,officer-decision-v1,alert-policy-v1
PRH-400073,2026-06,,PREDICTION_WITHHELD,,WITHHELD,,['MODEL_RELEASE_PENDING'],Monitor until the governed prediction release requirements are satisfied,2026-06,NOT_ELIGIBLE,,officer-decision-v1,alert-policy-v1
PRH-400074,2026-06,,PREDICTION_WITHHELD,,WITHHELD,,['MODEL_RELEASE_PENDING'],Monitor until the governed prediction release requirements are satisfied,2026-06,NOT_ELIGIBLE,,officer-decision-v1,alert-policy-v1
PRH-400077,2026-06,,DATA_VERIFICATION_REQUIRED,,WITHHELD,,"['STALE_UPDATE', 'SOURCE_GAP', 'INSUFFICIENT_HISTORY', 'FEATURES_INSUFFICIENT', 'SCHEMA_VERIFICATION', 'SOURCE_PROVENANCE_VERIFICATION']",Review latest project update and verify missing or inconsistent reporting evidence,2026-02,NOT_ELIGIBLE,,officer-decision-v1,alert-policy-v1
PRH-400078,2026-06,,PREDICTION_WITHHELD,,WITHHELD,,['MODEL_RELEASE_PENDING'],Monitor until the governed prediction release requirements are satisfied,2026-06,NOT_ELIGIBLE,,officer-decision-v1,alert-policy-v1
PRH-400081,2026-06,,DATA_VERIFICATION_REQUIRED,,WITHHELD,,['INSUFFICIENT_HISTORY'],Review latest project update and verify missing or inconsistent reporting evidence,2026-06,NOT_ELIGIBLE,,officer-decision-v1,alert-policy-v1
PRH-400087,2026-06,,PREDICTION_WITHHELD,,WITHHELD,,['MODEL_RELEASE_PENDING'],Monitor until the governed prediction release requirements are satisfied,2026-06,NOT_ELIGIBLE,,officer-decision-v1,alert-policy-v1
PRH-400093,2026-06,,DATA_VERIFICATION_REQUIRED,,WITHHELD,,"['STALE_UPDATE', 'SOURCE_GAP', 'INSUFFICIENT_HISTORY', 'FEATURES_INSUFFICIENT', 'SCHEMA_VERIFICATION', 'SOURCE_PROVENANCE_VERIFICATION']",Review latest project update and verify missing or inconsistent reporting evidence,2026-04,NOT_ELIGIBLE,,officer-decision-v1,alert-policy-v1
PRH-400094,2026-06,,DATA_VERIFICATION_REQUIRED,,WITHHELD,,"['STALE_UPDATE', 'SOURCE_GAP', 'INSUFFICIENT_HISTORY', 'FEATURES_INSUFFICIENT', 'SCHEMA_VERIFICATION', 'SOURCE_PROVENANCE_VERIFICATION']",Review latest project update and verify missing or inconsistent reporting evidence,2025-07,NOT_ELIGIBLE,,officer-decision-v1,alert-policy-v1
PRH-400095,2026-06,,DATA_VERIFICATION_REQUIRED,,WITHHELD,,"['STALE_UPDATE', 'SOURCE_GAP', 'INSUFFICIENT_HISTORY', 'FEATURES_INSUFFICIENT', 'SCHEMA_VERIFICATION', 'SOURCE_PROVENANCE_VERIFICATION']",Review latest project update and verify missing or inconsistent reporting evidence,2026-04,NOT_ELIGIBLE,,officer-decision-v1,alert-policy-v1
PRH-400096,2026-06,,DATA_VERIFICATION_REQUIRED,,WITHHELD,,"['STALE_UPDATE', 'SOURCE_GAP', 'INSUFFICIENT_HISTORY', 'FEATURES_INSUFFICIENT', 'SCHEMA_VERIFICATION', 'SOURCE_PROVENANCE_VERIFICATION']",Review latest project update and verify missing or inconsistent reporting evidence,2026-04,NOT_ELIGIBLE,,officer-decision-v1,alert-policy-v1
PRH-400097,2026-06,,DATA_VERIFICATION_REQUIRED,,WITHHELD,,"['STALE_UPDATE', 'SOURCE_GAP', 'INSUFFICIENT_HISTORY', 'FEATURES_INSUFFICIENT', 'SCHEMA_VERIFICATION', 'SOURCE_PROVENANCE_VERIFICATION']",Review latest project update and verify missing or inconsistent reporting evidence,2026-04,NOT_ELIGIBLE,,officer-decision-v1,alert-policy-v1
PRH-400100,2026-06,,DATA_VERIFICATION_REQUIRED,,WITHHELD,,['INSUFFICIENT_HISTORY'],Review latest project update and verify missing or inconsistent reporting evidence,2026-06,NOT_ELIGIBLE,,officer-decision-v1,alert-policy-v1
PRH-400101,2026-06,,DATA_VERIFICATION_REQUIRED,,WITHHELD,,['INSUFFICIENT_HISTORY'],Review latest project update and verify missing or inconsistent reporting evidence,2026-06,NOT_ELIGIBLE,,officer-decision-v1,alert-policy-v1
PRH-400102,2026-06,,DATA_VERIFICATION_REQUIRED,,WITHHELD,,['INSUFFICIENT_HISTORY'],Review latest project update and verify missing or inconsistent reporting evidence,2026-06,NOT_ELIGIBLE,,officer-decision-v1,alert-policy-v1
PRH-400103,2026-06,,DATA_VERIFICATION_REQUIRED,,WITHHELD,,['INSUFFICIENT_HISTORY'],Review latest project update and verify missing or inconsistent reporting evidence,2026-06,NOT_ELIGIBLE,,officer-decision-v1,alert-policy-v1
PRH-400104,2026-06,,DATA_VERIFICATION_REQUIRED,,WITHHELD,,"['STALE_UPDATE', 'SOURCE_GAP', 'INSUFFICIENT_HISTORY', 'FEATURES_INSUFFICIENT', 'SCHEMA_VERIFICATION', 'SOURCE_PROVENANCE_VERIFICATION']",Review latest project update and verify missing or inconsistent reporting evidence,2026-03,NOT_ELIGIBLE,,officer-decision-v1,alert-policy-v1
PRH-400105,2026-06,,DATA_VERIFICATION_REQUIRED,,WITHHELD,,"['STALE_UPDATE', 'SOURCE_GAP', 'INSUFFICIENT_HISTORY', 'FEATURES_INSUFFICIENT', 'SCHEMA_VERIFICATION', 'SOURCE_PROVENANCE_VERIFICATION']",Review latest project update and verify missing or inconsistent reporting evidence,2026-04,NOT_ELIGIBLE,,officer-decision-v1,alert-policy-v1
PRH-400107,2026-06,,DATA_VERIFICATION_REQUIRED,,WITHHELD,,"['STALE_UPDATE', 'SOURCE_GAP', 'INSUFFICIENT_HISTORY', 'FEATURES_INSUFFICIENT', 'SCHEMA_VERIFICATION', 'SOURCE_PROVENANCE_VERIFICATION']",Review latest project update and verify missing or inconsistent reporting evidence,2026-04,NOT_ELIGIBLE,,officer-decision-v1,alert-policy-v1
PRH-400109,2026-06,,DATA_VERIFICATION_REQUIRED,,WITHHELD,,"['STALE_UPDATE', 'SOURCE_GAP', 'INSUFFICIENT_HISTORY', 'FEATURES_INSUFFICIENT', 'SCHEMA_VERIFICATION', 'SOURCE_PROVENANCE_VERIFICATION']",Review latest project update and verify missing or inconsistent reporting evidence,2026-04,NOT_ELIGIBLE,,officer-decision-v1,alert-policy-v1
PRH-400111,2026-06,,DATA_VERIFICATION_REQUIRED,,WITHHELD,,['INSUFFICIENT_HISTORY'],Review latest project update and verify missing or inconsistent reporting evidence,2026-06,NOT_ELIGIBLE,,officer-decision-v1,alert-policy-v1
PRH-400112,2026-06,,DATA_VERIFICATION_REQUIRED,,WITHHELD,,"['STALE_UPDATE', 'SOURCE_GAP', 'INSUFFICIENT_HISTORY', 'FEATURES_INSUFFICIENT', 'SCHEMA_VERIFICATION', 'SOURCE_PROVENANCE_VERIFICATION']",Review latest project update and verify missing or inconsistent reporting evidence,2026-04,NOT_ELIGIBLE,,officer-decision-v1,alert-policy-v1
PRH-400115,2026-06,,DATA_VERIFICATION_REQUIRED,,WITHHELD,,['INSUFFICIENT_HISTORY'],Review latest project update and verify missing or inconsistent reporting evidence,2026-06,NOT_ELIGIBLE,,officer-decision-v1,alert-policy-v1
PRH-400116,2026-06,,DATA_VERIFICATION_REQUIRED,,WITHHELD,,['INSUFFICIENT_HISTORY'],Review latest project update and verify missing or inconsistent reporting evidence,2026-06,NOT_ELIGIBLE,,officer-decision-v1,alert-policy-v1
PRH-400117,2026-06,,NO_REVIEW_SIGNAL,,WITHHELD,,['COMPLETED_PROJECT'],,2025-08,NOT_ELIGIBLE,,officer-decision-v1,alert-policy-v1
PRH-400119,2026-06,,PREDICTION_WITHHELD,,WITHHELD,,['MODEL_RELEASE_PENDING'],Monitor until the governed prediction release requirements are satisfied,2026-06,NOT_ELIGIBLE,,officer-decision-v1,alert-policy-v1
PRH-400120,2026-06,,PREDICTION_WITHHELD,,WITHHELD,,['MODEL_RELEASE_PENDING'],Monitor until the governed prediction release requirements are satisfied,2026-06,NOT_ELIGIBLE,,officer-decision-v1,alert-policy-v1
PRH-400121,2026-06,,PREDICTION_WITHHELD,,WITHHELD,,['MODEL_RELEASE_PENDING'],Monitor until the governed prediction release requirements are satisfied,2026-06,NOT_ELIGIBLE,,officer-decision-v1,alert-policy-v1
PRH-400136,2026-06,,DATA_VERIFICATION_REQUIRED,,WITHHELD,,['INSUFFICIENT_HISTORY'],Review latest project update and verify missing or inconsistent reporting evidence,2026-06,NOT_ELIGIBLE,,officer-decision-v1,alert-policy-v1
PRH-400138,2026-06,,PREDICTION_WITHHELD,,WITHHELD,,['MODEL_RELEASE_PENDING'],Monitor until the governed prediction release requirements are satisfied,2026-06,NOT_ELIGIBLE,,officer-decision-v1,alert-policy-v1
PRH-400139,2026-06,,PREDICTION_WITHHELD,,WITHHELD,,['MODEL_RELEASE_PENDING'],Monitor until the governed prediction release requirements are satisfied,2026-06,NOT_ELIGIBLE,,officer-decision-v1,alert-policy-v1
PRH-400141,2026-06,,PREDICTION_WITHHELD,,WITHHELD,,['MODEL_RELEASE_PENDING'],Monitor until the governed prediction release requirements are satisfied,2026-06,NOT_ELIGIBLE,,officer-decision-v1,alert-policy-v1
PRH-400142,2026-06,,PREDICTION_WITHHELD,,WITHHELD,,['MODEL_RELEASE_PENDING'],Monitor until the governed prediction release requirements are satisfied,2026-06,NOT_ELIGIBLE,,officer-decision-v1,alert-policy-v1
PRH-400144,2026-06,,PREDICTION_WITHHELD,,WITHHELD,,['MODEL_RELEASE_PENDING'],Monitor until the governed prediction release requirements are satisfied,2026-06,NOT_ELIGIBLE,,officer-decision-v1,alert-policy-v1
PRH-400145,2026-06,,DATA_VERIFICATION_REQUIRED,,WITHHELD,,"['STALE_UPDATE', 'SOURCE_GAP', 'INSUFFICIENT_HISTORY', 'FEATURES_INSUFFICIENT', 'SCHEMA_VERIFICATION', 'SOURCE_PROVENANCE_VERIFICATION']",Review latest project update and verify missing or inconsistent reporting evidence,2025-11,NOT_ELIGIBLE,,officer-decision-v1,alert-policy-v1
PRH-400147,2026-06,,DATA_VERIFICATION_REQUIRED,,WITHHELD,,"['STALE_UPDATE', 'SOURCE_GAP', 'INSUFFICIENT_HISTORY', 'FEATURES_INSUFFICIENT', 'SCHEMA_VERIFICATION', 'SOURCE_PROVENANCE_VERIFICATION']",Review latest project update and verify missing or inconsistent reporting evidence,2025-09,NOT_ELIGIBLE,,officer-decision-v1,alert-policy-v1
PRH-400148,2026-06,,PREDICTION_WITHHELD,,WITHHELD,,['MODEL_RELEASE_PENDING'],Monitor until the governed prediction release requirements are satisfied,2026-06,NOT_ELIGIBLE,,officer-decision-v1,alert-policy-v1
PRH-400149,2026-06,,PREDICTION_WITHHELD,,WITHHELD,,['MODEL_RELEASE_PENDING'],Monitor until the governed prediction release requirements are satisfied,2026-06,NOT_ELIGIBLE,,officer-decision-v1,alert-policy-v1
PRH-400150,2026-06,,PREDICTION_WITHHELD,,WITHHELD,,['MODEL_RELEASE_PENDING'],Monitor until the governed prediction release requirements are satisfied,2026-06,NOT_ELIGIBLE,,officer-decision-v1,alert-policy-v1
PRH-400151,2026-06,,PREDICTION_WITHHELD,,WITHHELD,,['MODEL_RELEASE_PENDING'],Monitor until the governed prediction release requirements are satisfied,2026-06,NOT_ELIGIBLE,,officer-decision-v1,alert-policy-v1
PRH-400152,2026-06,,DATA_VERIFICATION_REQUIRED,,WITHHELD,,"['STALE_UPDATE', 'SOURCE_GAP', 'INSUFFICIENT_HISTORY', 'FEATURES_INSUFFICIENT', 'SCHEMA_VERIFICATION', 'SOURCE_PROVENANCE_VERIFICATION']",Review latest project update and verify missing or inconsistent reporting evidence,2026-02,NOT_ELIGIBLE,,officer-decision-v1,alert-policy-v1
PRH-400153,2026-06,,PREDICTION_WITHHELD,,WITHHELD,,['MODEL_RELEASE_PENDING'],Monitor until the governed prediction release requirements are satisfied,2026-06,NOT_ELIGIBLE,,officer-decision-v1,alert-policy-v1
PRH-400154,2026-06,,PREDICTION_WITHHELD,,WITHHELD,,['MODEL_RELEASE_PENDING'],Monitor until the governed prediction release requirements are satisfied,2026-06,NOT_ELIGIBLE,,officer-decision-v1,alert-policy-v1
PRH-400155,2026-06,,PREDICTION_WITHHELD,,WITHHELD,,['MODEL_RELEASE_PENDING'],Monitor until the governed prediction release requirements are satisfied,2026-06,NOT_ELIGIBLE,,officer-decision-v1,alert-policy-v1
PRH-400156,2026-06,,PREDICTION_WITHHELD,,WITHHELD,,['MODEL_RELEASE_PENDING'],Monitor until the governed prediction release requirements are satisfied,2026-06,NOT_ELIGIBLE,,officer-decision-v1,alert-policy-v1
PRH-400158,2026-06,,DATA_VERIFICATION_REQUIRED,,WITHHELD,,"['STALE_UPDATE', 'SOURCE_GAP', 'INSUFFICIENT_HISTORY', 'FEATURES_INSUFFICIENT', 'SCHEMA_VERIFICATION', 'SOURCE_PROVENANCE_VERIFICATION']",Review latest project update and verify missing or inconsistent reporting evidence,2025-11,NOT_ELIGIBLE,,officer-decision-v1,alert-policy-v1
PRH-400160,2026-06,,PREDICTION_WITHHELD,,WITHHELD,,['MODEL_RELEASE_PENDING'],Monitor until the governed prediction release requirements are satisfied,2026-06,NOT_ELIGIBLE,,officer-decision-v1,alert-policy-v1
PRH-400161,2026-06,,DATA_VERIFICATION_REQUIRED,,WITHHELD,,"['STALE_UPDATE', 'SOURCE_GAP', 'INSUFFICIENT_HISTORY', 'FEATURES_INSUFFICIENT', 'SCHEMA_VERIFICATION', 'SOURCE_PROVENANCE_VERIFICATION']",Review latest project update and verify missing or inconsistent reporting evidence,2026-01,NOT_ELIGIBLE,,officer-decision-v1,alert-policy-v1
PRH-400162,2026-06,,PREDICTION_WITHHELD,,WITHHELD,,['MODEL_RELEASE_PENDING'],Monitor until the governed prediction release requirements are satisfied,2026-06,NOT_ELIGIBLE,,officer-decision-v1,alert-policy-v1
PRH-400165,2026-06,,PREDICTION_WITHHELD,,WITHHELD,,['MODEL_RELEASE_PENDING'],Monitor until the governed prediction release requirements are satisfied,2026-06,NOT_ELIGIBLE,,officer-decision-v1,alert-policy-v1
PRH-400166,2026-06,,PREDICTION_WITHHELD,,WITHHELD,,['MODEL_RELEASE_PENDING'],Monitor until the governed prediction release requirements are satisfied,2026-06,NOT_ELIGIBLE,,officer-decision-v1,alert-policy-v1
PRH-400167,2026-06,,PREDICTION_WITHHELD,,WITHHELD,,['MODEL_RELEASE_PENDING'],Monitor until the governed prediction release requirements are satisfied,2026-06,NOT_ELIGIBLE,,officer-decision-v1,alert-policy-v1
PRH-400168,2026-06,,PREDICTION_WITHHELD,,WITHHELD,,['MODEL_RELEASE_PENDING'],Monitor until the governed prediction release requirements are satisfied,2026-06,NOT_ELIGIBLE,,officer-decision-v1,alert-policy-v1
PRH-400169,2026-06,,PREDICTION_WITHHELD,,WITHHELD,,['MODEL_RELEASE_PENDING'],Monitor until the governed prediction release requirements are satisfied,2026-06,NOT_ELIGIBLE,,officer-decision-v1,alert-policy-v1
PRH-400171,2026-06,,PREDICTION_WITHHELD,,WITHHELD,,['MODEL_RELEASE_PENDING'],Monitor until the governed prediction release requirements are satisfied,2026-06,NOT_ELIGIBLE,,officer-decision-v1,alert-policy-v1
PRH-400172,2026-06,,PREDICTION_WITHHELD,,WITHHELD,,['MODEL_RELEASE_PENDING'],Monitor until the governed prediction release requirements are satisfied,2026-06,NOT_ELIGIBLE,,officer-decision-v1,alert-policy-v1
PRH-400173,2026-06,,PREDICTION_WITHHELD,,WITHHELD,,['MODEL_RELEASE_PENDING'],Monitor until the governed prediction release requirements are satisfied,2026-06,NOT_ELIGIBLE,,officer-decision-v1,alert-policy-v1
PRH-400174,2026-06,,PREDICTION_WITHHELD,,WITHHELD,,['MODEL_RELEASE_PENDING'],Monitor until the governed prediction release requirements are satisfied,2026-06,NOT_ELIGIBLE,,officer-decision-v1,alert-policy-v1
PRH-400177,2026-06,,PREDICTION_WITHHELD,,WITHHELD,,['MODEL_RELEASE_PENDING'],Monitor until the governed prediction release requirements are satisfied,2026-06,NOT_ELIGIBLE,,officer-decision-v1,alert-policy-v1
PRH-400178,2026-06,,PREDICTION_WITHHELD,,WITHHELD,,['MODEL_RELEASE_PENDING'],Monitor until the governed prediction release requirements are satisfied,2026-06,NOT_ELIGIBLE,,officer-decision-v1,alert-policy-v1
PRH-400179,2026-06,,DATA_VERIFICATION_REQUIRED,,WITHHELD,,"['STALE_UPDATE', 'SOURCE_GAP', 'INSUFFICIENT_HISTORY', 'FEATURES_INSUFFICIENT', 'SCHEMA_VERIFICATION', 'SOURCE_PROVENANCE_VERIFICATION']",Review latest project update and verify missing or inconsistent reporting evidence,2025-07,NOT_ELIGIBLE,,officer-decision-v1,alert-policy-v1
PRH-400180,2026-06,,PREDICTION_WITHHELD,,WITHHELD,,['MODEL_RELEASE_PENDING'],Monitor until the governed prediction release requirements are satisfied,2026-06,NOT_ELIGIBLE,,officer-decision-v1,alert-policy-v1
PRH-400181,2026-06,,PREDICTION_WITHHELD,,WITHHELD,,['MODEL_RELEASE_PENDING'],Monitor until the governed prediction release requirements are satisfied,2026-06,NOT_ELIGIBLE,,officer-decision-v1,alert-policy-v1
PRH-400182,2026-06,,DATA_VERIFICATION_REQUIRED,,WITHHELD,,"['STALE_UPDATE', 'SOURCE_GAP', 'INSUFFICIENT_HISTORY', 'FEATURES_INSUFFICIENT', 'SCHEMA_VERIFICATION', 'SOURCE_PROVENANCE_VERIFICATION']",Review latest project update and verify missing or inconsistent reporting evidence,2026-04,NOT_ELIGIBLE,,officer-decision-v1,alert-policy-v1
PRH-400183,2026-06,,PREDICTION_WITHHELD,,WITHHELD,,['MODEL_RELEASE_PENDING'],Monitor until the governed prediction release requirements are satisfied,2026-06,NOT_ELIGIBLE,,officer-decision-v1,alert-policy-v1
PRH-400185,2026-06,,PREDICTION_WITHHELD,,WITHHELD,,['MODEL_RELEASE_PENDING'],Monitor until the governed prediction release requirements are satisfied,2026-06,NOT_ELIGIBLE,,officer-decision-v1,alert-policy-v1
PRH-400186,2026-06,,PREDICTION_WITHHELD,,WITHHELD,,['MODEL_RELEASE_PENDING'],Monitor until the governed prediction release requirements are satisfied,2026-06,NOT_ELIGIBLE,,officer-decision-v1,alert-policy-v1
PRH-400187,2026-06,,PREDICTION_WITHHELD,,WITHHELD,,['MODEL_RELEASE_PENDING'],Monitor until the governed prediction release requirements are satisfied,2026-06,NOT_ELIGIBLE,,officer-decision-v1,alert-policy-v1
PRH-400188,2026-06,,DATA_VERIFICATION_REQUIRED,,WITHHELD,,['INSUFFICIENT_HISTORY'],Review latest project update and verify missing or inconsistent reporting evidence,2026-06,NOT_ELIGIBLE,,officer-decision-v1,alert-policy-v1
PRH-400192,2026-06,,DATA_VERIFICATION_REQUIRED,,WITHHELD,,['INSUFFICIENT_HISTORY'],Review latest project update and verify missing or inconsistent reporting evidence,2026-06,NOT_ELIGIBLE,,officer-decision-v1,alert-policy-v1
PRH-400203,2026-06,,DATA_VERIFICATION_REQUIRED,,WITHHELD,,['INSUFFICIENT_HISTORY'],Review latest project update and verify missing or inconsistent reporting evidence,2026-06,NOT_ELIGIBLE,,officer-decision-v1,alert-policy-v1
PRH-400204,2026-06,,PREDICTION_WITHHELD,,WITHHELD,,['MODEL_RELEASE_PENDING'],Monitor until the governed prediction release requirements are satisfied,2026-06,NOT_ELIGIBLE,,officer-decision-v1,alert-policy-v1
PRH-400205,2026-06,,PREDICTION_WITHHELD,,WITHHELD,,['MODEL_RELEASE_PENDING'],Monitor until the governed prediction release requirements are satisfied,2026-06,NOT_ELIGIBLE,,officer-decision-v1,alert-policy-v1
PRH-400220,2026-06,,PREDICTION_WITHHELD,,WITHHELD,,['MODEL_RELEASE_PENDING'],Monitor until the governed prediction release requirements are satisfied,2026-06,NOT_ELIGIBLE,,officer-decision-v1,alert-policy-v1
PRH-400223,2026-06,,PREDICTION_WITHHELD,,WITHHELD,,['MODEL_RELEASE_PENDING'],Monitor until the governed prediction release requirements are satisfied,2026-06,NOT_ELIGIBLE,,officer-decision-v1,alert-policy-v1
PRH-400231,2026-06,,PREDICTION_WITHHELD,,WITHHELD,,['MODEL_RELEASE_PENDING'],Monitor until the governed prediction release requirements are satisfied,2026-06,NOT_ELIGIBLE,,officer-decision-v1,alert-policy-v1
PRH-400232,2026-06,,PREDICTION_WITHHELD,,WITHHELD,,['MODEL_RELEASE_PENDING'],Monitor until the governed prediction release requirements are satisfied,2026-06,NOT_ELIGIBLE,,officer-decision-v1,alert-policy-v1
PRH-400234,2026-06,,DATA_VERIFICATION_REQUIRED,,WITHHELD,,"['STALE_UPDATE', 'SOURCE_GAP', 'INSUFFICIENT_HISTORY', 'FEATURES_INSUFFICIENT', 'SCHEMA_VERIFICATION', 'SOURCE_PROVENANCE_VERIFICATION']",Review latest project update and verify missing or inconsistent reporting evidence,2025-12,NOT_ELIGIBLE,,officer-decision-v1,alert-policy-v1
PRH-400235,2026-06,,DATA_VERIFICATION_REQUIRED,,WITHHELD,,"['STALE_UPDATE', 'SOURCE_GAP', 'INSUFFICIENT_HISTORY', 'FEATURES_INSUFFICIENT', 'SCHEMA_VERIFICATION', 'SOURCE_PROVENANCE_VERIFICATION']",Review latest project update and verify missing or inconsistent reporting evidence,2025-12,NOT_ELIGIBLE,,officer-decision-v1,alert-policy-v1
PRH-400247,2026-06,,PREDICTION_WITHHELD,,WITHHELD,,['MODEL_RELEASE_PENDING'],Monitor until the governed prediction release requirements are satisfied,2026-06,NOT_ELIGIBLE,,officer-decision-v1,alert-policy-v1
PRH-400253,2026-06,,PREDICTION_WITHHELD,,WITHHELD,,['MODEL_RELEASE_PENDING'],Monitor until the governed prediction release requirements are satisfied,2026-06,NOT_ELIGIBLE,,officer-decision-v1,alert-policy-v1
PRH-400254,2026-06,,DATA_VERIFICATION_REQUIRED,,WITHHELD,,['INSUFFICIENT_HISTORY'],Review latest project update and verify missing or inconsistent reporting evidence,2026-06,NOT_ELIGIBLE,,officer-decision-v1,alert-policy-v1
PRH-400259,2026-06,,DATA_VERIFICATION_REQUIRED,,WITHHELD,,"['STALE_UPDATE', 'SOURCE_GAP', 'INSUFFICIENT_HISTORY', 'FEATURES_INSUFFICIENT', 'SCHEMA_VERIFICATION', 'SOURCE_PROVENANCE_VERIFICATION']",Review latest project update and verify missing or inconsistent reporting evidence,2026-04,NOT_ELIGIBLE,,officer-decision-v1,alert-policy-v1
PRH-400261,2026-06,,PREDICTION_WITHHELD,,WITHHELD,,['MODEL_RELEASE_PENDING'],Monitor until the governed prediction release requirements are satisfied,2026-06,NOT_ELIGIBLE,,officer-decision-v1,alert-policy-v1
PRH-400271,2026-06,,PREDICTION_WITHHELD,,WITHHELD,,['MODEL_RELEASE_PENDING'],Monitor until the governed prediction release requirements are satisfied,2026-06,NOT_ELIGIBLE,,officer-decision-v1,alert-policy-v1
PRH-400273,2026-06,,PREDICTION_WITHHELD,,WITHHELD,,['MODEL_RELEASE_PENDING'],Monitor until the governed prediction release requirements are satisfied,2026-06,NOT_ELIGIBLE,,officer-decision-v1,alert-policy-v1
PRH-400275,2026-06,,PREDICTION_WITHHELD,,WITHHELD,,['MODEL_RELEASE_PENDING'],Monitor until the governed prediction release requirements are satisfied,2026-06,NOT_ELIGIBLE,,officer-decision-v1,alert-policy-v1
PRH-400277,2026-06,,PREDICTION_WITHHELD,,WITHHELD,,['MODEL_RELEASE_PENDING'],Monitor until the governed prediction release requirements are satisfied,2026-06,NOT_ELIGIBLE,,officer-decision-v1,alert-policy-v1
PRH-400280,2026-06,,PREDICTION_WITHHELD,,WITHHELD,,['MODEL_RELEASE_PENDING'],Monitor until the governed prediction release requirements are satisfied,2026-06,NOT_ELIGIBLE,,officer-decision-v1,alert-policy-v1
PRH-400291,2026-06,,PREDICTION_WITHHELD,,WITHHELD,,['MODEL_RELEASE_PENDING'],Monitor until the governed prediction release requirements are satisfied,2026-06,NOT_ELIGIBLE,,officer-decision-v1,alert-policy-v1
PRH-400298,2026-06,,PREDICTION_WITHHELD,,WITHHELD,,['MODEL_RELEASE_PENDING'],Monitor until the governed prediction release requirements are satisfied,2026-06,NOT_ELIGIBLE,,officer-decision-v1,alert-policy-v1
PRH-400299,2026-06,,PREDICTION_WITHHELD,,WITHHELD,,['MODEL_RELEASE_PENDING'],Monitor until the governed prediction release requirements are satisfied,2026-06,NOT_ELIGIBLE,,officer-decision-v1,alert-policy-v1
PRH-400301,2026-06,,PREDICTION_WITHHELD,,WITHHELD,,['MODEL_RELEASE_PENDING'],Monitor until the governed prediction release requirements are satisfied,2026-06,NOT_ELIGIBLE,,officer-decision-v1,alert-policy-v1
PRH-400312,2026-06,,PREDICTION_WITHHELD,,WITHHELD,,['MODEL_RELEASE_PENDING'],Monitor until the governed prediction release requirements are satisfied,2026-06,NOT_ELIGIBLE,,officer-decision-v1,alert-policy-v1
PRH-400313,2026-06,,DATA_VERIFICATION_REQUIRED,,WITHHELD,,"['STALE_UPDATE', 'SOURCE_GAP', 'INSUFFICIENT_HISTORY', 'FEATURES_INSUFFICIENT', 'SCHEMA_VERIFICATION', 'SOURCE_PROVENANCE_VERIFICATION']",Review latest project update and verify missing or inconsistent reporting evidence,2026-03,NOT_ELIGIBLE,,officer-decision-v1,alert-policy-v1
PRH-400315,2026-06,,PREDICTION_WITHHELD,,WITHHELD,,['MODEL_RELEASE_PENDING'],Monitor until the governed prediction release requirements are satisfied,2026-06,NOT_ELIGIBLE,,officer-decision-v1,alert-policy-v1
PRH-400321,2026-06,,PREDICTION_WITHHELD,,WITHHELD,,['MODEL_RELEASE_PENDING'],Monitor until the governed prediction release requirements are satisfied,2026-06,NOT_ELIGIBLE,,officer-decision-v1,alert-policy-v1
PRH-400352,2026-06,,PREDICTION_WITHHELD,,WITHHELD,,['MODEL_RELEASE_PENDING'],Monitor until the governed prediction release requirements are satisfied,2026-06,NOT_ELIGIBLE,,officer-decision-v1,alert-policy-v1
PRH-400353,2026-06,,PREDICTION_WITHHELD,,WITHHELD,,['MODEL_RELEASE_PENDING'],Monitor until the governed prediction release requirements are satisfied,2026-06,NOT_ELIGIBLE,,officer-decision-v1,alert-policy-v1
PRH-400354,2026-06,,PREDICTION_WITHHELD,,WITHHELD,,['MODEL_RELEASE_PENDING'],Monitor until the governed prediction release requirements are satisfied,2026-06,NOT_ELIGIBLE,,officer-decision-v1,alert-policy-v1
PRH-400369,2026-06,,PREDICTION_WITHHELD,,WITHHELD,,['MODEL_RELEASE_PENDING'],Monitor until the governed prediction release requirements are satisfied,2026-06,NOT_ELIGIBLE,,officer-decision-v1,alert-policy-v1
PRH-400382,2026-06,,DATA_VERIFICATION_REQUIRED,,WITHHELD,,['INSUFFICIENT_HISTORY'],Review latest project update and verify missing or inconsistent reporting evidence,2026-06,NOT_ELIGIBLE,,officer-decision-v1,alert-policy-v1
PRH-400392,2026-06,,PREDICTION_WITHHELD,,WITHHELD,,['MODEL_RELEASE_PENDING'],Monitor until the governed prediction release requirements are satisfied,2026-06,NOT_ELIGIBLE,,officer-decision-v1,alert-policy-v1
PRH-400416,2026-06,,DATA_VERIFICATION_REQUIRED,,WITHHELD,,['INSUFFICIENT_HISTORY'],Review latest project update and verify missing or inconsistent reporting evidence,2026-06,NOT_ELIGIBLE,,officer-decision-v1,alert-policy-v1
PRH-400424,2026-06,,PREDICTION_WITHHELD,,WITHHELD,,['MODEL_RELEASE_PENDING'],Monitor until the governed prediction release requirements are satisfied,2026-06,NOT_ELIGIBLE,,officer-decision-v1,alert-policy-v1
PRH-400425,2026-06,,PREDICTION_WITHHELD,,WITHHELD,,['MODEL_RELEASE_PENDING'],Monitor until the governed prediction release requirements are satisfied,2026-06,NOT_ELIGIBLE,,officer-decision-v1,alert-policy-v1
PRH-400426,2026-06,,DATA_VERIFICATION_REQUIRED,,WITHHELD,,['INSUFFICIENT_HISTORY'],Review latest project update and verify missing or inconsistent reporting evidence,2026-06,NOT_ELIGIBLE,,officer-decision-v1,alert-policy-v1
PRH-400429,2026-06,,DATA_VERIFICATION_REQUIRED,,WITHHELD,,"['STALE_UPDATE', 'SOURCE_GAP', 'INSUFFICIENT_HISTORY', 'FEATURES_INSUFFICIENT', 'SCHEMA_VERIFICATION', 'SOURCE_PROVENANCE_VERIFICATION']",Review latest project update and verify missing or inconsistent reporting evidence,2025-07,NOT_ELIGIBLE,,officer-decision-v1,alert-policy-v1
PRH-601812,2026-06,,DATA_VERIFICATION_REQUIRED,,WITHHELD,,['INSUFFICIENT_HISTORY'],Review latest project update and verify missing or inconsistent reporting evidence,2026-06,NOT_ELIGIBLE,,officer-decision-v1,alert-policy-v1
PRH-602096,2026-06,,PREDICTION_WITHHELD,,WITHHELD,,['MODEL_RELEASE_PENDING'],Monitor until the governed prediction release requirements are satisfied,2026-06,NOT_ELIGIBLE,,officer-decision-v1,alert-policy-v1
PRH-602098,2026-06,,PREDICTION_WITHHELD,,WITHHELD,,['MODEL_RELEASE_PENDING'],Monitor until the governed prediction release requirements are satisfied,2026-06,NOT_ELIGIBLE,,officer-decision-v1,alert-policy-v1
PRH-602099,2026-06,,PREDICTION_WITHHELD,,WITHHELD,,['MODEL_RELEASE_PENDING'],Monitor until the governed prediction release requirements are satisfied,2026-06,NOT_ELIGIBLE,,officer-decision-v1,alert-policy-v1
PRH-602181,2026-06,,PREDICTION_WITHHELD,,WITHHELD,,['MODEL_RELEASE_PENDING'],Monitor until the governed prediction release requirements are satisfied,2026-06,NOT_ELIGIBLE,,officer-decision-v1,alert-policy-v1
PRH-602182,2026-06,,PREDICTION_WITHHELD,,WITHHELD,,['MODEL_RELEASE_PENDING'],Monitor until the governed prediction release requirements are satisfied,2026-06,NOT_ELIGIBLE,,officer-decision-v1,alert-policy-v1
PRH-602184,2026-06,,PREDICTION_WITHHELD,,WITHHELD,,['MODEL_RELEASE_PENDING'],Monitor until the governed prediction release requirements are satisfied,2026-06,NOT_ELIGIBLE,,officer-decision-v1,alert-policy-v1
PRH-602185,2026-06,,PREDICTION_WITHHELD,,WITHHELD,,['MODEL_RELEASE_PENDING'],Monitor until the governed prediction release requirements are satisfied,2026-06,NOT_ELIGIBLE,,officer-decision-v1,alert-policy-v1
PRH-602193,2026-06,,DATA_VERIFICATION_REQUIRED,,WITHHELD,,"['STALE_UPDATE', 'SOURCE_GAP', 'INSUFFICIENT_HISTORY', 'FEATURES_INSUFFICIENT', 'SCHEMA_VERIFICATION', 'SOURCE_PROVENANCE_VERIFICATION']",Review latest project update and verify missing or inconsistent reporting evidence,2026-02,NOT_ELIGIBLE,,officer-decision-v1,alert-policy-v1
PRH-602194,2026-06,,NO_REVIEW_SIGNAL,,WITHHELD,,['COMPLETED_PROJECT'],,2025-11,NOT_ELIGIBLE,,officer-decision-v1,alert-policy-v1
PRH-602195,2026-06,,PREDICTION_WITHHELD,,WITHHELD,,['MODEL_RELEASE_PENDING'],Monitor until the governed prediction release requirements are satisfied,2026-06,NOT_ELIGIBLE,,officer-decision-v1,alert-policy-v1
PRH-602223,2026-06,,PREDICTION_WITHHELD,,WITHHELD,,['MODEL_RELEASE_PENDING'],Monitor until the governed prediction release requirements are satisfied,2026-06,NOT_ELIGIBLE,,officer-decision-v1,alert-policy-v1
PRH-602525,2026-06,,PREDICTION_WITHHELD,,WITHHELD,,['MODEL_RELEASE_PENDING'],Monitor until the governed prediction release requirements are satisfied,2026-06,NOT_ELIGIBLE,,officer-decision-v1,alert-policy-v1
PRH-602532,2026-06,,PREDICTION_WITHHELD,,WITHHELD,,['MODEL_RELEASE_PENDING'],Monitor until the governed prediction release requirements are satisfied,2026-06,NOT_ELIGIBLE,,officer-decision-v1,alert-policy-v1
PRH-602535,2026-06,,PREDICTION_WITHHELD,,WITHHELD,,['MODEL_RELEASE_PENDING'],Monitor until the governed prediction release requirements are satisfied,2026-06,NOT_ELIGIBLE,,officer-decision-v1,alert-policy-v1
PRH-602538,2026-06,,DATA_VERIFICATION_REQUIRED,,WITHHELD,,['INSUFFICIENT_HISTORY'],Review latest project update and verify missing or inconsistent reporting evidence,2026-06,NOT_ELIGIBLE,,officer-decision-v1,alert-policy-v1
PRH-602579,2026-06,,PREDICTION_WITHHELD,,WITHHELD,,['MODEL_RELEASE_PENDING'],Monitor until the governed prediction release requirements are satisfied,2026-06,NOT_ELIGIBLE,,officer-decision-v1,alert-policy-v1
PRH-602582,2026-06,,PREDICTION_WITHHELD,,WITHHELD,,['MODEL_RELEASE_PENDING'],Monitor until the governed prediction release requirements are satisfied,2026-06,NOT_ELIGIBLE,,officer-decision-v1,alert-policy-v1
PRH-602593,2026-06,,PREDICTION_WITHHELD,,WITHHELD,,['MODEL_RELEASE_PENDING'],Monitor until the governed prediction release requirements are satisfied,2026-06,NOT_ELIGIBLE,,officer-decision-v1,alert-policy-v1
PRH-602633,2026-06,,DATA_VERIFICATION_REQUIRED,,WITHHELD,,"['STALE_UPDATE', 'SOURCE_GAP', 'INSUFFICIENT_HISTORY', 'FEATURES_INSUFFICIENT', 'SCHEMA_VERIFICATION', 'SOURCE_PROVENANCE_VERIFICATION']",Review latest project update and verify missing or inconsistent reporting evidence,2026-02,NOT_ELIGIBLE,,officer-decision-v1,alert-policy-v1
PRH-602792,2026-06,,NO_REVIEW_SIGNAL,,WITHHELD,,['COMPLETED_PROJECT'],,2026-06,NOT_ELIGIBLE,,officer-decision-v1,alert-policy-v1
PRH-602797,2026-06,,PREDICTION_WITHHELD,,WITHHELD,,['MODEL_RELEASE_PENDING'],Monitor until the governed prediction release requirements are satisfied,2026-06,NOT_ELIGIBLE,,officer-decision-v1,alert-policy-v1
PRH-602961,2026-06,,PREDICTION_WITHHELD,,WITHHELD,,['MODEL_RELEASE_PENDING'],Monitor until the governed prediction release requirements are satisfied,2026-06,NOT_ELIGIBLE,,officer-decision-v1,alert-policy-v1
PRH-603210,2026-06,,DATA_VERIFICATION_REQUIRED,,WITHHELD,,['INSUFFICIENT_HISTORY'],Review latest project update and verify missing or inconsistent reporting evidence,2026-06,NOT_ELIGIBLE,,officer-decision-v1,alert-policy-v1
PRH-603293,2026-06,,PREDICTION_WITHHELD,,WITHHELD,,['MODEL_RELEASE_PENDING'],Monitor until the governed prediction release requirements are satisfied,2026-06,NOT_ELIGIBLE,,officer-decision-v1,alert-policy-v1
PRH-603945,2026-06,,DATA_VERIFICATION_REQUIRED,,WITHHELD,,['INSUFFICIENT_HISTORY'],Review latest project update and verify missing or inconsistent reporting evidence,2026-06,NOT_ELIGIBLE,,officer-decision-v1,alert-policy-v1
PRH-604791,2026-06,,PREDICTION_WITHHELD,,WITHHELD,,['MODEL_RELEASE_PENDING'],Monitor until the governed prediction release requirements are satisfied,2026-06,NOT_ELIGIBLE,,officer-decision-v1,alert-policy-v1
PRH-604792,2026-06,,DATA_VERIFICATION_REQUIRED,,WITHHELD,,"['STALE_UPDATE', 'SOURCE_GAP', 'INSUFFICIENT_HISTORY', 'FEATURES_INSUFFICIENT', 'SCHEMA_VERIFICATION', 'SOURCE_PROVENANCE_VERIFICATION']",Review latest project update and verify missing or inconsistent reporting evidence,2025-08,NOT_ELIGIBLE,,officer-decision-v1,alert-policy-v1
PRH-604795,2026-06,,PREDICTION_WITHHELD,,WITHHELD,,['MODEL_RELEASE_PENDING'],Monitor until the governed prediction release requirements are satisfied,2026-06,NOT_ELIGIBLE,,officer-decision-v1,alert-policy-v1
PRH-604833,2026-06,,PREDICTION_WITHHELD,,WITHHELD,,['MODEL_RELEASE_PENDING'],Monitor until the governed prediction release requirements are satisfied,2026-06,NOT_ELIGIBLE,,officer-decision-v1,alert-policy-v1
PRH-604852,2026-06,,PREDICTION_WITHHELD,,WITHHELD,,['MODEL_RELEASE_PENDING'],Monitor until the governed prediction release requirements are satisfied,2026-06,NOT_ELIGIBLE,,officer-decision-v1,alert-policy-v1
PRH-604853,2026-06,,PREDICTION_WITHHELD,,WITHHELD,,['MODEL_RELEASE_PENDING'],Monitor until the governed prediction release requirements are satisfied,2026-06,NOT_ELIGIBLE,,officer-decision-v1,alert-policy-v1
PRH-604859,2026-06,,PREDICTION_WITHHELD,,WITHHELD,,['MODEL_RELEASE_PENDING'],Monitor until the governed prediction release requirements are satisfied,2026-06,NOT_ELIGIBLE,,officer-decision-v1,alert-policy-v1
PRH-604863,2026-06,,PREDICTION_WITHHELD,,WITHHELD,,['MODEL_RELEASE_PENDING'],Monitor until the governed prediction release requirements are satisfied,2026-06,NOT_ELIGIBLE,,officer-decision-v1,alert-policy-v1
PRH-605155,2026-06,,PREDICTION_WITHHELD,,WITHHELD,,['MODEL_RELEASE_PENDING'],Monitor until the governed prediction release requirements are satisfied,2026-06,NOT_ELIGIBLE,,officer-decision-v1,alert-policy-v1
PRH-605156,2026-06,,PREDICTION_WITHHELD,,WITHHELD,,['MODEL_RELEASE_PENDING'],Monitor until the governed prediction release requirements are satisfied,2026-06,NOT_ELIGIBLE,,officer-decision-v1,alert-policy-v1
PRH-605292,2026-06,,PREDICTION_WITHHELD,,WITHHELD,,['MODEL_RELEASE_PENDING'],Monitor until the governed prediction release requirements are satisfied,2026-06,NOT_ELIGIBLE,,officer-decision-v1,alert-policy-v1
PRH-606013,2026-06,,DATA_VERIFICATION_REQUIRED,,WITHHELD,,['INSUFFICIENT_HISTORY'],Review latest project update and verify missing or inconsistent reporting evidence,2026-06,NOT_ELIGIBLE,,officer-decision-v1,alert-policy-v1
PRH-606112,2026-06,,DATA_VERIFICATION_REQUIRED,,WITHHELD,,['INSUFFICIENT_HISTORY'],Review latest project update and verify missing or inconsistent reporting evidence,2026-06,NOT_ELIGIBLE,,officer-decision-v1,alert-policy-v1
PRH-606431,2026-06,,PREDICTION_WITHHELD,,WITHHELD,,['MODEL_RELEASE_PENDING'],Monitor until the governed prediction release requirements are satisfied,2026-06,NOT_ELIGIBLE,,officer-decision-v1,alert-policy-v1
PRH-606479,2026-06,,DATA_VERIFICATION_REQUIRED,,WITHHELD,,['INSUFFICIENT_HISTORY'],Review latest project update and verify missing or inconsistent reporting evidence,2026-06,NOT_ELIGIBLE,,officer-decision-v1,alert-policy-v1
PRH-606781,2026-06,,DATA_VERIFICATION_REQUIRED,,WITHHELD,,"['STALE_UPDATE', 'SOURCE_GAP', 'INSUFFICIENT_HISTORY', 'FEATURES_INSUFFICIENT', 'SCHEMA_VERIFICATION', 'SOURCE_PROVENANCE_VERIFICATION']",Review latest project update and verify missing or inconsistent reporting evidence,2025-10,NOT_ELIGIBLE,,officer-decision-v1,alert-policy-v1
PRH-607653,2026-06,,DATA_VERIFICATION_REQUIRED,,WITHHELD,,['INSUFFICIENT_HISTORY'],Review latest project update and verify missing or inconsistent reporting evidence,2026-06,NOT_ELIGIBLE,,officer-decision-v1,alert-policy-v1
PRH-607701,2026-06,,DATA_VERIFICATION_REQUIRED,,WITHHELD,,"['STALE_UPDATE', 'SOURCE_GAP', 'INSUFFICIENT_HISTORY', 'FEATURES_INSUFFICIENT', 'SCHEMA_VERIFICATION', 'SOURCE_PROVENANCE_VERIFICATION']",Review latest project update and verify missing or inconsistent reporting evidence,2026-04,NOT_ELIGIBLE,,officer-decision-v1,alert-policy-v1
PRH-607709,2026-06,,PREDICTION_WITHHELD,,WITHHELD,,['MODEL_RELEASE_PENDING'],Monitor until the governed prediction release requirements are satisfied,2026-06,NOT_ELIGIBLE,,officer-decision-v1,alert-policy-v1
PRH-608301,2026-06,,DATA_VERIFICATION_REQUIRED,,WITHHELD,,"['STALE_UPDATE', 'SOURCE_GAP', 'INSUFFICIENT_HISTORY', 'FEATURES_INSUFFICIENT', 'SCHEMA_VERIFICATION', 'SOURCE_PROVENANCE_VERIFICATION']",Review latest project update and verify missing or inconsistent reporting evidence,2025-10,NOT_ELIGIBLE,,officer-decision-v1,alert-policy-v1
PRH-608302,2026-06,,NO_REVIEW_SIGNAL,,WITHHELD,,['COMPLETED_PROJECT'],,2025-10,NOT_ELIGIBLE,,officer-decision-v1,alert-policy-v1
PRH-608922,2026-06,,DATA_VERIFICATION_REQUIRED,,WITHHELD,,"['STALE_UPDATE', 'SOURCE_GAP', 'INSUFFICIENT_HISTORY', 'FEATURES_INSUFFICIENT', 'SCHEMA_VERIFICATION', 'SOURCE_PROVENANCE_VERIFICATION']",Review latest project update and verify missing or inconsistent reporting evidence,2025-10,NOT_ELIGIBLE,,officer-decision-v1,alert-policy-v1
PRH-609019,2026-06,,PREDICTION_WITHHELD,,WITHHELD,,['MODEL_RELEASE_PENDING'],Monitor until the governed prediction release requirements are satisfied,2026-06,NOT_ELIGIBLE,,officer-decision-v1,alert-policy-v1
PRH-609041,2026-06,,DATA_VERIFICATION_REQUIRED,,WITHHELD,,"['STALE_UPDATE', 'SOURCE_GAP', 'INSUFFICIENT_HISTORY', 'FEATURES_INSUFFICIENT', 'SCHEMA_VERIFICATION', 'SOURCE_PROVENANCE_VERIFICATION']",Review latest project update and verify missing or inconsistent reporting evidence,2025-08,NOT_ELIGIBLE,,officer-decision-v1,alert-policy-v1
PRH-609424,2026-06,,DATA_VERIFICATION_REQUIRED,,WITHHELD,,['INSUFFICIENT_HISTORY'],Review latest project update and verify missing or inconsistent reporting evidence,2026-06,NOT_ELIGIBLE,,officer-decision-v1,alert-policy-v1
PRH-609736,2026-06,,PREDICTION_WITHHELD,,WITHHELD,,['MODEL_RELEASE_PENDING'],Monitor until the governed prediction release requirements are satisfied,2026-06,NOT_ELIGIBLE,,officer-decision-v1,alert-policy-v1
PRH-609996,2026-06,,DATA_VERIFICATION_REQUIRED,,WITHHELD,,['INSUFFICIENT_HISTORY'],Review latest project update and verify missing or inconsistent reporting evidence,2026-06,NOT_ELIGIBLE,,officer-decision-v1,alert-policy-v1
PRH-610315,2026-06,,PREDICTION_WITHHELD,,WITHHELD,,['MODEL_RELEASE_PENDING'],Monitor until the governed prediction release requirements are satisfied,2026-06,NOT_ELIGIBLE,,officer-decision-v1,alert-policy-v1
PRH-610940,2026-06,,DATA_VERIFICATION_REQUIRED,,WITHHELD,,"['STALE_UPDATE', 'SOURCE_GAP', 'INSUFFICIENT_HISTORY', 'FEATURES_INSUFFICIENT', 'SCHEMA_VERIFICATION', 'SOURCE_PROVENANCE_VERIFICATION']",Review latest project update and verify missing or inconsistent reporting evidence,2025-11,NOT_ELIGIBLE,,officer-decision-v1,alert-policy-v1
PRH-610984,2026-06,,PREDICTION_WITHHELD,,WITHHELD,,['MODEL_RELEASE_PENDING'],Monitor until the governed prediction release requirements are satisfied,2026-06,NOT_ELIGIBLE,,officer-decision-v1,alert-policy-v1
PRH-610985,2026-06,,DATA_VERIFICATION_REQUIRED,,WITHHELD,,"['STALE_UPDATE', 'SOURCE_GAP', 'INSUFFICIENT_HISTORY', 'FEATURES_INSUFFICIENT', 'SCHEMA_VERIFICATION', 'SOURCE_PROVENANCE_VERIFICATION']",Review latest project update and verify missing or inconsistent reporting evidence,2025-11,NOT_ELIGIBLE,,officer-decision-v1,alert-policy-v1
PRH-611016,2026-06,,DATA_VERIFICATION_REQUIRED,,WITHHELD,,"['STALE_UPDATE', 'SOURCE_GAP', 'INSUFFICIENT_HISTORY', 'FEATURES_INSUFFICIENT', 'SCHEMA_VERIFICATION', 'SOURCE_PROVENANCE_VERIFICATION']",Review latest project update and verify missing or inconsistent reporting evidence,2026-04,NOT_ELIGIBLE,,officer-decision-v1,alert-policy-v1
PRH-611017,2026-06,,DATA_VERIFICATION_REQUIRED,,WITHHELD,,"['STALE_UPDATE', 'SOURCE_GAP', 'INSUFFICIENT_HISTORY', 'FEATURES_INSUFFICIENT', 'SCHEMA_VERIFICATION', 'SOURCE_PROVENANCE_VERIFICATION']",Review latest project update and verify missing or inconsistent reporting evidence,2026-04,NOT_ELIGIBLE,,officer-decision-v1,alert-policy-v1
PRH-611047,2026-06,,PREDICTION_WITHHELD,,WITHHELD,,['MODEL_RELEASE_PENDING'],Monitor until the governed prediction release requirements are satisfied,2026-06,NOT_ELIGIBLE,,officer-decision-v1,alert-policy-v1
PRH-611142,2026-06,,NO_REVIEW_SIGNAL,,WITHHELD,,['COMPLETED_PROJECT'],,2026-03,NOT_ELIGIBLE,,officer-decision-v1,alert-policy-v1
PRH-611440,2026-06,,DATA_VERIFICATION_REQUIRED,,WITHHELD,,"['STALE_UPDATE', 'SOURCE_GAP', 'INSUFFICIENT_HISTORY', 'FEATURES_INSUFFICIENT', 'SCHEMA_VERIFICATION', 'SOURCE_PROVENANCE_VERIFICATION']",Review latest project update and verify missing or inconsistent reporting evidence,2025-07,NOT_ELIGIBLE,,officer-decision-v1,alert-policy-v1
PRH-611452,2026-06,,PREDICTION_WITHHELD,,WITHHELD,,['MODEL_RELEASE_PENDING'],Monitor until the governed prediction release requirements are satisfied,2026-06,NOT_ELIGIBLE,,officer-decision-v1,alert-policy-v1
PRH-611495,2026-06,,PREDICTION_WITHHELD,,WITHHELD,,['MODEL_RELEASE_PENDING'],Monitor until the governed prediction release requirements are satisfied,2026-06,NOT_ELIGIBLE,,officer-decision-v1,alert-policy-v1
PRH-611509,2026-06,,DATA_VERIFICATION_REQUIRED,,WITHHELD,,['INSUFFICIENT_HISTORY'],Review latest project update and verify missing or inconsistent reporting evidence,2026-06,NOT_ELIGIBLE,,officer-decision-v1,alert-policy-v1
PRH-611570,2026-06,,DATA_VERIFICATION_REQUIRED,,WITHHELD,,['INSUFFICIENT_HISTORY'],Review latest project update and verify missing or inconsistent reporting evidence,2026-06,NOT_ELIGIBLE,,officer-decision-v1,alert-policy-v1
PRH-611586,2026-06,,PREDICTION_WITHHELD,,WITHHELD,,['MODEL_RELEASE_PENDING'],Monitor until the governed prediction release requirements are satisfied,2026-06,NOT_ELIGIBLE,,officer-decision-v1,alert-policy-v1
PRH-611602,2026-06,,DATA_VERIFICATION_REQUIRED,,WITHHELD,,['INSUFFICIENT_HISTORY'],Review latest project update and verify missing or inconsistent reporting evidence,2026-06,NOT_ELIGIBLE,,officer-decision-v1,alert-policy-v1
PRH-611614,2026-06,,DATA_VERIFICATION_REQUIRED,,WITHHELD,,"['STALE_UPDATE', 'SOURCE_GAP', 'INSUFFICIENT_HISTORY', 'FEATURES_INSUFFICIENT', 'SCHEMA_VERIFICATION', 'SOURCE_PROVENANCE_VERIFICATION']",Review latest project update and verify missing or inconsistent reporting evidence,2025-11,NOT_ELIGIBLE,,officer-decision-v1,alert-policy-v1
PRH-611615,2026-06,,DATA_VERIFICATION_REQUIRED,,WITHHELD,,"['STALE_UPDATE', 'SOURCE_GAP', 'INSUFFICIENT_HISTORY', 'FEATURES_INSUFFICIENT', 'SCHEMA_VERIFICATION', 'SOURCE_PROVENANCE_VERIFICATION']",Review latest project update and verify missing or inconsistent reporting evidence,2025-11,NOT_ELIGIBLE,,officer-decision-v1,alert-policy-v1
PRH-611656,2026-06,,DATA_VERIFICATION_REQUIRED,,WITHHELD,,"['STALE_UPDATE', 'SOURCE_GAP', 'INSUFFICIENT_HISTORY', 'FEATURES_INSUFFICIENT', 'SCHEMA_VERIFICATION', 'SOURCE_PROVENANCE_VERIFICATION']",Review latest project update and verify missing or inconsistent reporting evidence,2025-10,NOT_ELIGIBLE,,officer-decision-v1,alert-policy-v1
PRH-611657,2026-06,,DATA_VERIFICATION_REQUIRED,,WITHHELD,,"['STALE_UPDATE', 'SOURCE_GAP', 'INSUFFICIENT_HISTORY', 'FEATURES_INSUFFICIENT', 'SCHEMA_VERIFICATION', 'SOURCE_PROVENANCE_VERIFICATION']",Review latest project update and verify missing or inconsistent reporting evidence,2025-12,NOT_ELIGIBLE,,officer-decision-v1,alert-policy-v1
PRH-611659,2026-06,,DATA_VERIFICATION_REQUIRED,,WITHHELD,,"['STALE_UPDATE', 'SOURCE_GAP', 'INSUFFICIENT_HISTORY', 'FEATURES_INSUFFICIENT', 'SCHEMA_VERIFICATION', 'SOURCE_PROVENANCE_VERIFICATION']",Review latest project update and verify missing or inconsistent reporting evidence,2025-11,NOT_ELIGIBLE,,officer-decision-v1,alert-policy-v1
PRH-611660,2026-06,,DATA_VERIFICATION_REQUIRED,,WITHHELD,,"['STALE_UPDATE', 'SOURCE_GAP', 'INSUFFICIENT_HISTORY', 'FEATURES_INSUFFICIENT', 'SCHEMA_VERIFICATION', 'SOURCE_PROVENANCE_VERIFICATION']",Review latest project update and verify missing or inconsistent reporting evidence,2025-10,NOT_ELIGIBLE,,officer-decision-v1,alert-policy-v1
PRH-611669,2026-06,,DATA_VERIFICATION_REQUIRED,,WITHHELD,,['INSUFFICIENT_HISTORY'],Review latest project update and verify missing or inconsistent reporting evidence,2026-06,NOT_ELIGIBLE,,officer-decision-v1,alert-policy-v1
PRH-611698,2026-06,,DATA_VERIFICATION_REQUIRED,,WITHHELD,,['INSUFFICIENT_HISTORY'],Review latest project update and verify missing or inconsistent reporting evidence,2026-06,NOT_ELIGIBLE,,officer-decision-v1,alert-policy-v1
PRH-611699,2026-06,,DATA_VERIFICATION_REQUIRED,,WITHHELD,,['INSUFFICIENT_HISTORY'],Review latest project update and verify missing or inconsistent reporting evidence,2026-06,NOT_ELIGIBLE,,officer-decision-v1,alert-policy-v1
PRH-611716,2026-06,,DATA_VERIFICATION_REQUIRED,,WITHHELD,,['INSUFFICIENT_HISTORY'],Review latest project update and verify missing or inconsistent reporting evidence,2026-06,NOT_ELIGIBLE,,officer-decision-v1,alert-policy-v1
PRH-611735,2026-06,,PREDICTION_WITHHELD,,WITHHELD,,['MODEL_RELEASE_PENDING'],Monitor until the governed prediction release requirements are satisfied,2026-06,NOT_ELIGIBLE,,officer-decision-v1,alert-policy-v1
PRH-611737,2026-06,,NO_REVIEW_SIGNAL,,WITHHELD,,['COMPLETED_PROJECT'],,2025-10,NOT_ELIGIBLE,,officer-decision-v1,alert-policy-v1
PRH-611751,2026-06,,DATA_VERIFICATION_REQUIRED,,WITHHELD,,['INSUFFICIENT_HISTORY'],Review latest project update and verify missing or inconsistent reporting evidence,2026-06,NOT_ELIGIBLE,,officer-decision-v1,alert-policy-v1
PRH-611752,2026-06,,DATA_VERIFICATION_REQUIRED,,WITHHELD,,"['STALE_UPDATE', 'SOURCE_GAP', 'INSUFFICIENT_HISTORY', 'FEATURES_INSUFFICIENT', 'SCHEMA_VERIFICATION', 'SOURCE_PROVENANCE_VERIFICATION']",Review latest project update and verify missing or inconsistent reporting evidence,2026-05,NOT_ELIGIBLE,,officer-decision-v1,alert-policy-v1
PRH-611754,2026-06,,DATA_VERIFICATION_REQUIRED,,WITHHELD,,['INSUFFICIENT_HISTORY'],Review latest project update and verify missing or inconsistent reporting evidence,2026-06,NOT_ELIGIBLE,,officer-decision-v1,alert-policy-v1
PRH-611798,2026-06,,DATA_VERIFICATION_REQUIRED,,WITHHELD,,"['STALE_UPDATE', 'SOURCE_GAP', 'INSUFFICIENT_HISTORY', 'FEATURES_INSUFFICIENT', 'SCHEMA_VERIFICATION', 'SOURCE_PROVENANCE_VERIFICATION']",Review latest project update and verify missing or inconsistent reporting evidence,2025-10,NOT_ELIGIBLE,,officer-decision-v1,alert-policy-v1
PRH-611800,2026-06,,DATA_VERIFICATION_REQUIRED,,WITHHELD,,"['STALE_UPDATE', 'SOURCE_GAP', 'INSUFFICIENT_HISTORY', 'FEATURES_INSUFFICIENT', 'SCHEMA_VERIFICATION', 'SOURCE_PROVENANCE_VERIFICATION']",Review latest project update and verify missing or inconsistent reporting evidence,2025-10,NOT_ELIGIBLE,,officer-decision-v1,alert-policy-v1
PRH-611849,2026-06,,DATA_VERIFICATION_REQUIRED,,WITHHELD,,"['STALE_UPDATE', 'SOURCE_GAP', 'INSUFFICIENT_HISTORY', 'FEATURES_INSUFFICIENT', 'SCHEMA_VERIFICATION', 'SOURCE_PROVENANCE_VERIFICATION']",Review latest project update and verify missing or inconsistent reporting evidence,2026-03,NOT_ELIGIBLE,,officer-decision-v1,alert-policy-v1
PRH-611855,2026-06,,DATA_VERIFICATION_REQUIRED,,WITHHELD,,['INSUFFICIENT_HISTORY'],Review latest project update and verify missing or inconsistent reporting evidence,2026-06,NOT_ELIGIBLE,,officer-decision-v1,alert-policy-v1
PRH-611861,2026-06,,PREDICTION_WITHHELD,,WITHHELD,,['MODEL_RELEASE_PENDING'],Monitor until the governed prediction release requirements are satisfied,2026-06,NOT_ELIGIBLE,,officer-decision-v1,alert-policy-v1
PRH-611864,2026-06,,PREDICTION_WITHHELD,,WITHHELD,,['MODEL_RELEASE_PENDING'],Monitor until the governed prediction release requirements are satisfied,2026-06,NOT_ELIGIBLE,,officer-decision-v1,alert-policy-v1
PRH-611884,2026-06,,PREDICTION_WITHHELD,,WITHHELD,,['MODEL_RELEASE_PENDING'],Monitor until the governed prediction release requirements are satisfied,2026-06,NOT_ELIGIBLE,,officer-decision-v1,alert-policy-v1
PRH-611917,2026-06,,PREDICTION_WITHHELD,,WITHHELD,,['MODEL_RELEASE_PENDING'],Monitor until the governed prediction release requirements are satisfied,2026-06,NOT_ELIGIBLE,,officer-decision-v1,alert-policy-v1
PRH-611918,2026-06,,DATA_VERIFICATION_REQUIRED,,WITHHELD,,['INSUFFICIENT_HISTORY'],Review latest project update and verify missing or inconsistent reporting evidence,2026-06,NOT_ELIGIBLE,,officer-decision-v1,alert-policy-v1
PRH-611927,2026-06,,DATA_VERIFICATION_REQUIRED,,WITHHELD,,['INSUFFICIENT_HISTORY'],Review latest project update and verify missing or inconsistent reporting evidence,2026-06,NOT_ELIGIBLE,,officer-decision-v1,alert-policy-v1
PRH-611929,2026-06,,DATA_VERIFICATION_REQUIRED,,WITHHELD,,['INSUFFICIENT_HISTORY'],Review latest project update and verify missing or inconsistent reporting evidence,2026-06,NOT_ELIGIBLE,,officer-decision-v1,alert-policy-v1
PRH-611930,2026-06,,PREDICTION_WITHHELD,,WITHHELD,,['MODEL_RELEASE_PENDING'],Monitor until the governed prediction release requirements are satisfied,2026-06,NOT_ELIGIBLE,,officer-decision-v1,alert-policy-v1
PRH-611937,2026-06,,DATA_VERIFICATION_REQUIRED,,WITHHELD,,"['STALE_UPDATE', 'SOURCE_GAP', 'INSUFFICIENT_HISTORY', 'FEATURES_INSUFFICIENT', 'SCHEMA_VERIFICATION', 'SOURCE_PROVENANCE_VERIFICATION']",Review latest project update and verify missing or inconsistent reporting evidence,2025-11,NOT_ELIGIBLE,,officer-decision-v1,alert-policy-v1
PRH-611938,2026-06,,DATA_VERIFICATION_REQUIRED,,WITHHELD,,"['STALE_UPDATE', 'SOURCE_GAP', 'INSUFFICIENT_HISTORY', 'FEATURES_INSUFFICIENT', 'SCHEMA_VERIFICATION', 'SOURCE_PROVENANCE_VERIFICATION']",Review latest project update and verify missing or inconsistent reporting evidence,2025-09,NOT_ELIGIBLE,,officer-decision-v1,alert-policy-v1
PRH-611939,2026-06,,DATA_VERIFICATION_REQUIRED,,WITHHELD,,"['STALE_UPDATE', 'SOURCE_GAP', 'INSUFFICIENT_HISTORY', 'FEATURES_INSUFFICIENT', 'SCHEMA_VERIFICATION', 'SOURCE_PROVENANCE_VERIFICATION']",Review latest project update and verify missing or inconsistent reporting evidence,2025-09,NOT_ELIGIBLE,,officer-decision-v1,alert-policy-v1
PRH-611943,2026-06,,PREDICTION_WITHHELD,,WITHHELD,,['MODEL_RELEASE_PENDING'],Monitor until the governed prediction release requirements are satisfied,2026-06,NOT_ELIGIBLE,,officer-decision-v1,alert-policy-v1
PRH-611944,2026-06,,DATA_VERIFICATION_REQUIRED,,WITHHELD,,"['STALE_UPDATE', 'SOURCE_GAP', 'INSUFFICIENT_HISTORY', 'FEATURES_INSUFFICIENT', 'SCHEMA_VERIFICATION', 'SOURCE_PROVENANCE_VERIFICATION']",Review latest project update and verify missing or inconsistent reporting evidence,2026-01,NOT_ELIGIBLE,,officer-decision-v1,alert-policy-v1
PRH-611945,2026-06,,PREDICTION_WITHHELD,,WITHHELD,,['MODEL_RELEASE_PENDING'],Monitor until the governed prediction release requirements are satisfied,2026-06,NOT_ELIGIBLE,,officer-decision-v1,alert-policy-v1
PRH-611947,2026-06,,DATA_VERIFICATION_REQUIRED,,WITHHELD,,"['STALE_UPDATE', 'SOURCE_GAP', 'INSUFFICIENT_HISTORY', 'FEATURES_INSUFFICIENT', 'SCHEMA_VERIFICATION', 'SOURCE_PROVENANCE_VERIFICATION']",Review latest project update and verify missing or inconsistent reporting evidence,2026-04,NOT_ELIGIBLE,,officer-decision-v1,alert-policy-v1
PRH-611948,2026-06,,DATA_VERIFICATION_REQUIRED,,WITHHELD,,"['STALE_UPDATE', 'SOURCE_GAP', 'INSUFFICIENT_HISTORY', 'FEATURES_INSUFFICIENT', 'SCHEMA_VERIFICATION', 'SOURCE_PROVENANCE_VERIFICATION']",Review latest project update and verify missing or inconsistent reporting evidence,2026-05,NOT_ELIGIBLE,,officer-decision-v1,alert-policy-v1
PRH-611949,2026-06,,PREDICTION_WITHHELD,,WITHHELD,,['MODEL_RELEASE_PENDING'],Monitor until the governed prediction release requirements are satisfied,2026-06,NOT_ELIGIBLE,,officer-decision-v1,alert-policy-v1
PRH-611950,2026-06,,DATA_VERIFICATION_REQUIRED,,WITHHELD,,"['STALE_UPDATE', 'SOURCE_GAP', 'INSUFFICIENT_HISTORY', 'FEATURES_INSUFFICIENT', 'SCHEMA_VERIFICATION', 'SOURCE_PROVENANCE_VERIFICATION']",Review latest project update and verify missing or inconsistent reporting evidence,2026-01,NOT_ELIGIBLE,,officer-decision-v1,alert-policy-v1
PRH-611951,2026-06,,DATA_VERIFICATION_REQUIRED,,WITHHELD,,"['STALE_UPDATE', 'SOURCE_GAP', 'INSUFFICIENT_HISTORY', 'FEATURES_INSUFFICIENT', 'SCHEMA_VERIFICATION', 'SOURCE_PROVENANCE_VERIFICATION']",Review latest project update and verify missing or inconsistent reporting evidence,2026-03,NOT_ELIGIBLE,,officer-decision-v1,alert-policy-v1
PRH-611957,2026-06,,DATA_VERIFICATION_REQUIRED,,WITHHELD,,['INSUFFICIENT_HISTORY'],Review latest project update and verify missing or inconsistent reporting evidence,2026-06,NOT_ELIGIBLE,,officer-decision-v1,alert-policy-v1
PRH-611961,2026-06,,DATA_VERIFICATION_REQUIRED,,WITHHELD,,['INSUFFICIENT_HISTORY'],Review latest project update and verify missing or inconsistent reporting evidence,2026-06,NOT_ELIGIBLE,,officer-decision-v1,alert-policy-v1
PRH-611963,2026-06,,DATA_VERIFICATION_REQUIRED,,WITHHELD,,['INSUFFICIENT_HISTORY'],Review latest project update and verify missing or inconsistent reporting evidence,2026-06,NOT_ELIGIBLE,,officer-decision-v1,alert-policy-v1
PRH-611966,2026-06,,NO_REVIEW_SIGNAL,,WITHHELD,,['COMPLETED_PROJECT'],,2026-06,NOT_ELIGIBLE,,officer-decision-v1,alert-policy-v1
PRH-611967,2026-06,,DATA_VERIFICATION_REQUIRED,,WITHHELD,,"['STALE_UPDATE', 'SOURCE_GAP', 'INSUFFICIENT_HISTORY', 'FEATURES_INSUFFICIENT', 'SCHEMA_VERIFICATION', 'SOURCE_PROVENANCE_VERIFICATION']",Review latest project update and verify missing or inconsistent reporting evidence,2026-05,NOT_ELIGIBLE,,officer-decision-v1,alert-policy-v1
PRH-611969,2026-06,,DATA_VERIFICATION_REQUIRED,,WITHHELD,,"['STALE_UPDATE', 'SOURCE_GAP', 'INSUFFICIENT_HISTORY', 'FEATURES_INSUFFICIENT', 'SCHEMA_VERIFICATION', 'SOURCE_PROVENANCE_VERIFICATION']",Review latest project update and verify missing or inconsistent reporting evidence,2025-08,NOT_ELIGIBLE,,officer-decision-v1,alert-policy-v1
PRH-611970,2026-06,,PREDICTION_WITHHELD,,WITHHELD,,['MODEL_RELEASE_PENDING'],Monitor until the governed prediction release requirements are satisfied,2026-06,NOT_ELIGIBLE,,officer-decision-v1,alert-policy-v1
PRH-611971,2026-06,,PREDICTION_WITHHELD,,WITHHELD,,['MODEL_RELEASE_PENDING'],Monitor until the governed prediction release requirements are satisfied,2026-06,NOT_ELIGIBLE,,officer-decision-v1,alert-policy-v1
PRH-611972,2026-06,,DATA_VERIFICATION_REQUIRED,,WITHHELD,,"['STALE_UPDATE', 'SOURCE_GAP', 'INSUFFICIENT_HISTORY', 'FEATURES_INSUFFICIENT', 'SCHEMA_VERIFICATION', 'SOURCE_PROVENANCE_VERIFICATION']",Review latest project update and verify missing or inconsistent reporting evidence,2025-08,NOT_ELIGIBLE,,officer-decision-v1,alert-policy-v1
PRH-611973,2026-06,,DATA_VERIFICATION_REQUIRED,,WITHHELD,,"['STALE_UPDATE', 'SOURCE_GAP', 'INSUFFICIENT_HISTORY', 'FEATURES_INSUFFICIENT', 'SCHEMA_VERIFICATION', 'SOURCE_PROVENANCE_VERIFICATION']",Review latest project update and verify missing or inconsistent reporting evidence,2025-08,NOT_ELIGIBLE,,officer-decision-v1,alert-policy-v1
PRH-611974,2026-06,,DATA_VERIFICATION_REQUIRED,,WITHHELD,,['INSUFFICIENT_HISTORY'],Review latest project update and verify missing or inconsistent reporting evidence,2026-06,NOT_ELIGIBLE,,officer-decision-v1,alert-policy-v1
PRH-611975,2026-06,,DATA_VERIFICATION_REQUIRED,,WITHHELD,,"['STALE_UPDATE', 'SOURCE_GAP', 'INSUFFICIENT_HISTORY', 'FEATURES_INSUFFICIENT', 'SCHEMA_VERIFICATION', 'SOURCE_PROVENANCE_VERIFICATION']",Review latest project update and verify missing or inconsistent reporting evidence,2025-08,NOT_ELIGIBLE,,officer-decision-v1,alert-policy-v1
PRH-611976,2026-06,,DATA_VERIFICATION_REQUIRED,,WITHHELD,,"['STALE_UPDATE', 'SOURCE_GAP', 'INSUFFICIENT_HISTORY', 'FEATURES_INSUFFICIENT', 'SCHEMA_VERIFICATION', 'SOURCE_PROVENANCE_VERIFICATION']",Review latest project update and verify missing or inconsistent reporting evidence,2025-08,NOT_ELIGIBLE,,officer-decision-v1,alert-policy-v1
PRH-611977,2026-06,,DATA_VERIFICATION_REQUIRED,,WITHHELD,,['INSUFFICIENT_HISTORY'],Review latest project update and verify missing or inconsistent reporting evidence,2026-06,NOT_ELIGIBLE,,officer-decision-v1,alert-policy-v1
PRH-611978,2026-06,,DATA_VERIFICATION_REQUIRED,,WITHHELD,,['INSUFFICIENT_HISTORY'],Review latest project update and verify missing or inconsistent reporting evidence,2026-06,NOT_ELIGIBLE,,officer-decision-v1,alert-policy-v1
PRH-611979,2026-06,,DATA_VERIFICATION_REQUIRED,,WITHHELD,,['INSUFFICIENT_HISTORY'],Review latest project update and verify missing or inconsistent reporting evidence,2026-06,NOT_ELIGIBLE,,officer-decision-v1,alert-policy-v1
PRH-611980,2026-06,,DATA_VERIFICATION_REQUIRED,,WITHHELD,,"['STALE_UPDATE', 'SOURCE_GAP', 'INSUFFICIENT_HISTORY', 'FEATURES_INSUFFICIENT', 'SCHEMA_VERIFICATION', 'SOURCE_PROVENANCE_VERIFICATION']",Review latest project update and verify missing or inconsistent reporting evidence,2025-08,NOT_ELIGIBLE,,officer-decision-v1,alert-policy-v1
PRH-612063,2026-06,,NO_REVIEW_SIGNAL,,WITHHELD,,['COMPLETED_PROJECT'],,2025-11,NOT_ELIGIBLE,,officer-decision-v1,alert-policy-v1
PRH-612066,2026-06,,DATA_VERIFICATION_REQUIRED,,WITHHELD,,['INSUFFICIENT_HISTORY'],Review latest project update and verify missing or inconsistent reporting evidence,2026-06,NOT_ELIGIBLE,,officer-decision-v1,alert-policy-v1
PRH-612068,2026-06,,DATA_VERIFICATION_REQUIRED,,WITHHELD,,['INSUFFICIENT_HISTORY'],Review latest project update and verify missing or inconsistent reporting evidence,2026-06,NOT_ELIGIBLE,,officer-decision-v1,alert-policy-v1
PRH-612072,2026-06,,PREDICTION_WITHHELD,,WITHHELD,,['MODEL_RELEASE_PENDING'],Monitor until the governed prediction release requirements are satisfied,2026-06,NOT_ELIGIBLE,,officer-decision-v1,alert-policy-v1
PRH-612096,2026-06,,PREDICTION_WITHHELD,,WITHHELD,,['MODEL_RELEASE_PENDING'],Monitor until the governed prediction release requirements are satisfied,2026-06,NOT_ELIGIBLE,,officer-decision-v1,alert-policy-v1
PRH-612128,2026-06,,DATA_VERIFICATION_REQUIRED,,WITHHELD,,['INSUFFICIENT_HISTORY'],Review latest project update and verify missing or inconsistent reporting evidence,2026-06,NOT_ELIGIBLE,,officer-decision-v1,alert-policy-v1
PRH-612132,2026-06,,PREDICTION_WITHHELD,,WITHHELD,,['MODEL_RELEASE_PENDING'],Monitor until the governed prediction release requirements are satisfied,2026-06,NOT_ELIGIBLE,,officer-decision-v1,alert-policy-v1
PRH-612133,2026-06,,PREDICTION_WITHHELD,,WITHHELD,,['MODEL_RELEASE_PENDING'],Monitor until the governed prediction release requirements are satisfied,2026-06,NOT_ELIGIBLE,,officer-decision-v1,alert-policy-v1
PRH-612134,2026-06,,PREDICTION_WITHHELD,,WITHHELD,,['MODEL_RELEASE_PENDING'],Monitor until the governed prediction release requirements are satisfied,2026-06,NOT_ELIGIBLE,,officer-decision-v1,alert-policy-v1
PRH-612135,2026-06,,DATA_VERIFICATION_REQUIRED,,WITHHELD,,"['STALE_UPDATE', 'SOURCE_GAP', 'INSUFFICIENT_HISTORY', 'FEATURES_INSUFFICIENT', 'SCHEMA_VERIFICATION', 'SOURCE_PROVENANCE_VERIFICATION']",Review latest project update and verify missing or inconsistent reporting evidence,2025-11,NOT_ELIGIBLE,,officer-decision-v1,alert-policy-v1
PRH-612138,2026-06,,PREDICTION_WITHHELD,,WITHHELD,,['MODEL_RELEASE_PENDING'],Monitor until the governed prediction release requirements are satisfied,2026-06,NOT_ELIGIBLE,,officer-decision-v1,alert-policy-v1
PRH-612139,2026-06,,PREDICTION_WITHHELD,,WITHHELD,,['MODEL_RELEASE_PENDING'],Monitor until the governed prediction release requirements are satisfied,2026-06,NOT_ELIGIBLE,,officer-decision-v1,alert-policy-v1
PRH-612140,2026-06,,PREDICTION_WITHHELD,,WITHHELD,,['MODEL_RELEASE_PENDING'],Monitor until the governed prediction release requirements are satisfied,2026-06,NOT_ELIGIBLE,,officer-decision-v1,alert-policy-v1
PRH-612142,2026-06,,PREDICTION_WITHHELD,,WITHHELD,,['MODEL_RELEASE_PENDING'],Monitor until the governed prediction release requirements are satisfied,2026-06,NOT_ELIGIBLE,,officer-decision-v1,alert-policy-v1
PRH-612151,2026-06,,DATA_VERIFICATION_REQUIRED,,WITHHELD,,"['STALE_UPDATE', 'SOURCE_GAP', 'INSUFFICIENT_HISTORY', 'FEATURES_INSUFFICIENT', 'SCHEMA_VERIFICATION', 'SOURCE_PROVENANCE_VERIFICATION']",Review latest project update and verify missing or inconsistent reporting evidence,2026-03,NOT_ELIGIBLE,,officer-decision-v1,alert-policy-v1
PRH-612167,2026-06,,DATA_VERIFICATION_REQUIRED,,WITHHELD,,['INSUFFICIENT_HISTORY'],Review latest project update and verify missing or inconsistent reporting evidence,2026-06,NOT_ELIGIBLE,,officer-decision-v1,alert-policy-v1
PRH-612178,2026-06,,NO_REVIEW_SIGNAL,,WITHHELD,,['COMPLETED_PROJECT'],,2026-03,NOT_ELIGIBLE,,officer-decision-v1,alert-policy-v1
PRH-612183,2026-06,,DATA_VERIFICATION_REQUIRED,,WITHHELD,,['INSUFFICIENT_HISTORY'],Review latest project update and verify missing or inconsistent reporting evidence,2026-06,NOT_ELIGIBLE,,officer-decision-v1,alert-policy-v1
PRH-612185,2026-06,,NO_REVIEW_SIGNAL,,WITHHELD,,['COMPLETED_PROJECT'],,2026-02,NOT_ELIGIBLE,,officer-decision-v1,alert-policy-v1
PRH-612186,2026-06,,DATA_VERIFICATION_REQUIRED,,WITHHELD,,['INSUFFICIENT_HISTORY'],Review latest project update and verify missing or inconsistent reporting evidence,2026-06,NOT_ELIGIBLE,,officer-decision-v1,alert-policy-v1
PRH-612188,2026-06,,DATA_VERIFICATION_REQUIRED,,WITHHELD,,"['STALE_UPDATE', 'SOURCE_GAP', 'INSUFFICIENT_HISTORY', 'FEATURES_INSUFFICIENT', 'SCHEMA_VERIFICATION', 'SOURCE_PROVENANCE_VERIFICATION']",Review latest project update and verify missing or inconsistent reporting evidence,2026-04,NOT_ELIGIBLE,,officer-decision-v1,alert-policy-v1
PRH-612194,2026-06,,PREDICTION_WITHHELD,,WITHHELD,,['MODEL_RELEASE_PENDING'],Monitor until the governed prediction release requirements are satisfied,2026-06,NOT_ELIGIBLE,,officer-decision-v1,alert-policy-v1
PRH-612201,2026-06,,DATA_VERIFICATION_REQUIRED,,WITHHELD,,"['STALE_UPDATE', 'SOURCE_GAP', 'INSUFFICIENT_HISTORY', 'FEATURES_INSUFFICIENT', 'SCHEMA_VERIFICATION', 'SOURCE_PROVENANCE_VERIFICATION']",Review latest project update and verify missing or inconsistent reporting evidence,2026-04,NOT_ELIGIBLE,,officer-decision-v1,alert-policy-v1
PRH-612203,2026-06,,DATA_VERIFICATION_REQUIRED,,WITHHELD,,"['STALE_UPDATE', 'SOURCE_GAP', 'INSUFFICIENT_HISTORY', 'FEATURES_INSUFFICIENT', 'SCHEMA_VERIFICATION', 'SOURCE_PROVENANCE_VERIFICATION']",Review latest project update and verify missing or inconsistent reporting evidence,2025-10,NOT_ELIGIBLE,,officer-decision-v1,alert-policy-v1
PRH-612211,2026-06,,DATA_VERIFICATION_REQUIRED,,WITHHELD,,['INSUFFICIENT_HISTORY'],Review latest project update and verify missing or inconsistent reporting evidence,2026-06,NOT_ELIGIBLE,,officer-decision-v1,alert-policy-v1
PRH-612213,2026-06,,DATA_VERIFICATION_REQUIRED,,WITHHELD,,['INSUFFICIENT_HISTORY'],Review latest project update and verify missing or inconsistent reporting evidence,2026-06,NOT_ELIGIBLE,,officer-decision-v1,alert-policy-v1
PRH-612239,2026-06,,DATA_VERIFICATION_REQUIRED,,WITHHELD,,"['STALE_UPDATE', 'SOURCE_GAP', 'INSUFFICIENT_HISTORY', 'FEATURES_INSUFFICIENT', 'SCHEMA_VERIFICATION', 'SOURCE_PROVENANCE_VERIFICATION']",Review latest project update and verify missing or inconsistent reporting evidence,2025-11,NOT_ELIGIBLE,,officer-decision-v1,alert-policy-v1
PRH-612259,2026-06,,DATA_VERIFICATION_REQUIRED,,WITHHELD,,['INSUFFICIENT_HISTORY'],Review latest project update and verify missing or inconsistent reporting evidence,2026-06,NOT_ELIGIBLE,,officer-decision-v1,alert-policy-v1
PRH-612513,2026-06,,DATA_VERIFICATION_REQUIRED,,WITHHELD,,['INSUFFICIENT_HISTORY'],Review latest project update and verify missing or inconsistent reporting evidence,2026-06,NOT_ELIGIBLE,,officer-decision-v1,alert-policy-v1
PRH-612688,2026-06,,NO_REVIEW_SIGNAL,,WITHHELD,,['COMPLETED_PROJECT'],,2025-10,NOT_ELIGIBLE,,officer-decision-v1,alert-policy-v1
PRH-612745,2026-06,,DATA_VERIFICATION_REQUIRED,,WITHHELD,,['INSUFFICIENT_HISTORY'],Review latest project update and verify missing or inconsistent reporting evidence,2026-06,NOT_ELIGIBLE,,officer-decision-v1,alert-policy-v1
PRH-612748,2026-06,,DATA_VERIFICATION_REQUIRED,,WITHHELD,,['INSUFFICIENT_HISTORY'],Review latest project update and verify missing or inconsistent reporting evidence,2026-06,NOT_ELIGIBLE,,officer-decision-v1,alert-policy-v1
PRH-612781,2026-06,,PREDICTION_WITHHELD,,WITHHELD,,['MODEL_RELEASE_PENDING'],Monitor until the governed prediction release requirements are satisfied,2026-06,NOT_ELIGIBLE,,officer-decision-v1,alert-policy-v1
PRH-612786,2026-06,,PREDICTION_WITHHELD,,WITHHELD,,['MODEL_RELEASE_PENDING'],Monitor until the governed prediction release requirements are satisfied,2026-06,NOT_ELIGIBLE,,officer-decision-v1,alert-policy-v1
PRH-612787,2026-06,,PREDICTION_WITHHELD,,WITHHELD,,['MODEL_RELEASE_PENDING'],Monitor until the governed prediction release requirements are satisfied,2026-06,NOT_ELIGIBLE,,officer-decision-v1,alert-policy-v1
PRH-612788,2026-06,,PREDICTION_WITHHELD,,WITHHELD,,['MODEL_RELEASE_PENDING'],Monitor until the governed prediction release requirements are satisfied,2026-06,NOT_ELIGIBLE,,officer-decision-v1,alert-policy-v1
PRH-612789,2026-06,,PREDICTION_WITHHELD,,WITHHELD,,['MODEL_RELEASE_PENDING'],Monitor until the governed prediction release requirements are satisfied,2026-06,NOT_ELIGIBLE,,officer-decision-v1,alert-policy-v1
PRH-612790,2026-06,,PREDICTION_WITHHELD,,WITHHELD,,['MODEL_RELEASE_PENDING'],Monitor until the governed prediction release requirements are satisfied,2026-06,NOT_ELIGIBLE,,officer-decision-v1,alert-policy-v1
PRH-612791,2026-06,,PREDICTION_WITHHELD,,WITHHELD,,['MODEL_RELEASE_PENDING'],Monitor until the governed prediction release requirements are satisfied,2026-06,NOT_ELIGIBLE,,officer-decision-v1,alert-policy-v1
PRH-612793,2026-06,,PREDICTION_WITHHELD,,WITHHELD,,['MODEL_RELEASE_PENDING'],Monitor until the governed prediction release requirements are satisfied,2026-06,NOT_ELIGIBLE,,officer-decision-v1,alert-policy-v1
PRH-612815,2026-06,,PREDICTION_WITHHELD,,WITHHELD,,['MODEL_RELEASE_PENDING'],Monitor until the governed prediction release requirements are satisfied,2026-06,NOT_ELIGIBLE,,officer-decision-v1,alert-policy-v1
PRH-612816,2026-06,,PREDICTION_WITHHELD,,WITHHELD,,['MODEL_RELEASE_PENDING'],Monitor until the governed prediction release requirements are satisfied,2026-06,NOT_ELIGIBLE,,officer-decision-v1,alert-policy-v1
PRH-612819,2026-06,,NO_REVIEW_SIGNAL,,WITHHELD,,['COMPLETED_PROJECT'],,2026-04,NOT_ELIGIBLE,,officer-decision-v1,alert-policy-v1
PRH-612827,2026-06,,DATA_VERIFICATION_REQUIRED,,WITHHELD,,['INSUFFICIENT_HISTORY'],Review latest project update and verify missing or inconsistent reporting evidence,2026-06,NOT_ELIGIBLE,,officer-decision-v1,alert-policy-v1
PRH-612834,2026-06,,DATA_VERIFICATION_REQUIRED,,WITHHELD,,['INSUFFICIENT_HISTORY'],Review latest project update and verify missing or inconsistent reporting evidence,2026-06,NOT_ELIGIBLE,,officer-decision-v1,alert-policy-v1
PRH-612838,2026-06,,DATA_VERIFICATION_REQUIRED,,WITHHELD,,"['STALE_UPDATE', 'SOURCE_GAP', 'INSUFFICIENT_HISTORY', 'FEATURES_INSUFFICIENT', 'SCHEMA_VERIFICATION', 'SOURCE_PROVENANCE_VERIFICATION']",Review latest project update and verify missing or inconsistent reporting evidence,2025-09,NOT_ELIGIBLE,,officer-decision-v1,alert-policy-v1
PRH-612845,2026-06,,DATA_VERIFICATION_REQUIRED,,WITHHELD,,['INSUFFICIENT_HISTORY'],Review latest project update and verify missing or inconsistent reporting evidence,2026-06,NOT_ELIGIBLE,,officer-decision-v1,alert-policy-v1
PRH-612851,2026-06,,DATA_VERIFICATION_REQUIRED,,WITHHELD,,['INSUFFICIENT_HISTORY'],Review latest project update and verify missing or inconsistent reporting evidence,2026-06,NOT_ELIGIBLE,,officer-decision-v1,alert-policy-v1
PRH-612853,2026-06,,PREDICTION_WITHHELD,,WITHHELD,,['MODEL_RELEASE_PENDING'],Monitor until the governed prediction release requirements are satisfied,2026-06,NOT_ELIGIBLE,,officer-decision-v1,alert-policy-v1
PRH-612855,2026-06,,PREDICTION_WITHHELD,,WITHHELD,,['MODEL_RELEASE_PENDING'],Monitor until the governed prediction release requirements are satisfied,2026-06,NOT_ELIGIBLE,,officer-decision-v1,alert-policy-v1
PRH-612856,2026-06,,DATA_VERIFICATION_REQUIRED,,WITHHELD,,"['STALE_UPDATE', 'SOURCE_GAP', 'INSUFFICIENT_HISTORY', 'FEATURES_INSUFFICIENT', 'SCHEMA_VERIFICATION', 'SOURCE_PROVENANCE_VERIFICATION']",Review latest project update and verify missing or inconsistent reporting evidence,2026-02,NOT_ELIGIBLE,,officer-decision-v1,alert-policy-v1
PRH-612876,2026-06,,DATA_VERIFICATION_REQUIRED,,WITHHELD,,['INSUFFICIENT_HISTORY'],Review latest project update and verify missing or inconsistent reporting evidence,2026-06,NOT_ELIGIBLE,,officer-decision-v1,alert-policy-v1
PRH-612877,2026-06,,DATA_VERIFICATION_REQUIRED,,WITHHELD,,['INSUFFICIENT_HISTORY'],Review latest project update and verify missing or inconsistent reporting evidence,2026-06,NOT_ELIGIBLE,,officer-decision-v1,alert-policy-v1
PRH-612878,2026-06,,DATA_VERIFICATION_REQUIRED,,WITHHELD,,['INSUFFICIENT_HISTORY'],Review latest project update and verify missing or inconsistent reporting evidence,2026-06,NOT_ELIGIBLE,,officer-decision-v1,alert-policy-v1
PRH-612883,2026-06,,DATA_VERIFICATION_REQUIRED,,WITHHELD,,['INSUFFICIENT_HISTORY'],Review latest project update and verify missing or inconsistent reporting evidence,2026-06,NOT_ELIGIBLE,,officer-decision-v1,alert-policy-v1
PRH-612885,2026-06,,PREDICTION_WITHHELD,,WITHHELD,,['MODEL_RELEASE_PENDING'],Monitor until the governed prediction release requirements are satisfied,2026-06,NOT_ELIGIBLE,,officer-decision-v1,alert-policy-v1
PRH-612894,2026-06,,PREDICTION_WITHHELD,,WITHHELD,,['MODEL_RELEASE_PENDING'],Monitor until the governed prediction release requirements are satisfied,2026-06,NOT_ELIGIBLE,,officer-decision-v1,alert-policy-v1
PRH-612898,2026-06,,DATA_VERIFICATION_REQUIRED,,WITHHELD,,['INSUFFICIENT_HISTORY'],Review latest project update and verify missing or inconsistent reporting evidence,2026-06,NOT_ELIGIBLE,,officer-decision-v1,alert-policy-v1
PRH-612916,2026-06,,DATA_VERIFICATION_REQUIRED,,WITHHELD,,['INSUFFICIENT_HISTORY'],Review latest project update and verify missing or inconsistent reporting evidence,2026-06,NOT_ELIGIBLE,,officer-decision-v1,alert-policy-v1
PRH-612998,2026-06,,DATA_VERIFICATION_REQUIRED,,WITHHELD,,"['STALE_UPDATE', 'SOURCE_GAP', 'INSUFFICIENT_HISTORY', 'FEATURES_INSUFFICIENT', 'SCHEMA_VERIFICATION', 'SOURCE_PROVENANCE_VERIFICATION']",Review latest project update and verify missing or inconsistent reporting evidence,2025-09,NOT_ELIGIBLE,,officer-decision-v1,alert-policy-v1
PRH-613002,2026-06,,DATA_VERIFICATION_REQUIRED,,WITHHELD,,['INSUFFICIENT_HISTORY'],Review latest project update and verify missing or inconsistent reporting evidence,2026-06,NOT_ELIGIBLE,,officer-decision-v1,alert-policy-v1
PRH-613003,2026-06,,DATA_VERIFICATION_REQUIRED,,WITHHELD,,"['STALE_UPDATE', 'SOURCE_GAP', 'INSUFFICIENT_HISTORY', 'FEATURES_INSUFFICIENT', 'SCHEMA_VERIFICATION', 'SOURCE_PROVENANCE_VERIFICATION']",Review latest project update and verify missing or inconsistent reporting evidence,2025-12,NOT_ELIGIBLE,,officer-decision-v1,alert-policy-v1
PRH-613008,2026-06,,DATA_VERIFICATION_REQUIRED,,WITHHELD,,['INSUFFICIENT_HISTORY'],Review latest project update and verify missing or inconsistent reporting evidence,2026-06,NOT_ELIGIBLE,,officer-decision-v1,alert-policy-v1
PRH-613013,2026-06,,DATA_VERIFICATION_REQUIRED,,WITHHELD,,['INSUFFICIENT_HISTORY'],Review latest project update and verify missing or inconsistent reporting evidence,2026-06,NOT_ELIGIBLE,,officer-decision-v1,alert-policy-v1
PRH-613015,2026-06,,DATA_VERIFICATION_REQUIRED,,WITHHELD,,['INSUFFICIENT_HISTORY'],Review latest project update and verify missing or inconsistent reporting evidence,2026-06,NOT_ELIGIBLE,,officer-decision-v1,alert-policy-v1
PRH-613785,2026-06,,DATA_VERIFICATION_REQUIRED,,WITHHELD,,['INSUFFICIENT_HISTORY'],Review latest project update and verify missing or inconsistent reporting evidence,2026-06,NOT_ELIGIBLE,,officer-decision-v1,alert-policy-v1
PRH-613786,2026-06,,DATA_VERIFICATION_REQUIRED,,WITHHELD,,['INSUFFICIENT_HISTORY'],Review latest project update and verify missing or inconsistent reporting evidence,2026-06,NOT_ELIGIBLE,,officer-decision-v1,alert-policy-v1
PRH-613787,2026-06,,DATA_VERIFICATION_REQUIRED,,WITHHELD,,['INSUFFICIENT_HISTORY'],Review latest project update and verify missing or inconsistent reporting evidence,2026-06,NOT_ELIGIBLE,,officer-decision-v1,alert-policy-v1
PRH-613788,2026-06,,DATA_VERIFICATION_REQUIRED,,WITHHELD,,"['STALE_UPDATE', 'SOURCE_GAP', 'INSUFFICIENT_HISTORY', 'FEATURES_INSUFFICIENT', 'SCHEMA_VERIFICATION', 'SOURCE_PROVENANCE_VERIFICATION']",Review latest project update and verify missing or inconsistent reporting evidence,2025-07,NOT_ELIGIBLE,,officer-decision-v1,alert-policy-v1
PRH-613793,2026-06,,PREDICTION_WITHHELD,,WITHHELD,,['MODEL_RELEASE_PENDING'],Monitor until the governed prediction release requirements are satisfied,2026-06,NOT_ELIGIBLE,,officer-decision-v1,alert-policy-v1
PRH-613794,2026-06,,PREDICTION_WITHHELD,,WITHHELD,,['MODEL_RELEASE_PENDING'],Monitor until the governed prediction release requirements are satisfied,2026-06,NOT_ELIGIBLE,,officer-decision-v1,alert-policy-v1
PRH-613795,2026-06,,DATA_VERIFICATION_REQUIRED,,WITHHELD,,"['STALE_UPDATE', 'SOURCE_GAP', 'INSUFFICIENT_HISTORY', 'FEATURES_INSUFFICIENT', 'SCHEMA_VERIFICATION', 'SOURCE_PROVENANCE_VERIFICATION']",Review latest project update and verify missing or inconsistent reporting evidence,2025-10,NOT_ELIGIBLE,,officer-decision-v1,alert-policy-v1
PRH-613798,2026-06,,PREDICTION_WITHHELD,,WITHHELD,,['MODEL_RELEASE_PENDING'],Monitor until the governed prediction release requirements are satisfied,2026-06,NOT_ELIGIBLE,,officer-decision-v1,alert-policy-v1
PRH-613799,2026-06,,PREDICTION_WITHHELD,,WITHHELD,,['MODEL_RELEASE_PENDING'],Monitor until the governed prediction release requirements are satisfied,2026-06,NOT_ELIGIBLE,,officer-decision-v1,alert-policy-v1
PRH-613800,2026-06,,PREDICTION_WITHHELD,,WITHHELD,,['MODEL_RELEASE_PENDING'],Monitor until the governed prediction release requirements are satisfied,2026-06,NOT_ELIGIBLE,,officer-decision-v1,alert-policy-v1
PRH-613801,2026-06,,PREDICTION_WITHHELD,,WITHHELD,,['MODEL_RELEASE_PENDING'],Monitor until the governed prediction release requirements are satisfied,2026-06,NOT_ELIGIBLE,,officer-decision-v1,alert-policy-v1
PRH-613802,2026-06,,PREDICTION_WITHHELD,,WITHHELD,,['MODEL_RELEASE_PENDING'],Monitor until the governed prediction release requirements are satisfied,2026-06,NOT_ELIGIBLE,,officer-decision-v1,alert-policy-v1
PRH-613803,2026-06,,PREDICTION_WITHHELD,,WITHHELD,,['MODEL_RELEASE_PENDING'],Monitor until the governed prediction release requirements are satisfied,2026-06,NOT_ELIGIBLE,,officer-decision-v1,alert-policy-v1
PRH-613804,2026-06,,PREDICTION_WITHHELD,,WITHHELD,,['MODEL_RELEASE_PENDING'],Monitor until the governed prediction release requirements are satisfied,2026-06,NOT_ELIGIBLE,,officer-decision-v1,alert-policy-v1
PRH-613808,2026-06,,PREDICTION_WITHHELD,,WITHHELD,,['MODEL_RELEASE_PENDING'],Monitor until the governed prediction release requirements are satisfied,2026-06,NOT_ELIGIBLE,,officer-decision-v1,alert-policy-v1
PRH-615183,2026-06,,PREDICTION_WITHHELD,,WITHHELD,,['MODEL_RELEASE_PENDING'],Monitor until the governed prediction release requirements are satisfied,2026-06,NOT_ELIGIBLE,,officer-decision-v1,alert-policy-v1
PRH-615184,2026-06,,PREDICTION_WITHHELD,,WITHHELD,,['MODEL_RELEASE_PENDING'],Monitor until the governed prediction release requirements are satisfied,2026-06,NOT_ELIGIBLE,,officer-decision-v1,alert-policy-v1
PRH-615185,2026-06,,PREDICTION_WITHHELD,,WITHHELD,,['MODEL_RELEASE_PENDING'],Monitor until the governed prediction release requirements are satisfied,2026-06,NOT_ELIGIBLE,,officer-decision-v1,alert-policy-v1
PRH-615186,2026-06,,PREDICTION_WITHHELD,,WITHHELD,,['MODEL_RELEASE_PENDING'],Monitor until the governed prediction release requirements are satisfied,2026-06,NOT_ELIGIBLE,,officer-decision-v1,alert-policy-v1
PRH-615187,2026-06,,PREDICTION_WITHHELD,,WITHHELD,,['MODEL_RELEASE_PENDING'],Monitor until the governed prediction release requirements are satisfied,2026-06,NOT_ELIGIBLE,,officer-decision-v1,alert-policy-v1
PRH-615188,2026-06,,PREDICTION_WITHHELD,,WITHHELD,,['MODEL_RELEASE_PENDING'],Monitor until the governed prediction release requirements are satisfied,2026-06,NOT_ELIGIBLE,,officer-decision-v1,alert-policy-v1
PRH-615189,2026-06,,PREDICTION_WITHHELD,,WITHHELD,,['MODEL_RELEASE_PENDING'],Monitor until the governed prediction release requirements are satisfied,2026-06,NOT_ELIGIBLE,,officer-decision-v1,alert-policy-v1
PRH-615190,2026-06,,PREDICTION_WITHHELD,,WITHHELD,,['MODEL_RELEASE_PENDING'],Monitor until the governed prediction release requirements are satisfied,2026-06,NOT_ELIGIBLE,,officer-decision-v1,alert-policy-v1
PRH-615191,2026-06,,PREDICTION_WITHHELD,,WITHHELD,,['MODEL_RELEASE_PENDING'],Monitor until the governed prediction release requirements are satisfied,2026-06,NOT_ELIGIBLE,,officer-decision-v1,alert-policy-v1
PRH-615192,2026-06,,PREDICTION_WITHHELD,,WITHHELD,,['MODEL_RELEASE_PENDING'],Monitor until the governed prediction release requirements are satisfied,2026-06,NOT_ELIGIBLE,,officer-decision-v1,alert-policy-v1
PRH-615193,2026-06,,DATA_VERIFICATION_REQUIRED,,WITHHELD,,"['STALE_UPDATE', 'SOURCE_GAP', 'INSUFFICIENT_HISTORY', 'FEATURES_INSUFFICIENT', 'SCHEMA_VERIFICATION', 'SOURCE_PROVENANCE_VERIFICATION']",Review latest project update and verify missing or inconsistent reporting evidence,2026-04,NOT_ELIGIBLE,,officer-decision-v1,alert-policy-v1
PRH-615194,2026-06,,PREDICTION_WITHHELD,,WITHHELD,,['MODEL_RELEASE_PENDING'],Monitor until the governed prediction release requirements are satisfied,2026-06,NOT_ELIGIBLE,,officer-decision-v1,alert-policy-v1
PRH-615195,2026-06,,PREDICTION_WITHHELD,,WITHHELD,,['MODEL_RELEASE_PENDING'],Monitor until the governed prediction release requirements are satisfied,2026-06,NOT_ELIGIBLE,,officer-decision-v1,alert-policy-v1
PRH-615199,2026-06,,PREDICTION_WITHHELD,,WITHHELD,,['MODEL_RELEASE_PENDING'],Monitor until the governed prediction release requirements are satisfied,2026-06,NOT_ELIGIBLE,,officer-decision-v1,alert-policy-v1
PRH-615202,2026-06,,DATA_VERIFICATION_REQUIRED,,WITHHELD,,['INSUFFICIENT_HISTORY'],Review latest project update and verify missing or inconsistent reporting evidence,2026-06,NOT_ELIGIBLE,,officer-decision-v1,alert-policy-v1
PRH-615206,2026-06,,PREDICTION_WITHHELD,,WITHHELD,,['MODEL_RELEASE_PENDING'],Monitor until the governed prediction release requirements are satisfied,2026-06,NOT_ELIGIBLE,,officer-decision-v1,alert-policy-v1
PRH-615327,2026-06,,NO_REVIEW_SIGNAL,,WITHHELD,,['COMPLETED_PROJECT'],,2026-04,NOT_ELIGIBLE,,officer-decision-v1,alert-policy-v1
PRH-615330,2026-06,,PREDICTION_WITHHELD,,WITHHELD,,['MODEL_RELEASE_PENDING'],Monitor until the governed prediction release requirements are satisfied,2026-06,NOT_ELIGIBLE,,officer-decision-v1,alert-policy-v1
PRH-615331,2026-06,,DATA_VERIFICATION_REQUIRED,,WITHHELD,,['INSUFFICIENT_HISTORY'],Review latest project update and verify missing or inconsistent reporting evidence,2026-06,NOT_ELIGIBLE,,officer-decision-v1,alert-policy-v1
PRH-615332,2026-06,,PREDICTION_WITHHELD,,WITHHELD,,['MODEL_RELEASE_PENDING'],Monitor until the governed prediction release requirements are satisfied,2026-06,NOT_ELIGIBLE,,officer-decision-v1,alert-policy-v1
PRH-615333,2026-06,,PREDICTION_WITHHELD,,WITHHELD,,['MODEL_RELEASE_PENDING'],Monitor until the governed prediction release requirements are satisfied,2026-06,NOT_ELIGIBLE,,officer-decision-v1,alert-policy-v1
PRH-615334,2026-06,,PREDICTION_WITHHELD,,WITHHELD,,['MODEL_RELEASE_PENDING'],Monitor until the governed prediction release requirements are satisfied,2026-06,NOT_ELIGIBLE,,officer-decision-v1,alert-policy-v1
PRH-615335,2026-06,,PREDICTION_WITHHELD,,WITHHELD,,['MODEL_RELEASE_PENDING'],Monitor until the governed prediction release requirements are satisfied,2026-06,NOT_ELIGIBLE,,officer-decision-v1,alert-policy-v1
PRH-615336,2026-06,,DATA_VERIFICATION_REQUIRED,,WITHHELD,,['INSUFFICIENT_HISTORY'],Review latest project update and verify missing or inconsistent reporting evidence,2026-06,NOT_ELIGIBLE,,officer-decision-v1,alert-policy-v1
PRH-615337,2026-06,,PREDICTION_WITHHELD,,WITHHELD,,['MODEL_RELEASE_PENDING'],Monitor until the governed prediction release requirements are satisfied,2026-06,NOT_ELIGIBLE,,officer-decision-v1,alert-policy-v1
PRH-615338,2026-06,,PREDICTION_WITHHELD,,WITHHELD,,['MODEL_RELEASE_PENDING'],Monitor until the governed prediction release requirements are satisfied,2026-06,NOT_ELIGIBLE,,officer-decision-v1,alert-policy-v1
PRH-615339,2026-06,,PREDICTION_WITHHELD,,WITHHELD,,['MODEL_RELEASE_PENDING'],Monitor until the governed prediction release requirements are satisfied,2026-06,NOT_ELIGIBLE,,officer-decision-v1,alert-policy-v1
PRH-615340,2026-06,,PREDICTION_WITHHELD,,WITHHELD,,['MODEL_RELEASE_PENDING'],Monitor until the governed prediction release requirements are satisfied,2026-06,NOT_ELIGIBLE,,officer-decision-v1,alert-policy-v1
PRH-615342,2026-06,,PREDICTION_WITHHELD,,WITHHELD,,['MODEL_RELEASE_PENDING'],Monitor until the governed prediction release requirements are satisfied,2026-06,NOT_ELIGIBLE,,officer-decision-v1,alert-policy-v1
PRH-615343,2026-06,,PREDICTION_WITHHELD,,WITHHELD,,['MODEL_RELEASE_PENDING'],Monitor until the governed prediction release requirements are satisfied,2026-06,NOT_ELIGIBLE,,officer-decision-v1,alert-policy-v1
PRH-615344,2026-06,,PREDICTION_WITHHELD,,WITHHELD,,['MODEL_RELEASE_PENDING'],Monitor until the governed prediction release requirements are satisfied,2026-06,NOT_ELIGIBLE,,officer-decision-v1,alert-policy-v1
PRH-615345,2026-06,,PREDICTION_WITHHELD,,WITHHELD,,['MODEL_RELEASE_PENDING'],Monitor until the governed prediction release requirements are satisfied,2026-06,NOT_ELIGIBLE,,officer-decision-v1,alert-policy-v1
PRH-615346,2026-06,,PREDICTION_WITHHELD,,WITHHELD,,['MODEL_RELEASE_PENDING'],Monitor until the governed prediction release requirements are satisfied,2026-06,NOT_ELIGIBLE,,officer-decision-v1,alert-policy-v1
PRH-615347,2026-06,,PREDICTION_WITHHELD,,WITHHELD,,['MODEL_RELEASE_PENDING'],Monitor until the governed prediction release requirements are satisfied,2026-06,NOT_ELIGIBLE,,officer-decision-v1,alert-policy-v1
PRH-615349,2026-06,,PREDICTION_WITHHELD,,WITHHELD,,['MODEL_RELEASE_PENDING'],Monitor until the governed prediction release requirements are satisfied,2026-06,NOT_ELIGIBLE,,officer-decision-v1,alert-policy-v1
PRH-615818,2026-06,,PREDICTION_WITHHELD,,WITHHELD,,['MODEL_RELEASE_PENDING'],Monitor until the governed prediction release requirements are satisfied,2026-06,NOT_ELIGIBLE,,officer-decision-v1,alert-policy-v1
PRH-615820,2026-06,,PREDICTION_WITHHELD,,WITHHELD,,['MODEL_RELEASE_PENDING'],Monitor until the governed prediction release requirements are satisfied,2026-06,NOT_ELIGIBLE,,officer-decision-v1,alert-policy-v1
PRH-615821,2026-06,,PREDICTION_WITHHELD,,WITHHELD,,['MODEL_RELEASE_PENDING'],Monitor until the governed prediction release requirements are satisfied,2026-06,NOT_ELIGIBLE,,officer-decision-v1,alert-policy-v1
PRH-615822,2026-06,,PREDICTION_WITHHELD,,WITHHELD,,['MODEL_RELEASE_PENDING'],Monitor until the governed prediction release requirements are satisfied,2026-06,NOT_ELIGIBLE,,officer-decision-v1,alert-policy-v1
PRH-615843,2026-06,,PREDICTION_WITHHELD,,WITHHELD,,['MODEL_RELEASE_PENDING'],Monitor until the governed prediction release requirements are satisfied,2026-06,NOT_ELIGIBLE,,officer-decision-v1,alert-policy-v1
PRH-615857,2026-06,,PREDICTION_WITHHELD,,WITHHELD,,['MODEL_RELEASE_PENDING'],Monitor until the governed prediction release requirements are satisfied,2026-06,NOT_ELIGIBLE,,officer-decision-v1,alert-policy-v1
PRH-615858,2026-06,,PREDICTION_WITHHELD,,WITHHELD,,['MODEL_RELEASE_PENDING'],Monitor until the governed prediction release requirements are satisfied,2026-06,NOT_ELIGIBLE,,officer-decision-v1,alert-policy-v1
PRH-615859,2026-06,,DATA_VERIFICATION_REQUIRED,,WITHHELD,,"['STALE_UPDATE', 'SOURCE_GAP', 'INSUFFICIENT_HISTORY', 'FEATURES_INSUFFICIENT', 'SCHEMA_VERIFICATION', 'SOURCE_PROVENANCE_VERIFICATION']",Review latest project update and verify missing or inconsistent reporting evidence,2025-11,NOT_ELIGIBLE,,officer-decision-v1,alert-policy-v1
PRH-615860,2026-06,,PREDICTION_WITHHELD,,WITHHELD,,['MODEL_RELEASE_PENDING'],Monitor until the governed prediction release requirements are satisfied,2026-06,NOT_ELIGIBLE,,officer-decision-v1,alert-policy-v1
PRH-615861,2026-06,,PREDICTION_WITHHELD,,WITHHELD,,['MODEL_RELEASE_PENDING'],Monitor until the governed prediction release requirements are satisfied,2026-06,NOT_ELIGIBLE,,officer-decision-v1,alert-policy-v1
PRH-615862,2026-06,,PREDICTION_WITHHELD,,WITHHELD,,['MODEL_RELEASE_PENDING'],Monitor until the governed prediction release requirements are satisfied,2026-06,NOT_ELIGIBLE,,officer-decision-v1,alert-policy-v1
PRH-615863,2026-06,,PREDICTION_WITHHELD,,WITHHELD,,['MODEL_RELEASE_PENDING'],Monitor until the governed prediction release requirements are satisfied,2026-06,NOT_ELIGIBLE,,officer-decision-v1,alert-policy-v1
PRH-615864,2026-06,,DATA_VERIFICATION_REQUIRED,,WITHHELD,,"['STALE_UPDATE', 'SOURCE_GAP', 'INSUFFICIENT_HISTORY', 'FEATURES_INSUFFICIENT', 'SCHEMA_VERIFICATION', 'SOURCE_PROVENANCE_VERIFICATION']",Review latest project update and verify missing or inconsistent reporting evidence,2025-11,NOT_ELIGIBLE,,officer-decision-v1,alert-policy-v1
PRH-615865,2026-06,,PREDICTION_WITHHELD,,WITHHELD,,['MODEL_RELEASE_PENDING'],Monitor until the governed prediction release requirements are satisfied,2026-06,NOT_ELIGIBLE,,officer-decision-v1,alert-policy-v1
PRH-615914,2026-06,,PREDICTION_WITHHELD,,WITHHELD,,['MODEL_RELEASE_PENDING'],Monitor until the governed prediction release requirements are satisfied,2026-06,NOT_ELIGIBLE,,officer-decision-v1,alert-policy-v1
PRH-615915,2026-06,,DATA_VERIFICATION_REQUIRED,,WITHHELD,,['INSUFFICIENT_HISTORY'],Review latest project update and verify missing or inconsistent reporting evidence,2026-06,NOT_ELIGIBLE,,officer-decision-v1,alert-policy-v1
PRH-615916,2026-06,,PREDICTION_WITHHELD,,WITHHELD,,['MODEL_RELEASE_PENDING'],Monitor until the governed prediction release requirements are satisfied,2026-06,NOT_ELIGIBLE,,officer-decision-v1,alert-policy-v1
PRH-615917,2026-06,,PREDICTION_WITHHELD,,WITHHELD,,['MODEL_RELEASE_PENDING'],Monitor until the governed prediction release requirements are satisfied,2026-06,NOT_ELIGIBLE,,officer-decision-v1,alert-policy-v1
PRH-615918,2026-06,,PREDICTION_WITHHELD,,WITHHELD,,['MODEL_RELEASE_PENDING'],Monitor until the governed prediction release requirements are satisfied,2026-06,NOT_ELIGIBLE,,officer-decision-v1,alert-policy-v1
PRH-615919,2026-06,,PREDICTION_WITHHELD,,WITHHELD,,['MODEL_RELEASE_PENDING'],Monitor until the governed prediction release requirements are satisfied,2026-06,NOT_ELIGIBLE,,officer-decision-v1,alert-policy-v1
PRH-615982,2026-06,,PREDICTION_WITHHELD,,WITHHELD,,['MODEL_RELEASE_PENDING'],Monitor until the governed prediction release requirements are satisfied,2026-06,NOT_ELIGIBLE,,officer-decision-v1,alert-policy-v1
PRH-616044,2026-06,,PREDICTION_WITHHELD,,WITHHELD,,['MODEL_RELEASE_PENDING'],Monitor until the governed prediction release requirements are satisfied,2026-06,NOT_ELIGIBLE,,officer-decision-v1,alert-policy-v1
PRH-616050,2026-06,,PREDICTION_WITHHELD,,WITHHELD,,['MODEL_RELEASE_PENDING'],Monitor until the governed prediction release requirements are satisfied,2026-06,NOT_ELIGIBLE,,officer-decision-v1,alert-policy-v1
PRH-616221,2026-06,,DATA_VERIFICATION_REQUIRED,,WITHHELD,,['INSUFFICIENT_HISTORY'],Review latest project update and verify missing or inconsistent reporting evidence,2026-06,NOT_ELIGIBLE,,officer-decision-v1,alert-policy-v1
PRH-616223,2026-06,,PREDICTION_WITHHELD,,WITHHELD,,['MODEL_RELEASE_PENDING'],Monitor until the governed prediction release requirements are satisfied,2026-06,NOT_ELIGIBLE,,officer-decision-v1,alert-policy-v1
PRH-616225,2026-06,,PREDICTION_WITHHELD,,WITHHELD,,['MODEL_RELEASE_PENDING'],Monitor until the governed prediction release requirements are satisfied,2026-06,NOT_ELIGIBLE,,officer-decision-v1,alert-policy-v1
PRH-616226,2026-06,,PREDICTION_WITHHELD,,WITHHELD,,['MODEL_RELEASE_PENDING'],Monitor until the governed prediction release requirements are satisfied,2026-06,NOT_ELIGIBLE,,officer-decision-v1,alert-policy-v1
PRH-616227,2026-06,,DATA_VERIFICATION_REQUIRED,,WITHHELD,,"['SOURCE_GAP', 'INSUFFICIENT_HISTORY']",Review latest project update and verify missing or inconsistent reporting evidence,2026-06,NOT_ELIGIBLE,,officer-decision-v1,alert-policy-v1
PRH-616229,2026-06,,PREDICTION_WITHHELD,,WITHHELD,,['MODEL_RELEASE_PENDING'],Monitor until the governed prediction release requirements are satisfied,2026-06,NOT_ELIGIBLE,,officer-decision-v1,alert-policy-v1
PRH-616230,2026-06,,PREDICTION_WITHHELD,,WITHHELD,,['MODEL_RELEASE_PENDING'],Monitor until the governed prediction release requirements are satisfied,2026-06,NOT_ELIGIBLE,,officer-decision-v1,alert-policy-v1
PRH-616231,2026-06,,PREDICTION_WITHHELD,,WITHHELD,,['MODEL_RELEASE_PENDING'],Monitor until the governed prediction release requirements are satisfied,2026-06,NOT_ELIGIBLE,,officer-decision-v1,alert-policy-v1
PRH-616232,2026-06,,PREDICTION_WITHHELD,,WITHHELD,,['MODEL_RELEASE_PENDING'],Monitor until the governed prediction release requirements are satisfied,2026-06,NOT_ELIGIBLE,,officer-decision-v1,alert-policy-v1
PRH-616233,2026-06,,PREDICTION_WITHHELD,,WITHHELD,,['MODEL_RELEASE_PENDING'],Monitor until the governed prediction release requirements are satisfied,2026-06,NOT_ELIGIBLE,,officer-decision-v1,alert-policy-v1
PRH-616234,2026-06,,PREDICTION_WITHHELD,,WITHHELD,,['MODEL_RELEASE_PENDING'],Monitor until the governed prediction release requirements are satisfied,2026-06,NOT_ELIGIBLE,,officer-decision-v1,alert-policy-v1
PRH-616235,2026-06,,DATA_VERIFICATION_REQUIRED,,WITHHELD,,"['STALE_UPDATE', 'SOURCE_GAP', 'INSUFFICIENT_HISTORY', 'FEATURES_INSUFFICIENT', 'SCHEMA_VERIFICATION', 'SOURCE_PROVENANCE_VERIFICATION']",Review latest project update and verify missing or inconsistent reporting evidence,2026-02,NOT_ELIGIBLE,,officer-decision-v1,alert-policy-v1
PRH-616236,2026-06,,PREDICTION_WITHHELD,,WITHHELD,,['MODEL_RELEASE_PENDING'],Monitor until the governed prediction release requirements are satisfied,2026-06,NOT_ELIGIBLE,,officer-decision-v1,alert-policy-v1
PRH-616253,2026-06,,PREDICTION_WITHHELD,,WITHHELD,,['MODEL_RELEASE_PENDING'],Monitor until the governed prediction release requirements are satisfied,2026-06,NOT_ELIGIBLE,,officer-decision-v1,alert-policy-v1
PRH-616254,2026-06,,PREDICTION_WITHHELD,,WITHHELD,,['MODEL_RELEASE_PENDING'],Monitor until the governed prediction release requirements are satisfied,2026-06,NOT_ELIGIBLE,,officer-decision-v1,alert-policy-v1
PRH-616586,2026-06,,DATA_VERIFICATION_REQUIRED,,WITHHELD,,"['SOURCE_GAP', 'INSUFFICIENT_HISTORY']",Review latest project update and verify missing or inconsistent reporting evidence,2026-06,NOT_ELIGIBLE,,officer-decision-v1,alert-policy-v1
PRH-616587,2026-06,,DATA_VERIFICATION_REQUIRED,,WITHHELD,,"['SOURCE_GAP', 'INSUFFICIENT_HISTORY']",Review latest project update and verify missing or inconsistent reporting evidence,2026-06,NOT_ELIGIBLE,,officer-decision-v1,alert-policy-v1
PRH-616588,2026-06,,DATA_VERIFICATION_REQUIRED,,WITHHELD,,"['SOURCE_GAP', 'INSUFFICIENT_HISTORY']",Review latest project update and verify missing or inconsistent reporting evidence,2026-06,NOT_ELIGIBLE,,officer-decision-v1,alert-policy-v1
PRH-616594,2026-06,,DATA_VERIFICATION_REQUIRED,,WITHHELD,,['INSUFFICIENT_HISTORY'],Review latest project update and verify missing or inconsistent reporting evidence,2026-06,NOT_ELIGIBLE,,officer-decision-v1,alert-policy-v1
PRH-616600,2026-06,,PREDICTION_WITHHELD,,WITHHELD,,['MODEL_RELEASE_PENDING'],Monitor until the governed prediction release requirements are satisfied,2026-06,NOT_ELIGIBLE,,officer-decision-v1,alert-policy-v1
PRH-616604,2026-06,,PREDICTION_WITHHELD,,WITHHELD,,['MODEL_RELEASE_PENDING'],Monitor until the governed prediction release requirements are satisfied,2026-06,NOT_ELIGIBLE,,officer-decision-v1,alert-policy-v1
PRH-616605,2026-06,,DATA_VERIFICATION_REQUIRED,,WITHHELD,,['INSUFFICIENT_HISTORY'],Review latest project update and verify missing or inconsistent reporting evidence,2026-06,NOT_ELIGIBLE,,officer-decision-v1,alert-policy-v1
PRH-616611,2026-06,,PREDICTION_WITHHELD,,WITHHELD,,['MODEL_RELEASE_PENDING'],Monitor until the governed prediction release requirements are satisfied,2026-06,NOT_ELIGIBLE,,officer-decision-v1,alert-policy-v1
PRH-616612,2026-06,,PREDICTION_WITHHELD,,WITHHELD,,['MODEL_RELEASE_PENDING'],Monitor until the governed prediction release requirements are satisfied,2026-06,NOT_ELIGIBLE,,officer-decision-v1,alert-policy-v1
PRH-616615,2026-06,,PREDICTION_WITHHELD,,WITHHELD,,['MODEL_RELEASE_PENDING'],Monitor until the governed prediction release requirements are satisfied,2026-06,NOT_ELIGIBLE,,officer-decision-v1,alert-policy-v1
PRH-616616,2026-06,,PREDICTION_WITHHELD,,WITHHELD,,['MODEL_RELEASE_PENDING'],Monitor until the governed prediction release requirements are satisfied,2026-06,NOT_ELIGIBLE,,officer-decision-v1,alert-policy-v1
PRH-616670,2026-06,,PREDICTION_WITHHELD,,WITHHELD,,['MODEL_RELEASE_PENDING'],Monitor until the governed prediction release requirements are satisfied,2026-06,NOT_ELIGIBLE,,officer-decision-v1,alert-policy-v1
PRH-616671,2026-06,,PREDICTION_WITHHELD,,WITHHELD,,['MODEL_RELEASE_PENDING'],Monitor until the governed prediction release requirements are satisfied,2026-06,NOT_ELIGIBLE,,officer-decision-v1,alert-policy-v1
PRH-616672,2026-06,,PREDICTION_WITHHELD,,WITHHELD,,['MODEL_RELEASE_PENDING'],Monitor until the governed prediction release requirements are satisfied,2026-06,NOT_ELIGIBLE,,officer-decision-v1,alert-policy-v1
PRH-616691,2026-06,,DATA_VERIFICATION_REQUIRED,,WITHHELD,,['INSUFFICIENT_HISTORY'],Review latest project update and verify missing or inconsistent reporting evidence,2026-06,NOT_ELIGIBLE,,officer-decision-v1,alert-policy-v1
PRH-616694,2026-06,,DATA_VERIFICATION_REQUIRED,,WITHHELD,,"['SOURCE_GAP', 'INSUFFICIENT_HISTORY']",Review latest project update and verify missing or inconsistent reporting evidence,2026-06,NOT_ELIGIBLE,,officer-decision-v1,alert-policy-v1
PRH-616695,2026-06,,DATA_VERIFICATION_REQUIRED,,WITHHELD,,['INSUFFICIENT_HISTORY'],Review latest project update and verify missing or inconsistent reporting evidence,2026-06,NOT_ELIGIBLE,,officer-decision-v1,alert-policy-v1
PRH-616696,2026-06,,DATA_VERIFICATION_REQUIRED,,WITHHELD,,"['STALE_UPDATE', 'SOURCE_GAP', 'INSUFFICIENT_HISTORY', 'FEATURES_INSUFFICIENT', 'SCHEMA_VERIFICATION', 'SOURCE_PROVENANCE_VERIFICATION']",Review latest project update and verify missing or inconsistent reporting evidence,2025-08,NOT_ELIGIBLE,,officer-decision-v1,alert-policy-v1
PRH-616697,2026-06,,DATA_VERIFICATION_REQUIRED,,WITHHELD,,['INSUFFICIENT_HISTORY'],Review latest project update and verify missing or inconsistent reporting evidence,2026-06,NOT_ELIGIBLE,,officer-decision-v1,alert-policy-v1
PRH-616699,2026-06,,DATA_VERIFICATION_REQUIRED,,WITHHELD,,['INSUFFICIENT_HISTORY'],Review latest project update and verify missing or inconsistent reporting evidence,2026-06,NOT_ELIGIBLE,,officer-decision-v1,alert-policy-v1
PRH-616701,2026-06,,DATA_VERIFICATION_REQUIRED,,WITHHELD,,['INSUFFICIENT_HISTORY'],Review latest project update and verify missing or inconsistent reporting evidence,2026-06,NOT_ELIGIBLE,,officer-decision-v1,alert-policy-v1
PRH-616702,2026-06,,DATA_VERIFICATION_REQUIRED,,WITHHELD,,"['STALE_UPDATE', 'SOURCE_GAP', 'INSUFFICIENT_HISTORY', 'FEATURES_INSUFFICIENT', 'SCHEMA_VERIFICATION', 'SOURCE_PROVENANCE_VERIFICATION']",Review latest project update and verify missing or inconsistent reporting evidence,2025-08,NOT_ELIGIBLE,,officer-decision-v1,alert-policy-v1
PRH-616839,2026-06,,DATA_VERIFICATION_REQUIRED,,WITHHELD,,['INSUFFICIENT_HISTORY'],Review latest project update and verify missing or inconsistent reporting evidence,2026-06,NOT_ELIGIBLE,,officer-decision-v1,alert-policy-v1
PRH-616840,2026-06,,DATA_VERIFICATION_REQUIRED,,WITHHELD,,"['STALE_UPDATE', 'SOURCE_GAP', 'INSUFFICIENT_HISTORY', 'FEATURES_INSUFFICIENT', 'SCHEMA_VERIFICATION', 'SOURCE_PROVENANCE_VERIFICATION']",Review latest project update and verify missing or inconsistent reporting evidence,2025-08,NOT_ELIGIBLE,,officer-decision-v1,alert-policy-v1
PRH-616841,2026-06,,DATA_VERIFICATION_REQUIRED,,WITHHELD,,['INSUFFICIENT_HISTORY'],Review latest project update and verify missing or inconsistent reporting evidence,2026-06,NOT_ELIGIBLE,,officer-decision-v1,alert-policy-v1
PRH-616842,2026-06,,DATA_VERIFICATION_REQUIRED,,WITHHELD,,['INSUFFICIENT_HISTORY'],Review latest project update and verify missing or inconsistent reporting evidence,2026-06,NOT_ELIGIBLE,,officer-decision-v1,alert-policy-v1
PRH-616843,2026-06,,DATA_VERIFICATION_REQUIRED,,WITHHELD,,['INSUFFICIENT_HISTORY'],Review latest project update and verify missing or inconsistent reporting evidence,2026-06,NOT_ELIGIBLE,,officer-decision-v1,alert-policy-v1
PRH-616856,2026-06,,DATA_VERIFICATION_REQUIRED,,WITHHELD,,"['SOURCE_GAP', 'INSUFFICIENT_HISTORY']",Review latest project update and verify missing or inconsistent reporting evidence,2026-06,NOT_ELIGIBLE,,officer-decision-v1,alert-policy-v1
PRH-616857,2026-06,,DATA_VERIFICATION_REQUIRED,,WITHHELD,,['INSUFFICIENT_HISTORY'],Review latest project update and verify missing or inconsistent reporting evidence,2026-06,NOT_ELIGIBLE,,officer-decision-v1,alert-policy-v1
PRH-616858,2026-06,,PREDICTION_WITHHELD,,WITHHELD,,['MODEL_RELEASE_PENDING'],Monitor until the governed prediction release requirements are satisfied,2026-06,NOT_ELIGIBLE,,officer-decision-v1,alert-policy-v1
PRH-616879,2026-06,,PREDICTION_WITHHELD,,WITHHELD,,['MODEL_RELEASE_PENDING'],Monitor until the governed prediction release requirements are satisfied,2026-06,NOT_ELIGIBLE,,officer-decision-v1,alert-policy-v1
PRH-616886,2026-06,,DATA_VERIFICATION_REQUIRED,,WITHHELD,,['INSUFFICIENT_HISTORY'],Review latest project update and verify missing or inconsistent reporting evidence,2026-06,NOT_ELIGIBLE,,officer-decision-v1,alert-policy-v1
PRH-616933,2026-06,,PREDICTION_WITHHELD,,WITHHELD,,['MODEL_RELEASE_PENDING'],Monitor until the governed prediction release requirements are satisfied,2026-06,NOT_ELIGIBLE,,officer-decision-v1,alert-policy-v1
PRH-616950,2026-06,,DATA_VERIFICATION_REQUIRED,,WITHHELD,,['INSUFFICIENT_HISTORY'],Review latest project update and verify missing or inconsistent reporting evidence,2026-06,NOT_ELIGIBLE,,officer-decision-v1,alert-policy-v1
PRH-616983,2026-06,,DATA_VERIFICATION_REQUIRED,,WITHHELD,,['INSUFFICIENT_HISTORY'],Review latest project update and verify missing or inconsistent reporting evidence,2026-06,NOT_ELIGIBLE,,officer-decision-v1,alert-policy-v1
PRH-617068,2026-06,,PREDICTION_WITHHELD,,WITHHELD,,['MODEL_RELEASE_PENDING'],Monitor until the governed prediction release requirements are satisfied,2026-06,NOT_ELIGIBLE,,officer-decision-v1,alert-policy-v1
PRH-617069,2026-06,,PREDICTION_WITHHELD,,WITHHELD,,['MODEL_RELEASE_PENDING'],Monitor until the governed prediction release requirements are satisfied,2026-06,NOT_ELIGIBLE,,officer-decision-v1,alert-policy-v1
PRH-617179,2026-06,,PREDICTION_WITHHELD,,WITHHELD,,['MODEL_RELEASE_PENDING'],Monitor until the governed prediction release requirements are satisfied,2026-06,NOT_ELIGIBLE,,officer-decision-v1,alert-policy-v1
PRH-617181,2026-06,,PREDICTION_WITHHELD,,WITHHELD,,['MODEL_RELEASE_PENDING'],Monitor until the governed prediction release requirements are satisfied,2026-06,NOT_ELIGIBLE,,officer-decision-v1,alert-policy-v1
PRH-617182,2026-06,,PREDICTION_WITHHELD,,WITHHELD,,['MODEL_RELEASE_PENDING'],Monitor until the governed prediction release requirements are satisfied,2026-06,NOT_ELIGIBLE,,officer-decision-v1,alert-policy-v1
PRH-617183,2026-06,,PREDICTION_WITHHELD,,WITHHELD,,['MODEL_RELEASE_PENDING'],Monitor until the governed prediction release requirements are satisfied,2026-06,NOT_ELIGIBLE,,officer-decision-v1,alert-policy-v1
PRH-617184,2026-06,,PREDICTION_WITHHELD,,WITHHELD,,['MODEL_RELEASE_PENDING'],Monitor until the governed prediction release requirements are satisfied,2026-06,NOT_ELIGIBLE,,officer-decision-v1,alert-policy-v1
PRH-617185,2026-06,,PREDICTION_WITHHELD,,WITHHELD,,['MODEL_RELEASE_PENDING'],Monitor until the governed prediction release requirements are satisfied,2026-06,NOT_ELIGIBLE,,officer-decision-v1,alert-policy-v1
PRH-617186,2026-06,,PREDICTION_WITHHELD,,WITHHELD,,['MODEL_RELEASE_PENDING'],Monitor until the governed prediction release requirements are satisfied,2026-06,NOT_ELIGIBLE,,officer-decision-v1,alert-policy-v1
PRH-617188,2026-06,,DATA_VERIFICATION_REQUIRED,,WITHHELD,,['INSUFFICIENT_HISTORY'],Review latest project update and verify missing or inconsistent reporting evidence,2026-06,NOT_ELIGIBLE,,officer-decision-v1,alert-policy-v1
PRH-617200,2026-06,,DATA_VERIFICATION_REQUIRED,,WITHHELD,,"['SOURCE_GAP', 'INSUFFICIENT_HISTORY']",Review latest project update and verify missing or inconsistent reporting evidence,2026-06,NOT_ELIGIBLE,,officer-decision-v1,alert-policy-v1
PRH-617201,2026-06,,DATA_VERIFICATION_REQUIRED,,WITHHELD,,"['SOURCE_GAP', 'INSUFFICIENT_HISTORY']",Review latest project update and verify missing or inconsistent reporting evidence,2026-06,NOT_ELIGIBLE,,officer-decision-v1,alert-policy-v1
PRH-617206,2026-06,,DATA_VERIFICATION_REQUIRED,,WITHHELD,,['INSUFFICIENT_HISTORY'],Review latest project update and verify missing or inconsistent reporting evidence,2026-06,NOT_ELIGIBLE,,officer-decision-v1,alert-policy-v1
PRH-617207,2026-06,,DATA_VERIFICATION_REQUIRED,,WITHHELD,,['INSUFFICIENT_HISTORY'],Review latest project update and verify missing or inconsistent reporting evidence,2026-06,NOT_ELIGIBLE,,officer-decision-v1,alert-policy-v1
PRH-617210,2026-06,,DATA_VERIFICATION_REQUIRED,,WITHHELD,,"['SOURCE_GAP', 'INSUFFICIENT_HISTORY']",Review latest project update and verify missing or inconsistent reporting evidence,2026-06,NOT_ELIGIBLE,,officer-decision-v1,alert-policy-v1
PRH-617211,2026-06,,DATA_VERIFICATION_REQUIRED,,WITHHELD,,['INSUFFICIENT_HISTORY'],Review latest project update and verify missing or inconsistent reporting evidence,2026-06,NOT_ELIGIBLE,,officer-decision-v1,alert-policy-v1
PRH-617212,2026-06,,DATA_VERIFICATION_REQUIRED,,WITHHELD,,['INSUFFICIENT_HISTORY'],Review latest project update and verify missing or inconsistent reporting evidence,2026-06,NOT_ELIGIBLE,,officer-decision-v1,alert-policy-v1
PRH-617213,2026-06,,DATA_VERIFICATION_REQUIRED,,WITHHELD,,['INSUFFICIENT_HISTORY'],Review latest project update and verify missing or inconsistent reporting evidence,2026-06,NOT_ELIGIBLE,,officer-decision-v1,alert-policy-v1
PRH-617214,2026-06,,DATA_VERIFICATION_REQUIRED,,WITHHELD,,"['SOURCE_GAP', 'INSUFFICIENT_HISTORY']",Review latest project update and verify missing or inconsistent reporting evidence,2026-06,NOT_ELIGIBLE,,officer-decision-v1,alert-policy-v1
PRH-617215,2026-06,,DATA_VERIFICATION_REQUIRED,,WITHHELD,,['INSUFFICIENT_HISTORY'],Review latest project update and verify missing or inconsistent reporting evidence,2026-06,NOT_ELIGIBLE,,officer-decision-v1,alert-policy-v1
PRH-617216,2026-06,,DATA_VERIFICATION_REQUIRED,,WITHHELD,,"['SOURCE_GAP', 'INSUFFICIENT_HISTORY']",Review latest project update and verify missing or inconsistent reporting evidence,2026-06,NOT_ELIGIBLE,,officer-decision-v1,alert-policy-v1
PRH-617221,2026-06,,DATA_VERIFICATION_REQUIRED,,WITHHELD,,['INSUFFICIENT_HISTORY'],Review latest project update and verify missing or inconsistent reporting evidence,2026-06,NOT_ELIGIBLE,,officer-decision-v1,alert-policy-v1
PRH-617224,2026-06,,DATA_VERIFICATION_REQUIRED,,WITHHELD,,['INSUFFICIENT_HISTORY'],Review latest project update and verify missing or inconsistent reporting evidence,2026-06,NOT_ELIGIBLE,,officer-decision-v1,alert-policy-v1
PRH-617225,2026-06,,PREDICTION_WITHHELD,,WITHHELD,,['MODEL_RELEASE_PENDING'],Monitor until the governed prediction release requirements are satisfied,2026-06,NOT_ELIGIBLE,,officer-decision-v1,alert-policy-v1
PRH-617226,2026-06,,PREDICTION_WITHHELD,,WITHHELD,,['MODEL_RELEASE_PENDING'],Monitor until the governed prediction release requirements are satisfied,2026-06,NOT_ELIGIBLE,,officer-decision-v1,alert-policy-v1
PRH-617231,2026-06,,DATA_VERIFICATION_REQUIRED,,WITHHELD,,"['SOURCE_GAP', 'INSUFFICIENT_HISTORY']",Review latest project update and verify missing or inconsistent reporting evidence,2026-06,NOT_ELIGIBLE,,officer-decision-v1,alert-policy-v1
PRH-617233,2026-06,,PREDICTION_WITHHELD,,WITHHELD,,['MODEL_RELEASE_PENDING'],Monitor until the governed prediction release requirements are satisfied,2026-06,NOT_ELIGIBLE,,officer-decision-v1,alert-policy-v1
PRH-617239,2026-06,,DATA_VERIFICATION_REQUIRED,,WITHHELD,,['INSUFFICIENT_HISTORY'],Review latest project update and verify missing or inconsistent reporting evidence,2026-06,NOT_ELIGIBLE,,officer-decision-v1,alert-policy-v1
PRH-617240,2026-06,,DATA_VERIFICATION_REQUIRED,,WITHHELD,,"['STALE_UPDATE', 'SOURCE_GAP', 'INSUFFICIENT_HISTORY', 'FEATURES_INSUFFICIENT', 'SCHEMA_VERIFICATION', 'SOURCE_PROVENANCE_VERIFICATION']",Review latest project update and verify missing or inconsistent reporting evidence,2025-07,NOT_ELIGIBLE,,officer-decision-v1,alert-policy-v1
PRH-617242,2026-06,,PREDICTION_WITHHELD,,WITHHELD,,['MODEL_RELEASE_PENDING'],Monitor until the governed prediction release requirements are satisfied,2026-06,NOT_ELIGIBLE,,officer-decision-v1,alert-policy-v1
PRH-617243,2026-06,,PREDICTION_WITHHELD,,WITHHELD,,['MODEL_RELEASE_PENDING'],Monitor until the governed prediction release requirements are satisfied,2026-06,NOT_ELIGIBLE,,officer-decision-v1,alert-policy-v1
PRH-617245,2026-06,,DATA_VERIFICATION_REQUIRED,,WITHHELD,,['INSUFFICIENT_HISTORY'],Review latest project update and verify missing or inconsistent reporting evidence,2026-06,NOT_ELIGIBLE,,officer-decision-v1,alert-policy-v1
PRH-617246,2026-06,,PREDICTION_WITHHELD,,WITHHELD,,['MODEL_RELEASE_PENDING'],Monitor until the governed prediction release requirements are satisfied,2026-06,NOT_ELIGIBLE,,officer-decision-v1,alert-policy-v1
PRH-617248,2026-06,,PREDICTION_WITHHELD,,WITHHELD,,['MODEL_RELEASE_PENDING'],Monitor until the governed prediction release requirements are satisfied,2026-06,NOT_ELIGIBLE,,officer-decision-v1,alert-policy-v1
PRH-617249,2026-06,,PREDICTION_WITHHELD,,WITHHELD,,['MODEL_RELEASE_PENDING'],Monitor until the governed prediction release requirements are satisfied,2026-06,NOT_ELIGIBLE,,officer-decision-v1,alert-policy-v1
PRH-617250,2026-06,,PREDICTION_WITHHELD,,WITHHELD,,['MODEL_RELEASE_PENDING'],Monitor until the governed prediction release requirements are satisfied,2026-06,NOT_ELIGIBLE,,officer-decision-v1,alert-policy-v1
PRH-617251,2026-06,,PREDICTION_WITHHELD,,WITHHELD,,['MODEL_RELEASE_PENDING'],Monitor until the governed prediction release requirements are satisfied,2026-06,NOT_ELIGIBLE,,officer-decision-v1,alert-policy-v1
PRH-617252,2026-06,,DATA_VERIFICATION_REQUIRED,,WITHHELD,,['INSUFFICIENT_HISTORY'],Review latest project update and verify missing or inconsistent reporting evidence,2026-06,NOT_ELIGIBLE,,officer-decision-v1,alert-policy-v1
PRH-617253,2026-06,,DATA_VERIFICATION_REQUIRED,,WITHHELD,,"['STALE_UPDATE', 'SOURCE_GAP', 'INSUFFICIENT_HISTORY', 'FEATURES_INSUFFICIENT', 'SCHEMA_VERIFICATION', 'SOURCE_PROVENANCE_VERIFICATION']",Review latest project update and verify missing or inconsistent reporting evidence,2026-05,NOT_ELIGIBLE,,officer-decision-v1,alert-policy-v1
PRH-617254,2026-06,,DATA_VERIFICATION_REQUIRED,,WITHHELD,,['INSUFFICIENT_HISTORY'],Review latest project update and verify missing or inconsistent reporting evidence,2026-06,NOT_ELIGIBLE,,officer-decision-v1,alert-policy-v1
PRH-617255,2026-06,,PREDICTION_WITHHELD,,WITHHELD,,['MODEL_RELEASE_PENDING'],Monitor until the governed prediction release requirements are satisfied,2026-06,NOT_ELIGIBLE,,officer-decision-v1,alert-policy-v1
PRH-617256,2026-06,,DATA_VERIFICATION_REQUIRED,,WITHHELD,,['INSUFFICIENT_HISTORY'],Review latest project update and verify missing or inconsistent reporting evidence,2026-06,NOT_ELIGIBLE,,officer-decision-v1,alert-policy-v1
PRH-617257,2026-06,,DATA_VERIFICATION_REQUIRED,,WITHHELD,,['INSUFFICIENT_HISTORY'],Review latest project update and verify missing or inconsistent reporting evidence,2026-06,NOT_ELIGIBLE,,officer-decision-v1,alert-policy-v1
PRH-617269,2026-06,,PREDICTION_WITHHELD,,WITHHELD,,['MODEL_RELEASE_PENDING'],Monitor until the governed prediction release requirements are satisfied,2026-06,NOT_ELIGIBLE,,officer-decision-v1,alert-policy-v1
PRH-617270,2026-06,,PREDICTION_WITHHELD,,WITHHELD,,['MODEL_RELEASE_PENDING'],Monitor until the governed prediction release requirements are satisfied,2026-06,NOT_ELIGIBLE,,officer-decision-v1,alert-policy-v1
PRH-617271,2026-06,,PREDICTION_WITHHELD,,WITHHELD,,['MODEL_RELEASE_PENDING'],Monitor until the governed prediction release requirements are satisfied,2026-06,NOT_ELIGIBLE,,officer-decision-v1,alert-policy-v1
PRH-617272,2026-06,,PREDICTION_WITHHELD,,WITHHELD,,['MODEL_RELEASE_PENDING'],Monitor until the governed prediction release requirements are satisfied,2026-06,NOT_ELIGIBLE,,officer-decision-v1,alert-policy-v1
PRH-617278,2026-06,,PREDICTION_WITHHELD,,WITHHELD,,['MODEL_RELEASE_PENDING'],Monitor until the governed prediction release requirements are satisfied,2026-06,NOT_ELIGIBLE,,officer-decision-v1,alert-policy-v1
PRH-617279,2026-06,,DATA_VERIFICATION_REQUIRED,,WITHHELD,,['INSUFFICIENT_HISTORY'],Review latest project update and verify missing or inconsistent reporting evidence,2026-06,NOT_ELIGIBLE,,officer-decision-v1,alert-policy-v1
PRH-617280,2026-06,,PREDICTION_WITHHELD,,WITHHELD,,['MODEL_RELEASE_PENDING'],Monitor until the governed prediction release requirements are satisfied,2026-06,NOT_ELIGIBLE,,officer-decision-v1,alert-policy-v1
PRH-617282,2026-06,,NO_REVIEW_SIGNAL,,WITHHELD,,['COMPLETED_PROJECT'],,2025-10,NOT_ELIGIBLE,,officer-decision-v1,alert-policy-v1
PRH-617284,2026-06,,DATA_VERIFICATION_REQUIRED,,WITHHELD,,['INSUFFICIENT_HISTORY'],Review latest project update and verify missing or inconsistent reporting evidence,2026-06,NOT_ELIGIBLE,,officer-decision-v1,alert-policy-v1
PRH-617287,2026-06,,DATA_VERIFICATION_REQUIRED,,WITHHELD,,['INSUFFICIENT_HISTORY'],Review latest project update and verify missing or inconsistent reporting evidence,2026-06,NOT_ELIGIBLE,,officer-decision-v1,alert-policy-v1
PRH-617288,2026-06,,DATA_VERIFICATION_REQUIRED,,WITHHELD,,['INSUFFICIENT_HISTORY'],Review latest project update and verify missing or inconsistent reporting evidence,2026-06,NOT_ELIGIBLE,,officer-decision-v1,alert-policy-v1
PRH-617290,2026-06,,DATA_VERIFICATION_REQUIRED,,WITHHELD,,"['STALE_UPDATE', 'SOURCE_GAP', 'INSUFFICIENT_HISTORY', 'FEATURES_INSUFFICIENT', 'SCHEMA_VERIFICATION', 'SOURCE_PROVENANCE_VERIFICATION']",Review latest project update and verify missing or inconsistent reporting evidence,2025-10,NOT_ELIGIBLE,,officer-decision-v1,alert-policy-v1
PRH-617299,2026-06,,PREDICTION_WITHHELD,,WITHHELD,,['MODEL_RELEASE_PENDING'],Monitor until the governed prediction release requirements are satisfied,2026-06,NOT_ELIGIBLE,,officer-decision-v1,alert-policy-v1
PRH-617302,2026-06,,PREDICTION_WITHHELD,,WITHHELD,,['MODEL_RELEASE_PENDING'],Monitor until the governed prediction release requirements are satisfied,2026-06,NOT_ELIGIBLE,,officer-decision-v1,alert-policy-v1
PRH-617303,2026-06,,DATA_VERIFICATION_REQUIRED,,WITHHELD,,"['STALE_UPDATE', 'SOURCE_GAP', 'INSUFFICIENT_HISTORY', 'FEATURES_INSUFFICIENT', 'SCHEMA_VERIFICATION', 'SOURCE_PROVENANCE_VERIFICATION']",Review latest project update and verify missing or inconsistent reporting evidence,2025-08,NOT_ELIGIBLE,,officer-decision-v1,alert-policy-v1
PRH-617304,2026-06,,DATA_VERIFICATION_REQUIRED,,WITHHELD,,['INSUFFICIENT_HISTORY'],Review latest project update and verify missing or inconsistent reporting evidence,2026-06,NOT_ELIGIBLE,,officer-decision-v1,alert-policy-v1
PRH-617320,2026-06,,DATA_VERIFICATION_REQUIRED,,WITHHELD,,"['STALE_UPDATE', 'SOURCE_GAP', 'INSUFFICIENT_HISTORY', 'FEATURES_INSUFFICIENT', 'SCHEMA_VERIFICATION', 'SOURCE_PROVENANCE_VERIFICATION']",Review latest project update and verify missing or inconsistent reporting evidence,2025-10,NOT_ELIGIBLE,,officer-decision-v1,alert-policy-v1
PRH-617321,2026-06,,DATA_VERIFICATION_REQUIRED,,WITHHELD,,"['STALE_UPDATE', 'SOURCE_GAP', 'INSUFFICIENT_HISTORY', 'FEATURES_INSUFFICIENT', 'SCHEMA_VERIFICATION', 'SOURCE_PROVENANCE_VERIFICATION']",Review latest project update and verify missing or inconsistent reporting evidence,2025-10,NOT_ELIGIBLE,,officer-decision-v1,alert-policy-v1
PRH-617322,2026-06,,DATA_VERIFICATION_REQUIRED,,WITHHELD,,"['STALE_UPDATE', 'SOURCE_GAP', 'INSUFFICIENT_HISTORY', 'FEATURES_INSUFFICIENT', 'SCHEMA_VERIFICATION', 'SOURCE_PROVENANCE_VERIFICATION']",Review latest project update and verify missing or inconsistent reporting evidence,2025-08,NOT_ELIGIBLE,,officer-decision-v1,alert-policy-v1
PRH-617326,2026-06,,DATA_VERIFICATION_REQUIRED,,WITHHELD,,['INSUFFICIENT_HISTORY'],Review latest project update and verify missing or inconsistent reporting evidence,2026-06,NOT_ELIGIBLE,,officer-decision-v1,alert-policy-v1
PRH-617327,2026-06,,DATA_VERIFICATION_REQUIRED,,WITHHELD,,['INSUFFICIENT_HISTORY'],Review latest project update and verify missing or inconsistent reporting evidence,2026-06,NOT_ELIGIBLE,,officer-decision-v1,alert-policy-v1
PRH-617333,2026-06,,DATA_VERIFICATION_REQUIRED,,WITHHELD,,['INSUFFICIENT_HISTORY'],Review latest project update and verify missing or inconsistent reporting evidence,2026-06,NOT_ELIGIBLE,,officer-decision-v1,alert-policy-v1
PRH-617338,2026-06,,DATA_VERIFICATION_REQUIRED,,WITHHELD,,['INSUFFICIENT_HISTORY'],Review latest project update and verify missing or inconsistent reporting evidence,2026-06,NOT_ELIGIBLE,,officer-decision-v1,alert-policy-v1
PRH-617345,2026-06,,DATA_VERIFICATION_REQUIRED,,WITHHELD,,['INSUFFICIENT_HISTORY'],Review latest project update and verify missing or inconsistent reporting evidence,2026-06,NOT_ELIGIBLE,,officer-decision-v1,alert-policy-v1
PRH-617361,2026-06,,DATA_VERIFICATION_REQUIRED,,WITHHELD,,['INSUFFICIENT_HISTORY'],Review latest project update and verify missing or inconsistent reporting evidence,2026-06,NOT_ELIGIBLE,,officer-decision-v1,alert-policy-v1
PRH-617364,2026-06,,DATA_VERIFICATION_REQUIRED,,WITHHELD,,['INSUFFICIENT_HISTORY'],Review latest project update and verify missing or inconsistent reporting evidence,2026-06,NOT_ELIGIBLE,,officer-decision-v1,alert-policy-v1
PRH-617370,2026-06,,DATA_VERIFICATION_REQUIRED,,WITHHELD,,['INSUFFICIENT_HISTORY'],Review latest project update and verify missing or inconsistent reporting evidence,2026-06,NOT_ELIGIBLE,,officer-decision-v1,alert-policy-v1
PRH-617372,2026-06,,DATA_VERIFICATION_REQUIRED,,WITHHELD,,"['STALE_UPDATE', 'SOURCE_GAP', 'INSUFFICIENT_HISTORY', 'FEATURES_INSUFFICIENT', 'SCHEMA_VERIFICATION', 'SOURCE_PROVENANCE_VERIFICATION']",Review latest project update and verify missing or inconsistent reporting evidence,2026-05,NOT_ELIGIBLE,,officer-decision-v1,alert-policy-v1
PRH-617373,2026-06,,DATA_VERIFICATION_REQUIRED,,WITHHELD,,"['STALE_UPDATE', 'SOURCE_GAP', 'INSUFFICIENT_HISTORY', 'FEATURES_INSUFFICIENT', 'SCHEMA_VERIFICATION', 'SOURCE_PROVENANCE_VERIFICATION']",Review latest project update and verify missing or inconsistent reporting evidence,2025-11,NOT_ELIGIBLE,,officer-decision-v1,alert-policy-v1
PRH-617374,2026-06,,DATA_VERIFICATION_REQUIRED,,WITHHELD,,['INSUFFICIENT_HISTORY'],Review latest project update and verify missing or inconsistent reporting evidence,2026-06,NOT_ELIGIBLE,,officer-decision-v1,alert-policy-v1
PRH-617375,2026-06,,DATA_VERIFICATION_REQUIRED,,WITHHELD,,['INSUFFICIENT_HISTORY'],Review latest project update and verify missing or inconsistent reporting evidence,2026-06,NOT_ELIGIBLE,,officer-decision-v1,alert-policy-v1
PRH-617379,2026-06,,DATA_VERIFICATION_REQUIRED,,WITHHELD,,['INSUFFICIENT_HISTORY'],Review latest project update and verify missing or inconsistent reporting evidence,2026-06,NOT_ELIGIBLE,,officer-decision-v1,alert-policy-v1
PRH-617390,2026-06,,DATA_VERIFICATION_REQUIRED,,WITHHELD,,['INSUFFICIENT_HISTORY'],Review latest project update and verify missing or inconsistent reporting evidence,2026-06,NOT_ELIGIBLE,,officer-decision-v1,alert-policy-v1
PRH-617391,2026-06,,DATA_VERIFICATION_REQUIRED,,WITHHELD,,['INSUFFICIENT_HISTORY'],Review latest project update and verify missing or inconsistent reporting evidence,2026-06,NOT_ELIGIBLE,,officer-decision-v1,alert-policy-v1
PRH-617403,2026-06,,DATA_VERIFICATION_REQUIRED,,WITHHELD,,['INSUFFICIENT_HISTORY'],Review latest project update and verify missing or inconsistent reporting evidence,2026-06,NOT_ELIGIBLE,,officer-decision-v1,alert-policy-v1
PRH-617404,2026-06,,DATA_VERIFICATION_REQUIRED,,WITHHELD,,['INSUFFICIENT_HISTORY'],Review latest project update and verify missing or inconsistent reporting evidence,2026-06,NOT_ELIGIBLE,,officer-decision-v1,alert-policy-v1
PRH-617405,2026-06,,DATA_VERIFICATION_REQUIRED,,WITHHELD,,['INSUFFICIENT_HISTORY'],Review latest project update and verify missing or inconsistent reporting evidence,2026-06,NOT_ELIGIBLE,,officer-decision-v1,alert-policy-v1
PRH-617406,2026-06,,DATA_VERIFICATION_REQUIRED,,WITHHELD,,['INSUFFICIENT_HISTORY'],Review latest project update and verify missing or inconsistent reporting evidence,2026-06,NOT_ELIGIBLE,,officer-decision-v1,alert-policy-v1
PRH-617408,2026-06,,DATA_VERIFICATION_REQUIRED,,WITHHELD,,['INSUFFICIENT_HISTORY'],Review latest project update and verify missing or inconsistent reporting evidence,2026-06,NOT_ELIGIBLE,,officer-decision-v1,alert-policy-v1
PRH-617409,2026-06,,DATA_VERIFICATION_REQUIRED,,WITHHELD,,['INSUFFICIENT_HISTORY'],Review latest project update and verify missing or inconsistent reporting evidence,2026-06,NOT_ELIGIBLE,,officer-decision-v1,alert-policy-v1
PRH-617412,2026-06,,DATA_VERIFICATION_REQUIRED,,WITHHELD,,['INSUFFICIENT_HISTORY'],Review latest project update and verify missing or inconsistent reporting evidence,2026-06,NOT_ELIGIBLE,,officer-decision-v1,alert-policy-v1
PRH-617413,2026-06,,DATA_VERIFICATION_REQUIRED,,WITHHELD,,['INSUFFICIENT_HISTORY'],Review latest project update and verify missing or inconsistent reporting evidence,2026-06,NOT_ELIGIBLE,,officer-decision-v1,alert-policy-v1
PRH-617416,2026-06,,DATA_VERIFICATION_REQUIRED,,WITHHELD,,['INSUFFICIENT_HISTORY'],Review latest project update and verify missing or inconsistent reporting evidence,2026-06,NOT_ELIGIBLE,,officer-decision-v1,alert-policy-v1
PRH-617422,2026-06,,DATA_VERIFICATION_REQUIRED,,WITHHELD,,['INSUFFICIENT_HISTORY'],Review latest project update and verify missing or inconsistent reporting evidence,2026-06,NOT_ELIGIBLE,,officer-decision-v1,alert-policy-v1
PRH-617727,2026-06,,DATA_VERIFICATION_REQUIRED,,WITHHELD,,['INSUFFICIENT_HISTORY'],Review latest project update and verify missing or inconsistent reporting evidence,2026-06,NOT_ELIGIBLE,,officer-decision-v1,alert-policy-v1
PRH-617729,2026-06,,DATA_VERIFICATION_REQUIRED,,WITHHELD,,['INSUFFICIENT_HISTORY'],Review latest project update and verify missing or inconsistent reporting evidence,2026-06,NOT_ELIGIBLE,,officer-decision-v1,alert-policy-v1
PRH-617730,2026-06,,DATA_VERIFICATION_REQUIRED,,WITHHELD,,['INSUFFICIENT_HISTORY'],Review latest project update and verify missing or inconsistent reporting evidence,2026-06,NOT_ELIGIBLE,,officer-decision-v1,alert-policy-v1
PRH-617764,2026-06,,DATA_VERIFICATION_REQUIRED,,WITHHELD,,['INSUFFICIENT_HISTORY'],Review latest project update and verify missing or inconsistent reporting evidence,2026-06,NOT_ELIGIBLE,,officer-decision-v1,alert-policy-v1
PRH-617801,2026-06,,DATA_VERIFICATION_REQUIRED,,WITHHELD,,['INSUFFICIENT_HISTORY'],Review latest project update and verify missing or inconsistent reporting evidence,2026-06,NOT_ELIGIBLE,,officer-decision-v1,alert-policy-v1
PRH-617802,2026-06,,DATA_VERIFICATION_REQUIRED,,WITHHELD,,['INSUFFICIENT_HISTORY'],Review latest project update and verify missing or inconsistent reporting evidence,2026-06,NOT_ELIGIBLE,,officer-decision-v1,alert-policy-v1
PRH-617803,2026-06,,DATA_VERIFICATION_REQUIRED,,WITHHELD,,['INSUFFICIENT_HISTORY'],Review latest project update and verify missing or inconsistent reporting evidence,2026-06,NOT_ELIGIBLE,,officer-decision-v1,alert-policy-v1
PRH-617804,2026-06,,DATA_VERIFICATION_REQUIRED,,WITHHELD,,['INSUFFICIENT_HISTORY'],Review latest project update and verify missing or inconsistent reporting evidence,2026-06,NOT_ELIGIBLE,,officer-decision-v1,alert-policy-v1
PRH-617806,2026-06,,DATA_VERIFICATION_REQUIRED,,WITHHELD,,['INSUFFICIENT_HISTORY'],Review latest project update and verify missing or inconsistent reporting evidence,2026-06,NOT_ELIGIBLE,,officer-decision-v1,alert-policy-v1
PRH-617807,2026-06,,DATA_VERIFICATION_REQUIRED,,WITHHELD,,['INSUFFICIENT_HISTORY'],Review latest project update and verify missing or inconsistent reporting evidence,2026-06,NOT_ELIGIBLE,,officer-decision-v1,alert-policy-v1
PRH-617808,2026-06,,DATA_VERIFICATION_REQUIRED,,WITHHELD,,['INSUFFICIENT_HISTORY'],Review latest project update and verify missing or inconsistent reporting evidence,2026-06,NOT_ELIGIBLE,,officer-decision-v1,alert-policy-v1
PRH-617818,2026-06,,DATA_VERIFICATION_REQUIRED,,WITHHELD,,['INSUFFICIENT_HISTORY'],Review latest project update and verify missing or inconsistent reporting evidence,2026-06,NOT_ELIGIBLE,,officer-decision-v1,alert-policy-v1
PRH-617819,2026-06,,DATA_VERIFICATION_REQUIRED,,WITHHELD,,['INSUFFICIENT_HISTORY'],Review latest project update and verify missing or inconsistent reporting evidence,2026-06,NOT_ELIGIBLE,,officer-decision-v1,alert-policy-v1
PRH-617822,2026-06,,DATA_VERIFICATION_REQUIRED,,WITHHELD,,['INSUFFICIENT_HISTORY'],Review latest project update and verify missing or inconsistent reporting evidence,2026-06,NOT_ELIGIBLE,,officer-decision-v1,alert-policy-v1
PRH-617824,2026-06,,DATA_VERIFICATION_REQUIRED,,WITHHELD,,"['STALE_UPDATE', 'SOURCE_GAP', 'INSUFFICIENT_HISTORY', 'FEATURES_INSUFFICIENT', 'SCHEMA_VERIFICATION', 'SOURCE_PROVENANCE_VERIFICATION']",Review latest project update and verify missing or inconsistent reporting evidence,2025-11,NOT_ELIGIBLE,,officer-decision-v1,alert-policy-v1
PRH-617827,2026-06,,DATA_VERIFICATION_REQUIRED,,WITHHELD,,['INSUFFICIENT_HISTORY'],Review latest project update and verify missing or inconsistent reporting evidence,2026-06,NOT_ELIGIBLE,,officer-decision-v1,alert-policy-v1
PRH-617828,2026-06,,DATA_VERIFICATION_REQUIRED,,WITHHELD,,['INSUFFICIENT_HISTORY'],Review latest project update and verify missing or inconsistent reporting evidence,2026-06,NOT_ELIGIBLE,,officer-decision-v1,alert-policy-v1
PRH-617829,2026-06,,DATA_VERIFICATION_REQUIRED,,WITHHELD,,['INSUFFICIENT_HISTORY'],Review latest project update and verify missing or inconsistent reporting evidence,2026-06,NOT_ELIGIBLE,,officer-decision-v1,alert-policy-v1
PRH-617830,2026-06,,DATA_VERIFICATION_REQUIRED,,WITHHELD,,['INSUFFICIENT_HISTORY'],Review latest project update and verify missing or inconsistent reporting evidence,2026-06,NOT_ELIGIBLE,,officer-decision-v1,alert-policy-v1
PRH-617832,2026-06,,DATA_VERIFICATION_REQUIRED,,WITHHELD,,['INSUFFICIENT_HISTORY'],Review latest project update and verify missing or inconsistent reporting evidence,2026-06,NOT_ELIGIBLE,,officer-decision-v1,alert-policy-v1
PRH-617836,2026-06,,DATA_VERIFICATION_REQUIRED,,WITHHELD,,['INSUFFICIENT_HISTORY'],Review latest project update and verify missing or inconsistent reporting evidence,2026-06,NOT_ELIGIBLE,,officer-decision-v1,alert-policy-v1
PRH-617837,2026-06,,DATA_VERIFICATION_REQUIRED,,WITHHELD,,['INSUFFICIENT_HISTORY'],Review latest project update and verify missing or inconsistent reporting evidence,2026-06,NOT_ELIGIBLE,,officer-decision-v1,alert-policy-v1
PRH-617838,2026-06,,DATA_VERIFICATION_REQUIRED,,WITHHELD,,['INSUFFICIENT_HISTORY'],Review latest project update and verify missing or inconsistent reporting evidence,2026-06,NOT_ELIGIBLE,,officer-decision-v1,alert-policy-v1
PRH-617839,2026-06,,DATA_VERIFICATION_REQUIRED,,WITHHELD,,['INSUFFICIENT_HISTORY'],Review latest project update and verify missing or inconsistent reporting evidence,2026-06,NOT_ELIGIBLE,,officer-decision-v1,alert-policy-v1
PRH-617877,2026-06,,DATA_VERIFICATION_REQUIRED,,WITHHELD,,['INSUFFICIENT_HISTORY'],Review latest project update and verify missing or inconsistent reporting evidence,2026-06,NOT_ELIGIBLE,,officer-decision-v1,alert-policy-v1
PRH-617878,2026-06,,DATA_VERIFICATION_REQUIRED,,WITHHELD,,['INSUFFICIENT_HISTORY'],Review latest project update and verify missing or inconsistent reporting evidence,2026-06,NOT_ELIGIBLE,,officer-decision-v1,alert-policy-v1
PRH-617880,2026-06,,DATA_VERIFICATION_REQUIRED,,WITHHELD,,['INSUFFICIENT_HISTORY'],Review latest project update and verify missing or inconsistent reporting evidence,2026-06,NOT_ELIGIBLE,,officer-decision-v1,alert-policy-v1
PRH-617882,2026-06,,DATA_VERIFICATION_REQUIRED,,WITHHELD,,['INSUFFICIENT_HISTORY'],Review latest project update and verify missing or inconsistent reporting evidence,2026-06,NOT_ELIGIBLE,,officer-decision-v1,alert-policy-v1
PRH-617883,2026-06,,DATA_VERIFICATION_REQUIRED,,WITHHELD,,['INSUFFICIENT_HISTORY'],Review latest project update and verify missing or inconsistent reporting evidence,2026-06,NOT_ELIGIBLE,,officer-decision-v1,alert-policy-v1
PRH-617885,2026-06,,DATA_VERIFICATION_REQUIRED,,WITHHELD,,"['SOURCE_GAP', 'INSUFFICIENT_HISTORY']",Review latest project update and verify missing or inconsistent reporting evidence,2026-06,NOT_ELIGIBLE,,officer-decision-v1,alert-policy-v1
PRH-617886,2026-06,,DATA_VERIFICATION_REQUIRED,,WITHHELD,,"['SOURCE_GAP', 'INSUFFICIENT_HISTORY']",Review latest project update and verify missing or inconsistent reporting evidence,2026-06,NOT_ELIGIBLE,,officer-decision-v1,alert-policy-v1
PRH-617887,2026-06,,NO_REVIEW_SIGNAL,,WITHHELD,,['COMPLETED_PROJECT'],,2026-06,NOT_ELIGIBLE,,officer-decision-v1,alert-policy-v1
PRH-617888,2026-06,,DATA_VERIFICATION_REQUIRED,,WITHHELD,,['INSUFFICIENT_HISTORY'],Review latest project update and verify missing or inconsistent reporting evidence,2026-06,NOT_ELIGIBLE,,officer-decision-v1,alert-policy-v1
PRH-617889,2026-06,,DATA_VERIFICATION_REQUIRED,,WITHHELD,,['INSUFFICIENT_HISTORY'],Review latest project update and verify missing or inconsistent reporting evidence,2026-06,NOT_ELIGIBLE,,officer-decision-v1,alert-policy-v1
PRH-617890,2026-06,,DATA_VERIFICATION_REQUIRED,,WITHHELD,,['INSUFFICIENT_HISTORY'],Review latest project update and verify missing or inconsistent reporting evidence,2026-06,NOT_ELIGIBLE,,officer-decision-v1,alert-policy-v1
PRH-617891,2026-06,,NO_REVIEW_SIGNAL,,WITHHELD,,['COMPLETED_PROJECT'],,2026-05,NOT_ELIGIBLE,,officer-decision-v1,alert-policy-v1
PRH-617892,2026-06,,DATA_VERIFICATION_REQUIRED,,WITHHELD,,"['SOURCE_GAP', 'INSUFFICIENT_HISTORY']",Review latest project update and verify missing or inconsistent reporting evidence,2026-06,NOT_ELIGIBLE,,officer-decision-v1,alert-policy-v1
PRH-617893,2026-06,,DATA_VERIFICATION_REQUIRED,,WITHHELD,,['INSUFFICIENT_HISTORY'],Review latest project update and verify missing or inconsistent reporting evidence,2026-06,NOT_ELIGIBLE,,officer-decision-v1,alert-policy-v1
PRH-617894,2026-06,,DATA_VERIFICATION_REQUIRED,,WITHHELD,,['INSUFFICIENT_HISTORY'],Review latest project update and verify missing or inconsistent reporting evidence,2026-06,NOT_ELIGIBLE,,officer-decision-v1,alert-policy-v1
PRH-617895,2026-06,,DATA_VERIFICATION_REQUIRED,,WITHHELD,,"['SOURCE_GAP', 'INSUFFICIENT_HISTORY']",Review latest project update and verify missing or inconsistent reporting evidence,2026-06,NOT_ELIGIBLE,,officer-decision-v1,alert-policy-v1
PRH-617896,2026-06,,DATA_VERIFICATION_REQUIRED,,WITHHELD,,"['SOURCE_GAP', 'INSUFFICIENT_HISTORY']",Review latest project update and verify missing or inconsistent reporting evidence,2026-06,NOT_ELIGIBLE,,officer-decision-v1,alert-policy-v1
PRH-617897,2026-06,,DATA_VERIFICATION_REQUIRED,,WITHHELD,,"['SOURCE_GAP', 'INSUFFICIENT_HISTORY']",Review latest project update and verify missing or inconsistent reporting evidence,2026-06,NOT_ELIGIBLE,,officer-decision-v1,alert-policy-v1
PRH-617898,2026-06,,DATA_VERIFICATION_REQUIRED,,WITHHELD,,['INSUFFICIENT_HISTORY'],Review latest project update and verify missing or inconsistent reporting evidence,2026-06,NOT_ELIGIBLE,,officer-decision-v1,alert-policy-v1
PRH-617899,2026-06,,DATA_VERIFICATION_REQUIRED,,WITHHELD,,"['SOURCE_GAP', 'INSUFFICIENT_HISTORY']",Review latest project update and verify missing or inconsistent reporting evidence,2026-06,NOT_ELIGIBLE,,officer-decision-v1,alert-policy-v1
PRH-617900,2026-06,,DATA_VERIFICATION_REQUIRED,,WITHHELD,,"['STALE_UPDATE', 'SOURCE_GAP', 'INSUFFICIENT_HISTORY', 'FEATURES_INSUFFICIENT', 'SCHEMA_VERIFICATION', 'SOURCE_PROVENANCE_VERIFICATION']",Review latest project update and verify missing or inconsistent reporting evidence,2026-05,NOT_ELIGIBLE,,officer-decision-v1,alert-policy-v1
PRH-617901,2026-06,,DATA_VERIFICATION_REQUIRED,,WITHHELD,,"['SOURCE_GAP', 'INSUFFICIENT_HISTORY']",Review latest project update and verify missing or inconsistent reporting evidence,2026-06,NOT_ELIGIBLE,,officer-decision-v1,alert-policy-v1
PRH-617902,2026-06,,DATA_VERIFICATION_REQUIRED,,WITHHELD,,['INSUFFICIENT_HISTORY'],Review latest project update and verify missing or inconsistent reporting evidence,2026-06,NOT_ELIGIBLE,,officer-decision-v1,alert-policy-v1
PRH-617904,2026-06,,DATA_VERIFICATION_REQUIRED,,WITHHELD,,"['SOURCE_GAP', 'INSUFFICIENT_HISTORY']",Review latest project update and verify missing or inconsistent reporting evidence,2026-06,NOT_ELIGIBLE,,officer-decision-v1,alert-policy-v1
PRH-617905,2026-06,,DATA_VERIFICATION_REQUIRED,,WITHHELD,,"['SOURCE_GAP', 'INSUFFICIENT_HISTORY']",Review latest project update and verify missing or inconsistent reporting evidence,2026-06,NOT_ELIGIBLE,,officer-decision-v1,alert-policy-v1
PRH-617906,2026-06,,DATA_VERIFICATION_REQUIRED,,WITHHELD,,['INSUFFICIENT_HISTORY'],Review latest project update and verify missing or inconsistent reporting evidence,2026-06,NOT_ELIGIBLE,,officer-decision-v1,alert-policy-v1
PRH-617907,2026-06,,NO_REVIEW_SIGNAL,,WITHHELD,,['COMPLETED_PROJECT'],,2026-05,NOT_ELIGIBLE,,officer-decision-v1,alert-policy-v1
PRH-617908,2026-06,,DATA_VERIFICATION_REQUIRED,,WITHHELD,,['INSUFFICIENT_HISTORY'],Review latest project update and verify missing or inconsistent reporting evidence,2026-06,NOT_ELIGIBLE,,officer-decision-v1,alert-policy-v1
PRH-617909,2026-06,,DATA_VERIFICATION_REQUIRED,,WITHHELD,,['INSUFFICIENT_HISTORY'],Review latest project update and verify missing or inconsistent reporting evidence,2026-06,NOT_ELIGIBLE,,officer-decision-v1,alert-policy-v1
PRH-617911,2026-06,,DATA_VERIFICATION_REQUIRED,,WITHHELD,,"['SOURCE_GAP', 'INSUFFICIENT_HISTORY']",Review latest project update and verify missing or inconsistent reporting evidence,2026-06,NOT_ELIGIBLE,,officer-decision-v1,alert-policy-v1
PRH-617912,2026-06,,DATA_VERIFICATION_REQUIRED,,WITHHELD,,['INSUFFICIENT_HISTORY'],Review latest project update and verify missing or inconsistent reporting evidence,2026-06,NOT_ELIGIBLE,,officer-decision-v1,alert-policy-v1
PRH-617913,2026-06,,DATA_VERIFICATION_REQUIRED,,WITHHELD,,"['SOURCE_GAP', 'INSUFFICIENT_HISTORY']",Review latest project update and verify missing or inconsistent reporting evidence,2026-06,NOT_ELIGIBLE,,officer-decision-v1,alert-policy-v1
PRH-617914,2026-06,,DATA_VERIFICATION_REQUIRED,,WITHHELD,,['INSUFFICIENT_HISTORY'],Review latest project update and verify missing or inconsistent reporting evidence,2026-06,NOT_ELIGIBLE,,officer-decision-v1,alert-policy-v1
PRH-617915,2026-06,,NO_REVIEW_SIGNAL,,WITHHELD,,['COMPLETED_PROJECT'],,2026-06,NOT_ELIGIBLE,,officer-decision-v1,alert-policy-v1
PRH-617916,2026-06,,DATA_VERIFICATION_REQUIRED,,WITHHELD,,['INSUFFICIENT_HISTORY'],Review latest project update and verify missing or inconsistent reporting evidence,2026-06,NOT_ELIGIBLE,,officer-decision-v1,alert-policy-v1
PRH-617917,2026-06,,DATA_VERIFICATION_REQUIRED,,WITHHELD,,"['STALE_UPDATE', 'SOURCE_GAP', 'INSUFFICIENT_HISTORY', 'FEATURES_INSUFFICIENT', 'SCHEMA_VERIFICATION', 'SOURCE_PROVENANCE_VERIFICATION']",Review latest project update and verify missing or inconsistent reporting evidence,2026-05,NOT_ELIGIBLE,,officer-decision-v1,alert-policy-v1
PRH-617919,2026-06,,DATA_VERIFICATION_REQUIRED,,WITHHELD,,"['SOURCE_GAP', 'INSUFFICIENT_HISTORY']",Review latest project update and verify missing or inconsistent reporting evidence,2026-06,NOT_ELIGIBLE,,officer-decision-v1,alert-policy-v1
PRH-617920,2026-06,,DATA_VERIFICATION_REQUIRED,,WITHHELD,,['INSUFFICIENT_HISTORY'],Review latest project update and verify missing or inconsistent reporting evidence,2026-06,NOT_ELIGIBLE,,officer-decision-v1,alert-policy-v1
PRH-617921,2026-06,,DATA_VERIFICATION_REQUIRED,,WITHHELD,,"['SOURCE_GAP', 'INSUFFICIENT_HISTORY']",Review latest project update and verify missing or inconsistent reporting evidence,2026-06,NOT_ELIGIBLE,,officer-decision-v1,alert-policy-v1
PRH-617922,2026-06,,DATA_VERIFICATION_REQUIRED,,WITHHELD,,['INSUFFICIENT_HISTORY'],Review latest project update and verify missing or inconsistent reporting evidence,2026-06,NOT_ELIGIBLE,,officer-decision-v1,alert-policy-v1
PRH-617923,2026-06,,DATA_VERIFICATION_REQUIRED,,WITHHELD,,['INSUFFICIENT_HISTORY'],Review latest project update and verify missing or inconsistent reporting evidence,2026-06,NOT_ELIGIBLE,,officer-decision-v1,alert-policy-v1
PRH-617924,2026-06,,NO_REVIEW_SIGNAL,,WITHHELD,,['COMPLETED_PROJECT'],,2026-05,NOT_ELIGIBLE,,officer-decision-v1,alert-policy-v1
PRH-617925,2026-06,,DATA_VERIFICATION_REQUIRED,,WITHHELD,,"['SOURCE_GAP', 'INSUFFICIENT_HISTORY']",Review latest project update and verify missing or inconsistent reporting evidence,2026-06,NOT_ELIGIBLE,,officer-decision-v1,alert-policy-v1
PRH-617926,2026-06,,DATA_VERIFICATION_REQUIRED,,WITHHELD,,['INSUFFICIENT_HISTORY'],Review latest project update and verify missing or inconsistent reporting evidence,2026-06,NOT_ELIGIBLE,,officer-decision-v1,alert-policy-v1
PRH-617927,2026-06,,DATA_VERIFICATION_REQUIRED,,WITHHELD,,['INSUFFICIENT_HISTORY'],Review latest project update and verify missing or inconsistent reporting evidence,2026-06,NOT_ELIGIBLE,,officer-decision-v1,alert-policy-v1
PRH-617928,2026-06,,DATA_VERIFICATION_REQUIRED,,WITHHELD,,"['SOURCE_GAP', 'INSUFFICIENT_HISTORY']",Review latest project update and verify missing or inconsistent reporting evidence,2026-06,NOT_ELIGIBLE,,officer-decision-v1,alert-policy-v1
PRH-617929,2026-06,,DATA_VERIFICATION_REQUIRED,,WITHHELD,,"['SOURCE_GAP', 'INSUFFICIENT_HISTORY']",Review latest project update and verify missing or inconsistent reporting evidence,2026-06,NOT_ELIGIBLE,,officer-decision-v1,alert-policy-v1
PRH-617930,2026-06,,DATA_VERIFICATION_REQUIRED,,WITHHELD,,"['SOURCE_GAP', 'INSUFFICIENT_HISTORY']",Review latest project update and verify missing or inconsistent reporting evidence,2026-06,NOT_ELIGIBLE,,officer-decision-v1,alert-policy-v1
PRH-617931,2026-06,,DATA_VERIFICATION_REQUIRED,,WITHHELD,,['INSUFFICIENT_HISTORY'],Review latest project update and verify missing or inconsistent reporting evidence,2026-06,NOT_ELIGIBLE,,officer-decision-v1,alert-policy-v1
PRH-617932,2026-06,,DATA_VERIFICATION_REQUIRED,,WITHHELD,,"['SOURCE_GAP', 'INSUFFICIENT_HISTORY']",Review latest project update and verify missing or inconsistent reporting evidence,2026-06,NOT_ELIGIBLE,,officer-decision-v1,alert-policy-v1
PRH-617933,2026-06,,NO_REVIEW_SIGNAL,,WITHHELD,,['COMPLETED_PROJECT'],,2026-05,NOT_ELIGIBLE,,officer-decision-v1,alert-policy-v1
PRH-617934,2026-06,,DATA_VERIFICATION_REQUIRED,,WITHHELD,,"['SOURCE_GAP', 'INSUFFICIENT_HISTORY']",Review latest project update and verify missing or inconsistent reporting evidence,2026-06,NOT_ELIGIBLE,,officer-decision-v1,alert-policy-v1
PRH-617935,2026-06,,DATA_VERIFICATION_REQUIRED,,WITHHELD,,"['SOURCE_GAP', 'INSUFFICIENT_HISTORY']",Review latest project update and verify missing or inconsistent reporting evidence,2026-06,NOT_ELIGIBLE,,officer-decision-v1,alert-policy-v1
PRH-617936,2026-06,,NO_REVIEW_SIGNAL,,WITHHELD,,['COMPLETED_PROJECT'],,2026-06,NOT_ELIGIBLE,,officer-decision-v1,alert-policy-v1
PRH-617937,2026-06,,DATA_VERIFICATION_REQUIRED,,WITHHELD,,['INSUFFICIENT_HISTORY'],Review latest project update and verify missing or inconsistent reporting evidence,2026-06,NOT_ELIGIBLE,,officer-decision-v1,alert-policy-v1
PRH-617938,2026-06,,DATA_VERIFICATION_REQUIRED,,WITHHELD,,['INSUFFICIENT_HISTORY'],Review latest project update and verify missing or inconsistent reporting evidence,2026-06,NOT_ELIGIBLE,,officer-decision-v1,alert-policy-v1
PRH-617939,2026-06,,DATA_VERIFICATION_REQUIRED,,WITHHELD,,['INSUFFICIENT_HISTORY'],Review latest project update and verify missing or inconsistent reporting evidence,2026-06,NOT_ELIGIBLE,,officer-decision-v1,alert-policy-v1
PRH-617940,2026-06,,DATA_VERIFICATION_REQUIRED,,WITHHELD,,"['SOURCE_GAP', 'INSUFFICIENT_HISTORY']",Review latest project update and verify missing or inconsistent reporting evidence,2026-06,NOT_ELIGIBLE,,officer-decision-v1,alert-policy-v1
PRH-617941,2026-06,,DATA_VERIFICATION_REQUIRED,,WITHHELD,,['INSUFFICIENT_HISTORY'],Review latest project update and verify missing or inconsistent reporting evidence,2026-06,NOT_ELIGIBLE,,officer-decision-v1,alert-policy-v1
PRH-617942,2026-06,,DATA_VERIFICATION_REQUIRED,,WITHHELD,,"['SOURCE_GAP', 'INSUFFICIENT_HISTORY']",Review latest project update and verify missing or inconsistent reporting evidence,2026-06,NOT_ELIGIBLE,,officer-decision-v1,alert-policy-v1
PRH-617943,2026-06,,DATA_VERIFICATION_REQUIRED,,WITHHELD,,['INSUFFICIENT_HISTORY'],Review latest project update and verify missing or inconsistent reporting evidence,2026-06,NOT_ELIGIBLE,,officer-decision-v1,alert-policy-v1
PRH-617944,2026-06,,DATA_VERIFICATION_REQUIRED,,WITHHELD,,"['STALE_UPDATE', 'SOURCE_GAP', 'INSUFFICIENT_HISTORY', 'FEATURES_INSUFFICIENT', 'SCHEMA_VERIFICATION', 'SOURCE_PROVENANCE_VERIFICATION']",Review latest project update and verify missing or inconsistent reporting evidence,2026-05,NOT_ELIGIBLE,,officer-decision-v1,alert-policy-v1
PRH-617945,2026-06,,DATA_VERIFICATION_REQUIRED,,WITHHELD,,['INSUFFICIENT_HISTORY'],Review latest project update and verify missing or inconsistent reporting evidence,2026-06,NOT_ELIGIBLE,,officer-decision-v1,alert-policy-v1
PRH-617946,2026-06,,DATA_VERIFICATION_REQUIRED,,WITHHELD,,"['SOURCE_GAP', 'INSUFFICIENT_HISTORY']",Review latest project update and verify missing or inconsistent reporting evidence,2026-06,NOT_ELIGIBLE,,officer-decision-v1,alert-policy-v1
PRH-617947,2026-06,,DATA_VERIFICATION_REQUIRED,,WITHHELD,,"['SOURCE_GAP', 'INSUFFICIENT_HISTORY']",Review latest project update and verify missing or inconsistent reporting evidence,2026-06,NOT_ELIGIBLE,,officer-decision-v1,alert-policy-v1
PRH-617948,2026-06,,DATA_VERIFICATION_REQUIRED,,WITHHELD,,"['SOURCE_GAP', 'INSUFFICIENT_HISTORY']",Review latest project update and verify missing or inconsistent reporting evidence,2026-06,NOT_ELIGIBLE,,officer-decision-v1,alert-policy-v1
PRH-617949,2026-06,,NO_REVIEW_SIGNAL,,WITHHELD,,['COMPLETED_PROJECT'],,2026-06,NOT_ELIGIBLE,,officer-decision-v1,alert-policy-v1
PRH-617950,2026-06,,DATA_VERIFICATION_REQUIRED,,WITHHELD,,['INSUFFICIENT_HISTORY'],Review latest project update and verify missing or inconsistent reporting evidence,2026-06,NOT_ELIGIBLE,,officer-decision-v1,alert-policy-v1
PRH-617951,2026-06,,DATA_VERIFICATION_REQUIRED,,WITHHELD,,['INSUFFICIENT_HISTORY'],Review latest project update and verify missing or inconsistent reporting evidence,2026-06,NOT_ELIGIBLE,,officer-decision-v1,alert-policy-v1
PRH-617954,2026-06,,DATA_VERIFICATION_REQUIRED,,WITHHELD,,"['STALE_UPDATE', 'SOURCE_GAP', 'INSUFFICIENT_HISTORY', 'FEATURES_INSUFFICIENT', 'SCHEMA_VERIFICATION', 'SOURCE_PROVENANCE_VERIFICATION']",Review latest project update and verify missing or inconsistent reporting evidence,2026-05,NOT_ELIGIBLE,,officer-decision-v1,alert-policy-v1
PRH-617955,2026-06,,DATA_VERIFICATION_REQUIRED,,WITHHELD,,"['SOURCE_GAP', 'INSUFFICIENT_HISTORY']",Review latest project update and verify missing or inconsistent reporting evidence,2026-06,NOT_ELIGIBLE,,officer-decision-v1,alert-policy-v1
PRH-617957,2026-06,,DATA_VERIFICATION_REQUIRED,,WITHHELD,,"['STALE_UPDATE', 'SOURCE_GAP', 'INSUFFICIENT_HISTORY', 'FEATURES_INSUFFICIENT', 'SCHEMA_VERIFICATION', 'SOURCE_PROVENANCE_VERIFICATION']",Review latest project update and verify missing or inconsistent reporting evidence,2026-05,NOT_ELIGIBLE,,officer-decision-v1,alert-policy-v1
PRH-617958,2026-06,,DATA_VERIFICATION_REQUIRED,,WITHHELD,,"['SOURCE_GAP', 'INSUFFICIENT_HISTORY']",Review latest project update and verify missing or inconsistent reporting evidence,2026-06,NOT_ELIGIBLE,,officer-decision-v1,alert-policy-v1
PRH-617959,2026-06,,DATA_VERIFICATION_REQUIRED,,WITHHELD,,"['STALE_UPDATE', 'SOURCE_GAP', 'INSUFFICIENT_HISTORY', 'FEATURES_INSUFFICIENT', 'SCHEMA_VERIFICATION', 'SOURCE_PROVENANCE_VERIFICATION']",Review latest project update and verify missing or inconsistent reporting evidence,2026-05,NOT_ELIGIBLE,,officer-decision-v1,alert-policy-v1
PRH-617960,2026-06,,DATA_VERIFICATION_REQUIRED,,WITHHELD,,"['SOURCE_GAP', 'INSUFFICIENT_HISTORY']",Review latest project update and verify missing or inconsistent reporting evidence,2026-06,NOT_ELIGIBLE,,officer-decision-v1,alert-policy-v1
PRH-617961,2026-06,,DATA_VERIFICATION_REQUIRED,,WITHHELD,,"['SOURCE_GAP', 'INSUFFICIENT_HISTORY']",Review latest project update and verify missing or inconsistent reporting evidence,2026-06,NOT_ELIGIBLE,,officer-decision-v1,alert-policy-v1
PRH-617962,2026-06,,DATA_VERIFICATION_REQUIRED,,WITHHELD,,"['SOURCE_GAP', 'INSUFFICIENT_HISTORY']",Review latest project update and verify missing or inconsistent reporting evidence,2026-06,NOT_ELIGIBLE,,officer-decision-v1,alert-policy-v1
PRH-617963,2026-06,,DATA_VERIFICATION_REQUIRED,,WITHHELD,,"['SOURCE_GAP', 'INSUFFICIENT_HISTORY']",Review latest project update and verify missing or inconsistent reporting evidence,2026-06,NOT_ELIGIBLE,,officer-decision-v1,alert-policy-v1
PRH-617964,2026-06,,DATA_VERIFICATION_REQUIRED,,WITHHELD,,"['SOURCE_GAP', 'INSUFFICIENT_HISTORY']",Review latest project update and verify missing or inconsistent reporting evidence,2026-06,NOT_ELIGIBLE,,officer-decision-v1,alert-policy-v1
PRH-617965,2026-06,,DATA_VERIFICATION_REQUIRED,,WITHHELD,,"['SOURCE_GAP', 'INSUFFICIENT_HISTORY']",Review latest project update and verify missing or inconsistent reporting evidence,2026-06,NOT_ELIGIBLE,,officer-decision-v1,alert-policy-v1
PRH-617966,2026-06,,DATA_VERIFICATION_REQUIRED,,WITHHELD,,"['SOURCE_GAP', 'INSUFFICIENT_HISTORY']",Review latest project update and verify missing or inconsistent reporting evidence,2026-06,NOT_ELIGIBLE,,officer-decision-v1,alert-policy-v1
PRH-617967,2026-06,,DATA_VERIFICATION_REQUIRED,,WITHHELD,,['INSUFFICIENT_HISTORY'],Review latest project update and verify missing or inconsistent reporting evidence,2026-06,NOT_ELIGIBLE,,officer-decision-v1,alert-policy-v1
PRH-617968,2026-06,,DATA_VERIFICATION_REQUIRED,,WITHHELD,,"['SOURCE_GAP', 'INSUFFICIENT_HISTORY']",Review latest project update and verify missing or inconsistent reporting evidence,2026-06,NOT_ELIGIBLE,,officer-decision-v1,alert-policy-v1
PRH-617969,2026-06,,DATA_VERIFICATION_REQUIRED,,WITHHELD,,"['SOURCE_GAP', 'INSUFFICIENT_HISTORY']",Review latest project update and verify missing or inconsistent reporting evidence,2026-06,NOT_ELIGIBLE,,officer-decision-v1,alert-policy-v1
PRH-617970,2026-06,,NO_REVIEW_SIGNAL,,WITHHELD,,['COMPLETED_PROJECT'],,2026-05,NOT_ELIGIBLE,,officer-decision-v1,alert-policy-v1
PRH-617971,2026-06,,DATA_VERIFICATION_REQUIRED,,WITHHELD,,['INSUFFICIENT_HISTORY'],Review latest project update and verify missing or inconsistent reporting evidence,2026-06,NOT_ELIGIBLE,,officer-decision-v1,alert-policy-v1
PRH-617972,2026-06,,DATA_VERIFICATION_REQUIRED,,WITHHELD,,['INSUFFICIENT_HISTORY'],Review latest project update and verify missing or inconsistent reporting evidence,2026-06,NOT_ELIGIBLE,,officer-decision-v1,alert-policy-v1
PRH-617973,2026-06,,DATA_VERIFICATION_REQUIRED,,WITHHELD,,"['STALE_UPDATE', 'SOURCE_GAP', 'INSUFFICIENT_HISTORY', 'FEATURES_INSUFFICIENT', 'SCHEMA_VERIFICATION', 'SOURCE_PROVENANCE_VERIFICATION']",Review latest project update and verify missing or inconsistent reporting evidence,2026-05,NOT_ELIGIBLE,,officer-decision-v1,alert-policy-v1
PRH-617974,2026-06,,DATA_VERIFICATION_REQUIRED,,WITHHELD,,['INSUFFICIENT_HISTORY'],Review latest project update and verify missing or inconsistent reporting evidence,2026-06,NOT_ELIGIBLE,,officer-decision-v1,alert-policy-v1
PRH-617975,2026-06,,NO_REVIEW_SIGNAL,,WITHHELD,,['COMPLETED_PROJECT'],,2026-05,NOT_ELIGIBLE,,officer-decision-v1,alert-policy-v1
PRH-617976,2026-06,,DATA_VERIFICATION_REQUIRED,,WITHHELD,,"['SOURCE_GAP', 'INSUFFICIENT_HISTORY']",Review latest project update and verify missing or inconsistent reporting evidence,2026-06,NOT_ELIGIBLE,,officer-decision-v1,alert-policy-v1
PRH-617977,2026-06,,DATA_VERIFICATION_REQUIRED,,WITHHELD,,"['STALE_UPDATE', 'SOURCE_GAP', 'INSUFFICIENT_HISTORY', 'FEATURES_INSUFFICIENT', 'SCHEMA_VERIFICATION', 'SOURCE_PROVENANCE_VERIFICATION']",Review latest project update and verify missing or inconsistent reporting evidence,2026-05,NOT_ELIGIBLE,,officer-decision-v1,alert-policy-v1
PRH-617978,2026-06,,DATA_VERIFICATION_REQUIRED,,WITHHELD,,['INSUFFICIENT_HISTORY'],Review latest project update and verify missing or inconsistent reporting evidence,2026-06,NOT_ELIGIBLE,,officer-decision-v1,alert-policy-v1
PRH-617979,2026-06,,DATA_VERIFICATION_REQUIRED,,WITHHELD,,['INSUFFICIENT_HISTORY'],Review latest project update and verify missing or inconsistent reporting evidence,2026-06,NOT_ELIGIBLE,,officer-decision-v1,alert-policy-v1
PRH-617980,2026-06,,DATA_VERIFICATION_REQUIRED,,WITHHELD,,"['SOURCE_GAP', 'INSUFFICIENT_HISTORY']",Review latest project update and verify missing or inconsistent reporting evidence,2026-06,NOT_ELIGIBLE,,officer-decision-v1,alert-policy-v1
PRH-617981,2026-06,,DATA_VERIFICATION_REQUIRED,,WITHHELD,,"['STALE_UPDATE', 'SOURCE_GAP', 'INSUFFICIENT_HISTORY', 'FEATURES_INSUFFICIENT', 'SCHEMA_VERIFICATION', 'SOURCE_PROVENANCE_VERIFICATION']",Review latest project update and verify missing or inconsistent reporting evidence,2026-05,NOT_ELIGIBLE,,officer-decision-v1,alert-policy-v1
PRH-617982,2026-06,,DATA_VERIFICATION_REQUIRED,,WITHHELD,,"['STALE_UPDATE', 'SOURCE_GAP', 'INSUFFICIENT_HISTORY', 'FEATURES_INSUFFICIENT', 'SCHEMA_VERIFICATION', 'SOURCE_PROVENANCE_VERIFICATION']",Review latest project update and verify missing or inconsistent reporting evidence,2026-05,NOT_ELIGIBLE,,officer-decision-v1,alert-policy-v1
PRH-617983,2026-06,,DATA_VERIFICATION_REQUIRED,,WITHHELD,,['INSUFFICIENT_HISTORY'],Review latest project update and verify missing or inconsistent reporting evidence,2026-06,NOT_ELIGIBLE,,officer-decision-v1,alert-policy-v1
PRH-617984,2026-06,,DATA_VERIFICATION_REQUIRED,,WITHHELD,,['INSUFFICIENT_HISTORY'],Review latest project update and verify missing or inconsistent reporting evidence,2026-06,NOT_ELIGIBLE,,officer-decision-v1,alert-policy-v1
PRH-617985,2026-06,,DATA_VERIFICATION_REQUIRED,,WITHHELD,,['INSUFFICIENT_HISTORY'],Review latest project update and verify missing or inconsistent reporting evidence,2026-06,NOT_ELIGIBLE,,officer-decision-v1,alert-policy-v1
PRH-617986,2026-06,,DATA_VERIFICATION_REQUIRED,,WITHHELD,,['INSUFFICIENT_HISTORY'],Review latest project update and verify missing or inconsistent reporting evidence,2026-06,NOT_ELIGIBLE,,officer-decision-v1,alert-policy-v1
PRH-617987,2026-06,,DATA_VERIFICATION_REQUIRED,,WITHHELD,,['INSUFFICIENT_HISTORY'],Review latest project update and verify missing or inconsistent reporting evidence,2026-06,NOT_ELIGIBLE,,officer-decision-v1,alert-policy-v1
PRH-617988,2026-06,,DATA_VERIFICATION_REQUIRED,,WITHHELD,,['INSUFFICIENT_HISTORY'],Review latest project update and verify missing or inconsistent reporting evidence,2026-06,NOT_ELIGIBLE,,officer-decision-v1,alert-policy-v1
PRH-617989,2026-06,,DATA_VERIFICATION_REQUIRED,,WITHHELD,,['INSUFFICIENT_HISTORY'],Review latest project update and verify missing or inconsistent reporting evidence,2026-06,NOT_ELIGIBLE,,officer-decision-v1,alert-policy-v1
PRH-617990,2026-06,,DATA_VERIFICATION_REQUIRED,,WITHHELD,,"['STALE_UPDATE', 'SOURCE_GAP', 'INSUFFICIENT_HISTORY', 'FEATURES_INSUFFICIENT', 'SCHEMA_VERIFICATION', 'SOURCE_PROVENANCE_VERIFICATION']",Review latest project update and verify missing or inconsistent reporting evidence,2026-05,NOT_ELIGIBLE,,officer-decision-v1,alert-policy-v1
PRH-617991,2026-06,,DATA_VERIFICATION_REQUIRED,,WITHHELD,,['INSUFFICIENT_HISTORY'],Review latest project update and verify missing or inconsistent reporting evidence,2026-06,NOT_ELIGIBLE,,officer-decision-v1,alert-policy-v1
PRH-617992,2026-06,,DATA_VERIFICATION_REQUIRED,,WITHHELD,,"['STALE_UPDATE', 'SOURCE_GAP', 'INSUFFICIENT_HISTORY', 'FEATURES_INSUFFICIENT', 'SCHEMA_VERIFICATION', 'SOURCE_PROVENANCE_VERIFICATION']",Review latest project update and verify missing or inconsistent reporting evidence,2026-05,NOT_ELIGIBLE,,officer-decision-v1,alert-policy-v1
PRH-617993,2026-06,,DATA_VERIFICATION_REQUIRED,,WITHHELD,,"['STALE_UPDATE', 'SOURCE_GAP', 'INSUFFICIENT_HISTORY', 'FEATURES_INSUFFICIENT', 'SCHEMA_VERIFICATION', 'SOURCE_PROVENANCE_VERIFICATION']",Review latest project update and verify missing or inconsistent reporting evidence,2026-05,NOT_ELIGIBLE,,officer-decision-v1,alert-policy-v1
PRH-617994,2026-06,,DATA_VERIFICATION_REQUIRED,,WITHHELD,,"['SOURCE_GAP', 'INSUFFICIENT_HISTORY']",Review latest project update and verify missing or inconsistent reporting evidence,2026-06,NOT_ELIGIBLE,,officer-decision-v1,alert-policy-v1
PRH-617995,2026-06,,DATA_VERIFICATION_REQUIRED,,WITHHELD,,['INSUFFICIENT_HISTORY'],Review latest project update and verify missing or inconsistent reporting evidence,2026-06,NOT_ELIGIBLE,,officer-decision-v1,alert-policy-v1
PRH-617996,2026-06,,DATA_VERIFICATION_REQUIRED,,WITHHELD,,"['STALE_UPDATE', 'SOURCE_GAP', 'INSUFFICIENT_HISTORY', 'FEATURES_INSUFFICIENT', 'SCHEMA_VERIFICATION', 'SOURCE_PROVENANCE_VERIFICATION']",Review latest project update and verify missing or inconsistent reporting evidence,2026-05,NOT_ELIGIBLE,,officer-decision-v1,alert-policy-v1
PRH-617997,2026-06,,DATA_VERIFICATION_REQUIRED,,WITHHELD,,['INSUFFICIENT_HISTORY'],Review latest project update and verify missing or inconsistent reporting evidence,2026-06,NOT_ELIGIBLE,,officer-decision-v1,alert-policy-v1
PRH-617998,2026-06,,DATA_VERIFICATION_REQUIRED,,WITHHELD,,['INSUFFICIENT_HISTORY'],Review latest project update and verify missing or inconsistent reporting evidence,2026-06,NOT_ELIGIBLE,,officer-decision-v1,alert-policy-v1
PRH-617999,2026-06,,DATA_VERIFICATION_REQUIRED,,WITHHELD,,['INSUFFICIENT_HISTORY'],Review latest project update and verify missing or inconsistent reporting evidence,2026-06,NOT_ELIGIBLE,,officer-decision-v1,alert-policy-v1
PRH-618000,2026-06,,NO_REVIEW_SIGNAL,,WITHHELD,,['COMPLETED_PROJECT'],,2026-06,NOT_ELIGIBLE,,officer-decision-v1,alert-policy-v1
PRH-618001,2026-06,,DATA_VERIFICATION_REQUIRED,,WITHHELD,,['INSUFFICIENT_HISTORY'],Review latest project update and verify missing or inconsistent reporting evidence,2026-06,NOT_ELIGIBLE,,officer-decision-v1,alert-policy-v1
PRH-618002,2026-06,,DATA_VERIFICATION_REQUIRED,,WITHHELD,,"['STALE_UPDATE', 'SOURCE_GAP', 'INSUFFICIENT_HISTORY', 'FEATURES_INSUFFICIENT', 'SCHEMA_VERIFICATION', 'SOURCE_PROVENANCE_VERIFICATION']",Review latest project update and verify missing or inconsistent reporting evidence,2026-05,NOT_ELIGIBLE,,officer-decision-v1,alert-policy-v1
PRH-618003,2026-06,,DATA_VERIFICATION_REQUIRED,,WITHHELD,,['INSUFFICIENT_HISTORY'],Review latest project update and verify missing or inconsistent reporting evidence,2026-06,NOT_ELIGIBLE,,officer-decision-v1,alert-policy-v1
PRH-618004,2026-06,,DATA_VERIFICATION_REQUIRED,,WITHHELD,,['INSUFFICIENT_HISTORY'],Review latest project update and verify missing or inconsistent reporting evidence,2026-06,NOT_ELIGIBLE,,officer-decision-v1,alert-policy-v1
PRH-618005,2026-06,,DATA_VERIFICATION_REQUIRED,,WITHHELD,,['INSUFFICIENT_HISTORY'],Review latest project update and verify missing or inconsistent reporting evidence,2026-06,NOT_ELIGIBLE,,officer-decision-v1,alert-policy-v1
PRH-618006,2026-06,,DATA_VERIFICATION_REQUIRED,,WITHHELD,,"['STALE_UPDATE', 'SOURCE_GAP', 'INSUFFICIENT_HISTORY', 'FEATURES_INSUFFICIENT', 'SCHEMA_VERIFICATION', 'SOURCE_PROVENANCE_VERIFICATION']",Review latest project update and verify missing or inconsistent reporting evidence,2026-05,NOT_ELIGIBLE,,officer-decision-v1,alert-policy-v1
PRH-618007,2026-06,,DATA_VERIFICATION_REQUIRED,,WITHHELD,,"['STALE_UPDATE', 'SOURCE_GAP', 'INSUFFICIENT_HISTORY', 'FEATURES_INSUFFICIENT', 'SCHEMA_VERIFICATION', 'SOURCE_PROVENANCE_VERIFICATION']",Review latest project update and verify missing or inconsistent reporting evidence,2026-05,NOT_ELIGIBLE,,officer-decision-v1,alert-policy-v1
PRH-618008,2026-06,,NO_REVIEW_SIGNAL,,WITHHELD,,['COMPLETED_PROJECT'],,2026-05,NOT_ELIGIBLE,,officer-decision-v1,alert-policy-v1
PRH-618009,2026-06,,DATA_VERIFICATION_REQUIRED,,WITHHELD,,"['SOURCE_GAP', 'INSUFFICIENT_HISTORY']",Review latest project update and verify missing or inconsistent reporting evidence,2026-06,NOT_ELIGIBLE,,officer-decision-v1,alert-policy-v1
PRH-618010,2026-06,,DATA_VERIFICATION_REQUIRED,,WITHHELD,,['INSUFFICIENT_HISTORY'],Review latest project update and verify missing or inconsistent reporting evidence,2026-06,NOT_ELIGIBLE,,officer-decision-v1,alert-policy-v1
PRH-618011,2026-06,,DATA_VERIFICATION_REQUIRED,,WITHHELD,,"['SOURCE_GAP', 'INSUFFICIENT_HISTORY']",Review latest project update and verify missing or inconsistent reporting evidence,2026-06,NOT_ELIGIBLE,,officer-decision-v1,alert-policy-v1
PRH-618012,2026-06,,DATA_VERIFICATION_REQUIRED,,WITHHELD,,"['SOURCE_GAP', 'INSUFFICIENT_HISTORY']",Review latest project update and verify missing or inconsistent reporting evidence,2026-06,NOT_ELIGIBLE,,officer-decision-v1,alert-policy-v1
PRH-618013,2026-06,,DATA_VERIFICATION_REQUIRED,,WITHHELD,,['INSUFFICIENT_HISTORY'],Review latest project update and verify missing or inconsistent reporting evidence,2026-06,NOT_ELIGIBLE,,officer-decision-v1,alert-policy-v1
PRH-618014,2026-06,,DATA_VERIFICATION_REQUIRED,,WITHHELD,,['INSUFFICIENT_HISTORY'],Review latest project update and verify missing or inconsistent reporting evidence,2026-06,NOT_ELIGIBLE,,officer-decision-v1,alert-policy-v1
PRH-618015,2026-06,,DATA_VERIFICATION_REQUIRED,,WITHHELD,,['INSUFFICIENT_HISTORY'],Review latest project update and verify missing or inconsistent reporting evidence,2026-06,NOT_ELIGIBLE,,officer-decision-v1,alert-policy-v1
PRH-618016,2026-06,,DATA_VERIFICATION_REQUIRED,,WITHHELD,,['INSUFFICIENT_HISTORY'],Review latest project update and verify missing or inconsistent reporting evidence,2026-06,NOT_ELIGIBLE,,officer-decision-v1,alert-policy-v1
PRH-618017,2026-06,,DATA_VERIFICATION_REQUIRED,,WITHHELD,,['INSUFFICIENT_HISTORY'],Review latest project update and verify missing or inconsistent reporting evidence,2026-06,NOT_ELIGIBLE,,officer-decision-v1,alert-policy-v1
PRH-618018,2026-06,,DATA_VERIFICATION_REQUIRED,,WITHHELD,,['INSUFFICIENT_HISTORY'],Review latest project update and verify missing or inconsistent reporting evidence,2026-06,NOT_ELIGIBLE,,officer-decision-v1,alert-policy-v1
PRH-618019,2026-06,,DATA_VERIFICATION_REQUIRED,,WITHHELD,,"['SOURCE_GAP', 'INSUFFICIENT_HISTORY']",Review latest project update and verify missing or inconsistent reporting evidence,2026-06,NOT_ELIGIBLE,,officer-decision-v1,alert-policy-v1
PRH-618020,2026-06,,DATA_VERIFICATION_REQUIRED,,WITHHELD,,"['SOURCE_GAP', 'INSUFFICIENT_HISTORY']",Review latest project update and verify missing or inconsistent reporting evidence,2026-06,NOT_ELIGIBLE,,officer-decision-v1,alert-policy-v1
PRH-618021,2026-06,,DATA_VERIFICATION_REQUIRED,,WITHHELD,,['INSUFFICIENT_HISTORY'],Review latest project update and verify missing or inconsistent reporting evidence,2026-06,NOT_ELIGIBLE,,officer-decision-v1,alert-policy-v1
PRH-618022,2026-06,,DATA_VERIFICATION_REQUIRED,,WITHHELD,,['INSUFFICIENT_HISTORY'],Review latest project update and verify missing or inconsistent reporting evidence,2026-06,NOT_ELIGIBLE,,officer-decision-v1,alert-policy-v1
PRH-618023,2026-06,,NO_REVIEW_SIGNAL,,WITHHELD,,['COMPLETED_PROJECT'],,2026-06,NOT_ELIGIBLE,,officer-decision-v1,alert-policy-v1
PRH-618024,2026-06,,DATA_VERIFICATION_REQUIRED,,WITHHELD,,"['SOURCE_GAP', 'INSUFFICIENT_HISTORY']",Review latest project update and verify missing or inconsistent reporting evidence,2026-06,NOT_ELIGIBLE,,officer-decision-v1,alert-policy-v1
PRH-618025,2026-06,,DATA_VERIFICATION_REQUIRED,,WITHHELD,,"['SOURCE_GAP', 'INSUFFICIENT_HISTORY']",Review latest project update and verify missing or inconsistent reporting evidence,2026-06,NOT_ELIGIBLE,,officer-decision-v1,alert-policy-v1
PRH-618026,2026-06,,DATA_VERIFICATION_REQUIRED,,WITHHELD,,"['STALE_UPDATE', 'SOURCE_GAP', 'INSUFFICIENT_HISTORY', 'FEATURES_INSUFFICIENT', 'SCHEMA_VERIFICATION', 'SOURCE_PROVENANCE_VERIFICATION']",Review latest project update and verify missing or inconsistent reporting evidence,2026-05,NOT_ELIGIBLE,,officer-decision-v1,alert-policy-v1
PRH-618027,2026-06,,DATA_VERIFICATION_REQUIRED,,WITHHELD,,['INSUFFICIENT_HISTORY'],Review latest project update and verify missing or inconsistent reporting evidence,2026-06,NOT_ELIGIBLE,,officer-decision-v1,alert-policy-v1
PRH-618028,2026-06,,DATA_VERIFICATION_REQUIRED,,WITHHELD,,['INSUFFICIENT_HISTORY'],Review latest project update and verify missing or inconsistent reporting evidence,2026-06,NOT_ELIGIBLE,,officer-decision-v1,alert-policy-v1
PRH-618029,2026-06,,DATA_VERIFICATION_REQUIRED,,WITHHELD,,"['SOURCE_GAP', 'INSUFFICIENT_HISTORY']",Review latest project update and verify missing or inconsistent reporting evidence,2026-06,NOT_ELIGIBLE,,officer-decision-v1,alert-policy-v1
PRH-618030,2026-06,,DATA_VERIFICATION_REQUIRED,,WITHHELD,,"['SOURCE_GAP', 'INSUFFICIENT_HISTORY']",Review latest project update and verify missing or inconsistent reporting evidence,2026-06,NOT_ELIGIBLE,,officer-decision-v1,alert-policy-v1
PRH-618031,2026-06,,DATA_VERIFICATION_REQUIRED,,WITHHELD,,"['SOURCE_GAP', 'INSUFFICIENT_HISTORY']",Review latest project update and verify missing or inconsistent reporting evidence,2026-06,NOT_ELIGIBLE,,officer-decision-v1,alert-policy-v1
PRH-618033,2026-06,,DATA_VERIFICATION_REQUIRED,,WITHHELD,,"['SOURCE_GAP', 'INSUFFICIENT_HISTORY']",Review latest project update and verify missing or inconsistent reporting evidence,2026-06,NOT_ELIGIBLE,,officer-decision-v1,alert-policy-v1
PRH-618034,2026-06,,DATA_VERIFICATION_REQUIRED,,WITHHELD,,"['SOURCE_GAP', 'INSUFFICIENT_HISTORY']",Review latest project update and verify missing or inconsistent reporting evidence,2026-06,NOT_ELIGIBLE,,officer-decision-v1,alert-policy-v1
PRH-618035,2026-06,,DATA_VERIFICATION_REQUIRED,,WITHHELD,,['INSUFFICIENT_HISTORY'],Review latest project update and verify missing or inconsistent reporting evidence,2026-06,NOT_ELIGIBLE,,officer-decision-v1,alert-policy-v1
PRH-618036,2026-06,,DATA_VERIFICATION_REQUIRED,,WITHHELD,,['INSUFFICIENT_HISTORY'],Review latest project update and verify missing or inconsistent reporting evidence,2026-06,NOT_ELIGIBLE,,officer-decision-v1,alert-policy-v1
PRH-618037,2026-06,,DATA_VERIFICATION_REQUIRED,,WITHHELD,,"['SOURCE_GAP', 'INSUFFICIENT_HISTORY']",Review latest project update and verify missing or inconsistent reporting evidence,2026-06,NOT_ELIGIBLE,,officer-decision-v1,alert-policy-v1
PRH-618038,2026-06,,DATA_VERIFICATION_REQUIRED,,WITHHELD,,['INSUFFICIENT_HISTORY'],Review latest project update and verify missing or inconsistent reporting evidence,2026-06,NOT_ELIGIBLE,,officer-decision-v1,alert-policy-v1
PRH-618039,2026-06,,DATA_VERIFICATION_REQUIRED,,WITHHELD,,['INSUFFICIENT_HISTORY'],Review latest project update and verify missing or inconsistent reporting evidence,2026-06,NOT_ELIGIBLE,,officer-decision-v1,alert-policy-v1
PRH-618040,2026-06,,DATA_VERIFICATION_REQUIRED,,WITHHELD,,['INSUFFICIENT_HISTORY'],Review latest project update and verify missing or inconsistent reporting evidence,2026-06,NOT_ELIGIBLE,,officer-decision-v1,alert-policy-v1
PRH-618041,2026-06,,DATA_VERIFICATION_REQUIRED,,WITHHELD,,['INSUFFICIENT_HISTORY'],Review latest project update and verify missing or inconsistent reporting evidence,2026-06,NOT_ELIGIBLE,,officer-decision-v1,alert-policy-v1
PRH-618042,2026-06,,DATA_VERIFICATION_REQUIRED,,WITHHELD,,"['SOURCE_GAP', 'INSUFFICIENT_HISTORY']",Review latest project update and verify missing or inconsistent reporting evidence,2026-06,NOT_ELIGIBLE,,officer-decision-v1,alert-policy-v1
PRH-618043,2026-06,,DATA_VERIFICATION_REQUIRED,,WITHHELD,,['INSUFFICIENT_HISTORY'],Review latest project update and verify missing or inconsistent reporting evidence,2026-06,NOT_ELIGIBLE,,officer-decision-v1,alert-policy-v1
PRH-618044,2026-06,,DATA_VERIFICATION_REQUIRED,,WITHHELD,,['INSUFFICIENT_HISTORY'],Review latest project update and verify missing or inconsistent reporting evidence,2026-06,NOT_ELIGIBLE,,officer-decision-v1,alert-policy-v1
PRH-618045,2026-06,,DATA_VERIFICATION_REQUIRED,,WITHHELD,,"['STALE_UPDATE', 'SOURCE_GAP', 'INSUFFICIENT_HISTORY', 'FEATURES_INSUFFICIENT', 'SCHEMA_VERIFICATION', 'SOURCE_PROVENANCE_VERIFICATION']",Review latest project update and verify missing or inconsistent reporting evidence,2026-05,NOT_ELIGIBLE,,officer-decision-v1,alert-policy-v1
PRH-618046,2026-06,,DATA_VERIFICATION_REQUIRED,,WITHHELD,,"['STALE_UPDATE', 'SOURCE_GAP', 'INSUFFICIENT_HISTORY', 'FEATURES_INSUFFICIENT', 'SCHEMA_VERIFICATION', 'SOURCE_PROVENANCE_VERIFICATION']",Review latest project update and verify missing or inconsistent reporting evidence,2026-05,NOT_ELIGIBLE,,officer-decision-v1,alert-policy-v1
PRH-618047,2026-06,,DATA_VERIFICATION_REQUIRED,,WITHHELD,,['INSUFFICIENT_HISTORY'],Review latest project update and verify missing or inconsistent reporting evidence,2026-06,NOT_ELIGIBLE,,officer-decision-v1,alert-policy-v1
PRH-618049,2026-06,,DATA_VERIFICATION_REQUIRED,,WITHHELD,,['INSUFFICIENT_HISTORY'],Review latest project update and verify missing or inconsistent reporting evidence,2026-06,NOT_ELIGIBLE,,officer-decision-v1,alert-policy-v1
PRH-618050,2026-06,,DATA_VERIFICATION_REQUIRED,,WITHHELD,,"['STALE_UPDATE', 'SOURCE_GAP', 'INSUFFICIENT_HISTORY', 'FEATURES_INSUFFICIENT', 'SCHEMA_VERIFICATION', 'SOURCE_PROVENANCE_VERIFICATION']",Review latest project update and verify missing or inconsistent reporting evidence,2026-05,NOT_ELIGIBLE,,officer-decision-v1,alert-policy-v1
PRH-618051,2026-06,,DATA_VERIFICATION_REQUIRED,,WITHHELD,,"['SOURCE_GAP', 'INSUFFICIENT_HISTORY', 'FEATURES_INSUFFICIENT']",Review latest project update and verify missing or inconsistent reporting evidence,2026-06,NOT_ELIGIBLE,,officer-decision-v1,alert-policy-v1
PRH-618052,2026-06,,DATA_VERIFICATION_REQUIRED,,WITHHELD,,['INSUFFICIENT_HISTORY'],Review latest project update and verify missing or inconsistent reporting evidence,2026-06,NOT_ELIGIBLE,,officer-decision-v1,alert-policy-v1
PRH-618053,2026-06,,DATA_VERIFICATION_REQUIRED,,WITHHELD,,['INSUFFICIENT_HISTORY'],Review latest project update and verify missing or inconsistent reporting evidence,2026-06,NOT_ELIGIBLE,,officer-decision-v1,alert-policy-v1
PRH-618054,2026-06,,DATA_VERIFICATION_REQUIRED,,WITHHELD,,"['SOURCE_GAP', 'INSUFFICIENT_HISTORY']",Review latest project update and verify missing or inconsistent reporting evidence,2026-06,NOT_ELIGIBLE,,officer-decision-v1,alert-policy-v1
PRH-618055,2026-06,,DATA_VERIFICATION_REQUIRED,,WITHHELD,,"['SOURCE_GAP', 'INSUFFICIENT_HISTORY']",Review latest project update and verify missing or inconsistent reporting evidence,2026-06,NOT_ELIGIBLE,,officer-decision-v1,alert-policy-v1
PRH-618056,2026-06,,DATA_VERIFICATION_REQUIRED,,WITHHELD,,"['SOURCE_GAP', 'INSUFFICIENT_HISTORY']",Review latest project update and verify missing or inconsistent reporting evidence,2026-06,NOT_ELIGIBLE,,officer-decision-v1,alert-policy-v1
PRH-618057,2026-06,,DATA_VERIFICATION_REQUIRED,,WITHHELD,,"['SOURCE_GAP', 'INSUFFICIENT_HISTORY']",Review latest project update and verify missing or inconsistent reporting evidence,2026-06,NOT_ELIGIBLE,,officer-decision-v1,alert-policy-v1
PRH-618059,2026-06,,DATA_VERIFICATION_REQUIRED,,WITHHELD,,"['SOURCE_GAP', 'INSUFFICIENT_HISTORY']",Review latest project update and verify missing or inconsistent reporting evidence,2026-06,NOT_ELIGIBLE,,officer-decision-v1,alert-policy-v1
PRH-618060,2026-06,,DATA_VERIFICATION_REQUIRED,,WITHHELD,,"['SOURCE_GAP', 'INSUFFICIENT_HISTORY']",Review latest project update and verify missing or inconsistent reporting evidence,2026-06,NOT_ELIGIBLE,,officer-decision-v1,alert-policy-v1
PRH-618061,2026-06,,DATA_VERIFICATION_REQUIRED,,WITHHELD,,['INSUFFICIENT_HISTORY'],Review latest project update and verify missing or inconsistent reporting evidence,2026-06,NOT_ELIGIBLE,,officer-decision-v1,alert-policy-v1
PRH-618062,2026-06,,DATA_VERIFICATION_REQUIRED,,WITHHELD,,"['STALE_UPDATE', 'SOURCE_GAP', 'INSUFFICIENT_HISTORY', 'FEATURES_INSUFFICIENT', 'SCHEMA_VERIFICATION', 'SOURCE_PROVENANCE_VERIFICATION']",Review latest project update and verify missing or inconsistent reporting evidence,2026-05,NOT_ELIGIBLE,,officer-decision-v1,alert-policy-v1
PRH-618063,2026-06,,DATA_VERIFICATION_REQUIRED,,WITHHELD,,"['SOURCE_GAP', 'INSUFFICIENT_HISTORY']",Review latest project update and verify missing or inconsistent reporting evidence,2026-06,NOT_ELIGIBLE,,officer-decision-v1,alert-policy-v1
PRH-618064,2026-06,,DATA_VERIFICATION_REQUIRED,,WITHHELD,,"['STALE_UPDATE', 'SOURCE_GAP', 'INSUFFICIENT_HISTORY', 'FEATURES_INSUFFICIENT', 'SCHEMA_VERIFICATION', 'SOURCE_PROVENANCE_VERIFICATION']",Review latest project update and verify missing or inconsistent reporting evidence,2026-05,NOT_ELIGIBLE,,officer-decision-v1,alert-policy-v1
PRH-618065,2026-06,,DATA_VERIFICATION_REQUIRED,,WITHHELD,,"['SOURCE_GAP', 'INSUFFICIENT_HISTORY']",Review latest project update and verify missing or inconsistent reporting evidence,2026-06,NOT_ELIGIBLE,,officer-decision-v1,alert-policy-v1
PRH-618066,2026-06,,DATA_VERIFICATION_REQUIRED,,WITHHELD,,"['SOURCE_GAP', 'INSUFFICIENT_HISTORY']",Review latest project update and verify missing or inconsistent reporting evidence,2026-06,NOT_ELIGIBLE,,officer-decision-v1,alert-policy-v1
PRH-618067,2026-06,,DATA_VERIFICATION_REQUIRED,,WITHHELD,,['INSUFFICIENT_HISTORY'],Review latest project update and verify missing or inconsistent reporting evidence,2026-06,NOT_ELIGIBLE,,officer-decision-v1,alert-policy-v1
PRH-618068,2026-06,,DATA_VERIFICATION_REQUIRED,,WITHHELD,,"['SOURCE_GAP', 'INSUFFICIENT_HISTORY']",Review latest project update and verify missing or inconsistent reporting evidence,2026-06,NOT_ELIGIBLE,,officer-decision-v1,alert-policy-v1
PRH-618069,2026-06,,DATA_VERIFICATION_REQUIRED,,WITHHELD,,"['SOURCE_GAP', 'INSUFFICIENT_HISTORY']",Review latest project update and verify missing or inconsistent reporting evidence,2026-06,NOT_ELIGIBLE,,officer-decision-v1,alert-policy-v1
PRH-618070,2026-06,,DATA_VERIFICATION_REQUIRED,,WITHHELD,,"['SOURCE_GAP', 'INSUFFICIENT_HISTORY']",Review latest project update and verify missing or inconsistent reporting evidence,2026-06,NOT_ELIGIBLE,,officer-decision-v1,alert-policy-v1
PRH-618071,2026-06,,DATA_VERIFICATION_REQUIRED,,WITHHELD,,"['SOURCE_GAP', 'INSUFFICIENT_HISTORY']",Review latest project update and verify missing or inconsistent reporting evidence,2026-06,NOT_ELIGIBLE,,officer-decision-v1,alert-policy-v1
PRH-618072,2026-06,,NO_REVIEW_SIGNAL,,WITHHELD,,['COMPLETED_PROJECT'],,2026-06,NOT_ELIGIBLE,,officer-decision-v1,alert-policy-v1
PRH-618073,2026-06,,DATA_VERIFICATION_REQUIRED,,WITHHELD,,"['SOURCE_GAP', 'INSUFFICIENT_HISTORY']",Review latest project update and verify missing or inconsistent reporting evidence,2026-06,NOT_ELIGIBLE,,officer-decision-v1,alert-policy-v1
PRH-618074,2026-06,,DATA_VERIFICATION_REQUIRED,,WITHHELD,,"['SOURCE_GAP', 'INSUFFICIENT_HISTORY']",Review latest project update and verify missing or inconsistent reporting evidence,2026-06,NOT_ELIGIBLE,,officer-decision-v1,alert-policy-v1
PRH-618075,2026-06,,DATA_VERIFICATION_REQUIRED,,WITHHELD,,"['SOURCE_GAP', 'INSUFFICIENT_HISTORY']",Review latest project update and verify missing or inconsistent reporting evidence,2026-06,NOT_ELIGIBLE,,officer-decision-v1,alert-policy-v1
PRH-618076,2026-06,,DATA_VERIFICATION_REQUIRED,,WITHHELD,,"['SOURCE_GAP', 'INSUFFICIENT_HISTORY']",Review latest project update and verify missing or inconsistent reporting evidence,2026-06,NOT_ELIGIBLE,,officer-decision-v1,alert-policy-v1
PRH-618078,2026-06,,DATA_VERIFICATION_REQUIRED,,WITHHELD,,"['STALE_UPDATE', 'SOURCE_GAP', 'INSUFFICIENT_HISTORY', 'FEATURES_INSUFFICIENT', 'SCHEMA_VERIFICATION', 'SOURCE_PROVENANCE_VERIFICATION']",Review latest project update and verify missing or inconsistent reporting evidence,2026-05,NOT_ELIGIBLE,,officer-decision-v1,alert-policy-v1
PRH-618079,2026-06,,DATA_VERIFICATION_REQUIRED,,WITHHELD,,['INSUFFICIENT_HISTORY'],Review latest project update and verify missing or inconsistent reporting evidence,2026-06,NOT_ELIGIBLE,,officer-decision-v1,alert-policy-v1
PRH-618080,2026-06,,DATA_VERIFICATION_REQUIRED,,WITHHELD,,"['SOURCE_GAP', 'INSUFFICIENT_HISTORY']",Review latest project update and verify missing or inconsistent reporting evidence,2026-06,NOT_ELIGIBLE,,officer-decision-v1,alert-policy-v1
PRH-618081,2026-06,,DATA_VERIFICATION_REQUIRED,,WITHHELD,,"['SOURCE_GAP', 'INSUFFICIENT_HISTORY']",Review latest project update and verify missing or inconsistent reporting evidence,2026-06,NOT_ELIGIBLE,,officer-decision-v1,alert-policy-v1
PRH-618082,2026-06,,DATA_VERIFICATION_REQUIRED,,WITHHELD,,"['SOURCE_GAP', 'INSUFFICIENT_HISTORY']",Review latest project update and verify missing or inconsistent reporting evidence,2026-06,NOT_ELIGIBLE,,officer-decision-v1,alert-policy-v1
PRH-618083,2026-06,,DATA_VERIFICATION_REQUIRED,,WITHHELD,,"['STALE_UPDATE', 'SOURCE_GAP', 'INSUFFICIENT_HISTORY', 'FEATURES_INSUFFICIENT', 'SCHEMA_VERIFICATION', 'SOURCE_PROVENANCE_VERIFICATION']",Review latest project update and verify missing or inconsistent reporting evidence,2026-05,NOT_ELIGIBLE,,officer-decision-v1,alert-policy-v1
PRH-618084,2026-06,,DATA_VERIFICATION_REQUIRED,,WITHHELD,,"['SOURCE_GAP', 'INSUFFICIENT_HISTORY']",Review latest project update and verify missing or inconsistent reporting evidence,2026-06,NOT_ELIGIBLE,,officer-decision-v1,alert-policy-v1
PRH-618085,2026-06,,DATA_VERIFICATION_REQUIRED,,WITHHELD,,"['SOURCE_GAP', 'INSUFFICIENT_HISTORY']",Review latest project update and verify missing or inconsistent reporting evidence,2026-06,NOT_ELIGIBLE,,officer-decision-v1,alert-policy-v1
PRH-618086,2026-06,,DATA_VERIFICATION_REQUIRED,,WITHHELD,,['INSUFFICIENT_HISTORY'],Review latest project update and verify missing or inconsistent reporting evidence,2026-06,NOT_ELIGIBLE,,officer-decision-v1,alert-policy-v1
PRH-618087,2026-06,,DATA_VERIFICATION_REQUIRED,,WITHHELD,,"['SOURCE_GAP', 'INSUFFICIENT_HISTORY']",Review latest project update and verify missing or inconsistent reporting evidence,2026-06,NOT_ELIGIBLE,,officer-decision-v1,alert-policy-v1
PRH-618088,2026-06,,DATA_VERIFICATION_REQUIRED,,WITHHELD,,['INSUFFICIENT_HISTORY'],Review latest project update and verify missing or inconsistent reporting evidence,2026-06,NOT_ELIGIBLE,,officer-decision-v1,alert-policy-v1
PRH-618089,2026-06,,DATA_VERIFICATION_REQUIRED,,WITHHELD,,"['SOURCE_GAP', 'INSUFFICIENT_HISTORY']",Review latest project update and verify missing or inconsistent reporting evidence,2026-06,NOT_ELIGIBLE,,officer-decision-v1,alert-policy-v1
PRH-618090,2026-06,,DATA_VERIFICATION_REQUIRED,,WITHHELD,,"['STALE_UPDATE', 'SOURCE_GAP', 'INSUFFICIENT_HISTORY', 'FEATURES_INSUFFICIENT', 'SCHEMA_VERIFICATION', 'SOURCE_PROVENANCE_VERIFICATION']",Review latest project update and verify missing or inconsistent reporting evidence,2026-05,NOT_ELIGIBLE,,officer-decision-v1,alert-policy-v1
PRH-618091,2026-06,,DATA_VERIFICATION_REQUIRED,,WITHHELD,,['INSUFFICIENT_HISTORY'],Review latest project update and verify missing or inconsistent reporting evidence,2026-06,NOT_ELIGIBLE,,officer-decision-v1,alert-policy-v1
PRH-618092,2026-06,,DATA_VERIFICATION_REQUIRED,,WITHHELD,,"['SOURCE_GAP', 'INSUFFICIENT_HISTORY']",Review latest project update and verify missing or inconsistent reporting evidence,2026-06,NOT_ELIGIBLE,,officer-decision-v1,alert-policy-v1
PRH-618093,2026-06,,DATA_VERIFICATION_REQUIRED,,WITHHELD,,"['STALE_UPDATE', 'SOURCE_GAP', 'INSUFFICIENT_HISTORY', 'FEATURES_INSUFFICIENT', 'SCHEMA_VERIFICATION', 'SOURCE_PROVENANCE_VERIFICATION']",Review latest project update and verify missing or inconsistent reporting evidence,2026-05,NOT_ELIGIBLE,,officer-decision-v1,alert-policy-v1
PRH-618094,2026-06,,DATA_VERIFICATION_REQUIRED,,WITHHELD,,"['SOURCE_GAP', 'INSUFFICIENT_HISTORY']",Review latest project update and verify missing or inconsistent reporting evidence,2026-06,NOT_ELIGIBLE,,officer-decision-v1,alert-policy-v1
PRH-618095,2026-06,,DATA_VERIFICATION_REQUIRED,,WITHHELD,,['INSUFFICIENT_HISTORY'],Review latest project update and verify missing or inconsistent reporting evidence,2026-06,NOT_ELIGIBLE,,officer-decision-v1,alert-policy-v1
PRH-618096,2026-06,,DATA_VERIFICATION_REQUIRED,,WITHHELD,,['INSUFFICIENT_HISTORY'],Review latest project update and verify missing or inconsistent reporting evidence,2026-06,NOT_ELIGIBLE,,officer-decision-v1,alert-policy-v1
PRH-618097,2026-06,,DATA_VERIFICATION_REQUIRED,,WITHHELD,,"['SOURCE_GAP', 'INSUFFICIENT_HISTORY']",Review latest project update and verify missing or inconsistent reporting evidence,2026-06,NOT_ELIGIBLE,,officer-decision-v1,alert-policy-v1
PRH-618098,2026-06,,DATA_VERIFICATION_REQUIRED,,WITHHELD,,"['SOURCE_GAP', 'INSUFFICIENT_HISTORY']",Review latest project update and verify missing or inconsistent reporting evidence,2026-06,NOT_ELIGIBLE,,officer-decision-v1,alert-policy-v1
PRH-618099,2026-06,,NO_REVIEW_SIGNAL,,WITHHELD,,['COMPLETED_PROJECT'],,2026-05,NOT_ELIGIBLE,,officer-decision-v1,alert-policy-v1
PRH-618101,2026-06,,DATA_VERIFICATION_REQUIRED,,WITHHELD,,['INSUFFICIENT_HISTORY'],Review latest project update and verify missing or inconsistent reporting evidence,2026-06,NOT_ELIGIBLE,,officer-decision-v1,alert-policy-v1
PRH-618103,2026-06,,DATA_VERIFICATION_REQUIRED,,WITHHELD,,['INSUFFICIENT_HISTORY'],Review latest project update and verify missing or inconsistent reporting evidence,2026-06,NOT_ELIGIBLE,,officer-decision-v1,alert-policy-v1
PRH-618104,2026-06,,DATA_VERIFICATION_REQUIRED,,WITHHELD,,"['SOURCE_GAP', 'INSUFFICIENT_HISTORY']",Review latest project update and verify missing or inconsistent reporting evidence,2026-06,NOT_ELIGIBLE,,officer-decision-v1,alert-policy-v1
PRH-618105,2026-06,,DATA_VERIFICATION_REQUIRED,,WITHHELD,,"['SOURCE_GAP', 'INSUFFICIENT_HISTORY']",Review latest project update and verify missing or inconsistent reporting evidence,2026-06,NOT_ELIGIBLE,,officer-decision-v1,alert-policy-v1
PRH-618106,2026-06,,DATA_VERIFICATION_REQUIRED,,WITHHELD,,"['SOURCE_GAP', 'INSUFFICIENT_HISTORY']",Review latest project update and verify missing or inconsistent reporting evidence,2026-06,NOT_ELIGIBLE,,officer-decision-v1,alert-policy-v1
PRH-618107,2026-06,,DATA_VERIFICATION_REQUIRED,,WITHHELD,,['INSUFFICIENT_HISTORY'],Review latest project update and verify missing or inconsistent reporting evidence,2026-06,NOT_ELIGIBLE,,officer-decision-v1,alert-policy-v1
PRH-618108,2026-06,,DATA_VERIFICATION_REQUIRED,,WITHHELD,,"['SOURCE_GAP', 'INSUFFICIENT_HISTORY']",Review latest project update and verify missing or inconsistent reporting evidence,2026-06,NOT_ELIGIBLE,,officer-decision-v1,alert-policy-v1
PRH-618109,2026-06,,DATA_VERIFICATION_REQUIRED,,WITHHELD,,"['SOURCE_GAP', 'INSUFFICIENT_HISTORY']",Review latest project update and verify missing or inconsistent reporting evidence,2026-06,NOT_ELIGIBLE,,officer-decision-v1,alert-policy-v1
PRH-618110,2026-06,,DATA_VERIFICATION_REQUIRED,,WITHHELD,,"['STALE_UPDATE', 'SOURCE_GAP', 'INSUFFICIENT_HISTORY', 'FEATURES_INSUFFICIENT', 'SCHEMA_VERIFICATION', 'SOURCE_PROVENANCE_VERIFICATION']",Review latest project update and verify missing or inconsistent reporting evidence,2026-05,NOT_ELIGIBLE,,officer-decision-v1,alert-policy-v1
PRH-618111,2026-06,,DATA_VERIFICATION_REQUIRED,,WITHHELD,,"['SOURCE_GAP', 'INSUFFICIENT_HISTORY']",Review latest project update and verify missing or inconsistent reporting evidence,2026-06,NOT_ELIGIBLE,,officer-decision-v1,alert-policy-v1
PRH-618112,2026-06,,DATA_VERIFICATION_REQUIRED,,WITHHELD,,"['SOURCE_GAP', 'INSUFFICIENT_HISTORY']",Review latest project update and verify missing or inconsistent reporting evidence,2026-06,NOT_ELIGIBLE,,officer-decision-v1,alert-policy-v1
PRH-618113,2026-06,,DATA_VERIFICATION_REQUIRED,,WITHHELD,,"['SOURCE_GAP', 'INSUFFICIENT_HISTORY']",Review latest project update and verify missing or inconsistent reporting evidence,2026-06,NOT_ELIGIBLE,,officer-decision-v1,alert-policy-v1
PRH-618114,2026-06,,DATA_VERIFICATION_REQUIRED,,WITHHELD,,['INSUFFICIENT_HISTORY'],Review latest project update and verify missing or inconsistent reporting evidence,2026-06,NOT_ELIGIBLE,,officer-decision-v1,alert-policy-v1
PRH-618116,2026-06,,DATA_VERIFICATION_REQUIRED,,WITHHELD,,['INSUFFICIENT_HISTORY'],Review latest project update and verify missing or inconsistent reporting evidence,2026-06,NOT_ELIGIBLE,,officer-decision-v1,alert-policy-v1
PRH-618117,2026-06,,DATA_VERIFICATION_REQUIRED,,WITHHELD,,['INSUFFICIENT_HISTORY'],Review latest project update and verify missing or inconsistent reporting evidence,2026-06,NOT_ELIGIBLE,,officer-decision-v1,alert-policy-v1
PRH-618118,2026-06,,NO_REVIEW_SIGNAL,,WITHHELD,,['COMPLETED_PROJECT'],,2026-05,NOT_ELIGIBLE,,officer-decision-v1,alert-policy-v1
PRH-618119,2026-06,,DATA_VERIFICATION_REQUIRED,,WITHHELD,,['INSUFFICIENT_HISTORY'],Review latest project update and verify missing or inconsistent reporting evidence,2026-06,NOT_ELIGIBLE,,officer-decision-v1,alert-policy-v1
PRH-618120,2026-06,,DATA_VERIFICATION_REQUIRED,,WITHHELD,,['INSUFFICIENT_HISTORY'],Review latest project update and verify missing or inconsistent reporting evidence,2026-06,NOT_ELIGIBLE,,officer-decision-v1,alert-policy-v1
PRH-618121,2026-06,,DATA_VERIFICATION_REQUIRED,,WITHHELD,,"['SOURCE_GAP', 'INSUFFICIENT_HISTORY']",Review latest project update and verify missing or inconsistent reporting evidence,2026-06,NOT_ELIGIBLE,,officer-decision-v1,alert-policy-v1
PRH-618122,2026-06,,DATA_VERIFICATION_REQUIRED,,WITHHELD,,['INSUFFICIENT_HISTORY'],Review latest project update and verify missing or inconsistent reporting evidence,2026-06,NOT_ELIGIBLE,,officer-decision-v1,alert-policy-v1
PRH-618123,2026-06,,DATA_VERIFICATION_REQUIRED,,WITHHELD,,['INSUFFICIENT_HISTORY'],Review latest project update and verify missing or inconsistent reporting evidence,2026-06,NOT_ELIGIBLE,,officer-decision-v1,alert-policy-v1
PRH-618124,2026-06,,DATA_VERIFICATION_REQUIRED,,WITHHELD,,"['SOURCE_GAP', 'INSUFFICIENT_HISTORY']",Review latest project update and verify missing or inconsistent reporting evidence,2026-06,NOT_ELIGIBLE,,officer-decision-v1,alert-policy-v1
PRH-618125,2026-06,,NO_REVIEW_SIGNAL,,WITHHELD,,['COMPLETED_PROJECT'],,2026-06,NOT_ELIGIBLE,,officer-decision-v1,alert-policy-v1
PRH-618126,2026-06,,DATA_VERIFICATION_REQUIRED,,WITHHELD,,['INSUFFICIENT_HISTORY'],Review latest project update and verify missing or inconsistent reporting evidence,2026-06,NOT_ELIGIBLE,,officer-decision-v1,alert-policy-v1
PRH-618127,2026-06,,DATA_VERIFICATION_REQUIRED,,WITHHELD,,['INSUFFICIENT_HISTORY'],Review latest project update and verify missing or inconsistent reporting evidence,2026-06,NOT_ELIGIBLE,,officer-decision-v1,alert-policy-v1
PRH-618129,2026-06,,DATA_VERIFICATION_REQUIRED,,WITHHELD,,['INSUFFICIENT_HISTORY'],Review latest project update and verify missing or inconsistent reporting evidence,2026-06,NOT_ELIGIBLE,,officer-decision-v1,alert-policy-v1
PRH-618130,2026-06,,DATA_VERIFICATION_REQUIRED,,WITHHELD,,['INSUFFICIENT_HISTORY'],Review latest project update and verify missing or inconsistent reporting evidence,2026-06,NOT_ELIGIBLE,,officer-decision-v1,alert-policy-v1
PRH-618132,2026-06,,DATA_VERIFICATION_REQUIRED,,WITHHELD,,"['STALE_UPDATE', 'SOURCE_GAP', 'INSUFFICIENT_HISTORY', 'FEATURES_INSUFFICIENT', 'SCHEMA_VERIFICATION', 'SOURCE_PROVENANCE_VERIFICATION']",Review latest project update and verify missing or inconsistent reporting evidence,2026-05,NOT_ELIGIBLE,,officer-decision-v1,alert-policy-v1
PRH-618133,2026-06,,DATA_VERIFICATION_REQUIRED,,WITHHELD,,['INSUFFICIENT_HISTORY'],Review latest project update and verify missing or inconsistent reporting evidence,2026-06,NOT_ELIGIBLE,,officer-decision-v1,alert-policy-v1
PRH-618134,2026-06,,DATA_VERIFICATION_REQUIRED,,WITHHELD,,['INSUFFICIENT_HISTORY'],Review latest project update and verify missing or inconsistent reporting evidence,2026-06,NOT_ELIGIBLE,,officer-decision-v1,alert-policy-v1
PRH-618136,2026-06,,DATA_VERIFICATION_REQUIRED,,WITHHELD,,"['STALE_UPDATE', 'SOURCE_GAP', 'INSUFFICIENT_HISTORY', 'FEATURES_INSUFFICIENT', 'SCHEMA_VERIFICATION', 'SOURCE_PROVENANCE_VERIFICATION']",Review latest project update and verify missing or inconsistent reporting evidence,2026-05,NOT_ELIGIBLE,,officer-decision-v1,alert-policy-v1
PRH-618137,2026-06,,DATA_VERIFICATION_REQUIRED,,WITHHELD,,['INSUFFICIENT_HISTORY'],Review latest project update and verify missing or inconsistent reporting evidence,2026-06,NOT_ELIGIBLE,,officer-decision-v1,alert-policy-v1
PRH-618138,2026-06,,DATA_VERIFICATION_REQUIRED,,WITHHELD,,['INSUFFICIENT_HISTORY'],Review latest project update and verify missing or inconsistent reporting evidence,2026-06,NOT_ELIGIBLE,,officer-decision-v1,alert-policy-v1
PRH-618139,2026-06,,DATA_VERIFICATION_REQUIRED,,WITHHELD,,['INSUFFICIENT_HISTORY'],Review latest project update and verify missing or inconsistent reporting evidence,2026-06,NOT_ELIGIBLE,,officer-decision-v1,alert-policy-v1
PRH-618140,2026-06,,DATA_VERIFICATION_REQUIRED,,WITHHELD,,['INSUFFICIENT_HISTORY'],Review latest project update and verify missing or inconsistent reporting evidence,2026-06,NOT_ELIGIBLE,,officer-decision-v1,alert-policy-v1
PRH-618141,2026-06,,DATA_VERIFICATION_REQUIRED,,WITHHELD,,['INSUFFICIENT_HISTORY'],Review latest project update and verify missing or inconsistent reporting evidence,2026-06,NOT_ELIGIBLE,,officer-decision-v1,alert-policy-v1
PRH-618142,2026-06,,DATA_VERIFICATION_REQUIRED,,WITHHELD,,"['STALE_UPDATE', 'SOURCE_GAP', 'INSUFFICIENT_HISTORY', 'FEATURES_INSUFFICIENT', 'SCHEMA_VERIFICATION', 'SOURCE_PROVENANCE_VERIFICATION']",Review latest project update and verify missing or inconsistent reporting evidence,2026-05,NOT_ELIGIBLE,,officer-decision-v1,alert-policy-v1
PRH-618143,2026-06,,DATA_VERIFICATION_REQUIRED,,WITHHELD,,"['STALE_UPDATE', 'SOURCE_GAP', 'INSUFFICIENT_HISTORY', 'FEATURES_INSUFFICIENT', 'SCHEMA_VERIFICATION', 'SOURCE_PROVENANCE_VERIFICATION']",Review latest project update and verify missing or inconsistent reporting evidence,2026-05,NOT_ELIGIBLE,,officer-decision-v1,alert-policy-v1
PRH-618144,2026-06,,DATA_VERIFICATION_REQUIRED,,WITHHELD,,"['STALE_UPDATE', 'SOURCE_GAP', 'INSUFFICIENT_HISTORY', 'FEATURES_INSUFFICIENT', 'SCHEMA_VERIFICATION', 'SOURCE_PROVENANCE_VERIFICATION']",Review latest project update and verify missing or inconsistent reporting evidence,2026-05,NOT_ELIGIBLE,,officer-decision-v1,alert-policy-v1
PRH-618145,2026-06,,DATA_VERIFICATION_REQUIRED,,WITHHELD,,"['STALE_UPDATE', 'SOURCE_GAP', 'INSUFFICIENT_HISTORY', 'FEATURES_INSUFFICIENT', 'SCHEMA_VERIFICATION', 'SOURCE_PROVENANCE_VERIFICATION']",Review latest project update and verify missing or inconsistent reporting evidence,2026-05,NOT_ELIGIBLE,,officer-decision-v1,alert-policy-v1
PRH-618146,2026-06,,DATA_VERIFICATION_REQUIRED,,WITHHELD,,['INSUFFICIENT_HISTORY'],Review latest project update and verify missing or inconsistent reporting evidence,2026-06,NOT_ELIGIBLE,,officer-decision-v1,alert-policy-v1
PRH-618147,2026-06,,DATA_VERIFICATION_REQUIRED,,WITHHELD,,['INSUFFICIENT_HISTORY'],Review latest project update and verify missing or inconsistent reporting evidence,2026-06,NOT_ELIGIBLE,,officer-decision-v1,alert-policy-v1
PRH-618148,2026-06,,DATA_VERIFICATION_REQUIRED,,WITHHELD,,['INSUFFICIENT_HISTORY'],Review latest project update and verify missing or inconsistent reporting evidence,2026-06,NOT_ELIGIBLE,,officer-decision-v1,alert-policy-v1
PRH-618149,2026-06,,DATA_VERIFICATION_REQUIRED,,WITHHELD,,['INSUFFICIENT_HISTORY'],Review latest project update and verify missing or inconsistent reporting evidence,2026-06,NOT_ELIGIBLE,,officer-decision-v1,alert-policy-v1
PRH-618150,2026-06,,DATA_VERIFICATION_REQUIRED,,WITHHELD,,['INSUFFICIENT_HISTORY'],Review latest project update and verify missing or inconsistent reporting evidence,2026-06,NOT_ELIGIBLE,,officer-decision-v1,alert-policy-v1
PRH-618151,2026-06,,DATA_VERIFICATION_REQUIRED,,WITHHELD,,['INSUFFICIENT_HISTORY'],Review latest project update and verify missing or inconsistent reporting evidence,2026-06,NOT_ELIGIBLE,,officer-decision-v1,alert-policy-v1
PRH-618152,2026-06,,DATA_VERIFICATION_REQUIRED,,WITHHELD,,['INSUFFICIENT_HISTORY'],Review latest project update and verify missing or inconsistent reporting evidence,2026-06,NOT_ELIGIBLE,,officer-decision-v1,alert-policy-v1
PRH-618153,2026-06,,DATA_VERIFICATION_REQUIRED,,WITHHELD,,['INSUFFICIENT_HISTORY'],Review latest project update and verify missing or inconsistent reporting evidence,2026-06,NOT_ELIGIBLE,,officer-decision-v1,alert-policy-v1
PRH-618154,2026-06,,DATA_VERIFICATION_REQUIRED,,WITHHELD,,['INSUFFICIENT_HISTORY'],Review latest project update and verify missing or inconsistent reporting evidence,2026-06,NOT_ELIGIBLE,,officer-decision-v1,alert-policy-v1
PRH-618155,2026-06,,DATA_VERIFICATION_REQUIRED,,WITHHELD,,['INSUFFICIENT_HISTORY'],Review latest project update and verify missing or inconsistent reporting evidence,2026-06,NOT_ELIGIBLE,,officer-decision-v1,alert-policy-v1
PRH-618156,2026-06,,DATA_VERIFICATION_REQUIRED,,WITHHELD,,['INSUFFICIENT_HISTORY'],Review latest project update and verify missing or inconsistent reporting evidence,2026-06,NOT_ELIGIBLE,,officer-decision-v1,alert-policy-v1
PRH-618157,2026-06,,DATA_VERIFICATION_REQUIRED,,WITHHELD,,['INSUFFICIENT_HISTORY'],Review latest project update and verify missing or inconsistent reporting evidence,2026-06,NOT_ELIGIBLE,,officer-decision-v1,alert-policy-v1
PRH-618158,2026-06,,DATA_VERIFICATION_REQUIRED,,WITHHELD,,['INSUFFICIENT_HISTORY'],Review latest project update and verify missing or inconsistent reporting evidence,2026-06,NOT_ELIGIBLE,,officer-decision-v1,alert-policy-v1
PRH-618159,2026-06,,DATA_VERIFICATION_REQUIRED,,WITHHELD,,['INSUFFICIENT_HISTORY'],Review latest project update and verify missing or inconsistent reporting evidence,2026-06,NOT_ELIGIBLE,,officer-decision-v1,alert-policy-v1
PRH-618160,2026-06,,DATA_VERIFICATION_REQUIRED,,WITHHELD,,['INSUFFICIENT_HISTORY'],Review latest project update and verify missing or inconsistent reporting evidence,2026-06,NOT_ELIGIBLE,,officer-decision-v1,alert-policy-v1
PRH-618161,2026-06,,DATA_VERIFICATION_REQUIRED,,WITHHELD,,"['STALE_UPDATE', 'SOURCE_GAP', 'INSUFFICIENT_HISTORY', 'FEATURES_INSUFFICIENT', 'SCHEMA_VERIFICATION', 'SOURCE_PROVENANCE_VERIFICATION']",Review latest project update and verify missing or inconsistent reporting evidence,2026-05,NOT_ELIGIBLE,,officer-decision-v1,alert-policy-v1
PRH-618162,2026-06,,DATA_VERIFICATION_REQUIRED,,WITHHELD,,['INSUFFICIENT_HISTORY'],Review latest project update and verify missing or inconsistent reporting evidence,2026-06,NOT_ELIGIBLE,,officer-decision-v1,alert-policy-v1
PRH-618163,2026-06,,DATA_VERIFICATION_REQUIRED,,WITHHELD,,['INSUFFICIENT_HISTORY'],Review latest project update and verify missing or inconsistent reporting evidence,2026-06,NOT_ELIGIBLE,,officer-decision-v1,alert-policy-v1
PRH-618164,2026-06,,DATA_VERIFICATION_REQUIRED,,WITHHELD,,['INSUFFICIENT_HISTORY'],Review latest project update and verify missing or inconsistent reporting evidence,2026-06,NOT_ELIGIBLE,,officer-decision-v1,alert-policy-v1
PRH-618165,2026-06,,NO_REVIEW_SIGNAL,,WITHHELD,,['COMPLETED_PROJECT'],,2026-06,NOT_ELIGIBLE,,officer-decision-v1,alert-policy-v1
PRH-618166,2026-06,,NO_REVIEW_SIGNAL,,WITHHELD,,['COMPLETED_PROJECT'],,2026-06,NOT_ELIGIBLE,,officer-decision-v1,alert-policy-v1
PRH-618167,2026-06,,DATA_VERIFICATION_REQUIRED,,WITHHELD,,"['STALE_UPDATE', 'SOURCE_GAP', 'INSUFFICIENT_HISTORY', 'FEATURES_INSUFFICIENT', 'SCHEMA_VERIFICATION', 'SOURCE_PROVENANCE_VERIFICATION']",Review latest project update and verify missing or inconsistent reporting evidence,2026-05,NOT_ELIGIBLE,,officer-decision-v1,alert-policy-v1
PRH-618168,2026-06,,DATA_VERIFICATION_REQUIRED,,WITHHELD,,['INSUFFICIENT_HISTORY'],Review latest project update and verify missing or inconsistent reporting evidence,2026-06,NOT_ELIGIBLE,,officer-decision-v1,alert-policy-v1
PRH-618169,2026-06,,DATA_VERIFICATION_REQUIRED,,WITHHELD,,['INSUFFICIENT_HISTORY'],Review latest project update and verify missing or inconsistent reporting evidence,2026-06,NOT_ELIGIBLE,,officer-decision-v1,alert-policy-v1
PRH-618170,2026-06,,DATA_VERIFICATION_REQUIRED,,WITHHELD,,['INSUFFICIENT_HISTORY'],Review latest project update and verify missing or inconsistent reporting evidence,2026-06,NOT_ELIGIBLE,,officer-decision-v1,alert-policy-v1
PRH-618171,2026-06,,DATA_VERIFICATION_REQUIRED,,WITHHELD,,['INSUFFICIENT_HISTORY'],Review latest project update and verify missing or inconsistent reporting evidence,2026-06,NOT_ELIGIBLE,,officer-decision-v1,alert-policy-v1
PRH-618172,2026-06,,DATA_VERIFICATION_REQUIRED,,WITHHELD,,"['SOURCE_GAP', 'INSUFFICIENT_HISTORY']",Review latest project update and verify missing or inconsistent reporting evidence,2026-06,NOT_ELIGIBLE,,officer-decision-v1,alert-policy-v1
PRH-618173,2026-06,,DATA_VERIFICATION_REQUIRED,,WITHHELD,,"['SOURCE_GAP', 'INSUFFICIENT_HISTORY']",Review latest project update and verify missing or inconsistent reporting evidence,2026-06,NOT_ELIGIBLE,,officer-decision-v1,alert-policy-v1
PRH-618174,2026-06,,NO_REVIEW_SIGNAL,,WITHHELD,,['COMPLETED_PROJECT'],,2026-06,NOT_ELIGIBLE,,officer-decision-v1,alert-policy-v1
PRH-618175,2026-06,,DATA_VERIFICATION_REQUIRED,,WITHHELD,,"['SOURCE_GAP', 'INSUFFICIENT_HISTORY']",Review latest project update and verify missing or inconsistent reporting evidence,2026-06,NOT_ELIGIBLE,,officer-decision-v1,alert-policy-v1
PRH-618176,2026-06,,DATA_VERIFICATION_REQUIRED,,WITHHELD,,['INSUFFICIENT_HISTORY'],Review latest project update and verify missing or inconsistent reporting evidence,2026-06,NOT_ELIGIBLE,,officer-decision-v1,alert-policy-v1
PRH-618177,2026-06,,DATA_VERIFICATION_REQUIRED,,WITHHELD,,"['SOURCE_GAP', 'INSUFFICIENT_HISTORY']",Review latest project update and verify missing or inconsistent reporting evidence,2026-06,NOT_ELIGIBLE,,officer-decision-v1,alert-policy-v1
PRH-618178,2026-06,,DATA_VERIFICATION_REQUIRED,,WITHHELD,,['INSUFFICIENT_HISTORY'],Review latest project update and verify missing or inconsistent reporting evidence,2026-06,NOT_ELIGIBLE,,officer-decision-v1,alert-policy-v1
PRH-618179,2026-06,,DATA_VERIFICATION_REQUIRED,,WITHHELD,,['INSUFFICIENT_HISTORY'],Review latest project update and verify missing or inconsistent reporting evidence,2026-06,NOT_ELIGIBLE,,officer-decision-v1,alert-policy-v1
PRH-618180,2026-06,,DATA_VERIFICATION_REQUIRED,,WITHHELD,,"['SOURCE_GAP', 'INSUFFICIENT_HISTORY']",Review latest project update and verify missing or inconsistent reporting evidence,2026-06,NOT_ELIGIBLE,,officer-decision-v1,alert-policy-v1
PRH-618181,2026-06,,DATA_VERIFICATION_REQUIRED,,WITHHELD,,"['STALE_UPDATE', 'SOURCE_GAP', 'INSUFFICIENT_HISTORY', 'FEATURES_INSUFFICIENT', 'SCHEMA_VERIFICATION', 'SOURCE_PROVENANCE_VERIFICATION']",Review latest project update and verify missing or inconsistent reporting evidence,2026-05,NOT_ELIGIBLE,,officer-decision-v1,alert-policy-v1
PRH-618182,2026-06,,DATA_VERIFICATION_REQUIRED,,WITHHELD,,['INSUFFICIENT_HISTORY'],Review latest project update and verify missing or inconsistent reporting evidence,2026-06,NOT_ELIGIBLE,,officer-decision-v1,alert-policy-v1
PRH-618183,2026-06,,DATA_VERIFICATION_REQUIRED,,WITHHELD,,['INSUFFICIENT_HISTORY'],Review latest project update and verify missing or inconsistent reporting evidence,2026-06,NOT_ELIGIBLE,,officer-decision-v1,alert-policy-v1
PRH-618184,2026-06,,DATA_VERIFICATION_REQUIRED,,WITHHELD,,['INSUFFICIENT_HISTORY'],Review latest project update and verify missing or inconsistent reporting evidence,2026-06,NOT_ELIGIBLE,,officer-decision-v1,alert-policy-v1
PRH-618185,2026-06,,DATA_VERIFICATION_REQUIRED,,WITHHELD,,['INSUFFICIENT_HISTORY'],Review latest project update and verify missing or inconsistent reporting evidence,2026-06,NOT_ELIGIBLE,,officer-decision-v1,alert-policy-v1
PRH-618186,2026-06,,DATA_VERIFICATION_REQUIRED,,WITHHELD,,"['SOURCE_GAP', 'INSUFFICIENT_HISTORY']",Review latest project update and verify missing or inconsistent reporting evidence,2026-06,NOT_ELIGIBLE,,officer-decision-v1,alert-policy-v1
PRH-618187,2026-06,,DATA_VERIFICATION_REQUIRED,,WITHHELD,,['INSUFFICIENT_HISTORY'],Review latest project update and verify missing or inconsistent reporting evidence,2026-06,NOT_ELIGIBLE,,officer-decision-v1,alert-policy-v1
PRH-618188,2026-06,,DATA_VERIFICATION_REQUIRED,,WITHHELD,,"['SOURCE_GAP', 'INSUFFICIENT_HISTORY']",Review latest project update and verify missing or inconsistent reporting evidence,2026-06,NOT_ELIGIBLE,,officer-decision-v1,alert-policy-v1
PRH-618189,2026-06,,DATA_VERIFICATION_REQUIRED,,WITHHELD,,['INSUFFICIENT_HISTORY'],Review latest project update and verify missing or inconsistent reporting evidence,2026-06,NOT_ELIGIBLE,,officer-decision-v1,alert-policy-v1
PRH-618190,2026-06,,DATA_VERIFICATION_REQUIRED,,WITHHELD,,"['SOURCE_GAP', 'INSUFFICIENT_HISTORY']",Review latest project update and verify missing or inconsistent reporting evidence,2026-06,NOT_ELIGIBLE,,officer-decision-v1,alert-policy-v1
PRH-618191,2026-06,,DATA_VERIFICATION_REQUIRED,,WITHHELD,,"['STALE_UPDATE', 'SOURCE_GAP', 'INSUFFICIENT_HISTORY', 'FEATURES_INSUFFICIENT', 'SCHEMA_VERIFICATION', 'SOURCE_PROVENANCE_VERIFICATION']",Review latest project update and verify missing or inconsistent reporting evidence,2026-05,NOT_ELIGIBLE,,officer-decision-v1,alert-policy-v1
PRH-618192,2026-06,,DATA_VERIFICATION_REQUIRED,,WITHHELD,,"['STALE_UPDATE', 'SOURCE_GAP', 'INSUFFICIENT_HISTORY', 'FEATURES_INSUFFICIENT', 'SCHEMA_VERIFICATION', 'SOURCE_PROVENANCE_VERIFICATION']",Review latest project update and verify missing or inconsistent reporting evidence,2026-05,NOT_ELIGIBLE,,officer-decision-v1,alert-policy-v1
PRH-618193,2026-06,,DATA_VERIFICATION_REQUIRED,,WITHHELD,,['INSUFFICIENT_HISTORY'],Review latest project update and verify missing or inconsistent reporting evidence,2026-06,NOT_ELIGIBLE,,officer-decision-v1,alert-policy-v1
PRH-618194,2026-06,,DATA_VERIFICATION_REQUIRED,,WITHHELD,,"['SOURCE_GAP', 'INSUFFICIENT_HISTORY']",Review latest project update and verify missing or inconsistent reporting evidence,2026-06,NOT_ELIGIBLE,,officer-decision-v1,alert-policy-v1
PRH-618196,2026-06,,DATA_VERIFICATION_REQUIRED,,WITHHELD,,"['SOURCE_GAP', 'INSUFFICIENT_HISTORY']",Review latest project update and verify missing or inconsistent reporting evidence,2026-06,NOT_ELIGIBLE,,officer-decision-v1,alert-policy-v1
PRH-618197,2026-06,,DATA_VERIFICATION_REQUIRED,,WITHHELD,,"['SOURCE_GAP', 'INSUFFICIENT_HISTORY']",Review latest project update and verify missing or inconsistent reporting evidence,2026-06,NOT_ELIGIBLE,,officer-decision-v1,alert-policy-v1
PRH-618198,2026-06,,DATA_VERIFICATION_REQUIRED,,WITHHELD,,"['SOURCE_GAP', 'INSUFFICIENT_HISTORY']",Review latest project update and verify missing or inconsistent reporting evidence,2026-06,NOT_ELIGIBLE,,officer-decision-v1,alert-policy-v1
PRH-618199,2026-06,,DATA_VERIFICATION_REQUIRED,,WITHHELD,,"['SOURCE_GAP', 'INSUFFICIENT_HISTORY']",Review latest project update and verify missing or inconsistent reporting evidence,2026-06,NOT_ELIGIBLE,,officer-decision-v1,alert-policy-v1
PRH-618200,2026-06,,DATA_VERIFICATION_REQUIRED,,WITHHELD,,"['SOURCE_GAP', 'INSUFFICIENT_HISTORY']",Review latest project update and verify missing or inconsistent reporting evidence,2026-06,NOT_ELIGIBLE,,officer-decision-v1,alert-policy-v1
PRH-618201,2026-06,,DATA_VERIFICATION_REQUIRED,,WITHHELD,,['INSUFFICIENT_HISTORY'],Review latest project update and verify missing or inconsistent reporting evidence,2026-06,NOT_ELIGIBLE,,officer-decision-v1,alert-policy-v1
PRH-618202,2026-06,,DATA_VERIFICATION_REQUIRED,,WITHHELD,,"['SOURCE_GAP', 'INSUFFICIENT_HISTORY']",Review latest project update and verify missing or inconsistent reporting evidence,2026-06,NOT_ELIGIBLE,,officer-decision-v1,alert-policy-v1
PRH-618203,2026-06,,DATA_VERIFICATION_REQUIRED,,WITHHELD,,"['SOURCE_GAP', 'INSUFFICIENT_HISTORY']",Review latest project update and verify missing or inconsistent reporting evidence,2026-06,NOT_ELIGIBLE,,officer-decision-v1,alert-policy-v1
PRH-618204,2026-06,,DATA_VERIFICATION_REQUIRED,,WITHHELD,,"['SOURCE_GAP', 'INSUFFICIENT_HISTORY']",Review latest project update and verify missing or inconsistent reporting evidence,2026-06,NOT_ELIGIBLE,,officer-decision-v1,alert-policy-v1
PRH-618205,2026-06,,DATA_VERIFICATION_REQUIRED,,WITHHELD,,"['SOURCE_GAP', 'INSUFFICIENT_HISTORY']",Review latest project update and verify missing or inconsistent reporting evidence,2026-06,NOT_ELIGIBLE,,officer-decision-v1,alert-policy-v1
PRH-618206,2026-06,,DATA_VERIFICATION_REQUIRED,,WITHHELD,,['INSUFFICIENT_HISTORY'],Review latest project update and verify missing or inconsistent reporting evidence,2026-06,NOT_ELIGIBLE,,officer-decision-v1,alert-policy-v1
PRH-618207,2026-06,,DATA_VERIFICATION_REQUIRED,,WITHHELD,,['INSUFFICIENT_HISTORY'],Review latest project update and verify missing or inconsistent reporting evidence,2026-06,NOT_ELIGIBLE,,officer-decision-v1,alert-policy-v1
PRH-618208,2026-06,,DATA_VERIFICATION_REQUIRED,,WITHHELD,,"['STALE_UPDATE', 'SOURCE_GAP', 'INSUFFICIENT_HISTORY', 'FEATURES_INSUFFICIENT', 'SCHEMA_VERIFICATION', 'SOURCE_PROVENANCE_VERIFICATION']",Review latest project update and verify missing or inconsistent reporting evidence,2026-05,NOT_ELIGIBLE,,officer-decision-v1,alert-policy-v1
PRH-618209,2026-06,,DATA_VERIFICATION_REQUIRED,,WITHHELD,,['INSUFFICIENT_HISTORY'],Review latest project update and verify missing or inconsistent reporting evidence,2026-06,NOT_ELIGIBLE,,officer-decision-v1,alert-policy-v1
PRH-618210,2026-06,,DATA_VERIFICATION_REQUIRED,,WITHHELD,,['INSUFFICIENT_HISTORY'],Review latest project update and verify missing or inconsistent reporting evidence,2026-06,NOT_ELIGIBLE,,officer-decision-v1,alert-policy-v1
PRH-618211,2026-06,,DATA_VERIFICATION_REQUIRED,,WITHHELD,,['INSUFFICIENT_HISTORY'],Review latest project update and verify missing or inconsistent reporting evidence,2026-06,NOT_ELIGIBLE,,officer-decision-v1,alert-policy-v1
PRH-618212,2026-06,,DATA_VERIFICATION_REQUIRED,,WITHHELD,,['INSUFFICIENT_HISTORY'],Review latest project update and verify missing or inconsistent reporting evidence,2026-06,NOT_ELIGIBLE,,officer-decision-v1,alert-policy-v1
PRH-618213,2026-06,,DATA_VERIFICATION_REQUIRED,,WITHHELD,,['INSUFFICIENT_HISTORY'],Review latest project update and verify missing or inconsistent reporting evidence,2026-06,NOT_ELIGIBLE,,officer-decision-v1,alert-policy-v1
PRH-618214,2026-06,,NO_REVIEW_SIGNAL,,WITHHELD,,['COMPLETED_PROJECT'],,2026-06,NOT_ELIGIBLE,,officer-decision-v1,alert-policy-v1
PRH-618215,2026-06,,DATA_VERIFICATION_REQUIRED,,WITHHELD,,['INSUFFICIENT_HISTORY'],Review latest project update and verify missing or inconsistent reporting evidence,2026-06,NOT_ELIGIBLE,,officer-decision-v1,alert-policy-v1
PRH-618216,2026-06,,DATA_VERIFICATION_REQUIRED,,WITHHELD,,"['SOURCE_GAP', 'INSUFFICIENT_HISTORY']",Review latest project update and verify missing or inconsistent reporting evidence,2026-06,NOT_ELIGIBLE,,officer-decision-v1,alert-policy-v1
PRH-618217,2026-06,,DATA_VERIFICATION_REQUIRED,,WITHHELD,,"['SOURCE_GAP', 'INSUFFICIENT_HISTORY']",Review latest project update and verify missing or inconsistent reporting evidence,2026-06,NOT_ELIGIBLE,,officer-decision-v1,alert-policy-v1
PRH-618218,2026-06,,DATA_VERIFICATION_REQUIRED,,WITHHELD,,['INSUFFICIENT_HISTORY'],Review latest project update and verify missing or inconsistent reporting evidence,2026-06,NOT_ELIGIBLE,,officer-decision-v1,alert-policy-v1
PRH-618219,2026-06,,DATA_VERIFICATION_REQUIRED,,WITHHELD,,['INSUFFICIENT_HISTORY'],Review latest project update and verify missing or inconsistent reporting evidence,2026-06,NOT_ELIGIBLE,,officer-decision-v1,alert-policy-v1
PRH-618220,2026-06,,NO_REVIEW_SIGNAL,,WITHHELD,,['COMPLETED_PROJECT'],,2026-05,NOT_ELIGIBLE,,officer-decision-v1,alert-policy-v1
PRH-618221,2026-06,,DATA_VERIFICATION_REQUIRED,,WITHHELD,,"['SOURCE_GAP', 'INSUFFICIENT_HISTORY']",Review latest project update and verify missing or inconsistent reporting evidence,2026-06,NOT_ELIGIBLE,,officer-decision-v1,alert-policy-v1
PRH-618222,2026-06,,DATA_VERIFICATION_REQUIRED,,WITHHELD,,"['SOURCE_GAP', 'INSUFFICIENT_HISTORY']",Review latest project update and verify missing or inconsistent reporting evidence,2026-06,NOT_ELIGIBLE,,officer-decision-v1,alert-policy-v1
PRH-618223,2026-06,,DATA_VERIFICATION_REQUIRED,,WITHHELD,,['INSUFFICIENT_HISTORY'],Review latest project update and verify missing or inconsistent reporting evidence,2026-06,NOT_ELIGIBLE,,officer-decision-v1,alert-policy-v1
PRH-618224,2026-06,,DATA_VERIFICATION_REQUIRED,,WITHHELD,,['INSUFFICIENT_HISTORY'],Review latest project update and verify missing or inconsistent reporting evidence,2026-06,NOT_ELIGIBLE,,officer-decision-v1,alert-policy-v1
PRH-618225,2026-06,,DATA_VERIFICATION_REQUIRED,,WITHHELD,,"['SOURCE_GAP', 'INSUFFICIENT_HISTORY']",Review latest project update and verify missing or inconsistent reporting evidence,2026-06,NOT_ELIGIBLE,,officer-decision-v1,alert-policy-v1
PRH-618226,2026-06,,DATA_VERIFICATION_REQUIRED,,WITHHELD,,"['SOURCE_GAP', 'INSUFFICIENT_HISTORY']",Review latest project update and verify missing or inconsistent reporting evidence,2026-06,NOT_ELIGIBLE,,officer-decision-v1,alert-policy-v1
PRH-618227,2026-06,,DATA_VERIFICATION_REQUIRED,,WITHHELD,,"['SOURCE_GAP', 'INSUFFICIENT_HISTORY']",Review latest project update and verify missing or inconsistent reporting evidence,2026-06,NOT_ELIGIBLE,,officer-decision-v1,alert-policy-v1
PRH-618228,2026-06,,DATA_VERIFICATION_REQUIRED,,WITHHELD,,"['SOURCE_GAP', 'INSUFFICIENT_HISTORY']",Review latest project update and verify missing or inconsistent reporting evidence,2026-06,NOT_ELIGIBLE,,officer-decision-v1,alert-policy-v1
PRH-618229,2026-06,,NO_REVIEW_SIGNAL,,WITHHELD,,['COMPLETED_PROJECT'],,2026-05,NOT_ELIGIBLE,,officer-decision-v1,alert-policy-v1
PRH-618230,2026-06,,DATA_VERIFICATION_REQUIRED,,WITHHELD,,"['SOURCE_GAP', 'INSUFFICIENT_HISTORY']",Review latest project update and verify missing or inconsistent reporting evidence,2026-06,NOT_ELIGIBLE,,officer-decision-v1,alert-policy-v1
PRH-618231,2026-06,,DATA_VERIFICATION_REQUIRED,,WITHHELD,,"['SOURCE_GAP', 'INSUFFICIENT_HISTORY']",Review latest project update and verify missing or inconsistent reporting evidence,2026-06,NOT_ELIGIBLE,,officer-decision-v1,alert-policy-v1
PRH-618232,2026-06,,DATA_VERIFICATION_REQUIRED,,WITHHELD,,['INSUFFICIENT_HISTORY'],Review latest project update and verify missing or inconsistent reporting evidence,2026-06,NOT_ELIGIBLE,,officer-decision-v1,alert-policy-v1
PRH-618233,2026-06,,DATA_VERIFICATION_REQUIRED,,WITHHELD,,"['SOURCE_GAP', 'INSUFFICIENT_HISTORY']",Review latest project update and verify missing or inconsistent reporting evidence,2026-06,NOT_ELIGIBLE,,officer-decision-v1,alert-policy-v1
PRH-618234,2026-06,,DATA_VERIFICATION_REQUIRED,,WITHHELD,,"['SOURCE_GAP', 'INSUFFICIENT_HISTORY']",Review latest project update and verify missing or inconsistent reporting evidence,2026-06,NOT_ELIGIBLE,,officer-decision-v1,alert-policy-v1
PRH-618235,2026-06,,DATA_VERIFICATION_REQUIRED,,WITHHELD,,['INSUFFICIENT_HISTORY'],Review latest project update and verify missing or inconsistent reporting evidence,2026-06,NOT_ELIGIBLE,,officer-decision-v1,alert-policy-v1
PRH-618236,2026-06,,NO_REVIEW_SIGNAL,,WITHHELD,,['COMPLETED_PROJECT'],,2026-06,NOT_ELIGIBLE,,officer-decision-v1,alert-policy-v1
PRH-618237,2026-06,,DATA_VERIFICATION_REQUIRED,,WITHHELD,,"['STALE_UPDATE', 'SOURCE_GAP', 'INSUFFICIENT_HISTORY', 'FEATURES_INSUFFICIENT', 'SCHEMA_VERIFICATION', 'SOURCE_PROVENANCE_VERIFICATION']",Review latest project update and verify missing or inconsistent reporting evidence,2026-05,NOT_ELIGIBLE,,officer-decision-v1,alert-policy-v1
PRH-618238,2026-06,,DATA_VERIFICATION_REQUIRED,,WITHHELD,,"['SOURCE_GAP', 'INSUFFICIENT_HISTORY']",Review latest project update and verify missing or inconsistent reporting evidence,2026-06,NOT_ELIGIBLE,,officer-decision-v1,alert-policy-v1
PRH-618239,2026-06,,DATA_VERIFICATION_REQUIRED,,WITHHELD,,['INSUFFICIENT_HISTORY'],Review latest project update and verify missing or inconsistent reporting evidence,2026-06,NOT_ELIGIBLE,,officer-decision-v1,alert-policy-v1
PRH-618240,2026-06,,NO_REVIEW_SIGNAL,,WITHHELD,,['COMPLETED_PROJECT'],,2026-06,NOT_ELIGIBLE,,officer-decision-v1,alert-policy-v1
PRH-618242,2026-06,,DATA_VERIFICATION_REQUIRED,,WITHHELD,,['INSUFFICIENT_HISTORY'],Review latest project update and verify missing or inconsistent reporting evidence,2026-06,NOT_ELIGIBLE,,officer-decision-v1,alert-policy-v1
PRH-618243,2026-06,,DATA_VERIFICATION_REQUIRED,,WITHHELD,,"['SOURCE_GAP', 'INSUFFICIENT_HISTORY']",Review latest project update and verify missing or inconsistent reporting evidence,2026-06,NOT_ELIGIBLE,,officer-decision-v1,alert-policy-v1
PRH-618244,2026-06,,DATA_VERIFICATION_REQUIRED,,WITHHELD,,"['SOURCE_GAP', 'INSUFFICIENT_HISTORY']",Review latest project update and verify missing or inconsistent reporting evidence,2026-06,NOT_ELIGIBLE,,officer-decision-v1,alert-policy-v1
PRH-618246,2026-06,,DATA_VERIFICATION_REQUIRED,,WITHHELD,,"['SOURCE_GAP', 'INSUFFICIENT_HISTORY']",Review latest project update and verify missing or inconsistent reporting evidence,2026-06,NOT_ELIGIBLE,,officer-decision-v1,alert-policy-v1
PRH-618247,2026-06,,DATA_VERIFICATION_REQUIRED,,WITHHELD,,['INSUFFICIENT_HISTORY'],Review latest project update and verify missing or inconsistent reporting evidence,2026-06,NOT_ELIGIBLE,,officer-decision-v1,alert-policy-v1
PRH-618248,2026-06,,DATA_VERIFICATION_REQUIRED,,WITHHELD,,['INSUFFICIENT_HISTORY'],Review latest project update and verify missing or inconsistent reporting evidence,2026-06,NOT_ELIGIBLE,,officer-decision-v1,alert-policy-v1
PRH-618249,2026-06,,DATA_VERIFICATION_REQUIRED,,WITHHELD,,"['SOURCE_GAP', 'INSUFFICIENT_HISTORY']",Review latest project update and verify missing or inconsistent reporting evidence,2026-06,NOT_ELIGIBLE,,officer-decision-v1,alert-policy-v1
PRH-618250,2026-06,,DATA_VERIFICATION_REQUIRED,,WITHHELD,,"['SOURCE_GAP', 'INSUFFICIENT_HISTORY']",Review latest project update and verify missing or inconsistent reporting evidence,2026-06,NOT_ELIGIBLE,,officer-decision-v1,alert-policy-v1
PRH-618251,2026-06,,DATA_VERIFICATION_REQUIRED,,WITHHELD,,['INSUFFICIENT_HISTORY'],Review latest project update and verify missing or inconsistent reporting evidence,2026-06,NOT_ELIGIBLE,,officer-decision-v1,alert-policy-v1
PRH-618252,2026-06,,DATA_VERIFICATION_REQUIRED,,WITHHELD,,"['SOURCE_GAP', 'INSUFFICIENT_HISTORY']",Review latest project update and verify missing or inconsistent reporting evidence,2026-06,NOT_ELIGIBLE,,officer-decision-v1,alert-policy-v1
PRH-618253,2026-06,,DATA_VERIFICATION_REQUIRED,,WITHHELD,,['INSUFFICIENT_HISTORY'],Review latest project update and verify missing or inconsistent reporting evidence,2026-06,NOT_ELIGIBLE,,officer-decision-v1,alert-policy-v1
PRH-618254,2026-06,,DATA_VERIFICATION_REQUIRED,,WITHHELD,,"['SOURCE_GAP', 'INSUFFICIENT_HISTORY']",Review latest project update and verify missing or inconsistent reporting evidence,2026-06,NOT_ELIGIBLE,,officer-decision-v1,alert-policy-v1
PRH-618255,2026-06,,DATA_VERIFICATION_REQUIRED,,WITHHELD,,"['SOURCE_GAP', 'INSUFFICIENT_HISTORY']",Review latest project update and verify missing or inconsistent reporting evidence,2026-06,NOT_ELIGIBLE,,officer-decision-v1,alert-policy-v1
PRH-618256,2026-06,,DATA_VERIFICATION_REQUIRED,,WITHHELD,,"['SOURCE_GAP', 'INSUFFICIENT_HISTORY']",Review latest project update and verify missing or inconsistent reporting evidence,2026-06,NOT_ELIGIBLE,,officer-decision-v1,alert-policy-v1
PRH-618257,2026-06,,NO_REVIEW_SIGNAL,,WITHHELD,,['COMPLETED_PROJECT'],,2026-06,NOT_ELIGIBLE,,officer-decision-v1,alert-policy-v1
PRH-618258,2026-06,,DATA_VERIFICATION_REQUIRED,,WITHHELD,,"['STALE_UPDATE', 'SOURCE_GAP', 'INSUFFICIENT_HISTORY', 'FEATURES_INSUFFICIENT', 'SCHEMA_VERIFICATION', 'SOURCE_PROVENANCE_VERIFICATION']",Review latest project update and verify missing or inconsistent reporting evidence,2026-05,NOT_ELIGIBLE,,officer-decision-v1,alert-policy-v1
PRH-618259,2026-06,,NO_REVIEW_SIGNAL,,WITHHELD,,['COMPLETED_PROJECT'],,2026-05,NOT_ELIGIBLE,,officer-decision-v1,alert-policy-v1
PRH-618260,2026-06,,DATA_VERIFICATION_REQUIRED,,WITHHELD,,['INSUFFICIENT_HISTORY'],Review latest project update and verify missing or inconsistent reporting evidence,2026-06,NOT_ELIGIBLE,,officer-decision-v1,alert-policy-v1
PRH-618262,2026-06,,DATA_VERIFICATION_REQUIRED,,WITHHELD,,['INSUFFICIENT_HISTORY'],Review latest project update and verify missing or inconsistent reporting evidence,2026-06,NOT_ELIGIBLE,,officer-decision-v1,alert-policy-v1
PRH-618263,2026-06,,DATA_VERIFICATION_REQUIRED,,WITHHELD,,"['SOURCE_GAP', 'INSUFFICIENT_HISTORY']",Review latest project update and verify missing or inconsistent reporting evidence,2026-06,NOT_ELIGIBLE,,officer-decision-v1,alert-policy-v1
PRH-618264,2026-06,,DATA_VERIFICATION_REQUIRED,,WITHHELD,,['INSUFFICIENT_HISTORY'],Review latest project update and verify missing or inconsistent reporting evidence,2026-06,NOT_ELIGIBLE,,officer-decision-v1,alert-policy-v1
PRH-618265,2026-06,,DATA_VERIFICATION_REQUIRED,,WITHHELD,,"['SOURCE_GAP', 'INSUFFICIENT_HISTORY']",Review latest project update and verify missing or inconsistent reporting evidence,2026-06,NOT_ELIGIBLE,,officer-decision-v1,alert-policy-v1
PRH-618266,2026-06,,DATA_VERIFICATION_REQUIRED,,WITHHELD,,"['SOURCE_GAP', 'INSUFFICIENT_HISTORY']",Review latest project update and verify missing or inconsistent reporting evidence,2026-06,NOT_ELIGIBLE,,officer-decision-v1,alert-policy-v1
PRH-618267,2026-06,,DATA_VERIFICATION_REQUIRED,,WITHHELD,,['INSUFFICIENT_HISTORY'],Review latest project update and verify missing or inconsistent reporting evidence,2026-06,NOT_ELIGIBLE,,officer-decision-v1,alert-policy-v1
PRH-618282,2026-06,,DATA_VERIFICATION_REQUIRED,,WITHHELD,,"['SOURCE_GAP', 'INSUFFICIENT_HISTORY']",Review latest project update and verify missing or inconsistent reporting evidence,2026-06,NOT_ELIGIBLE,,officer-decision-v1,alert-policy-v1
PRH-618283,2026-06,,DATA_VERIFICATION_REQUIRED,,WITHHELD,,"['SOURCE_GAP', 'INSUFFICIENT_HISTORY']",Review latest project update and verify missing or inconsistent reporting evidence,2026-06,NOT_ELIGIBLE,,officer-decision-v1,alert-policy-v1
PRH-618284,2026-06,,DATA_VERIFICATION_REQUIRED,,WITHHELD,,"['SOURCE_GAP', 'INSUFFICIENT_HISTORY']",Review latest project update and verify missing or inconsistent reporting evidence,2026-06,NOT_ELIGIBLE,,officer-decision-v1,alert-policy-v1
PRH-618285,2026-06,,NO_REVIEW_SIGNAL,,WITHHELD,,['COMPLETED_PROJECT'],,2026-05,NOT_ELIGIBLE,,officer-decision-v1,alert-policy-v1
PRH-618286,2026-06,,DATA_VERIFICATION_REQUIRED,,WITHHELD,,"['SOURCE_GAP', 'INSUFFICIENT_HISTORY']",Review latest project update and verify missing or inconsistent reporting evidence,2026-06,NOT_ELIGIBLE,,officer-decision-v1,alert-policy-v1
PRH-618287,2026-06,,DATA_VERIFICATION_REQUIRED,,WITHHELD,,"['SOURCE_GAP', 'INSUFFICIENT_HISTORY']",Review latest project update and verify missing or inconsistent reporting evidence,2026-06,NOT_ELIGIBLE,,officer-decision-v1,alert-policy-v1
PRH-618288,2026-06,,DATA_VERIFICATION_REQUIRED,,WITHHELD,,"['SOURCE_GAP', 'INSUFFICIENT_HISTORY']",Review latest project update and verify missing or inconsistent reporting evidence,2026-06,NOT_ELIGIBLE,,officer-decision-v1,alert-policy-v1
PRH-618289,2026-06,,DATA_VERIFICATION_REQUIRED,,WITHHELD,,"['SOURCE_GAP', 'INSUFFICIENT_HISTORY']",Review latest project update and verify missing or inconsistent reporting evidence,2026-06,NOT_ELIGIBLE,,officer-decision-v1,alert-policy-v1
PRH-618290,2026-06,,DATA_VERIFICATION_REQUIRED,,WITHHELD,,"['SOURCE_GAP', 'INSUFFICIENT_HISTORY']",Review latest project update and verify missing or inconsistent reporting evidence,2026-06,NOT_ELIGIBLE,,officer-decision-v1,alert-policy-v1
PRH-618291,2026-06,,DATA_VERIFICATION_REQUIRED,,WITHHELD,,"['SOURCE_GAP', 'INSUFFICIENT_HISTORY']",Review latest project update and verify missing or inconsistent reporting evidence,2026-06,NOT_ELIGIBLE,,officer-decision-v1,alert-policy-v1
PRH-618292,2026-06,,DATA_VERIFICATION_REQUIRED,,WITHHELD,,"['SOURCE_GAP', 'INSUFFICIENT_HISTORY']",Review latest project update and verify missing or inconsistent reporting evidence,2026-06,NOT_ELIGIBLE,,officer-decision-v1,alert-policy-v1
PRH-618293,2026-06,,DATA_VERIFICATION_REQUIRED,,WITHHELD,,"['SOURCE_GAP', 'INSUFFICIENT_HISTORY']",Review latest project update and verify missing or inconsistent reporting evidence,2026-06,NOT_ELIGIBLE,,officer-decision-v1,alert-policy-v1
PRH-618294,2026-06,,DATA_VERIFICATION_REQUIRED,,WITHHELD,,['INSUFFICIENT_HISTORY'],Review latest project update and verify missing or inconsistent reporting evidence,2026-06,NOT_ELIGIBLE,,officer-decision-v1,alert-policy-v1
PRH-618295,2026-06,,DATA_VERIFICATION_REQUIRED,,WITHHELD,,"['SOURCE_GAP', 'INSUFFICIENT_HISTORY']",Review latest project update and verify missing or inconsistent reporting evidence,2026-06,NOT_ELIGIBLE,,officer-decision-v1,alert-policy-v1
PRH-618296,2026-06,,DATA_VERIFICATION_REQUIRED,,WITHHELD,,"['SOURCE_GAP', 'INSUFFICIENT_HISTORY']",Review latest project update and verify missing or inconsistent reporting evidence,2026-06,NOT_ELIGIBLE,,officer-decision-v1,alert-policy-v1
PRH-618297,2026-06,,DATA_VERIFICATION_REQUIRED,,WITHHELD,,"['SOURCE_GAP', 'INSUFFICIENT_HISTORY']",Review latest project update and verify missing or inconsistent reporting evidence,2026-06,NOT_ELIGIBLE,,officer-decision-v1,alert-policy-v1
PRH-618298,2026-06,,DATA_VERIFICATION_REQUIRED,,WITHHELD,,"['SOURCE_GAP', 'INSUFFICIENT_HISTORY']",Review latest project update and verify missing or inconsistent reporting evidence,2026-06,NOT_ELIGIBLE,,officer-decision-v1,alert-policy-v1
PRH-618299,2026-06,,DATA_VERIFICATION_REQUIRED,,WITHHELD,,['INSUFFICIENT_HISTORY'],Review latest project update and verify missing or inconsistent reporting evidence,2026-06,NOT_ELIGIBLE,,officer-decision-v1,alert-policy-v1
PRH-618300,2026-06,,DATA_VERIFICATION_REQUIRED,,WITHHELD,,"['SOURCE_GAP', 'INSUFFICIENT_HISTORY']",Review latest project update and verify missing or inconsistent reporting evidence,2026-06,NOT_ELIGIBLE,,officer-decision-v1,alert-policy-v1
PRH-618301,2026-06,,DATA_VERIFICATION_REQUIRED,,WITHHELD,,['INSUFFICIENT_HISTORY'],Review latest project update and verify missing or inconsistent reporting evidence,2026-06,NOT_ELIGIBLE,,officer-decision-v1,alert-policy-v1
PRH-618302,2026-06,,DATA_VERIFICATION_REQUIRED,,WITHHELD,,"['SOURCE_GAP', 'INSUFFICIENT_HISTORY']",Review latest project update and verify missing or inconsistent reporting evidence,2026-06,NOT_ELIGIBLE,,officer-decision-v1,alert-policy-v1
PRH-618303,2026-06,,DATA_VERIFICATION_REQUIRED,,WITHHELD,,"['SOURCE_GAP', 'INSUFFICIENT_HISTORY']",Review latest project update and verify missing or inconsistent reporting evidence,2026-06,NOT_ELIGIBLE,,officer-decision-v1,alert-policy-v1
PRH-618304,2026-06,,DATA_VERIFICATION_REQUIRED,,WITHHELD,,"['SOURCE_GAP', 'INSUFFICIENT_HISTORY']",Review latest project update and verify missing or inconsistent reporting evidence,2026-06,NOT_ELIGIBLE,,officer-decision-v1,alert-policy-v1
PRH-618305,2026-06,,DATA_VERIFICATION_REQUIRED,,WITHHELD,,"['SOURCE_GAP', 'INSUFFICIENT_HISTORY']",Review latest project update and verify missing or inconsistent reporting evidence,2026-06,NOT_ELIGIBLE,,officer-decision-v1,alert-policy-v1
PRH-618306,2026-06,,DATA_VERIFICATION_REQUIRED,,WITHHELD,,"['SOURCE_GAP', 'INSUFFICIENT_HISTORY']",Review latest project update and verify missing or inconsistent reporting evidence,2026-06,NOT_ELIGIBLE,,officer-decision-v1,alert-policy-v1
PRH-618307,2026-06,,DATA_VERIFICATION_REQUIRED,,WITHHELD,,"['SOURCE_GAP', 'INSUFFICIENT_HISTORY', 'FEATURES_INSUFFICIENT']",Review latest project update and verify missing or inconsistent reporting evidence,2026-06,NOT_ELIGIBLE,,officer-decision-v1,alert-policy-v1
PRH-618308,2026-06,,DATA_VERIFICATION_REQUIRED,,WITHHELD,,"['SOURCE_GAP', 'INSUFFICIENT_HISTORY']",Review latest project update and verify missing or inconsistent reporting evidence,2026-06,NOT_ELIGIBLE,,officer-decision-v1,alert-policy-v1
PRH-618309,2026-06,,DATA_VERIFICATION_REQUIRED,,WITHHELD,,['INSUFFICIENT_HISTORY'],Review latest project update and verify missing or inconsistent reporting evidence,2026-06,NOT_ELIGIBLE,,officer-decision-v1,alert-policy-v1
PRH-618310,2026-06,,DATA_VERIFICATION_REQUIRED,,WITHHELD,,"['SOURCE_GAP', 'INSUFFICIENT_HISTORY']",Review latest project update and verify missing or inconsistent reporting evidence,2026-06,NOT_ELIGIBLE,,officer-decision-v1,alert-policy-v1
PRH-618311,2026-06,,DATA_VERIFICATION_REQUIRED,,WITHHELD,,"['SOURCE_GAP', 'INSUFFICIENT_HISTORY']",Review latest project update and verify missing or inconsistent reporting evidence,2026-06,NOT_ELIGIBLE,,officer-decision-v1,alert-policy-v1
PRH-618312,2026-06,,DATA_VERIFICATION_REQUIRED,,WITHHELD,,"['SOURCE_GAP', 'INSUFFICIENT_HISTORY']",Review latest project update and verify missing or inconsistent reporting evidence,2026-06,NOT_ELIGIBLE,,officer-decision-v1,alert-policy-v1
PRH-618313,2026-06,,DATA_VERIFICATION_REQUIRED,,WITHHELD,,['INSUFFICIENT_HISTORY'],Review latest project update and verify missing or inconsistent reporting evidence,2026-06,NOT_ELIGIBLE,,officer-decision-v1,alert-policy-v1
PRH-618314,2026-06,,DATA_VERIFICATION_REQUIRED,,WITHHELD,,"['SOURCE_GAP', 'INSUFFICIENT_HISTORY']",Review latest project update and verify missing or inconsistent reporting evidence,2026-06,NOT_ELIGIBLE,,officer-decision-v1,alert-policy-v1
PRH-618315,2026-06,,DATA_VERIFICATION_REQUIRED,,WITHHELD,,"['SOURCE_GAP', 'INSUFFICIENT_HISTORY']",Review latest project update and verify missing or inconsistent reporting evidence,2026-06,NOT_ELIGIBLE,,officer-decision-v1,alert-policy-v1
PRH-618316,2026-06,,DATA_VERIFICATION_REQUIRED,,WITHHELD,,['INSUFFICIENT_HISTORY'],Review latest project update and verify missing or inconsistent reporting evidence,2026-06,NOT_ELIGIBLE,,officer-decision-v1,alert-policy-v1
PRH-618317,2026-06,,DATA_VERIFICATION_REQUIRED,,WITHHELD,,['INSUFFICIENT_HISTORY'],Review latest project update and verify missing or inconsistent reporting evidence,2026-06,NOT_ELIGIBLE,,officer-decision-v1,alert-policy-v1
PRH-618318,2026-06,,DATA_VERIFICATION_REQUIRED,,WITHHELD,,['INSUFFICIENT_HISTORY'],Review latest project update and verify missing or inconsistent reporting evidence,2026-06,NOT_ELIGIBLE,,officer-decision-v1,alert-policy-v1
PRH-618319,2026-06,,DATA_VERIFICATION_REQUIRED,,WITHHELD,,['INSUFFICIENT_HISTORY'],Review latest project update and verify missing or inconsistent reporting evidence,2026-06,NOT_ELIGIBLE,,officer-decision-v1,alert-policy-v1
PRH-618320,2026-06,,DATA_VERIFICATION_REQUIRED,,WITHHELD,,['INSUFFICIENT_HISTORY'],Review latest project update and verify missing or inconsistent reporting evidence,2026-06,NOT_ELIGIBLE,,officer-decision-v1,alert-policy-v1
PRH-618321,2026-06,,DATA_VERIFICATION_REQUIRED,,WITHHELD,,['INSUFFICIENT_HISTORY'],Review latest project update and verify missing or inconsistent reporting evidence,2026-06,NOT_ELIGIBLE,,officer-decision-v1,alert-policy-v1
PRH-618323,2026-06,,DATA_VERIFICATION_REQUIRED,,WITHHELD,,['INSUFFICIENT_HISTORY'],Review latest project update and verify missing or inconsistent reporting evidence,2026-06,NOT_ELIGIBLE,,officer-decision-v1,alert-policy-v1
PRH-618324,2026-06,,DATA_VERIFICATION_REQUIRED,,WITHHELD,,['INSUFFICIENT_HISTORY'],Review latest project update and verify missing or inconsistent reporting evidence,2026-06,NOT_ELIGIBLE,,officer-decision-v1,alert-policy-v1
PRH-618325,2026-06,,DATA_VERIFICATION_REQUIRED,,WITHHELD,,['INSUFFICIENT_HISTORY'],Review latest project update and verify missing or inconsistent reporting evidence,2026-06,NOT_ELIGIBLE,,officer-decision-v1,alert-policy-v1
PRH-618326,2026-06,,DATA_VERIFICATION_REQUIRED,,WITHHELD,,['INSUFFICIENT_HISTORY'],Review latest project update and verify missing or inconsistent reporting evidence,2026-06,NOT_ELIGIBLE,,officer-decision-v1,alert-policy-v1
PRH-618327,2026-06,,DATA_VERIFICATION_REQUIRED,,WITHHELD,,"['STALE_UPDATE', 'SOURCE_GAP', 'INSUFFICIENT_HISTORY', 'FEATURES_INSUFFICIENT', 'SCHEMA_VERIFICATION', 'SOURCE_PROVENANCE_VERIFICATION']",Review latest project update and verify missing or inconsistent reporting evidence,2026-05,NOT_ELIGIBLE,,officer-decision-v1,alert-policy-v1
PRH-618328,2026-06,,DATA_VERIFICATION_REQUIRED,,WITHHELD,,['INSUFFICIENT_HISTORY'],Review latest project update and verify missing or inconsistent reporting evidence,2026-06,NOT_ELIGIBLE,,officer-decision-v1,alert-policy-v1
PRH-618329,2026-06,,DATA_VERIFICATION_REQUIRED,,WITHHELD,,"['STALE_UPDATE', 'SOURCE_GAP', 'INSUFFICIENT_HISTORY', 'FEATURES_INSUFFICIENT', 'SCHEMA_VERIFICATION', 'SOURCE_PROVENANCE_VERIFICATION']",Review latest project update and verify missing or inconsistent reporting evidence,2026-05,NOT_ELIGIBLE,,officer-decision-v1,alert-policy-v1
PRH-618330,2026-06,,NO_REVIEW_SIGNAL,,WITHHELD,,['COMPLETED_PROJECT'],,2026-05,NOT_ELIGIBLE,,officer-decision-v1,alert-policy-v1
PRH-618331,2026-06,,DATA_VERIFICATION_REQUIRED,,WITHHELD,,"['SOURCE_GAP', 'INSUFFICIENT_HISTORY']",Review latest project update and verify missing or inconsistent reporting evidence,2026-06,NOT_ELIGIBLE,,officer-decision-v1,alert-policy-v1
PRH-618333,2026-06,,DATA_VERIFICATION_REQUIRED,,WITHHELD,,['INSUFFICIENT_HISTORY'],Review latest project update and verify missing or inconsistent reporting evidence,2026-06,NOT_ELIGIBLE,,officer-decision-v1,alert-policy-v1
PRH-618334,2026-06,,DATA_VERIFICATION_REQUIRED,,WITHHELD,,['INSUFFICIENT_HISTORY'],Review latest project update and verify missing or inconsistent reporting evidence,2026-06,NOT_ELIGIBLE,,officer-decision-v1,alert-policy-v1
PRH-618335,2026-06,,DATA_VERIFICATION_REQUIRED,,WITHHELD,,['INSUFFICIENT_HISTORY'],Review latest project update and verify missing or inconsistent reporting evidence,2026-06,NOT_ELIGIBLE,,officer-decision-v1,alert-policy-v1
PRH-618336,2026-06,,DATA_VERIFICATION_REQUIRED,,WITHHELD,,['INSUFFICIENT_HISTORY'],Review latest project update and verify missing or inconsistent reporting evidence,2026-06,NOT_ELIGIBLE,,officer-decision-v1,alert-policy-v1
PRH-618337,2026-06,,DATA_VERIFICATION_REQUIRED,,WITHHELD,,['INSUFFICIENT_HISTORY'],Review latest project update and verify missing or inconsistent reporting evidence,2026-06,NOT_ELIGIBLE,,officer-decision-v1,alert-policy-v1
PRH-618338,2026-06,,DATA_VERIFICATION_REQUIRED,,WITHHELD,,"['SOURCE_GAP', 'INSUFFICIENT_HISTORY']",Review latest project update and verify missing or inconsistent reporting evidence,2026-06,NOT_ELIGIBLE,,officer-decision-v1,alert-policy-v1
PRH-618339,2026-06,,DATA_VERIFICATION_REQUIRED,,WITHHELD,,['INSUFFICIENT_HISTORY'],Review latest project update and verify missing or inconsistent reporting evidence,2026-06,NOT_ELIGIBLE,,officer-decision-v1,alert-policy-v1
PRH-618340,2026-06,,DATA_VERIFICATION_REQUIRED,,WITHHELD,,['INSUFFICIENT_HISTORY'],Review latest project update and verify missing or inconsistent reporting evidence,2026-06,NOT_ELIGIBLE,,officer-decision-v1,alert-policy-v1
PRH-618341,2026-06,,DATA_VERIFICATION_REQUIRED,,WITHHELD,,"['STALE_UPDATE', 'SOURCE_GAP', 'INSUFFICIENT_HISTORY', 'FEATURES_INSUFFICIENT', 'SCHEMA_VERIFICATION', 'SOURCE_PROVENANCE_VERIFICATION']",Review latest project update and verify missing or inconsistent reporting evidence,2026-05,NOT_ELIGIBLE,,officer-decision-v1,alert-policy-v1
PRH-618342,2026-06,,DATA_VERIFICATION_REQUIRED,,WITHHELD,,"['STALE_UPDATE', 'SOURCE_GAP', 'INSUFFICIENT_HISTORY', 'FEATURES_INSUFFICIENT', 'SCHEMA_VERIFICATION', 'SOURCE_PROVENANCE_VERIFICATION']",Review latest project update and verify missing or inconsistent reporting evidence,2026-05,NOT_ELIGIBLE,,officer-decision-v1,alert-policy-v1
PRH-618343,2026-06,,DATA_VERIFICATION_REQUIRED,,WITHHELD,,"['STALE_UPDATE', 'SOURCE_GAP', 'INSUFFICIENT_HISTORY', 'FEATURES_INSUFFICIENT', 'SCHEMA_VERIFICATION', 'SOURCE_PROVENANCE_VERIFICATION']",Review latest project update and verify missing or inconsistent reporting evidence,2026-05,NOT_ELIGIBLE,,officer-decision-v1,alert-policy-v1
PRH-618344,2026-06,,DATA_VERIFICATION_REQUIRED,,WITHHELD,,"['SOURCE_GAP', 'INSUFFICIENT_HISTORY']",Review latest project update and verify missing or inconsistent reporting evidence,2026-06,NOT_ELIGIBLE,,officer-decision-v1,alert-policy-v1
PRH-618345,2026-06,,DATA_VERIFICATION_REQUIRED,,WITHHELD,,"['SOURCE_GAP', 'INSUFFICIENT_HISTORY']",Review latest project update and verify missing or inconsistent reporting evidence,2026-06,NOT_ELIGIBLE,,officer-decision-v1,alert-policy-v1
PRH-618346,2026-06,,NO_REVIEW_SIGNAL,,WITHHELD,,['COMPLETED_PROJECT'],,2026-06,NOT_ELIGIBLE,,officer-decision-v1,alert-policy-v1
PRH-618347,2026-06,,NO_REVIEW_SIGNAL,,WITHHELD,,['COMPLETED_PROJECT'],,2026-06,NOT_ELIGIBLE,,officer-decision-v1,alert-policy-v1
PRH-618348,2026-06,,DATA_VERIFICATION_REQUIRED,,WITHHELD,,['INSUFFICIENT_HISTORY'],Review latest project update and verify missing or inconsistent reporting evidence,2026-06,NOT_ELIGIBLE,,officer-decision-v1,alert-policy-v1
PRH-618349,2026-06,,DATA_VERIFICATION_REQUIRED,,WITHHELD,,['INSUFFICIENT_HISTORY'],Review latest project update and verify missing or inconsistent reporting evidence,2026-06,NOT_ELIGIBLE,,officer-decision-v1,alert-policy-v1
PRH-618350,2026-06,,DATA_VERIFICATION_REQUIRED,,WITHHELD,,"['SOURCE_GAP', 'INSUFFICIENT_HISTORY']",Review latest project update and verify missing or inconsistent reporting evidence,2026-06,NOT_ELIGIBLE,,officer-decision-v1,alert-policy-v1
PRH-618351,2026-06,,DATA_VERIFICATION_REQUIRED,,WITHHELD,,"['SOURCE_GAP', 'INSUFFICIENT_HISTORY']",Review latest project update and verify missing or inconsistent reporting evidence,2026-06,NOT_ELIGIBLE,,officer-decision-v1,alert-policy-v1
PRH-618352,2026-06,,DATA_VERIFICATION_REQUIRED,,WITHHELD,,"['SOURCE_GAP', 'INSUFFICIENT_HISTORY']",Review latest project update and verify missing or inconsistent reporting evidence,2026-06,NOT_ELIGIBLE,,officer-decision-v1,alert-policy-v1
PRH-618353,2026-06,,DATA_VERIFICATION_REQUIRED,,WITHHELD,,"['SOURCE_GAP', 'INSUFFICIENT_HISTORY']",Review latest project update and verify missing or inconsistent reporting evidence,2026-06,NOT_ELIGIBLE,,officer-decision-v1,alert-policy-v1
PRH-618354,2026-06,,DATA_VERIFICATION_REQUIRED,,WITHHELD,,"['SOURCE_GAP', 'INSUFFICIENT_HISTORY']",Review latest project update and verify missing or inconsistent reporting evidence,2026-06,NOT_ELIGIBLE,,officer-decision-v1,alert-policy-v1
PRH-618355,2026-06,,DATA_VERIFICATION_REQUIRED,,WITHHELD,,"['SOURCE_GAP', 'INSUFFICIENT_HISTORY']",Review latest project update and verify missing or inconsistent reporting evidence,2026-06,NOT_ELIGIBLE,,officer-decision-v1,alert-policy-v1
PRH-618356,2026-06,,DATA_VERIFICATION_REQUIRED,,WITHHELD,,"['SOURCE_GAP', 'INSUFFICIENT_HISTORY']",Review latest project update and verify missing or inconsistent reporting evidence,2026-06,NOT_ELIGIBLE,,officer-decision-v1,alert-policy-v1
PRH-618357,2026-06,,DATA_VERIFICATION_REQUIRED,,WITHHELD,,"['SOURCE_GAP', 'INSUFFICIENT_HISTORY']",Review latest project update and verify missing or inconsistent reporting evidence,2026-06,NOT_ELIGIBLE,,officer-decision-v1,alert-policy-v1
PRH-618358,2026-06,,DATA_VERIFICATION_REQUIRED,,WITHHELD,,"['SOURCE_GAP', 'INSUFFICIENT_HISTORY']",Review latest project update and verify missing or inconsistent reporting evidence,2026-06,NOT_ELIGIBLE,,officer-decision-v1,alert-policy-v1
PRH-618359,2026-06,,DATA_VERIFICATION_REQUIRED,,WITHHELD,,"['SOURCE_GAP', 'INSUFFICIENT_HISTORY']",Review latest project update and verify missing or inconsistent reporting evidence,2026-06,NOT_ELIGIBLE,,officer-decision-v1,alert-policy-v1
PRH-618362,2026-06,,DATA_VERIFICATION_REQUIRED,,WITHHELD,,"['SOURCE_GAP', 'INSUFFICIENT_HISTORY']",Review latest project update and verify missing or inconsistent reporting evidence,2026-06,NOT_ELIGIBLE,,officer-decision-v1,alert-policy-v1
PRH-618363,2026-06,,DATA_VERIFICATION_REQUIRED,,WITHHELD,,"['SOURCE_GAP', 'INSUFFICIENT_HISTORY']",Review latest project update and verify missing or inconsistent reporting evidence,2026-06,NOT_ELIGIBLE,,officer-decision-v1,alert-policy-v1
PRH-618364,2026-06,,DATA_VERIFICATION_REQUIRED,,WITHHELD,,"['SOURCE_GAP', 'INSUFFICIENT_HISTORY']",Review latest project update and verify missing or inconsistent reporting evidence,2026-06,NOT_ELIGIBLE,,officer-decision-v1,alert-policy-v1
PRH-618365,2026-06,,DATA_VERIFICATION_REQUIRED,,WITHHELD,,"['SOURCE_GAP', 'INSUFFICIENT_HISTORY']",Review latest project update and verify missing or inconsistent reporting evidence,2026-06,NOT_ELIGIBLE,,officer-decision-v1,alert-policy-v1
PRH-618366,2026-06,,DATA_VERIFICATION_REQUIRED,,WITHHELD,,"['SOURCE_GAP', 'INSUFFICIENT_HISTORY']",Review latest project update and verify missing or inconsistent reporting evidence,2026-06,NOT_ELIGIBLE,,officer-decision-v1,alert-policy-v1
PRH-618367,2026-06,,DATA_VERIFICATION_REQUIRED,,WITHHELD,,"['SOURCE_GAP', 'INSUFFICIENT_HISTORY']",Review latest project update and verify missing or inconsistent reporting evidence,2026-06,NOT_ELIGIBLE,,officer-decision-v1,alert-policy-v1
PRH-618368,2026-06,,DATA_VERIFICATION_REQUIRED,,WITHHELD,,"['SOURCE_GAP', 'INSUFFICIENT_HISTORY']",Review latest project update and verify missing or inconsistent reporting evidence,2026-06,NOT_ELIGIBLE,,officer-decision-v1,alert-policy-v1
PRH-618369,2026-06,,DATA_VERIFICATION_REQUIRED,,WITHHELD,,"['SOURCE_GAP', 'INSUFFICIENT_HISTORY']",Review latest project update and verify missing or inconsistent reporting evidence,2026-06,NOT_ELIGIBLE,,officer-decision-v1,alert-policy-v1
PRH-618370,2026-06,,DATA_VERIFICATION_REQUIRED,,WITHHELD,,"['SOURCE_GAP', 'INSUFFICIENT_HISTORY']",Review latest project update and verify missing or inconsistent reporting evidence,2026-06,NOT_ELIGIBLE,,officer-decision-v1,alert-policy-v1
PRH-618371,2026-06,,DATA_VERIFICATION_REQUIRED,,WITHHELD,,"['SOURCE_GAP', 'INSUFFICIENT_HISTORY']",Review latest project update and verify missing or inconsistent reporting evidence,2026-06,NOT_ELIGIBLE,,officer-decision-v1,alert-policy-v1
PRH-618372,2026-06,,NO_REVIEW_SIGNAL,,WITHHELD,,['COMPLETED_PROJECT'],,2026-05,NOT_ELIGIBLE,,officer-decision-v1,alert-policy-v1
PRH-618373,2026-06,,DATA_VERIFICATION_REQUIRED,,WITHHELD,,"['SOURCE_GAP', 'INSUFFICIENT_HISTORY']",Review latest project update and verify missing or inconsistent reporting evidence,2026-06,NOT_ELIGIBLE,,officer-decision-v1,alert-policy-v1
PRH-618374,2026-06,,DATA_VERIFICATION_REQUIRED,,WITHHELD,,"['SOURCE_GAP', 'INSUFFICIENT_HISTORY']",Review latest project update and verify missing or inconsistent reporting evidence,2026-06,NOT_ELIGIBLE,,officer-decision-v1,alert-policy-v1
PRH-618375,2026-06,,DATA_VERIFICATION_REQUIRED,,WITHHELD,,"['SOURCE_GAP', 'INSUFFICIENT_HISTORY']",Review latest project update and verify missing or inconsistent reporting evidence,2026-06,NOT_ELIGIBLE,,officer-decision-v1,alert-policy-v1
PRH-618376,2026-06,,DATA_VERIFICATION_REQUIRED,,WITHHELD,,"['SOURCE_GAP', 'INSUFFICIENT_HISTORY']",Review latest project update and verify missing or inconsistent reporting evidence,2026-06,NOT_ELIGIBLE,,officer-decision-v1,alert-policy-v1
PRH-618377,2026-06,,NO_REVIEW_SIGNAL,,WITHHELD,,['COMPLETED_PROJECT'],,2026-06,NOT_ELIGIBLE,,officer-decision-v1,alert-policy-v1
PRH-618379,2026-06,,DATA_VERIFICATION_REQUIRED,,WITHHELD,,"['SOURCE_GAP', 'INSUFFICIENT_HISTORY']",Review latest project update and verify missing or inconsistent reporting evidence,2026-06,NOT_ELIGIBLE,,officer-decision-v1,alert-policy-v1
PRH-618380,2026-06,,DATA_VERIFICATION_REQUIRED,,WITHHELD,,"['SOURCE_GAP', 'INSUFFICIENT_HISTORY']",Review latest project update and verify missing or inconsistent reporting evidence,2026-06,NOT_ELIGIBLE,,officer-decision-v1,alert-policy-v1
PRH-618381,2026-06,,DATA_VERIFICATION_REQUIRED,,WITHHELD,,"['STALE_UPDATE', 'SOURCE_GAP', 'INSUFFICIENT_HISTORY', 'FEATURES_INSUFFICIENT', 'SCHEMA_VERIFICATION', 'SOURCE_PROVENANCE_VERIFICATION']",Review latest project update and verify missing or inconsistent reporting evidence,2026-05,NOT_ELIGIBLE,,officer-decision-v1,alert-policy-v1
PRH-618382,2026-06,,NO_REVIEW_SIGNAL,,WITHHELD,,['COMPLETED_PROJECT'],,2026-05,NOT_ELIGIBLE,,officer-decision-v1,alert-policy-v1
PRH-618383,2026-06,,DATA_VERIFICATION_REQUIRED,,WITHHELD,,"['SOURCE_GAP', 'INSUFFICIENT_HISTORY']",Review latest project update and verify missing or inconsistent reporting evidence,2026-06,NOT_ELIGIBLE,,officer-decision-v1,alert-policy-v1
PRH-618384,2026-06,,DATA_VERIFICATION_REQUIRED,,WITHHELD,,"['STALE_UPDATE', 'SOURCE_GAP', 'INSUFFICIENT_HISTORY', 'FEATURES_INSUFFICIENT', 'SCHEMA_VERIFICATION', 'SOURCE_PROVENANCE_VERIFICATION']",Review latest project update and verify missing or inconsistent reporting evidence,2026-05,NOT_ELIGIBLE,,officer-decision-v1,alert-policy-v1
PRH-618385,2026-06,,DATA_VERIFICATION_REQUIRED,,WITHHELD,,"['SOURCE_GAP', 'INSUFFICIENT_HISTORY']",Review latest project update and verify missing or inconsistent reporting evidence,2026-06,NOT_ELIGIBLE,,officer-decision-v1,alert-policy-v1
PRH-618386,2026-06,,DATA_VERIFICATION_REQUIRED,,WITHHELD,,"['STALE_UPDATE', 'SOURCE_GAP', 'INSUFFICIENT_HISTORY', 'FEATURES_INSUFFICIENT', 'SCHEMA_VERIFICATION', 'SOURCE_PROVENANCE_VERIFICATION']",Review latest project update and verify missing or inconsistent reporting evidence,2026-05,NOT_ELIGIBLE,,officer-decision-v1,alert-policy-v1
PRH-618387,2026-06,,DATA_VERIFICATION_REQUIRED,,WITHHELD,,"['SOURCE_GAP', 'INSUFFICIENT_HISTORY']",Review latest project update and verify missing or inconsistent reporting evidence,2026-06,NOT_ELIGIBLE,,officer-decision-v1,alert-policy-v1
PRH-618388,2026-06,,DATA_VERIFICATION_REQUIRED,,WITHHELD,,"['SOURCE_GAP', 'INSUFFICIENT_HISTORY']",Review latest project update and verify missing or inconsistent reporting evidence,2026-06,NOT_ELIGIBLE,,officer-decision-v1,alert-policy-v1
PRH-618389,2026-06,,DATA_VERIFICATION_REQUIRED,,WITHHELD,,"['SOURCE_GAP', 'INSUFFICIENT_HISTORY']",Review latest project update and verify missing or inconsistent reporting evidence,2026-06,NOT_ELIGIBLE,,officer-decision-v1,alert-policy-v1
PRH-618390,2026-06,,DATA_VERIFICATION_REQUIRED,,WITHHELD,,"['SOURCE_GAP', 'INSUFFICIENT_HISTORY']",Review latest project update and verify missing or inconsistent reporting evidence,2026-06,NOT_ELIGIBLE,,officer-decision-v1,alert-policy-v1
PRH-618391,2026-06,,DATA_VERIFICATION_REQUIRED,,WITHHELD,,"['SOURCE_GAP', 'INSUFFICIENT_HISTORY']",Review latest project update and verify missing or inconsistent reporting evidence,2026-06,NOT_ELIGIBLE,,officer-decision-v1,alert-policy-v1
PRH-618392,2026-06,,DATA_VERIFICATION_REQUIRED,,WITHHELD,,"['SOURCE_GAP', 'INSUFFICIENT_HISTORY']",Review latest project update and verify missing or inconsistent reporting evidence,2026-06,NOT_ELIGIBLE,,officer-decision-v1,alert-policy-v1
PRH-618393,2026-06,,DATA_VERIFICATION_REQUIRED,,WITHHELD,,"['SOURCE_GAP', 'INSUFFICIENT_HISTORY']",Review latest project update and verify missing or inconsistent reporting evidence,2026-06,NOT_ELIGIBLE,,officer-decision-v1,alert-policy-v1
PRH-618394,2026-06,,DATA_VERIFICATION_REQUIRED,,WITHHELD,,"['SOURCE_GAP', 'INSUFFICIENT_HISTORY']",Review latest project update and verify missing or inconsistent reporting evidence,2026-06,NOT_ELIGIBLE,,officer-decision-v1,alert-policy-v1
PRH-618395,2026-06,,DATA_VERIFICATION_REQUIRED,,WITHHELD,,"['SOURCE_GAP', 'INSUFFICIENT_HISTORY']",Review latest project update and verify missing or inconsistent reporting evidence,2026-06,NOT_ELIGIBLE,,officer-decision-v1,alert-policy-v1
PRH-618396,2026-06,,DATA_VERIFICATION_REQUIRED,,WITHHELD,,"['STALE_UPDATE', 'SOURCE_GAP', 'INSUFFICIENT_HISTORY', 'FEATURES_INSUFFICIENT', 'SCHEMA_VERIFICATION', 'SOURCE_PROVENANCE_VERIFICATION']",Review latest project update and verify missing or inconsistent reporting evidence,2026-05,NOT_ELIGIBLE,,officer-decision-v1,alert-policy-v1
PRH-618397,2026-06,,DATA_VERIFICATION_REQUIRED,,WITHHELD,,['INSUFFICIENT_HISTORY'],Review latest project update and verify missing or inconsistent reporting evidence,2026-06,NOT_ELIGIBLE,,officer-decision-v1,alert-policy-v1
PRH-618398,2026-06,,DATA_VERIFICATION_REQUIRED,,WITHHELD,,"['SOURCE_GAP', 'INSUFFICIENT_HISTORY']",Review latest project update and verify missing or inconsistent reporting evidence,2026-06,NOT_ELIGIBLE,,officer-decision-v1,alert-policy-v1
PRH-618399,2026-06,,DATA_VERIFICATION_REQUIRED,,WITHHELD,,"['SOURCE_GAP', 'INSUFFICIENT_HISTORY']",Review latest project update and verify missing or inconsistent reporting evidence,2026-06,NOT_ELIGIBLE,,officer-decision-v1,alert-policy-v1
PRH-618400,2026-06,,DATA_VERIFICATION_REQUIRED,,WITHHELD,,"['SOURCE_GAP', 'INSUFFICIENT_HISTORY']",Review latest project update and verify missing or inconsistent reporting evidence,2026-06,NOT_ELIGIBLE,,officer-decision-v1,alert-policy-v1
PRH-618401,2026-06,,DATA_VERIFICATION_REQUIRED,,WITHHELD,,['INSUFFICIENT_HISTORY'],Review latest project update and verify missing or inconsistent reporting evidence,2026-06,NOT_ELIGIBLE,,officer-decision-v1,alert-policy-v1
PRH-618402,2026-06,,DATA_VERIFICATION_REQUIRED,,WITHHELD,,"['SOURCE_GAP', 'INSUFFICIENT_HISTORY']",Review latest project update and verify missing or inconsistent reporting evidence,2026-06,NOT_ELIGIBLE,,officer-decision-v1,alert-policy-v1
PRH-618403,2026-06,,DATA_VERIFICATION_REQUIRED,,WITHHELD,,"['SOURCE_GAP', 'INSUFFICIENT_HISTORY']",Review latest project update and verify missing or inconsistent reporting evidence,2026-06,NOT_ELIGIBLE,,officer-decision-v1,alert-policy-v1
PRH-618404,2026-06,,DATA_VERIFICATION_REQUIRED,,WITHHELD,,['INSUFFICIENT_HISTORY'],Review latest project update and verify missing or inconsistent reporting evidence,2026-06,NOT_ELIGIBLE,,officer-decision-v1,alert-policy-v1
PRH-618405,2026-06,,DATA_VERIFICATION_REQUIRED,,WITHHELD,,"['SOURCE_GAP', 'INSUFFICIENT_HISTORY']",Review latest project update and verify missing or inconsistent reporting evidence,2026-06,NOT_ELIGIBLE,,officer-decision-v1,alert-policy-v1
PRH-618406,2026-06,,DATA_VERIFICATION_REQUIRED,,WITHHELD,,"['SOURCE_GAP', 'INSUFFICIENT_HISTORY']",Review latest project update and verify missing or inconsistent reporting evidence,2026-06,NOT_ELIGIBLE,,officer-decision-v1,alert-policy-v1
PRH-618407,2026-06,,DATA_VERIFICATION_REQUIRED,,WITHHELD,,"['SOURCE_GAP', 'INSUFFICIENT_HISTORY']",Review latest project update and verify missing or inconsistent reporting evidence,2026-06,NOT_ELIGIBLE,,officer-decision-v1,alert-policy-v1
PRH-618408,2026-06,,DATA_VERIFICATION_REQUIRED,,WITHHELD,,"['SOURCE_GAP', 'INSUFFICIENT_HISTORY']",Review latest project update and verify missing or inconsistent reporting evidence,2026-06,NOT_ELIGIBLE,,officer-decision-v1,alert-policy-v1
PRH-618409,2026-06,,DATA_VERIFICATION_REQUIRED,,WITHHELD,,"['SOURCE_GAP', 'INSUFFICIENT_HISTORY']",Review latest project update and verify missing or inconsistent reporting evidence,2026-06,NOT_ELIGIBLE,,officer-decision-v1,alert-policy-v1
PRH-618410,2026-06,,DATA_VERIFICATION_REQUIRED,,WITHHELD,,"['SOURCE_GAP', 'INSUFFICIENT_HISTORY']",Review latest project update and verify missing or inconsistent reporting evidence,2026-06,NOT_ELIGIBLE,,officer-decision-v1,alert-policy-v1
PRH-618411,2026-06,,DATA_VERIFICATION_REQUIRED,,WITHHELD,,"['SOURCE_GAP', 'INSUFFICIENT_HISTORY']",Review latest project update and verify missing or inconsistent reporting evidence,2026-06,NOT_ELIGIBLE,,officer-decision-v1,alert-policy-v1
PRH-618412,2026-06,,DATA_VERIFICATION_REQUIRED,,WITHHELD,,"['SOURCE_GAP', 'INSUFFICIENT_HISTORY']",Review latest project update and verify missing or inconsistent reporting evidence,2026-06,NOT_ELIGIBLE,,officer-decision-v1,alert-policy-v1
PRH-618413,2026-06,,DATA_VERIFICATION_REQUIRED,,WITHHELD,,"['SOURCE_GAP', 'INSUFFICIENT_HISTORY']",Review latest project update and verify missing or inconsistent reporting evidence,2026-06,NOT_ELIGIBLE,,officer-decision-v1,alert-policy-v1
PRH-618414,2026-06,,DATA_VERIFICATION_REQUIRED,,WITHHELD,,"['SOURCE_GAP', 'INSUFFICIENT_HISTORY']",Review latest project update and verify missing or inconsistent reporting evidence,2026-06,NOT_ELIGIBLE,,officer-decision-v1,alert-policy-v1
PRH-618415,2026-06,,NO_REVIEW_SIGNAL,,WITHHELD,,['COMPLETED_PROJECT'],,2026-06,NOT_ELIGIBLE,,officer-decision-v1,alert-policy-v1
PRH-618416,2026-06,,DATA_VERIFICATION_REQUIRED,,WITHHELD,,"['SOURCE_GAP', 'INSUFFICIENT_HISTORY']",Review latest project update and verify missing or inconsistent reporting evidence,2026-06,NOT_ELIGIBLE,,officer-decision-v1,alert-policy-v1
PRH-618417,2026-06,,DATA_VERIFICATION_REQUIRED,,WITHHELD,,['INSUFFICIENT_HISTORY'],Review latest project update and verify missing or inconsistent reporting evidence,2026-06,NOT_ELIGIBLE,,officer-decision-v1,alert-policy-v1
PRH-618418,2026-06,,DATA_VERIFICATION_REQUIRED,,WITHHELD,,"['SOURCE_GAP', 'INSUFFICIENT_HISTORY']",Review latest project update and verify missing or inconsistent reporting evidence,2026-06,NOT_ELIGIBLE,,officer-decision-v1,alert-policy-v1
PRH-618419,2026-06,,DATA_VERIFICATION_REQUIRED,,WITHHELD,,"['SOURCE_GAP', 'INSUFFICIENT_HISTORY']",Review latest project update and verify missing or inconsistent reporting evidence,2026-06,NOT_ELIGIBLE,,officer-decision-v1,alert-policy-v1
PRH-618420,2026-06,,DATA_VERIFICATION_REQUIRED,,WITHHELD,,"['SOURCE_GAP', 'INSUFFICIENT_HISTORY']",Review latest project update and verify missing or inconsistent reporting evidence,2026-06,NOT_ELIGIBLE,,officer-decision-v1,alert-policy-v1
PRH-618421,2026-06,,DATA_VERIFICATION_REQUIRED,,WITHHELD,,"['SOURCE_GAP', 'INSUFFICIENT_HISTORY']",Review latest project update and verify missing or inconsistent reporting evidence,2026-06,NOT_ELIGIBLE,,officer-decision-v1,alert-policy-v1
PRH-618422,2026-06,,DATA_VERIFICATION_REQUIRED,,WITHHELD,,"['SOURCE_GAP', 'INSUFFICIENT_HISTORY']",Review latest project update and verify missing or inconsistent reporting evidence,2026-06,NOT_ELIGIBLE,,officer-decision-v1,alert-policy-v1
PRH-618423,2026-06,,NO_REVIEW_SIGNAL,,WITHHELD,,['COMPLETED_PROJECT'],,2026-06,NOT_ELIGIBLE,,officer-decision-v1,alert-policy-v1
PRH-618424,2026-06,,DATA_VERIFICATION_REQUIRED,,WITHHELD,,"['STALE_UPDATE', 'SOURCE_GAP', 'INSUFFICIENT_HISTORY', 'FEATURES_INSUFFICIENT', 'SCHEMA_VERIFICATION', 'SOURCE_PROVENANCE_VERIFICATION']",Review latest project update and verify missing or inconsistent reporting evidence,2026-01,NOT_ELIGIBLE,,officer-decision-v1,alert-policy-v1
PRH-618426,2026-06,,DATA_VERIFICATION_REQUIRED,,WITHHELD,,['INSUFFICIENT_HISTORY'],Review latest project update and verify missing or inconsistent reporting evidence,2026-06,NOT_ELIGIBLE,,officer-decision-v1,alert-policy-v1
PRH-618427,2026-06,,DATA_VERIFICATION_REQUIRED,,WITHHELD,,"['SOURCE_GAP', 'INSUFFICIENT_HISTORY']",Review latest project update and verify missing or inconsistent reporting evidence,2026-06,NOT_ELIGIBLE,,officer-decision-v1,alert-policy-v1
PRH-618428,2026-06,,NO_REVIEW_SIGNAL,,WITHHELD,,['COMPLETED_PROJECT'],,2026-06,NOT_ELIGIBLE,,officer-decision-v1,alert-policy-v1
PRH-618429,2026-06,,DATA_VERIFICATION_REQUIRED,,WITHHELD,,"['SOURCE_GAP', 'INSUFFICIENT_HISTORY']",Review latest project update and verify missing or inconsistent reporting evidence,2026-06,NOT_ELIGIBLE,,officer-decision-v1,alert-policy-v1
PRH-618430,2026-06,,DATA_VERIFICATION_REQUIRED,,WITHHELD,,"['SOURCE_GAP', 'INSUFFICIENT_HISTORY']",Review latest project update and verify missing or inconsistent reporting evidence,2026-06,NOT_ELIGIBLE,,officer-decision-v1,alert-policy-v1
PRH-618431,2026-06,,DATA_VERIFICATION_REQUIRED,,WITHHELD,,"['SOURCE_GAP', 'INSUFFICIENT_HISTORY']",Review latest project update and verify missing or inconsistent reporting evidence,2026-06,NOT_ELIGIBLE,,officer-decision-v1,alert-policy-v1
PRH-618432,2026-06,,DATA_VERIFICATION_REQUIRED,,WITHHELD,,"['STALE_UPDATE', 'SOURCE_GAP', 'INSUFFICIENT_HISTORY', 'FEATURES_INSUFFICIENT', 'SCHEMA_VERIFICATION', 'SOURCE_PROVENANCE_VERIFICATION']",Review latest project update and verify missing or inconsistent reporting evidence,2026-05,NOT_ELIGIBLE,,officer-decision-v1,alert-policy-v1
PRH-618433,2026-06,,DATA_VERIFICATION_REQUIRED,,WITHHELD,,"['SOURCE_GAP', 'INSUFFICIENT_HISTORY']",Review latest project update and verify missing or inconsistent reporting evidence,2026-06,NOT_ELIGIBLE,,officer-decision-v1,alert-policy-v1
PRH-618434,2026-06,,DATA_VERIFICATION_REQUIRED,,WITHHELD,,"['SOURCE_GAP', 'INSUFFICIENT_HISTORY']",Review latest project update and verify missing or inconsistent reporting evidence,2026-06,NOT_ELIGIBLE,,officer-decision-v1,alert-policy-v1
PRH-618435,2026-06,,DATA_VERIFICATION_REQUIRED,,WITHHELD,,"['SOURCE_GAP', 'INSUFFICIENT_HISTORY']",Review latest project update and verify missing or inconsistent reporting evidence,2026-06,NOT_ELIGIBLE,,officer-decision-v1,alert-policy-v1
PRH-618436,2026-06,,NO_REVIEW_SIGNAL,,WITHHELD,,['COMPLETED_PROJECT'],,2026-06,NOT_ELIGIBLE,,officer-decision-v1,alert-policy-v1
PRH-618437,2026-06,,NO_REVIEW_SIGNAL,,WITHHELD,,['COMPLETED_PROJECT'],,2026-06,NOT_ELIGIBLE,,officer-decision-v1,alert-policy-v1
PRH-618438,2026-06,,NO_REVIEW_SIGNAL,,WITHHELD,,['COMPLETED_PROJECT'],,2026-06,NOT_ELIGIBLE,,officer-decision-v1,alert-policy-v1
PRH-618439,2026-06,,DATA_VERIFICATION_REQUIRED,,WITHHELD,,['INSUFFICIENT_HISTORY'],Review latest project update and verify missing or inconsistent reporting evidence,2026-06,NOT_ELIGIBLE,,officer-decision-v1,alert-policy-v1
PRH-618440,2026-06,,DATA_VERIFICATION_REQUIRED,,WITHHELD,,['INSUFFICIENT_HISTORY'],Review latest project update and verify missing or inconsistent reporting evidence,2026-06,NOT_ELIGIBLE,,officer-decision-v1,alert-policy-v1
PRH-618441,2026-06,,DATA_VERIFICATION_REQUIRED,,WITHHELD,,['INSUFFICIENT_HISTORY'],Review latest project update and verify missing or inconsistent reporting evidence,2026-06,NOT_ELIGIBLE,,officer-decision-v1,alert-policy-v1
PRH-618442,2026-06,,NO_REVIEW_SIGNAL,,WITHHELD,,['COMPLETED_PROJECT'],,2026-06,NOT_ELIGIBLE,,officer-decision-v1,alert-policy-v1
PRH-618443,2026-06,,DATA_VERIFICATION_REQUIRED,,WITHHELD,,['INSUFFICIENT_HISTORY'],Review latest project update and verify missing or inconsistent reporting evidence,2026-06,NOT_ELIGIBLE,,officer-decision-v1,alert-policy-v1
PRH-618444,2026-06,,DATA_VERIFICATION_REQUIRED,,WITHHELD,,['INSUFFICIENT_HISTORY'],Review latest project update and verify missing or inconsistent reporting evidence,2026-06,NOT_ELIGIBLE,,officer-decision-v1,alert-policy-v1
PRH-618445,2026-06,,DATA_VERIFICATION_REQUIRED,,WITHHELD,,['INSUFFICIENT_HISTORY'],Review latest project update and verify missing or inconsistent reporting evidence,2026-06,NOT_ELIGIBLE,,officer-decision-v1,alert-policy-v1
PRH-618446,2026-06,,DATA_VERIFICATION_REQUIRED,,WITHHELD,,"['SOURCE_GAP', 'INSUFFICIENT_HISTORY']",Review latest project update and verify missing or inconsistent reporting evidence,2026-06,NOT_ELIGIBLE,,officer-decision-v1,alert-policy-v1
PRH-618447,2026-06,,DATA_VERIFICATION_REQUIRED,,WITHHELD,,"['SOURCE_GAP', 'INSUFFICIENT_HISTORY']",Review latest project update and verify missing or inconsistent reporting evidence,2026-06,NOT_ELIGIBLE,,officer-decision-v1,alert-policy-v1
PRH-618448,2026-06,,DATA_VERIFICATION_REQUIRED,,WITHHELD,,"['SOURCE_GAP', 'INSUFFICIENT_HISTORY']",Review latest project update and verify missing or inconsistent reporting evidence,2026-06,NOT_ELIGIBLE,,officer-decision-v1,alert-policy-v1
PRH-618449,2026-06,,DATA_VERIFICATION_REQUIRED,,WITHHELD,,"['SOURCE_GAP', 'INSUFFICIENT_HISTORY']",Review latest project update and verify missing or inconsistent reporting evidence,2026-06,NOT_ELIGIBLE,,officer-decision-v1,alert-policy-v1
PRH-618450,2026-06,,DATA_VERIFICATION_REQUIRED,,WITHHELD,,"['SOURCE_GAP', 'INSUFFICIENT_HISTORY']",Review latest project update and verify missing or inconsistent reporting evidence,2026-06,NOT_ELIGIBLE,,officer-decision-v1,alert-policy-v1
PRH-618452,2026-06,,DATA_VERIFICATION_REQUIRED,,WITHHELD,,"['SOURCE_GAP', 'INSUFFICIENT_HISTORY']",Review latest project update and verify missing or inconsistent reporting evidence,2026-06,NOT_ELIGIBLE,,officer-decision-v1,alert-policy-v1
PRH-618454,2026-06,,DATA_VERIFICATION_REQUIRED,,WITHHELD,,['INSUFFICIENT_HISTORY'],Review latest project update and verify missing or inconsistent reporting evidence,2026-06,NOT_ELIGIBLE,,officer-decision-v1,alert-policy-v1
PRH-618455,2026-06,,NO_REVIEW_SIGNAL,,WITHHELD,,['COMPLETED_PROJECT'],,2026-06,NOT_ELIGIBLE,,officer-decision-v1,alert-policy-v1
PRH-618456,2026-06,,DATA_VERIFICATION_REQUIRED,,WITHHELD,,"['STALE_UPDATE', 'SOURCE_GAP', 'INSUFFICIENT_HISTORY', 'FEATURES_INSUFFICIENT', 'SCHEMA_VERIFICATION', 'SOURCE_PROVENANCE_VERIFICATION']",Review latest project update and verify missing or inconsistent reporting evidence,2026-05,NOT_ELIGIBLE,,officer-decision-v1,alert-policy-v1
PRH-618457,2026-06,,DATA_VERIFICATION_REQUIRED,,WITHHELD,,"['SOURCE_GAP', 'INSUFFICIENT_HISTORY']",Review latest project update and verify missing or inconsistent reporting evidence,2026-06,NOT_ELIGIBLE,,officer-decision-v1,alert-policy-v1
PRH-618458,2026-06,,DATA_VERIFICATION_REQUIRED,,WITHHELD,,"['SOURCE_GAP', 'INSUFFICIENT_HISTORY']",Review latest project update and verify missing or inconsistent reporting evidence,2026-06,NOT_ELIGIBLE,,officer-decision-v1,alert-policy-v1
PRH-618459,2026-06,,DATA_VERIFICATION_REQUIRED,,WITHHELD,,"['SOURCE_GAP', 'INSUFFICIENT_HISTORY']",Review latest project update and verify missing or inconsistent reporting evidence,2026-06,NOT_ELIGIBLE,,officer-decision-v1,alert-policy-v1
PRH-618460,2026-06,,NO_REVIEW_SIGNAL,,WITHHELD,,['COMPLETED_PROJECT'],,2026-06,NOT_ELIGIBLE,,officer-decision-v1,alert-policy-v1
PRH-618461,2026-06,,DATA_VERIFICATION_REQUIRED,,WITHHELD,,"['STALE_UPDATE', 'SOURCE_GAP', 'INSUFFICIENT_HISTORY', 'FEATURES_INSUFFICIENT', 'SCHEMA_VERIFICATION', 'SOURCE_PROVENANCE_VERIFICATION']",Review latest project update and verify missing or inconsistent reporting evidence,2026-02,NOT_ELIGIBLE,,officer-decision-v1,alert-policy-v1
PRH-618462,2026-06,,NO_REVIEW_SIGNAL,,WITHHELD,,['COMPLETED_PROJECT'],,2026-06,NOT_ELIGIBLE,,officer-decision-v1,alert-policy-v1
PRH-618463,2026-06,,DATA_VERIFICATION_REQUIRED,,WITHHELD,,"['SOURCE_GAP', 'INSUFFICIENT_HISTORY']",Review latest project update and verify missing or inconsistent reporting evidence,2026-06,NOT_ELIGIBLE,,officer-decision-v1,alert-policy-v1
PRH-618464,2026-06,,DATA_VERIFICATION_REQUIRED,,WITHHELD,,"['STALE_UPDATE', 'SOURCE_GAP', 'INSUFFICIENT_HISTORY', 'FEATURES_INSUFFICIENT', 'SCHEMA_VERIFICATION', 'SOURCE_PROVENANCE_VERIFICATION']",Review latest project update and verify missing or inconsistent reporting evidence,2026-05,NOT_ELIGIBLE,,officer-decision-v1,alert-policy-v1
PRH-618465,2026-06,,DATA_VERIFICATION_REQUIRED,,WITHHELD,,"['STALE_UPDATE', 'SOURCE_GAP', 'INSUFFICIENT_HISTORY', 'FEATURES_INSUFFICIENT', 'SCHEMA_VERIFICATION', 'SOURCE_PROVENANCE_VERIFICATION']",Review latest project update and verify missing or inconsistent reporting evidence,2026-05,NOT_ELIGIBLE,,officer-decision-v1,alert-policy-v1
PRH-618466,2026-06,,DATA_VERIFICATION_REQUIRED,,WITHHELD,,['INSUFFICIENT_HISTORY'],Review latest project update and verify missing or inconsistent reporting evidence,2026-06,NOT_ELIGIBLE,,officer-decision-v1,alert-policy-v1
PRH-618467,2026-06,,DATA_VERIFICATION_REQUIRED,,WITHHELD,,['INSUFFICIENT_HISTORY'],Review latest project update and verify missing or inconsistent reporting evidence,2026-06,NOT_ELIGIBLE,,officer-decision-v1,alert-policy-v1
PRH-618468,2026-06,,DATA_VERIFICATION_REQUIRED,,WITHHELD,,"['STALE_UPDATE', 'SOURCE_GAP', 'INSUFFICIENT_HISTORY', 'FEATURES_INSUFFICIENT', 'SCHEMA_VERIFICATION', 'SOURCE_PROVENANCE_VERIFICATION']",Review latest project update and verify missing or inconsistent reporting evidence,2026-05,NOT_ELIGIBLE,,officer-decision-v1,alert-policy-v1
PRH-618469,2026-06,,DATA_VERIFICATION_REQUIRED,,WITHHELD,,"['SOURCE_GAP', 'INSUFFICIENT_HISTORY']",Review latest project update and verify missing or inconsistent reporting evidence,2026-06,NOT_ELIGIBLE,,officer-decision-v1,alert-policy-v1
PRH-618470,2026-06,,DATA_VERIFICATION_REQUIRED,,WITHHELD,,"['SOURCE_GAP', 'INSUFFICIENT_HISTORY']",Review latest project update and verify missing or inconsistent reporting evidence,2026-06,NOT_ELIGIBLE,,officer-decision-v1,alert-policy-v1
PRH-618471,2026-06,,DATA_VERIFICATION_REQUIRED,,WITHHELD,,"['SOURCE_GAP', 'INSUFFICIENT_HISTORY']",Review latest project update and verify missing or inconsistent reporting evidence,2026-06,NOT_ELIGIBLE,,officer-decision-v1,alert-policy-v1
PRH-618472,2026-06,,DATA_VERIFICATION_REQUIRED,,WITHHELD,,"['SOURCE_GAP', 'INSUFFICIENT_HISTORY']",Review latest project update and verify missing or inconsistent reporting evidence,2026-06,NOT_ELIGIBLE,,officer-decision-v1,alert-policy-v1
PRH-618473,2026-06,,DATA_VERIFICATION_REQUIRED,,WITHHELD,,"['SOURCE_GAP', 'INSUFFICIENT_HISTORY']",Review latest project update and verify missing or inconsistent reporting evidence,2026-06,NOT_ELIGIBLE,,officer-decision-v1,alert-policy-v1
PRH-618475,2026-06,,DATA_VERIFICATION_REQUIRED,,WITHHELD,,"['SOURCE_GAP', 'INSUFFICIENT_HISTORY']",Review latest project update and verify missing or inconsistent reporting evidence,2026-06,NOT_ELIGIBLE,,officer-decision-v1,alert-policy-v1
PRH-618476,2026-06,,DATA_VERIFICATION_REQUIRED,,WITHHELD,,"['SOURCE_GAP', 'INSUFFICIENT_HISTORY']",Review latest project update and verify missing or inconsistent reporting evidence,2026-06,NOT_ELIGIBLE,,officer-decision-v1,alert-policy-v1
PRH-618477,2026-06,,DATA_VERIFICATION_REQUIRED,,WITHHELD,,"['SOURCE_GAP', 'INSUFFICIENT_HISTORY']",Review latest project update and verify missing or inconsistent reporting evidence,2026-06,NOT_ELIGIBLE,,officer-decision-v1,alert-policy-v1
PRH-618478,2026-06,,DATA_VERIFICATION_REQUIRED,,WITHHELD,,"['SOURCE_GAP', 'INSUFFICIENT_HISTORY']",Review latest project update and verify missing or inconsistent reporting evidence,2026-06,NOT_ELIGIBLE,,officer-decision-v1,alert-policy-v1
PRH-618479,2026-06,,DATA_VERIFICATION_REQUIRED,,WITHHELD,,"['SOURCE_GAP', 'INSUFFICIENT_HISTORY']",Review latest project update and verify missing or inconsistent reporting evidence,2026-06,NOT_ELIGIBLE,,officer-decision-v1,alert-policy-v1
PRH-618480,2026-06,,DATA_VERIFICATION_REQUIRED,,WITHHELD,,['INSUFFICIENT_HISTORY'],Review latest project update and verify missing or inconsistent reporting evidence,2026-06,NOT_ELIGIBLE,,officer-decision-v1,alert-policy-v1
PRH-618481,2026-06,,DATA_VERIFICATION_REQUIRED,,WITHHELD,,"['SOURCE_GAP', 'INSUFFICIENT_HISTORY']",Review latest project update and verify missing or inconsistent reporting evidence,2026-06,NOT_ELIGIBLE,,officer-decision-v1,alert-policy-v1
PRH-618482,2026-06,,DATA_VERIFICATION_REQUIRED,,WITHHELD,,['INSUFFICIENT_HISTORY'],Review latest project update and verify missing or inconsistent reporting evidence,2026-06,NOT_ELIGIBLE,,officer-decision-v1,alert-policy-v1
PRH-618483,2026-06,,DATA_VERIFICATION_REQUIRED,,WITHHELD,,['INSUFFICIENT_HISTORY'],Review latest project update and verify missing or inconsistent reporting evidence,2026-06,NOT_ELIGIBLE,,officer-decision-v1,alert-policy-v1
PRH-618484,2026-06,,DATA_VERIFICATION_REQUIRED,,WITHHELD,,"['STALE_UPDATE', 'SOURCE_GAP', 'INSUFFICIENT_HISTORY', 'FEATURES_INSUFFICIENT', 'SCHEMA_VERIFICATION', 'SOURCE_PROVENANCE_VERIFICATION']",Review latest project update and verify missing or inconsistent reporting evidence,2026-05,NOT_ELIGIBLE,,officer-decision-v1,alert-policy-v1
PRH-618485,2026-06,,DATA_VERIFICATION_REQUIRED,,WITHHELD,,"['STALE_UPDATE', 'SOURCE_GAP', 'INSUFFICIENT_HISTORY', 'FEATURES_INSUFFICIENT', 'SCHEMA_VERIFICATION', 'SOURCE_PROVENANCE_VERIFICATION']",Review latest project update and verify missing or inconsistent reporting evidence,2026-05,NOT_ELIGIBLE,,officer-decision-v1,alert-policy-v1
PRH-618486,2026-06,,DATA_VERIFICATION_REQUIRED,,WITHHELD,,"['SOURCE_GAP', 'INSUFFICIENT_HISTORY']",Review latest project update and verify missing or inconsistent reporting evidence,2026-06,NOT_ELIGIBLE,,officer-decision-v1,alert-policy-v1
PRH-618487,2026-06,,DATA_VERIFICATION_REQUIRED,,WITHHELD,,"['STALE_UPDATE', 'SOURCE_GAP', 'INSUFFICIENT_HISTORY', 'FEATURES_INSUFFICIENT', 'SCHEMA_VERIFICATION', 'SOURCE_PROVENANCE_VERIFICATION']",Review latest project update and verify missing or inconsistent reporting evidence,2026-05,NOT_ELIGIBLE,,officer-decision-v1,alert-policy-v1
PRH-618488,2026-06,,DATA_VERIFICATION_REQUIRED,,WITHHELD,,['INSUFFICIENT_HISTORY'],Review latest project update and verify missing or inconsistent reporting evidence,2026-06,NOT_ELIGIBLE,,officer-decision-v1,alert-policy-v1
PRH-618489,2026-06,,DATA_VERIFICATION_REQUIRED,,WITHHELD,,"['SOURCE_GAP', 'INSUFFICIENT_HISTORY']",Review latest project update and verify missing or inconsistent reporting evidence,2026-06,NOT_ELIGIBLE,,officer-decision-v1,alert-policy-v1
PRH-618490,2026-06,,DATA_VERIFICATION_REQUIRED,,WITHHELD,,['INSUFFICIENT_HISTORY'],Review latest project update and verify missing or inconsistent reporting evidence,2026-06,NOT_ELIGIBLE,,officer-decision-v1,alert-policy-v1
PRH-618491,2026-06,,DATA_VERIFICATION_REQUIRED,,WITHHELD,,['INSUFFICIENT_HISTORY'],Review latest project update and verify missing or inconsistent reporting evidence,2026-06,NOT_ELIGIBLE,,officer-decision-v1,alert-policy-v1
PRH-618492,2026-06,,DATA_VERIFICATION_REQUIRED,,WITHHELD,,"['SOURCE_GAP', 'INSUFFICIENT_HISTORY']",Review latest project update and verify missing or inconsistent reporting evidence,2026-06,NOT_ELIGIBLE,,officer-decision-v1,alert-policy-v1
PRH-618493,2026-06,,DATA_VERIFICATION_REQUIRED,,WITHHELD,,"['SOURCE_GAP', 'INSUFFICIENT_HISTORY']",Review latest project update and verify missing or inconsistent reporting evidence,2026-06,NOT_ELIGIBLE,,officer-decision-v1,alert-policy-v1
PRH-618494,2026-06,,DATA_VERIFICATION_REQUIRED,,WITHHELD,,"['SOURCE_GAP', 'INSUFFICIENT_HISTORY']",Review latest project update and verify missing or inconsistent reporting evidence,2026-06,NOT_ELIGIBLE,,officer-decision-v1,alert-policy-v1
PRH-618495,2026-06,,DATA_VERIFICATION_REQUIRED,,WITHHELD,,"['SOURCE_GAP', 'INSUFFICIENT_HISTORY']",Review latest project update and verify missing or inconsistent reporting evidence,2026-06,NOT_ELIGIBLE,,officer-decision-v1,alert-policy-v1
PRH-618496,2026-06,,DATA_VERIFICATION_REQUIRED,,WITHHELD,,"['SOURCE_GAP', 'INSUFFICIENT_HISTORY']",Review latest project update and verify missing or inconsistent reporting evidence,2026-06,NOT_ELIGIBLE,,officer-decision-v1,alert-policy-v1
PRH-618497,2026-06,,DATA_VERIFICATION_REQUIRED,,WITHHELD,,"['SOURCE_GAP', 'INSUFFICIENT_HISTORY']",Review latest project update and verify missing or inconsistent reporting evidence,2026-06,NOT_ELIGIBLE,,officer-decision-v1,alert-policy-v1
PRH-618498,2026-06,,DATA_VERIFICATION_REQUIRED,,WITHHELD,,"['STALE_UPDATE', 'SOURCE_GAP', 'INSUFFICIENT_HISTORY', 'FEATURES_INSUFFICIENT', 'SCHEMA_VERIFICATION', 'SOURCE_PROVENANCE_VERIFICATION']",Review latest project update and verify missing or inconsistent reporting evidence,2026-05,NOT_ELIGIBLE,,officer-decision-v1,alert-policy-v1
PRH-618499,2026-06,,NO_REVIEW_SIGNAL,,WITHHELD,,['COMPLETED_PROJECT'],,2026-06,NOT_ELIGIBLE,,officer-decision-v1,alert-policy-v1
PRH-618500,2026-06,,DATA_VERIFICATION_REQUIRED,,WITHHELD,,"['SOURCE_GAP', 'INSUFFICIENT_HISTORY']",Review latest project update and verify missing or inconsistent reporting evidence,2026-06,NOT_ELIGIBLE,,officer-decision-v1,alert-policy-v1
PRH-618501,2026-06,,NO_REVIEW_SIGNAL,,WITHHELD,,['COMPLETED_PROJECT'],,2026-05,NOT_ELIGIBLE,,officer-decision-v1,alert-policy-v1
PRH-618502,2026-06,,NO_REVIEW_SIGNAL,,WITHHELD,,['COMPLETED_PROJECT'],,2026-05,NOT_ELIGIBLE,,officer-decision-v1,alert-policy-v1
PRH-618503,2026-06,,NO_REVIEW_SIGNAL,,WITHHELD,,['COMPLETED_PROJECT'],,2026-06,NOT_ELIGIBLE,,officer-decision-v1,alert-policy-v1
PRH-618504,2026-06,,DATA_VERIFICATION_REQUIRED,,WITHHELD,,"['SOURCE_GAP', 'INSUFFICIENT_HISTORY']",Review latest project update and verify missing or inconsistent reporting evidence,2026-06,NOT_ELIGIBLE,,officer-decision-v1,alert-policy-v1
PRH-618505,2026-06,,DATA_VERIFICATION_REQUIRED,,WITHHELD,,"['SOURCE_GAP', 'INSUFFICIENT_HISTORY']",Review latest project update and verify missing or inconsistent reporting evidence,2026-06,NOT_ELIGIBLE,,officer-decision-v1,alert-policy-v1
PRH-618506,2026-06,,DATA_VERIFICATION_REQUIRED,,WITHHELD,,['INSUFFICIENT_HISTORY'],Review latest project update and verify missing or inconsistent reporting evidence,2026-06,NOT_ELIGIBLE,,officer-decision-v1,alert-policy-v1
PRH-618507,2026-06,,DATA_VERIFICATION_REQUIRED,,WITHHELD,,['INSUFFICIENT_HISTORY'],Review latest project update and verify missing or inconsistent reporting evidence,2026-06,NOT_ELIGIBLE,,officer-decision-v1,alert-policy-v1
PRH-618508,2026-06,,DATA_VERIFICATION_REQUIRED,,WITHHELD,,['INSUFFICIENT_HISTORY'],Review latest project update and verify missing or inconsistent reporting evidence,2026-06,NOT_ELIGIBLE,,officer-decision-v1,alert-policy-v1
PRH-618509,2026-06,,DATA_VERIFICATION_REQUIRED,,WITHHELD,,"['SOURCE_GAP', 'INSUFFICIENT_HISTORY']",Review latest project update and verify missing or inconsistent reporting evidence,2026-06,NOT_ELIGIBLE,,officer-decision-v1,alert-policy-v1
PRH-618511,2026-06,,DATA_VERIFICATION_REQUIRED,,WITHHELD,,['INSUFFICIENT_HISTORY'],Review latest project update and verify missing or inconsistent reporting evidence,2026-06,NOT_ELIGIBLE,,officer-decision-v1,alert-policy-v1
PRH-618512,2026-06,,DATA_VERIFICATION_REQUIRED,,WITHHELD,,"['SOURCE_GAP', 'INSUFFICIENT_HISTORY']",Review latest project update and verify missing or inconsistent reporting evidence,2026-06,NOT_ELIGIBLE,,officer-decision-v1,alert-policy-v1
PRH-618513,2026-06,,DATA_VERIFICATION_REQUIRED,,WITHHELD,,"['SOURCE_GAP', 'INSUFFICIENT_HISTORY']",Review latest project update and verify missing or inconsistent reporting evidence,2026-06,NOT_ELIGIBLE,,officer-decision-v1,alert-policy-v1
PRH-618514,2026-06,,DATA_VERIFICATION_REQUIRED,,WITHHELD,,"['SOURCE_GAP', 'INSUFFICIENT_HISTORY']",Review latest project update and verify missing or inconsistent reporting evidence,2026-06,NOT_ELIGIBLE,,officer-decision-v1,alert-policy-v1
PRH-618515,2026-06,,NO_REVIEW_SIGNAL,,WITHHELD,,['COMPLETED_PROJECT'],,2026-05,NOT_ELIGIBLE,,officer-decision-v1,alert-policy-v1
PRH-618516,2026-06,,DATA_VERIFICATION_REQUIRED,,WITHHELD,,"['SOURCE_GAP', 'INSUFFICIENT_HISTORY']",Review latest project update and verify missing or inconsistent reporting evidence,2026-06,NOT_ELIGIBLE,,officer-decision-v1,alert-policy-v1
PRH-618517,2026-06,,DATA_VERIFICATION_REQUIRED,,WITHHELD,,"['SOURCE_GAP', 'INSUFFICIENT_HISTORY']",Review latest project update and verify missing or inconsistent reporting evidence,2026-06,NOT_ELIGIBLE,,officer-decision-v1,alert-policy-v1
PRH-618518,2026-06,,DATA_VERIFICATION_REQUIRED,,WITHHELD,,['INSUFFICIENT_HISTORY'],Review latest project update and verify missing or inconsistent reporting evidence,2026-06,NOT_ELIGIBLE,,officer-decision-v1,alert-policy-v1
PRH-618519,2026-06,,DATA_VERIFICATION_REQUIRED,,WITHHELD,,"['SOURCE_GAP', 'INSUFFICIENT_HISTORY']",Review latest project update and verify missing or inconsistent reporting evidence,2026-06,NOT_ELIGIBLE,,officer-decision-v1,alert-policy-v1
PRH-618520,2026-06,,DATA_VERIFICATION_REQUIRED,,WITHHELD,,['INSUFFICIENT_HISTORY'],Review latest project update and verify missing or inconsistent reporting evidence,2026-06,NOT_ELIGIBLE,,officer-decision-v1,alert-policy-v1
PRH-618521,2026-06,,DATA_VERIFICATION_REQUIRED,,WITHHELD,,"['SOURCE_GAP', 'INSUFFICIENT_HISTORY']",Review latest project update and verify missing or inconsistent reporting evidence,2026-06,NOT_ELIGIBLE,,officer-decision-v1,alert-policy-v1
PRH-618522,2026-06,,DATA_VERIFICATION_REQUIRED,,WITHHELD,,['INSUFFICIENT_HISTORY'],Review latest project update and verify missing or inconsistent reporting evidence,2026-06,NOT_ELIGIBLE,,officer-decision-v1,alert-policy-v1
PRH-618523,2026-06,,DATA_VERIFICATION_REQUIRED,,WITHHELD,,"['SOURCE_GAP', 'INSUFFICIENT_HISTORY']",Review latest project update and verify missing or inconsistent reporting evidence,2026-06,NOT_ELIGIBLE,,officer-decision-v1,alert-policy-v1
PRH-618524,2026-06,,DATA_VERIFICATION_REQUIRED,,WITHHELD,,['INSUFFICIENT_HISTORY'],Review latest project update and verify missing or inconsistent reporting evidence,2026-06,NOT_ELIGIBLE,,officer-decision-v1,alert-policy-v1
PRH-618525,2026-06,,DATA_VERIFICATION_REQUIRED,,WITHHELD,,['INSUFFICIENT_HISTORY'],Review latest project update and verify missing or inconsistent reporting evidence,2026-06,NOT_ELIGIBLE,,officer-decision-v1,alert-policy-v1
PRH-618526,2026-06,,DATA_VERIFICATION_REQUIRED,,WITHHELD,,['INSUFFICIENT_HISTORY'],Review latest project update and verify missing or inconsistent reporting evidence,2026-06,NOT_ELIGIBLE,,officer-decision-v1,alert-policy-v1
PRH-618527,2026-06,,DATA_VERIFICATION_REQUIRED,,WITHHELD,,"['STALE_UPDATE', 'SOURCE_GAP', 'INSUFFICIENT_HISTORY', 'FEATURES_INSUFFICIENT', 'SCHEMA_VERIFICATION', 'SOURCE_PROVENANCE_VERIFICATION']",Review latest project update and verify missing or inconsistent reporting evidence,2026-05,NOT_ELIGIBLE,,officer-decision-v1,alert-policy-v1
PRH-618529,2026-06,,DATA_VERIFICATION_REQUIRED,,WITHHELD,,"['SOURCE_GAP', 'INSUFFICIENT_HISTORY']",Review latest project update and verify missing or inconsistent reporting evidence,2026-06,NOT_ELIGIBLE,,officer-decision-v1,alert-policy-v1
PRH-618530,2026-06,,DATA_VERIFICATION_REQUIRED,,WITHHELD,,"['SOURCE_GAP', 'INSUFFICIENT_HISTORY']",Review latest project update and verify missing or inconsistent reporting evidence,2026-06,NOT_ELIGIBLE,,officer-decision-v1,alert-policy-v1
PRH-618531,2026-06,,DATA_VERIFICATION_REQUIRED,,WITHHELD,,"['SOURCE_GAP', 'INSUFFICIENT_HISTORY']",Review latest project update and verify missing or inconsistent reporting evidence,2026-06,NOT_ELIGIBLE,,officer-decision-v1,alert-policy-v1
PRH-618532,2026-06,,DATA_VERIFICATION_REQUIRED,,WITHHELD,,"['STALE_UPDATE', 'SOURCE_GAP', 'INSUFFICIENT_HISTORY', 'FEATURES_INSUFFICIENT', 'SCHEMA_VERIFICATION', 'SOURCE_PROVENANCE_VERIFICATION']",Review latest project update and verify missing or inconsistent reporting evidence,2026-05,NOT_ELIGIBLE,,officer-decision-v1,alert-policy-v1
PRH-618533,2026-06,,NO_REVIEW_SIGNAL,,WITHHELD,,['COMPLETED_PROJECT'],,2026-06,NOT_ELIGIBLE,,officer-decision-v1,alert-policy-v1
PRH-618534,2026-06,,DATA_VERIFICATION_REQUIRED,,WITHHELD,,['INSUFFICIENT_HISTORY'],Review latest project update and verify missing or inconsistent reporting evidence,2026-06,NOT_ELIGIBLE,,officer-decision-v1,alert-policy-v1
PRH-618535,2026-06,,DATA_VERIFICATION_REQUIRED,,WITHHELD,,['INSUFFICIENT_HISTORY'],Review latest project update and verify missing or inconsistent reporting evidence,2026-06,NOT_ELIGIBLE,,officer-decision-v1,alert-policy-v1
PRH-618536,2026-06,,DATA_VERIFICATION_REQUIRED,,WITHHELD,,['INSUFFICIENT_HISTORY'],Review latest project update and verify missing or inconsistent reporting evidence,2026-06,NOT_ELIGIBLE,,officer-decision-v1,alert-policy-v1
PRH-618537,2026-06,,DATA_VERIFICATION_REQUIRED,,WITHHELD,,"['SOURCE_GAP', 'INSUFFICIENT_HISTORY']",Review latest project update and verify missing or inconsistent reporting evidence,2026-06,NOT_ELIGIBLE,,officer-decision-v1,alert-policy-v1
PRH-618538,2026-06,,DATA_VERIFICATION_REQUIRED,,WITHHELD,,['INSUFFICIENT_HISTORY'],Review latest project update and verify missing or inconsistent reporting evidence,2026-06,NOT_ELIGIBLE,,officer-decision-v1,alert-policy-v1
PRH-618539,2026-06,,DATA_VERIFICATION_REQUIRED,,WITHHELD,,['INSUFFICIENT_HISTORY'],Review latest project update and verify missing or inconsistent reporting evidence,2026-06,NOT_ELIGIBLE,,officer-decision-v1,alert-policy-v1
PRH-618540,2026-06,,DATA_VERIFICATION_REQUIRED,,WITHHELD,,['INSUFFICIENT_HISTORY'],Review latest project update and verify missing or inconsistent reporting evidence,2026-06,NOT_ELIGIBLE,,officer-decision-v1,alert-policy-v1
PRH-618541,2026-06,,DATA_VERIFICATION_REQUIRED,,WITHHELD,,"['SOURCE_GAP', 'INSUFFICIENT_HISTORY']",Review latest project update and verify missing or inconsistent reporting evidence,2026-06,NOT_ELIGIBLE,,officer-decision-v1,alert-policy-v1
PRH-618542,2026-06,,DATA_VERIFICATION_REQUIRED,,WITHHELD,,['INSUFFICIENT_HISTORY'],Review latest project update and verify missing or inconsistent reporting evidence,2026-06,NOT_ELIGIBLE,,officer-decision-v1,alert-policy-v1
PRH-618543,2026-06,,DATA_VERIFICATION_REQUIRED,,WITHHELD,,"['SOURCE_GAP', 'INSUFFICIENT_HISTORY']",Review latest project update and verify missing or inconsistent reporting evidence,2026-06,NOT_ELIGIBLE,,officer-decision-v1,alert-policy-v1
PRH-618544,2026-06,,DATA_VERIFICATION_REQUIRED,,WITHHELD,,"['SOURCE_GAP', 'INSUFFICIENT_HISTORY']",Review latest project update and verify missing or inconsistent reporting evidence,2026-06,NOT_ELIGIBLE,,officer-decision-v1,alert-policy-v1
PRH-618545,2026-06,,DATA_VERIFICATION_REQUIRED,,WITHHELD,,"['SOURCE_GAP', 'INSUFFICIENT_HISTORY']",Review latest project update and verify missing or inconsistent reporting evidence,2026-06,NOT_ELIGIBLE,,officer-decision-v1,alert-policy-v1
PRH-618546,2026-06,,DATA_VERIFICATION_REQUIRED,,WITHHELD,,"['STALE_UPDATE', 'SOURCE_GAP', 'INSUFFICIENT_HISTORY', 'FEATURES_INSUFFICIENT', 'SCHEMA_VERIFICATION', 'SOURCE_PROVENANCE_VERIFICATION']",Review latest project update and verify missing or inconsistent reporting evidence,2026-02,NOT_ELIGIBLE,,officer-decision-v1,alert-policy-v1
PRH-618547,2026-06,,DATA_VERIFICATION_REQUIRED,,WITHHELD,,"['SOURCE_GAP', 'INSUFFICIENT_HISTORY']",Review latest project update and verify missing or inconsistent reporting evidence,2026-06,NOT_ELIGIBLE,,officer-decision-v1,alert-policy-v1
PRH-618548,2026-06,,DATA_VERIFICATION_REQUIRED,,WITHHELD,,"['STALE_UPDATE', 'SOURCE_GAP', 'INSUFFICIENT_HISTORY', 'FEATURES_INSUFFICIENT', 'SCHEMA_VERIFICATION', 'SOURCE_PROVENANCE_VERIFICATION']",Review latest project update and verify missing or inconsistent reporting evidence,2026-02,NOT_ELIGIBLE,,officer-decision-v1,alert-policy-v1
PRH-618549,2026-06,,DATA_VERIFICATION_REQUIRED,,WITHHELD,,"['SOURCE_GAP', 'INSUFFICIENT_HISTORY']",Review latest project update and verify missing or inconsistent reporting evidence,2026-06,NOT_ELIGIBLE,,officer-decision-v1,alert-policy-v1
PRH-618550,2026-06,,DATA_VERIFICATION_REQUIRED,,WITHHELD,,"['SOURCE_GAP', 'INSUFFICIENT_HISTORY']",Review latest project update and verify missing or inconsistent reporting evidence,2026-06,NOT_ELIGIBLE,,officer-decision-v1,alert-policy-v1
PRH-618551,2026-06,,DATA_VERIFICATION_REQUIRED,,WITHHELD,,['INSUFFICIENT_HISTORY'],Review latest project update and verify missing or inconsistent reporting evidence,2026-06,NOT_ELIGIBLE,,officer-decision-v1,alert-policy-v1
PRH-618552,2026-06,,DATA_VERIFICATION_REQUIRED,,WITHHELD,,"['SOURCE_GAP', 'INSUFFICIENT_HISTORY']",Review latest project update and verify missing or inconsistent reporting evidence,2026-06,NOT_ELIGIBLE,,officer-decision-v1,alert-policy-v1
PRH-618553,2026-06,,NO_REVIEW_SIGNAL,,WITHHELD,,['COMPLETED_PROJECT'],,2026-05,NOT_ELIGIBLE,,officer-decision-v1,alert-policy-v1
PRH-618554,2026-06,,DATA_VERIFICATION_REQUIRED,,WITHHELD,,"['SOURCE_GAP', 'INSUFFICIENT_HISTORY']",Review latest project update and verify missing or inconsistent reporting evidence,2026-06,NOT_ELIGIBLE,,officer-decision-v1,alert-policy-v1
PRH-618555,2026-06,,DATA_VERIFICATION_REQUIRED,,WITHHELD,,"['STALE_UPDATE', 'SOURCE_GAP', 'INSUFFICIENT_HISTORY', 'FEATURES_INSUFFICIENT', 'SCHEMA_VERIFICATION', 'SOURCE_PROVENANCE_VERIFICATION']",Review latest project update and verify missing or inconsistent reporting evidence,2026-03,NOT_ELIGIBLE,,officer-decision-v1,alert-policy-v1
PRH-618556,2026-06,,DATA_VERIFICATION_REQUIRED,,WITHHELD,,['INSUFFICIENT_HISTORY'],Review latest project update and verify missing or inconsistent reporting evidence,2026-06,NOT_ELIGIBLE,,officer-decision-v1,alert-policy-v1
PRH-618557,2026-06,,DATA_VERIFICATION_REQUIRED,,WITHHELD,,"['SOURCE_GAP', 'INSUFFICIENT_HISTORY']",Review latest project update and verify missing or inconsistent reporting evidence,2026-06,NOT_ELIGIBLE,,officer-decision-v1,alert-policy-v1
PRH-618558,2026-06,,DATA_VERIFICATION_REQUIRED,,WITHHELD,,"['SOURCE_GAP', 'INSUFFICIENT_HISTORY']",Review latest project update and verify missing or inconsistent reporting evidence,2026-06,NOT_ELIGIBLE,,officer-decision-v1,alert-policy-v1
PRH-618559,2026-06,,DATA_VERIFICATION_REQUIRED,,WITHHELD,,"['SOURCE_GAP', 'INSUFFICIENT_HISTORY']",Review latest project update and verify missing or inconsistent reporting evidence,2026-06,NOT_ELIGIBLE,,officer-decision-v1,alert-policy-v1
PRH-618560,2026-06,,DATA_VERIFICATION_REQUIRED,,WITHHELD,,"['SOURCE_GAP', 'INSUFFICIENT_HISTORY']",Review latest project update and verify missing or inconsistent reporting evidence,2026-06,NOT_ELIGIBLE,,officer-decision-v1,alert-policy-v1
PRH-618561,2026-06,,DATA_VERIFICATION_REQUIRED,,WITHHELD,,['INSUFFICIENT_HISTORY'],Review latest project update and verify missing or inconsistent reporting evidence,2026-06,NOT_ELIGIBLE,,officer-decision-v1,alert-policy-v1
PRH-618562,2026-06,,NO_REVIEW_SIGNAL,,WITHHELD,,['COMPLETED_PROJECT'],,2026-05,NOT_ELIGIBLE,,officer-decision-v1,alert-policy-v1
PRH-618563,2026-06,,DATA_VERIFICATION_REQUIRED,,WITHHELD,,"['SOURCE_GAP', 'INSUFFICIENT_HISTORY']",Review latest project update and verify missing or inconsistent reporting evidence,2026-06,NOT_ELIGIBLE,,officer-decision-v1,alert-policy-v1
PRH-618564,2026-06,,DATA_VERIFICATION_REQUIRED,,WITHHELD,,['INSUFFICIENT_HISTORY'],Review latest project update and verify missing or inconsistent reporting evidence,2026-06,NOT_ELIGIBLE,,officer-decision-v1,alert-policy-v1
PRH-618565,2026-06,,DATA_VERIFICATION_REQUIRED,,WITHHELD,,"['STALE_UPDATE', 'SOURCE_GAP', 'INSUFFICIENT_HISTORY', 'FEATURES_INSUFFICIENT', 'SCHEMA_VERIFICATION', 'SOURCE_PROVENANCE_VERIFICATION']",Review latest project update and verify missing or inconsistent reporting evidence,2026-05,NOT_ELIGIBLE,,officer-decision-v1,alert-policy-v1
PRH-618566,2026-06,,DATA_VERIFICATION_REQUIRED,,WITHHELD,,"['SOURCE_GAP', 'INSUFFICIENT_HISTORY']",Review latest project update and verify missing or inconsistent reporting evidence,2026-06,NOT_ELIGIBLE,,officer-decision-v1,alert-policy-v1
PRH-618567,2026-06,,DATA_VERIFICATION_REQUIRED,,WITHHELD,,['INSUFFICIENT_HISTORY'],Review latest project update and verify missing or inconsistent reporting evidence,2026-06,NOT_ELIGIBLE,,officer-decision-v1,alert-policy-v1
PRH-618568,2026-06,,DATA_VERIFICATION_REQUIRED,,WITHHELD,,['INSUFFICIENT_HISTORY'],Review latest project update and verify missing or inconsistent reporting evidence,2026-06,NOT_ELIGIBLE,,officer-decision-v1,alert-policy-v1
PRH-618569,2026-06,,DATA_VERIFICATION_REQUIRED,,WITHHELD,,"['SOURCE_GAP', 'INSUFFICIENT_HISTORY']",Review latest project update and verify missing or inconsistent reporting evidence,2026-06,NOT_ELIGIBLE,,officer-decision-v1,alert-policy-v1
PRH-618570,2026-06,,DATA_VERIFICATION_REQUIRED,,WITHHELD,,"['STALE_UPDATE', 'SOURCE_GAP', 'INSUFFICIENT_HISTORY', 'FEATURES_INSUFFICIENT', 'SCHEMA_VERIFICATION', 'SOURCE_PROVENANCE_VERIFICATION']",Review latest project update and verify missing or inconsistent reporting evidence,2026-05,NOT_ELIGIBLE,,officer-decision-v1,alert-policy-v1
PRH-618571,2026-06,,DATA_VERIFICATION_REQUIRED,,WITHHELD,,"['SOURCE_GAP', 'INSUFFICIENT_HISTORY']",Review latest project update and verify missing or inconsistent reporting evidence,2026-06,NOT_ELIGIBLE,,officer-decision-v1,alert-policy-v1
PRH-618572,2026-06,,DATA_VERIFICATION_REQUIRED,,WITHHELD,,['INSUFFICIENT_HISTORY'],Review latest project update and verify missing or inconsistent reporting evidence,2026-06,NOT_ELIGIBLE,,officer-decision-v1,alert-policy-v1
PRH-618574,2026-06,,DATA_VERIFICATION_REQUIRED,,WITHHELD,,['INSUFFICIENT_HISTORY'],Review latest project update and verify missing or inconsistent reporting evidence,2026-06,NOT_ELIGIBLE,,officer-decision-v1,alert-policy-v1
PRH-618575,2026-06,,NO_REVIEW_SIGNAL,,WITHHELD,,['COMPLETED_PROJECT'],,2026-02,NOT_ELIGIBLE,,officer-decision-v1,alert-policy-v1
PRH-618576,2026-06,,DATA_VERIFICATION_REQUIRED,,WITHHELD,,"['STALE_UPDATE', 'SOURCE_GAP', 'INSUFFICIENT_HISTORY', 'FEATURES_INSUFFICIENT', 'SCHEMA_VERIFICATION', 'SOURCE_PROVENANCE_VERIFICATION']",Review latest project update and verify missing or inconsistent reporting evidence,2026-05,NOT_ELIGIBLE,,officer-decision-v1,alert-policy-v1
PRH-618577,2026-06,,NO_REVIEW_SIGNAL,,WITHHELD,,['COMPLETED_PROJECT'],,2026-06,NOT_ELIGIBLE,,officer-decision-v1,alert-policy-v1
PRH-618578,2026-06,,DATA_VERIFICATION_REQUIRED,,WITHHELD,,"['STALE_UPDATE', 'SOURCE_GAP', 'INSUFFICIENT_HISTORY', 'FEATURES_INSUFFICIENT', 'SCHEMA_VERIFICATION', 'SOURCE_PROVENANCE_VERIFICATION']",Review latest project update and verify missing or inconsistent reporting evidence,2026-05,NOT_ELIGIBLE,,officer-decision-v1,alert-policy-v1
PRH-618579,2026-06,,NO_REVIEW_SIGNAL,,WITHHELD,,['COMPLETED_PROJECT'],,2026-06,NOT_ELIGIBLE,,officer-decision-v1,alert-policy-v1
PRH-618580,2026-06,,DATA_VERIFICATION_REQUIRED,,WITHHELD,,"['SOURCE_GAP', 'INSUFFICIENT_HISTORY']",Review latest project update and verify missing or inconsistent reporting evidence,2026-06,NOT_ELIGIBLE,,officer-decision-v1,alert-policy-v1
PRH-618581,2026-06,,DATA_VERIFICATION_REQUIRED,,WITHHELD,,"['SOURCE_GAP', 'INSUFFICIENT_HISTORY']",Review latest project update and verify missing or inconsistent reporting evidence,2026-06,NOT_ELIGIBLE,,officer-decision-v1,alert-policy-v1
PRH-618582,2026-06,,NO_REVIEW_SIGNAL,,WITHHELD,,['COMPLETED_PROJECT'],,2026-05,NOT_ELIGIBLE,,officer-decision-v1,alert-policy-v1
PRH-618583,2026-06,,NO_REVIEW_SIGNAL,,WITHHELD,,['COMPLETED_PROJECT'],,2026-05,NOT_ELIGIBLE,,officer-decision-v1,alert-policy-v1
PRH-618584,2026-06,,DATA_VERIFICATION_REQUIRED,,WITHHELD,,['INSUFFICIENT_HISTORY'],Review latest project update and verify missing or inconsistent reporting evidence,2026-06,NOT_ELIGIBLE,,officer-decision-v1,alert-policy-v1
PRH-618585,2026-06,,DATA_VERIFICATION_REQUIRED,,WITHHELD,,['INSUFFICIENT_HISTORY'],Review latest project update and verify missing or inconsistent reporting evidence,2026-06,NOT_ELIGIBLE,,officer-decision-v1,alert-policy-v1
PRH-618586,2026-06,,DATA_VERIFICATION_REQUIRED,,WITHHELD,,['INSUFFICIENT_HISTORY'],Review latest project update and verify missing or inconsistent reporting evidence,2026-06,NOT_ELIGIBLE,,officer-decision-v1,alert-policy-v1
PRH-618588,2026-06,,DATA_VERIFICATION_REQUIRED,,WITHHELD,,"['SOURCE_GAP', 'INSUFFICIENT_HISTORY']",Review latest project update and verify missing or inconsistent reporting evidence,2026-06,NOT_ELIGIBLE,,officer-decision-v1,alert-policy-v1
PRH-618589,2026-06,,DATA_VERIFICATION_REQUIRED,,WITHHELD,,"['SOURCE_GAP', 'INSUFFICIENT_HISTORY']",Review latest project update and verify missing or inconsistent reporting evidence,2026-06,NOT_ELIGIBLE,,officer-decision-v1,alert-policy-v1
PRH-618590,2026-06,,DATA_VERIFICATION_REQUIRED,,WITHHELD,,"['SOURCE_GAP', 'INSUFFICIENT_HISTORY']",Review latest project update and verify missing or inconsistent reporting evidence,2026-06,NOT_ELIGIBLE,,officer-decision-v1,alert-policy-v1
PRH-618591,2026-06,,DATA_VERIFICATION_REQUIRED,,WITHHELD,,['INSUFFICIENT_HISTORY'],Review latest project update and verify missing or inconsistent reporting evidence,2026-06,NOT_ELIGIBLE,,officer-decision-v1,alert-policy-v1
PRH-618592,2026-06,,DATA_VERIFICATION_REQUIRED,,WITHHELD,,['INSUFFICIENT_HISTORY'],Review latest project update and verify missing or inconsistent reporting evidence,2026-06,NOT_ELIGIBLE,,officer-decision-v1,alert-policy-v1
PRH-618593,2026-06,,DATA_VERIFICATION_REQUIRED,,WITHHELD,,['INSUFFICIENT_HISTORY'],Review latest project update and verify missing or inconsistent reporting evidence,2026-06,NOT_ELIGIBLE,,officer-decision-v1,alert-policy-v1
PRH-618594,2026-06,,DATA_VERIFICATION_REQUIRED,,WITHHELD,,"['SOURCE_GAP', 'INSUFFICIENT_HISTORY']",Review latest project update and verify missing or inconsistent reporting evidence,2026-06,NOT_ELIGIBLE,,officer-decision-v1,alert-policy-v1
PRH-618595,2026-06,,DATA_VERIFICATION_REQUIRED,,WITHHELD,,"['SOURCE_GAP', 'INSUFFICIENT_HISTORY']",Review latest project update and verify missing or inconsistent reporting evidence,2026-06,NOT_ELIGIBLE,,officer-decision-v1,alert-policy-v1
PRH-618596,2026-06,,DATA_VERIFICATION_REQUIRED,,WITHHELD,,"['SOURCE_GAP', 'INSUFFICIENT_HISTORY']",Review latest project update and verify missing or inconsistent reporting evidence,2026-06,NOT_ELIGIBLE,,officer-decision-v1,alert-policy-v1
PRH-618597,2026-06,,DATA_VERIFICATION_REQUIRED,,WITHHELD,,"['SOURCE_GAP', 'INSUFFICIENT_HISTORY']",Review latest project update and verify missing or inconsistent reporting evidence,2026-06,NOT_ELIGIBLE,,officer-decision-v1,alert-policy-v1
PRH-618598,2026-06,,NO_REVIEW_SIGNAL,,WITHHELD,,['COMPLETED_PROJECT'],,2026-06,NOT_ELIGIBLE,,officer-decision-v1,alert-policy-v1
PRH-618599,2026-06,,NO_REVIEW_SIGNAL,,WITHHELD,,['COMPLETED_PROJECT'],,2026-06,NOT_ELIGIBLE,,officer-decision-v1,alert-policy-v1
PRH-618600,2026-06,,NO_REVIEW_SIGNAL,,WITHHELD,,['COMPLETED_PROJECT'],,2026-06,NOT_ELIGIBLE,,officer-decision-v1,alert-policy-v1
PRH-618601,2026-06,,DATA_VERIFICATION_REQUIRED,,WITHHELD,,"['SOURCE_GAP', 'INSUFFICIENT_HISTORY']",Review latest project update and verify missing or inconsistent reporting evidence,2026-06,NOT_ELIGIBLE,,officer-decision-v1,alert-policy-v1
PRH-618602,2026-06,,DATA_VERIFICATION_REQUIRED,,WITHHELD,,"['SOURCE_GAP', 'INSUFFICIENT_HISTORY']",Review latest project update and verify missing or inconsistent reporting evidence,2026-06,NOT_ELIGIBLE,,officer-decision-v1,alert-policy-v1
PRH-618603,2026-06,,DATA_VERIFICATION_REQUIRED,,WITHHELD,,"['SOURCE_GAP', 'INSUFFICIENT_HISTORY']",Review latest project update and verify missing or inconsistent reporting evidence,2026-06,NOT_ELIGIBLE,,officer-decision-v1,alert-policy-v1
PRH-618604,2026-06,,DATA_VERIFICATION_REQUIRED,,WITHHELD,,"['SOURCE_GAP', 'INSUFFICIENT_HISTORY']",Review latest project update and verify missing or inconsistent reporting evidence,2026-06,NOT_ELIGIBLE,,officer-decision-v1,alert-policy-v1
PRH-618605,2026-06,,DATA_VERIFICATION_REQUIRED,,WITHHELD,,"['SOURCE_GAP', 'INSUFFICIENT_HISTORY']",Review latest project update and verify missing or inconsistent reporting evidence,2026-06,NOT_ELIGIBLE,,officer-decision-v1,alert-policy-v1
PRH-618606,2026-06,,DATA_VERIFICATION_REQUIRED,,WITHHELD,,"['SOURCE_GAP', 'INSUFFICIENT_HISTORY']",Review latest project update and verify missing or inconsistent reporting evidence,2026-06,NOT_ELIGIBLE,,officer-decision-v1,alert-policy-v1
PRH-618607,2026-06,,DATA_VERIFICATION_REQUIRED,,WITHHELD,,"['SOURCE_GAP', 'INSUFFICIENT_HISTORY']",Review latest project update and verify missing or inconsistent reporting evidence,2026-06,NOT_ELIGIBLE,,officer-decision-v1,alert-policy-v1
PRH-618608,2026-06,,DATA_VERIFICATION_REQUIRED,,WITHHELD,,"['SOURCE_GAP', 'INSUFFICIENT_HISTORY']",Review latest project update and verify missing or inconsistent reporting evidence,2026-06,NOT_ELIGIBLE,,officer-decision-v1,alert-policy-v1
PRH-618609,2026-06,,DATA_VERIFICATION_REQUIRED,,WITHHELD,,['INSUFFICIENT_HISTORY'],Review latest project update and verify missing or inconsistent reporting evidence,2026-06,NOT_ELIGIBLE,,officer-decision-v1,alert-policy-v1
PRH-618610,2026-06,,DATA_VERIFICATION_REQUIRED,,WITHHELD,,"['SOURCE_GAP', 'INSUFFICIENT_HISTORY']",Review latest project update and verify missing or inconsistent reporting evidence,2026-06,NOT_ELIGIBLE,,officer-decision-v1,alert-policy-v1
PRH-618611,2026-06,,NO_REVIEW_SIGNAL,,WITHHELD,,['COMPLETED_PROJECT'],,2026-06,NOT_ELIGIBLE,,officer-decision-v1,alert-policy-v1
PRH-618612,2026-06,,NO_REVIEW_SIGNAL,,WITHHELD,,['COMPLETED_PROJECT'],,2026-06,NOT_ELIGIBLE,,officer-decision-v1,alert-policy-v1
PRH-618613,2026-06,,DATA_VERIFICATION_REQUIRED,,WITHHELD,,"['SOURCE_GAP', 'INSUFFICIENT_HISTORY']",Review latest project update and verify missing or inconsistent reporting evidence,2026-06,NOT_ELIGIBLE,,officer-decision-v1,alert-policy-v1
PRH-618614,2026-06,,DATA_VERIFICATION_REQUIRED,,WITHHELD,,"['STALE_UPDATE', 'SOURCE_GAP', 'INSUFFICIENT_HISTORY', 'FEATURES_INSUFFICIENT', 'SCHEMA_VERIFICATION', 'SOURCE_PROVENANCE_VERIFICATION']",Review latest project update and verify missing or inconsistent reporting evidence,2026-05,NOT_ELIGIBLE,,officer-decision-v1,alert-policy-v1
PRH-618615,2026-06,,DATA_VERIFICATION_REQUIRED,,WITHHELD,,"['SOURCE_GAP', 'INSUFFICIENT_HISTORY']",Review latest project update and verify missing or inconsistent reporting evidence,2026-06,NOT_ELIGIBLE,,officer-decision-v1,alert-policy-v1
PRH-618616,2026-06,,DATA_VERIFICATION_REQUIRED,,WITHHELD,,['INSUFFICIENT_HISTORY'],Review latest project update and verify missing or inconsistent reporting evidence,2026-06,NOT_ELIGIBLE,,officer-decision-v1,alert-policy-v1
PRH-618617,2026-06,,DATA_VERIFICATION_REQUIRED,,WITHHELD,,"['SOURCE_GAP', 'INSUFFICIENT_HISTORY']",Review latest project update and verify missing or inconsistent reporting evidence,2026-06,NOT_ELIGIBLE,,officer-decision-v1,alert-policy-v1
PRH-618618,2026-06,,DATA_VERIFICATION_REQUIRED,,WITHHELD,,"['SOURCE_GAP', 'INSUFFICIENT_HISTORY']",Review latest project update and verify missing or inconsistent reporting evidence,2026-06,NOT_ELIGIBLE,,officer-decision-v1,alert-policy-v1
PRH-618619,2026-06,,DATA_VERIFICATION_REQUIRED,,WITHHELD,,['INSUFFICIENT_HISTORY'],Review latest project update and verify missing or inconsistent reporting evidence,2026-06,NOT_ELIGIBLE,,officer-decision-v1,alert-policy-v1
PRH-618620,2026-06,,DATA_VERIFICATION_REQUIRED,,WITHHELD,,['INSUFFICIENT_HISTORY'],Review latest project update and verify missing or inconsistent reporting evidence,2026-06,NOT_ELIGIBLE,,officer-decision-v1,alert-policy-v1
PRH-618621,2026-06,,DATA_VERIFICATION_REQUIRED,,WITHHELD,,"['SOURCE_GAP', 'INSUFFICIENT_HISTORY']",Review latest project update and verify missing or inconsistent reporting evidence,2026-06,NOT_ELIGIBLE,,officer-decision-v1,alert-policy-v1
PRH-618622,2026-06,,DATA_VERIFICATION_REQUIRED,,WITHHELD,,"['SOURCE_GAP', 'INSUFFICIENT_HISTORY']",Review latest project update and verify missing or inconsistent reporting evidence,2026-06,NOT_ELIGIBLE,,officer-decision-v1,alert-policy-v1
PRH-618623,2026-06,,DATA_VERIFICATION_REQUIRED,,WITHHELD,,['INSUFFICIENT_HISTORY'],Review latest project update and verify missing or inconsistent reporting evidence,2026-06,NOT_ELIGIBLE,,officer-decision-v1,alert-policy-v1
PRH-618624,2026-06,,DATA_VERIFICATION_REQUIRED,,WITHHELD,,"['STALE_UPDATE', 'SOURCE_GAP', 'INSUFFICIENT_HISTORY', 'FEATURES_INSUFFICIENT', 'SCHEMA_VERIFICATION', 'SOURCE_PROVENANCE_VERIFICATION']",Review latest project update and verify missing or inconsistent reporting evidence,2026-05,NOT_ELIGIBLE,,officer-decision-v1,alert-policy-v1
PRH-618625,2026-06,,DATA_VERIFICATION_REQUIRED,,WITHHELD,,"['STALE_UPDATE', 'SOURCE_GAP', 'INSUFFICIENT_HISTORY', 'FEATURES_INSUFFICIENT', 'SCHEMA_VERIFICATION', 'SOURCE_PROVENANCE_VERIFICATION']",Review latest project update and verify missing or inconsistent reporting evidence,2026-05,NOT_ELIGIBLE,,officer-decision-v1,alert-policy-v1
PRH-618626,2026-06,,DATA_VERIFICATION_REQUIRED,,WITHHELD,,['INSUFFICIENT_HISTORY'],Review latest project update and verify missing or inconsistent reporting evidence,2026-06,NOT_ELIGIBLE,,officer-decision-v1,alert-policy-v1
PRH-618627,2026-06,,DATA_VERIFICATION_REQUIRED,,WITHHELD,,['INSUFFICIENT_HISTORY'],Review latest project update and verify missing or inconsistent reporting evidence,2026-06,NOT_ELIGIBLE,,officer-decision-v1,alert-policy-v1
PRH-618628,2026-06,,DATA_VERIFICATION_REQUIRED,,WITHHELD,,['INSUFFICIENT_HISTORY'],Review latest project update and verify missing or inconsistent reporting evidence,2026-06,NOT_ELIGIBLE,,officer-decision-v1,alert-policy-v1
PRH-618629,2026-06,,DATA_VERIFICATION_REQUIRED,,WITHHELD,,['INSUFFICIENT_HISTORY'],Review latest project update and verify missing or inconsistent reporting evidence,2026-06,NOT_ELIGIBLE,,officer-decision-v1,alert-policy-v1
PRH-618630,2026-06,,DATA_VERIFICATION_REQUIRED,,WITHHELD,,"['SOURCE_GAP', 'INSUFFICIENT_HISTORY']",Review latest project update and verify missing or inconsistent reporting evidence,2026-06,NOT_ELIGIBLE,,officer-decision-v1,alert-policy-v1
PRH-618631,2026-06,,DATA_VERIFICATION_REQUIRED,,WITHHELD,,['INSUFFICIENT_HISTORY'],Review latest project update and verify missing or inconsistent reporting evidence,2026-06,NOT_ELIGIBLE,,officer-decision-v1,alert-policy-v1
PRH-618632,2026-06,,DATA_VERIFICATION_REQUIRED,,WITHHELD,,"['SOURCE_GAP', 'INSUFFICIENT_HISTORY']",Review latest project update and verify missing or inconsistent reporting evidence,2026-06,NOT_ELIGIBLE,,officer-decision-v1,alert-policy-v1
PRH-618633,2026-06,,DATA_VERIFICATION_REQUIRED,,WITHHELD,,['INSUFFICIENT_HISTORY'],Review latest project update and verify missing or inconsistent reporting evidence,2026-06,NOT_ELIGIBLE,,officer-decision-v1,alert-policy-v1
PRH-618634,2026-06,,DATA_VERIFICATION_REQUIRED,,WITHHELD,,"['SOURCE_GAP', 'INSUFFICIENT_HISTORY']",Review latest project update and verify missing or inconsistent reporting evidence,2026-06,NOT_ELIGIBLE,,officer-decision-v1,alert-policy-v1
PRH-618635,2026-06,,DATA_VERIFICATION_REQUIRED,,WITHHELD,,"['SOURCE_GAP', 'INSUFFICIENT_HISTORY']",Review latest project update and verify missing or inconsistent reporting evidence,2026-06,NOT_ELIGIBLE,,officer-decision-v1,alert-policy-v1
PRH-618636,2026-06,,DATA_VERIFICATION_REQUIRED,,WITHHELD,,['INSUFFICIENT_HISTORY'],Review latest project update and verify missing or inconsistent reporting evidence,2026-06,NOT_ELIGIBLE,,officer-decision-v1,alert-policy-v1
PRH-618637,2026-06,,DATA_VERIFICATION_REQUIRED,,WITHHELD,,"['SOURCE_GAP', 'INSUFFICIENT_HISTORY']",Review latest project update and verify missing or inconsistent reporting evidence,2026-06,NOT_ELIGIBLE,,officer-decision-v1,alert-policy-v1
PRH-618638,2026-06,,DATA_VERIFICATION_REQUIRED,,WITHHELD,,"['STALE_UPDATE', 'SOURCE_GAP', 'INSUFFICIENT_HISTORY', 'FEATURES_INSUFFICIENT', 'SCHEMA_VERIFICATION', 'SOURCE_PROVENANCE_VERIFICATION']",Review latest project update and verify missing or inconsistent reporting evidence,2026-05,NOT_ELIGIBLE,,officer-decision-v1,alert-policy-v1
PRH-618639,2026-06,,DATA_VERIFICATION_REQUIRED,,WITHHELD,,"['SOURCE_GAP', 'INSUFFICIENT_HISTORY']",Review latest project update and verify missing or inconsistent reporting evidence,2026-06,NOT_ELIGIBLE,,officer-decision-v1,alert-policy-v1
PRH-618640,2026-06,,DATA_VERIFICATION_REQUIRED,,WITHHELD,,['INSUFFICIENT_HISTORY'],Review latest project update and verify missing or inconsistent reporting evidence,2026-06,NOT_ELIGIBLE,,officer-decision-v1,alert-policy-v1
PRH-618641,2026-06,,DATA_VERIFICATION_REQUIRED,,WITHHELD,,['INSUFFICIENT_HISTORY'],Review latest project update and verify missing or inconsistent reporting evidence,2026-06,NOT_ELIGIBLE,,officer-decision-v1,alert-policy-v1
PRH-618642,2026-06,,DATA_VERIFICATION_REQUIRED,,WITHHELD,,"['SOURCE_GAP', 'INSUFFICIENT_HISTORY']",Review latest project update and verify missing or inconsistent reporting evidence,2026-06,NOT_ELIGIBLE,,officer-decision-v1,alert-policy-v1
PRH-618644,2026-06,,DATA_VERIFICATION_REQUIRED,,WITHHELD,,"['SOURCE_GAP', 'INSUFFICIENT_HISTORY']",Review latest project update and verify missing or inconsistent reporting evidence,2026-06,NOT_ELIGIBLE,,officer-decision-v1,alert-policy-v1
PRH-618645,2026-06,,DATA_VERIFICATION_REQUIRED,,WITHHELD,,"['SOURCE_GAP', 'INSUFFICIENT_HISTORY']",Review latest project update and verify missing or inconsistent reporting evidence,2026-06,NOT_ELIGIBLE,,officer-decision-v1,alert-policy-v1
PRH-618646,2026-06,,DATA_VERIFICATION_REQUIRED,,WITHHELD,,['INSUFFICIENT_HISTORY'],Review latest project update and verify missing or inconsistent reporting evidence,2026-06,NOT_ELIGIBLE,,officer-decision-v1,alert-policy-v1
PRH-618647,2026-06,,DATA_VERIFICATION_REQUIRED,,WITHHELD,,"['SOURCE_GAP', 'INSUFFICIENT_HISTORY']",Review latest project update and verify missing or inconsistent reporting evidence,2026-06,NOT_ELIGIBLE,,officer-decision-v1,alert-policy-v1
PRH-618648,2026-06,,DATA_VERIFICATION_REQUIRED,,WITHHELD,,"['INSUFFICIENT_HISTORY', 'FEATURES_INSUFFICIENT']",Review latest project update and verify missing or inconsistent reporting evidence,2026-06,NOT_ELIGIBLE,,officer-decision-v1,alert-policy-v1
PRH-618649,2026-06,,DATA_VERIFICATION_REQUIRED,,WITHHELD,,['INSUFFICIENT_HISTORY'],Review latest project update and verify missing or inconsistent reporting evidence,2026-06,NOT_ELIGIBLE,,officer-decision-v1,alert-policy-v1
PRH-618650,2026-06,,DATA_VERIFICATION_REQUIRED,,WITHHELD,,['INSUFFICIENT_HISTORY'],Review latest project update and verify missing or inconsistent reporting evidence,2026-06,NOT_ELIGIBLE,,officer-decision-v1,alert-policy-v1
PRH-618651,2026-06,,DATA_VERIFICATION_REQUIRED,,WITHHELD,,['INSUFFICIENT_HISTORY'],Review latest project update and verify missing or inconsistent reporting evidence,2026-06,NOT_ELIGIBLE,,officer-decision-v1,alert-policy-v1
PRH-618652,2026-06,,NO_REVIEW_SIGNAL,,WITHHELD,,['COMPLETED_PROJECT'],,2026-05,NOT_ELIGIBLE,,officer-decision-v1,alert-policy-v1
PRH-618653,2026-06,,DATA_VERIFICATION_REQUIRED,,WITHHELD,,['INSUFFICIENT_HISTORY'],Review latest project update and verify missing or inconsistent reporting evidence,2026-06,NOT_ELIGIBLE,,officer-decision-v1,alert-policy-v1
PRH-618654,2026-06,,DATA_VERIFICATION_REQUIRED,,WITHHELD,,"['SOURCE_GAP', 'INSUFFICIENT_HISTORY']",Review latest project update and verify missing or inconsistent reporting evidence,2026-06,NOT_ELIGIBLE,,officer-decision-v1,alert-policy-v1
PRH-618655,2026-06,,DATA_VERIFICATION_REQUIRED,,WITHHELD,,['INSUFFICIENT_HISTORY'],Review latest project update and verify missing or inconsistent reporting evidence,2026-06,NOT_ELIGIBLE,,officer-decision-v1,alert-policy-v1
PRH-618661,2026-06,,DATA_VERIFICATION_REQUIRED,,WITHHELD,,['INSUFFICIENT_HISTORY'],Review latest project update and verify missing or inconsistent reporting evidence,2026-06,NOT_ELIGIBLE,,officer-decision-v1,alert-policy-v1
PRH-618662,2026-06,,DATA_VERIFICATION_REQUIRED,,WITHHELD,,['INSUFFICIENT_HISTORY'],Review latest project update and verify missing or inconsistent reporting evidence,2026-06,NOT_ELIGIBLE,,officer-decision-v1,alert-policy-v1
PRH-618663,2026-06,,DATA_VERIFICATION_REQUIRED,,WITHHELD,,"['SOURCE_GAP', 'INSUFFICIENT_HISTORY']",Review latest project update and verify missing or inconsistent reporting evidence,2026-06,NOT_ELIGIBLE,,officer-decision-v1,alert-policy-v1
PRH-618664,2026-06,,DATA_VERIFICATION_REQUIRED,,WITHHELD,,"['SOURCE_GAP', 'INSUFFICIENT_HISTORY']",Review latest project update and verify missing or inconsistent reporting evidence,2026-06,NOT_ELIGIBLE,,officer-decision-v1,alert-policy-v1
PRH-618665,2026-06,,DATA_VERIFICATION_REQUIRED,,WITHHELD,,"['STALE_UPDATE', 'SOURCE_GAP', 'INSUFFICIENT_HISTORY', 'FEATURES_INSUFFICIENT', 'SCHEMA_VERIFICATION', 'SOURCE_PROVENANCE_VERIFICATION']",Review latest project update and verify missing or inconsistent reporting evidence,2026-05,NOT_ELIGIBLE,,officer-decision-v1,alert-policy-v1
PRH-618666,2026-06,,DATA_VERIFICATION_REQUIRED,,WITHHELD,,['INSUFFICIENT_HISTORY'],Review latest project update and verify missing or inconsistent reporting evidence,2026-06,NOT_ELIGIBLE,,officer-decision-v1,alert-policy-v1
PRH-618667,2026-06,,DATA_VERIFICATION_REQUIRED,,WITHHELD,,['INSUFFICIENT_HISTORY'],Review latest project update and verify missing or inconsistent reporting evidence,2026-06,NOT_ELIGIBLE,,officer-decision-v1,alert-policy-v1
PRH-618668,2026-06,,DATA_VERIFICATION_REQUIRED,,WITHHELD,,['INSUFFICIENT_HISTORY'],Review latest project update and verify missing or inconsistent reporting evidence,2026-06,NOT_ELIGIBLE,,officer-decision-v1,alert-policy-v1
PRH-618669,2026-06,,DATA_VERIFICATION_REQUIRED,,WITHHELD,,['INSUFFICIENT_HISTORY'],Review latest project update and verify missing or inconsistent reporting evidence,2026-06,NOT_ELIGIBLE,,officer-decision-v1,alert-policy-v1
PRH-618671,2026-06,,DATA_VERIFICATION_REQUIRED,,WITHHELD,,['INSUFFICIENT_HISTORY'],Review latest project update and verify missing or inconsistent reporting evidence,2026-06,NOT_ELIGIBLE,,officer-decision-v1,alert-policy-v1
PRH-618672,2026-06,,DATA_VERIFICATION_REQUIRED,,WITHHELD,,['INSUFFICIENT_HISTORY'],Review latest project update and verify missing or inconsistent reporting evidence,2026-06,NOT_ELIGIBLE,,officer-decision-v1,alert-policy-v1
PRH-618673,2026-06,,DATA_VERIFICATION_REQUIRED,,WITHHELD,,"['SOURCE_GAP', 'INSUFFICIENT_HISTORY']",Review latest project update and verify missing or inconsistent reporting evidence,2026-06,NOT_ELIGIBLE,,officer-decision-v1,alert-policy-v1
PRH-618674,2026-06,,NO_REVIEW_SIGNAL,,WITHHELD,,['COMPLETED_PROJECT'],,2026-06,NOT_ELIGIBLE,,officer-decision-v1,alert-policy-v1
PRH-618675,2026-06,,DATA_VERIFICATION_REQUIRED,,WITHHELD,,"['SOURCE_GAP', 'INSUFFICIENT_HISTORY']",Review latest project update and verify missing or inconsistent reporting evidence,2026-06,NOT_ELIGIBLE,,officer-decision-v1,alert-policy-v1
PRH-618676,2026-06,,DATA_VERIFICATION_REQUIRED,,WITHHELD,,"['STALE_UPDATE', 'SOURCE_GAP', 'INSUFFICIENT_HISTORY', 'FEATURES_INSUFFICIENT', 'SCHEMA_VERIFICATION', 'SOURCE_PROVENANCE_VERIFICATION']",Review latest project update and verify missing or inconsistent reporting evidence,2026-05,NOT_ELIGIBLE,,officer-decision-v1,alert-policy-v1
PRH-618677,2026-06,,DATA_VERIFICATION_REQUIRED,,WITHHELD,,"['SOURCE_GAP', 'INSUFFICIENT_HISTORY']",Review latest project update and verify missing or inconsistent reporting evidence,2026-06,NOT_ELIGIBLE,,officer-decision-v1,alert-policy-v1
PRH-618678,2026-06,,DATA_VERIFICATION_REQUIRED,,WITHHELD,,"['SOURCE_GAP', 'INSUFFICIENT_HISTORY']",Review latest project update and verify missing or inconsistent reporting evidence,2026-06,NOT_ELIGIBLE,,officer-decision-v1,alert-policy-v1
PRH-618680,2026-06,,DATA_VERIFICATION_REQUIRED,,WITHHELD,,"['SOURCE_GAP', 'INSUFFICIENT_HISTORY']",Review latest project update and verify missing or inconsistent reporting evidence,2026-06,NOT_ELIGIBLE,,officer-decision-v1,alert-policy-v1
PRH-618681,2026-06,,DATA_VERIFICATION_REQUIRED,,WITHHELD,,"['SOURCE_GAP', 'INSUFFICIENT_HISTORY']",Review latest project update and verify missing or inconsistent reporting evidence,2026-06,NOT_ELIGIBLE,,officer-decision-v1,alert-policy-v1
PRH-618682,2026-06,,DATA_VERIFICATION_REQUIRED,,WITHHELD,,['INSUFFICIENT_HISTORY'],Review latest project update and verify missing or inconsistent reporting evidence,2026-06,NOT_ELIGIBLE,,officer-decision-v1,alert-policy-v1
PRH-618684,2026-06,,DATA_VERIFICATION_REQUIRED,,WITHHELD,,['INSUFFICIENT_HISTORY'],Review latest project update and verify missing or inconsistent reporting evidence,2026-06,NOT_ELIGIBLE,,officer-decision-v1,alert-policy-v1
PRH-618685,2026-06,,DATA_VERIFICATION_REQUIRED,,WITHHELD,,['INSUFFICIENT_HISTORY'],Review latest project update and verify missing or inconsistent reporting evidence,2026-06,NOT_ELIGIBLE,,officer-decision-v1,alert-policy-v1
PRH-618686,2026-06,,DATA_VERIFICATION_REQUIRED,,WITHHELD,,['INSUFFICIENT_HISTORY'],Review latest project update and verify missing or inconsistent reporting evidence,2026-06,NOT_ELIGIBLE,,officer-decision-v1,alert-policy-v1
PRH-618687,2026-06,,DATA_VERIFICATION_REQUIRED,,WITHHELD,,"['SOURCE_GAP', 'INSUFFICIENT_HISTORY']",Review latest project update and verify missing or inconsistent reporting evidence,2026-06,NOT_ELIGIBLE,,officer-decision-v1,alert-policy-v1
PRH-618688,2026-06,,DATA_VERIFICATION_REQUIRED,,WITHHELD,,['INSUFFICIENT_HISTORY'],Review latest project update and verify missing or inconsistent reporting evidence,2026-06,NOT_ELIGIBLE,,officer-decision-v1,alert-policy-v1
PRH-618689,2026-06,,DATA_VERIFICATION_REQUIRED,,WITHHELD,,"['STALE_UPDATE', 'SOURCE_GAP', 'INSUFFICIENT_HISTORY', 'FEATURES_INSUFFICIENT', 'SCHEMA_VERIFICATION', 'SOURCE_PROVENANCE_VERIFICATION']",Review latest project update and verify missing or inconsistent reporting evidence,2026-02,NOT_ELIGIBLE,,officer-decision-v1,alert-policy-v1
PRH-618690,2026-06,,DATA_VERIFICATION_REQUIRED,,WITHHELD,,['INSUFFICIENT_HISTORY'],Review latest project update and verify missing or inconsistent reporting evidence,2026-06,NOT_ELIGIBLE,,officer-decision-v1,alert-policy-v1
PRH-618691,2026-06,,DATA_VERIFICATION_REQUIRED,,WITHHELD,,['INSUFFICIENT_HISTORY'],Review latest project update and verify missing or inconsistent reporting evidence,2026-06,NOT_ELIGIBLE,,officer-decision-v1,alert-policy-v1
PRH-618692,2026-06,,NO_REVIEW_SIGNAL,,WITHHELD,,['COMPLETED_PROJECT'],,2026-06,NOT_ELIGIBLE,,officer-decision-v1,alert-policy-v1
PRH-618693,2026-06,,DATA_VERIFICATION_REQUIRED,,WITHHELD,,"['SOURCE_GAP', 'INSUFFICIENT_HISTORY']",Review latest project update and verify missing or inconsistent reporting evidence,2026-06,NOT_ELIGIBLE,,officer-decision-v1,alert-policy-v1
PRH-618694,2026-06,,DATA_VERIFICATION_REQUIRED,,WITHHELD,,"['SOURCE_GAP', 'INSUFFICIENT_HISTORY']",Review latest project update and verify missing or inconsistent reporting evidence,2026-06,NOT_ELIGIBLE,,officer-decision-v1,alert-policy-v1
PRH-618695,2026-06,,DATA_VERIFICATION_REQUIRED,,WITHHELD,,"['STALE_UPDATE', 'SOURCE_GAP', 'INSUFFICIENT_HISTORY', 'FEATURES_INSUFFICIENT', 'SCHEMA_VERIFICATION', 'SOURCE_PROVENANCE_VERIFICATION']",Review latest project update and verify missing or inconsistent reporting evidence,2026-05,NOT_ELIGIBLE,,officer-decision-v1,alert-policy-v1
PRH-618696,2026-06,,NO_REVIEW_SIGNAL,,WITHHELD,,['COMPLETED_PROJECT'],,2026-02,NOT_ELIGIBLE,,officer-decision-v1,alert-policy-v1
PRH-618697,2026-06,,DATA_VERIFICATION_REQUIRED,,WITHHELD,,['INSUFFICIENT_HISTORY'],Review latest project update and verify missing or inconsistent reporting evidence,2026-06,NOT_ELIGIBLE,,officer-decision-v1,alert-policy-v1
PRH-618698,2026-06,,DATA_VERIFICATION_REQUIRED,,WITHHELD,,"['STALE_UPDATE', 'SOURCE_GAP', 'INSUFFICIENT_HISTORY', 'FEATURES_INSUFFICIENT', 'SCHEMA_VERIFICATION', 'SOURCE_PROVENANCE_VERIFICATION']",Review latest project update and verify missing or inconsistent reporting evidence,2026-05,NOT_ELIGIBLE,,officer-decision-v1,alert-policy-v1
PRH-618699,2026-06,,NO_REVIEW_SIGNAL,,WITHHELD,,['COMPLETED_PROJECT'],,2026-05,NOT_ELIGIBLE,,officer-decision-v1,alert-policy-v1
PRH-618700,2026-06,,DATA_VERIFICATION_REQUIRED,,WITHHELD,,"['SOURCE_GAP', 'INSUFFICIENT_HISTORY']",Review latest project update and verify missing or inconsistent reporting evidence,2026-06,NOT_ELIGIBLE,,officer-decision-v1,alert-policy-v1
PRH-618701,2026-06,,DATA_VERIFICATION_REQUIRED,,WITHHELD,,"['STALE_UPDATE', 'SOURCE_GAP', 'INSUFFICIENT_HISTORY', 'FEATURES_INSUFFICIENT', 'SCHEMA_VERIFICATION', 'SOURCE_PROVENANCE_VERIFICATION']",Review latest project update and verify missing or inconsistent reporting evidence,2026-05,NOT_ELIGIBLE,,officer-decision-v1,alert-policy-v1
PRH-618702,2026-06,,DATA_VERIFICATION_REQUIRED,,WITHHELD,,"['SOURCE_GAP', 'INSUFFICIENT_HISTORY']",Review latest project update and verify missing or inconsistent reporting evidence,2026-06,NOT_ELIGIBLE,,officer-decision-v1,alert-policy-v1
PRH-618704,2026-06,,DATA_VERIFICATION_REQUIRED,,WITHHELD,,['INSUFFICIENT_HISTORY'],Review latest project update and verify missing or inconsistent reporting evidence,2026-06,NOT_ELIGIBLE,,officer-decision-v1,alert-policy-v1
PRH-618705,2026-06,,DATA_VERIFICATION_REQUIRED,,WITHHELD,,['INSUFFICIENT_HISTORY'],Review latest project update and verify missing or inconsistent reporting evidence,2026-06,NOT_ELIGIBLE,,officer-decision-v1,alert-policy-v1
PRH-618706,2026-06,,DATA_VERIFICATION_REQUIRED,,WITHHELD,,['INSUFFICIENT_HISTORY'],Review latest project update and verify missing or inconsistent reporting evidence,2026-06,NOT_ELIGIBLE,,officer-decision-v1,alert-policy-v1
PRH-618707,2026-06,,DATA_VERIFICATION_REQUIRED,,WITHHELD,,['INSUFFICIENT_HISTORY'],Review latest project update and verify missing or inconsistent reporting evidence,2026-06,NOT_ELIGIBLE,,officer-decision-v1,alert-policy-v1
PRH-618708,2026-06,,DATA_VERIFICATION_REQUIRED,,WITHHELD,,"['SOURCE_GAP', 'INSUFFICIENT_HISTORY']",Review latest project update and verify missing or inconsistent reporting evidence,2026-06,NOT_ELIGIBLE,,officer-decision-v1,alert-policy-v1
PRH-618709,2026-06,,DATA_VERIFICATION_REQUIRED,,WITHHELD,,"['SOURCE_GAP', 'INSUFFICIENT_HISTORY']",Review latest project update and verify missing or inconsistent reporting evidence,2026-06,NOT_ELIGIBLE,,officer-decision-v1,alert-policy-v1
PRH-618710,2026-06,,NO_REVIEW_SIGNAL,,WITHHELD,,['COMPLETED_PROJECT'],,2026-06,NOT_ELIGIBLE,,officer-decision-v1,alert-policy-v1
PRH-618711,2026-06,,DATA_VERIFICATION_REQUIRED,,WITHHELD,,"['SOURCE_GAP', 'INSUFFICIENT_HISTORY']",Review latest project update and verify missing or inconsistent reporting evidence,2026-06,NOT_ELIGIBLE,,officer-decision-v1,alert-policy-v1
PRH-618712,2026-06,,DATA_VERIFICATION_REQUIRED,,WITHHELD,,"['SOURCE_GAP', 'INSUFFICIENT_HISTORY']",Review latest project update and verify missing or inconsistent reporting evidence,2026-06,NOT_ELIGIBLE,,officer-decision-v1,alert-policy-v1
PRH-618713,2026-06,,DATA_VERIFICATION_REQUIRED,,WITHHELD,,"['SOURCE_GAP', 'INSUFFICIENT_HISTORY']",Review latest project update and verify missing or inconsistent reporting evidence,2026-06,NOT_ELIGIBLE,,officer-decision-v1,alert-policy-v1
PRH-618714,2026-06,,DATA_VERIFICATION_REQUIRED,,WITHHELD,,"['SOURCE_GAP', 'INSUFFICIENT_HISTORY']",Review latest project update and verify missing or inconsistent reporting evidence,2026-06,NOT_ELIGIBLE,,officer-decision-v1,alert-policy-v1
PRH-618715,2026-06,,DATA_VERIFICATION_REQUIRED,,WITHHELD,,"['SOURCE_GAP', 'INSUFFICIENT_HISTORY']",Review latest project update and verify missing or inconsistent reporting evidence,2026-06,NOT_ELIGIBLE,,officer-decision-v1,alert-policy-v1
PRH-618716,2026-06,,DATA_VERIFICATION_REQUIRED,,WITHHELD,,"['SOURCE_GAP', 'INSUFFICIENT_HISTORY']",Review latest project update and verify missing or inconsistent reporting evidence,2026-06,NOT_ELIGIBLE,,officer-decision-v1,alert-policy-v1
PRH-618717,2026-06,,DATA_VERIFICATION_REQUIRED,,WITHHELD,,"['SOURCE_GAP', 'INSUFFICIENT_HISTORY']",Review latest project update and verify missing or inconsistent reporting evidence,2026-06,NOT_ELIGIBLE,,officer-decision-v1,alert-policy-v1
PRH-618718,2026-06,,DATA_VERIFICATION_REQUIRED,,WITHHELD,,['INSUFFICIENT_HISTORY'],Review latest project update and verify missing or inconsistent reporting evidence,2026-06,NOT_ELIGIBLE,,officer-decision-v1,alert-policy-v1
PRH-618719,2026-06,,DATA_VERIFICATION_REQUIRED,,WITHHELD,,"['SOURCE_GAP', 'INSUFFICIENT_HISTORY']",Review latest project update and verify missing or inconsistent reporting evidence,2026-06,NOT_ELIGIBLE,,officer-decision-v1,alert-policy-v1
PRH-618720,2026-06,,DATA_VERIFICATION_REQUIRED,,WITHHELD,,"['SOURCE_GAP', 'INSUFFICIENT_HISTORY']",Review latest project update and verify missing or inconsistent reporting evidence,2026-06,NOT_ELIGIBLE,,officer-decision-v1,alert-policy-v1
PRH-618721,2026-06,,DATA_VERIFICATION_REQUIRED,,WITHHELD,,"['SOURCE_GAP', 'INSUFFICIENT_HISTORY']",Review latest project update and verify missing or inconsistent reporting evidence,2026-06,NOT_ELIGIBLE,,officer-decision-v1,alert-policy-v1
PRH-618722,2026-06,,DATA_VERIFICATION_REQUIRED,,WITHHELD,,"['SOURCE_GAP', 'INSUFFICIENT_HISTORY']",Review latest project update and verify missing or inconsistent reporting evidence,2026-06,NOT_ELIGIBLE,,officer-decision-v1,alert-policy-v1
PRH-618723,2026-06,,DATA_VERIFICATION_REQUIRED,,WITHHELD,,"['SOURCE_GAP', 'INSUFFICIENT_HISTORY']",Review latest project update and verify missing or inconsistent reporting evidence,2026-06,NOT_ELIGIBLE,,officer-decision-v1,alert-policy-v1
PRH-618724,2026-06,,DATA_VERIFICATION_REQUIRED,,WITHHELD,,['INSUFFICIENT_HISTORY'],Review latest project update and verify missing or inconsistent reporting evidence,2026-06,NOT_ELIGIBLE,,officer-decision-v1,alert-policy-v1
PRH-618725,2026-06,,DATA_VERIFICATION_REQUIRED,,WITHHELD,,['INSUFFICIENT_HISTORY'],Review latest project update and verify missing or inconsistent reporting evidence,2026-06,NOT_ELIGIBLE,,officer-decision-v1,alert-policy-v1
PRH-618726,2026-06,,DATA_VERIFICATION_REQUIRED,,WITHHELD,,['INSUFFICIENT_HISTORY'],Review latest project update and verify missing or inconsistent reporting evidence,2026-06,NOT_ELIGIBLE,,officer-decision-v1,alert-policy-v1
PRH-618727,2026-06,,DATA_VERIFICATION_REQUIRED,,WITHHELD,,['INSUFFICIENT_HISTORY'],Review latest project update and verify missing or inconsistent reporting evidence,2026-06,NOT_ELIGIBLE,,officer-decision-v1,alert-policy-v1
PRH-618728,2026-06,,DATA_VERIFICATION_REQUIRED,,WITHHELD,,['INSUFFICIENT_HISTORY'],Review latest project update and verify missing or inconsistent reporting evidence,2026-06,NOT_ELIGIBLE,,officer-decision-v1,alert-policy-v1
PRH-618729,2026-06,,DATA_VERIFICATION_REQUIRED,,WITHHELD,,"['INSUFFICIENT_HISTORY', 'FEATURES_INSUFFICIENT']",Review latest project update and verify missing or inconsistent reporting evidence,2026-06,NOT_ELIGIBLE,,officer-decision-v1,alert-policy-v1
PRH-618730,2026-06,,DATA_VERIFICATION_REQUIRED,,WITHHELD,,['INSUFFICIENT_HISTORY'],Review latest project update and verify missing or inconsistent reporting evidence,2026-06,NOT_ELIGIBLE,,officer-decision-v1,alert-policy-v1
PRH-618732,2026-06,,DATA_VERIFICATION_REQUIRED,,WITHHELD,,['INSUFFICIENT_HISTORY'],Review latest project update and verify missing or inconsistent reporting evidence,2026-06,NOT_ELIGIBLE,,officer-decision-v1,alert-policy-v1
PRH-618733,2026-06,,DATA_VERIFICATION_REQUIRED,,WITHHELD,,"['INSUFFICIENT_HISTORY', 'FEATURES_INSUFFICIENT']",Review latest project update and verify missing or inconsistent reporting evidence,2026-06,NOT_ELIGIBLE,,officer-decision-v1,alert-policy-v1
PRH-618734,2026-06,,DATA_VERIFICATION_REQUIRED,,WITHHELD,,['INSUFFICIENT_HISTORY'],Review latest project update and verify missing or inconsistent reporting evidence,2026-06,NOT_ELIGIBLE,,officer-decision-v1,alert-policy-v1
PRH-618735,2026-06,,DATA_VERIFICATION_REQUIRED,,WITHHELD,,"['SOURCE_GAP', 'INSUFFICIENT_HISTORY']",Review latest project update and verify missing or inconsistent reporting evidence,2026-06,NOT_ELIGIBLE,,officer-decision-v1,alert-policy-v1
PRH-618736,2026-06,,DATA_VERIFICATION_REQUIRED,,WITHHELD,,['INSUFFICIENT_HISTORY'],Review latest project update and verify missing or inconsistent reporting evidence,2026-06,NOT_ELIGIBLE,,officer-decision-v1,alert-policy-v1
PRH-618737,2026-06,,DATA_VERIFICATION_REQUIRED,,WITHHELD,,['INSUFFICIENT_HISTORY'],Review latest project update and verify missing or inconsistent reporting evidence,2026-06,NOT_ELIGIBLE,,officer-decision-v1,alert-policy-v1
PRH-618738,2026-06,,DATA_VERIFICATION_REQUIRED,,WITHHELD,,"['SOURCE_GAP', 'INSUFFICIENT_HISTORY']",Review latest project update and verify missing or inconsistent reporting evidence,2026-06,NOT_ELIGIBLE,,officer-decision-v1,alert-policy-v1
PRH-618739,2026-06,,DATA_VERIFICATION_REQUIRED,,WITHHELD,,"['SOURCE_GAP', 'INSUFFICIENT_HISTORY']",Review latest project update and verify missing or inconsistent reporting evidence,2026-06,NOT_ELIGIBLE,,officer-decision-v1,alert-policy-v1
PRH-618740,2026-06,,DATA_VERIFICATION_REQUIRED,,WITHHELD,,"['SOURCE_GAP', 'INSUFFICIENT_HISTORY']",Review latest project update and verify missing or inconsistent reporting evidence,2026-06,NOT_ELIGIBLE,,officer-decision-v1,alert-policy-v1
PRH-618741,2026-06,,DATA_VERIFICATION_REQUIRED,,WITHHELD,,"['SOURCE_GAP', 'INSUFFICIENT_HISTORY']",Review latest project update and verify missing or inconsistent reporting evidence,2026-06,NOT_ELIGIBLE,,officer-decision-v1,alert-policy-v1
PRH-618742,2026-06,,DATA_VERIFICATION_REQUIRED,,WITHHELD,,['INSUFFICIENT_HISTORY'],Review latest project update and verify missing or inconsistent reporting evidence,2026-06,NOT_ELIGIBLE,,officer-decision-v1,alert-policy-v1
PRH-618743,2026-06,,NO_REVIEW_SIGNAL,,WITHHELD,,['COMPLETED_PROJECT'],,2026-05,NOT_ELIGIBLE,,officer-decision-v1,alert-policy-v1
PRH-618744,2026-06,,DATA_VERIFICATION_REQUIRED,,WITHHELD,,"['SOURCE_GAP', 'INSUFFICIENT_HISTORY']",Review latest project update and verify missing or inconsistent reporting evidence,2026-06,NOT_ELIGIBLE,,officer-decision-v1,alert-policy-v1
PRH-618745,2026-06,,DATA_VERIFICATION_REQUIRED,,WITHHELD,,"['STALE_UPDATE', 'SOURCE_GAP', 'INSUFFICIENT_HISTORY', 'FEATURES_INSUFFICIENT', 'SCHEMA_VERIFICATION', 'SOURCE_PROVENANCE_VERIFICATION']",Review latest project update and verify missing or inconsistent reporting evidence,2026-05,NOT_ELIGIBLE,,officer-decision-v1,alert-policy-v1
PRH-618746,2026-06,,DATA_VERIFICATION_REQUIRED,,WITHHELD,,"['SOURCE_GAP', 'INSUFFICIENT_HISTORY']",Review latest project update and verify missing or inconsistent reporting evidence,2026-06,NOT_ELIGIBLE,,officer-decision-v1,alert-policy-v1
PRH-618747,2026-06,,DATA_VERIFICATION_REQUIRED,,WITHHELD,,"['SOURCE_GAP', 'INSUFFICIENT_HISTORY']",Review latest project update and verify missing or inconsistent reporting evidence,2026-06,NOT_ELIGIBLE,,officer-decision-v1,alert-policy-v1
PRH-618748,2026-06,,NO_REVIEW_SIGNAL,,WITHHELD,,['COMPLETED_PROJECT'],,2026-05,NOT_ELIGIBLE,,officer-decision-v1,alert-policy-v1
PRH-618749,2026-06,,NO_REVIEW_SIGNAL,,WITHHELD,,['COMPLETED_PROJECT'],,2026-06,NOT_ELIGIBLE,,officer-decision-v1,alert-policy-v1
PRH-618751,2026-06,,DATA_VERIFICATION_REQUIRED,,WITHHELD,,"['SOURCE_GAP', 'INSUFFICIENT_HISTORY']",Review latest project update and verify missing or inconsistent reporting evidence,2026-06,NOT_ELIGIBLE,,officer-decision-v1,alert-policy-v1
PRH-618754,2026-06,,DATA_VERIFICATION_REQUIRED,,WITHHELD,,['INSUFFICIENT_HISTORY'],Review latest project update and verify missing or inconsistent reporting evidence,2026-06,NOT_ELIGIBLE,,officer-decision-v1,alert-policy-v1
PRH-618755,2026-06,,NO_REVIEW_SIGNAL,,WITHHELD,,['COMPLETED_PROJECT'],,2026-05,NOT_ELIGIBLE,,officer-decision-v1,alert-policy-v1
PRH-618756,2026-06,,DATA_VERIFICATION_REQUIRED,,WITHHELD,,"['SOURCE_GAP', 'INSUFFICIENT_HISTORY']",Review latest project update and verify missing or inconsistent reporting evidence,2026-06,NOT_ELIGIBLE,,officer-decision-v1,alert-policy-v1
PRH-618757,2026-06,,DATA_VERIFICATION_REQUIRED,,WITHHELD,,['INSUFFICIENT_HISTORY'],Review latest project update and verify missing or inconsistent reporting evidence,2026-06,NOT_ELIGIBLE,,officer-decision-v1,alert-policy-v1
PRH-618758,2026-06,,DATA_VERIFICATION_REQUIRED,,WITHHELD,,['INSUFFICIENT_HISTORY'],Review latest project update and verify missing or inconsistent reporting evidence,2026-06,NOT_ELIGIBLE,,officer-decision-v1,alert-policy-v1
PRH-618759,2026-06,,DATA_VERIFICATION_REQUIRED,,WITHHELD,,"['SOURCE_GAP', 'INSUFFICIENT_HISTORY']",Review latest project update and verify missing or inconsistent reporting evidence,2026-06,NOT_ELIGIBLE,,officer-decision-v1,alert-policy-v1
PRH-618760,2026-06,,DATA_VERIFICATION_REQUIRED,,WITHHELD,,"['STALE_UPDATE', 'SOURCE_GAP', 'INSUFFICIENT_HISTORY', 'FEATURES_INSUFFICIENT', 'SCHEMA_VERIFICATION', 'SOURCE_PROVENANCE_VERIFICATION']",Review latest project update and verify missing or inconsistent reporting evidence,2026-05,NOT_ELIGIBLE,,officer-decision-v1,alert-policy-v1
PRH-618761,2026-06,,DATA_VERIFICATION_REQUIRED,,WITHHELD,,"['SOURCE_GAP', 'INSUFFICIENT_HISTORY']",Review latest project update and verify missing or inconsistent reporting evidence,2026-06,NOT_ELIGIBLE,,officer-decision-v1,alert-policy-v1
PRH-618762,2026-06,,NO_REVIEW_SIGNAL,,WITHHELD,,['COMPLETED_PROJECT'],,2026-06,NOT_ELIGIBLE,,officer-decision-v1,alert-policy-v1
PRH-618764,2026-06,,DATA_VERIFICATION_REQUIRED,,WITHHELD,,"['SOURCE_GAP', 'INSUFFICIENT_HISTORY']",Review latest project update and verify missing or inconsistent reporting evidence,2026-06,NOT_ELIGIBLE,,officer-decision-v1,alert-policy-v1
PRH-618765,2026-06,,DATA_VERIFICATION_REQUIRED,,WITHHELD,,"['SOURCE_GAP', 'INSUFFICIENT_HISTORY']",Review latest project update and verify missing or inconsistent reporting evidence,2026-06,NOT_ELIGIBLE,,officer-decision-v1,alert-policy-v1
PRH-618766,2026-06,,DATA_VERIFICATION_REQUIRED,,WITHHELD,,['INSUFFICIENT_HISTORY'],Review latest project update and verify missing or inconsistent reporting evidence,2026-06,NOT_ELIGIBLE,,officer-decision-v1,alert-policy-v1
PRH-618768,2026-06,,DATA_VERIFICATION_REQUIRED,,WITHHELD,,['INSUFFICIENT_HISTORY'],Review latest project update and verify missing or inconsistent reporting evidence,2026-06,NOT_ELIGIBLE,,officer-decision-v1,alert-policy-v1
PRH-618769,2026-06,,DATA_VERIFICATION_REQUIRED,,WITHHELD,,['INSUFFICIENT_HISTORY'],Review latest project update and verify missing or inconsistent reporting evidence,2026-06,NOT_ELIGIBLE,,officer-decision-v1,alert-policy-v1
PRH-618770,2026-06,,DATA_VERIFICATION_REQUIRED,,WITHHELD,,"['STALE_UPDATE', 'SOURCE_GAP', 'INSUFFICIENT_HISTORY', 'FEATURES_INSUFFICIENT', 'SCHEMA_VERIFICATION', 'SOURCE_PROVENANCE_VERIFICATION']",Review latest project update and verify missing or inconsistent reporting evidence,2026-05,NOT_ELIGIBLE,,officer-decision-v1,alert-policy-v1
PRH-618771,2026-06,,DATA_VERIFICATION_REQUIRED,,WITHHELD,,"['STALE_UPDATE', 'SOURCE_GAP', 'INSUFFICIENT_HISTORY', 'FEATURES_INSUFFICIENT', 'SCHEMA_VERIFICATION', 'SOURCE_PROVENANCE_VERIFICATION']",Review latest project update and verify missing or inconsistent reporting evidence,2026-05,NOT_ELIGIBLE,,officer-decision-v1,alert-policy-v1
PRH-618772,2026-06,,DATA_VERIFICATION_REQUIRED,,WITHHELD,,"['SOURCE_GAP', 'INSUFFICIENT_HISTORY']",Review latest project update and verify missing or inconsistent reporting evidence,2026-06,NOT_ELIGIBLE,,officer-decision-v1,alert-policy-v1
PRH-618773,2026-06,,NO_REVIEW_SIGNAL,,WITHHELD,,['COMPLETED_PROJECT'],,2026-05,NOT_ELIGIBLE,,officer-decision-v1,alert-policy-v1
PRH-618774,2026-06,,NO_REVIEW_SIGNAL,,WITHHELD,,['COMPLETED_PROJECT'],,2026-05,NOT_ELIGIBLE,,officer-decision-v1,alert-policy-v1
PRH-618775,2026-06,,DATA_VERIFICATION_REQUIRED,,WITHHELD,,['INSUFFICIENT_HISTORY'],Review latest project update and verify missing or inconsistent reporting evidence,2026-06,NOT_ELIGIBLE,,officer-decision-v1,alert-policy-v1
PRH-618776,2026-06,,DATA_VERIFICATION_REQUIRED,,WITHHELD,,['INSUFFICIENT_HISTORY'],Review latest project update and verify missing or inconsistent reporting evidence,2026-06,NOT_ELIGIBLE,,officer-decision-v1,alert-policy-v1
PRH-618777,2026-06,,DATA_VERIFICATION_REQUIRED,,WITHHELD,,"['SOURCE_GAP', 'INSUFFICIENT_HISTORY']",Review latest project update and verify missing or inconsistent reporting evidence,2026-06,NOT_ELIGIBLE,,officer-decision-v1,alert-policy-v1
PRH-618778,2026-06,,DATA_VERIFICATION_REQUIRED,,WITHHELD,,"['SOURCE_GAP', 'INSUFFICIENT_HISTORY']",Review latest project update and verify missing or inconsistent reporting evidence,2026-06,NOT_ELIGIBLE,,officer-decision-v1,alert-policy-v1
PRH-618779,2026-06,,DATA_VERIFICATION_REQUIRED,,WITHHELD,,"['STALE_UPDATE', 'SOURCE_GAP', 'INSUFFICIENT_HISTORY', 'FEATURES_INSUFFICIENT', 'SCHEMA_VERIFICATION', 'SOURCE_PROVENANCE_VERIFICATION']",Review latest project update and verify missing or inconsistent reporting evidence,2026-05,NOT_ELIGIBLE,,officer-decision-v1,alert-policy-v1
PRH-618782,2026-06,,DATA_VERIFICATION_REQUIRED,,WITHHELD,,['INSUFFICIENT_HISTORY'],Review latest project update and verify missing or inconsistent reporting evidence,2026-06,NOT_ELIGIBLE,,officer-decision-v1,alert-policy-v1
PRH-618783,2026-06,,DATA_VERIFICATION_REQUIRED,,WITHHELD,,['INSUFFICIENT_HISTORY'],Review latest project update and verify missing or inconsistent reporting evidence,2026-06,NOT_ELIGIBLE,,officer-decision-v1,alert-policy-v1
PRH-618784,2026-06,,DATA_VERIFICATION_REQUIRED,,WITHHELD,,['INSUFFICIENT_HISTORY'],Review latest project update and verify missing or inconsistent reporting evidence,2026-06,NOT_ELIGIBLE,,officer-decision-v1,alert-policy-v1
PRH-618785,2026-06,,DATA_VERIFICATION_REQUIRED,,WITHHELD,,"['SOURCE_GAP', 'INSUFFICIENT_HISTORY']",Review latest project update and verify missing or inconsistent reporting evidence,2026-06,NOT_ELIGIBLE,,officer-decision-v1,alert-policy-v1
PRH-618786,2026-06,,DATA_VERIFICATION_REQUIRED,,WITHHELD,,['INSUFFICIENT_HISTORY'],Review latest project update and verify missing or inconsistent reporting evidence,2026-06,NOT_ELIGIBLE,,officer-decision-v1,alert-policy-v1
PRH-618787,2026-06,,DATA_VERIFICATION_REQUIRED,,WITHHELD,,"['SOURCE_GAP', 'INSUFFICIENT_HISTORY']",Review latest project update and verify missing or inconsistent reporting evidence,2026-06,NOT_ELIGIBLE,,officer-decision-v1,alert-policy-v1
PRH-618788,2026-06,,DATA_VERIFICATION_REQUIRED,,WITHHELD,,"['SOURCE_GAP', 'INSUFFICIENT_HISTORY']",Review latest project update and verify missing or inconsistent reporting evidence,2026-06,NOT_ELIGIBLE,,officer-decision-v1,alert-policy-v1
PRH-618789,2026-06,,DATA_VERIFICATION_REQUIRED,,WITHHELD,,"['STALE_UPDATE', 'SOURCE_GAP', 'INSUFFICIENT_HISTORY', 'FEATURES_INSUFFICIENT', 'SCHEMA_VERIFICATION', 'SOURCE_PROVENANCE_VERIFICATION']",Review latest project update and verify missing or inconsistent reporting evidence,2026-02,NOT_ELIGIBLE,,officer-decision-v1,alert-policy-v1
PRH-618790,2026-06,,DATA_VERIFICATION_REQUIRED,,WITHHELD,,['INSUFFICIENT_HISTORY'],Review latest project update and verify missing or inconsistent reporting evidence,2026-06,NOT_ELIGIBLE,,officer-decision-v1,alert-policy-v1
PRH-618791,2026-06,,DATA_VERIFICATION_REQUIRED,,WITHHELD,,['INSUFFICIENT_HISTORY'],Review latest project update and verify missing or inconsistent reporting evidence,2026-06,NOT_ELIGIBLE,,officer-decision-v1,alert-policy-v1
PRH-618792,2026-06,,DATA_VERIFICATION_REQUIRED,,WITHHELD,,"['SOURCE_GAP', 'INSUFFICIENT_HISTORY']",Review latest project update and verify missing or inconsistent reporting evidence,2026-06,NOT_ELIGIBLE,,officer-decision-v1,alert-policy-v1
PRH-618793,2026-06,,DATA_VERIFICATION_REQUIRED,,WITHHELD,,['INSUFFICIENT_HISTORY'],Review latest project update and verify missing or inconsistent reporting evidence,2026-06,NOT_ELIGIBLE,,officer-decision-v1,alert-policy-v1
PRH-618794,2026-06,,DATA_VERIFICATION_REQUIRED,,WITHHELD,,"['SOURCE_GAP', 'INSUFFICIENT_HISTORY']",Review latest project update and verify missing or inconsistent reporting evidence,2026-06,NOT_ELIGIBLE,,officer-decision-v1,alert-policy-v1
PRH-618795,2026-06,,DATA_VERIFICATION_REQUIRED,,WITHHELD,,"['SOURCE_GAP', 'INSUFFICIENT_HISTORY']",Review latest project update and verify missing or inconsistent reporting evidence,2026-06,NOT_ELIGIBLE,,officer-decision-v1,alert-policy-v1
PRH-618796,2026-06,,NO_REVIEW_SIGNAL,,WITHHELD,,['COMPLETED_PROJECT'],,2026-06,NOT_ELIGIBLE,,officer-decision-v1,alert-policy-v1
PRH-618797,2026-06,,DATA_VERIFICATION_REQUIRED,,WITHHELD,,['INSUFFICIENT_HISTORY'],Review latest project update and verify missing or inconsistent reporting evidence,2026-06,NOT_ELIGIBLE,,officer-decision-v1,alert-policy-v1
PRH-618798,2026-06,,DATA_VERIFICATION_REQUIRED,,WITHHELD,,"['SOURCE_GAP', 'INSUFFICIENT_HISTORY']",Review latest project update and verify missing or inconsistent reporting evidence,2026-06,NOT_ELIGIBLE,,officer-decision-v1,alert-policy-v1
PRH-618799,2026-06,,DATA_VERIFICATION_REQUIRED,,WITHHELD,,"['SOURCE_GAP', 'INSUFFICIENT_HISTORY']",Review latest project update and verify missing or inconsistent reporting evidence,2026-06,NOT_ELIGIBLE,,officer-decision-v1,alert-policy-v1
PRH-618800,2026-06,,DATA_VERIFICATION_REQUIRED,,WITHHELD,,"['SOURCE_GAP', 'INSUFFICIENT_HISTORY']",Review latest project update and verify missing or inconsistent reporting evidence,2026-06,NOT_ELIGIBLE,,officer-decision-v1,alert-policy-v1
PRH-618801,2026-06,,DATA_VERIFICATION_REQUIRED,,WITHHELD,,"['SOURCE_GAP', 'INSUFFICIENT_HISTORY']",Review latest project update and verify missing or inconsistent reporting evidence,2026-06,NOT_ELIGIBLE,,officer-decision-v1,alert-policy-v1
PRH-618803,2026-06,,DATA_VERIFICATION_REQUIRED,,WITHHELD,,"['SOURCE_GAP', 'INSUFFICIENT_HISTORY']",Review latest project update and verify missing or inconsistent reporting evidence,2026-06,NOT_ELIGIBLE,,officer-decision-v1,alert-policy-v1
PRH-618804,2026-06,,DATA_VERIFICATION_REQUIRED,,WITHHELD,,"['SOURCE_GAP', 'INSUFFICIENT_HISTORY']",Review latest project update and verify missing or inconsistent reporting evidence,2026-06,NOT_ELIGIBLE,,officer-decision-v1,alert-policy-v1
PRH-618805,2026-06,,DATA_VERIFICATION_REQUIRED,,WITHHELD,,['INSUFFICIENT_HISTORY'],Review latest project update and verify missing or inconsistent reporting evidence,2026-06,NOT_ELIGIBLE,,officer-decision-v1,alert-policy-v1
PRH-618806,2026-06,,DATA_VERIFICATION_REQUIRED,,WITHHELD,,['INSUFFICIENT_HISTORY'],Review latest project update and verify missing or inconsistent reporting evidence,2026-06,NOT_ELIGIBLE,,officer-decision-v1,alert-policy-v1
PRH-618807,2026-06,,DATA_VERIFICATION_REQUIRED,,WITHHELD,,"['SOURCE_GAP', 'INSUFFICIENT_HISTORY']",Review latest project update and verify missing or inconsistent reporting evidence,2026-06,NOT_ELIGIBLE,,officer-decision-v1,alert-policy-v1
PRH-618808,2026-06,,DATA_VERIFICATION_REQUIRED,,WITHHELD,,['INSUFFICIENT_HISTORY'],Review latest project update and verify missing or inconsistent reporting evidence,2026-06,NOT_ELIGIBLE,,officer-decision-v1,alert-policy-v1
PRH-618809,2026-06,,DATA_VERIFICATION_REQUIRED,,WITHHELD,,"['SOURCE_GAP', 'INSUFFICIENT_HISTORY']",Review latest project update and verify missing or inconsistent reporting evidence,2026-06,NOT_ELIGIBLE,,officer-decision-v1,alert-policy-v1
PRH-618810,2026-06,,DATA_VERIFICATION_REQUIRED,,WITHHELD,,"['SOURCE_GAP', 'INSUFFICIENT_HISTORY']",Review latest project update and verify missing or inconsistent reporting evidence,2026-06,NOT_ELIGIBLE,,officer-decision-v1,alert-policy-v1
PRH-618811,2026-06,,DATA_VERIFICATION_REQUIRED,,WITHHELD,,['INSUFFICIENT_HISTORY'],Review latest project update and verify missing or inconsistent reporting evidence,2026-06,NOT_ELIGIBLE,,officer-decision-v1,alert-policy-v1
PRH-618812,2026-06,,DATA_VERIFICATION_REQUIRED,,WITHHELD,,['INSUFFICIENT_HISTORY'],Review latest project update and verify missing or inconsistent reporting evidence,2026-06,NOT_ELIGIBLE,,officer-decision-v1,alert-policy-v1
PRH-618813,2026-06,,DATA_VERIFICATION_REQUIRED,,WITHHELD,,['INSUFFICIENT_HISTORY'],Review latest project update and verify missing or inconsistent reporting evidence,2026-06,NOT_ELIGIBLE,,officer-decision-v1,alert-policy-v1
PRH-618814,2026-06,,DATA_VERIFICATION_REQUIRED,,WITHHELD,,"['SOURCE_GAP', 'INSUFFICIENT_HISTORY', 'FEATURES_INSUFFICIENT']",Review latest project update and verify missing or inconsistent reporting evidence,2026-06,NOT_ELIGIBLE,,officer-decision-v1,alert-policy-v1
PRH-618815,2026-06,,DATA_VERIFICATION_REQUIRED,,WITHHELD,,['INSUFFICIENT_HISTORY'],Review latest project update and verify missing or inconsistent reporting evidence,2026-06,NOT_ELIGIBLE,,officer-decision-v1,alert-policy-v1
PRH-618816,2026-06,,DATA_VERIFICATION_REQUIRED,,WITHHELD,,"['SOURCE_GAP', 'INSUFFICIENT_HISTORY']",Review latest project update and verify missing or inconsistent reporting evidence,2026-06,NOT_ELIGIBLE,,officer-decision-v1,alert-policy-v1
PRH-618817,2026-06,,DATA_VERIFICATION_REQUIRED,,WITHHELD,,['INSUFFICIENT_HISTORY'],Review latest project update and verify missing or inconsistent reporting evidence,2026-06,NOT_ELIGIBLE,,officer-decision-v1,alert-policy-v1
PRH-618818,2026-06,,DATA_VERIFICATION_REQUIRED,,WITHHELD,,['INSUFFICIENT_HISTORY'],Review latest project update and verify missing or inconsistent reporting evidence,2026-06,NOT_ELIGIBLE,,officer-decision-v1,alert-policy-v1
PRH-618819,2026-06,,DATA_VERIFICATION_REQUIRED,,WITHHELD,,"['STALE_UPDATE', 'SOURCE_GAP', 'INSUFFICIENT_HISTORY', 'FEATURES_INSUFFICIENT', 'SCHEMA_VERIFICATION', 'SOURCE_PROVENANCE_VERIFICATION']",Review latest project update and verify missing or inconsistent reporting evidence,2026-05,NOT_ELIGIBLE,,officer-decision-v1,alert-policy-v1
PRH-618820,2026-06,,DATA_VERIFICATION_REQUIRED,,WITHHELD,,"['SOURCE_GAP', 'INSUFFICIENT_HISTORY']",Review latest project update and verify missing or inconsistent reporting evidence,2026-06,NOT_ELIGIBLE,,officer-decision-v1,alert-policy-v1
PRH-618821,2026-06,,DATA_VERIFICATION_REQUIRED,,WITHHELD,,"['SOURCE_GAP', 'INSUFFICIENT_HISTORY']",Review latest project update and verify missing or inconsistent reporting evidence,2026-06,NOT_ELIGIBLE,,officer-decision-v1,alert-policy-v1
PRH-618822,2026-06,,DATA_VERIFICATION_REQUIRED,,WITHHELD,,['INSUFFICIENT_HISTORY'],Review latest project update and verify missing or inconsistent reporting evidence,2026-06,NOT_ELIGIBLE,,officer-decision-v1,alert-policy-v1
PRH-618823,2026-06,,DATA_VERIFICATION_REQUIRED,,WITHHELD,,['INSUFFICIENT_HISTORY'],Review latest project update and verify missing or inconsistent reporting evidence,2026-06,NOT_ELIGIBLE,,officer-decision-v1,alert-policy-v1
PRH-618824,2026-06,,DATA_VERIFICATION_REQUIRED,,WITHHELD,,['INSUFFICIENT_HISTORY'],Review latest project update and verify missing or inconsistent reporting evidence,2026-06,NOT_ELIGIBLE,,officer-decision-v1,alert-policy-v1
PRH-618825,2026-06,,DATA_VERIFICATION_REQUIRED,,WITHHELD,,"['SOURCE_GAP', 'INSUFFICIENT_HISTORY']",Review latest project update and verify missing or inconsistent reporting evidence,2026-06,NOT_ELIGIBLE,,officer-decision-v1,alert-policy-v1
PRH-618826,2026-06,,DATA_VERIFICATION_REQUIRED,,WITHHELD,,"['SOURCE_GAP', 'INSUFFICIENT_HISTORY']",Review latest project update and verify missing or inconsistent reporting evidence,2026-06,NOT_ELIGIBLE,,officer-decision-v1,alert-policy-v1
PRH-618827,2026-06,,DATA_VERIFICATION_REQUIRED,,WITHHELD,,"['SOURCE_GAP', 'INSUFFICIENT_HISTORY']",Review latest project update and verify missing or inconsistent reporting evidence,2026-06,NOT_ELIGIBLE,,officer-decision-v1,alert-policy-v1
PRH-618828,2026-06,,DATA_VERIFICATION_REQUIRED,,WITHHELD,,"['STALE_UPDATE', 'SOURCE_GAP', 'INSUFFICIENT_HISTORY', 'FEATURES_INSUFFICIENT', 'SCHEMA_VERIFICATION', 'SOURCE_PROVENANCE_VERIFICATION']",Review latest project update and verify missing or inconsistent reporting evidence,2026-05,NOT_ELIGIBLE,,officer-decision-v1,alert-policy-v1
PRH-618829,2026-06,,DATA_VERIFICATION_REQUIRED,,WITHHELD,,"['STALE_UPDATE', 'SOURCE_GAP', 'INSUFFICIENT_HISTORY', 'FEATURES_INSUFFICIENT', 'SCHEMA_VERIFICATION', 'SOURCE_PROVENANCE_VERIFICATION']",Review latest project update and verify missing or inconsistent reporting evidence,2026-05,NOT_ELIGIBLE,,officer-decision-v1,alert-policy-v1
PRH-618830,2026-06,,DATA_VERIFICATION_REQUIRED,,WITHHELD,,"['SOURCE_GAP', 'INSUFFICIENT_HISTORY']",Review latest project update and verify missing or inconsistent reporting evidence,2026-06,NOT_ELIGIBLE,,officer-decision-v1,alert-policy-v1
PRH-618831,2026-06,,DATA_VERIFICATION_REQUIRED,,WITHHELD,,['INSUFFICIENT_HISTORY'],Review latest project update and verify missing or inconsistent reporting evidence,2026-06,NOT_ELIGIBLE,,officer-decision-v1,alert-policy-v1
PRH-618832,2026-06,,DATA_VERIFICATION_REQUIRED,,WITHHELD,,['INSUFFICIENT_HISTORY'],Review latest project update and verify missing or inconsistent reporting evidence,2026-06,NOT_ELIGIBLE,,officer-decision-v1,alert-policy-v1
PRH-618833,2026-06,,DATA_VERIFICATION_REQUIRED,,WITHHELD,,"['SOURCE_GAP', 'INSUFFICIENT_HISTORY']",Review latest project update and verify missing or inconsistent reporting evidence,2026-06,NOT_ELIGIBLE,,officer-decision-v1,alert-policy-v1
PRH-618834,2026-06,,NO_REVIEW_SIGNAL,,WITHHELD,,['COMPLETED_PROJECT'],,2026-05,NOT_ELIGIBLE,,officer-decision-v1,alert-policy-v1
PRH-618835,2026-06,,NO_REVIEW_SIGNAL,,WITHHELD,,['COMPLETED_PROJECT'],,2026-05,NOT_ELIGIBLE,,officer-decision-v1,alert-policy-v1
PRH-618836,2026-06,,DATA_VERIFICATION_REQUIRED,,WITHHELD,,"['SOURCE_GAP', 'INSUFFICIENT_HISTORY']",Review latest project update and verify missing or inconsistent reporting evidence,2026-06,NOT_ELIGIBLE,,officer-decision-v1,alert-policy-v1
PRH-618837,2026-06,,DATA_VERIFICATION_REQUIRED,,WITHHELD,,"['SOURCE_GAP', 'INSUFFICIENT_HISTORY']",Review latest project update and verify missing or inconsistent reporting evidence,2026-06,NOT_ELIGIBLE,,officer-decision-v1,alert-policy-v1
PRH-618838,2026-06,,NO_REVIEW_SIGNAL,,WITHHELD,,['COMPLETED_PROJECT'],,2026-06,NOT_ELIGIBLE,,officer-decision-v1,alert-policy-v1
PRH-618839,2026-06,,NO_REVIEW_SIGNAL,,WITHHELD,,['COMPLETED_PROJECT'],,2026-05,NOT_ELIGIBLE,,officer-decision-v1,alert-policy-v1
PRH-618840,2026-06,,DATA_VERIFICATION_REQUIRED,,WITHHELD,,"['SOURCE_GAP', 'INSUFFICIENT_HISTORY']",Review latest project update and verify missing or inconsistent reporting evidence,2026-06,NOT_ELIGIBLE,,officer-decision-v1,alert-policy-v1
PRH-618841,2026-06,,DATA_VERIFICATION_REQUIRED,,WITHHELD,,"['SOURCE_GAP', 'INSUFFICIENT_HISTORY']",Review latest project update and verify missing or inconsistent reporting evidence,2026-06,NOT_ELIGIBLE,,officer-decision-v1,alert-policy-v1
PRH-618842,2026-06,,DATA_VERIFICATION_REQUIRED,,WITHHELD,,"['INSUFFICIENT_HISTORY', 'FEATURES_INSUFFICIENT']",Review latest project update and verify missing or inconsistent reporting evidence,2026-06,NOT_ELIGIBLE,,officer-decision-v1,alert-policy-v1
PRH-618843,2026-06,,DATA_VERIFICATION_REQUIRED,,WITHHELD,,['INSUFFICIENT_HISTORY'],Review latest project update and verify missing or inconsistent reporting evidence,2026-06,NOT_ELIGIBLE,,officer-decision-v1,alert-policy-v1
PRH-618844,2026-06,,DATA_VERIFICATION_REQUIRED,,WITHHELD,,['INSUFFICIENT_HISTORY'],Review latest project update and verify missing or inconsistent reporting evidence,2026-06,NOT_ELIGIBLE,,officer-decision-v1,alert-policy-v1
PRH-618845,2026-06,,DATA_VERIFICATION_REQUIRED,,WITHHELD,,"['SOURCE_GAP', 'INSUFFICIENT_HISTORY']",Review latest project update and verify missing or inconsistent reporting evidence,2026-06,NOT_ELIGIBLE,,officer-decision-v1,alert-policy-v1
PRH-618846,2026-06,,DATA_VERIFICATION_REQUIRED,,WITHHELD,,['INSUFFICIENT_HISTORY'],Review latest project update and verify missing or inconsistent reporting evidence,2026-06,NOT_ELIGIBLE,,officer-decision-v1,alert-policy-v1
PRH-618847,2026-06,,DATA_VERIFICATION_REQUIRED,,WITHHELD,,"['SOURCE_GAP', 'INSUFFICIENT_HISTORY']",Review latest project update and verify missing or inconsistent reporting evidence,2026-06,NOT_ELIGIBLE,,officer-decision-v1,alert-policy-v1
PRH-618848,2026-06,,DATA_VERIFICATION_REQUIRED,,WITHHELD,,['INSUFFICIENT_HISTORY'],Review latest project update and verify missing or inconsistent reporting evidence,2026-06,NOT_ELIGIBLE,,officer-decision-v1,alert-policy-v1
PRH-618849,2026-06,,NO_REVIEW_SIGNAL,,WITHHELD,,['COMPLETED_PROJECT'],,2026-05,NOT_ELIGIBLE,,officer-decision-v1,alert-policy-v1
PRH-618850,2026-06,,NO_REVIEW_SIGNAL,,WITHHELD,,['COMPLETED_PROJECT'],,2026-06,NOT_ELIGIBLE,,officer-decision-v1,alert-policy-v1
PRH-618851,2026-06,,DATA_VERIFICATION_REQUIRED,,WITHHELD,,['INSUFFICIENT_HISTORY'],Review latest project update and verify missing or inconsistent reporting evidence,2026-06,NOT_ELIGIBLE,,officer-decision-v1,alert-policy-v1
PRH-618852,2026-06,,NO_REVIEW_SIGNAL,,WITHHELD,,['COMPLETED_PROJECT'],,2026-06,NOT_ELIGIBLE,,officer-decision-v1,alert-policy-v1
PRH-618853,2026-06,,DATA_VERIFICATION_REQUIRED,,WITHHELD,,['INSUFFICIENT_HISTORY'],Review latest project update and verify missing or inconsistent reporting evidence,2026-06,NOT_ELIGIBLE,,officer-decision-v1,alert-policy-v1
PRH-618854,2026-06,,DATA_VERIFICATION_REQUIRED,,WITHHELD,,"['STALE_UPDATE', 'SOURCE_GAP', 'INSUFFICIENT_HISTORY', 'FEATURES_INSUFFICIENT', 'SCHEMA_VERIFICATION', 'SOURCE_PROVENANCE_VERIFICATION']",Review latest project update and verify missing or inconsistent reporting evidence,2026-05,NOT_ELIGIBLE,,officer-decision-v1,alert-policy-v1
PRH-618855,2026-06,,DATA_VERIFICATION_REQUIRED,,WITHHELD,,"['STALE_UPDATE', 'SOURCE_GAP', 'INSUFFICIENT_HISTORY', 'FEATURES_INSUFFICIENT', 'SCHEMA_VERIFICATION', 'SOURCE_PROVENANCE_VERIFICATION']",Review latest project update and verify missing or inconsistent reporting evidence,2026-05,NOT_ELIGIBLE,,officer-decision-v1,alert-policy-v1
PRH-618856,2026-06,,DATA_VERIFICATION_REQUIRED,,WITHHELD,,"['SOURCE_GAP', 'INSUFFICIENT_HISTORY']",Review latest project update and verify missing or inconsistent reporting evidence,2026-06,NOT_ELIGIBLE,,officer-decision-v1,alert-policy-v1
PRH-618858,2026-06,,DATA_VERIFICATION_REQUIRED,,WITHHELD,,['INSUFFICIENT_HISTORY'],Review latest project update and verify missing or inconsistent reporting evidence,2026-06,NOT_ELIGIBLE,,officer-decision-v1,alert-policy-v1
PRH-618859,2026-06,,DATA_VERIFICATION_REQUIRED,,WITHHELD,,"['SOURCE_GAP', 'INSUFFICIENT_HISTORY']",Review latest project update and verify missing or inconsistent reporting evidence,2026-06,NOT_ELIGIBLE,,officer-decision-v1,alert-policy-v1
PRH-618861,2026-06,,DATA_VERIFICATION_REQUIRED,,WITHHELD,,"['SOURCE_GAP', 'INSUFFICIENT_HISTORY']",Review latest project update and verify missing or inconsistent reporting evidence,2026-06,NOT_ELIGIBLE,,officer-decision-v1,alert-policy-v1
PRH-618862,2026-06,,DATA_VERIFICATION_REQUIRED,,WITHHELD,,['INSUFFICIENT_HISTORY'],Review latest project update and verify missing or inconsistent reporting evidence,2026-06,NOT_ELIGIBLE,,officer-decision-v1,alert-policy-v1
PRH-618863,2026-06,,DATA_VERIFICATION_REQUIRED,,WITHHELD,,['INSUFFICIENT_HISTORY'],Review latest project update and verify missing or inconsistent reporting evidence,2026-06,NOT_ELIGIBLE,,officer-decision-v1,alert-policy-v1
PRH-618864,2026-06,,NO_REVIEW_SIGNAL,,WITHHELD,,['COMPLETED_PROJECT'],,2026-05,NOT_ELIGIBLE,,officer-decision-v1,alert-policy-v1
PRH-618865,2026-06,,DATA_VERIFICATION_REQUIRED,,WITHHELD,,"['STALE_UPDATE', 'SOURCE_GAP', 'INSUFFICIENT_HISTORY', 'FEATURES_INSUFFICIENT', 'SCHEMA_VERIFICATION', 'SOURCE_PROVENANCE_VERIFICATION']",Review latest project update and verify missing or inconsistent reporting evidence,2026-05,NOT_ELIGIBLE,,officer-decision-v1,alert-policy-v1
PRH-618866,2026-06,,DATA_VERIFICATION_REQUIRED,,WITHHELD,,['INSUFFICIENT_HISTORY'],Review latest project update and verify missing or inconsistent reporting evidence,2026-06,NOT_ELIGIBLE,,officer-decision-v1,alert-policy-v1
PRH-618867,2026-06,,DATA_VERIFICATION_REQUIRED,,WITHHELD,,['INSUFFICIENT_HISTORY'],Review latest project update and verify missing or inconsistent reporting evidence,2026-06,NOT_ELIGIBLE,,officer-decision-v1,alert-policy-v1
PRH-618868,2026-06,,DATA_VERIFICATION_REQUIRED,,WITHHELD,,['INSUFFICIENT_HISTORY'],Review latest project update and verify missing or inconsistent reporting evidence,2026-06,NOT_ELIGIBLE,,officer-decision-v1,alert-policy-v1
PRH-618869,2026-06,,DATA_VERIFICATION_REQUIRED,,WITHHELD,,['INSUFFICIENT_HISTORY'],Review latest project update and verify missing or inconsistent reporting evidence,2026-06,NOT_ELIGIBLE,,officer-decision-v1,alert-policy-v1
PRH-618870,2026-06,,DATA_VERIFICATION_REQUIRED,,WITHHELD,,['INSUFFICIENT_HISTORY'],Review latest project update and verify missing or inconsistent reporting evidence,2026-06,NOT_ELIGIBLE,,officer-decision-v1,alert-policy-v1
PRH-618871,2026-06,,DATA_VERIFICATION_REQUIRED,,WITHHELD,,['INSUFFICIENT_HISTORY'],Review latest project update and verify missing or inconsistent reporting evidence,2026-06,NOT_ELIGIBLE,,officer-decision-v1,alert-policy-v1
PRH-618872,2026-06,,DATA_VERIFICATION_REQUIRED,,WITHHELD,,['INSUFFICIENT_HISTORY'],Review latest project update and verify missing or inconsistent reporting evidence,2026-06,NOT_ELIGIBLE,,officer-decision-v1,alert-policy-v1
PRH-618873,2026-06,,DATA_VERIFICATION_REQUIRED,,WITHHELD,,['INSUFFICIENT_HISTORY'],Review latest project update and verify missing or inconsistent reporting evidence,2026-06,NOT_ELIGIBLE,,officer-decision-v1,alert-policy-v1
PRH-618874,2026-06,,NO_REVIEW_SIGNAL,,WITHHELD,,['COMPLETED_PROJECT'],,2026-05,NOT_ELIGIBLE,,officer-decision-v1,alert-policy-v1
PRH-618875,2026-06,,DATA_VERIFICATION_REQUIRED,,WITHHELD,,['INSUFFICIENT_HISTORY'],Review latest project update and verify missing or inconsistent reporting evidence,2026-06,NOT_ELIGIBLE,,officer-decision-v1,alert-policy-v1
PRH-618876,2026-06,,DATA_VERIFICATION_REQUIRED,,WITHHELD,,"['STALE_UPDATE', 'SOURCE_GAP', 'INSUFFICIENT_HISTORY', 'FEATURES_INSUFFICIENT', 'SCHEMA_VERIFICATION', 'SOURCE_PROVENANCE_VERIFICATION']",Review latest project update and verify missing or inconsistent reporting evidence,2026-02,NOT_ELIGIBLE,,officer-decision-v1,alert-policy-v1
PRH-618878,2026-06,,DATA_VERIFICATION_REQUIRED,,WITHHELD,,"['SOURCE_GAP', 'INSUFFICIENT_HISTORY']",Review latest project update and verify missing or inconsistent reporting evidence,2026-06,NOT_ELIGIBLE,,officer-decision-v1,alert-policy-v1
PRH-618879,2026-06,,DATA_VERIFICATION_REQUIRED,,WITHHELD,,['INSUFFICIENT_HISTORY'],Review latest project update and verify missing or inconsistent reporting evidence,2026-06,NOT_ELIGIBLE,,officer-decision-v1,alert-policy-v1
PRH-618880,2026-06,,DATA_VERIFICATION_REQUIRED,,WITHHELD,,['INSUFFICIENT_HISTORY'],Review latest project update and verify missing or inconsistent reporting evidence,2026-06,NOT_ELIGIBLE,,officer-decision-v1,alert-policy-v1
PRH-618881,2026-06,,DATA_VERIFICATION_REQUIRED,,WITHHELD,,['INSUFFICIENT_HISTORY'],Review latest project update and verify missing or inconsistent reporting evidence,2026-06,NOT_ELIGIBLE,,officer-decision-v1,alert-policy-v1
PRH-618882,2026-06,,DATA_VERIFICATION_REQUIRED,,WITHHELD,,['INSUFFICIENT_HISTORY'],Review latest project update and verify missing or inconsistent reporting evidence,2026-06,NOT_ELIGIBLE,,officer-decision-v1,alert-policy-v1
PRH-618883,2026-06,,NO_REVIEW_SIGNAL,,WITHHELD,,['COMPLETED_PROJECT'],,2026-06,NOT_ELIGIBLE,,officer-decision-v1,alert-policy-v1
PRH-618884,2026-06,,DATA_VERIFICATION_REQUIRED,,WITHHELD,,"['SOURCE_GAP', 'INSUFFICIENT_HISTORY']",Review latest project update and verify missing or inconsistent reporting evidence,2026-06,NOT_ELIGIBLE,,officer-decision-v1,alert-policy-v1
PRH-618885,2026-06,,DATA_VERIFICATION_REQUIRED,,WITHHELD,,"['SOURCE_GAP', 'INSUFFICIENT_HISTORY']",Review latest project update and verify missing or inconsistent reporting evidence,2026-06,NOT_ELIGIBLE,,officer-decision-v1,alert-policy-v1
PRH-618886,2026-06,,DATA_VERIFICATION_REQUIRED,,WITHHELD,,['INSUFFICIENT_HISTORY'],Review latest project update and verify missing or inconsistent reporting evidence,2026-06,NOT_ELIGIBLE,,officer-decision-v1,alert-policy-v1
PRH-618887,2026-06,,DATA_VERIFICATION_REQUIRED,,WITHHELD,,"['SOURCE_GAP', 'INSUFFICIENT_HISTORY']",Review latest project update and verify missing or inconsistent reporting evidence,2026-06,NOT_ELIGIBLE,,officer-decision-v1,alert-policy-v1
PRH-618888,2026-06,,DATA_VERIFICATION_REQUIRED,,WITHHELD,,"['SOURCE_GAP', 'INSUFFICIENT_HISTORY']",Review latest project update and verify missing or inconsistent reporting evidence,2026-06,NOT_ELIGIBLE,,officer-decision-v1,alert-policy-v1
PRH-618889,2026-06,,DATA_VERIFICATION_REQUIRED,,WITHHELD,,"['SOURCE_GAP', 'INSUFFICIENT_HISTORY']",Review latest project update and verify missing or inconsistent reporting evidence,2026-06,NOT_ELIGIBLE,,officer-decision-v1,alert-policy-v1
PRH-618890,2026-06,,DATA_VERIFICATION_REQUIRED,,WITHHELD,,"['SOURCE_GAP', 'INSUFFICIENT_HISTORY']",Review latest project update and verify missing or inconsistent reporting evidence,2026-06,NOT_ELIGIBLE,,officer-decision-v1,alert-policy-v1
PRH-618891,2026-06,,DATA_VERIFICATION_REQUIRED,,WITHHELD,,['INSUFFICIENT_HISTORY'],Review latest project update and verify missing or inconsistent reporting evidence,2026-06,NOT_ELIGIBLE,,officer-decision-v1,alert-policy-v1
PRH-618892,2026-06,,DATA_VERIFICATION_REQUIRED,,WITHHELD,,"['INSUFFICIENT_HISTORY', 'FEATURES_INSUFFICIENT']",Review latest project update and verify missing or inconsistent reporting evidence,2026-06,NOT_ELIGIBLE,,officer-decision-v1,alert-policy-v1
PRH-618893,2026-06,,DATA_VERIFICATION_REQUIRED,,WITHHELD,,['INSUFFICIENT_HISTORY'],Review latest project update and verify missing or inconsistent reporting evidence,2026-06,NOT_ELIGIBLE,,officer-decision-v1,alert-policy-v1
PRH-618894,2026-06,,DATA_VERIFICATION_REQUIRED,,WITHHELD,,"['SOURCE_GAP', 'INSUFFICIENT_HISTORY']",Review latest project update and verify missing or inconsistent reporting evidence,2026-06,NOT_ELIGIBLE,,officer-decision-v1,alert-policy-v1
PRH-618895,2026-06,,DATA_VERIFICATION_REQUIRED,,WITHHELD,,"['SOURCE_GAP', 'INSUFFICIENT_HISTORY']",Review latest project update and verify missing or inconsistent reporting evidence,2026-06,NOT_ELIGIBLE,,officer-decision-v1,alert-policy-v1
PRH-618896,2026-06,,DATA_VERIFICATION_REQUIRED,,WITHHELD,,"['SOURCE_GAP', 'INSUFFICIENT_HISTORY']",Review latest project update and verify missing or inconsistent reporting evidence,2026-06,NOT_ELIGIBLE,,officer-decision-v1,alert-policy-v1
PRH-618897,2026-06,,NO_REVIEW_SIGNAL,,WITHHELD,,['COMPLETED_PROJECT'],,2026-05,NOT_ELIGIBLE,,officer-decision-v1,alert-policy-v1
PRH-618898,2026-06,,DATA_VERIFICATION_REQUIRED,,WITHHELD,,['INSUFFICIENT_HISTORY'],Review latest project update and verify missing or inconsistent reporting evidence,2026-06,NOT_ELIGIBLE,,officer-decision-v1,alert-policy-v1
PRH-618899,2026-06,,NO_REVIEW_SIGNAL,,WITHHELD,,['COMPLETED_PROJECT'],,2026-06,NOT_ELIGIBLE,,officer-decision-v1,alert-policy-v1
PRH-618901,2026-06,,DATA_VERIFICATION_REQUIRED,,WITHHELD,,['INSUFFICIENT_HISTORY'],Review latest project update and verify missing or inconsistent reporting evidence,2026-06,NOT_ELIGIBLE,,officer-decision-v1,alert-policy-v1
PRH-618902,2026-06,,DATA_VERIFICATION_REQUIRED,,WITHHELD,,"['SOURCE_GAP', 'INSUFFICIENT_HISTORY']",Review latest project update and verify missing or inconsistent reporting evidence,2026-06,NOT_ELIGIBLE,,officer-decision-v1,alert-policy-v1
PRH-618903,2026-06,,DATA_VERIFICATION_REQUIRED,,WITHHELD,,"['SOURCE_GAP', 'INSUFFICIENT_HISTORY']",Review latest project update and verify missing or inconsistent reporting evidence,2026-06,NOT_ELIGIBLE,,officer-decision-v1,alert-policy-v1
PRH-618904,2026-06,,DATA_VERIFICATION_REQUIRED,,WITHHELD,,"['SOURCE_GAP', 'INSUFFICIENT_HISTORY']",Review latest project update and verify missing or inconsistent reporting evidence,2026-06,NOT_ELIGIBLE,,officer-decision-v1,alert-policy-v1
PRH-618905,2026-06,,DATA_VERIFICATION_REQUIRED,,WITHHELD,,['INSUFFICIENT_HISTORY'],Review latest project update and verify missing or inconsistent reporting evidence,2026-06,NOT_ELIGIBLE,,officer-decision-v1,alert-policy-v1
PRH-618906,2026-06,,DATA_VERIFICATION_REQUIRED,,WITHHELD,,"['SOURCE_GAP', 'INSUFFICIENT_HISTORY']",Review latest project update and verify missing or inconsistent reporting evidence,2026-06,NOT_ELIGIBLE,,officer-decision-v1,alert-policy-v1
PRH-618907,2026-06,,DATA_VERIFICATION_REQUIRED,,WITHHELD,,['INSUFFICIENT_HISTORY'],Review latest project update and verify missing or inconsistent reporting evidence,2026-06,NOT_ELIGIBLE,,officer-decision-v1,alert-policy-v1
PRH-618908,2026-06,,DATA_VERIFICATION_REQUIRED,,WITHHELD,,"['SOURCE_GAP', 'INSUFFICIENT_HISTORY']",Review latest project update and verify missing or inconsistent reporting evidence,2026-06,NOT_ELIGIBLE,,officer-decision-v1,alert-policy-v1
PRH-618909,2026-06,,DATA_VERIFICATION_REQUIRED,,WITHHELD,,"['SOURCE_GAP', 'INSUFFICIENT_HISTORY']",Review latest project update and verify missing or inconsistent reporting evidence,2026-06,NOT_ELIGIBLE,,officer-decision-v1,alert-policy-v1
PRH-618910,2026-06,,DATA_VERIFICATION_REQUIRED,,WITHHELD,,"['SOURCE_GAP', 'INSUFFICIENT_HISTORY']",Review latest project update and verify missing or inconsistent reporting evidence,2026-06,NOT_ELIGIBLE,,officer-decision-v1,alert-policy-v1
PRH-618911,2026-06,,DATA_VERIFICATION_REQUIRED,,WITHHELD,,"['SOURCE_GAP', 'INSUFFICIENT_HISTORY']",Review latest project update and verify missing or inconsistent reporting evidence,2026-06,NOT_ELIGIBLE,,officer-decision-v1,alert-policy-v1
PRH-618912,2026-06,,DATA_VERIFICATION_REQUIRED,,WITHHELD,,"['STALE_UPDATE', 'SOURCE_GAP', 'INSUFFICIENT_HISTORY', 'FEATURES_INSUFFICIENT', 'SCHEMA_VERIFICATION', 'SOURCE_PROVENANCE_VERIFICATION']",Review latest project update and verify missing or inconsistent reporting evidence,2026-05,NOT_ELIGIBLE,,officer-decision-v1,alert-policy-v1
PRH-618913,2026-06,,DATA_VERIFICATION_REQUIRED,,WITHHELD,,"['STALE_UPDATE', 'SOURCE_GAP', 'INSUFFICIENT_HISTORY', 'FEATURES_INSUFFICIENT', 'SCHEMA_VERIFICATION', 'SOURCE_PROVENANCE_VERIFICATION']",Review latest project update and verify missing or inconsistent reporting evidence,2026-05,NOT_ELIGIBLE,,officer-decision-v1,alert-policy-v1
PRH-618914,2026-06,,DATA_VERIFICATION_REQUIRED,,WITHHELD,,['INSUFFICIENT_HISTORY'],Review latest project update and verify missing or inconsistent reporting evidence,2026-06,NOT_ELIGIBLE,,officer-decision-v1,alert-policy-v1
PRH-618915,2026-06,,DATA_VERIFICATION_REQUIRED,,WITHHELD,,"['STALE_UPDATE', 'SOURCE_GAP', 'INSUFFICIENT_HISTORY', 'FEATURES_INSUFFICIENT', 'SCHEMA_VERIFICATION', 'SOURCE_PROVENANCE_VERIFICATION']",Review latest project update and verify missing or inconsistent reporting evidence,2026-05,NOT_ELIGIBLE,,officer-decision-v1,alert-policy-v1
PRH-618916,2026-06,,DATA_VERIFICATION_REQUIRED,,WITHHELD,,"['STALE_UPDATE', 'SOURCE_GAP', 'INSUFFICIENT_HISTORY', 'FEATURES_INSUFFICIENT', 'SCHEMA_VERIFICATION', 'SOURCE_PROVENANCE_VERIFICATION']",Review latest project update and verify missing or inconsistent reporting evidence,2026-05,NOT_ELIGIBLE,,officer-decision-v1,alert-policy-v1
PRH-618917,2026-06,,DATA_VERIFICATION_REQUIRED,,WITHHELD,,['INSUFFICIENT_HISTORY'],Review latest project update and verify missing or inconsistent reporting evidence,2026-06,NOT_ELIGIBLE,,officer-decision-v1,alert-policy-v1
PRH-618919,2026-06,,DATA_VERIFICATION_REQUIRED,,WITHHELD,,"['STALE_UPDATE', 'SOURCE_GAP', 'INSUFFICIENT_HISTORY', 'FEATURES_INSUFFICIENT', 'SCHEMA_VERIFICATION', 'SOURCE_PROVENANCE_VERIFICATION']",Review latest project update and verify missing or inconsistent reporting evidence,2026-05,NOT_ELIGIBLE,,officer-decision-v1,alert-policy-v1
PRH-618920,2026-06,,DATA_VERIFICATION_REQUIRED,,WITHHELD,,['INSUFFICIENT_HISTORY'],Review latest project update and verify missing or inconsistent reporting evidence,2026-06,NOT_ELIGIBLE,,officer-decision-v1,alert-policy-v1
PRH-618921,2026-06,,DATA_VERIFICATION_REQUIRED,,WITHHELD,,"['SOURCE_GAP', 'INSUFFICIENT_HISTORY']",Review latest project update and verify missing or inconsistent reporting evidence,2026-06,NOT_ELIGIBLE,,officer-decision-v1,alert-policy-v1
PRH-618922,2026-06,,DATA_VERIFICATION_REQUIRED,,WITHHELD,,['INSUFFICIENT_HISTORY'],Review latest project update and verify missing or inconsistent reporting evidence,2026-06,NOT_ELIGIBLE,,officer-decision-v1,alert-policy-v1
PRH-618923,2026-06,,DATA_VERIFICATION_REQUIRED,,WITHHELD,,['INSUFFICIENT_HISTORY'],Review latest project update and verify missing or inconsistent reporting evidence,2026-06,NOT_ELIGIBLE,,officer-decision-v1,alert-policy-v1
PRH-618924,2026-06,,DATA_VERIFICATION_REQUIRED,,WITHHELD,,['INSUFFICIENT_HISTORY'],Review latest project update and verify missing or inconsistent reporting evidence,2026-06,NOT_ELIGIBLE,,officer-decision-v1,alert-policy-v1
PRH-618925,2026-06,,DATA_VERIFICATION_REQUIRED,,WITHHELD,,"['SOURCE_GAP', 'INSUFFICIENT_HISTORY']",Review latest project update and verify missing or inconsistent reporting evidence,2026-06,NOT_ELIGIBLE,,officer-decision-v1,alert-policy-v1
PRH-618926,2026-06,,DATA_VERIFICATION_REQUIRED,,WITHHELD,,['INSUFFICIENT_HISTORY'],Review latest project update and verify missing or inconsistent reporting evidence,2026-06,NOT_ELIGIBLE,,officer-decision-v1,alert-policy-v1
PRH-618927,2026-06,,DATA_VERIFICATION_REQUIRED,,WITHHELD,,['INSUFFICIENT_HISTORY'],Review latest project update and verify missing or inconsistent reporting evidence,2026-06,NOT_ELIGIBLE,,officer-decision-v1,alert-policy-v1
PRH-618928,2026-06,,DATA_VERIFICATION_REQUIRED,,WITHHELD,,"['SOURCE_GAP', 'INSUFFICIENT_HISTORY']",Review latest project update and verify missing or inconsistent reporting evidence,2026-06,NOT_ELIGIBLE,,officer-decision-v1,alert-policy-v1
PRH-618929,2026-06,,DATA_VERIFICATION_REQUIRED,,WITHHELD,,['INSUFFICIENT_HISTORY'],Review latest project update and verify missing or inconsistent reporting evidence,2026-06,NOT_ELIGIBLE,,officer-decision-v1,alert-policy-v1
PRH-618930,2026-06,,DATA_VERIFICATION_REQUIRED,,WITHHELD,,"['SOURCE_GAP', 'INSUFFICIENT_HISTORY']",Review latest project update and verify missing or inconsistent reporting evidence,2026-06,NOT_ELIGIBLE,,officer-decision-v1,alert-policy-v1
PRH-618931,2026-06,,DATA_VERIFICATION_REQUIRED,,WITHHELD,,['INSUFFICIENT_HISTORY'],Review latest project update and verify missing or inconsistent reporting evidence,2026-06,NOT_ELIGIBLE,,officer-decision-v1,alert-policy-v1
PRH-618932,2026-06,,DATA_VERIFICATION_REQUIRED,,WITHHELD,,['INSUFFICIENT_HISTORY'],Review latest project update and verify missing or inconsistent reporting evidence,2026-06,NOT_ELIGIBLE,,officer-decision-v1,alert-policy-v1
PRH-618933,2026-06,,DATA_VERIFICATION_REQUIRED,,WITHHELD,,['INSUFFICIENT_HISTORY'],Review latest project update and verify missing or inconsistent reporting evidence,2026-06,NOT_ELIGIBLE,,officer-decision-v1,alert-policy-v1
PRH-618934,2026-06,,DATA_VERIFICATION_REQUIRED,,WITHHELD,,['INSUFFICIENT_HISTORY'],Review latest project update and verify missing or inconsistent reporting evidence,2026-06,NOT_ELIGIBLE,,officer-decision-v1,alert-policy-v1
PRH-618935,2026-06,,NO_REVIEW_SIGNAL,,WITHHELD,,['COMPLETED_PROJECT'],,2026-05,NOT_ELIGIBLE,,officer-decision-v1,alert-policy-v1
PRH-618936,2026-06,,DATA_VERIFICATION_REQUIRED,,WITHHELD,,"['SOURCE_GAP', 'INSUFFICIENT_HISTORY']",Review latest project update and verify missing or inconsistent reporting evidence,2026-06,NOT_ELIGIBLE,,officer-decision-v1,alert-policy-v1
PRH-618937,2026-06,,DATA_VERIFICATION_REQUIRED,,WITHHELD,,"['SOURCE_GAP', 'INSUFFICIENT_HISTORY']",Review latest project update and verify missing or inconsistent reporting evidence,2026-06,NOT_ELIGIBLE,,officer-decision-v1,alert-policy-v1
PRH-618938,2026-06,,NO_REVIEW_SIGNAL,,WITHHELD,,['COMPLETED_PROJECT'],,2026-05,NOT_ELIGIBLE,,officer-decision-v1,alert-policy-v1
PRH-618939,2026-06,,DATA_VERIFICATION_REQUIRED,,WITHHELD,,['INSUFFICIENT_HISTORY'],Review latest project update and verify missing or inconsistent reporting evidence,2026-06,NOT_ELIGIBLE,,officer-decision-v1,alert-policy-v1
PRH-618941,2026-06,,DATA_VERIFICATION_REQUIRED,,WITHHELD,,['INSUFFICIENT_HISTORY'],Review latest project update and verify missing or inconsistent reporting evidence,2026-06,NOT_ELIGIBLE,,officer-decision-v1,alert-policy-v1
PRH-618942,2026-06,,DATA_VERIFICATION_REQUIRED,,WITHHELD,,"['SOURCE_GAP', 'INSUFFICIENT_HISTORY']",Review latest project update and verify missing or inconsistent reporting evidence,2026-06,NOT_ELIGIBLE,,officer-decision-v1,alert-policy-v1
PRH-618943,2026-06,,NO_REVIEW_SIGNAL,,WITHHELD,,['COMPLETED_PROJECT'],,2026-05,NOT_ELIGIBLE,,officer-decision-v1,alert-policy-v1
PRH-618944,2026-06,,DATA_VERIFICATION_REQUIRED,,WITHHELD,,['INSUFFICIENT_HISTORY'],Review latest project update and verify missing or inconsistent reporting evidence,2026-06,NOT_ELIGIBLE,,officer-decision-v1,alert-policy-v1
PRH-618945,2026-06,,DATA_VERIFICATION_REQUIRED,,WITHHELD,,"['SOURCE_GAP', 'INSUFFICIENT_HISTORY']",Review latest project update and verify missing or inconsistent reporting evidence,2026-06,NOT_ELIGIBLE,,officer-decision-v1,alert-policy-v1
PRH-618946,2026-06,,DATA_VERIFICATION_REQUIRED,,WITHHELD,,"['STALE_UPDATE', 'SOURCE_GAP', 'INSUFFICIENT_HISTORY', 'FEATURES_INSUFFICIENT', 'SCHEMA_VERIFICATION', 'SOURCE_PROVENANCE_VERIFICATION']",Review latest project update and verify missing or inconsistent reporting evidence,2026-05,NOT_ELIGIBLE,,officer-decision-v1,alert-policy-v1
PRH-618947,2026-06,,DATA_VERIFICATION_REQUIRED,,WITHHELD,,"['SOURCE_GAP', 'INSUFFICIENT_HISTORY']",Review latest project update and verify missing or inconsistent reporting evidence,2026-06,NOT_ELIGIBLE,,officer-decision-v1,alert-policy-v1
PRH-618948,2026-06,,DATA_VERIFICATION_REQUIRED,,WITHHELD,,['INSUFFICIENT_HISTORY'],Review latest project update and verify missing or inconsistent reporting evidence,2026-06,NOT_ELIGIBLE,,officer-decision-v1,alert-policy-v1
PRH-618949,2026-06,,DATA_VERIFICATION_REQUIRED,,WITHHELD,,"['SOURCE_GAP', 'INSUFFICIENT_HISTORY']",Review latest project update and verify missing or inconsistent reporting evidence,2026-06,NOT_ELIGIBLE,,officer-decision-v1,alert-policy-v1
PRH-618950,2026-06,,DATA_VERIFICATION_REQUIRED,,WITHHELD,,['INSUFFICIENT_HISTORY'],Review latest project update and verify missing or inconsistent reporting evidence,2026-06,NOT_ELIGIBLE,,officer-decision-v1,alert-policy-v1
PRH-618951,2026-06,,DATA_VERIFICATION_REQUIRED,,WITHHELD,,"['SOURCE_GAP', 'INSUFFICIENT_HISTORY']",Review latest project update and verify missing or inconsistent reporting evidence,2026-06,NOT_ELIGIBLE,,officer-decision-v1,alert-policy-v1
PRH-618952,2026-06,,DATA_VERIFICATION_REQUIRED,,WITHHELD,,"['SOURCE_GAP', 'INSUFFICIENT_HISTORY']",Review latest project update and verify missing or inconsistent reporting evidence,2026-06,NOT_ELIGIBLE,,officer-decision-v1,alert-policy-v1
PRH-618953,2026-06,,DATA_VERIFICATION_REQUIRED,,WITHHELD,,"['SOURCE_GAP', 'INSUFFICIENT_HISTORY']",Review latest project update and verify missing or inconsistent reporting evidence,2026-06,NOT_ELIGIBLE,,officer-decision-v1,alert-policy-v1
PRH-618954,2026-06,,DATA_VERIFICATION_REQUIRED,,WITHHELD,,['INSUFFICIENT_HISTORY'],Review latest project update and verify missing or inconsistent reporting evidence,2026-06,NOT_ELIGIBLE,,officer-decision-v1,alert-policy-v1
PRH-618955,2026-06,,DATA_VERIFICATION_REQUIRED,,WITHHELD,,"['SOURCE_GAP', 'INSUFFICIENT_HISTORY']",Review latest project update and verify missing or inconsistent reporting evidence,2026-06,NOT_ELIGIBLE,,officer-decision-v1,alert-policy-v1
PRH-618956,2026-06,,DATA_VERIFICATION_REQUIRED,,WITHHELD,,['INSUFFICIENT_HISTORY'],Review latest project update and verify missing or inconsistent reporting evidence,2026-06,NOT_ELIGIBLE,,officer-decision-v1,alert-policy-v1
PRH-618957,2026-06,,DATA_VERIFICATION_REQUIRED,,WITHHELD,,['INSUFFICIENT_HISTORY'],Review latest project update and verify missing or inconsistent reporting evidence,2026-06,NOT_ELIGIBLE,,officer-decision-v1,alert-policy-v1
PRH-618958,2026-06,,DATA_VERIFICATION_REQUIRED,,WITHHELD,,['INSUFFICIENT_HISTORY'],Review latest project update and verify missing or inconsistent reporting evidence,2026-06,NOT_ELIGIBLE,,officer-decision-v1,alert-policy-v1
PRH-618959,2026-06,,NO_REVIEW_SIGNAL,,WITHHELD,,['COMPLETED_PROJECT'],,2026-05,NOT_ELIGIBLE,,officer-decision-v1,alert-policy-v1
PRH-618960,2026-06,,DATA_VERIFICATION_REQUIRED,,WITHHELD,,"['SOURCE_GAP', 'INSUFFICIENT_HISTORY']",Review latest project update and verify missing or inconsistent reporting evidence,2026-06,NOT_ELIGIBLE,,officer-decision-v1,alert-policy-v1
PRH-618961,2026-06,,DATA_VERIFICATION_REQUIRED,,WITHHELD,,['INSUFFICIENT_HISTORY'],Review latest project update and verify missing or inconsistent reporting evidence,2026-06,NOT_ELIGIBLE,,officer-decision-v1,alert-policy-v1
PRH-618962,2026-06,,DATA_VERIFICATION_REQUIRED,,WITHHELD,,['INSUFFICIENT_HISTORY'],Review latest project update and verify missing or inconsistent reporting evidence,2026-06,NOT_ELIGIBLE,,officer-decision-v1,alert-policy-v1
PRH-618963,2026-06,,DATA_VERIFICATION_REQUIRED,,WITHHELD,,['INSUFFICIENT_HISTORY'],Review latest project update and verify missing or inconsistent reporting evidence,2026-06,NOT_ELIGIBLE,,officer-decision-v1,alert-policy-v1
PRH-618964,2026-06,,DATA_VERIFICATION_REQUIRED,,WITHHELD,,['INSUFFICIENT_HISTORY'],Review latest project update and verify missing or inconsistent reporting evidence,2026-06,NOT_ELIGIBLE,,officer-decision-v1,alert-policy-v1
PRH-618966,2026-06,,DATA_VERIFICATION_REQUIRED,,WITHHELD,,['INSUFFICIENT_HISTORY'],Review latest project update and verify missing or inconsistent reporting evidence,2026-06,NOT_ELIGIBLE,,officer-decision-v1,alert-policy-v1
PRH-618967,2026-06,,DATA_VERIFICATION_REQUIRED,,WITHHELD,,['INSUFFICIENT_HISTORY'],Review latest project update and verify missing or inconsistent reporting evidence,2026-06,NOT_ELIGIBLE,,officer-decision-v1,alert-policy-v1
PRH-618968,2026-06,,DATA_VERIFICATION_REQUIRED,,WITHHELD,,"['SOURCE_GAP', 'INSUFFICIENT_HISTORY']",Review latest project update and verify missing or inconsistent reporting evidence,2026-06,NOT_ELIGIBLE,,officer-decision-v1,alert-policy-v1
PRH-618969,2026-06,,DATA_VERIFICATION_REQUIRED,,WITHHELD,,"['SOURCE_GAP', 'INSUFFICIENT_HISTORY']",Review latest project update and verify missing or inconsistent reporting evidence,2026-06,NOT_ELIGIBLE,,officer-decision-v1,alert-policy-v1
PRH-618970,2026-06,,DATA_VERIFICATION_REQUIRED,,WITHHELD,,"['SOURCE_GAP', 'INSUFFICIENT_HISTORY']",Review latest project update and verify missing or inconsistent reporting evidence,2026-06,NOT_ELIGIBLE,,officer-decision-v1,alert-policy-v1
PRH-618971,2026-06,,DATA_VERIFICATION_REQUIRED,,WITHHELD,,['INSUFFICIENT_HISTORY'],Review latest project update and verify missing or inconsistent reporting evidence,2026-06,NOT_ELIGIBLE,,officer-decision-v1,alert-policy-v1
PRH-618972,2026-06,,DATA_VERIFICATION_REQUIRED,,WITHHELD,,['INSUFFICIENT_HISTORY'],Review latest project update and verify missing or inconsistent reporting evidence,2026-06,NOT_ELIGIBLE,,officer-decision-v1,alert-policy-v1
PRH-618976,2026-06,,DATA_VERIFICATION_REQUIRED,,WITHHELD,,['INSUFFICIENT_HISTORY'],Review latest project update and verify missing or inconsistent reporting evidence,2026-06,NOT_ELIGIBLE,,officer-decision-v1,alert-policy-v1
PRH-618977,2026-06,,DATA_VERIFICATION_REQUIRED,,WITHHELD,,['INSUFFICIENT_HISTORY'],Review latest project update and verify missing or inconsistent reporting evidence,2026-06,NOT_ELIGIBLE,,officer-decision-v1,alert-policy-v1
PRH-618978,2026-06,,DATA_VERIFICATION_REQUIRED,,WITHHELD,,['INSUFFICIENT_HISTORY'],Review latest project update and verify missing or inconsistent reporting evidence,2026-06,NOT_ELIGIBLE,,officer-decision-v1,alert-policy-v1
PRH-618981,2026-06,,DATA_VERIFICATION_REQUIRED,,WITHHELD,,['INSUFFICIENT_HISTORY'],Review latest project update and verify missing or inconsistent reporting evidence,2026-06,NOT_ELIGIBLE,,officer-decision-v1,alert-policy-v1
PRH-618982,2026-06,,DATA_VERIFICATION_REQUIRED,,WITHHELD,,['INSUFFICIENT_HISTORY'],Review latest project update and verify missing or inconsistent reporting evidence,2026-06,NOT_ELIGIBLE,,officer-decision-v1,alert-policy-v1
PRH-618985,2026-06,,DATA_VERIFICATION_REQUIRED,,WITHHELD,,['INSUFFICIENT_HISTORY'],Review latest project update and verify missing or inconsistent reporting evidence,2026-06,NOT_ELIGIBLE,,officer-decision-v1,alert-policy-v1
PRH-618986,2026-06,,DATA_VERIFICATION_REQUIRED,,WITHHELD,,['INSUFFICIENT_HISTORY'],Review latest project update and verify missing or inconsistent reporting evidence,2026-06,NOT_ELIGIBLE,,officer-decision-v1,alert-policy-v1
PRH-618991,2026-06,,DATA_VERIFICATION_REQUIRED,,WITHHELD,,['INSUFFICIENT_HISTORY'],Review latest project update and verify missing or inconsistent reporting evidence,2026-06,NOT_ELIGIBLE,,officer-decision-v1,alert-policy-v1
PRH-618992,2026-06,,DATA_VERIFICATION_REQUIRED,,WITHHELD,,['INSUFFICIENT_HISTORY'],Review latest project update and verify missing or inconsistent reporting evidence,2026-06,NOT_ELIGIBLE,,officer-decision-v1,alert-policy-v1
PRH-618995,2026-06,,DATA_VERIFICATION_REQUIRED,,WITHHELD,,['INSUFFICIENT_HISTORY'],Review latest project update and verify missing or inconsistent reporting evidence,2026-06,NOT_ELIGIBLE,,officer-decision-v1,alert-policy-v1
PRH-619003,2026-06,,DATA_VERIFICATION_REQUIRED,,WITHHELD,,"['SOURCE_GAP', 'INSUFFICIENT_HISTORY']",Review latest project update and verify missing or inconsistent reporting evidence,2026-06,NOT_ELIGIBLE,,officer-decision-v1,alert-policy-v1
PRH-619004,2026-06,,DATA_VERIFICATION_REQUIRED,,WITHHELD,,['INSUFFICIENT_HISTORY'],Review latest project update and verify missing or inconsistent reporting evidence,2026-06,NOT_ELIGIBLE,,officer-decision-v1,alert-policy-v1
PRH-619005,2026-06,,DATA_VERIFICATION_REQUIRED,,WITHHELD,,['INSUFFICIENT_HISTORY'],Review latest project update and verify missing or inconsistent reporting evidence,2026-06,NOT_ELIGIBLE,,officer-decision-v1,alert-policy-v1
PRH-619007,2026-06,,DATA_VERIFICATION_REQUIRED,,WITHHELD,,['INSUFFICIENT_HISTORY'],Review latest project update and verify missing or inconsistent reporting evidence,2026-06,NOT_ELIGIBLE,,officer-decision-v1,alert-policy-v1
PRH-619008,2026-06,,DATA_VERIFICATION_REQUIRED,,WITHHELD,,['INSUFFICIENT_HISTORY'],Review latest project update and verify missing or inconsistent reporting evidence,2026-06,NOT_ELIGIBLE,,officer-decision-v1,alert-policy-v1
PRH-619009,2026-06,,DATA_VERIFICATION_REQUIRED,,WITHHELD,,['INSUFFICIENT_HISTORY'],Review latest project update and verify missing or inconsistent reporting evidence,2026-06,NOT_ELIGIBLE,,officer-decision-v1,alert-policy-v1
PRH-619010,2026-06,,DATA_VERIFICATION_REQUIRED,,WITHHELD,,"['SOURCE_GAP', 'INSUFFICIENT_HISTORY']",Review latest project update and verify missing or inconsistent reporting evidence,2026-06,NOT_ELIGIBLE,,officer-decision-v1,alert-policy-v1
PRH-619013,2026-06,,DATA_VERIFICATION_REQUIRED,,WITHHELD,,['INSUFFICIENT_HISTORY'],Review latest project update and verify missing or inconsistent reporting evidence,2026-06,NOT_ELIGIBLE,,officer-decision-v1,alert-policy-v1
PRH-619014,2026-06,,DATA_VERIFICATION_REQUIRED,,WITHHELD,,['INSUFFICIENT_HISTORY'],Review latest project update and verify missing or inconsistent reporting evidence,2026-06,NOT_ELIGIBLE,,officer-decision-v1,alert-policy-v1
PRH-619022,2026-06,,DATA_VERIFICATION_REQUIRED,,WITHHELD,,['INSUFFICIENT_HISTORY'],Review latest project update and verify missing or inconsistent reporting evidence,2026-06,NOT_ELIGIBLE,,officer-decision-v1,alert-policy-v1
PRH-619024,2026-06,,DATA_VERIFICATION_REQUIRED,,WITHHELD,,['INSUFFICIENT_HISTORY'],Review latest project update and verify missing or inconsistent reporting evidence,2026-06,NOT_ELIGIBLE,,officer-decision-v1,alert-policy-v1
PRH-619025,2026-06,,DATA_VERIFICATION_REQUIRED,,WITHHELD,,['INSUFFICIENT_HISTORY'],Review latest project update and verify missing or inconsistent reporting evidence,2026-06,NOT_ELIGIBLE,,officer-decision-v1,alert-policy-v1
PRH-619026,2026-06,,DATA_VERIFICATION_REQUIRED,,WITHHELD,,['INSUFFICIENT_HISTORY'],Review latest project update and verify missing or inconsistent reporting evidence,2026-06,NOT_ELIGIBLE,,officer-decision-v1,alert-policy-v1
PRH-619027,2026-06,,DATA_VERIFICATION_REQUIRED,,WITHHELD,,['INSUFFICIENT_HISTORY'],Review latest project update and verify missing or inconsistent reporting evidence,2026-06,NOT_ELIGIBLE,,officer-decision-v1,alert-policy-v1
PRH-619028,2026-06,,DATA_VERIFICATION_REQUIRED,,WITHHELD,,['INSUFFICIENT_HISTORY'],Review latest project update and verify missing or inconsistent reporting evidence,2026-06,NOT_ELIGIBLE,,officer-decision-v1,alert-policy-v1
PRH-619029,2026-06,,DATA_VERIFICATION_REQUIRED,,WITHHELD,,['INSUFFICIENT_HISTORY'],Review latest project update and verify missing or inconsistent reporting evidence,2026-06,NOT_ELIGIBLE,,officer-decision-v1,alert-policy-v1
PRH-619030,2026-06,,DATA_VERIFICATION_REQUIRED,,WITHHELD,,['INSUFFICIENT_HISTORY'],Review latest project update and verify missing or inconsistent reporting evidence,2026-06,NOT_ELIGIBLE,,officer-decision-v1,alert-policy-v1
PRH-619031,2026-06,,DATA_VERIFICATION_REQUIRED,,WITHHELD,,['INSUFFICIENT_HISTORY'],Review latest project update and verify missing or inconsistent reporting evidence,2026-06,NOT_ELIGIBLE,,officer-decision-v1,alert-policy-v1
PRH-619032,2026-06,,DATA_VERIFICATION_REQUIRED,,WITHHELD,,['INSUFFICIENT_HISTORY'],Review latest project update and verify missing or inconsistent reporting evidence,2026-06,NOT_ELIGIBLE,,officer-decision-v1,alert-policy-v1
PRH-619033,2026-06,,DATA_VERIFICATION_REQUIRED,,WITHHELD,,['INSUFFICIENT_HISTORY'],Review latest project update and verify missing or inconsistent reporting evidence,2026-06,NOT_ELIGIBLE,,officer-decision-v1,alert-policy-v1
PRH-619038,2026-06,,DATA_VERIFICATION_REQUIRED,,WITHHELD,,"['SOURCE_GAP', 'INSUFFICIENT_HISTORY']",Review latest project update and verify missing or inconsistent reporting evidence,2026-06,NOT_ELIGIBLE,,officer-decision-v1,alert-policy-v1
PRH-619039,2026-06,,DATA_VERIFICATION_REQUIRED,,WITHHELD,,"['INSUFFICIENT_HISTORY', 'FEATURES_INSUFFICIENT']",Review latest project update and verify missing or inconsistent reporting evidence,2026-06,NOT_ELIGIBLE,,officer-decision-v1,alert-policy-v1
PRH-619042,2026-06,,DATA_VERIFICATION_REQUIRED,,WITHHELD,,"['SOURCE_GAP', 'INSUFFICIENT_HISTORY']",Review latest project update and verify missing or inconsistent reporting evidence,2026-06,NOT_ELIGIBLE,,officer-decision-v1,alert-policy-v1
PRH-619045,2026-06,,DATA_VERIFICATION_REQUIRED,,WITHHELD,,['INSUFFICIENT_HISTORY'],Review latest project update and verify missing or inconsistent reporting evidence,2026-06,NOT_ELIGIBLE,,officer-decision-v1,alert-policy-v1
PRH-619049,2026-06,,DATA_VERIFICATION_REQUIRED,,WITHHELD,,['INSUFFICIENT_HISTORY'],Review latest project update and verify missing or inconsistent reporting evidence,2026-06,NOT_ELIGIBLE,,officer-decision-v1,alert-policy-v1
PRH-619051,2026-06,,DATA_VERIFICATION_REQUIRED,,WITHHELD,,['INSUFFICIENT_HISTORY'],Review latest project update and verify missing or inconsistent reporting evidence,2026-06,NOT_ELIGIBLE,,officer-decision-v1,alert-policy-v1
PRH-619052,2026-06,,DATA_VERIFICATION_REQUIRED,,WITHHELD,,['INSUFFICIENT_HISTORY'],Review latest project update and verify missing or inconsistent reporting evidence,2026-06,NOT_ELIGIBLE,,officer-decision-v1,alert-policy-v1
PRH-619053,2026-06,,DATA_VERIFICATION_REQUIRED,,WITHHELD,,['INSUFFICIENT_HISTORY'],Review latest project update and verify missing or inconsistent reporting evidence,2026-06,NOT_ELIGIBLE,,officer-decision-v1,alert-policy-v1
PRH-619054,2026-06,,DATA_VERIFICATION_REQUIRED,,WITHHELD,,['INSUFFICIENT_HISTORY'],Review latest project update and verify missing or inconsistent reporting evidence,2026-06,NOT_ELIGIBLE,,officer-decision-v1,alert-policy-v1
PRH-619055,2026-06,,DATA_VERIFICATION_REQUIRED,,WITHHELD,,['INSUFFICIENT_HISTORY'],Review latest project update and verify missing or inconsistent reporting evidence,2026-06,NOT_ELIGIBLE,,officer-decision-v1,alert-policy-v1
PRH-619056,2026-06,,DATA_VERIFICATION_REQUIRED,,WITHHELD,,['INSUFFICIENT_HISTORY'],Review latest project update and verify missing or inconsistent reporting evidence,2026-06,NOT_ELIGIBLE,,officer-decision-v1,alert-policy-v1
PRH-619057,2026-06,,DATA_VERIFICATION_REQUIRED,,WITHHELD,,"['SOURCE_GAP', 'INSUFFICIENT_HISTORY']",Review latest project update and verify missing or inconsistent reporting evidence,2026-06,NOT_ELIGIBLE,,officer-decision-v1,alert-policy-v1
PRH-619059,2026-06,,DATA_VERIFICATION_REQUIRED,,WITHHELD,,"['SOURCE_GAP', 'INSUFFICIENT_HISTORY']",Review latest project update and verify missing or inconsistent reporting evidence,2026-06,NOT_ELIGIBLE,,officer-decision-v1,alert-policy-v1
PRH-619060,2026-06,,DATA_VERIFICATION_REQUIRED,,WITHHELD,,['INSUFFICIENT_HISTORY'],Review latest project update and verify missing or inconsistent reporting evidence,2026-06,NOT_ELIGIBLE,,officer-decision-v1,alert-policy-v1
PRH-619061,2026-06,,DATA_VERIFICATION_REQUIRED,,WITHHELD,,['INSUFFICIENT_HISTORY'],Review latest project update and verify missing or inconsistent reporting evidence,2026-06,NOT_ELIGIBLE,,officer-decision-v1,alert-policy-v1
PRH-619063,2026-06,,NO_REVIEW_SIGNAL,,WITHHELD,,['COMPLETED_PROJECT'],,2026-05,NOT_ELIGIBLE,,officer-decision-v1,alert-policy-v1
PRH-619064,2026-06,,DATA_VERIFICATION_REQUIRED,,WITHHELD,,"['SOURCE_GAP', 'INSUFFICIENT_HISTORY']",Review latest project update and verify missing or inconsistent reporting evidence,2026-06,NOT_ELIGIBLE,,officer-decision-v1,alert-policy-v1
PRH-619065,2026-06,,DATA_VERIFICATION_REQUIRED,,WITHHELD,,"['SOURCE_GAP', 'INSUFFICIENT_HISTORY', 'FEATURES_INSUFFICIENT']",Review latest project update and verify missing or inconsistent reporting evidence,2026-06,NOT_ELIGIBLE,,officer-decision-v1,alert-policy-v1
PRH-619066,2026-06,,DATA_VERIFICATION_REQUIRED,,WITHHELD,,"['SOURCE_GAP', 'INSUFFICIENT_HISTORY']",Review latest project update and verify missing or inconsistent reporting evidence,2026-06,NOT_ELIGIBLE,,officer-decision-v1,alert-policy-v1
PRH-619067,2026-06,,NO_REVIEW_SIGNAL,,WITHHELD,,['COMPLETED_PROJECT'],,2026-05,NOT_ELIGIBLE,,officer-decision-v1,alert-policy-v1
PRH-619068,2026-06,,DATA_VERIFICATION_REQUIRED,,WITHHELD,,"['SOURCE_GAP', 'INSUFFICIENT_HISTORY']",Review latest project update and verify missing or inconsistent reporting evidence,2026-06,NOT_ELIGIBLE,,officer-decision-v1,alert-policy-v1
PRH-619069,2026-06,,DATA_VERIFICATION_REQUIRED,,WITHHELD,,['INSUFFICIENT_HISTORY'],Review latest project update and verify missing or inconsistent reporting evidence,2026-06,NOT_ELIGIBLE,,officer-decision-v1,alert-policy-v1
PRH-619070,2026-06,,NO_REVIEW_SIGNAL,,WITHHELD,,['COMPLETED_PROJECT'],,2026-04,NOT_ELIGIBLE,,officer-decision-v1,alert-policy-v1
PRH-619071,2026-06,,DATA_VERIFICATION_REQUIRED,,WITHHELD,,"['SOURCE_GAP', 'INSUFFICIENT_HISTORY']",Review latest project update and verify missing or inconsistent reporting evidence,2026-06,NOT_ELIGIBLE,,officer-decision-v1,alert-policy-v1
PRH-619072,2026-06,,DATA_VERIFICATION_REQUIRED,,WITHHELD,,"['SOURCE_GAP', 'INSUFFICIENT_HISTORY']",Review latest project update and verify missing or inconsistent reporting evidence,2026-06,NOT_ELIGIBLE,,officer-decision-v1,alert-policy-v1
PRH-619073,2026-06,,DATA_VERIFICATION_REQUIRED,,WITHHELD,,['INSUFFICIENT_HISTORY'],Review latest project update and verify missing or inconsistent reporting evidence,2026-06,NOT_ELIGIBLE,,officer-decision-v1,alert-policy-v1
PRH-619074,2026-06,,DATA_VERIFICATION_REQUIRED,,WITHHELD,,['INSUFFICIENT_HISTORY'],Review latest project update and verify missing or inconsistent reporting evidence,2026-06,NOT_ELIGIBLE,,officer-decision-v1,alert-policy-v1
PRH-619075,2026-06,,DATA_VERIFICATION_REQUIRED,,WITHHELD,,"['STALE_UPDATE', 'SOURCE_GAP', 'INSUFFICIENT_HISTORY', 'FEATURES_INSUFFICIENT', 'SCHEMA_VERIFICATION', 'SOURCE_PROVENANCE_VERIFICATION']",Review latest project update and verify missing or inconsistent reporting evidence,2026-05,NOT_ELIGIBLE,,officer-decision-v1,alert-policy-v1
PRH-619076,2026-06,,DATA_VERIFICATION_REQUIRED,,WITHHELD,,['INSUFFICIENT_HISTORY'],Review latest project update and verify missing or inconsistent reporting evidence,2026-06,NOT_ELIGIBLE,,officer-decision-v1,alert-policy-v1
PRH-619077,2026-06,,NO_REVIEW_SIGNAL,,WITHHELD,,['COMPLETED_PROJECT'],,2026-06,NOT_ELIGIBLE,,officer-decision-v1,alert-policy-v1
PRH-619078,2026-06,,DATA_VERIFICATION_REQUIRED,,WITHHELD,,"['SOURCE_GAP', 'INSUFFICIENT_HISTORY']",Review latest project update and verify missing or inconsistent reporting evidence,2026-06,NOT_ELIGIBLE,,officer-decision-v1,alert-policy-v1
PRH-619080,2026-06,,DATA_VERIFICATION_REQUIRED,,WITHHELD,,['INSUFFICIENT_HISTORY'],Review latest project update and verify missing or inconsistent reporting evidence,2026-06,NOT_ELIGIBLE,,officer-decision-v1,alert-policy-v1
PRH-619083,2026-06,,NO_REVIEW_SIGNAL,,WITHHELD,,['COMPLETED_PROJECT'],,2026-05,NOT_ELIGIBLE,,officer-decision-v1,alert-policy-v1
PRH-619084,2026-06,,NO_REVIEW_SIGNAL,,WITHHELD,,['COMPLETED_PROJECT'],,2026-05,NOT_ELIGIBLE,,officer-decision-v1,alert-policy-v1
PRH-619086,2026-06,,NO_REVIEW_SIGNAL,,WITHHELD,,['COMPLETED_PROJECT'],,2026-06,NOT_ELIGIBLE,,officer-decision-v1,alert-policy-v1
PRH-619087,2026-06,,DATA_VERIFICATION_REQUIRED,,WITHHELD,,"['SOURCE_GAP', 'INSUFFICIENT_HISTORY']",Review latest project update and verify missing or inconsistent reporting evidence,2026-06,NOT_ELIGIBLE,,officer-decision-v1,alert-policy-v1
PRH-619089,2026-06,,DATA_VERIFICATION_REQUIRED,,WITHHELD,,"['SOURCE_GAP', 'INSUFFICIENT_HISTORY']",Review latest project update and verify missing or inconsistent reporting evidence,2026-06,NOT_ELIGIBLE,,officer-decision-v1,alert-policy-v1
PRH-619090,2026-06,,NO_REVIEW_SIGNAL,,WITHHELD,,['COMPLETED_PROJECT'],,2026-06,NOT_ELIGIBLE,,officer-decision-v1,alert-policy-v1
PRH-619092,2026-06,,DATA_VERIFICATION_REQUIRED,,WITHHELD,,['INSUFFICIENT_HISTORY'],Review latest project update and verify missing or inconsistent reporting evidence,2026-06,NOT_ELIGIBLE,,officer-decision-v1,alert-policy-v1
PRH-619093,2026-06,,DATA_VERIFICATION_REQUIRED,,WITHHELD,,['INSUFFICIENT_HISTORY'],Review latest project update and verify missing or inconsistent reporting evidence,2026-06,NOT_ELIGIBLE,,officer-decision-v1,alert-policy-v1
PRH-619094,2026-06,,DATA_VERIFICATION_REQUIRED,,WITHHELD,,"['SOURCE_GAP', 'INSUFFICIENT_HISTORY']",Review latest project update and verify missing or inconsistent reporting evidence,2026-06,NOT_ELIGIBLE,,officer-decision-v1,alert-policy-v1
PRH-619095,2026-06,,DATA_VERIFICATION_REQUIRED,,WITHHELD,,"['SOURCE_GAP', 'INSUFFICIENT_HISTORY']",Review latest project update and verify missing or inconsistent reporting evidence,2026-06,NOT_ELIGIBLE,,officer-decision-v1,alert-policy-v1
PRH-619096,2026-06,,DATA_VERIFICATION_REQUIRED,,WITHHELD,,"['SOURCE_GAP', 'INSUFFICIENT_HISTORY']",Review latest project update and verify missing or inconsistent reporting evidence,2026-06,NOT_ELIGIBLE,,officer-decision-v1,alert-policy-v1
PRH-619097,2026-06,,NO_REVIEW_SIGNAL,,WITHHELD,,['COMPLETED_PROJECT'],,2026-06,NOT_ELIGIBLE,,officer-decision-v1,alert-policy-v1
PRH-619098,2026-06,,DATA_VERIFICATION_REQUIRED,,WITHHELD,,"['SOURCE_GAP', 'INSUFFICIENT_HISTORY']",Review latest project update and verify missing or inconsistent reporting evidence,2026-06,NOT_ELIGIBLE,,officer-decision-v1,alert-policy-v1
PRH-619099,2026-06,,DATA_VERIFICATION_REQUIRED,,WITHHELD,,['INSUFFICIENT_HISTORY'],Review latest project update and verify missing or inconsistent reporting evidence,2026-06,NOT_ELIGIBLE,,officer-decision-v1,alert-policy-v1
PRH-619100,2026-06,,DATA_VERIFICATION_REQUIRED,,WITHHELD,,['INSUFFICIENT_HISTORY'],Review latest project update and verify missing or inconsistent reporting evidence,2026-06,NOT_ELIGIBLE,,officer-decision-v1,alert-policy-v1
PRH-619101,2026-06,,DATA_VERIFICATION_REQUIRED,,WITHHELD,,['INSUFFICIENT_HISTORY'],Review latest project update and verify missing or inconsistent reporting evidence,2026-06,NOT_ELIGIBLE,,officer-decision-v1,alert-policy-v1
PRH-619102,2026-06,,DATA_VERIFICATION_REQUIRED,,WITHHELD,,['INSUFFICIENT_HISTORY'],Review latest project update and verify missing or inconsistent reporting evidence,2026-06,NOT_ELIGIBLE,,officer-decision-v1,alert-policy-v1
PRH-619103,2026-06,,NO_REVIEW_SIGNAL,,WITHHELD,,['COMPLETED_PROJECT'],,2026-06,NOT_ELIGIBLE,,officer-decision-v1,alert-policy-v1
PRH-619104,2026-06,,DATA_VERIFICATION_REQUIRED,,WITHHELD,,"['STALE_UPDATE', 'SOURCE_GAP', 'INSUFFICIENT_HISTORY', 'FEATURES_INSUFFICIENT', 'SCHEMA_VERIFICATION', 'SOURCE_PROVENANCE_VERIFICATION']",Review latest project update and verify missing or inconsistent reporting evidence,2026-05,NOT_ELIGIBLE,,officer-decision-v1,alert-policy-v1
PRH-619105,2026-06,,DATA_VERIFICATION_REQUIRED,,WITHHELD,,['INSUFFICIENT_HISTORY'],Review latest project update and verify missing or inconsistent reporting evidence,2026-06,NOT_ELIGIBLE,,officer-decision-v1,alert-policy-v1
PRH-619106,2026-06,,DATA_VERIFICATION_REQUIRED,,WITHHELD,,['INSUFFICIENT_HISTORY'],Review latest project update and verify missing or inconsistent reporting evidence,2026-06,NOT_ELIGIBLE,,officer-decision-v1,alert-policy-v1
PRH-619107,2026-06,,DATA_VERIFICATION_REQUIRED,,WITHHELD,,['INSUFFICIENT_HISTORY'],Review latest project update and verify missing or inconsistent reporting evidence,2026-06,NOT_ELIGIBLE,,officer-decision-v1,alert-policy-v1
PRH-619108,2026-06,,DATA_VERIFICATION_REQUIRED,,WITHHELD,,['INSUFFICIENT_HISTORY'],Review latest project update and verify missing or inconsistent reporting evidence,2026-06,NOT_ELIGIBLE,,officer-decision-v1,alert-policy-v1
PRH-619109,2026-06,,DATA_VERIFICATION_REQUIRED,,WITHHELD,,"['SOURCE_GAP', 'INSUFFICIENT_HISTORY']",Review latest project update and verify missing or inconsistent reporting evidence,2026-06,NOT_ELIGIBLE,,officer-decision-v1,alert-policy-v1
PRH-619111,2026-06,,DATA_VERIFICATION_REQUIRED,,WITHHELD,,"['SOURCE_GAP', 'INSUFFICIENT_HISTORY']",Review latest project update and verify missing or inconsistent reporting evidence,2026-06,NOT_ELIGIBLE,,officer-decision-v1,alert-policy-v1
PRH-619112,2026-06,,DATA_VERIFICATION_REQUIRED,,WITHHELD,,"['SOURCE_GAP', 'INSUFFICIENT_HISTORY']",Review latest project update and verify missing or inconsistent reporting evidence,2026-06,NOT_ELIGIBLE,,officer-decision-v1,alert-policy-v1
PRH-619113,2026-06,,NO_REVIEW_SIGNAL,,WITHHELD,,['COMPLETED_PROJECT'],,2026-06,NOT_ELIGIBLE,,officer-decision-v1,alert-policy-v1
PRH-619114,2026-06,,DATA_VERIFICATION_REQUIRED,,WITHHELD,,['INSUFFICIENT_HISTORY'],Review latest project update and verify missing or inconsistent reporting evidence,2026-06,NOT_ELIGIBLE,,officer-decision-v1,alert-policy-v1
PRH-619115,2026-06,,NO_REVIEW_SIGNAL,,WITHHELD,,['COMPLETED_PROJECT'],,2026-02,NOT_ELIGIBLE,,officer-decision-v1,alert-policy-v1
PRH-619117,2026-06,,DATA_VERIFICATION_REQUIRED,,WITHHELD,,['INSUFFICIENT_HISTORY'],Review latest project update and verify missing or inconsistent reporting evidence,2026-06,NOT_ELIGIBLE,,officer-decision-v1,alert-policy-v1
PRH-619118,2026-06,,DATA_VERIFICATION_REQUIRED,,WITHHELD,,"['SOURCE_GAP', 'INSUFFICIENT_HISTORY']",Review latest project update and verify missing or inconsistent reporting evidence,2026-06,NOT_ELIGIBLE,,officer-decision-v1,alert-policy-v1
PRH-619119,2026-06,,DATA_VERIFICATION_REQUIRED,,WITHHELD,,"['SOURCE_GAP', 'INSUFFICIENT_HISTORY']",Review latest project update and verify missing or inconsistent reporting evidence,2026-06,NOT_ELIGIBLE,,officer-decision-v1,alert-policy-v1
PRH-619120,2026-06,,DATA_VERIFICATION_REQUIRED,,WITHHELD,,['INSUFFICIENT_HISTORY'],Review latest project update and verify missing or inconsistent reporting evidence,2026-06,NOT_ELIGIBLE,,officer-decision-v1,alert-policy-v1
PRH-619121,2026-06,,DATA_VERIFICATION_REQUIRED,,WITHHELD,,"['STALE_UPDATE', 'SOURCE_GAP', 'INSUFFICIENT_HISTORY', 'FEATURES_INSUFFICIENT', 'SCHEMA_VERIFICATION', 'SOURCE_PROVENANCE_VERIFICATION']",Review latest project update and verify missing or inconsistent reporting evidence,2026-05,NOT_ELIGIBLE,,officer-decision-v1,alert-policy-v1
PRH-619122,2026-06,,NO_REVIEW_SIGNAL,,WITHHELD,,['COMPLETED_PROJECT'],,2026-05,NOT_ELIGIBLE,,officer-decision-v1,alert-policy-v1
PRH-619123,2026-06,,DATA_VERIFICATION_REQUIRED,,WITHHELD,,"['SOURCE_GAP', 'INSUFFICIENT_HISTORY']",Review latest project update and verify missing or inconsistent reporting evidence,2026-06,NOT_ELIGIBLE,,officer-decision-v1,alert-policy-v1
PRH-619124,2026-06,,DATA_VERIFICATION_REQUIRED,,WITHHELD,,"['SOURCE_GAP', 'INSUFFICIENT_HISTORY']",Review latest project update and verify missing or inconsistent reporting evidence,2026-06,NOT_ELIGIBLE,,officer-decision-v1,alert-policy-v1
PRH-619125,2026-06,,DATA_VERIFICATION_REQUIRED,,WITHHELD,,"['SOURCE_GAP', 'INSUFFICIENT_HISTORY']",Review latest project update and verify missing or inconsistent reporting evidence,2026-06,NOT_ELIGIBLE,,officer-decision-v1,alert-policy-v1
PRH-619126,2026-06,,DATA_VERIFICATION_REQUIRED,,WITHHELD,,"['SOURCE_GAP', 'INSUFFICIENT_HISTORY']",Review latest project update and verify missing or inconsistent reporting evidence,2026-06,NOT_ELIGIBLE,,officer-decision-v1,alert-policy-v1
PRH-619127,2026-06,,DATA_VERIFICATION_REQUIRED,,WITHHELD,,['INSUFFICIENT_HISTORY'],Review latest project update and verify missing or inconsistent reporting evidence,2026-06,NOT_ELIGIBLE,,officer-decision-v1,alert-policy-v1
PRH-619128,2026-06,,DATA_VERIFICATION_REQUIRED,,WITHHELD,,"['SOURCE_GAP', 'INSUFFICIENT_HISTORY']",Review latest project update and verify missing or inconsistent reporting evidence,2026-06,NOT_ELIGIBLE,,officer-decision-v1,alert-policy-v1
PRH-619129,2026-06,,DATA_VERIFICATION_REQUIRED,,WITHHELD,,"['SOURCE_GAP', 'INSUFFICIENT_HISTORY']",Review latest project update and verify missing or inconsistent reporting evidence,2026-06,NOT_ELIGIBLE,,officer-decision-v1,alert-policy-v1
PRH-619130,2026-06,,DATA_VERIFICATION_REQUIRED,,WITHHELD,,"['SOURCE_GAP', 'INSUFFICIENT_HISTORY']",Review latest project update and verify missing or inconsistent reporting evidence,2026-06,NOT_ELIGIBLE,,officer-decision-v1,alert-policy-v1
PRH-619131,2026-06,,DATA_VERIFICATION_REQUIRED,,WITHHELD,,"['SOURCE_GAP', 'INSUFFICIENT_HISTORY']",Review latest project update and verify missing or inconsistent reporting evidence,2026-06,NOT_ELIGIBLE,,officer-decision-v1,alert-policy-v1
PRH-619132,2026-06,,DATA_VERIFICATION_REQUIRED,,WITHHELD,,"['SOURCE_GAP', 'INSUFFICIENT_HISTORY']",Review latest project update and verify missing or inconsistent reporting evidence,2026-06,NOT_ELIGIBLE,,officer-decision-v1,alert-policy-v1
PRH-619134,2026-06,,DATA_VERIFICATION_REQUIRED,,WITHHELD,,"['SOURCE_GAP', 'INSUFFICIENT_HISTORY']",Review latest project update and verify missing or inconsistent reporting evidence,2026-06,NOT_ELIGIBLE,,officer-decision-v1,alert-policy-v1
PRH-619136,2026-06,,NO_REVIEW_SIGNAL,,WITHHELD,,['COMPLETED_PROJECT'],,2026-06,NOT_ELIGIBLE,,officer-decision-v1,alert-policy-v1
PRH-619137,2026-06,,NO_REVIEW_SIGNAL,,WITHHELD,,['COMPLETED_PROJECT'],,2026-04,NOT_ELIGIBLE,,officer-decision-v1,alert-policy-v1
PRH-619138,2026-06,,DATA_VERIFICATION_REQUIRED,,WITHHELD,,"['SOURCE_GAP', 'INSUFFICIENT_HISTORY']",Review latest project update and verify missing or inconsistent reporting evidence,2026-06,NOT_ELIGIBLE,,officer-decision-v1,alert-policy-v1
PRH-619139,2026-06,,DATA_VERIFICATION_REQUIRED,,WITHHELD,,['INSUFFICIENT_HISTORY'],Review latest project update and verify missing or inconsistent reporting evidence,2026-06,NOT_ELIGIBLE,,officer-decision-v1,alert-policy-v1
PRH-619140,2026-06,,DATA_VERIFICATION_REQUIRED,,WITHHELD,,"['SOURCE_GAP', 'INSUFFICIENT_HISTORY']",Review latest project update and verify missing or inconsistent reporting evidence,2026-06,NOT_ELIGIBLE,,officer-decision-v1,alert-policy-v1
PRH-619141,2026-06,,DATA_VERIFICATION_REQUIRED,,WITHHELD,,"['SOURCE_GAP', 'INSUFFICIENT_HISTORY']",Review latest project update and verify missing or inconsistent reporting evidence,2026-06,NOT_ELIGIBLE,,officer-decision-v1,alert-policy-v1
PRH-619142,2026-06,,DATA_VERIFICATION_REQUIRED,,WITHHELD,,['INSUFFICIENT_HISTORY'],Review latest project update and verify missing or inconsistent reporting evidence,2026-06,NOT_ELIGIBLE,,officer-decision-v1,alert-policy-v1
PRH-619143,2026-06,,DATA_VERIFICATION_REQUIRED,,WITHHELD,,['INSUFFICIENT_HISTORY'],Review latest project update and verify missing or inconsistent reporting evidence,2026-06,NOT_ELIGIBLE,,officer-decision-v1,alert-policy-v1
PRH-619144,2026-06,,NO_REVIEW_SIGNAL,,WITHHELD,,['COMPLETED_PROJECT'],,2026-05,NOT_ELIGIBLE,,officer-decision-v1,alert-policy-v1
PRH-619145,2026-06,,NO_REVIEW_SIGNAL,,WITHHELD,,['COMPLETED_PROJECT'],,2026-06,NOT_ELIGIBLE,,officer-decision-v1,alert-policy-v1
PRH-619146,2026-06,,DATA_VERIFICATION_REQUIRED,,WITHHELD,,"['SOURCE_GAP', 'INSUFFICIENT_HISTORY']",Review latest project update and verify missing or inconsistent reporting evidence,2026-06,NOT_ELIGIBLE,,officer-decision-v1,alert-policy-v1
PRH-619147,2026-06,,DATA_VERIFICATION_REQUIRED,,WITHHELD,,"['STALE_UPDATE', 'SOURCE_GAP', 'INSUFFICIENT_HISTORY', 'FEATURES_INSUFFICIENT', 'SCHEMA_VERIFICATION', 'SOURCE_PROVENANCE_VERIFICATION']",Review latest project update and verify missing or inconsistent reporting evidence,2026-05,NOT_ELIGIBLE,,officer-decision-v1,alert-policy-v1
PRH-619148,2026-06,,NO_REVIEW_SIGNAL,,WITHHELD,,['COMPLETED_PROJECT'],,2026-05,NOT_ELIGIBLE,,officer-decision-v1,alert-policy-v1
PRH-619149,2026-06,,DATA_VERIFICATION_REQUIRED,,WITHHELD,,"['SOURCE_GAP', 'INSUFFICIENT_HISTORY']",Review latest project update and verify missing or inconsistent reporting evidence,2026-06,NOT_ELIGIBLE,,officer-decision-v1,alert-policy-v1
PRH-619150,2026-06,,DATA_VERIFICATION_REQUIRED,,WITHHELD,,['INSUFFICIENT_HISTORY'],Review latest project update and verify missing or inconsistent reporting evidence,2026-06,NOT_ELIGIBLE,,officer-decision-v1,alert-policy-v1
PRH-619152,2026-06,,DATA_VERIFICATION_REQUIRED,,WITHHELD,,"['SOURCE_GAP', 'INSUFFICIENT_HISTORY']",Review latest project update and verify missing or inconsistent reporting evidence,2026-06,NOT_ELIGIBLE,,officer-decision-v1,alert-policy-v1
PRH-619153,2026-06,,DATA_VERIFICATION_REQUIRED,,WITHHELD,,"['SOURCE_GAP', 'INSUFFICIENT_HISTORY']",Review latest project update and verify missing or inconsistent reporting evidence,2026-06,NOT_ELIGIBLE,,officer-decision-v1,alert-policy-v1
PRH-619154,2026-06,,DATA_VERIFICATION_REQUIRED,,WITHHELD,,['INSUFFICIENT_HISTORY'],Review latest project update and verify missing or inconsistent reporting evidence,2026-06,NOT_ELIGIBLE,,officer-decision-v1,alert-policy-v1
PRH-619155,2026-06,,DATA_VERIFICATION_REQUIRED,,WITHHELD,,"['SOURCE_GAP', 'INSUFFICIENT_HISTORY']",Review latest project update and verify missing or inconsistent reporting evidence,2026-06,NOT_ELIGIBLE,,officer-decision-v1,alert-policy-v1
PRH-619156,2026-06,,DATA_VERIFICATION_REQUIRED,,WITHHELD,,['INSUFFICIENT_HISTORY'],Review latest project update and verify missing or inconsistent reporting evidence,2026-06,NOT_ELIGIBLE,,officer-decision-v1,alert-policy-v1
PRH-619157,2026-06,,DATA_VERIFICATION_REQUIRED,,WITHHELD,,"['SOURCE_GAP', 'INSUFFICIENT_HISTORY']",Review latest project update and verify missing or inconsistent reporting evidence,2026-06,NOT_ELIGIBLE,,officer-decision-v1,alert-policy-v1
PRH-619158,2026-06,,DATA_VERIFICATION_REQUIRED,,WITHHELD,,"['SOURCE_GAP', 'INSUFFICIENT_HISTORY']",Review latest project update and verify missing or inconsistent reporting evidence,2026-06,NOT_ELIGIBLE,,officer-decision-v1,alert-policy-v1
PRH-619160,2026-06,,NO_REVIEW_SIGNAL,,WITHHELD,,['COMPLETED_PROJECT'],,2026-06,NOT_ELIGIBLE,,officer-decision-v1,alert-policy-v1
PRH-619161,2026-06,,DATA_VERIFICATION_REQUIRED,,WITHHELD,,['INSUFFICIENT_HISTORY'],Review latest project update and verify missing or inconsistent reporting evidence,2026-06,NOT_ELIGIBLE,,officer-decision-v1,alert-policy-v1
PRH-619162,2026-06,,NO_REVIEW_SIGNAL,,WITHHELD,,['COMPLETED_PROJECT'],,2026-06,NOT_ELIGIBLE,,officer-decision-v1,alert-policy-v1
PRH-619163,2026-06,,DATA_VERIFICATION_REQUIRED,,WITHHELD,,"['SOURCE_GAP', 'INSUFFICIENT_HISTORY']",Review latest project update and verify missing or inconsistent reporting evidence,2026-06,NOT_ELIGIBLE,,officer-decision-v1,alert-policy-v1
PRH-619164,2026-06,,DATA_VERIFICATION_REQUIRED,,WITHHELD,,['INSUFFICIENT_HISTORY'],Review latest project update and verify missing or inconsistent reporting evidence,2026-06,NOT_ELIGIBLE,,officer-decision-v1,alert-policy-v1
PRH-619165,2026-06,,NO_REVIEW_SIGNAL,,WITHHELD,,['COMPLETED_PROJECT'],,2026-06,NOT_ELIGIBLE,,officer-decision-v1,alert-policy-v1
PRH-619166,2026-06,,DATA_VERIFICATION_REQUIRED,,WITHHELD,,['INSUFFICIENT_HISTORY'],Review latest project update and verify missing or inconsistent reporting evidence,2026-06,NOT_ELIGIBLE,,officer-decision-v1,alert-policy-v1
PRH-619167,2026-06,,DATA_VERIFICATION_REQUIRED,,WITHHELD,,['INSUFFICIENT_HISTORY'],Review latest project update and verify missing or inconsistent reporting evidence,2026-06,NOT_ELIGIBLE,,officer-decision-v1,alert-policy-v1
PRH-619168,2026-06,,DATA_VERIFICATION_REQUIRED,,WITHHELD,,"['SOURCE_GAP', 'INSUFFICIENT_HISTORY']",Review latest project update and verify missing or inconsistent reporting evidence,2026-06,NOT_ELIGIBLE,,officer-decision-v1,alert-policy-v1
PRH-619171,2026-06,,DATA_VERIFICATION_REQUIRED,,WITHHELD,,['INSUFFICIENT_HISTORY'],Review latest project update and verify missing or inconsistent reporting evidence,2026-06,NOT_ELIGIBLE,,officer-decision-v1,alert-policy-v1
PRH-619172,2026-06,,DATA_VERIFICATION_REQUIRED,,WITHHELD,,['INSUFFICIENT_HISTORY'],Review latest project update and verify missing or inconsistent reporting evidence,2026-06,NOT_ELIGIBLE,,officer-decision-v1,alert-policy-v1
PRH-619181,2026-06,,DATA_VERIFICATION_REQUIRED,,WITHHELD,,['INSUFFICIENT_HISTORY'],Review latest project update and verify missing or inconsistent reporting evidence,2026-06,NOT_ELIGIBLE,,officer-decision-v1,alert-policy-v1
PRH-619183,2026-06,,DATA_VERIFICATION_REQUIRED,,WITHHELD,,['INSUFFICIENT_HISTORY'],Review latest project update and verify missing or inconsistent reporting evidence,2026-06,NOT_ELIGIBLE,,officer-decision-v1,alert-policy-v1
PRH-619184,2026-06,,DATA_VERIFICATION_REQUIRED,,WITHHELD,,['INSUFFICIENT_HISTORY'],Review latest project update and verify missing or inconsistent reporting evidence,2026-06,NOT_ELIGIBLE,,officer-decision-v1,alert-policy-v1
PRH-619185,2026-06,,DATA_VERIFICATION_REQUIRED,,WITHHELD,,['INSUFFICIENT_HISTORY'],Review latest project update and verify missing or inconsistent reporting evidence,2026-06,NOT_ELIGIBLE,,officer-decision-v1,alert-policy-v1
PRH-619186,2026-06,,DATA_VERIFICATION_REQUIRED,,WITHHELD,,['INSUFFICIENT_HISTORY'],Review latest project update and verify missing or inconsistent reporting evidence,2026-06,NOT_ELIGIBLE,,officer-decision-v1,alert-policy-v1
PRH-619187,2026-06,,DATA_VERIFICATION_REQUIRED,,WITHHELD,,['INSUFFICIENT_HISTORY'],Review latest project update and verify missing or inconsistent reporting evidence,2026-06,NOT_ELIGIBLE,,officer-decision-v1,alert-policy-v1
PRH-619191,2026-06,,DATA_VERIFICATION_REQUIRED,,WITHHELD,,['INSUFFICIENT_HISTORY'],Review latest project update and verify missing or inconsistent reporting evidence,2026-06,NOT_ELIGIBLE,,officer-decision-v1,alert-policy-v1
PRH-619193,2026-06,,DATA_VERIFICATION_REQUIRED,,WITHHELD,,['INSUFFICIENT_HISTORY'],Review latest project update and verify missing or inconsistent reporting evidence,2026-06,NOT_ELIGIBLE,,officer-decision-v1,alert-policy-v1
PRH-619194,2026-06,,DATA_VERIFICATION_REQUIRED,,WITHHELD,,['INSUFFICIENT_HISTORY'],Review latest project update and verify missing or inconsistent reporting evidence,2026-06,NOT_ELIGIBLE,,officer-decision-v1,alert-policy-v1
PRH-619196,2026-06,,DATA_VERIFICATION_REQUIRED,,WITHHELD,,['INSUFFICIENT_HISTORY'],Review latest project update and verify missing or inconsistent reporting evidence,2026-06,NOT_ELIGIBLE,,officer-decision-v1,alert-policy-v1
PRH-619197,2026-06,,DATA_VERIFICATION_REQUIRED,,WITHHELD,,['INSUFFICIENT_HISTORY'],Review latest project update and verify missing or inconsistent reporting evidence,2026-06,NOT_ELIGIBLE,,officer-decision-v1,alert-policy-v1
PRH-619198,2026-06,,DATA_VERIFICATION_REQUIRED,,WITHHELD,,['INSUFFICIENT_HISTORY'],Review latest project update and verify missing or inconsistent reporting evidence,2026-06,NOT_ELIGIBLE,,officer-decision-v1,alert-policy-v1
PRH-619199,2026-06,,DATA_VERIFICATION_REQUIRED,,WITHHELD,,['INSUFFICIENT_HISTORY'],Review latest project update and verify missing or inconsistent reporting evidence,2026-06,NOT_ELIGIBLE,,officer-decision-v1,alert-policy-v1
PRH-619200,2026-06,,DATA_VERIFICATION_REQUIRED,,WITHHELD,,['INSUFFICIENT_HISTORY'],Review latest project update and verify missing or inconsistent reporting evidence,2026-06,NOT_ELIGIBLE,,officer-decision-v1,alert-policy-v1
PRH-619201,2026-06,,DATA_VERIFICATION_REQUIRED,,WITHHELD,,['INSUFFICIENT_HISTORY'],Review latest project update and verify missing or inconsistent reporting evidence,2026-06,NOT_ELIGIBLE,,officer-decision-v1,alert-policy-v1
PRH-619202,2026-06,,DATA_VERIFICATION_REQUIRED,,WITHHELD,,['INSUFFICIENT_HISTORY'],Review latest project update and verify missing or inconsistent reporting evidence,2026-06,NOT_ELIGIBLE,,officer-decision-v1,alert-policy-v1
PRH-619203,2026-06,,DATA_VERIFICATION_REQUIRED,,WITHHELD,,['INSUFFICIENT_HISTORY'],Review latest project update and verify missing or inconsistent reporting evidence,2026-06,NOT_ELIGIBLE,,officer-decision-v1,alert-policy-v1
PRH-619204,2026-06,,DATA_VERIFICATION_REQUIRED,,WITHHELD,,"['INSUFFICIENT_HISTORY', 'FEATURES_INSUFFICIENT']",Review latest project update and verify missing or inconsistent reporting evidence,2026-06,NOT_ELIGIBLE,,officer-decision-v1,alert-policy-v1
PRH-619205,2026-06,,NO_REVIEW_SIGNAL,,WITHHELD,,['COMPLETED_PROJECT'],,2026-06,NOT_ELIGIBLE,,officer-decision-v1,alert-policy-v1
PRH-619206,2026-06,,DATA_VERIFICATION_REQUIRED,,WITHHELD,,['INSUFFICIENT_HISTORY'],Review latest project update and verify missing or inconsistent reporting evidence,2026-06,NOT_ELIGIBLE,,officer-decision-v1,alert-policy-v1
PRH-619207,2026-06,,DATA_VERIFICATION_REQUIRED,,WITHHELD,,['INSUFFICIENT_HISTORY'],Review latest project update and verify missing or inconsistent reporting evidence,2026-06,NOT_ELIGIBLE,,officer-decision-v1,alert-policy-v1
PRH-619208,2026-06,,DATA_VERIFICATION_REQUIRED,,WITHHELD,,['INSUFFICIENT_HISTORY'],Review latest project update and verify missing or inconsistent reporting evidence,2026-06,NOT_ELIGIBLE,,officer-decision-v1,alert-policy-v1
PRH-619209,2026-06,,DATA_VERIFICATION_REQUIRED,,WITHHELD,,"['STALE_UPDATE', 'SOURCE_GAP', 'INSUFFICIENT_HISTORY', 'FEATURES_INSUFFICIENT', 'SCHEMA_VERIFICATION', 'SOURCE_PROVENANCE_VERIFICATION']",Review latest project update and verify missing or inconsistent reporting evidence,2026-05,NOT_ELIGIBLE,,officer-decision-v1,alert-policy-v1
PRH-619210,2026-06,,DATA_VERIFICATION_REQUIRED,,WITHHELD,,['INSUFFICIENT_HISTORY'],Review latest project update and verify missing or inconsistent reporting evidence,2026-06,NOT_ELIGIBLE,,officer-decision-v1,alert-policy-v1
PRH-619211,2026-06,,DATA_VERIFICATION_REQUIRED,,WITHHELD,,['INSUFFICIENT_HISTORY'],Review latest project update and verify missing or inconsistent reporting evidence,2026-06,NOT_ELIGIBLE,,officer-decision-v1,alert-policy-v1
PRH-619212,2026-06,,DATA_VERIFICATION_REQUIRED,,WITHHELD,,['INSUFFICIENT_HISTORY'],Review latest project update and verify missing or inconsistent reporting evidence,2026-06,NOT_ELIGIBLE,,officer-decision-v1,alert-policy-v1
PRH-619213,2026-06,,DATA_VERIFICATION_REQUIRED,,WITHHELD,,['INSUFFICIENT_HISTORY'],Review latest project update and verify missing or inconsistent reporting evidence,2026-06,NOT_ELIGIBLE,,officer-decision-v1,alert-policy-v1
PRH-619214,2026-06,,DATA_VERIFICATION_REQUIRED,,WITHHELD,,['INSUFFICIENT_HISTORY'],Review latest project update and verify missing or inconsistent reporting evidence,2026-06,NOT_ELIGIBLE,,officer-decision-v1,alert-policy-v1
PRH-619215,2026-06,,DATA_VERIFICATION_REQUIRED,,WITHHELD,,['INSUFFICIENT_HISTORY'],Review latest project update and verify missing or inconsistent reporting evidence,2026-06,NOT_ELIGIBLE,,officer-decision-v1,alert-policy-v1
PRH-619216,2026-06,,DATA_VERIFICATION_REQUIRED,,WITHHELD,,['INSUFFICIENT_HISTORY'],Review latest project update and verify missing or inconsistent reporting evidence,2026-06,NOT_ELIGIBLE,,officer-decision-v1,alert-policy-v1
PRH-619217,2026-06,,DATA_VERIFICATION_REQUIRED,,WITHHELD,,['INSUFFICIENT_HISTORY'],Review latest project update and verify missing or inconsistent reporting evidence,2026-06,NOT_ELIGIBLE,,officer-decision-v1,alert-policy-v1
PRH-619218,2026-06,,NO_REVIEW_SIGNAL,,WITHHELD,,['COMPLETED_PROJECT'],,2026-06,NOT_ELIGIBLE,,officer-decision-v1,alert-policy-v1
PRH-619219,2026-06,,DATA_VERIFICATION_REQUIRED,,WITHHELD,,['INSUFFICIENT_HISTORY'],Review latest project update and verify missing or inconsistent reporting evidence,2026-06,NOT_ELIGIBLE,,officer-decision-v1,alert-policy-v1
PRH-619220,2026-06,,DATA_VERIFICATION_REQUIRED,,WITHHELD,,['INSUFFICIENT_HISTORY'],Review latest project update and verify missing or inconsistent reporting evidence,2026-06,NOT_ELIGIBLE,,officer-decision-v1,alert-policy-v1
PRH-619222,2026-06,,DATA_VERIFICATION_REQUIRED,,WITHHELD,,['INSUFFICIENT_HISTORY'],Review latest project update and verify missing or inconsistent reporting evidence,2026-06,NOT_ELIGIBLE,,officer-decision-v1,alert-policy-v1
PRH-619223,2026-06,,DATA_VERIFICATION_REQUIRED,,WITHHELD,,['INSUFFICIENT_HISTORY'],Review latest project update and verify missing or inconsistent reporting evidence,2026-06,NOT_ELIGIBLE,,officer-decision-v1,alert-policy-v1
PRH-619224,2026-06,,DATA_VERIFICATION_REQUIRED,,WITHHELD,,['INSUFFICIENT_HISTORY'],Review latest project update and verify missing or inconsistent reporting evidence,2026-06,NOT_ELIGIBLE,,officer-decision-v1,alert-policy-v1
PRH-619225,2026-06,,DATA_VERIFICATION_REQUIRED,,WITHHELD,,['INSUFFICIENT_HISTORY'],Review latest project update and verify missing or inconsistent reporting evidence,2026-06,NOT_ELIGIBLE,,officer-decision-v1,alert-policy-v1
PRH-619226,2026-06,,DATA_VERIFICATION_REQUIRED,,WITHHELD,,['INSUFFICIENT_HISTORY'],Review latest project update and verify missing or inconsistent reporting evidence,2026-06,NOT_ELIGIBLE,,officer-decision-v1,alert-policy-v1
PRH-619227,2026-06,,DATA_VERIFICATION_REQUIRED,,WITHHELD,,['INSUFFICIENT_HISTORY'],Review latest project update and verify missing or inconsistent reporting evidence,2026-06,NOT_ELIGIBLE,,officer-decision-v1,alert-policy-v1
PRH-619228,2026-06,,DATA_VERIFICATION_REQUIRED,,WITHHELD,,['INSUFFICIENT_HISTORY'],Review latest project update and verify missing or inconsistent reporting evidence,2026-06,NOT_ELIGIBLE,,officer-decision-v1,alert-policy-v1
PRH-619229,2026-06,,DATA_VERIFICATION_REQUIRED,,WITHHELD,,['INSUFFICIENT_HISTORY'],Review latest project update and verify missing or inconsistent reporting evidence,2026-06,NOT_ELIGIBLE,,officer-decision-v1,alert-policy-v1
PRH-619248,2026-06,,DATA_VERIFICATION_REQUIRED,,WITHHELD,,"['INSUFFICIENT_HISTORY', 'FEATURES_INSUFFICIENT']",Review latest project update and verify missing or inconsistent reporting evidence,2026-06,NOT_ELIGIBLE,,officer-decision-v1,alert-policy-v1
PRH-619251,2026-06,,DATA_VERIFICATION_REQUIRED,,WITHHELD,,['INSUFFICIENT_HISTORY'],Review latest project update and verify missing or inconsistent reporting evidence,2026-06,NOT_ELIGIBLE,,officer-decision-v1,alert-policy-v1
PRH-619253,2026-06,,DATA_VERIFICATION_REQUIRED,,WITHHELD,,['INSUFFICIENT_HISTORY'],Review latest project update and verify missing or inconsistent reporting evidence,2026-06,NOT_ELIGIBLE,,officer-decision-v1,alert-policy-v1
PRH-619270,2026-06,,DATA_VERIFICATION_REQUIRED,,WITHHELD,,"['INSUFFICIENT_HISTORY', 'FEATURES_INSUFFICIENT']",Review latest project update and verify missing or inconsistent reporting evidence,2026-06,NOT_ELIGIBLE,,officer-decision-v1,alert-policy-v1
PRH-619271,2026-06,,DATA_VERIFICATION_REQUIRED,,WITHHELD,,"['INSUFFICIENT_HISTORY', 'FEATURES_INSUFFICIENT']",Review latest project update and verify missing or inconsistent reporting evidence,2026-06,NOT_ELIGIBLE,,officer-decision-v1,alert-policy-v1
PRH-619289,2026-06,,DATA_VERIFICATION_REQUIRED,,WITHHELD,,['INSUFFICIENT_HISTORY'],Review latest project update and verify missing or inconsistent reporting evidence,2026-06,NOT_ELIGIBLE,,officer-decision-v1,alert-policy-v1
PRH-619291,2026-06,,DATA_VERIFICATION_REQUIRED,,WITHHELD,,['INSUFFICIENT_HISTORY'],Review latest project update and verify missing or inconsistent reporting evidence,2026-06,NOT_ELIGIBLE,,officer-decision-v1,alert-policy-v1
PRH-619292,2026-06,,DATA_VERIFICATION_REQUIRED,,WITHHELD,,['INSUFFICIENT_HISTORY'],Review latest project update and verify missing or inconsistent reporting evidence,2026-06,NOT_ELIGIBLE,,officer-decision-v1,alert-policy-v1
PRH-619293,2026-06,,DATA_VERIFICATION_REQUIRED,,WITHHELD,,['INSUFFICIENT_HISTORY'],Review latest project update and verify missing or inconsistent reporting evidence,2026-06,NOT_ELIGIBLE,,officer-decision-v1,alert-policy-v1
PRH-619294,2026-06,,DATA_VERIFICATION_REQUIRED,,WITHHELD,,['INSUFFICIENT_HISTORY'],Review latest project update and verify missing or inconsistent reporting evidence,2026-06,NOT_ELIGIBLE,,officer-decision-v1,alert-policy-v1
PRH-619295,2026-06,,DATA_VERIFICATION_REQUIRED,,WITHHELD,,['INSUFFICIENT_HISTORY'],Review latest project update and verify missing or inconsistent reporting evidence,2026-06,NOT_ELIGIBLE,,officer-decision-v1,alert-policy-v1
PRH-619298,2026-06,,DATA_VERIFICATION_REQUIRED,,WITHHELD,,"['INSUFFICIENT_HISTORY', 'FEATURES_INSUFFICIENT']",Review latest project update and verify missing or inconsistent reporting evidence,2026-06,NOT_ELIGIBLE,,officer-decision-v1,alert-policy-v1
PRH-619299,2026-06,,DATA_VERIFICATION_REQUIRED,,WITHHELD,,"['INSUFFICIENT_HISTORY', 'FEATURES_INSUFFICIENT']",Review latest project update and verify missing or inconsistent reporting evidence,2026-06,NOT_ELIGIBLE,,officer-decision-v1,alert-policy-v1
PRH-619300,2026-06,,DATA_VERIFICATION_REQUIRED,,WITHHELD,,"['INSUFFICIENT_HISTORY', 'FEATURES_INSUFFICIENT']",Review latest project update and verify missing or inconsistent reporting evidence,2026-06,NOT_ELIGIBLE,,officer-decision-v1,alert-policy-v1
PRH-619301,2026-06,,DATA_VERIFICATION_REQUIRED,,WITHHELD,,['INSUFFICIENT_HISTORY'],Review latest project update and verify missing or inconsistent reporting evidence,2026-06,NOT_ELIGIBLE,,officer-decision-v1,alert-policy-v1
PRH-619305,2026-06,,DATA_VERIFICATION_REQUIRED,,WITHHELD,,['INSUFFICIENT_HISTORY'],Review latest project update and verify missing or inconsistent reporting evidence,2026-06,NOT_ELIGIBLE,,officer-decision-v1,alert-policy-v1
PRH-619306,2026-06,,DATA_VERIFICATION_REQUIRED,,WITHHELD,,['INSUFFICIENT_HISTORY'],Review latest project update and verify missing or inconsistent reporting evidence,2026-06,NOT_ELIGIBLE,,officer-decision-v1,alert-policy-v1
PRH-619307,2026-06,,DATA_VERIFICATION_REQUIRED,,WITHHELD,,['INSUFFICIENT_HISTORY'],Review latest project update and verify missing or inconsistent reporting evidence,2026-06,NOT_ELIGIBLE,,officer-decision-v1,alert-policy-v1
PRH-619308,2026-06,,DATA_VERIFICATION_REQUIRED,,WITHHELD,,['INSUFFICIENT_HISTORY'],Review latest project update and verify missing or inconsistent reporting evidence,2026-06,NOT_ELIGIBLE,,officer-decision-v1,alert-policy-v1
PRH-619311,2026-06,,DATA_VERIFICATION_REQUIRED,,WITHHELD,,['INSUFFICIENT_HISTORY'],Review latest project update and verify missing or inconsistent reporting evidence,2026-06,NOT_ELIGIBLE,,officer-decision-v1,alert-policy-v1
PRH-619312,2026-06,,DATA_VERIFICATION_REQUIRED,,WITHHELD,,['INSUFFICIENT_HISTORY'],Review latest project update and verify missing or inconsistent reporting evidence,2026-06,NOT_ELIGIBLE,,officer-decision-v1,alert-policy-v1
PRH-619313,2026-06,,DATA_VERIFICATION_REQUIRED,,WITHHELD,,['INSUFFICIENT_HISTORY'],Review latest project update and verify missing or inconsistent reporting evidence,2026-06,NOT_ELIGIBLE,,officer-decision-v1,alert-policy-v1
PRH-619314,2026-06,,DATA_VERIFICATION_REQUIRED,,WITHHELD,,['INSUFFICIENT_HISTORY'],Review latest project update and verify missing or inconsistent reporting evidence,2026-06,NOT_ELIGIBLE,,officer-decision-v1,alert-policy-v1
PRH-619316,2026-06,,DATA_VERIFICATION_REQUIRED,,WITHHELD,,['INSUFFICIENT_HISTORY'],Review latest project update and verify missing or inconsistent reporting evidence,2026-06,NOT_ELIGIBLE,,officer-decision-v1,alert-policy-v1
PRH-619317,2026-06,,DATA_VERIFICATION_REQUIRED,,WITHHELD,,['INSUFFICIENT_HISTORY'],Review latest project update and verify missing or inconsistent reporting evidence,2026-06,NOT_ELIGIBLE,,officer-decision-v1,alert-policy-v1
PRH-619318,2026-06,,DATA_VERIFICATION_REQUIRED,,WITHHELD,,['INSUFFICIENT_HISTORY'],Review latest project update and verify missing or inconsistent reporting evidence,2026-06,NOT_ELIGIBLE,,officer-decision-v1,alert-policy-v1
PRH-619320,2026-06,,NO_REVIEW_SIGNAL,,WITHHELD,,['COMPLETED_PROJECT'],,2026-05,NOT_ELIGIBLE,,officer-decision-v1,alert-policy-v1
PRH-619321,2026-06,,DATA_VERIFICATION_REQUIRED,,WITHHELD,,['INSUFFICIENT_HISTORY'],Review latest project update and verify missing or inconsistent reporting evidence,2026-06,NOT_ELIGIBLE,,officer-decision-v1,alert-policy-v1
PRH-619326,2026-06,,DATA_VERIFICATION_REQUIRED,,WITHHELD,,['INSUFFICIENT_HISTORY'],Review latest project update and verify missing or inconsistent reporting evidence,2026-06,NOT_ELIGIBLE,,officer-decision-v1,alert-policy-v1
PRH-619328,2026-06,,DATA_VERIFICATION_REQUIRED,,WITHHELD,,['INSUFFICIENT_HISTORY'],Review latest project update and verify missing or inconsistent reporting evidence,2026-06,NOT_ELIGIBLE,,officer-decision-v1,alert-policy-v1
PRH-619341,2026-06,,DATA_VERIFICATION_REQUIRED,,WITHHELD,,['INSUFFICIENT_HISTORY'],Review latest project update and verify missing or inconsistent reporting evidence,2026-06,NOT_ELIGIBLE,,officer-decision-v1,alert-policy-v1
PRH-619347,2026-06,,DATA_VERIFICATION_REQUIRED,,WITHHELD,,"['INSUFFICIENT_HISTORY', 'FEATURES_INSUFFICIENT']",Review latest project update and verify missing or inconsistent reporting evidence,2026-06,NOT_ELIGIBLE,,officer-decision-v1,alert-policy-v1
PRH-701091,2026-06,,NO_REVIEW_SIGNAL,,WITHHELD,,['COMPLETED_PROJECT'],,2025-10,NOT_ELIGIBLE,,officer-decision-v1,alert-policy-v1
PRH-701101,2026-06,,PREDICTION_WITHHELD,,WITHHELD,,['MODEL_RELEASE_PENDING'],Monitor until the governed prediction release requirements are satisfied,2026-06,NOT_ELIGIBLE,,officer-decision-v1,alert-policy-v1
PRH-701105,2026-06,,NO_REVIEW_SIGNAL,,WITHHELD,,['COMPLETED_PROJECT'],,2026-05,NOT_ELIGIBLE,,officer-decision-v1,alert-policy-v1
PRH-701107,2026-06,,PREDICTION_WITHHELD,,WITHHELD,,['MODEL_RELEASE_PENDING'],Monitor until the governed prediction release requirements are satisfied,2026-06,NOT_ELIGIBLE,,officer-decision-v1,alert-policy-v1
PRH-701113,2026-06,,PREDICTION_WITHHELD,,WITHHELD,,['MODEL_RELEASE_PENDING'],Monitor until the governed prediction release requirements are satisfied,2026-06,NOT_ELIGIBLE,,officer-decision-v1,alert-policy-v1
PRH-701121,2026-06,,PREDICTION_WITHHELD,,WITHHELD,,['MODEL_RELEASE_PENDING'],Monitor until the governed prediction release requirements are satisfied,2026-06,NOT_ELIGIBLE,,officer-decision-v1,alert-policy-v1
PRH-701122,2026-06,,PREDICTION_WITHHELD,,WITHHELD,,['MODEL_RELEASE_PENDING'],Monitor until the governed prediction release requirements are satisfied,2026-06,NOT_ELIGIBLE,,officer-decision-v1,alert-policy-v1
PRH-701126,2026-06,,PREDICTION_WITHHELD,,WITHHELD,,['MODEL_RELEASE_PENDING'],Monitor until the governed prediction release requirements are satisfied,2026-06,NOT_ELIGIBLE,,officer-decision-v1,alert-policy-v1
PRH-701127,2026-06,,NO_REVIEW_SIGNAL,,WITHHELD,,['COMPLETED_PROJECT'],,2026-06,NOT_ELIGIBLE,,officer-decision-v1,alert-policy-v1
PRH-701128,2026-06,,PREDICTION_WITHHELD,,WITHHELD,,['MODEL_RELEASE_PENDING'],Monitor until the governed prediction release requirements are satisfied,2026-06,NOT_ELIGIBLE,,officer-decision-v1,alert-policy-v1
PRH-701167,2026-06,,PREDICTION_WITHHELD,,WITHHELD,,['MODEL_RELEASE_PENDING'],Monitor until the governed prediction release requirements are satisfied,2026-06,NOT_ELIGIBLE,,officer-decision-v1,alert-policy-v1
PRH-701168,2026-06,,DATA_VERIFICATION_REQUIRED,,WITHHELD,,['INSUFFICIENT_HISTORY'],Review latest project update and verify missing or inconsistent reporting evidence,2026-06,NOT_ELIGIBLE,,officer-decision-v1,alert-policy-v1
PRH-701170,2026-06,,DATA_VERIFICATION_REQUIRED,,WITHHELD,,['INSUFFICIENT_HISTORY'],Review latest project update and verify missing or inconsistent reporting evidence,2026-06,NOT_ELIGIBLE,,officer-decision-v1,alert-policy-v1
PRH-701171,2026-06,,PREDICTION_WITHHELD,,WITHHELD,,['MODEL_RELEASE_PENDING'],Monitor until the governed prediction release requirements are satisfied,2026-06,NOT_ELIGIBLE,,officer-decision-v1,alert-policy-v1
PRH-701172,2026-06,,DATA_VERIFICATION_REQUIRED,,WITHHELD,,['INSUFFICIENT_HISTORY'],Review latest project update and verify missing or inconsistent reporting evidence,2026-06,NOT_ELIGIBLE,,officer-decision-v1,alert-policy-v1
PRH-701173,2026-06,,PREDICTION_WITHHELD,,WITHHELD,,['MODEL_RELEASE_PENDING'],Monitor until the governed prediction release requirements are satisfied,2026-06,NOT_ELIGIBLE,,officer-decision-v1,alert-policy-v1
PRH-701228,2026-06,,PREDICTION_WITHHELD,,WITHHELD,,['MODEL_RELEASE_PENDING'],Monitor until the governed prediction release requirements are satisfied,2026-06,NOT_ELIGIBLE,,officer-decision-v1,alert-policy-v1
PRH-701263,2026-06,,DATA_VERIFICATION_REQUIRED,,WITHHELD,,"['STALE_UPDATE', 'SOURCE_GAP', 'INSUFFICIENT_HISTORY', 'FEATURES_INSUFFICIENT', 'SCHEMA_VERIFICATION', 'SOURCE_PROVENANCE_VERIFICATION']",Review latest project update and verify missing or inconsistent reporting evidence,2026-05,NOT_ELIGIBLE,,officer-decision-v1,alert-policy-v1
PRH-701269,2026-06,,DATA_VERIFICATION_REQUIRED,,WITHHELD,,"['STALE_UPDATE', 'SOURCE_GAP', 'INSUFFICIENT_HISTORY', 'FEATURES_INSUFFICIENT', 'SCHEMA_VERIFICATION', 'SOURCE_PROVENANCE_VERIFICATION']",Review latest project update and verify missing or inconsistent reporting evidence,2025-07,NOT_ELIGIBLE,,officer-decision-v1,alert-policy-v1
PRH-701289,2026-06,,PREDICTION_WITHHELD,,WITHHELD,,['MODEL_RELEASE_PENDING'],Monitor until the governed prediction release requirements are satisfied,2026-06,NOT_ELIGIBLE,,officer-decision-v1,alert-policy-v1
PRH-701324,2026-06,,PREDICTION_WITHHELD,,WITHHELD,,['MODEL_RELEASE_PENDING'],Monitor until the governed prediction release requirements are satisfied,2026-06,NOT_ELIGIBLE,,officer-decision-v1,alert-policy-v1
PRH-701329,2026-06,,PREDICTION_WITHHELD,,WITHHELD,,['MODEL_RELEASE_PENDING'],Monitor until the governed prediction release requirements are satisfied,2026-06,NOT_ELIGIBLE,,officer-decision-v1,alert-policy-v1
PRH-701330,2026-06,,DATA_VERIFICATION_REQUIRED,,WITHHELD,,['INSUFFICIENT_HISTORY'],Review latest project update and verify missing or inconsistent reporting evidence,2026-06,NOT_ELIGIBLE,,officer-decision-v1,alert-policy-v1
PRH-701338,2026-06,,DATA_VERIFICATION_REQUIRED,,WITHHELD,,['INSUFFICIENT_HISTORY'],Review latest project update and verify missing or inconsistent reporting evidence,2026-06,NOT_ELIGIBLE,,officer-decision-v1,alert-policy-v1
PRH-701341,2026-06,,DATA_VERIFICATION_REQUIRED,,WITHHELD,,"['STALE_UPDATE', 'SOURCE_GAP', 'INSUFFICIENT_HISTORY', 'FEATURES_INSUFFICIENT', 'SCHEMA_VERIFICATION', 'SOURCE_PROVENANCE_VERIFICATION']",Review latest project update and verify missing or inconsistent reporting evidence,2025-07,NOT_ELIGIBLE,,officer-decision-v1,alert-policy-v1
PRH-701343,2026-06,,PREDICTION_WITHHELD,,WITHHELD,,['MODEL_RELEASE_PENDING'],Monitor until the governed prediction release requirements are satisfied,2026-06,NOT_ELIGIBLE,,officer-decision-v1,alert-policy-v1
PRH-701344,2026-06,,PREDICTION_WITHHELD,,WITHHELD,,['MODEL_RELEASE_PENDING'],Monitor until the governed prediction release requirements are satisfied,2026-06,NOT_ELIGIBLE,,officer-decision-v1,alert-policy-v1
PRH-701346,2026-06,,PREDICTION_WITHHELD,,WITHHELD,,['MODEL_RELEASE_PENDING'],Monitor until the governed prediction release requirements are satisfied,2026-06,NOT_ELIGIBLE,,officer-decision-v1,alert-policy-v1
PRH-701349,2026-06,,PREDICTION_WITHHELD,,WITHHELD,,['MODEL_RELEASE_PENDING'],Monitor until the governed prediction release requirements are satisfied,2026-06,NOT_ELIGIBLE,,officer-decision-v1,alert-policy-v1
PRH-701350,2026-06,,DATA_VERIFICATION_REQUIRED,,WITHHELD,,"['STALE_UPDATE', 'SOURCE_GAP', 'INSUFFICIENT_HISTORY', 'FEATURES_INSUFFICIENT', 'SCHEMA_VERIFICATION', 'SOURCE_PROVENANCE_VERIFICATION']",Review latest project update and verify missing or inconsistent reporting evidence,2026-02,NOT_ELIGIBLE,,officer-decision-v1,alert-policy-v1
PRH-701354,2026-06,,DATA_VERIFICATION_REQUIRED,,WITHHELD,,"['STALE_UPDATE', 'SOURCE_GAP', 'INSUFFICIENT_HISTORY', 'FEATURES_INSUFFICIENT', 'SCHEMA_VERIFICATION', 'SOURCE_PROVENANCE_VERIFICATION']",Review latest project update and verify missing or inconsistent reporting evidence,2026-04,NOT_ELIGIBLE,,officer-decision-v1,alert-policy-v1
PRH-701370,2026-06,,DATA_VERIFICATION_REQUIRED,,WITHHELD,,['INSUFFICIENT_HISTORY'],Review latest project update and verify missing or inconsistent reporting evidence,2026-06,NOT_ELIGIBLE,,officer-decision-v1,alert-policy-v1
PRH-701371,2026-06,,DATA_VERIFICATION_REQUIRED,,WITHHELD,,"['STALE_UPDATE', 'SOURCE_GAP', 'INSUFFICIENT_HISTORY', 'FEATURES_INSUFFICIENT', 'SCHEMA_VERIFICATION', 'SOURCE_PROVENANCE_VERIFICATION']",Review latest project update and verify missing or inconsistent reporting evidence,2025-08,NOT_ELIGIBLE,,officer-decision-v1,alert-policy-v1
PRH-701372,2026-06,,DATA_VERIFICATION_REQUIRED,,WITHHELD,,['INSUFFICIENT_HISTORY'],Review latest project update and verify missing or inconsistent reporting evidence,2026-06,NOT_ELIGIBLE,,officer-decision-v1,alert-policy-v1
PRH-701376,2026-06,,DATA_VERIFICATION_REQUIRED,,WITHHELD,,['INSUFFICIENT_HISTORY'],Review latest project update and verify missing or inconsistent reporting evidence,2026-06,NOT_ELIGIBLE,,officer-decision-v1,alert-policy-v1
PRH-701377,2026-06,,DATA_VERIFICATION_REQUIRED,,WITHHELD,,['INSUFFICIENT_HISTORY'],Review latest project update and verify missing or inconsistent reporting evidence,2026-06,NOT_ELIGIBLE,,officer-decision-v1,alert-policy-v1
PRH-701383,2026-06,,DATA_VERIFICATION_REQUIRED,,WITHHELD,,['INSUFFICIENT_HISTORY'],Review latest project update and verify missing or inconsistent reporting evidence,2026-06,NOT_ELIGIBLE,,officer-decision-v1,alert-policy-v1
PRH-701384,2026-06,,DATA_VERIFICATION_REQUIRED,,WITHHELD,,"['STALE_UPDATE', 'SOURCE_GAP', 'INSUFFICIENT_HISTORY', 'FEATURES_INSUFFICIENT', 'SCHEMA_VERIFICATION', 'SOURCE_PROVENANCE_VERIFICATION']",Review latest project update and verify missing or inconsistent reporting evidence,2025-07,NOT_ELIGIBLE,,officer-decision-v1,alert-policy-v1
PRH-701386,2026-06,,DATA_VERIFICATION_REQUIRED,,WITHHELD,,['INSUFFICIENT_HISTORY'],Review latest project update and verify missing or inconsistent reporting evidence,2026-06,NOT_ELIGIBLE,,officer-decision-v1,alert-policy-v1
PRH-701388,2026-06,,DATA_VERIFICATION_REQUIRED,,WITHHELD,,"['STALE_UPDATE', 'SOURCE_GAP', 'INSUFFICIENT_HISTORY', 'FEATURES_INSUFFICIENT', 'SCHEMA_VERIFICATION', 'SOURCE_PROVENANCE_VERIFICATION']",Review latest project update and verify missing or inconsistent reporting evidence,2025-07,NOT_ELIGIBLE,,officer-decision-v1,alert-policy-v1
PRH-701390,2026-06,,NO_REVIEW_SIGNAL,,WITHHELD,,['COMPLETED_PROJECT'],,2025-07,NOT_ELIGIBLE,,officer-decision-v1,alert-policy-v1
PRH-701391,2026-06,,NO_REVIEW_SIGNAL,,WITHHELD,,['COMPLETED_PROJECT'],,2026-06,NOT_ELIGIBLE,,officer-decision-v1,alert-policy-v1
PRH-701392,2026-06,,DATA_VERIFICATION_REQUIRED,,WITHHELD,,"['STALE_UPDATE', 'SOURCE_GAP', 'INSUFFICIENT_HISTORY', 'FEATURES_INSUFFICIENT', 'SCHEMA_VERIFICATION', 'SOURCE_PROVENANCE_VERIFICATION']",Review latest project update and verify missing or inconsistent reporting evidence,2025-07,NOT_ELIGIBLE,,officer-decision-v1,alert-policy-v1
PRH-701395,2026-06,,DATA_VERIFICATION_REQUIRED,,WITHHELD,,['INSUFFICIENT_HISTORY'],Review latest project update and verify missing or inconsistent reporting evidence,2026-06,NOT_ELIGIBLE,,officer-decision-v1,alert-policy-v1
PRH-701396,2026-06,,DATA_VERIFICATION_REQUIRED,,WITHHELD,,['INSUFFICIENT_HISTORY'],Review latest project update and verify missing or inconsistent reporting evidence,2026-06,NOT_ELIGIBLE,,officer-decision-v1,alert-policy-v1
PRH-701398,2026-06,,DATA_VERIFICATION_REQUIRED,,WITHHELD,,['INSUFFICIENT_HISTORY'],Review latest project update and verify missing or inconsistent reporting evidence,2026-06,NOT_ELIGIBLE,,officer-decision-v1,alert-policy-v1
PRH-701399,2026-06,,DATA_VERIFICATION_REQUIRED,,WITHHELD,,['INSUFFICIENT_HISTORY'],Review latest project update and verify missing or inconsistent reporting evidence,2026-06,NOT_ELIGIBLE,,officer-decision-v1,alert-policy-v1
PRH-701400,2026-06,,DATA_VERIFICATION_REQUIRED,,WITHHELD,,['INSUFFICIENT_HISTORY'],Review latest project update and verify missing or inconsistent reporting evidence,2026-06,NOT_ELIGIBLE,,officer-decision-v1,alert-policy-v1
PRH-701402,2026-06,,DATA_VERIFICATION_REQUIRED,,WITHHELD,,['INSUFFICIENT_HISTORY'],Review latest project update and verify missing or inconsistent reporting evidence,2026-06,NOT_ELIGIBLE,,officer-decision-v1,alert-policy-v1
PRH-701404,2026-06,,DATA_VERIFICATION_REQUIRED,,WITHHELD,,['INSUFFICIENT_HISTORY'],Review latest project update and verify missing or inconsistent reporting evidence,2026-06,NOT_ELIGIBLE,,officer-decision-v1,alert-policy-v1
PRH-701405,2026-06,,DATA_VERIFICATION_REQUIRED,,WITHHELD,,['INSUFFICIENT_HISTORY'],Review latest project update and verify missing or inconsistent reporting evidence,2026-06,NOT_ELIGIBLE,,officer-decision-v1,alert-policy-v1
PRH-701406,2026-06,,NO_REVIEW_SIGNAL,,WITHHELD,,['COMPLETED_PROJECT'],,2026-06,NOT_ELIGIBLE,,officer-decision-v1,alert-policy-v1
PRH-701408,2026-06,,DATA_VERIFICATION_REQUIRED,,WITHHELD,,['INSUFFICIENT_HISTORY'],Review latest project update and verify missing or inconsistent reporting evidence,2026-06,NOT_ELIGIBLE,,officer-decision-v1,alert-policy-v1
PRH-701410,2026-06,,DATA_VERIFICATION_REQUIRED,,WITHHELD,,['INSUFFICIENT_HISTORY'],Review latest project update and verify missing or inconsistent reporting evidence,2026-06,NOT_ELIGIBLE,,officer-decision-v1,alert-policy-v1
PRH-701411,2026-06,,DATA_VERIFICATION_REQUIRED,,WITHHELD,,['INSUFFICIENT_HISTORY'],Review latest project update and verify missing or inconsistent reporting evidence,2026-06,NOT_ELIGIBLE,,officer-decision-v1,alert-policy-v1
PRH-701412,2026-06,,DATA_VERIFICATION_REQUIRED,,WITHHELD,,['INSUFFICIENT_HISTORY'],Review latest project update and verify missing or inconsistent reporting evidence,2026-06,NOT_ELIGIBLE,,officer-decision-v1,alert-policy-v1
PRH-701415,2026-06,,PREDICTION_WITHHELD,,WITHHELD,,['MODEL_RELEASE_PENDING'],Monitor until the governed prediction release requirements are satisfied,2026-06,NOT_ELIGIBLE,,officer-decision-v1,alert-policy-v1
PRH-701530,2026-06,,DATA_VERIFICATION_REQUIRED,,WITHHELD,,['INSUFFICIENT_HISTORY'],Review latest project update and verify missing or inconsistent reporting evidence,2026-06,NOT_ELIGIBLE,,officer-decision-v1,alert-policy-v1
PRH-701564,2026-06,,DATA_VERIFICATION_REQUIRED,,WITHHELD,,"['STALE_UPDATE', 'SOURCE_GAP', 'INSUFFICIENT_HISTORY', 'FEATURES_INSUFFICIENT', 'SCHEMA_VERIFICATION', 'SOURCE_PROVENANCE_VERIFICATION']",Review latest project update and verify missing or inconsistent reporting evidence,2025-10,NOT_ELIGIBLE,,officer-decision-v1,alert-policy-v1
PRH-701565,2026-06,,PREDICTION_WITHHELD,,WITHHELD,,['MODEL_RELEASE_PENDING'],Monitor until the governed prediction release requirements are satisfied,2026-06,NOT_ELIGIBLE,,officer-decision-v1,alert-policy-v1
PRH-701568,2026-06,,DATA_VERIFICATION_REQUIRED,,WITHHELD,,"['STALE_UPDATE', 'SOURCE_GAP', 'INSUFFICIENT_HISTORY', 'FEATURES_INSUFFICIENT', 'SCHEMA_VERIFICATION', 'SOURCE_PROVENANCE_VERIFICATION']",Review latest project update and verify missing or inconsistent reporting evidence,2026-02,NOT_ELIGIBLE,,officer-decision-v1,alert-policy-v1
PRH-701570,2026-06,,DATA_VERIFICATION_REQUIRED,,WITHHELD,,['INSUFFICIENT_HISTORY'],Review latest project update and verify missing or inconsistent reporting evidence,2026-06,NOT_ELIGIBLE,,officer-decision-v1,alert-policy-v1
PRH-701574,2026-06,,DATA_VERIFICATION_REQUIRED,,WITHHELD,,['INSUFFICIENT_HISTORY'],Review latest project update and verify missing or inconsistent reporting evidence,2026-06,NOT_ELIGIBLE,,officer-decision-v1,alert-policy-v1
PRH-701576,2026-06,,NO_REVIEW_SIGNAL,,WITHHELD,,['COMPLETED_PROJECT'],,2026-02,NOT_ELIGIBLE,,officer-decision-v1,alert-policy-v1
PRH-701577,2026-06,,DATA_VERIFICATION_REQUIRED,,WITHHELD,,"['STALE_UPDATE', 'SOURCE_GAP', 'INSUFFICIENT_HISTORY', 'FEATURES_INSUFFICIENT', 'SCHEMA_VERIFICATION', 'SOURCE_PROVENANCE_VERIFICATION']",Review latest project update and verify missing or inconsistent reporting evidence,2026-03,NOT_ELIGIBLE,,officer-decision-v1,alert-policy-v1
PRH-701586,2026-06,,DATA_VERIFICATION_REQUIRED,,WITHHELD,,"['STALE_UPDATE', 'SOURCE_GAP', 'INSUFFICIENT_HISTORY', 'FEATURES_INSUFFICIENT', 'SCHEMA_VERIFICATION', 'SOURCE_PROVENANCE_VERIFICATION']",Review latest project update and verify missing or inconsistent reporting evidence,2026-03,NOT_ELIGIBLE,,officer-decision-v1,alert-policy-v1
PRH-701593,2026-06,,DATA_VERIFICATION_REQUIRED,,WITHHELD,,['INSUFFICIENT_HISTORY'],Review latest project update and verify missing or inconsistent reporting evidence,2026-06,NOT_ELIGIBLE,,officer-decision-v1,alert-policy-v1
PRH-701597,2026-06,,DATA_VERIFICATION_REQUIRED,,WITHHELD,,['INSUFFICIENT_HISTORY'],Review latest project update and verify missing or inconsistent reporting evidence,2026-06,NOT_ELIGIBLE,,officer-decision-v1,alert-policy-v1
PRH-701598,2026-06,,DATA_VERIFICATION_REQUIRED,,WITHHELD,,['INSUFFICIENT_HISTORY'],Review latest project update and verify missing or inconsistent reporting evidence,2026-06,NOT_ELIGIBLE,,officer-decision-v1,alert-policy-v1
PRH-701599,2026-06,,DATA_VERIFICATION_REQUIRED,,WITHHELD,,['INSUFFICIENT_HISTORY'],Review latest project update and verify missing or inconsistent reporting evidence,2026-06,NOT_ELIGIBLE,,officer-decision-v1,alert-policy-v1
PRH-701600,2026-06,,NO_REVIEW_SIGNAL,,WITHHELD,,['COMPLETED_PROJECT'],,2026-02,NOT_ELIGIBLE,,officer-decision-v1,alert-policy-v1
PRH-701602,2026-06,,DATA_VERIFICATION_REQUIRED,,WITHHELD,,['INSUFFICIENT_HISTORY'],Review latest project update and verify missing or inconsistent reporting evidence,2026-06,NOT_ELIGIBLE,,officer-decision-v1,alert-policy-v1
PRH-701657,2026-06,,DATA_VERIFICATION_REQUIRED,,WITHHELD,,['INSUFFICIENT_HISTORY'],Review latest project update and verify missing or inconsistent reporting evidence,2026-06,NOT_ELIGIBLE,,officer-decision-v1,alert-policy-v1
PRH-701658,2026-06,,DATA_VERIFICATION_REQUIRED,,WITHHELD,,['INSUFFICIENT_HISTORY'],Review latest project update and verify missing or inconsistent reporting evidence,2026-06,NOT_ELIGIBLE,,officer-decision-v1,alert-policy-v1
PRH-701668,2026-06,,DATA_VERIFICATION_REQUIRED,,WITHHELD,,['INSUFFICIENT_HISTORY'],Review latest project update and verify missing or inconsistent reporting evidence,2026-06,NOT_ELIGIBLE,,officer-decision-v1,alert-policy-v1
PRH-701719,2026-06,,DATA_VERIFICATION_REQUIRED,,WITHHELD,,['INSUFFICIENT_HISTORY'],Review latest project update and verify missing or inconsistent reporting evidence,2026-06,NOT_ELIGIBLE,,officer-decision-v1,alert-policy-v1
PRH-701745,2026-06,,DATA_VERIFICATION_REQUIRED,,WITHHELD,,['INSUFFICIENT_HISTORY'],Review latest project update and verify missing or inconsistent reporting evidence,2026-06,NOT_ELIGIBLE,,officer-decision-v1,alert-policy-v1
PRH-701766,2026-06,,DATA_VERIFICATION_REQUIRED,,WITHHELD,,['INSUFFICIENT_HISTORY'],Review latest project update and verify missing or inconsistent reporting evidence,2026-06,NOT_ELIGIBLE,,officer-decision-v1,alert-policy-v1
PRH-701991,2026-06,,DATA_VERIFICATION_REQUIRED,,WITHHELD,,['INSUFFICIENT_HISTORY'],Review latest project update and verify missing or inconsistent reporting evidence,2026-06,NOT_ELIGIBLE,,officer-decision-v1,alert-policy-v1
PRH-702355,2026-06,,DATA_VERIFICATION_REQUIRED,,WITHHELD,,"['STALE_UPDATE', 'SOURCE_GAP', 'INSUFFICIENT_HISTORY', 'FEATURES_INSUFFICIENT', 'SCHEMA_VERIFICATION', 'SOURCE_PROVENANCE_VERIFICATION']",Review latest project update and verify missing or inconsistent reporting evidence,2026-04,NOT_ELIGIBLE,,officer-decision-v1,alert-policy-v1
PRH-702522,2026-06,,DATA_VERIFICATION_REQUIRED,,WITHHELD,,"['STALE_UPDATE', 'SOURCE_GAP', 'INSUFFICIENT_HISTORY', 'FEATURES_INSUFFICIENT', 'SCHEMA_VERIFICATION', 'SOURCE_PROVENANCE_VERIFICATION']",Review latest project update and verify missing or inconsistent reporting evidence,2025-07,NOT_ELIGIBLE,,officer-decision-v1,alert-policy-v1
PRH-702524,2026-06,,DATA_VERIFICATION_REQUIRED,,WITHHELD,,"['STALE_UPDATE', 'SOURCE_GAP', 'INSUFFICIENT_HISTORY', 'FEATURES_INSUFFICIENT', 'SCHEMA_VERIFICATION', 'SOURCE_PROVENANCE_VERIFICATION']",Review latest project update and verify missing or inconsistent reporting evidence,2025-07,NOT_ELIGIBLE,,officer-decision-v1,alert-policy-v1
PRH-702540,2026-06,,DATA_VERIFICATION_REQUIRED,,WITHHELD,,"['STALE_UPDATE', 'SOURCE_GAP', 'INSUFFICIENT_HISTORY', 'FEATURES_INSUFFICIENT', 'SCHEMA_VERIFICATION', 'SOURCE_PROVENANCE_VERIFICATION']",Review latest project update and verify missing or inconsistent reporting evidence,2025-07,NOT_ELIGIBLE,,officer-decision-v1,alert-policy-v1
PRH-702544,2026-06,,DATA_VERIFICATION_REQUIRED,,WITHHELD,,"['STALE_UPDATE', 'SOURCE_GAP', 'INSUFFICIENT_HISTORY', 'FEATURES_INSUFFICIENT', 'SCHEMA_VERIFICATION', 'SOURCE_PROVENANCE_VERIFICATION']",Review latest project update and verify missing or inconsistent reporting evidence,2025-07,NOT_ELIGIBLE,,officer-decision-v1,alert-policy-v1
PRH-702555,2026-06,,DATA_VERIFICATION_REQUIRED,,WITHHELD,,"['STALE_UPDATE', 'SOURCE_GAP', 'INSUFFICIENT_HISTORY', 'FEATURES_INSUFFICIENT', 'SCHEMA_VERIFICATION', 'SOURCE_PROVENANCE_VERIFICATION']",Review latest project update and verify missing or inconsistent reporting evidence,2025-07,NOT_ELIGIBLE,,officer-decision-v1,alert-policy-v1
PRH-702612,2026-06,,DATA_VERIFICATION_REQUIRED,,WITHHELD,,"['STALE_UPDATE', 'SOURCE_GAP', 'INSUFFICIENT_HISTORY', 'FEATURES_INSUFFICIENT', 'SCHEMA_VERIFICATION', 'SOURCE_PROVENANCE_VERIFICATION']",Review latest project update and verify missing or inconsistent reporting evidence,2025-07,NOT_ELIGIBLE,,officer-decision-v1,alert-policy-v1
PRH-702625,2026-06,,PREDICTION_WITHHELD,,WITHHELD,,['MODEL_RELEASE_PENDING'],Monitor until the governed prediction release requirements are satisfied,2026-06,NOT_ELIGIBLE,,officer-decision-v1,alert-policy-v1
PRH-702626,2026-06,,PREDICTION_WITHHELD,,WITHHELD,,['MODEL_RELEASE_PENDING'],Monitor until the governed prediction release requirements are satisfied,2026-06,NOT_ELIGIBLE,,officer-decision-v1,alert-policy-v1
PRH-702627,2026-06,,PREDICTION_WITHHELD,,WITHHELD,,['MODEL_RELEASE_PENDING'],Monitor until the governed prediction release requirements are satisfied,2026-06,NOT_ELIGIBLE,,officer-decision-v1,alert-policy-v1
PRH-702628,2026-06,,PREDICTION_WITHHELD,,WITHHELD,,['MODEL_RELEASE_PENDING'],Monitor until the governed prediction release requirements are satisfied,2026-06,NOT_ELIGIBLE,,officer-decision-v1,alert-policy-v1
PRH-702629,2026-06,,PREDICTION_WITHHELD,,WITHHELD,,['MODEL_RELEASE_PENDING'],Monitor until the governed prediction release requirements are satisfied,2026-06,NOT_ELIGIBLE,,officer-decision-v1,alert-policy-v1
PRH-702630,2026-06,,PREDICTION_WITHHELD,,WITHHELD,,['MODEL_RELEASE_PENDING'],Monitor until the governed prediction release requirements are satisfied,2026-06,NOT_ELIGIBLE,,officer-decision-v1,alert-policy-v1
PRH-702631,2026-06,,NO_REVIEW_SIGNAL,,WITHHELD,,['COMPLETED_PROJECT'],,2026-02,NOT_ELIGIBLE,,officer-decision-v1,alert-policy-v1
PRH-702632,2026-06,,PREDICTION_WITHHELD,,WITHHELD,,['MODEL_RELEASE_PENDING'],Monitor until the governed prediction release requirements are satisfied,2026-06,NOT_ELIGIBLE,,officer-decision-v1,alert-policy-v1
PRH-702633,2026-06,,DATA_VERIFICATION_REQUIRED,,WITHHELD,,"['STALE_UPDATE', 'SOURCE_GAP', 'INSUFFICIENT_HISTORY', 'FEATURES_INSUFFICIENT', 'SCHEMA_VERIFICATION', 'SOURCE_PROVENANCE_VERIFICATION']",Review latest project update and verify missing or inconsistent reporting evidence,2026-02,NOT_ELIGIBLE,,officer-decision-v1,alert-policy-v1
PRH-702635,2026-06,,PREDICTION_WITHHELD,,WITHHELD,,['MODEL_RELEASE_PENDING'],Monitor until the governed prediction release requirements are satisfied,2026-06,NOT_ELIGIBLE,,officer-decision-v1,alert-policy-v1
PRH-702637,2026-06,,PREDICTION_WITHHELD,,WITHHELD,,['MODEL_RELEASE_PENDING'],Monitor until the governed prediction release requirements are satisfied,2026-06,NOT_ELIGIBLE,,officer-decision-v1,alert-policy-v1
PRH-702639,2026-06,,DATA_VERIFICATION_REQUIRED,,WITHHELD,,"['STALE_UPDATE', 'SOURCE_GAP', 'INSUFFICIENT_HISTORY', 'FEATURES_INSUFFICIENT', 'SCHEMA_VERIFICATION', 'SOURCE_PROVENANCE_VERIFICATION']",Review latest project update and verify missing or inconsistent reporting evidence,2026-04,NOT_ELIGIBLE,,officer-decision-v1,alert-policy-v1
PRH-702658,2026-06,,PREDICTION_WITHHELD,,WITHHELD,,['MODEL_RELEASE_PENDING'],Monitor until the governed prediction release requirements are satisfied,2026-06,NOT_ELIGIBLE,,officer-decision-v1,alert-policy-v1
PRH-702664,2026-06,,PREDICTION_WITHHELD,,WITHHELD,,['MODEL_RELEASE_PENDING'],Monitor until the governed prediction release requirements are satisfied,2026-06,NOT_ELIGIBLE,,officer-decision-v1,alert-policy-v1
PRH-702665,2026-06,,PREDICTION_WITHHELD,,WITHHELD,,['MODEL_RELEASE_PENDING'],Monitor until the governed prediction release requirements are satisfied,2026-06,NOT_ELIGIBLE,,officer-decision-v1,alert-policy-v1
PRH-702668,2026-06,,DATA_VERIFICATION_REQUIRED,,WITHHELD,,['INSUFFICIENT_HISTORY'],Review latest project update and verify missing or inconsistent reporting evidence,2026-06,NOT_ELIGIBLE,,officer-decision-v1,alert-policy-v1
PRH-702674,2026-06,,DATA_VERIFICATION_REQUIRED,,WITHHELD,,['INSUFFICIENT_HISTORY'],Review latest project update and verify missing or inconsistent reporting evidence,2026-06,NOT_ELIGIBLE,,officer-decision-v1,alert-policy-v1
PRH-702682,2026-06,,NO_REVIEW_SIGNAL,,WITHHELD,,['COMPLETED_PROJECT'],,2025-10,NOT_ELIGIBLE,,officer-decision-v1,alert-policy-v1
PRH-702699,2026-06,,DATA_VERIFICATION_REQUIRED,,WITHHELD,,['INSUFFICIENT_HISTORY'],Review latest project update and verify missing or inconsistent reporting evidence,2026-06,NOT_ELIGIBLE,,officer-decision-v1,alert-policy-v1
PRH-702734,2026-06,,DATA_VERIFICATION_REQUIRED,,WITHHELD,,['INSUFFICIENT_HISTORY'],Review latest project update and verify missing or inconsistent reporting evidence,2026-06,NOT_ELIGIBLE,,officer-decision-v1,alert-policy-v1
PRH-702735,2026-06,,NO_REVIEW_SIGNAL,,WITHHELD,,['COMPLETED_PROJECT'],,2026-03,NOT_ELIGIBLE,,officer-decision-v1,alert-policy-v1
PRH-702741,2026-06,,DATA_VERIFICATION_REQUIRED,,WITHHELD,,['INSUFFICIENT_HISTORY'],Review latest project update and verify missing or inconsistent reporting evidence,2026-06,NOT_ELIGIBLE,,officer-decision-v1,alert-policy-v1
PRH-702742,2026-06,,DATA_VERIFICATION_REQUIRED,,WITHHELD,,['INSUFFICIENT_HISTORY'],Review latest project update and verify missing or inconsistent reporting evidence,2026-06,NOT_ELIGIBLE,,officer-decision-v1,alert-policy-v1
PRH-702746,2026-06,,DATA_VERIFICATION_REQUIRED,,WITHHELD,,['INSUFFICIENT_HISTORY'],Review latest project update and verify missing or inconsistent reporting evidence,2026-06,NOT_ELIGIBLE,,officer-decision-v1,alert-policy-v1
PRH-702760,2026-06,,DATA_VERIFICATION_REQUIRED,,WITHHELD,,['INSUFFICIENT_HISTORY'],Review latest project update and verify missing or inconsistent reporting evidence,2026-06,NOT_ELIGIBLE,,officer-decision-v1,alert-policy-v1
PRH-702764,2026-06,,DATA_VERIFICATION_REQUIRED,,WITHHELD,,"['STALE_UPDATE', 'SOURCE_GAP', 'INSUFFICIENT_HISTORY', 'FEATURES_INSUFFICIENT', 'SCHEMA_VERIFICATION', 'SOURCE_PROVENANCE_VERIFICATION']",Review latest project update and verify missing or inconsistent reporting evidence,2026-03,NOT_ELIGIBLE,,officer-decision-v1,alert-policy-v1
PRH-702793,2026-06,,DATA_VERIFICATION_REQUIRED,,WITHHELD,,['INSUFFICIENT_HISTORY'],Review latest project update and verify missing or inconsistent reporting evidence,2026-06,NOT_ELIGIBLE,,officer-decision-v1,alert-policy-v1
PRH-702798,2026-06,,NO_REVIEW_SIGNAL,,WITHHELD,,['COMPLETED_PROJECT'],,2026-03,NOT_ELIGIBLE,,officer-decision-v1,alert-policy-v1
PRH-702808,2026-06,,DATA_VERIFICATION_REQUIRED,,WITHHELD,,['INSUFFICIENT_HISTORY'],Review latest project update and verify missing or inconsistent reporting evidence,2026-06,NOT_ELIGIBLE,,officer-decision-v1,alert-policy-v1
PRH-702810,2026-06,,DATA_VERIFICATION_REQUIRED,,WITHHELD,,['INSUFFICIENT_HISTORY'],Review latest project update and verify missing or inconsistent reporting evidence,2026-06,NOT_ELIGIBLE,,officer-decision-v1,alert-policy-v1
PRH-702833,2026-06,,DATA_VERIFICATION_REQUIRED,,WITHHELD,,['INSUFFICIENT_HISTORY'],Review latest project update and verify missing or inconsistent reporting evidence,2026-06,NOT_ELIGIBLE,,officer-decision-v1,alert-policy-v1
PRH-702840,2026-06,,DATA_VERIFICATION_REQUIRED,,WITHHELD,,"['STALE_UPDATE', 'SOURCE_GAP', 'INSUFFICIENT_HISTORY', 'FEATURES_INSUFFICIENT', 'SCHEMA_VERIFICATION', 'SOURCE_PROVENANCE_VERIFICATION']",Review latest project update and verify missing or inconsistent reporting evidence,2026-04,NOT_ELIGIBLE,,officer-decision-v1,alert-policy-v1
PRH-702842,2026-06,,DATA_VERIFICATION_REQUIRED,,WITHHELD,,"['STALE_UPDATE', 'SOURCE_GAP', 'INSUFFICIENT_HISTORY', 'FEATURES_INSUFFICIENT', 'SCHEMA_VERIFICATION', 'SOURCE_PROVENANCE_VERIFICATION']",Review latest project update and verify missing or inconsistent reporting evidence,2025-11,NOT_ELIGIBLE,,officer-decision-v1,alert-policy-v1
PRH-702851,2026-06,,DATA_VERIFICATION_REQUIRED,,WITHHELD,,['INSUFFICIENT_HISTORY'],Review latest project update and verify missing or inconsistent reporting evidence,2026-06,NOT_ELIGIBLE,,officer-decision-v1,alert-policy-v1
PRH-702854,2026-06,,DATA_VERIFICATION_REQUIRED,,WITHHELD,,"['STALE_UPDATE', 'SOURCE_GAP', 'INSUFFICIENT_HISTORY', 'FEATURES_INSUFFICIENT', 'SCHEMA_VERIFICATION', 'SOURCE_PROVENANCE_VERIFICATION']",Review latest project update and verify missing or inconsistent reporting evidence,2026-04,NOT_ELIGIBLE,,officer-decision-v1,alert-policy-v1
PRH-702948,2026-06,,NO_REVIEW_SIGNAL,,WITHHELD,,['COMPLETED_PROJECT'],,2026-01,NOT_ELIGIBLE,,officer-decision-v1,alert-policy-v1
PRH-702949,2026-06,,DATA_VERIFICATION_REQUIRED,,WITHHELD,,['INSUFFICIENT_HISTORY'],Review latest project update and verify missing or inconsistent reporting evidence,2026-06,NOT_ELIGIBLE,,officer-decision-v1,alert-policy-v1
PRH-702958,2026-06,,DATA_VERIFICATION_REQUIRED,,WITHHELD,,['INSUFFICIENT_HISTORY'],Review latest project update and verify missing or inconsistent reporting evidence,2026-06,NOT_ELIGIBLE,,officer-decision-v1,alert-policy-v1
PRH-703021,2026-06,,DATA_VERIFICATION_REQUIRED,,WITHHELD,,['INSUFFICIENT_HISTORY'],Review latest project update and verify missing or inconsistent reporting evidence,2026-06,NOT_ELIGIBLE,,officer-decision-v1,alert-policy-v1
PRH-703057,2026-06,,DATA_VERIFICATION_REQUIRED,,WITHHELD,,['INSUFFICIENT_HISTORY'],Review latest project update and verify missing or inconsistent reporting evidence,2026-06,NOT_ELIGIBLE,,officer-decision-v1,alert-policy-v1
PRH-703585,2026-06,,PREDICTION_WITHHELD,,WITHHELD,,['MODEL_RELEASE_PENDING'],Monitor until the governed prediction release requirements are satisfied,2026-06,NOT_ELIGIBLE,,officer-decision-v1,alert-policy-v1
PRH-703586,2026-06,,PREDICTION_WITHHELD,,WITHHELD,,['MODEL_RELEASE_PENDING'],Monitor until the governed prediction release requirements are satisfied,2026-06,NOT_ELIGIBLE,,officer-decision-v1,alert-policy-v1
PRH-704495,2026-06,,DATA_VERIFICATION_REQUIRED,,WITHHELD,,['INSUFFICIENT_HISTORY'],Review latest project update and verify missing or inconsistent reporting evidence,2026-06,NOT_ELIGIBLE,,officer-decision-v1,alert-policy-v1
PRH-705237,2026-06,,PREDICTION_WITHHELD,,WITHHELD,,['MODEL_RELEASE_PENDING'],Monitor until the governed prediction release requirements are satisfied,2026-06,NOT_ELIGIBLE,,officer-decision-v1,alert-policy-v1
PRH-705244,2026-06,,DATA_VERIFICATION_REQUIRED,,WITHHELD,,['INSUFFICIENT_HISTORY'],Review latest project update and verify missing or inconsistent reporting evidence,2026-06,NOT_ELIGIBLE,,officer-decision-v1,alert-policy-v1
PRH-705252,2026-06,,DATA_VERIFICATION_REQUIRED,,WITHHELD,,['INSUFFICIENT_HISTORY'],Review latest project update and verify missing or inconsistent reporting evidence,2026-06,NOT_ELIGIBLE,,officer-decision-v1,alert-policy-v1
PRH-705253,2026-06,,DATA_VERIFICATION_REQUIRED,,WITHHELD,,['INSUFFICIENT_HISTORY'],Review latest project update and verify missing or inconsistent reporting evidence,2026-06,NOT_ELIGIBLE,,officer-decision-v1,alert-policy-v1
PRH-705298,2026-06,,DATA_VERIFICATION_REQUIRED,,WITHHELD,,['INSUFFICIENT_HISTORY'],Review latest project update and verify missing or inconsistent reporting evidence,2026-06,NOT_ELIGIBLE,,officer-decision-v1,alert-policy-v1
PRH-705300,2026-06,,DATA_VERIFICATION_REQUIRED,,WITHHELD,,"['STALE_UPDATE', 'SOURCE_GAP', 'INSUFFICIENT_HISTORY', 'FEATURES_INSUFFICIENT', 'SCHEMA_VERIFICATION', 'SOURCE_PROVENANCE_VERIFICATION']",Review latest project update and verify missing or inconsistent reporting evidence,2025-11,NOT_ELIGIBLE,,officer-decision-v1,alert-policy-v1
PRH-705356,2026-06,,PREDICTION_WITHHELD,,WITHHELD,,['MODEL_RELEASE_PENDING'],Monitor until the governed prediction release requirements are satisfied,2026-06,NOT_ELIGIBLE,,officer-decision-v1,alert-policy-v1
PRH-705357,2026-06,,PREDICTION_WITHHELD,,WITHHELD,,['MODEL_RELEASE_PENDING'],Monitor until the governed prediction release requirements are satisfied,2026-06,NOT_ELIGIBLE,,officer-decision-v1,alert-policy-v1
PRH-705358,2026-06,,PREDICTION_WITHHELD,,WITHHELD,,['MODEL_RELEASE_PENDING'],Monitor until the governed prediction release requirements are satisfied,2026-06,NOT_ELIGIBLE,,officer-decision-v1,alert-policy-v1
PRH-705359,2026-06,,PREDICTION_WITHHELD,,WITHHELD,,['MODEL_RELEASE_PENDING'],Monitor until the governed prediction release requirements are satisfied,2026-06,NOT_ELIGIBLE,,officer-decision-v1,alert-policy-v1
PRH-705362,2026-06,,PREDICTION_WITHHELD,,WITHHELD,,['MODEL_RELEASE_PENDING'],Monitor until the governed prediction release requirements are satisfied,2026-06,NOT_ELIGIBLE,,officer-decision-v1,alert-policy-v1
PRH-705363,2026-06,,DATA_VERIFICATION_REQUIRED,,WITHHELD,,"['STALE_UPDATE', 'SOURCE_GAP', 'INSUFFICIENT_HISTORY', 'FEATURES_INSUFFICIENT', 'SCHEMA_VERIFICATION', 'SOURCE_PROVENANCE_VERIFICATION']",Review latest project update and verify missing or inconsistent reporting evidence,2025-07,NOT_ELIGIBLE,,officer-decision-v1,alert-policy-v1
PRH-705364,2026-06,,PREDICTION_WITHHELD,,WITHHELD,,['MODEL_RELEASE_PENDING'],Monitor until the governed prediction release requirements are satisfied,2026-06,NOT_ELIGIBLE,,officer-decision-v1,alert-policy-v1
PRH-705366,2026-06,,PREDICTION_WITHHELD,,WITHHELD,,['MODEL_RELEASE_PENDING'],Monitor until the governed prediction release requirements are satisfied,2026-06,NOT_ELIGIBLE,,officer-decision-v1,alert-policy-v1
PRH-705368,2026-06,,PREDICTION_WITHHELD,,WITHHELD,,['MODEL_RELEASE_PENDING'],Monitor until the governed prediction release requirements are satisfied,2026-06,NOT_ELIGIBLE,,officer-decision-v1,alert-policy-v1
PRH-705373,2026-06,,PREDICTION_WITHHELD,,WITHHELD,,['MODEL_RELEASE_PENDING'],Monitor until the governed prediction release requirements are satisfied,2026-06,NOT_ELIGIBLE,,officer-decision-v1,alert-policy-v1
PRH-705375,2026-06,,PREDICTION_WITHHELD,,WITHHELD,,['MODEL_RELEASE_PENDING'],Monitor until the governed prediction release requirements are satisfied,2026-06,NOT_ELIGIBLE,,officer-decision-v1,alert-policy-v1
PRH-705385,2026-06,,PREDICTION_WITHHELD,,WITHHELD,,['MODEL_RELEASE_PENDING'],Monitor until the governed prediction release requirements are satisfied,2026-06,NOT_ELIGIBLE,,officer-decision-v1,alert-policy-v1
PRH-705391,2026-06,,DATA_VERIFICATION_REQUIRED,,WITHHELD,,"['SOURCE_GAP', 'INSUFFICIENT_HISTORY']",Review latest project update and verify missing or inconsistent reporting evidence,2026-06,NOT_ELIGIBLE,,officer-decision-v1,alert-policy-v1
PRH-705392,2026-06,,PREDICTION_WITHHELD,,WITHHELD,,['MODEL_RELEASE_PENDING'],Monitor until the governed prediction release requirements are satisfied,2026-06,NOT_ELIGIBLE,,officer-decision-v1,alert-policy-v1
PRH-705394,2026-06,,DATA_VERIFICATION_REQUIRED,,WITHHELD,,['INSUFFICIENT_HISTORY'],Review latest project update and verify missing or inconsistent reporting evidence,2026-06,NOT_ELIGIBLE,,officer-decision-v1,alert-policy-v1
PRH-705396,2026-06,,DATA_VERIFICATION_REQUIRED,,WITHHELD,,['INSUFFICIENT_HISTORY'],Review latest project update and verify missing or inconsistent reporting evidence,2026-06,NOT_ELIGIBLE,,officer-decision-v1,alert-policy-v1
PRH-705400,2026-06,,DATA_VERIFICATION_REQUIRED,,WITHHELD,,"['STALE_UPDATE', 'SOURCE_GAP', 'INSUFFICIENT_HISTORY', 'FEATURES_INSUFFICIENT', 'SCHEMA_VERIFICATION', 'SOURCE_PROVENANCE_VERIFICATION']",Review latest project update and verify missing or inconsistent reporting evidence,2025-07,NOT_ELIGIBLE,,officer-decision-v1,alert-policy-v1
PRH-705401,2026-06,,PREDICTION_WITHHELD,,WITHHELD,,['MODEL_RELEASE_PENDING'],Monitor until the governed prediction release requirements are satisfied,2026-06,NOT_ELIGIBLE,,officer-decision-v1,alert-policy-v1
PRH-705410,2026-06,,DATA_VERIFICATION_REQUIRED,,WITHHELD,,"['SOURCE_GAP', 'INSUFFICIENT_HISTORY']",Review latest project update and verify missing or inconsistent reporting evidence,2026-06,NOT_ELIGIBLE,,officer-decision-v1,alert-policy-v1
PRH-705419,2026-06,,PREDICTION_WITHHELD,,WITHHELD,,['MODEL_RELEASE_PENDING'],Monitor until the governed prediction release requirements are satisfied,2026-06,NOT_ELIGIBLE,,officer-decision-v1,alert-policy-v1
PRH-705424,2026-06,,PREDICTION_WITHHELD,,WITHHELD,,['MODEL_RELEASE_PENDING'],Monitor until the governed prediction release requirements are satisfied,2026-06,NOT_ELIGIBLE,,officer-decision-v1,alert-policy-v1
PRH-705428,2026-06,,PREDICTION_WITHHELD,,WITHHELD,,['MODEL_RELEASE_PENDING'],Monitor until the governed prediction release requirements are satisfied,2026-06,NOT_ELIGIBLE,,officer-decision-v1,alert-policy-v1
PRH-705429,2026-06,,PREDICTION_WITHHELD,,WITHHELD,,['MODEL_RELEASE_PENDING'],Monitor until the governed prediction release requirements are satisfied,2026-06,NOT_ELIGIBLE,,officer-decision-v1,alert-policy-v1
PRH-705432,2026-06,,PREDICTION_WITHHELD,,WITHHELD,,['MODEL_RELEASE_PENDING'],Monitor until the governed prediction release requirements are satisfied,2026-06,NOT_ELIGIBLE,,officer-decision-v1,alert-policy-v1
PRH-705433,2026-06,,DATA_VERIFICATION_REQUIRED,,WITHHELD,,['INSUFFICIENT_HISTORY'],Review latest project update and verify missing or inconsistent reporting evidence,2026-06,NOT_ELIGIBLE,,officer-decision-v1,alert-policy-v1
PRH-705434,2026-06,,DATA_VERIFICATION_REQUIRED,,WITHHELD,,['INSUFFICIENT_HISTORY'],Review latest project update and verify missing or inconsistent reporting evidence,2026-06,NOT_ELIGIBLE,,officer-decision-v1,alert-policy-v1
PRH-705436,2026-06,,PREDICTION_WITHHELD,,WITHHELD,,['MODEL_RELEASE_PENDING'],Monitor until the governed prediction release requirements are satisfied,2026-06,NOT_ELIGIBLE,,officer-decision-v1,alert-policy-v1
PRH-705437,2026-06,,PREDICTION_WITHHELD,,WITHHELD,,['MODEL_RELEASE_PENDING'],Monitor until the governed prediction release requirements are satisfied,2026-06,NOT_ELIGIBLE,,officer-decision-v1,alert-policy-v1
PRH-705444,2026-06,,DATA_VERIFICATION_REQUIRED,,WITHHELD,,['INSUFFICIENT_HISTORY'],Review latest project update and verify missing or inconsistent reporting evidence,2026-06,NOT_ELIGIBLE,,officer-decision-v1,alert-policy-v1
PRH-705450,2026-06,,PREDICTION_WITHHELD,,WITHHELD,,['MODEL_RELEASE_PENDING'],Monitor until the governed prediction release requirements are satisfied,2026-06,NOT_ELIGIBLE,,officer-decision-v1,alert-policy-v1
PRH-705453,2026-06,,PREDICTION_WITHHELD,,WITHHELD,,['MODEL_RELEASE_PENDING'],Monitor until the governed prediction release requirements are satisfied,2026-06,NOT_ELIGIBLE,,officer-decision-v1,alert-policy-v1
PRH-705454,2026-06,,PREDICTION_WITHHELD,,WITHHELD,,['MODEL_RELEASE_PENDING'],Monitor until the governed prediction release requirements are satisfied,2026-06,NOT_ELIGIBLE,,officer-decision-v1,alert-policy-v1
PRH-705457,2026-06,,PREDICTION_WITHHELD,,WITHHELD,,['MODEL_RELEASE_PENDING'],Monitor until the governed prediction release requirements are satisfied,2026-06,NOT_ELIGIBLE,,officer-decision-v1,alert-policy-v1
PRH-705458,2026-06,,PREDICTION_WITHHELD,,WITHHELD,,['MODEL_RELEASE_PENDING'],Monitor until the governed prediction release requirements are satisfied,2026-06,NOT_ELIGIBLE,,officer-decision-v1,alert-policy-v1
PRH-705464,2026-06,,DATA_VERIFICATION_REQUIRED,,WITHHELD,,['INSUFFICIENT_HISTORY'],Review latest project update and verify missing or inconsistent reporting evidence,2026-06,NOT_ELIGIBLE,,officer-decision-v1,alert-policy-v1
PRH-705479,2026-06,,PREDICTION_WITHHELD,,WITHHELD,,['MODEL_RELEASE_PENDING'],Monitor until the governed prediction release requirements are satisfied,2026-06,NOT_ELIGIBLE,,officer-decision-v1,alert-policy-v1
PRH-705480,2026-06,,PREDICTION_WITHHELD,,WITHHELD,,['MODEL_RELEASE_PENDING'],Monitor until the governed prediction release requirements are satisfied,2026-06,NOT_ELIGIBLE,,officer-decision-v1,alert-policy-v1
PRH-705481,2026-06,,DATA_VERIFICATION_REQUIRED,,WITHHELD,,"['STALE_UPDATE', 'SOURCE_GAP', 'INSUFFICIENT_HISTORY', 'FEATURES_INSUFFICIENT', 'SCHEMA_VERIFICATION', 'SOURCE_PROVENANCE_VERIFICATION']",Review latest project update and verify missing or inconsistent reporting evidence,2026-05,NOT_ELIGIBLE,,officer-decision-v1,alert-policy-v1
PRH-705482,2026-06,,PREDICTION_WITHHELD,,WITHHELD,,['MODEL_RELEASE_PENDING'],Monitor until the governed prediction release requirements are satisfied,2026-06,NOT_ELIGIBLE,,officer-decision-v1,alert-policy-v1
PRH-705489,2026-06,,DATA_VERIFICATION_REQUIRED,,WITHHELD,,"['STALE_UPDATE', 'SOURCE_GAP', 'INSUFFICIENT_HISTORY', 'FEATURES_INSUFFICIENT', 'SCHEMA_VERIFICATION', 'SOURCE_PROVENANCE_VERIFICATION']",Review latest project update and verify missing or inconsistent reporting evidence,2026-05,NOT_ELIGIBLE,,officer-decision-v1,alert-policy-v1
PRH-705490,2026-06,,PREDICTION_WITHHELD,,WITHHELD,,['MODEL_RELEASE_PENDING'],Monitor until the governed prediction release requirements are satisfied,2026-06,NOT_ELIGIBLE,,officer-decision-v1,alert-policy-v1
PRH-705491,2026-06,,PREDICTION_WITHHELD,,WITHHELD,,['MODEL_RELEASE_PENDING'],Monitor until the governed prediction release requirements are satisfied,2026-06,NOT_ELIGIBLE,,officer-decision-v1,alert-policy-v1
PRH-705492,2026-06,,PREDICTION_WITHHELD,,WITHHELD,,['MODEL_RELEASE_PENDING'],Monitor until the governed prediction release requirements are satisfied,2026-06,NOT_ELIGIBLE,,officer-decision-v1,alert-policy-v1
PRH-705493,2026-06,,DATA_VERIFICATION_REQUIRED,,WITHHELD,,['INSUFFICIENT_HISTORY'],Review latest project update and verify missing or inconsistent reporting evidence,2026-06,NOT_ELIGIBLE,,officer-decision-v1,alert-policy-v1
PRH-705494,2026-06,,PREDICTION_WITHHELD,,WITHHELD,,['MODEL_RELEASE_PENDING'],Monitor until the governed prediction release requirements are satisfied,2026-06,NOT_ELIGIBLE,,officer-decision-v1,alert-policy-v1
PRH-705495,2026-06,,PREDICTION_WITHHELD,,WITHHELD,,['MODEL_RELEASE_PENDING'],Monitor until the governed prediction release requirements are satisfied,2026-06,NOT_ELIGIBLE,,officer-decision-v1,alert-policy-v1
PRH-705496,2026-06,,PREDICTION_WITHHELD,,WITHHELD,,['MODEL_RELEASE_PENDING'],Monitor until the governed prediction release requirements are satisfied,2026-06,NOT_ELIGIBLE,,officer-decision-v1,alert-policy-v1
PRH-705497,2026-06,,DATA_VERIFICATION_REQUIRED,,WITHHELD,,['INSUFFICIENT_HISTORY'],Review latest project update and verify missing or inconsistent reporting evidence,2026-06,NOT_ELIGIBLE,,officer-decision-v1,alert-policy-v1
PRH-705498,2026-06,,PREDICTION_WITHHELD,,WITHHELD,,['MODEL_RELEASE_PENDING'],Monitor until the governed prediction release requirements are satisfied,2026-06,NOT_ELIGIBLE,,officer-decision-v1,alert-policy-v1
PRH-705500,2026-06,,PREDICTION_WITHHELD,,WITHHELD,,['MODEL_RELEASE_PENDING'],Monitor until the governed prediction release requirements are satisfied,2026-06,NOT_ELIGIBLE,,officer-decision-v1,alert-policy-v1
PRH-705502,2026-06,,PREDICTION_WITHHELD,,WITHHELD,,['MODEL_RELEASE_PENDING'],Monitor until the governed prediction release requirements are satisfied,2026-06,NOT_ELIGIBLE,,officer-decision-v1,alert-policy-v1
PRH-705503,2026-06,,NO_REVIEW_SIGNAL,,WITHHELD,,['COMPLETED_PROJECT'],,2026-03,NOT_ELIGIBLE,,officer-decision-v1,alert-policy-v1
PRH-705504,2026-06,,PREDICTION_WITHHELD,,WITHHELD,,['MODEL_RELEASE_PENDING'],Monitor until the governed prediction release requirements are satisfied,2026-06,NOT_ELIGIBLE,,officer-decision-v1,alert-policy-v1
PRH-705505,2026-06,,PREDICTION_WITHHELD,,WITHHELD,,['MODEL_RELEASE_PENDING'],Monitor until the governed prediction release requirements are satisfied,2026-06,NOT_ELIGIBLE,,officer-decision-v1,alert-policy-v1
PRH-705506,2026-06,,NO_REVIEW_SIGNAL,,WITHHELD,,['COMPLETED_PROJECT'],,2026-06,NOT_ELIGIBLE,,officer-decision-v1,alert-policy-v1
PRH-705507,2026-06,,PREDICTION_WITHHELD,,WITHHELD,,['MODEL_RELEASE_PENDING'],Monitor until the governed prediction release requirements are satisfied,2026-06,NOT_ELIGIBLE,,officer-decision-v1,alert-policy-v1
PRH-705510,2026-06,,PREDICTION_WITHHELD,,WITHHELD,,['MODEL_RELEASE_PENDING'],Monitor until the governed prediction release requirements are satisfied,2026-06,NOT_ELIGIBLE,,officer-decision-v1,alert-policy-v1
PRH-705511,2026-06,,PREDICTION_WITHHELD,,WITHHELD,,['MODEL_RELEASE_PENDING'],Monitor until the governed prediction release requirements are satisfied,2026-06,NOT_ELIGIBLE,,officer-decision-v1,alert-policy-v1
PRH-705512,2026-06,,PREDICTION_WITHHELD,,WITHHELD,,['MODEL_RELEASE_PENDING'],Monitor until the governed prediction release requirements are satisfied,2026-06,NOT_ELIGIBLE,,officer-decision-v1,alert-policy-v1
PRH-705513,2026-06,,PREDICTION_WITHHELD,,WITHHELD,,['MODEL_RELEASE_PENDING'],Monitor until the governed prediction release requirements are satisfied,2026-06,NOT_ELIGIBLE,,officer-decision-v1,alert-policy-v1
PRH-705514,2026-06,,PREDICTION_WITHHELD,,WITHHELD,,['MODEL_RELEASE_PENDING'],Monitor until the governed prediction release requirements are satisfied,2026-06,NOT_ELIGIBLE,,officer-decision-v1,alert-policy-v1
PRH-705515,2026-06,,PREDICTION_WITHHELD,,WITHHELD,,['MODEL_RELEASE_PENDING'],Monitor until the governed prediction release requirements are satisfied,2026-06,NOT_ELIGIBLE,,officer-decision-v1,alert-policy-v1
PRH-705520,2026-06,,DATA_VERIFICATION_REQUIRED,,WITHHELD,,"['STALE_UPDATE', 'SOURCE_GAP', 'INSUFFICIENT_HISTORY', 'FEATURES_INSUFFICIENT', 'SCHEMA_VERIFICATION', 'SOURCE_PROVENANCE_VERIFICATION']",Review latest project update and verify missing or inconsistent reporting evidence,2025-11,NOT_ELIGIBLE,,officer-decision-v1,alert-policy-v1
PRH-705526,2026-06,,NO_REVIEW_SIGNAL,,WITHHELD,,['COMPLETED_PROJECT'],,2026-06,NOT_ELIGIBLE,,officer-decision-v1,alert-policy-v1
PRH-705527,2026-06,,PREDICTION_WITHHELD,,WITHHELD,,['MODEL_RELEASE_PENDING'],Monitor until the governed prediction release requirements are satisfied,2026-06,NOT_ELIGIBLE,,officer-decision-v1,alert-policy-v1
PRH-705528,2026-06,,PREDICTION_WITHHELD,,WITHHELD,,['MODEL_RELEASE_PENDING'],Monitor until the governed prediction release requirements are satisfied,2026-06,NOT_ELIGIBLE,,officer-decision-v1,alert-policy-v1
PRH-705562,2026-06,,PREDICTION_WITHHELD,,WITHHELD,,['MODEL_RELEASE_PENDING'],Monitor until the governed prediction release requirements are satisfied,2026-06,NOT_ELIGIBLE,,officer-decision-v1,alert-policy-v1
PRH-705566,2026-06,,DATA_VERIFICATION_REQUIRED,,WITHHELD,,"['STALE_UPDATE', 'SOURCE_GAP', 'INSUFFICIENT_HISTORY', 'FEATURES_INSUFFICIENT', 'SCHEMA_VERIFICATION', 'SOURCE_PROVENANCE_VERIFICATION']",Review latest project update and verify missing or inconsistent reporting evidence,2025-09,NOT_ELIGIBLE,,officer-decision-v1,alert-policy-v1
PRH-705567,2026-06,,PREDICTION_WITHHELD,,WITHHELD,,['MODEL_RELEASE_PENDING'],Monitor until the governed prediction release requirements are satisfied,2026-06,NOT_ELIGIBLE,,officer-decision-v1,alert-policy-v1
PRH-705572,2026-06,,PREDICTION_WITHHELD,,WITHHELD,,['MODEL_RELEASE_PENDING'],Monitor until the governed prediction release requirements are satisfied,2026-06,NOT_ELIGIBLE,,officer-decision-v1,alert-policy-v1
PRH-705583,2026-06,,DATA_VERIFICATION_REQUIRED,,WITHHELD,,"['SOURCE_GAP', 'INSUFFICIENT_HISTORY']",Review latest project update and verify missing or inconsistent reporting evidence,2026-06,NOT_ELIGIBLE,,officer-decision-v1,alert-policy-v1
PRH-705588,2026-06,,PREDICTION_WITHHELD,,WITHHELD,,['MODEL_RELEASE_PENDING'],Monitor until the governed prediction release requirements are satisfied,2026-06,NOT_ELIGIBLE,,officer-decision-v1,alert-policy-v1
PRH-705598,2026-06,,PREDICTION_WITHHELD,,WITHHELD,,['MODEL_RELEASE_PENDING'],Monitor until the governed prediction release requirements are satisfied,2026-06,NOT_ELIGIBLE,,officer-decision-v1,alert-policy-v1
PRH-705608,2026-06,,PREDICTION_WITHHELD,,WITHHELD,,['MODEL_RELEASE_PENDING'],Monitor until the governed prediction release requirements are satisfied,2026-06,NOT_ELIGIBLE,,officer-decision-v1,alert-policy-v1
PRH-705610,2026-06,,PREDICTION_WITHHELD,,WITHHELD,,['MODEL_RELEASE_PENDING'],Monitor until the governed prediction release requirements are satisfied,2026-06,NOT_ELIGIBLE,,officer-decision-v1,alert-policy-v1
PRH-705612,2026-06,,PREDICTION_WITHHELD,,WITHHELD,,['MODEL_RELEASE_PENDING'],Monitor until the governed prediction release requirements are satisfied,2026-06,NOT_ELIGIBLE,,officer-decision-v1,alert-policy-v1
PRH-705613,2026-06,,PREDICTION_WITHHELD,,WITHHELD,,['MODEL_RELEASE_PENDING'],Monitor until the governed prediction release requirements are satisfied,2026-06,NOT_ELIGIBLE,,officer-decision-v1,alert-policy-v1
PRH-705616,2026-06,,PREDICTION_WITHHELD,,WITHHELD,,['MODEL_RELEASE_PENDING'],Monitor until the governed prediction release requirements are satisfied,2026-06,NOT_ELIGIBLE,,officer-decision-v1,alert-policy-v1
PRH-705617,2026-06,,PREDICTION_WITHHELD,,WITHHELD,,['MODEL_RELEASE_PENDING'],Monitor until the governed prediction release requirements are satisfied,2026-06,NOT_ELIGIBLE,,officer-decision-v1,alert-policy-v1
PRH-705628,2026-06,,PREDICTION_WITHHELD,,WITHHELD,,['MODEL_RELEASE_PENDING'],Monitor until the governed prediction release requirements are satisfied,2026-06,NOT_ELIGIBLE,,officer-decision-v1,alert-policy-v1
PRH-705629,2026-06,,PREDICTION_WITHHELD,,WITHHELD,,['MODEL_RELEASE_PENDING'],Monitor until the governed prediction release requirements are satisfied,2026-06,NOT_ELIGIBLE,,officer-decision-v1,alert-policy-v1
PRH-705632,2026-06,,PREDICTION_WITHHELD,,WITHHELD,,['MODEL_RELEASE_PENDING'],Monitor until the governed prediction release requirements are satisfied,2026-06,NOT_ELIGIBLE,,officer-decision-v1,alert-policy-v1
PRH-705633,2026-06,,PREDICTION_WITHHELD,,WITHHELD,,['MODEL_RELEASE_PENDING'],Monitor until the governed prediction release requirements are satisfied,2026-06,NOT_ELIGIBLE,,officer-decision-v1,alert-policy-v1
PRH-705635,2026-06,,DATA_VERIFICATION_REQUIRED,,WITHHELD,,"['SOURCE_GAP', 'INSUFFICIENT_HISTORY']",Review latest project update and verify missing or inconsistent reporting evidence,2026-06,NOT_ELIGIBLE,,officer-decision-v1,alert-policy-v1
PRH-705638,2026-06,,PREDICTION_WITHHELD,,WITHHELD,,['MODEL_RELEASE_PENDING'],Monitor until the governed prediction release requirements are satisfied,2026-06,NOT_ELIGIBLE,,officer-decision-v1,alert-policy-v1
PRH-705639,2026-06,,PREDICTION_WITHHELD,,WITHHELD,,['MODEL_RELEASE_PENDING'],Monitor until the governed prediction release requirements are satisfied,2026-06,NOT_ELIGIBLE,,officer-decision-v1,alert-policy-v1
PRH-705648,2026-06,,PREDICTION_WITHHELD,,WITHHELD,,['MODEL_RELEASE_PENDING'],Monitor until the governed prediction release requirements are satisfied,2026-06,NOT_ELIGIBLE,,officer-decision-v1,alert-policy-v1
PRH-705650,2026-06,,PREDICTION_WITHHELD,,WITHHELD,,['MODEL_RELEASE_PENDING'],Monitor until the governed prediction release requirements are satisfied,2026-06,NOT_ELIGIBLE,,officer-decision-v1,alert-policy-v1
PRH-705651,2026-06,,NO_REVIEW_SIGNAL,,WITHHELD,,['COMPLETED_PROJECT'],,2026-02,NOT_ELIGIBLE,,officer-decision-v1,alert-policy-v1
PRH-705659,2026-06,,PREDICTION_WITHHELD,,WITHHELD,,['MODEL_RELEASE_PENDING'],Monitor until the governed prediction release requirements are satisfied,2026-06,NOT_ELIGIBLE,,officer-decision-v1,alert-policy-v1
PRH-705660,2026-06,,PREDICTION_WITHHELD,,WITHHELD,,['MODEL_RELEASE_PENDING'],Monitor until the governed prediction release requirements are satisfied,2026-06,NOT_ELIGIBLE,,officer-decision-v1,alert-policy-v1
PRH-705661,2026-06,,PREDICTION_WITHHELD,,WITHHELD,,['MODEL_RELEASE_PENDING'],Monitor until the governed prediction release requirements are satisfied,2026-06,NOT_ELIGIBLE,,officer-decision-v1,alert-policy-v1
PRH-705662,2026-06,,DATA_VERIFICATION_REQUIRED,,WITHHELD,,"['STALE_UPDATE', 'SOURCE_GAP', 'INSUFFICIENT_HISTORY', 'FEATURES_INSUFFICIENT', 'SCHEMA_VERIFICATION', 'SOURCE_PROVENANCE_VERIFICATION']",Review latest project update and verify missing or inconsistent reporting evidence,2026-02,NOT_ELIGIBLE,,officer-decision-v1,alert-policy-v1
PRH-705663,2026-06,,PREDICTION_WITHHELD,,WITHHELD,,['MODEL_RELEASE_PENDING'],Monitor until the governed prediction release requirements are satisfied,2026-06,NOT_ELIGIBLE,,officer-decision-v1,alert-policy-v1
PRH-705667,2026-06,,PREDICTION_WITHHELD,,WITHHELD,,['MODEL_RELEASE_PENDING'],Monitor until the governed prediction release requirements are satisfied,2026-06,NOT_ELIGIBLE,,officer-decision-v1,alert-policy-v1
PRH-705668,2026-06,,PREDICTION_WITHHELD,,WITHHELD,,['MODEL_RELEASE_PENDING'],Monitor until the governed prediction release requirements are satisfied,2026-06,NOT_ELIGIBLE,,officer-decision-v1,alert-policy-v1
PRH-705694,2026-06,,NO_REVIEW_SIGNAL,,WITHHELD,,['COMPLETED_PROJECT'],,2025-11,NOT_ELIGIBLE,,officer-decision-v1,alert-policy-v1
PRH-705708,2026-06,,DATA_VERIFICATION_REQUIRED,,WITHHELD,,"['STALE_UPDATE', 'SOURCE_GAP', 'INSUFFICIENT_HISTORY', 'FEATURES_INSUFFICIENT', 'SCHEMA_VERIFICATION', 'SOURCE_PROVENANCE_VERIFICATION']",Review latest project update and verify missing or inconsistent reporting evidence,2025-11,NOT_ELIGIBLE,,officer-decision-v1,alert-policy-v1
PRH-705710,2026-06,,DATA_VERIFICATION_REQUIRED,,WITHHELD,,"['STALE_UPDATE', 'SOURCE_GAP', 'INSUFFICIENT_HISTORY', 'FEATURES_INSUFFICIENT', 'SCHEMA_VERIFICATION', 'SOURCE_PROVENANCE_VERIFICATION']",Review latest project update and verify missing or inconsistent reporting evidence,2025-11,NOT_ELIGIBLE,,officer-decision-v1,alert-policy-v1
PRH-705712,2026-06,,DATA_VERIFICATION_REQUIRED,,WITHHELD,,"['STALE_UPDATE', 'SOURCE_GAP', 'INSUFFICIENT_HISTORY', 'FEATURES_INSUFFICIENT', 'SCHEMA_VERIFICATION', 'SOURCE_PROVENANCE_VERIFICATION']",Review latest project update and verify missing or inconsistent reporting evidence,2025-11,NOT_ELIGIBLE,,officer-decision-v1,alert-policy-v1
PRH-705717,2026-06,,DATA_VERIFICATION_REQUIRED,,WITHHELD,,"['STALE_UPDATE', 'SOURCE_GAP', 'INSUFFICIENT_HISTORY', 'FEATURES_INSUFFICIENT', 'SCHEMA_VERIFICATION', 'SOURCE_PROVENANCE_VERIFICATION']",Review latest project update and verify missing or inconsistent reporting evidence,2025-11,NOT_ELIGIBLE,,officer-decision-v1,alert-policy-v1
PRH-705720,2026-06,,DATA_VERIFICATION_REQUIRED,,WITHHELD,,"['STALE_UPDATE', 'SOURCE_GAP', 'INSUFFICIENT_HISTORY', 'FEATURES_INSUFFICIENT', 'SCHEMA_VERIFICATION', 'SOURCE_PROVENANCE_VERIFICATION']",Review latest project update and verify missing or inconsistent reporting evidence,2025-11,NOT_ELIGIBLE,,officer-decision-v1,alert-policy-v1
PRH-705721,2026-06,,DATA_VERIFICATION_REQUIRED,,WITHHELD,,"['STALE_UPDATE', 'SOURCE_GAP', 'INSUFFICIENT_HISTORY', 'FEATURES_INSUFFICIENT', 'SCHEMA_VERIFICATION', 'SOURCE_PROVENANCE_VERIFICATION']",Review latest project update and verify missing or inconsistent reporting evidence,2025-11,NOT_ELIGIBLE,,officer-decision-v1,alert-policy-v1
PRH-705722,2026-06,,DATA_VERIFICATION_REQUIRED,,WITHHELD,,"['STALE_UPDATE', 'SOURCE_GAP', 'INSUFFICIENT_HISTORY', 'FEATURES_INSUFFICIENT', 'SCHEMA_VERIFICATION', 'SOURCE_PROVENANCE_VERIFICATION']",Review latest project update and verify missing or inconsistent reporting evidence,2025-11,NOT_ELIGIBLE,,officer-decision-v1,alert-policy-v1
PRH-705726,2026-06,,DATA_VERIFICATION_REQUIRED,,WITHHELD,,"['STALE_UPDATE', 'SOURCE_GAP', 'INSUFFICIENT_HISTORY', 'FEATURES_INSUFFICIENT', 'SCHEMA_VERIFICATION', 'SOURCE_PROVENANCE_VERIFICATION']",Review latest project update and verify missing or inconsistent reporting evidence,2025-11,NOT_ELIGIBLE,,officer-decision-v1,alert-policy-v1
PRH-705728,2026-06,,PREDICTION_WITHHELD,,WITHHELD,,['MODEL_RELEASE_PENDING'],Monitor until the governed prediction release requirements are satisfied,2026-06,NOT_ELIGIBLE,,officer-decision-v1,alert-policy-v1
PRH-705730,2026-06,,PREDICTION_WITHHELD,,WITHHELD,,['MODEL_RELEASE_PENDING'],Monitor until the governed prediction release requirements are satisfied,2026-06,NOT_ELIGIBLE,,officer-decision-v1,alert-policy-v1
PRH-705735,2026-06,,PREDICTION_WITHHELD,,WITHHELD,,['MODEL_RELEASE_PENDING'],Monitor until the governed prediction release requirements are satisfied,2026-06,NOT_ELIGIBLE,,officer-decision-v1,alert-policy-v1
PRH-705741,2026-06,,PREDICTION_WITHHELD,,WITHHELD,,['MODEL_RELEASE_PENDING'],Monitor until the governed prediction release requirements are satisfied,2026-06,NOT_ELIGIBLE,,officer-decision-v1,alert-policy-v1
PRH-705742,2026-06,,DATA_VERIFICATION_REQUIRED,,WITHHELD,,"['STALE_UPDATE', 'SOURCE_GAP', 'INSUFFICIENT_HISTORY', 'FEATURES_INSUFFICIENT', 'SCHEMA_VERIFICATION', 'SOURCE_PROVENANCE_VERIFICATION']",Review latest project update and verify missing or inconsistent reporting evidence,2026-05,NOT_ELIGIBLE,,officer-decision-v1,alert-policy-v1
PRH-705743,2026-06,,DATA_VERIFICATION_REQUIRED,,WITHHELD,,"['STALE_UPDATE', 'SOURCE_GAP', 'INSUFFICIENT_HISTORY', 'FEATURES_INSUFFICIENT', 'SCHEMA_VERIFICATION', 'SOURCE_PROVENANCE_VERIFICATION']",Review latest project update and verify missing or inconsistent reporting evidence,2025-08,NOT_ELIGIBLE,,officer-decision-v1,alert-policy-v1
PRH-705747,2026-06,,DATA_VERIFICATION_REQUIRED,,WITHHELD,,['INSUFFICIENT_HISTORY'],Review latest project update and verify missing or inconsistent reporting evidence,2026-06,NOT_ELIGIBLE,,officer-decision-v1,alert-policy-v1
PRH-705752,2026-06,,PREDICTION_WITHHELD,,WITHHELD,,['MODEL_RELEASE_PENDING'],Monitor until the governed prediction release requirements are satisfied,2026-06,NOT_ELIGIBLE,,officer-decision-v1,alert-policy-v1
PRH-705755,2026-06,,DATA_VERIFICATION_REQUIRED,,WITHHELD,,"['STALE_UPDATE', 'SOURCE_GAP', 'INSUFFICIENT_HISTORY', 'FEATURES_INSUFFICIENT', 'SCHEMA_VERIFICATION', 'SOURCE_PROVENANCE_VERIFICATION']",Review latest project update and verify missing or inconsistent reporting evidence,2025-08,NOT_ELIGIBLE,,officer-decision-v1,alert-policy-v1
PRH-705756,2026-06,,DATA_VERIFICATION_REQUIRED,,WITHHELD,,"['STALE_UPDATE', 'SOURCE_GAP', 'INSUFFICIENT_HISTORY', 'FEATURES_INSUFFICIENT', 'SCHEMA_VERIFICATION', 'SOURCE_PROVENANCE_VERIFICATION']",Review latest project update and verify missing or inconsistent reporting evidence,2025-08,NOT_ELIGIBLE,,officer-decision-v1,alert-policy-v1
PRH-705761,2026-06,,PREDICTION_WITHHELD,,WITHHELD,,['MODEL_RELEASE_PENDING'],Monitor until the governed prediction release requirements are satisfied,2026-06,NOT_ELIGIBLE,,officer-decision-v1,alert-policy-v1
PRH-705762,2026-06,,DATA_VERIFICATION_REQUIRED,,WITHHELD,,['INSUFFICIENT_HISTORY'],Review latest project update and verify missing or inconsistent reporting evidence,2026-06,NOT_ELIGIBLE,,officer-decision-v1,alert-policy-v1
PRH-705763,2026-06,,PREDICTION_WITHHELD,,WITHHELD,,['MODEL_RELEASE_PENDING'],Monitor until the governed prediction release requirements are satisfied,2026-06,NOT_ELIGIBLE,,officer-decision-v1,alert-policy-v1
PRH-705764,2026-06,,PREDICTION_WITHHELD,,WITHHELD,,['MODEL_RELEASE_PENDING'],Monitor until the governed prediction release requirements are satisfied,2026-06,NOT_ELIGIBLE,,officer-decision-v1,alert-policy-v1
PRH-705765,2026-06,,PREDICTION_WITHHELD,,WITHHELD,,['MODEL_RELEASE_PENDING'],Monitor until the governed prediction release requirements are satisfied,2026-06,NOT_ELIGIBLE,,officer-decision-v1,alert-policy-v1
PRH-705766,2026-06,,PREDICTION_WITHHELD,,WITHHELD,,['MODEL_RELEASE_PENDING'],Monitor until the governed prediction release requirements are satisfied,2026-06,NOT_ELIGIBLE,,officer-decision-v1,alert-policy-v1
PRH-705767,2026-06,,DATA_VERIFICATION_REQUIRED,,WITHHELD,,"['STALE_UPDATE', 'SOURCE_GAP', 'INSUFFICIENT_HISTORY', 'FEATURES_INSUFFICIENT', 'SCHEMA_VERIFICATION', 'SOURCE_PROVENANCE_VERIFICATION']",Review latest project update and verify missing or inconsistent reporting evidence,2025-08,NOT_ELIGIBLE,,officer-decision-v1,alert-policy-v1
PRH-705771,2026-06,,DATA_VERIFICATION_REQUIRED,,WITHHELD,,"['SOURCE_GAP', 'INSUFFICIENT_HISTORY']",Review latest project update and verify missing or inconsistent reporting evidence,2026-06,NOT_ELIGIBLE,,officer-decision-v1,alert-policy-v1
PRH-705772,2026-06,,PREDICTION_WITHHELD,,WITHHELD,,['MODEL_RELEASE_PENDING'],Monitor until the governed prediction release requirements are satisfied,2026-06,NOT_ELIGIBLE,,officer-decision-v1,alert-policy-v1
PRH-705774,2026-06,,PREDICTION_WITHHELD,,WITHHELD,,['MODEL_RELEASE_PENDING'],Monitor until the governed prediction release requirements are satisfied,2026-06,NOT_ELIGIBLE,,officer-decision-v1,alert-policy-v1
PRH-705777,2026-06,,PREDICTION_WITHHELD,,WITHHELD,,['MODEL_RELEASE_PENDING'],Monitor until the governed prediction release requirements are satisfied,2026-06,NOT_ELIGIBLE,,officer-decision-v1,alert-policy-v1
PRH-705779,2026-06,,DATA_VERIFICATION_REQUIRED,,WITHHELD,,"['STALE_UPDATE', 'SOURCE_GAP', 'INSUFFICIENT_HISTORY', 'FEATURES_INSUFFICIENT', 'SCHEMA_VERIFICATION', 'SOURCE_PROVENANCE_VERIFICATION']",Review latest project update and verify missing or inconsistent reporting evidence,2025-11,NOT_ELIGIBLE,,officer-decision-v1,alert-policy-v1
PRH-705780,2026-06,,PREDICTION_WITHHELD,,WITHHELD,,['MODEL_RELEASE_PENDING'],Monitor until the governed prediction release requirements are satisfied,2026-06,NOT_ELIGIBLE,,officer-decision-v1,alert-policy-v1
PRH-705782,2026-06,,PREDICTION_WITHHELD,,WITHHELD,,['MODEL_RELEASE_PENDING'],Monitor until the governed prediction release requirements are satisfied,2026-06,NOT_ELIGIBLE,,officer-decision-v1,alert-policy-v1
PRH-705783,2026-06,,PREDICTION_WITHHELD,,WITHHELD,,['MODEL_RELEASE_PENDING'],Monitor until the governed prediction release requirements are satisfied,2026-06,NOT_ELIGIBLE,,officer-decision-v1,alert-policy-v1
PRH-705784,2026-06,,DATA_VERIFICATION_REQUIRED,,WITHHELD,,"['STALE_UPDATE', 'SOURCE_GAP', 'INSUFFICIENT_HISTORY', 'FEATURES_INSUFFICIENT', 'SCHEMA_VERIFICATION', 'SOURCE_PROVENANCE_VERIFICATION']",Review latest project update and verify missing or inconsistent reporting evidence,2025-11,NOT_ELIGIBLE,,officer-decision-v1,alert-policy-v1
PRH-705785,2026-06,,PREDICTION_WITHHELD,,WITHHELD,,['MODEL_RELEASE_PENDING'],Monitor until the governed prediction release requirements are satisfied,2026-06,NOT_ELIGIBLE,,officer-decision-v1,alert-policy-v1
PRH-705789,2026-06,,DATA_VERIFICATION_REQUIRED,,WITHHELD,,"['STALE_UPDATE', 'SOURCE_GAP', 'INSUFFICIENT_HISTORY', 'FEATURES_INSUFFICIENT', 'SCHEMA_VERIFICATION', 'SOURCE_PROVENANCE_VERIFICATION']",Review latest project update and verify missing or inconsistent reporting evidence,2026-01,NOT_ELIGIBLE,,officer-decision-v1,alert-policy-v1
PRH-705793,2026-06,,DATA_VERIFICATION_REQUIRED,,WITHHELD,,['INSUFFICIENT_HISTORY'],Review latest project update and verify missing or inconsistent reporting evidence,2026-06,NOT_ELIGIBLE,,officer-decision-v1,alert-policy-v1
PRH-705794,2026-06,,DATA_VERIFICATION_REQUIRED,,WITHHELD,,['INSUFFICIENT_HISTORY'],Review latest project update and verify missing or inconsistent reporting evidence,2026-06,NOT_ELIGIBLE,,officer-decision-v1,alert-policy-v1
PRH-705799,2026-06,,PREDICTION_WITHHELD,,WITHHELD,,['MODEL_RELEASE_PENDING'],Monitor until the governed prediction release requirements are satisfied,2026-06,NOT_ELIGIBLE,,officer-decision-v1,alert-policy-v1
PRH-705863,2026-06,,NO_REVIEW_SIGNAL,,WITHHELD,,['COMPLETED_PROJECT'],,2025-09,NOT_ELIGIBLE,,officer-decision-v1,alert-policy-v1
PRH-705912,2026-06,,DATA_VERIFICATION_REQUIRED,,WITHHELD,,['INSUFFICIENT_HISTORY'],Review latest project update and verify missing or inconsistent reporting evidence,2026-06,NOT_ELIGIBLE,,officer-decision-v1,alert-policy-v1
PRH-705918,2026-06,,DATA_VERIFICATION_REQUIRED,,WITHHELD,,"['SOURCE_GAP', 'INSUFFICIENT_HISTORY']",Review latest project update and verify missing or inconsistent reporting evidence,2026-06,NOT_ELIGIBLE,,officer-decision-v1,alert-policy-v1
PRH-705919,2026-06,,PREDICTION_WITHHELD,,WITHHELD,,['MODEL_RELEASE_PENDING'],Monitor until the governed prediction release requirements are satisfied,2026-06,NOT_ELIGIBLE,,officer-decision-v1,alert-policy-v1
PRH-705933,2026-06,,NO_REVIEW_SIGNAL,,WITHHELD,,['COMPLETED_PROJECT'],,2026-06,NOT_ELIGIBLE,,officer-decision-v1,alert-policy-v1
PRH-705941,2026-06,,DATA_VERIFICATION_REQUIRED,,WITHHELD,,['INSUFFICIENT_HISTORY'],Review latest project update and verify missing or inconsistent reporting evidence,2026-06,NOT_ELIGIBLE,,officer-decision-v1,alert-policy-v1
PRH-706718,2026-06,,PREDICTION_WITHHELD,,WITHHELD,,['MODEL_RELEASE_PENDING'],Monitor until the governed prediction release requirements are satisfied,2026-06,NOT_ELIGIBLE,,officer-decision-v1,alert-policy-v1
PRH-706724,2026-06,,PREDICTION_WITHHELD,,WITHHELD,,['MODEL_RELEASE_PENDING'],Monitor until the governed prediction release requirements are satisfied,2026-06,NOT_ELIGIBLE,,officer-decision-v1,alert-policy-v1
PRH-706757,2026-06,,PREDICTION_WITHHELD,,WITHHELD,,['MODEL_RELEASE_PENDING'],Monitor until the governed prediction release requirements are satisfied,2026-06,NOT_ELIGIBLE,,officer-decision-v1,alert-policy-v1
PRH-706759,2026-06,,PREDICTION_WITHHELD,,WITHHELD,,['MODEL_RELEASE_PENDING'],Monitor until the governed prediction release requirements are satisfied,2026-06,NOT_ELIGIBLE,,officer-decision-v1,alert-policy-v1
PRH-706763,2026-06,,PREDICTION_WITHHELD,,WITHHELD,,['MODEL_RELEASE_PENDING'],Monitor until the governed prediction release requirements are satisfied,2026-06,NOT_ELIGIBLE,,officer-decision-v1,alert-policy-v1
PRH-706775,2026-06,,DATA_VERIFICATION_REQUIRED,,WITHHELD,,['INSUFFICIENT_HISTORY'],Review latest project update and verify missing or inconsistent reporting evidence,2026-06,NOT_ELIGIBLE,,officer-decision-v1,alert-policy-v1
PRH-706776,2026-06,,PREDICTION_WITHHELD,,WITHHELD,,['MODEL_RELEASE_PENDING'],Monitor until the governed prediction release requirements are satisfied,2026-06,NOT_ELIGIBLE,,officer-decision-v1,alert-policy-v1
PRH-706777,2026-06,,PREDICTION_WITHHELD,,WITHHELD,,['MODEL_RELEASE_PENDING'],Monitor until the governed prediction release requirements are satisfied,2026-06,NOT_ELIGIBLE,,officer-decision-v1,alert-policy-v1
PRH-706779,2026-06,,PREDICTION_WITHHELD,,WITHHELD,,['MODEL_RELEASE_PENDING'],Monitor until the governed prediction release requirements are satisfied,2026-06,NOT_ELIGIBLE,,officer-decision-v1,alert-policy-v1
PRH-706780,2026-06,,PREDICTION_WITHHELD,,WITHHELD,,['MODEL_RELEASE_PENDING'],Monitor until the governed prediction release requirements are satisfied,2026-06,NOT_ELIGIBLE,,officer-decision-v1,alert-policy-v1
PRH-706781,2026-06,,DATA_VERIFICATION_REQUIRED,,WITHHELD,,['INSUFFICIENT_HISTORY'],Review latest project update and verify missing or inconsistent reporting evidence,2026-06,NOT_ELIGIBLE,,officer-decision-v1,alert-policy-v1
PRH-706811,2026-06,,PREDICTION_WITHHELD,,WITHHELD,,['MODEL_RELEASE_PENDING'],Monitor until the governed prediction release requirements are satisfied,2026-06,NOT_ELIGIBLE,,officer-decision-v1,alert-policy-v1
PRH-706835,2026-06,,DATA_VERIFICATION_REQUIRED,,WITHHELD,,"['SOURCE_GAP', 'INSUFFICIENT_HISTORY']",Review latest project update and verify missing or inconsistent reporting evidence,2026-06,NOT_ELIGIBLE,,officer-decision-v1,alert-policy-v1
PRH-706836,2026-06,,DATA_VERIFICATION_REQUIRED,,WITHHELD,,['INSUFFICIENT_HISTORY'],Review latest project update and verify missing or inconsistent reporting evidence,2026-06,NOT_ELIGIBLE,,officer-decision-v1,alert-policy-v1
PRH-706837,2026-06,,DATA_VERIFICATION_REQUIRED,,WITHHELD,,"['SOURCE_GAP', 'INSUFFICIENT_HISTORY']",Review latest project update and verify missing or inconsistent reporting evidence,2026-06,NOT_ELIGIBLE,,officer-decision-v1,alert-policy-v1
PRH-706844,2026-06,,DATA_VERIFICATION_REQUIRED,,WITHHELD,,"['STALE_UPDATE', 'SOURCE_GAP', 'INSUFFICIENT_HISTORY', 'FEATURES_INSUFFICIENT', 'SCHEMA_VERIFICATION', 'SOURCE_PROVENANCE_VERIFICATION']",Review latest project update and verify missing or inconsistent reporting evidence,2025-11,NOT_ELIGIBLE,,officer-decision-v1,alert-policy-v1
PRH-706854,2026-06,,PREDICTION_WITHHELD,,WITHHELD,,['MODEL_RELEASE_PENDING'],Monitor until the governed prediction release requirements are satisfied,2026-06,NOT_ELIGIBLE,,officer-decision-v1,alert-policy-v1
PRH-706856,2026-06,,DATA_VERIFICATION_REQUIRED,,WITHHELD,,"['STALE_UPDATE', 'SOURCE_GAP', 'INSUFFICIENT_HISTORY', 'FEATURES_INSUFFICIENT', 'SCHEMA_VERIFICATION', 'SOURCE_PROVENANCE_VERIFICATION']",Review latest project update and verify missing or inconsistent reporting evidence,2025-07,NOT_ELIGIBLE,,officer-decision-v1,alert-policy-v1
PRH-706860,2026-06,,DATA_VERIFICATION_REQUIRED,,WITHHELD,,"['SOURCE_GAP', 'INSUFFICIENT_HISTORY']",Review latest project update and verify missing or inconsistent reporting evidence,2026-06,NOT_ELIGIBLE,,officer-decision-v1,alert-policy-v1
PRH-706865,2026-06,,DATA_VERIFICATION_REQUIRED,,WITHHELD,,['INSUFFICIENT_HISTORY'],Review latest project update and verify missing or inconsistent reporting evidence,2026-06,NOT_ELIGIBLE,,officer-decision-v1,alert-policy-v1
PRH-706866,2026-06,,PREDICTION_WITHHELD,,WITHHELD,,['MODEL_RELEASE_PENDING'],Monitor until the governed prediction release requirements are satisfied,2026-06,NOT_ELIGIBLE,,officer-decision-v1,alert-policy-v1
PRH-706898,2026-06,,DATA_VERIFICATION_REQUIRED,,WITHHELD,,['INSUFFICIENT_HISTORY'],Review latest project update and verify missing or inconsistent reporting evidence,2026-06,NOT_ELIGIBLE,,officer-decision-v1,alert-policy-v1
PRH-706922,2026-06,,DATA_VERIFICATION_REQUIRED,,WITHHELD,,['INSUFFICIENT_HISTORY'],Review latest project update and verify missing or inconsistent reporting evidence,2026-06,NOT_ELIGIBLE,,officer-decision-v1,alert-policy-v1
PRH-706940,2026-06,,DATA_VERIFICATION_REQUIRED,,WITHHELD,,['INSUFFICIENT_HISTORY'],Review latest project update and verify missing or inconsistent reporting evidence,2026-06,NOT_ELIGIBLE,,officer-decision-v1,alert-policy-v1
PRH-706942,2026-06,,DATA_VERIFICATION_REQUIRED,,WITHHELD,,['INSUFFICIENT_HISTORY'],Review latest project update and verify missing or inconsistent reporting evidence,2026-06,NOT_ELIGIBLE,,officer-decision-v1,alert-policy-v1
PRH-706950,2026-06,,DATA_VERIFICATION_REQUIRED,,WITHHELD,,['INSUFFICIENT_HISTORY'],Review latest project update and verify missing or inconsistent reporting evidence,2026-06,NOT_ELIGIBLE,,officer-decision-v1,alert-policy-v1
PRH-706965,2026-06,,DATA_VERIFICATION_REQUIRED,,WITHHELD,,['INSUFFICIENT_HISTORY'],Review latest project update and verify missing or inconsistent reporting evidence,2026-06,NOT_ELIGIBLE,,officer-decision-v1,alert-policy-v1
PRH-706966,2026-06,,DATA_VERIFICATION_REQUIRED,,WITHHELD,,['INSUFFICIENT_HISTORY'],Review latest project update and verify missing or inconsistent reporting evidence,2026-06,NOT_ELIGIBLE,,officer-decision-v1,alert-policy-v1
PRH-706988,2026-06,,DATA_VERIFICATION_REQUIRED,,WITHHELD,,['INSUFFICIENT_HISTORY'],Review latest project update and verify missing or inconsistent reporting evidence,2026-06,NOT_ELIGIBLE,,officer-decision-v1,alert-policy-v1
PRH-706989,2026-06,,DATA_VERIFICATION_REQUIRED,,WITHHELD,,['INSUFFICIENT_HISTORY'],Review latest project update and verify missing or inconsistent reporting evidence,2026-06,NOT_ELIGIBLE,,officer-decision-v1,alert-policy-v1
PRH-707016,2026-06,,DATA_VERIFICATION_REQUIRED,,WITHHELD,,['INSUFFICIENT_HISTORY'],Review latest project update and verify missing or inconsistent reporting evidence,2026-06,NOT_ELIGIBLE,,officer-decision-v1,alert-policy-v1
PRH-707017,2026-06,,DATA_VERIFICATION_REQUIRED,,WITHHELD,,['INSUFFICIENT_HISTORY'],Review latest project update and verify missing or inconsistent reporting evidence,2026-06,NOT_ELIGIBLE,,officer-decision-v1,alert-policy-v1
PRH-707018,2026-06,,DATA_VERIFICATION_REQUIRED,,WITHHELD,,['INSUFFICIENT_HISTORY'],Review latest project update and verify missing or inconsistent reporting evidence,2026-06,NOT_ELIGIBLE,,officer-decision-v1,alert-policy-v1
PRH-707019,2026-06,,DATA_VERIFICATION_REQUIRED,,WITHHELD,,['INSUFFICIENT_HISTORY'],Review latest project update and verify missing or inconsistent reporting evidence,2026-06,NOT_ELIGIBLE,,officer-decision-v1,alert-policy-v1
PRH-707020,2026-06,,DATA_VERIFICATION_REQUIRED,,WITHHELD,,['INSUFFICIENT_HISTORY'],Review latest project update and verify missing or inconsistent reporting evidence,2026-06,NOT_ELIGIBLE,,officer-decision-v1,alert-policy-v1
PRH-707021,2026-06,,DATA_VERIFICATION_REQUIRED,,WITHHELD,,['INSUFFICIENT_HISTORY'],Review latest project update and verify missing or inconsistent reporting evidence,2026-06,NOT_ELIGIBLE,,officer-decision-v1,alert-policy-v1
PRH-707022,2026-06,,DATA_VERIFICATION_REQUIRED,,WITHHELD,,['INSUFFICIENT_HISTORY'],Review latest project update and verify missing or inconsistent reporting evidence,2026-06,NOT_ELIGIBLE,,officer-decision-v1,alert-policy-v1
PRH-707039,2026-06,,DATA_VERIFICATION_REQUIRED,,WITHHELD,,['INSUFFICIENT_HISTORY'],Review latest project update and verify missing or inconsistent reporting evidence,2026-06,NOT_ELIGIBLE,,officer-decision-v1,alert-policy-v1
PRH-707044,2026-06,,DATA_VERIFICATION_REQUIRED,,WITHHELD,,['INSUFFICIENT_HISTORY'],Review latest project update and verify missing or inconsistent reporting evidence,2026-06,NOT_ELIGIBLE,,officer-decision-v1,alert-policy-v1
PRH-707045,2026-06,,DATA_VERIFICATION_REQUIRED,,WITHHELD,,['INSUFFICIENT_HISTORY'],Review latest project update and verify missing or inconsistent reporting evidence,2026-06,NOT_ELIGIBLE,,officer-decision-v1,alert-policy-v1
PRH-707046,2026-06,,DATA_VERIFICATION_REQUIRED,,WITHHELD,,['INSUFFICIENT_HISTORY'],Review latest project update and verify missing or inconsistent reporting evidence,2026-06,NOT_ELIGIBLE,,officer-decision-v1,alert-policy-v1
PRH-707049,2026-06,,DATA_VERIFICATION_REQUIRED,,WITHHELD,,['INSUFFICIENT_HISTORY'],Review latest project update and verify missing or inconsistent reporting evidence,2026-06,NOT_ELIGIBLE,,officer-decision-v1,alert-policy-v1
PRH-707050,2026-06,,DATA_VERIFICATION_REQUIRED,,WITHHELD,,['INSUFFICIENT_HISTORY'],Review latest project update and verify missing or inconsistent reporting evidence,2026-06,NOT_ELIGIBLE,,officer-decision-v1,alert-policy-v1
PRH-707051,2026-06,,DATA_VERIFICATION_REQUIRED,,WITHHELD,,['INSUFFICIENT_HISTORY'],Review latest project update and verify missing or inconsistent reporting evidence,2026-06,NOT_ELIGIBLE,,officer-decision-v1,alert-policy-v1
PRH-707052,2026-06,,DATA_VERIFICATION_REQUIRED,,WITHHELD,,['INSUFFICIENT_HISTORY'],Review latest project update and verify missing or inconsistent reporting evidence,2026-06,NOT_ELIGIBLE,,officer-decision-v1,alert-policy-v1
PRH-707057,2026-06,,DATA_VERIFICATION_REQUIRED,,WITHHELD,,['INSUFFICIENT_HISTORY'],Review latest project update and verify missing or inconsistent reporting evidence,2026-06,NOT_ELIGIBLE,,officer-decision-v1,alert-policy-v1
PRH-707058,2026-06,,DATA_VERIFICATION_REQUIRED,,WITHHELD,,['INSUFFICIENT_HISTORY'],Review latest project update and verify missing or inconsistent reporting evidence,2026-06,NOT_ELIGIBLE,,officer-decision-v1,alert-policy-v1
PRH-707059,2026-06,,DATA_VERIFICATION_REQUIRED,,WITHHELD,,['INSUFFICIENT_HISTORY'],Review latest project update and verify missing or inconsistent reporting evidence,2026-06,NOT_ELIGIBLE,,officer-decision-v1,alert-policy-v1
PRH-707067,2026-06,,DATA_VERIFICATION_REQUIRED,,WITHHELD,,['INSUFFICIENT_HISTORY'],Review latest project update and verify missing or inconsistent reporting evidence,2026-06,NOT_ELIGIBLE,,officer-decision-v1,alert-policy-v1
PRH-707069,2026-06,,DATA_VERIFICATION_REQUIRED,,WITHHELD,,['INSUFFICIENT_HISTORY'],Review latest project update and verify missing or inconsistent reporting evidence,2026-06,NOT_ELIGIBLE,,officer-decision-v1,alert-policy-v1
PRH-707070,2026-06,,DATA_VERIFICATION_REQUIRED,,WITHHELD,,['INSUFFICIENT_HISTORY'],Review latest project update and verify missing or inconsistent reporting evidence,2026-06,NOT_ELIGIBLE,,officer-decision-v1,alert-policy-v1
PRH-707086,2026-06,,DATA_VERIFICATION_REQUIRED,,WITHHELD,,['INSUFFICIENT_HISTORY'],Review latest project update and verify missing or inconsistent reporting evidence,2026-06,NOT_ELIGIBLE,,officer-decision-v1,alert-policy-v1
PRH-707087,2026-06,,DATA_VERIFICATION_REQUIRED,,WITHHELD,,['INSUFFICIENT_HISTORY'],Review latest project update and verify missing or inconsistent reporting evidence,2026-06,NOT_ELIGIBLE,,officer-decision-v1,alert-policy-v1
PRH-707215,2026-06,,DATA_VERIFICATION_REQUIRED,,WITHHELD,,['INSUFFICIENT_HISTORY'],Review latest project update and verify missing or inconsistent reporting evidence,2026-06,NOT_ELIGIBLE,,officer-decision-v1,alert-policy-v1
PRH-707229,2026-06,,DATA_VERIFICATION_REQUIRED,,WITHHELD,,['INSUFFICIENT_HISTORY'],Review latest project update and verify missing or inconsistent reporting evidence,2026-06,NOT_ELIGIBLE,,officer-decision-v1,alert-policy-v1
PRH-707267,2026-06,,DATA_VERIFICATION_REQUIRED,,WITHHELD,,"['STALE_UPDATE', 'SOURCE_GAP', 'INSUFFICIENT_HISTORY', 'FEATURES_INSUFFICIENT', 'SCHEMA_VERIFICATION', 'SOURCE_PROVENANCE_VERIFICATION']",Review latest project update and verify missing or inconsistent reporting evidence,2026-03,NOT_ELIGIBLE,,officer-decision-v1,alert-policy-v1
PRH-707410,2026-06,,DATA_VERIFICATION_REQUIRED,,WITHHELD,,['INSUFFICIENT_HISTORY'],Review latest project update and verify missing or inconsistent reporting evidence,2026-06,NOT_ELIGIBLE,,officer-decision-v1,alert-policy-v1
PRH-707414,2026-06,,DATA_VERIFICATION_REQUIRED,,WITHHELD,,"['STALE_UPDATE', 'SOURCE_GAP', 'INSUFFICIENT_HISTORY', 'FEATURES_INSUFFICIENT', 'SCHEMA_VERIFICATION', 'SOURCE_PROVENANCE_VERIFICATION']",Review latest project update and verify missing or inconsistent reporting evidence,2026-05,NOT_ELIGIBLE,,officer-decision-v1,alert-policy-v1
PRH-707419,2026-06,,DATA_VERIFICATION_REQUIRED,,WITHHELD,,['INSUFFICIENT_HISTORY'],Review latest project update and verify missing or inconsistent reporting evidence,2026-06,NOT_ELIGIBLE,,officer-decision-v1,alert-policy-v1
PRH-708655,2026-06,,DATA_VERIFICATION_REQUIRED,,WITHHELD,,"['STALE_UPDATE', 'SOURCE_GAP', 'INSUFFICIENT_HISTORY', 'FEATURES_INSUFFICIENT', 'SCHEMA_VERIFICATION', 'SOURCE_PROVENANCE_VERIFICATION']",Review latest project update and verify missing or inconsistent reporting evidence,2025-08,NOT_ELIGIBLE,,officer-decision-v1,alert-policy-v1
PRH-708662,2026-06,,DATA_VERIFICATION_REQUIRED,,WITHHELD,,"['STALE_UPDATE', 'SOURCE_GAP', 'INSUFFICIENT_HISTORY', 'FEATURES_INSUFFICIENT', 'SCHEMA_VERIFICATION', 'SOURCE_PROVENANCE_VERIFICATION']",Review latest project update and verify missing or inconsistent reporting evidence,2026-03,NOT_ELIGIBLE,,officer-decision-v1,alert-policy-v1
PRH-708687,2026-06,,DATA_VERIFICATION_REQUIRED,,WITHHELD,,"['INSUFFICIENT_HISTORY', 'FEATURES_INSUFFICIENT']",Review latest project update and verify missing or inconsistent reporting evidence,2026-06,NOT_ELIGIBLE,,officer-decision-v1,alert-policy-v1
PRH-709747,2026-06,,PREDICTION_WITHHELD,,WITHHELD,,['MODEL_RELEASE_PENDING'],Monitor until the governed prediction release requirements are satisfied,2026-06,NOT_ELIGIBLE,,officer-decision-v1,alert-policy-v1
PRH-709748,2026-06,,DATA_VERIFICATION_REQUIRED,,WITHHELD,,"['STALE_UPDATE', 'SOURCE_GAP', 'INSUFFICIENT_HISTORY', 'FEATURES_INSUFFICIENT', 'SCHEMA_VERIFICATION', 'SOURCE_PROVENANCE_VERIFICATION']",Review latest project update and verify missing or inconsistent reporting evidence,2025-11,NOT_ELIGIBLE,,officer-decision-v1,alert-policy-v1
PRH-709749,2026-06,,DATA_VERIFICATION_REQUIRED,,WITHHELD,,"['STALE_UPDATE', 'SOURCE_GAP', 'INSUFFICIENT_HISTORY', 'FEATURES_INSUFFICIENT', 'SCHEMA_VERIFICATION', 'SOURCE_PROVENANCE_VERIFICATION']",Review latest project update and verify missing or inconsistent reporting evidence,2026-02,NOT_ELIGIBLE,,officer-decision-v1,alert-policy-v1
PRH-709750,2026-06,,DATA_VERIFICATION_REQUIRED,,WITHHELD,,['INSUFFICIENT_HISTORY'],Review latest project update and verify missing or inconsistent reporting evidence,2026-06,NOT_ELIGIBLE,,officer-decision-v1,alert-policy-v1
PRH-709752,2026-06,,PREDICTION_WITHHELD,,WITHHELD,,['MODEL_RELEASE_PENDING'],Monitor until the governed prediction release requirements are satisfied,2026-06,NOT_ELIGIBLE,,officer-decision-v1,alert-policy-v1
PRH-709753,2026-06,,PREDICTION_WITHHELD,,WITHHELD,,['MODEL_RELEASE_PENDING'],Monitor until the governed prediction release requirements are satisfied,2026-06,NOT_ELIGIBLE,,officer-decision-v1,alert-policy-v1
PRH-709754,2026-06,,PREDICTION_WITHHELD,,WITHHELD,,['MODEL_RELEASE_PENDING'],Monitor until the governed prediction release requirements are satisfied,2026-06,NOT_ELIGIBLE,,officer-decision-v1,alert-policy-v1
PRH-709755,2026-06,,PREDICTION_WITHHELD,,WITHHELD,,['MODEL_RELEASE_PENDING'],Monitor until the governed prediction release requirements are satisfied,2026-06,NOT_ELIGIBLE,,officer-decision-v1,alert-policy-v1
PRH-709757,2026-06,,DATA_VERIFICATION_REQUIRED,,WITHHELD,,"['STALE_UPDATE', 'SOURCE_GAP', 'INSUFFICIENT_HISTORY', 'FEATURES_INSUFFICIENT', 'SCHEMA_VERIFICATION', 'SOURCE_PROVENANCE_VERIFICATION']",Review latest project update and verify missing or inconsistent reporting evidence,2026-04,NOT_ELIGIBLE,,officer-decision-v1,alert-policy-v1
PRH-709758,2026-06,,DATA_VERIFICATION_REQUIRED,,WITHHELD,,"['STALE_UPDATE', 'SOURCE_GAP', 'INSUFFICIENT_HISTORY', 'FEATURES_INSUFFICIENT', 'SCHEMA_VERIFICATION', 'SOURCE_PROVENANCE_VERIFICATION']",Review latest project update and verify missing or inconsistent reporting evidence,2026-04,NOT_ELIGIBLE,,officer-decision-v1,alert-policy-v1
PRH-709759,2026-06,,PREDICTION_WITHHELD,,WITHHELD,,['MODEL_RELEASE_PENDING'],Monitor until the governed prediction release requirements are satisfied,2026-06,NOT_ELIGIBLE,,officer-decision-v1,alert-policy-v1
PRH-709760,2026-06,,DATA_VERIFICATION_REQUIRED,,WITHHELD,,"['STALE_UPDATE', 'SOURCE_GAP', 'INSUFFICIENT_HISTORY', 'FEATURES_INSUFFICIENT', 'SCHEMA_VERIFICATION', 'SOURCE_PROVENANCE_VERIFICATION']",Review latest project update and verify missing or inconsistent reporting evidence,2026-05,NOT_ELIGIBLE,,officer-decision-v1,alert-policy-v1
PRH-709761,2026-06,,DATA_VERIFICATION_REQUIRED,,WITHHELD,,"['STALE_UPDATE', 'SOURCE_GAP', 'INSUFFICIENT_HISTORY', 'FEATURES_INSUFFICIENT', 'SCHEMA_VERIFICATION', 'SOURCE_PROVENANCE_VERIFICATION']",Review latest project update and verify missing or inconsistent reporting evidence,2025-09,NOT_ELIGIBLE,,officer-decision-v1,alert-policy-v1
PRH-709766,2026-06,,DATA_VERIFICATION_REQUIRED,,WITHHELD,,"['STALE_UPDATE', 'SOURCE_GAP', 'INSUFFICIENT_HISTORY', 'FEATURES_INSUFFICIENT', 'SCHEMA_VERIFICATION', 'SOURCE_PROVENANCE_VERIFICATION']",Review latest project update and verify missing or inconsistent reporting evidence,2026-02,NOT_ELIGIBLE,,officer-decision-v1,alert-policy-v1
PRH-709768,2026-06,,DATA_VERIFICATION_REQUIRED,,WITHHELD,,"['STALE_UPDATE', 'SOURCE_GAP', 'INSUFFICIENT_HISTORY', 'FEATURES_INSUFFICIENT', 'SCHEMA_VERIFICATION', 'SOURCE_PROVENANCE_VERIFICATION']",Review latest project update and verify missing or inconsistent reporting evidence,2025-07,NOT_ELIGIBLE,,officer-decision-v1,alert-policy-v1
PRH-709770,2026-06,,PREDICTION_WITHHELD,,WITHHELD,,['MODEL_RELEASE_PENDING'],Monitor until the governed prediction release requirements are satisfied,2026-06,NOT_ELIGIBLE,,officer-decision-v1,alert-policy-v1
PRH-709771,2026-06,,PREDICTION_WITHHELD,,WITHHELD,,['MODEL_RELEASE_PENDING'],Monitor until the governed prediction release requirements are satisfied,2026-06,NOT_ELIGIBLE,,officer-decision-v1,alert-policy-v1
PRH-709772,2026-06,,PREDICTION_WITHHELD,,WITHHELD,,['MODEL_RELEASE_PENDING'],Monitor until the governed prediction release requirements are satisfied,2026-06,NOT_ELIGIBLE,,officer-decision-v1,alert-policy-v1
PRH-709773,2026-06,,PREDICTION_WITHHELD,,WITHHELD,,['MODEL_RELEASE_PENDING'],Monitor until the governed prediction release requirements are satisfied,2026-06,NOT_ELIGIBLE,,officer-decision-v1,alert-policy-v1
PRH-709774,2026-06,,PREDICTION_WITHHELD,,WITHHELD,,['MODEL_RELEASE_PENDING'],Monitor until the governed prediction release requirements are satisfied,2026-06,NOT_ELIGIBLE,,officer-decision-v1,alert-policy-v1
PRH-709776,2026-06,,PREDICTION_WITHHELD,,WITHHELD,,['MODEL_RELEASE_PENDING'],Monitor until the governed prediction release requirements are satisfied,2026-06,NOT_ELIGIBLE,,officer-decision-v1,alert-policy-v1
PRH-709777,2026-06,,PREDICTION_WITHHELD,,WITHHELD,,['MODEL_RELEASE_PENDING'],Monitor until the governed prediction release requirements are satisfied,2026-06,NOT_ELIGIBLE,,officer-decision-v1,alert-policy-v1
PRH-709778,2026-06,,PREDICTION_WITHHELD,,WITHHELD,,['MODEL_RELEASE_PENDING'],Monitor until the governed prediction release requirements are satisfied,2026-06,NOT_ELIGIBLE,,officer-decision-v1,alert-policy-v1
PRH-709779,2026-06,,PREDICTION_WITHHELD,,WITHHELD,,['MODEL_RELEASE_PENDING'],Monitor until the governed prediction release requirements are satisfied,2026-06,NOT_ELIGIBLE,,officer-decision-v1,alert-policy-v1
PRH-709780,2026-06,,PREDICTION_WITHHELD,,WITHHELD,,['MODEL_RELEASE_PENDING'],Monitor until the governed prediction release requirements are satisfied,2026-06,NOT_ELIGIBLE,,officer-decision-v1,alert-policy-v1
PRH-709781,2026-06,,PREDICTION_WITHHELD,,WITHHELD,,['MODEL_RELEASE_PENDING'],Monitor until the governed prediction release requirements are satisfied,2026-06,NOT_ELIGIBLE,,officer-decision-v1,alert-policy-v1
PRH-709782,2026-06,,DATA_VERIFICATION_REQUIRED,,WITHHELD,,"['STALE_UPDATE', 'SOURCE_GAP', 'INSUFFICIENT_HISTORY', 'FEATURES_INSUFFICIENT', 'SCHEMA_VERIFICATION', 'SOURCE_PROVENANCE_VERIFICATION']",Review latest project update and verify missing or inconsistent reporting evidence,2026-05,NOT_ELIGIBLE,,officer-decision-v1,alert-policy-v1
PRH-709783,2026-06,,DATA_VERIFICATION_REQUIRED,,WITHHELD,,['INSUFFICIENT_HISTORY'],Review latest project update and verify missing or inconsistent reporting evidence,2026-06,NOT_ELIGIBLE,,officer-decision-v1,alert-policy-v1
PRH-709785,2026-06,,PREDICTION_WITHHELD,,WITHHELD,,['MODEL_RELEASE_PENDING'],Monitor until the governed prediction release requirements are satisfied,2026-06,NOT_ELIGIBLE,,officer-decision-v1,alert-policy-v1
PRH-709786,2026-06,,PREDICTION_WITHHELD,,WITHHELD,,['MODEL_RELEASE_PENDING'],Monitor until the governed prediction release requirements are satisfied,2026-06,NOT_ELIGIBLE,,officer-decision-v1,alert-policy-v1
PRH-709789,2026-06,,DATA_VERIFICATION_REQUIRED,,WITHHELD,,"['STALE_UPDATE', 'SOURCE_GAP', 'INSUFFICIENT_HISTORY', 'FEATURES_INSUFFICIENT', 'SCHEMA_VERIFICATION', 'SOURCE_PROVENANCE_VERIFICATION']",Review latest project update and verify missing or inconsistent reporting evidence,2026-01,NOT_ELIGIBLE,,officer-decision-v1,alert-policy-v1
PRH-709790,2026-06,,DATA_VERIFICATION_REQUIRED,,WITHHELD,,"['STALE_UPDATE', 'SOURCE_GAP', 'INSUFFICIENT_HISTORY', 'FEATURES_INSUFFICIENT', 'SCHEMA_VERIFICATION', 'SOURCE_PROVENANCE_VERIFICATION']",Review latest project update and verify missing or inconsistent reporting evidence,2026-01,NOT_ELIGIBLE,,officer-decision-v1,alert-policy-v1
PRH-709791,2026-06,,PREDICTION_WITHHELD,,WITHHELD,,['MODEL_RELEASE_PENDING'],Monitor until the governed prediction release requirements are satisfied,2026-06,NOT_ELIGIBLE,,officer-decision-v1,alert-policy-v1
PRH-709792,2026-06,,PREDICTION_WITHHELD,,WITHHELD,,['MODEL_RELEASE_PENDING'],Monitor until the governed prediction release requirements are satisfied,2026-06,NOT_ELIGIBLE,,officer-decision-v1,alert-policy-v1
PRH-709793,2026-06,,PREDICTION_WITHHELD,,WITHHELD,,['MODEL_RELEASE_PENDING'],Monitor until the governed prediction release requirements are satisfied,2026-06,NOT_ELIGIBLE,,officer-decision-v1,alert-policy-v1
PRH-709794,2026-06,,PREDICTION_WITHHELD,,WITHHELD,,['MODEL_RELEASE_PENDING'],Monitor until the governed prediction release requirements are satisfied,2026-06,NOT_ELIGIBLE,,officer-decision-v1,alert-policy-v1
PRH-709795,2026-06,,PREDICTION_WITHHELD,,WITHHELD,,['MODEL_RELEASE_PENDING'],Monitor until the governed prediction release requirements are satisfied,2026-06,NOT_ELIGIBLE,,officer-decision-v1,alert-policy-v1
PRH-709796,2026-06,,PREDICTION_WITHHELD,,WITHHELD,,['MODEL_RELEASE_PENDING'],Monitor until the governed prediction release requirements are satisfied,2026-06,NOT_ELIGIBLE,,officer-decision-v1,alert-policy-v1
PRH-709797,2026-06,,PREDICTION_WITHHELD,,WITHHELD,,['MODEL_RELEASE_PENDING'],Monitor until the governed prediction release requirements are satisfied,2026-06,NOT_ELIGIBLE,,officer-decision-v1,alert-policy-v1
PRH-709798,2026-06,,PREDICTION_WITHHELD,,WITHHELD,,['MODEL_RELEASE_PENDING'],Monitor until the governed prediction release requirements are satisfied,2026-06,NOT_ELIGIBLE,,officer-decision-v1,alert-policy-v1
PRH-709799,2026-06,,PREDICTION_WITHHELD,,WITHHELD,,['MODEL_RELEASE_PENDING'],Monitor until the governed prediction release requirements are satisfied,2026-06,NOT_ELIGIBLE,,officer-decision-v1,alert-policy-v1
PRH-709800,2026-06,,DATA_VERIFICATION_REQUIRED,,WITHHELD,,['INSUFFICIENT_HISTORY'],Review latest project update and verify missing or inconsistent reporting evidence,2026-06,NOT_ELIGIBLE,,officer-decision-v1,alert-policy-v1
PRH-709801,2026-06,,DATA_VERIFICATION_REQUIRED,,WITHHELD,,"['STALE_UPDATE', 'SOURCE_GAP', 'INSUFFICIENT_HISTORY', 'FEATURES_INSUFFICIENT', 'SCHEMA_VERIFICATION', 'SOURCE_PROVENANCE_VERIFICATION']",Review latest project update and verify missing or inconsistent reporting evidence,2025-07,NOT_ELIGIBLE,,officer-decision-v1,alert-policy-v1
PRH-709808,2026-06,,DATA_VERIFICATION_REQUIRED,,WITHHELD,,"['STALE_UPDATE', 'SOURCE_GAP', 'INSUFFICIENT_HISTORY', 'FEATURES_INSUFFICIENT', 'SCHEMA_VERIFICATION', 'SOURCE_PROVENANCE_VERIFICATION']",Review latest project update and verify missing or inconsistent reporting evidence,2025-11,NOT_ELIGIBLE,,officer-decision-v1,alert-policy-v1
PRH-709809,2026-06,,DATA_VERIFICATION_REQUIRED,,WITHHELD,,"['STALE_UPDATE', 'SOURCE_GAP', 'INSUFFICIENT_HISTORY', 'FEATURES_INSUFFICIENT', 'SCHEMA_VERIFICATION', 'SOURCE_PROVENANCE_VERIFICATION']",Review latest project update and verify missing or inconsistent reporting evidence,2025-08,NOT_ELIGIBLE,,officer-decision-v1,alert-policy-v1
PRH-709810,2026-06,,DATA_VERIFICATION_REQUIRED,,WITHHELD,,"['STALE_UPDATE', 'SOURCE_GAP', 'INSUFFICIENT_HISTORY', 'FEATURES_INSUFFICIENT', 'SCHEMA_VERIFICATION', 'SOURCE_PROVENANCE_VERIFICATION']",Review latest project update and verify missing or inconsistent reporting evidence,2025-08,NOT_ELIGIBLE,,officer-decision-v1,alert-policy-v1
PRH-709811,2026-06,,DATA_VERIFICATION_REQUIRED,,WITHHELD,,"['SOURCE_GAP', 'INSUFFICIENT_HISTORY']",Review latest project update and verify missing or inconsistent reporting evidence,2026-06,NOT_ELIGIBLE,,officer-decision-v1,alert-policy-v1
PRH-709812,2026-06,,PREDICTION_WITHHELD,,WITHHELD,,['MODEL_RELEASE_PENDING'],Monitor until the governed prediction release requirements are satisfied,2026-06,NOT_ELIGIBLE,,officer-decision-v1,alert-policy-v1
PRH-709813,2026-06,,PREDICTION_WITHHELD,,WITHHELD,,['MODEL_RELEASE_PENDING'],Monitor until the governed prediction release requirements are satisfied,2026-06,NOT_ELIGIBLE,,officer-decision-v1,alert-policy-v1
PRH-709814,2026-06,,DATA_VERIFICATION_REQUIRED,,WITHHELD,,"['STALE_UPDATE', 'SOURCE_GAP', 'INSUFFICIENT_HISTORY', 'FEATURES_INSUFFICIENT', 'SCHEMA_VERIFICATION', 'SOURCE_PROVENANCE_VERIFICATION']",Review latest project update and verify missing or inconsistent reporting evidence,2025-09,NOT_ELIGIBLE,,officer-decision-v1,alert-policy-v1
PRH-709815,2026-06,,PREDICTION_WITHHELD,,WITHHELD,,['MODEL_RELEASE_PENDING'],Monitor until the governed prediction release requirements are satisfied,2026-06,NOT_ELIGIBLE,,officer-decision-v1,alert-policy-v1
PRH-709816,2026-06,,PREDICTION_WITHHELD,,WITHHELD,,['MODEL_RELEASE_PENDING'],Monitor until the governed prediction release requirements are satisfied,2026-06,NOT_ELIGIBLE,,officer-decision-v1,alert-policy-v1
PRH-709817,2026-06,,DATA_VERIFICATION_REQUIRED,,WITHHELD,,"['STALE_UPDATE', 'SOURCE_GAP', 'INSUFFICIENT_HISTORY', 'FEATURES_INSUFFICIENT', 'SCHEMA_VERIFICATION', 'SOURCE_PROVENANCE_VERIFICATION']",Review latest project update and verify missing or inconsistent reporting evidence,2026-05,NOT_ELIGIBLE,,officer-decision-v1,alert-policy-v1
PRH-709818,2026-06,,PREDICTION_WITHHELD,,WITHHELD,,['MODEL_RELEASE_PENDING'],Monitor until the governed prediction release requirements are satisfied,2026-06,NOT_ELIGIBLE,,officer-decision-v1,alert-policy-v1
PRH-709819,2026-06,,PREDICTION_WITHHELD,,WITHHELD,,['MODEL_RELEASE_PENDING'],Monitor until the governed prediction release requirements are satisfied,2026-06,NOT_ELIGIBLE,,officer-decision-v1,alert-policy-v1
PRH-709820,2026-06,,DATA_VERIFICATION_REQUIRED,,WITHHELD,,"['STALE_UPDATE', 'SOURCE_GAP', 'INSUFFICIENT_HISTORY', 'FEATURES_INSUFFICIENT', 'SCHEMA_VERIFICATION', 'SOURCE_PROVENANCE_VERIFICATION']",Review latest project update and verify missing or inconsistent reporting evidence,2025-07,NOT_ELIGIBLE,,officer-decision-v1,alert-policy-v1
PRH-709826,2026-06,,PREDICTION_WITHHELD,,WITHHELD,,['MODEL_RELEASE_PENDING'],Monitor until the governed prediction release requirements are satisfied,2026-06,NOT_ELIGIBLE,,officer-decision-v1,alert-policy-v1
PRH-709827,2026-06,,NO_REVIEW_SIGNAL,,WITHHELD,,['COMPLETED_PROJECT'],,2026-02,NOT_ELIGIBLE,,officer-decision-v1,alert-policy-v1
PRH-709829,2026-06,,DATA_VERIFICATION_REQUIRED,,WITHHELD,,"['STALE_UPDATE', 'SOURCE_GAP', 'INSUFFICIENT_HISTORY', 'FEATURES_INSUFFICIENT', 'SCHEMA_VERIFICATION', 'SOURCE_PROVENANCE_VERIFICATION']",Review latest project update and verify missing or inconsistent reporting evidence,2025-10,NOT_ELIGIBLE,,officer-decision-v1,alert-policy-v1
PRH-709830,2026-06,,DATA_VERIFICATION_REQUIRED,,WITHHELD,,"['STALE_UPDATE', 'SOURCE_GAP', 'INSUFFICIENT_HISTORY', 'FEATURES_INSUFFICIENT', 'SCHEMA_VERIFICATION', 'SOURCE_PROVENANCE_VERIFICATION']",Review latest project update and verify missing or inconsistent reporting evidence,2026-02,NOT_ELIGIBLE,,officer-decision-v1,alert-policy-v1
PRH-709831,2026-06,,PREDICTION_WITHHELD,,WITHHELD,,['MODEL_RELEASE_PENDING'],Monitor until the governed prediction release requirements are satisfied,2026-06,NOT_ELIGIBLE,,officer-decision-v1,alert-policy-v1
PRH-709832,2026-06,,PREDICTION_WITHHELD,,WITHHELD,,['MODEL_RELEASE_PENDING'],Monitor until the governed prediction release requirements are satisfied,2026-06,NOT_ELIGIBLE,,officer-decision-v1,alert-policy-v1
PRH-709837,2026-06,,DATA_VERIFICATION_REQUIRED,,WITHHELD,,['INSUFFICIENT_HISTORY'],Review latest project update and verify missing or inconsistent reporting evidence,2026-06,NOT_ELIGIBLE,,officer-decision-v1,alert-policy-v1
PRH-709838,2026-06,,PREDICTION_WITHHELD,,WITHHELD,,['MODEL_RELEASE_PENDING'],Monitor until the governed prediction release requirements are satisfied,2026-06,NOT_ELIGIBLE,,officer-decision-v1,alert-policy-v1
PRH-709839,2026-06,,PREDICTION_WITHHELD,,WITHHELD,,['MODEL_RELEASE_PENDING'],Monitor until the governed prediction release requirements are satisfied,2026-06,NOT_ELIGIBLE,,officer-decision-v1,alert-policy-v1
PRH-709840,2026-06,,PREDICTION_WITHHELD,,WITHHELD,,['MODEL_RELEASE_PENDING'],Monitor until the governed prediction release requirements are satisfied,2026-06,NOT_ELIGIBLE,,officer-decision-v1,alert-policy-v1
PRH-709841,2026-06,,PREDICTION_WITHHELD,,WITHHELD,,['MODEL_RELEASE_PENDING'],Monitor until the governed prediction release requirements are satisfied,2026-06,NOT_ELIGIBLE,,officer-decision-v1,alert-policy-v1
PRH-709842,2026-06,,PREDICTION_WITHHELD,,WITHHELD,,['MODEL_RELEASE_PENDING'],Monitor until the governed prediction release requirements are satisfied,2026-06,NOT_ELIGIBLE,,officer-decision-v1,alert-policy-v1
PRH-709845,2026-06,,PREDICTION_WITHHELD,,WITHHELD,,['MODEL_RELEASE_PENDING'],Monitor until the governed prediction release requirements are satisfied,2026-06,NOT_ELIGIBLE,,officer-decision-v1,alert-policy-v1
PRH-709846,2026-06,,DATA_VERIFICATION_REQUIRED,,WITHHELD,,"['STALE_UPDATE', 'SOURCE_GAP', 'INSUFFICIENT_HISTORY', 'FEATURES_INSUFFICIENT', 'SCHEMA_VERIFICATION', 'SOURCE_PROVENANCE_VERIFICATION']",Review latest project update and verify missing or inconsistent reporting evidence,2026-02,NOT_ELIGIBLE,,officer-decision-v1,alert-policy-v1
PRH-709847,2026-06,,PREDICTION_WITHHELD,,WITHHELD,,['MODEL_RELEASE_PENDING'],Monitor until the governed prediction release requirements are satisfied,2026-06,NOT_ELIGIBLE,,officer-decision-v1,alert-policy-v1
PRH-709848,2026-06,,PREDICTION_WITHHELD,,WITHHELD,,['MODEL_RELEASE_PENDING'],Monitor until the governed prediction release requirements are satisfied,2026-06,NOT_ELIGIBLE,,officer-decision-v1,alert-policy-v1
PRH-709849,2026-06,,PREDICTION_WITHHELD,,WITHHELD,,['MODEL_RELEASE_PENDING'],Monitor until the governed prediction release requirements are satisfied,2026-06,NOT_ELIGIBLE,,officer-decision-v1,alert-policy-v1
PRH-709850,2026-06,,PREDICTION_WITHHELD,,WITHHELD,,['MODEL_RELEASE_PENDING'],Monitor until the governed prediction release requirements are satisfied,2026-06,NOT_ELIGIBLE,,officer-decision-v1,alert-policy-v1
PRH-709851,2026-06,,PREDICTION_WITHHELD,,WITHHELD,,['MODEL_RELEASE_PENDING'],Monitor until the governed prediction release requirements are satisfied,2026-06,NOT_ELIGIBLE,,officer-decision-v1,alert-policy-v1
PRH-709855,2026-06,,NO_REVIEW_SIGNAL,,WITHHELD,,['COMPLETED_PROJECT'],,2025-07,NOT_ELIGIBLE,,officer-decision-v1,alert-policy-v1
PRH-709856,2026-06,,PREDICTION_WITHHELD,,WITHHELD,,['MODEL_RELEASE_PENDING'],Monitor until the governed prediction release requirements are satisfied,2026-06,NOT_ELIGIBLE,,officer-decision-v1,alert-policy-v1
PRH-709857,2026-06,,PREDICTION_WITHHELD,,WITHHELD,,['MODEL_RELEASE_PENDING'],Monitor until the governed prediction release requirements are satisfied,2026-06,NOT_ELIGIBLE,,officer-decision-v1,alert-policy-v1
PRH-709858,2026-06,,NO_REVIEW_SIGNAL,,WITHHELD,,['COMPLETED_PROJECT'],,2025-11,NOT_ELIGIBLE,,officer-decision-v1,alert-policy-v1
PRH-709859,2026-06,,PREDICTION_WITHHELD,,WITHHELD,,['MODEL_RELEASE_PENDING'],Monitor until the governed prediction release requirements are satisfied,2026-06,NOT_ELIGIBLE,,officer-decision-v1,alert-policy-v1
PRH-709864,2026-06,,PREDICTION_WITHHELD,,WITHHELD,,['MODEL_RELEASE_PENDING'],Monitor until the governed prediction release requirements are satisfied,2026-06,NOT_ELIGIBLE,,officer-decision-v1,alert-policy-v1
PRH-709865,2026-06,,PREDICTION_WITHHELD,,WITHHELD,,['MODEL_RELEASE_PENDING'],Monitor until the governed prediction release requirements are satisfied,2026-06,NOT_ELIGIBLE,,officer-decision-v1,alert-policy-v1
PRH-900808,2026-06,,DATA_VERIFICATION_REQUIRED,,WITHHELD,,"['STALE_UPDATE', 'SOURCE_GAP', 'INSUFFICIENT_HISTORY', 'FEATURES_INSUFFICIENT', 'SCHEMA_VERIFICATION', 'SOURCE_PROVENANCE_VERIFICATION']",Review latest project update and verify missing or inconsistent reporting evidence,2026-05,NOT_ELIGIBLE,,officer-decision-v1,alert-policy-v1
PRH-900872,2026-06,,DATA_VERIFICATION_REQUIRED,,WITHHELD,,"['STALE_UPDATE', 'SOURCE_GAP', 'INSUFFICIENT_HISTORY', 'FEATURES_INSUFFICIENT', 'SCHEMA_VERIFICATION', 'SOURCE_PROVENANCE_VERIFICATION']",Review latest project update and verify missing or inconsistent reporting evidence,2025-08,NOT_ELIGIBLE,,officer-decision-v1,alert-policy-v1
PRH-900874,2026-06,,DATA_VERIFICATION_REQUIRED,,WITHHELD,,['INSUFFICIENT_HISTORY'],Review latest project update and verify missing or inconsistent reporting evidence,2026-06,NOT_ELIGIBLE,,officer-decision-v1,alert-policy-v1
PRH-N02000010,2026-06,,NO_REVIEW_SIGNAL,,WITHHELD,,['COMPLETED_PROJECT'],,2024-07,NOT_ELIGIBLE,,officer-decision-v1,alert-policy-v1
PRH-N02000027,2026-06,,DATA_VERIFICATION_REQUIRED,,WITHHELD,,"['STALE_UPDATE', 'SOURCE_GAP', 'INSUFFICIENT_HISTORY', 'FEATURES_INSUFFICIENT', 'SCHEMA_VERIFICATION', 'SOURCE_PROVENANCE_VERIFICATION']",Review latest project update and verify missing or inconsistent reporting evidence,2024-07,NOT_ELIGIBLE,,officer-decision-v1,alert-policy-v1
PRH-N02000028,2026-06,,DATA_VERIFICATION_REQUIRED,,WITHHELD,,"['STALE_UPDATE', 'SOURCE_GAP', 'INSUFFICIENT_HISTORY', 'FEATURES_INSUFFICIENT', 'SCHEMA_VERIFICATION', 'SOURCE_PROVENANCE_VERIFICATION']",Review latest project update and verify missing or inconsistent reporting evidence,2024-07,NOT_ELIGIBLE,,officer-decision-v1,alert-policy-v1
PRH-N02000029,2026-06,,DATA_VERIFICATION_REQUIRED,,WITHHELD,,"['STALE_UPDATE', 'SOURCE_GAP', 'INSUFFICIENT_HISTORY', 'FEATURES_INSUFFICIENT', 'SCHEMA_VERIFICATION', 'SOURCE_PROVENANCE_VERIFICATION']",Review latest project update and verify missing or inconsistent reporting evidence,2024-07,NOT_ELIGIBLE,,officer-decision-v1,alert-policy-v1
PRH-N04000073,2026-06,,NO_REVIEW_SIGNAL,,WITHHELD,,['COMPLETED_PROJECT'],,2025-06,NOT_ELIGIBLE,,officer-decision-v1,alert-policy-v1
PRH-N04000074,2026-06,,DATA_VERIFICATION_REQUIRED,,WITHHELD,,"['STALE_UPDATE', 'SOURCE_GAP', 'INSUFFICIENT_HISTORY', 'FEATURES_INSUFFICIENT', 'SCHEMA_VERIFICATION', 'SOURCE_PROVENANCE_VERIFICATION']",Review latest project update and verify missing or inconsistent reporting evidence,2025-06,NOT_ELIGIBLE,,officer-decision-v1,alert-policy-v1
PRH-N04000075,2026-06,,NO_REVIEW_SIGNAL,,WITHHELD,,['COMPLETED_PROJECT'],,2025-03,NOT_ELIGIBLE,,officer-decision-v1,alert-policy-v1
PRH-N04000076,2026-06,,NO_REVIEW_SIGNAL,,WITHHELD,,['COMPLETED_PROJECT'],,2025-06,NOT_ELIGIBLE,,officer-decision-v1,alert-policy-v1
PRH-N04000077,2026-06,,DATA_VERIFICATION_REQUIRED,,WITHHELD,,"['STALE_UPDATE', 'SOURCE_GAP', 'INSUFFICIENT_HISTORY', 'FEATURES_INSUFFICIENT', 'SCHEMA_VERIFICATION', 'SOURCE_PROVENANCE_VERIFICATION']",Review latest project update and verify missing or inconsistent reporting evidence,2025-06,NOT_ELIGIBLE,,officer-decision-v1,alert-policy-v1
PRH-N04000079,2026-06,,NO_REVIEW_SIGNAL,,WITHHELD,,['COMPLETED_PROJECT'],,2025-06,NOT_ELIGIBLE,,officer-decision-v1,alert-policy-v1
PRH-N04000080,2026-06,,NO_REVIEW_SIGNAL,,WITHHELD,,['COMPLETED_PROJECT'],,2025-06,NOT_ELIGIBLE,,officer-decision-v1,alert-policy-v1
PRH-N04000081,2026-06,,NO_REVIEW_SIGNAL,,WITHHELD,,['COMPLETED_PROJECT'],,2025-06,NOT_ELIGIBLE,,officer-decision-v1,alert-policy-v1
PRH-N04000085,2026-06,,NO_REVIEW_SIGNAL,,WITHHELD,,['COMPLETED_PROJECT'],,2025-06,NOT_ELIGIBLE,,officer-decision-v1,alert-policy-v1
PRH-N04000086,2026-06,,NO_REVIEW_SIGNAL,,WITHHELD,,['COMPLETED_PROJECT'],,2025-03,NOT_ELIGIBLE,,officer-decision-v1,alert-policy-v1
PRH-N04000087,2026-06,,NO_REVIEW_SIGNAL,,WITHHELD,,['COMPLETED_PROJECT'],,2025-06,NOT_ELIGIBLE,,officer-decision-v1,alert-policy-v1
PRH-N04000088,2026-06,,NO_REVIEW_SIGNAL,,WITHHELD,,['COMPLETED_PROJECT'],,2025-06,NOT_ELIGIBLE,,officer-decision-v1,alert-policy-v1
PRH-N04000089,2026-06,,NO_REVIEW_SIGNAL,,WITHHELD,,['COMPLETED_PROJECT'],,2025-03,NOT_ELIGIBLE,,officer-decision-v1,alert-policy-v1
PRH-N04000090,2026-06,,NO_REVIEW_SIGNAL,,WITHHELD,,['COMPLETED_PROJECT'],,2025-06,NOT_ELIGIBLE,,officer-decision-v1,alert-policy-v1
PRH-N04000092,2026-06,,DATA_VERIFICATION_REQUIRED,,WITHHELD,,"['STALE_UPDATE', 'SOURCE_GAP', 'INSUFFICIENT_HISTORY', 'FEATURES_INSUFFICIENT', 'SCHEMA_VERIFICATION', 'SOURCE_PROVENANCE_VERIFICATION']",Review latest project update and verify missing or inconsistent reporting evidence,2025-06,NOT_ELIGIBLE,,officer-decision-v1,alert-policy-v1
PRH-N04000093,2026-06,,NO_REVIEW_SIGNAL,,WITHHELD,,['COMPLETED_PROJECT'],,2025-06,NOT_ELIGIBLE,,officer-decision-v1,alert-policy-v1
PRH-N04000094,2026-06,,DATA_VERIFICATION_REQUIRED,,WITHHELD,,"['STALE_UPDATE', 'SOURCE_GAP', 'INSUFFICIENT_HISTORY', 'FEATURES_INSUFFICIENT', 'SCHEMA_VERIFICATION', 'SOURCE_PROVENANCE_VERIFICATION']",Review latest project update and verify missing or inconsistent reporting evidence,2025-06,NOT_ELIGIBLE,,officer-decision-v1,alert-policy-v1
PRH-N04000096,2026-06,,NO_REVIEW_SIGNAL,,WITHHELD,,['COMPLETED_PROJECT'],,2025-06,NOT_ELIGIBLE,,officer-decision-v1,alert-policy-v1
PRH-N04000098,2026-06,,NO_REVIEW_SIGNAL,,WITHHELD,,['COMPLETED_PROJECT'],,2025-06,NOT_ELIGIBLE,,officer-decision-v1,alert-policy-v1
PRH-N04000102,2026-06,,DATA_VERIFICATION_REQUIRED,,WITHHELD,,"['STALE_UPDATE', 'SOURCE_GAP', 'INSUFFICIENT_HISTORY', 'FEATURES_INSUFFICIENT', 'SCHEMA_VERIFICATION', 'SOURCE_PROVENANCE_VERIFICATION']",Review latest project update and verify missing or inconsistent reporting evidence,2025-06,NOT_ELIGIBLE,,officer-decision-v1,alert-policy-v1
PRH-N06000008,2026-06,,DATA_VERIFICATION_REQUIRED,,WITHHELD,,"['STALE_UPDATE', 'SOURCE_GAP', 'INSUFFICIENT_HISTORY', 'FEATURES_INSUFFICIENT', 'SCHEMA_VERIFICATION', 'SOURCE_PROVENANCE_VERIFICATION']",Review latest project update and verify missing or inconsistent reporting evidence,2025-01,NOT_ELIGIBLE,,officer-decision-v1,alert-policy-v1
PRH-N06000076,2026-06,,DATA_VERIFICATION_REQUIRED,,WITHHELD,,"['STALE_UPDATE', 'SOURCE_GAP', 'INSUFFICIENT_HISTORY', 'FEATURES_INSUFFICIENT', 'SCHEMA_VERIFICATION', 'SOURCE_PROVENANCE_VERIFICATION']",Review latest project update and verify missing or inconsistent reporting evidence,2024-07,NOT_ELIGIBLE,,officer-decision-v1,alert-policy-v1
PRH-N06000083,2026-06,,DATA_VERIFICATION_REQUIRED,,WITHHELD,,"['STALE_UPDATE', 'SOURCE_GAP', 'INSUFFICIENT_HISTORY', 'FEATURES_INSUFFICIENT', 'SCHEMA_VERIFICATION', 'SOURCE_PROVENANCE_VERIFICATION']",Review latest project update and verify missing or inconsistent reporting evidence,2024-07,NOT_ELIGIBLE,,officer-decision-v1,alert-policy-v1
PRH-N06000088,2026-06,,DATA_VERIFICATION_REQUIRED,,WITHHELD,,"['STALE_UPDATE', 'SOURCE_GAP', 'INSUFFICIENT_HISTORY', 'FEATURES_INSUFFICIENT', 'SCHEMA_VERIFICATION', 'SOURCE_PROVENANCE_VERIFICATION']",Review latest project update and verify missing or inconsistent reporting evidence,2024-07,NOT_ELIGIBLE,,officer-decision-v1,alert-policy-v1
PRH-N06000095,2026-06,,DATA_VERIFICATION_REQUIRED,,WITHHELD,,"['STALE_UPDATE', 'SOURCE_GAP', 'INSUFFICIENT_HISTORY', 'FEATURES_INSUFFICIENT', 'SCHEMA_VERIFICATION', 'SOURCE_PROVENANCE_VERIFICATION']",Review latest project update and verify missing or inconsistent reporting evidence,2023-11,NOT_ELIGIBLE,,officer-decision-v1,alert-policy-v1
PRH-N06000104,2026-06,,DATA_VERIFICATION_REQUIRED,,WITHHELD,,"['STALE_UPDATE', 'SOURCE_GAP', 'INSUFFICIENT_HISTORY', 'FEATURES_INSUFFICIENT', 'SCHEMA_VERIFICATION', 'SOURCE_PROVENANCE_VERIFICATION']",Review latest project update and verify missing or inconsistent reporting evidence,2025-06,NOT_ELIGIBLE,,officer-decision-v1,alert-policy-v1
PRH-N06000106,2026-06,,DATA_VERIFICATION_REQUIRED,,WITHHELD,,"['STALE_UPDATE', 'SOURCE_GAP', 'INSUFFICIENT_HISTORY', 'FEATURES_INSUFFICIENT', 'SCHEMA_VERIFICATION', 'SOURCE_PROVENANCE_VERIFICATION']",Review latest project update and verify missing or inconsistent reporting evidence,2024-03,NOT_ELIGIBLE,,officer-decision-v1,alert-policy-v1
PRH-N06000117,2026-06,,DATA_VERIFICATION_REQUIRED,,WITHHELD,,"['STALE_UPDATE', 'SOURCE_GAP', 'INSUFFICIENT_HISTORY', 'FEATURES_INSUFFICIENT', 'SCHEMA_VERIFICATION', 'SOURCE_PROVENANCE_VERIFICATION']",Review latest project update and verify missing or inconsistent reporting evidence,2025-01,NOT_ELIGIBLE,,officer-decision-v1,alert-policy-v1
PRH-N06000122,2026-06,,DATA_VERIFICATION_REQUIRED,,WITHHELD,,"['STALE_UPDATE', 'SOURCE_GAP', 'INSUFFICIENT_HISTORY', 'FEATURES_INSUFFICIENT', 'SCHEMA_VERIFICATION', 'SOURCE_PROVENANCE_VERIFICATION']",Review latest project update and verify missing or inconsistent reporting evidence,2024-07,NOT_ELIGIBLE,,officer-decision-v1,alert-policy-v1
PRH-N06000124,2026-06,,DATA_VERIFICATION_REQUIRED,,WITHHELD,,"['STALE_UPDATE', 'SOURCE_GAP', 'INSUFFICIENT_HISTORY', 'FEATURES_INSUFFICIENT', 'SCHEMA_VERIFICATION', 'SOURCE_PROVENANCE_VERIFICATION']",Review latest project update and verify missing or inconsistent reporting evidence,2024-07,NOT_ELIGIBLE,,officer-decision-v1,alert-policy-v1
PRH-N06000126,2026-06,,NO_REVIEW_SIGNAL,,WITHHELD,,['COMPLETED_PROJECT'],,2025-01,NOT_ELIGIBLE,,officer-decision-v1,alert-policy-v1
PRH-N06000134,2026-06,,DATA_VERIFICATION_REQUIRED,,WITHHELD,,"['STALE_UPDATE', 'SOURCE_GAP', 'INSUFFICIENT_HISTORY', 'FEATURES_INSUFFICIENT', 'SCHEMA_VERIFICATION', 'SOURCE_PROVENANCE_VERIFICATION']",Review latest project update and verify missing or inconsistent reporting evidence,2024-07,NOT_ELIGIBLE,,officer-decision-v1,alert-policy-v1
PRH-N06000136,2026-06,,DATA_VERIFICATION_REQUIRED,,WITHHELD,,"['STALE_UPDATE', 'SOURCE_GAP', 'INSUFFICIENT_HISTORY', 'FEATURES_INSUFFICIENT', 'SCHEMA_VERIFICATION', 'SOURCE_PROVENANCE_VERIFICATION']",Review latest project update and verify missing or inconsistent reporting evidence,2024-07,NOT_ELIGIBLE,,officer-decision-v1,alert-policy-v1
PRH-N06000138,2026-06,,DATA_VERIFICATION_REQUIRED,,WITHHELD,,"['STALE_UPDATE', 'SOURCE_GAP', 'INSUFFICIENT_HISTORY', 'FEATURES_INSUFFICIENT', 'SCHEMA_VERIFICATION', 'SOURCE_PROVENANCE_VERIFICATION']",Review latest project update and verify missing or inconsistent reporting evidence,2023-11,NOT_ELIGIBLE,,officer-decision-v1,alert-policy-v1
PRH-N06000140,2026-06,,DATA_VERIFICATION_REQUIRED,,WITHHELD,,"['STALE_UPDATE', 'SOURCE_GAP', 'INSUFFICIENT_HISTORY', 'FEATURES_INSUFFICIENT', 'SCHEMA_VERIFICATION', 'SOURCE_PROVENANCE_VERIFICATION']",Review latest project update and verify missing or inconsistent reporting evidence,2024-07,NOT_ELIGIBLE,,officer-decision-v1,alert-policy-v1
PRH-N06000143,2026-06,,DATA_VERIFICATION_REQUIRED,,WITHHELD,,"['STALE_UPDATE', 'SOURCE_GAP', 'INSUFFICIENT_HISTORY', 'FEATURES_INSUFFICIENT', 'SCHEMA_VERIFICATION', 'SOURCE_PROVENANCE_VERIFICATION']",Review latest project update and verify missing or inconsistent reporting evidence,2024-07,NOT_ELIGIBLE,,officer-decision-v1,alert-policy-v1
PRH-N06000144,2026-06,,DATA_VERIFICATION_REQUIRED,,WITHHELD,,"['STALE_UPDATE', 'SOURCE_GAP', 'INSUFFICIENT_HISTORY', 'FEATURES_INSUFFICIENT', 'SCHEMA_VERIFICATION', 'SOURCE_PROVENANCE_VERIFICATION']",Review latest project update and verify missing or inconsistent reporting evidence,2023-11,NOT_ELIGIBLE,,officer-decision-v1,alert-policy-v1
PRH-N06000145,2026-06,,DATA_VERIFICATION_REQUIRED,,WITHHELD,,"['STALE_UPDATE', 'SOURCE_GAP', 'INSUFFICIENT_HISTORY', 'FEATURES_INSUFFICIENT', 'SCHEMA_VERIFICATION', 'SOURCE_PROVENANCE_VERIFICATION']",Review latest project update and verify missing or inconsistent reporting evidence,2023-11,NOT_ELIGIBLE,,officer-decision-v1,alert-policy-v1
PRH-N06000157,2026-06,,DATA_VERIFICATION_REQUIRED,,WITHHELD,,"['STALE_UPDATE', 'SOURCE_GAP', 'INSUFFICIENT_HISTORY', 'FEATURES_INSUFFICIENT', 'SCHEMA_VERIFICATION', 'SOURCE_PROVENANCE_VERIFICATION']",Review latest project update and verify missing or inconsistent reporting evidence,2024-11,NOT_ELIGIBLE,,officer-decision-v1,alert-policy-v1
PRH-N06000158,2026-06,,DATA_VERIFICATION_REQUIRED,,WITHHELD,,"['STALE_UPDATE', 'SOURCE_GAP', 'INSUFFICIENT_HISTORY', 'FEATURES_INSUFFICIENT', 'SCHEMA_VERIFICATION', 'SOURCE_PROVENANCE_VERIFICATION']",Review latest project update and verify missing or inconsistent reporting evidence,2024-07,NOT_ELIGIBLE,,officer-decision-v1,alert-policy-v1
PRH-N06000159,2026-06,,DATA_VERIFICATION_REQUIRED,,WITHHELD,,"['STALE_UPDATE', 'SOURCE_GAP', 'INSUFFICIENT_HISTORY', 'FEATURES_INSUFFICIENT', 'SCHEMA_VERIFICATION', 'SOURCE_PROVENANCE_VERIFICATION']",Review latest project update and verify missing or inconsistent reporting evidence,2024-03,NOT_ELIGIBLE,,officer-decision-v1,alert-policy-v1
PRH-N06000161,2026-06,,DATA_VERIFICATION_REQUIRED,,WITHHELD,,"['STALE_UPDATE', 'SOURCE_GAP', 'INSUFFICIENT_HISTORY', 'FEATURES_INSUFFICIENT', 'SCHEMA_VERIFICATION', 'SOURCE_PROVENANCE_VERIFICATION']",Review latest project update and verify missing or inconsistent reporting evidence,2025-06,NOT_ELIGIBLE,,officer-decision-v1,alert-policy-v1
PRH-N06000162,2026-06,,NO_REVIEW_SIGNAL,,WITHHELD,,['COMPLETED_PROJECT'],,2025-01,NOT_ELIGIBLE,,officer-decision-v1,alert-policy-v1
PRH-N06000172,2026-06,,DATA_VERIFICATION_REQUIRED,,WITHHELD,,"['STALE_UPDATE', 'SOURCE_GAP', 'INSUFFICIENT_HISTORY', 'FEATURES_INSUFFICIENT', 'SCHEMA_VERIFICATION', 'SOURCE_PROVENANCE_VERIFICATION']",Review latest project update and verify missing or inconsistent reporting evidence,2024-07,NOT_ELIGIBLE,,officer-decision-v1,alert-policy-v1
PRH-N06000173,2026-06,,DATA_VERIFICATION_REQUIRED,,WITHHELD,,"['STALE_UPDATE', 'SOURCE_GAP', 'INSUFFICIENT_HISTORY', 'FEATURES_INSUFFICIENT', 'SCHEMA_VERIFICATION', 'SOURCE_PROVENANCE_VERIFICATION']",Review latest project update and verify missing or inconsistent reporting evidence,2024-03,NOT_ELIGIBLE,,officer-decision-v1,alert-policy-v1
PRH-N06000180,2026-06,,DATA_VERIFICATION_REQUIRED,,WITHHELD,,"['STALE_UPDATE', 'SOURCE_GAP', 'INSUFFICIENT_HISTORY', 'FEATURES_INSUFFICIENT', 'SCHEMA_VERIFICATION', 'SOURCE_PROVENANCE_VERIFICATION']",Review latest project update and verify missing or inconsistent reporting evidence,2024-11,NOT_ELIGIBLE,,officer-decision-v1,alert-policy-v1
PRH-N06000185,2026-06,,DATA_VERIFICATION_REQUIRED,,WITHHELD,,"['STALE_UPDATE', 'SOURCE_GAP', 'INSUFFICIENT_HISTORY', 'FEATURES_INSUFFICIENT', 'SCHEMA_VERIFICATION', 'SOURCE_PROVENANCE_VERIFICATION']",Review latest project update and verify missing or inconsistent reporting evidence,2024-07,NOT_ELIGIBLE,,officer-decision-v1,alert-policy-v1
PRH-N06000187,2026-06,,DATA_VERIFICATION_REQUIRED,,WITHHELD,,"['STALE_UPDATE', 'SOURCE_GAP', 'INSUFFICIENT_HISTORY', 'FEATURES_INSUFFICIENT', 'SCHEMA_VERIFICATION', 'SOURCE_PROVENANCE_VERIFICATION']",Review latest project update and verify missing or inconsistent reporting evidence,2023-11,NOT_ELIGIBLE,,officer-decision-v1,alert-policy-v1
PRH-N06000188,2026-06,,DATA_VERIFICATION_REQUIRED,,WITHHELD,,"['STALE_UPDATE', 'SOURCE_GAP', 'INSUFFICIENT_HISTORY', 'FEATURES_INSUFFICIENT', 'SCHEMA_VERIFICATION', 'SOURCE_PROVENANCE_VERIFICATION']",Review latest project update and verify missing or inconsistent reporting evidence,2023-11,NOT_ELIGIBLE,,officer-decision-v1,alert-policy-v1
PRH-N06000189,2026-06,,DATA_VERIFICATION_REQUIRED,,WITHHELD,,"['STALE_UPDATE', 'SOURCE_GAP', 'INSUFFICIENT_HISTORY', 'FEATURES_INSUFFICIENT', 'SCHEMA_VERIFICATION', 'SOURCE_PROVENANCE_VERIFICATION']",Review latest project update and verify missing or inconsistent reporting evidence,2025-04,NOT_ELIGIBLE,,officer-decision-v1,alert-policy-v1
PRH-N06000198,2026-06,,DATA_VERIFICATION_REQUIRED,,WITHHELD,,"['STALE_UPDATE', 'SOURCE_GAP', 'INSUFFICIENT_HISTORY', 'FEATURES_INSUFFICIENT', 'SCHEMA_VERIFICATION', 'SOURCE_PROVENANCE_VERIFICATION']",Review latest project update and verify missing or inconsistent reporting evidence,2025-06,NOT_ELIGIBLE,,officer-decision-v1,alert-policy-v1
PRH-N06000207,2026-06,,DATA_VERIFICATION_REQUIRED,,WITHHELD,,"['STALE_UPDATE', 'SOURCE_GAP', 'INSUFFICIENT_HISTORY', 'FEATURES_INSUFFICIENT', 'SCHEMA_VERIFICATION', 'SOURCE_PROVENANCE_VERIFICATION']",Review latest project update and verify missing or inconsistent reporting evidence,2024-07,NOT_ELIGIBLE,,officer-decision-v1,alert-policy-v1
PRH-N06000210,2026-06,,DATA_VERIFICATION_REQUIRED,,WITHHELD,,"['STALE_UPDATE', 'SOURCE_GAP', 'INSUFFICIENT_HISTORY', 'FEATURES_INSUFFICIENT', 'SCHEMA_VERIFICATION', 'SOURCE_PROVENANCE_VERIFICATION']",Review latest project update and verify missing or inconsistent reporting evidence,2025-06,NOT_ELIGIBLE,,officer-decision-v1,alert-policy-v1
PRH-N06000212,2026-06,,DATA_VERIFICATION_REQUIRED,,WITHHELD,,"['STALE_UPDATE', 'SOURCE_GAP', 'INSUFFICIENT_HISTORY', 'FEATURES_INSUFFICIENT', 'SCHEMA_VERIFICATION', 'SOURCE_PROVENANCE_VERIFICATION']",Review latest project update and verify missing or inconsistent reporting evidence,2023-11,NOT_ELIGIBLE,,officer-decision-v1,alert-policy-v1
PRH-N06000215,2026-06,,DATA_VERIFICATION_REQUIRED,,WITHHELD,,"['STALE_UPDATE', 'SOURCE_GAP', 'INSUFFICIENT_HISTORY', 'FEATURES_INSUFFICIENT', 'SCHEMA_VERIFICATION', 'SOURCE_PROVENANCE_VERIFICATION']",Review latest project update and verify missing or inconsistent reporting evidence,2023-11,NOT_ELIGIBLE,,officer-decision-v1,alert-policy-v1
PRH-N06000225,2026-06,,DATA_VERIFICATION_REQUIRED,,WITHHELD,,"['STALE_UPDATE', 'SOURCE_GAP', 'INSUFFICIENT_HISTORY', 'FEATURES_INSUFFICIENT', 'SCHEMA_VERIFICATION', 'SOURCE_PROVENANCE_VERIFICATION']",Review latest project update and verify missing or inconsistent reporting evidence,2023-10,NOT_ELIGIBLE,,officer-decision-v1,alert-policy-v1
PRH-N06000227,2026-06,,DATA_VERIFICATION_REQUIRED,,WITHHELD,,"['STALE_UPDATE', 'SOURCE_GAP', 'INSUFFICIENT_HISTORY', 'FEATURES_INSUFFICIENT', 'SCHEMA_VERIFICATION', 'SOURCE_PROVENANCE_VERIFICATION']",Review latest project update and verify missing or inconsistent reporting evidence,2024-12,NOT_ELIGIBLE,,officer-decision-v1,alert-policy-v1
PRH-N06000231,2026-06,,DATA_VERIFICATION_REQUIRED,,WITHHELD,,"['STALE_UPDATE', 'SOURCE_GAP', 'INSUFFICIENT_HISTORY', 'FEATURES_INSUFFICIENT', 'SCHEMA_VERIFICATION', 'SOURCE_PROVENANCE_VERIFICATION']",Review latest project update and verify missing or inconsistent reporting evidence,2025-01,NOT_ELIGIBLE,,officer-decision-v1,alert-policy-v1
PRH-N06000248,2026-06,,DATA_VERIFICATION_REQUIRED,,WITHHELD,,"['STALE_UPDATE', 'SOURCE_GAP', 'INSUFFICIENT_HISTORY', 'FEATURES_INSUFFICIENT', 'SCHEMA_VERIFICATION', 'SOURCE_PROVENANCE_VERIFICATION']",Review latest project update and verify missing or inconsistent reporting evidence,2025-01,NOT_ELIGIBLE,,officer-decision-v1,alert-policy-v1
PRH-N06000261,2026-06,,DATA_VERIFICATION_REQUIRED,,WITHHELD,,"['STALE_UPDATE', 'SOURCE_GAP', 'INSUFFICIENT_HISTORY', 'FEATURES_INSUFFICIENT', 'SCHEMA_VERIFICATION', 'SOURCE_PROVENANCE_VERIFICATION']",Review latest project update and verify missing or inconsistent reporting evidence,2024-12,NOT_ELIGIBLE,,officer-decision-v1,alert-policy-v1
PRH-N06000263,2026-06,,DATA_VERIFICATION_REQUIRED,,WITHHELD,,"['STALE_UPDATE', 'SOURCE_GAP', 'INSUFFICIENT_HISTORY', 'FEATURES_INSUFFICIENT', 'SCHEMA_VERIFICATION', 'SOURCE_PROVENANCE_VERIFICATION']",Review latest project update and verify missing or inconsistent reporting evidence,2024-03,NOT_ELIGIBLE,,officer-decision-v1,alert-policy-v1
PRH-N06000268,2026-06,,DATA_VERIFICATION_REQUIRED,,WITHHELD,,"['STALE_UPDATE', 'SOURCE_GAP', 'INSUFFICIENT_HISTORY', 'FEATURES_INSUFFICIENT', 'SCHEMA_VERIFICATION', 'SOURCE_PROVENANCE_VERIFICATION']",Review latest project update and verify missing or inconsistent reporting evidence,2024-03,NOT_ELIGIBLE,,officer-decision-v1,alert-policy-v1
PRH-N07000001,2026-06,,DATA_VERIFICATION_REQUIRED,,WITHHELD,,"['STALE_UPDATE', 'SOURCE_GAP', 'INSUFFICIENT_HISTORY', 'FEATURES_INSUFFICIENT', 'SCHEMA_VERIFICATION', 'SOURCE_PROVENANCE_VERIFICATION']",Review latest project update and verify missing or inconsistent reporting evidence,2025-06,NOT_ELIGIBLE,,officer-decision-v1,alert-policy-v1
PRH-N08000019,2026-06,,DATA_VERIFICATION_REQUIRED,,WITHHELD,,"['STALE_UPDATE', 'SOURCE_GAP', 'INSUFFICIENT_HISTORY', 'FEATURES_INSUFFICIENT', 'SCHEMA_VERIFICATION', 'SOURCE_PROVENANCE_VERIFICATION']",Review latest project update and verify missing or inconsistent reporting evidence,2023-08,NOT_ELIGIBLE,,officer-decision-v1,alert-policy-v1
PRH-N08000020,2026-06,,DATA_VERIFICATION_REQUIRED,,WITHHELD,,"['STALE_UPDATE', 'SOURCE_GAP', 'INSUFFICIENT_HISTORY', 'FEATURES_INSUFFICIENT', 'SCHEMA_VERIFICATION', 'SOURCE_PROVENANCE_VERIFICATION']",Review latest project update and verify missing or inconsistent reporting evidence,2023-08,NOT_ELIGIBLE,,officer-decision-v1,alert-policy-v1
PRH-N10000011,2026-06,,DATA_VERIFICATION_REQUIRED,,WITHHELD,,"['STALE_UPDATE', 'SOURCE_GAP', 'INSUFFICIENT_HISTORY', 'FEATURES_INSUFFICIENT', 'SCHEMA_VERIFICATION', 'SOURCE_PROVENANCE_VERIFICATION']",Review latest project update and verify missing or inconsistent reporting evidence,2025-06,NOT_ELIGIBLE,,officer-decision-v1,alert-policy-v1
PRH-N10000017,2026-06,,NO_REVIEW_SIGNAL,,WITHHELD,,['COMPLETED_PROJECT'],,2025-06,NOT_ELIGIBLE,,officer-decision-v1,alert-policy-v1
PRH-N12000086,2026-06,,DATA_VERIFICATION_REQUIRED,,WITHHELD,,"['STALE_UPDATE', 'SOURCE_GAP', 'INSUFFICIENT_HISTORY', 'FEATURES_INSUFFICIENT', 'SCHEMA_VERIFICATION', 'SOURCE_PROVENANCE_VERIFICATION']",Review latest project update and verify missing or inconsistent reporting evidence,2023-08,NOT_ELIGIBLE,,officer-decision-v1,alert-policy-v1
PRH-N12000103,2026-06,,DATA_VERIFICATION_REQUIRED,,WITHHELD,,"['STALE_UPDATE', 'SOURCE_GAP', 'INSUFFICIENT_HISTORY', 'FEATURES_INSUFFICIENT', 'SCHEMA_VERIFICATION', 'SOURCE_PROVENANCE_VERIFICATION']",Review latest project update and verify missing or inconsistent reporting evidence,2024-12,NOT_ELIGIBLE,,officer-decision-v1,alert-policy-v1
PRH-N12000122,2026-06,,DATA_VERIFICATION_REQUIRED,,WITHHELD,,"['STALE_UPDATE', 'SOURCE_GAP', 'INSUFFICIENT_HISTORY', 'FEATURES_INSUFFICIENT', 'SCHEMA_VERIFICATION', 'SOURCE_PROVENANCE_VERIFICATION']",Review latest project update and verify missing or inconsistent reporting evidence,2025-06,NOT_ELIGIBLE,,officer-decision-v1,alert-policy-v1
PRH-N12000123,2026-06,,DATA_VERIFICATION_REQUIRED,,WITHHELD,,"['STALE_UPDATE', 'SOURCE_GAP', 'INSUFFICIENT_HISTORY', 'FEATURES_INSUFFICIENT', 'SCHEMA_VERIFICATION', 'SOURCE_PROVENANCE_VERIFICATION']",Review latest project update and verify missing or inconsistent reporting evidence,2023-11,NOT_ELIGIBLE,,officer-decision-v1,alert-policy-v1
PRH-N12000125,2026-06,,DATA_VERIFICATION_REQUIRED,,WITHHELD,,"['STALE_UPDATE', 'SOURCE_GAP', 'INSUFFICIENT_HISTORY', 'FEATURES_INSUFFICIENT', 'SCHEMA_VERIFICATION', 'SOURCE_PROVENANCE_VERIFICATION']",Review latest project update and verify missing or inconsistent reporting evidence,2025-06,NOT_ELIGIBLE,,officer-decision-v1,alert-policy-v1
PRH-N12000126,2026-06,,NO_REVIEW_SIGNAL,,WITHHELD,,['COMPLETED_PROJECT'],,2024-06,NOT_ELIGIBLE,,officer-decision-v1,alert-policy-v1
PRH-N12000133,2026-06,,DATA_VERIFICATION_REQUIRED,,WITHHELD,,"['STALE_UPDATE', 'SOURCE_GAP', 'INSUFFICIENT_HISTORY', 'FEATURES_INSUFFICIENT', 'SCHEMA_VERIFICATION', 'SOURCE_PROVENANCE_VERIFICATION']",Review latest project update and verify missing or inconsistent reporting evidence,2025-06,NOT_ELIGIBLE,,officer-decision-v1,alert-policy-v1
PRH-N12000134,2026-06,,DATA_VERIFICATION_REQUIRED,,WITHHELD,,"['STALE_UPDATE', 'SOURCE_GAP', 'INSUFFICIENT_HISTORY', 'FEATURES_INSUFFICIENT', 'SCHEMA_VERIFICATION', 'SOURCE_PROVENANCE_VERIFICATION']",Review latest project update and verify missing or inconsistent reporting evidence,2025-06,NOT_ELIGIBLE,,officer-decision-v1,alert-policy-v1
PRH-N12000135,2026-06,,DATA_VERIFICATION_REQUIRED,,WITHHELD,,"['STALE_UPDATE', 'SOURCE_GAP', 'INSUFFICIENT_HISTORY', 'FEATURES_INSUFFICIENT', 'SCHEMA_VERIFICATION', 'SOURCE_PROVENANCE_VERIFICATION']",Review latest project update and verify missing or inconsistent reporting evidence,2025-06,NOT_ELIGIBLE,,officer-decision-v1,alert-policy-v1
PRH-N16000235,2026-06,,DATA_VERIFICATION_REQUIRED,,WITHHELD,,"['STALE_UPDATE', 'SOURCE_GAP', 'INSUFFICIENT_HISTORY', 'FEATURES_INSUFFICIENT', 'SCHEMA_VERIFICATION', 'SOURCE_PROVENANCE_VERIFICATION']",Review latest project update and verify missing or inconsistent reporting evidence,2025-01,NOT_ELIGIBLE,,officer-decision-v1,alert-policy-v1
PRH-N16000239,2026-06,,DATA_VERIFICATION_REQUIRED,,WITHHELD,,"['STALE_UPDATE', 'SOURCE_GAP', 'INSUFFICIENT_HISTORY', 'FEATURES_INSUFFICIENT', 'SCHEMA_VERIFICATION', 'SOURCE_PROVENANCE_VERIFICATION']",Review latest project update and verify missing or inconsistent reporting evidence,2025-01,NOT_ELIGIBLE,,officer-decision-v1,alert-policy-v1
PRH-N16000241,2026-06,,DATA_VERIFICATION_REQUIRED,,WITHHELD,,"['STALE_UPDATE', 'SOURCE_GAP', 'INSUFFICIENT_HISTORY', 'FEATURES_INSUFFICIENT', 'SCHEMA_VERIFICATION', 'SOURCE_PROVENANCE_VERIFICATION']",Review latest project update and verify missing or inconsistent reporting evidence,2023-11,NOT_ELIGIBLE,,officer-decision-v1,alert-policy-v1
PRH-N16000249,2026-06,,DATA_VERIFICATION_REQUIRED,,WITHHELD,,"['STALE_UPDATE', 'SOURCE_GAP', 'INSUFFICIENT_HISTORY', 'FEATURES_INSUFFICIENT', 'SCHEMA_VERIFICATION', 'SOURCE_PROVENANCE_VERIFICATION']",Review latest project update and verify missing or inconsistent reporting evidence,2024-02,NOT_ELIGIBLE,,officer-decision-v1,alert-policy-v1
PRH-N16000253,2026-06,,NO_REVIEW_SIGNAL,,WITHHELD,,['COMPLETED_PROJECT'],,2024-10,NOT_ELIGIBLE,,officer-decision-v1,alert-policy-v1
PRH-N16000283,2026-06,,DATA_VERIFICATION_REQUIRED,,WITHHELD,,"['STALE_UPDATE', 'SOURCE_GAP', 'INSUFFICIENT_HISTORY', 'FEATURES_INSUFFICIENT', 'SCHEMA_VERIFICATION', 'SOURCE_PROVENANCE_VERIFICATION']",Review latest project update and verify missing or inconsistent reporting evidence,2024-02,NOT_ELIGIBLE,,officer-decision-v1,alert-policy-v1
PRH-N16000289,2026-06,,DATA_VERIFICATION_REQUIRED,,WITHHELD,,"['STALE_UPDATE', 'SOURCE_GAP', 'INSUFFICIENT_HISTORY', 'FEATURES_INSUFFICIENT', 'SCHEMA_VERIFICATION', 'SOURCE_PROVENANCE_VERIFICATION']",Review latest project update and verify missing or inconsistent reporting evidence,2024-03,NOT_ELIGIBLE,,officer-decision-v1,alert-policy-v1
PRH-N16000314,2026-06,,DATA_VERIFICATION_REQUIRED,,WITHHELD,,"['STALE_UPDATE', 'SOURCE_GAP', 'INSUFFICIENT_HISTORY', 'FEATURES_INSUFFICIENT', 'SCHEMA_VERIFICATION', 'SOURCE_PROVENANCE_VERIFICATION']",Review latest project update and verify missing or inconsistent reporting evidence,2024-03,NOT_ELIGIBLE,,officer-decision-v1,alert-policy-v1
PRH-N16000321,2026-06,,DATA_VERIFICATION_REQUIRED,,WITHHELD,,"['STALE_UPDATE', 'SOURCE_GAP', 'INSUFFICIENT_HISTORY', 'FEATURES_INSUFFICIENT', 'SCHEMA_VERIFICATION', 'SOURCE_PROVENANCE_VERIFICATION']",Review latest project update and verify missing or inconsistent reporting evidence,2024-01,NOT_ELIGIBLE,,officer-decision-v1,alert-policy-v1
PRH-N16000323,2026-06,,DATA_VERIFICATION_REQUIRED,,WITHHELD,,"['STALE_UPDATE', 'SOURCE_GAP', 'INSUFFICIENT_HISTORY', 'FEATURES_INSUFFICIENT', 'SCHEMA_VERIFICATION', 'SOURCE_PROVENANCE_VERIFICATION']",Review latest project update and verify missing or inconsistent reporting evidence,2024-02,NOT_ELIGIBLE,,officer-decision-v1,alert-policy-v1
PRH-N16000324,2026-06,,DATA_VERIFICATION_REQUIRED,,WITHHELD,,"['STALE_UPDATE', 'SOURCE_GAP', 'INSUFFICIENT_HISTORY', 'FEATURES_INSUFFICIENT', 'SCHEMA_VERIFICATION', 'SOURCE_PROVENANCE_VERIFICATION']",Review latest project update and verify missing or inconsistent reporting evidence,2024-01,NOT_ELIGIBLE,,officer-decision-v1,alert-policy-v1
PRH-N16000327,2026-06,,DATA_VERIFICATION_REQUIRED,,WITHHELD,,"['STALE_UPDATE', 'SOURCE_GAP', 'INSUFFICIENT_HISTORY', 'FEATURES_INSUFFICIENT', 'SCHEMA_VERIFICATION', 'SOURCE_PROVENANCE_VERIFICATION']",Review latest project update and verify missing or inconsistent reporting evidence,2024-03,NOT_ELIGIBLE,,officer-decision-v1,alert-policy-v1
PRH-N16000328,2026-06,,DATA_VERIFICATION_REQUIRED,,WITHHELD,,"['STALE_UPDATE', 'SOURCE_GAP', 'INSUFFICIENT_HISTORY', 'FEATURES_INSUFFICIENT', 'SCHEMA_VERIFICATION', 'SOURCE_PROVENANCE_VERIFICATION']",Review latest project update and verify missing or inconsistent reporting evidence,2024-03,NOT_ELIGIBLE,,officer-decision-v1,alert-policy-v1
PRH-N16000329,2026-06,,DATA_VERIFICATION_REQUIRED,,WITHHELD,,"['STALE_UPDATE', 'SOURCE_GAP', 'INSUFFICIENT_HISTORY', 'FEATURES_INSUFFICIENT', 'SCHEMA_VERIFICATION', 'SOURCE_PROVENANCE_VERIFICATION']",Review latest project update and verify missing or inconsistent reporting evidence,2024-03,NOT_ELIGIBLE,,officer-decision-v1,alert-policy-v1
PRH-N16000332,2026-06,,DATA_VERIFICATION_REQUIRED,,WITHHELD,,"['STALE_UPDATE', 'SOURCE_GAP', 'INSUFFICIENT_HISTORY', 'FEATURES_INSUFFICIENT', 'SCHEMA_VERIFICATION', 'SOURCE_PROVENANCE_VERIFICATION']",Review latest project update and verify missing or inconsistent reporting evidence,2024-03,NOT_ELIGIBLE,,officer-decision-v1,alert-policy-v1
PRH-N16000334,2026-06,,DATA_VERIFICATION_REQUIRED,,WITHHELD,,"['STALE_UPDATE', 'SOURCE_GAP', 'INSUFFICIENT_HISTORY', 'FEATURES_INSUFFICIENT', 'SCHEMA_VERIFICATION', 'SOURCE_PROVENANCE_VERIFICATION']",Review latest project update and verify missing or inconsistent reporting evidence,2023-08,NOT_ELIGIBLE,,officer-decision-v1,alert-policy-v1
PRH-N16000340,2026-06,,DATA_VERIFICATION_REQUIRED,,WITHHELD,,"['STALE_UPDATE', 'SOURCE_GAP', 'INSUFFICIENT_HISTORY', 'FEATURES_INSUFFICIENT', 'SCHEMA_VERIFICATION', 'SOURCE_PROVENANCE_VERIFICATION']",Review latest project update and verify missing or inconsistent reporting evidence,2023-11,NOT_ELIGIBLE,,officer-decision-v1,alert-policy-v1
PRH-N16000342,2026-06,,DATA_VERIFICATION_REQUIRED,,WITHHELD,,"['STALE_UPDATE', 'SOURCE_GAP', 'INSUFFICIENT_HISTORY', 'FEATURES_INSUFFICIENT', 'SCHEMA_VERIFICATION', 'SOURCE_PROVENANCE_VERIFICATION']",Review latest project update and verify missing or inconsistent reporting evidence,2023-07,NOT_ELIGIBLE,,officer-decision-v1,alert-policy-v1
PRH-N16000343,2026-06,,NO_REVIEW_SIGNAL,,WITHHELD,,['COMPLETED_PROJECT'],,2025-03,NOT_ELIGIBLE,,officer-decision-v1,alert-policy-v1
PRH-N16000345,2026-06,,DATA_VERIFICATION_REQUIRED,,WITHHELD,,"['STALE_UPDATE', 'SOURCE_GAP', 'INSUFFICIENT_HISTORY', 'FEATURES_INSUFFICIENT', 'SCHEMA_VERIFICATION', 'SOURCE_PROVENANCE_VERIFICATION']",Review latest project update and verify missing or inconsistent reporting evidence,2023-09,NOT_ELIGIBLE,,officer-decision-v1,alert-policy-v1
PRH-N16000349,2026-06,,DATA_VERIFICATION_REQUIRED,,WITHHELD,,"['STALE_UPDATE', 'SOURCE_GAP', 'INSUFFICIENT_HISTORY', 'FEATURES_INSUFFICIENT', 'SCHEMA_VERIFICATION', 'SOURCE_PROVENANCE_VERIFICATION']",Review latest project update and verify missing or inconsistent reporting evidence,2024-03,NOT_ELIGIBLE,,officer-decision-v1,alert-policy-v1
PRH-N16000351,2026-06,,DATA_VERIFICATION_REQUIRED,,WITHHELD,,"['STALE_UPDATE', 'SOURCE_GAP', 'INSUFFICIENT_HISTORY', 'FEATURES_INSUFFICIENT', 'SCHEMA_VERIFICATION', 'SOURCE_PROVENANCE_VERIFICATION']",Review latest project update and verify missing or inconsistent reporting evidence,2024-02,NOT_ELIGIBLE,,officer-decision-v1,alert-policy-v1
PRH-N16000352,2026-06,,DATA_VERIFICATION_REQUIRED,,WITHHELD,,"['STALE_UPDATE', 'SOURCE_GAP', 'INSUFFICIENT_HISTORY', 'FEATURES_INSUFFICIENT', 'SCHEMA_VERIFICATION', 'SOURCE_PROVENANCE_VERIFICATION']",Review latest project update and verify missing or inconsistent reporting evidence,2024-01,NOT_ELIGIBLE,,officer-decision-v1,alert-policy-v1
PRH-N16000358,2026-06,,DATA_VERIFICATION_REQUIRED,,WITHHELD,,"['STALE_UPDATE', 'SOURCE_GAP', 'INSUFFICIENT_HISTORY', 'FEATURES_INSUFFICIENT', 'SCHEMA_VERIFICATION', 'SOURCE_PROVENANCE_VERIFICATION']",Review latest project update and verify missing or inconsistent reporting evidence,2025-03,NOT_ELIGIBLE,,officer-decision-v1,alert-policy-v1
PRH-N16000360,2026-06,,DATA_VERIFICATION_REQUIRED,,WITHHELD,,"['STALE_UPDATE', 'SOURCE_GAP', 'INSUFFICIENT_HISTORY', 'FEATURES_INSUFFICIENT', 'SCHEMA_VERIFICATION', 'SOURCE_PROVENANCE_VERIFICATION']",Review latest project update and verify missing or inconsistent reporting evidence,2023-11,NOT_ELIGIBLE,,officer-decision-v1,alert-policy-v1
PRH-N16000361,2026-06,,NO_REVIEW_SIGNAL,,WITHHELD,,['COMPLETED_PROJECT'],,2025-04,NOT_ELIGIBLE,,officer-decision-v1,alert-policy-v1
PRH-N16000362,2026-06,,DATA_VERIFICATION_REQUIRED,,WITHHELD,,"['STALE_UPDATE', 'SOURCE_GAP', 'INSUFFICIENT_HISTORY', 'FEATURES_INSUFFICIENT', 'SCHEMA_VERIFICATION', 'SOURCE_PROVENANCE_VERIFICATION']",Review latest project update and verify missing or inconsistent reporting evidence,2024-12,NOT_ELIGIBLE,,officer-decision-v1,alert-policy-v1
PRH-N16000363,2026-06,,DATA_VERIFICATION_REQUIRED,,WITHHELD,,"['STALE_UPDATE', 'SOURCE_GAP', 'INSUFFICIENT_HISTORY', 'FEATURES_INSUFFICIENT', 'SCHEMA_VERIFICATION', 'SOURCE_PROVENANCE_VERIFICATION']",Review latest project update and verify missing or inconsistent reporting evidence,2023-11,NOT_ELIGIBLE,,officer-decision-v1,alert-policy-v1
PRH-N16000368,2026-06,,DATA_VERIFICATION_REQUIRED,,WITHHELD,,"['STALE_UPDATE', 'SOURCE_GAP', 'INSUFFICIENT_HISTORY', 'FEATURES_INSUFFICIENT', 'SCHEMA_VERIFICATION', 'SOURCE_PROVENANCE_VERIFICATION']",Review latest project update and verify missing or inconsistent reporting evidence,2024-12,NOT_ELIGIBLE,,officer-decision-v1,alert-policy-v1
PRH-N16000369,2026-06,,DATA_VERIFICATION_REQUIRED,,WITHHELD,,"['STALE_UPDATE', 'SOURCE_GAP', 'INSUFFICIENT_HISTORY', 'FEATURES_INSUFFICIENT', 'SCHEMA_VERIFICATION', 'SOURCE_PROVENANCE_VERIFICATION']",Review latest project update and verify missing or inconsistent reporting evidence,2025-06,NOT_ELIGIBLE,,officer-decision-v1,alert-policy-v1
PRH-N16000373,2026-06,,DATA_VERIFICATION_REQUIRED,,WITHHELD,,"['STALE_UPDATE', 'SOURCE_GAP', 'INSUFFICIENT_HISTORY', 'FEATURES_INSUFFICIENT', 'SCHEMA_VERIFICATION', 'SOURCE_PROVENANCE_VERIFICATION']",Review latest project update and verify missing or inconsistent reporting evidence,2023-08,NOT_ELIGIBLE,,officer-decision-v1,alert-policy-v1
PRH-N16000374,2026-06,,DATA_VERIFICATION_REQUIRED,,WITHHELD,,"['STALE_UPDATE', 'SOURCE_GAP', 'INSUFFICIENT_HISTORY', 'FEATURES_INSUFFICIENT', 'SCHEMA_VERIFICATION', 'SOURCE_PROVENANCE_VERIFICATION']",Review latest project update and verify missing or inconsistent reporting evidence,2024-03,NOT_ELIGIBLE,,officer-decision-v1,alert-policy-v1
PRH-N16000376,2026-06,,DATA_VERIFICATION_REQUIRED,,WITHHELD,,"['STALE_UPDATE', 'SOURCE_GAP', 'INSUFFICIENT_HISTORY', 'FEATURES_INSUFFICIENT', 'SCHEMA_VERIFICATION', 'SOURCE_PROVENANCE_VERIFICATION']",Review latest project update and verify missing or inconsistent reporting evidence,2023-11,NOT_ELIGIBLE,,officer-decision-v1,alert-policy-v1
PRH-N16000378,2026-06,,DATA_VERIFICATION_REQUIRED,,WITHHELD,,"['STALE_UPDATE', 'SOURCE_GAP', 'INSUFFICIENT_HISTORY', 'FEATURES_INSUFFICIENT', 'SCHEMA_VERIFICATION', 'SOURCE_PROVENANCE_VERIFICATION']",Review latest project update and verify missing or inconsistent reporting evidence,2025-01,NOT_ELIGIBLE,,officer-decision-v1,alert-policy-v1
PRH-N16000381,2026-06,,DATA_VERIFICATION_REQUIRED,,WITHHELD,,"['STALE_UPDATE', 'SOURCE_GAP', 'INSUFFICIENT_HISTORY', 'FEATURES_INSUFFICIENT', 'SCHEMA_VERIFICATION', 'SOURCE_PROVENANCE_VERIFICATION']",Review latest project update and verify missing or inconsistent reporting evidence,2024-02,NOT_ELIGIBLE,,officer-decision-v1,alert-policy-v1
PRH-N16000382,2026-06,,DATA_VERIFICATION_REQUIRED,,WITHHELD,,"['STALE_UPDATE', 'SOURCE_GAP', 'INSUFFICIENT_HISTORY', 'FEATURES_INSUFFICIENT', 'SCHEMA_VERIFICATION', 'SOURCE_PROVENANCE_VERIFICATION']",Review latest project update and verify missing or inconsistent reporting evidence,2025-06,NOT_ELIGIBLE,,officer-decision-v1,alert-policy-v1
PRH-N16000383,2026-06,,DATA_VERIFICATION_REQUIRED,,WITHHELD,,"['STALE_UPDATE', 'SOURCE_GAP', 'INSUFFICIENT_HISTORY', 'FEATURES_INSUFFICIENT', 'SCHEMA_VERIFICATION', 'SOURCE_PROVENANCE_VERIFICATION']",Review latest project update and verify missing or inconsistent reporting evidence,2024-02,NOT_ELIGIBLE,,officer-decision-v1,alert-policy-v1
PRH-N16000385,2026-06,,DATA_VERIFICATION_REQUIRED,,WITHHELD,,"['STALE_UPDATE', 'SOURCE_GAP', 'INSUFFICIENT_HISTORY', 'FEATURES_INSUFFICIENT', 'SCHEMA_VERIFICATION', 'SOURCE_PROVENANCE_VERIFICATION']",Review latest project update and verify missing or inconsistent reporting evidence,2024-03,NOT_ELIGIBLE,,officer-decision-v1,alert-policy-v1
PRH-N16000387,2026-06,,DATA_VERIFICATION_REQUIRED,,WITHHELD,,"['STALE_UPDATE', 'SOURCE_GAP', 'INSUFFICIENT_HISTORY', 'FEATURES_INSUFFICIENT', 'SCHEMA_VERIFICATION', 'SOURCE_PROVENANCE_VERIFICATION']",Review latest project update and verify missing or inconsistent reporting evidence,2024-03,NOT_ELIGIBLE,,officer-decision-v1,alert-policy-v1
PRH-N16000389,2026-06,,DATA_VERIFICATION_REQUIRED,,WITHHELD,,"['STALE_UPDATE', 'SOURCE_GAP', 'INSUFFICIENT_HISTORY', 'FEATURES_INSUFFICIENT', 'SCHEMA_VERIFICATION', 'SOURCE_PROVENANCE_VERIFICATION']",Review latest project update and verify missing or inconsistent reporting evidence,2024-03,NOT_ELIGIBLE,,officer-decision-v1,alert-policy-v1
PRH-N16000392,2026-06,,DATA_VERIFICATION_REQUIRED,,WITHHELD,,"['STALE_UPDATE', 'SOURCE_GAP', 'INSUFFICIENT_HISTORY', 'FEATURES_INSUFFICIENT', 'SCHEMA_VERIFICATION', 'SOURCE_PROVENANCE_VERIFICATION']",Review latest project update and verify missing or inconsistent reporting evidence,2025-05,NOT_ELIGIBLE,,officer-decision-v1,alert-policy-v1
PRH-N16000393,2026-06,,DATA_VERIFICATION_REQUIRED,,WITHHELD,,"['STALE_UPDATE', 'SOURCE_GAP', 'INSUFFICIENT_HISTORY', 'FEATURES_INSUFFICIENT', 'SCHEMA_VERIFICATION', 'SOURCE_PROVENANCE_VERIFICATION']",Review latest project update and verify missing or inconsistent reporting evidence,2024-02,NOT_ELIGIBLE,,officer-decision-v1,alert-policy-v1
PRH-N16000395,2026-06,,DATA_VERIFICATION_REQUIRED,,WITHHELD,,"['STALE_UPDATE', 'SOURCE_GAP', 'INSUFFICIENT_HISTORY', 'FEATURES_INSUFFICIENT', 'SCHEMA_VERIFICATION', 'SOURCE_PROVENANCE_VERIFICATION']",Review latest project update and verify missing or inconsistent reporting evidence,2024-02,NOT_ELIGIBLE,,officer-decision-v1,alert-policy-v1
PRH-N16000399,2026-06,,DATA_VERIFICATION_REQUIRED,,WITHHELD,,"['STALE_UPDATE', 'SOURCE_GAP', 'INSUFFICIENT_HISTORY', 'FEATURES_INSUFFICIENT', 'SCHEMA_VERIFICATION', 'SOURCE_PROVENANCE_VERIFICATION']",Review latest project update and verify missing or inconsistent reporting evidence,2024-02,NOT_ELIGIBLE,,officer-decision-v1,alert-policy-v1
PRH-N16000400,2026-06,,DATA_VERIFICATION_REQUIRED,,WITHHELD,,"['STALE_UPDATE', 'SOURCE_GAP', 'INSUFFICIENT_HISTORY', 'FEATURES_INSUFFICIENT', 'SCHEMA_VERIFICATION', 'SOURCE_PROVENANCE_VERIFICATION']",Review latest project update and verify missing or inconsistent reporting evidence,2024-02,NOT_ELIGIBLE,,officer-decision-v1,alert-policy-v1
PRH-N16000401,2026-06,,DATA_VERIFICATION_REQUIRED,,WITHHELD,,"['STALE_UPDATE', 'SOURCE_GAP', 'INSUFFICIENT_HISTORY', 'FEATURES_INSUFFICIENT', 'SCHEMA_VERIFICATION', 'SOURCE_PROVENANCE_VERIFICATION']",Review latest project update and verify missing or inconsistent reporting evidence,2024-07,NOT_ELIGIBLE,,officer-decision-v1,alert-policy-v1
PRH-N16000403,2026-06,,DATA_VERIFICATION_REQUIRED,,WITHHELD,,"['STALE_UPDATE', 'SOURCE_GAP', 'INSUFFICIENT_HISTORY', 'FEATURES_INSUFFICIENT', 'SCHEMA_VERIFICATION', 'SOURCE_PROVENANCE_VERIFICATION']",Review latest project update and verify missing or inconsistent reporting evidence,2024-11,NOT_ELIGIBLE,,officer-decision-v1,alert-policy-v1
PRH-N16000405,2026-06,,DATA_VERIFICATION_REQUIRED,,WITHHELD,,"['STALE_UPDATE', 'SOURCE_GAP', 'INSUFFICIENT_HISTORY', 'FEATURES_INSUFFICIENT', 'SCHEMA_VERIFICATION', 'SOURCE_PROVENANCE_VERIFICATION']",Review latest project update and verify missing or inconsistent reporting evidence,2024-12,NOT_ELIGIBLE,,officer-decision-v1,alert-policy-v1
PRH-N16000406,2026-06,,DATA_VERIFICATION_REQUIRED,,WITHHELD,,"['STALE_UPDATE', 'SOURCE_GAP', 'INSUFFICIENT_HISTORY', 'FEATURES_INSUFFICIENT', 'SCHEMA_VERIFICATION', 'SOURCE_PROVENANCE_VERIFICATION']",Review latest project update and verify missing or inconsistent reporting evidence,2024-03,NOT_ELIGIBLE,,officer-decision-v1,alert-policy-v1
PRH-N16000411,2026-06,,NO_REVIEW_SIGNAL,,WITHHELD,,['COMPLETED_PROJECT'],,2025-06,NOT_ELIGIBLE,,officer-decision-v1,alert-policy-v1
PRH-N16000413,2026-06,,NO_REVIEW_SIGNAL,,WITHHELD,,['COMPLETED_PROJECT'],,2025-03,NOT_ELIGIBLE,,officer-decision-v1,alert-policy-v1
PRH-N16000415,2026-06,,DATA_VERIFICATION_REQUIRED,,WITHHELD,,"['STALE_UPDATE', 'SOURCE_GAP', 'INSUFFICIENT_HISTORY', 'FEATURES_INSUFFICIENT', 'SCHEMA_VERIFICATION', 'SOURCE_PROVENANCE_VERIFICATION']",Review latest project update and verify missing or inconsistent reporting evidence,2024-03,NOT_ELIGIBLE,,officer-decision-v1,alert-policy-v1
PRH-N16000416,2026-06,,DATA_VERIFICATION_REQUIRED,,WITHHELD,,"['STALE_UPDATE', 'SOURCE_GAP', 'INSUFFICIENT_HISTORY', 'FEATURES_INSUFFICIENT', 'SCHEMA_VERIFICATION', 'SOURCE_PROVENANCE_VERIFICATION']",Review latest project update and verify missing or inconsistent reporting evidence,2024-03,NOT_ELIGIBLE,,officer-decision-v1,alert-policy-v1
PRH-N16000417,2026-06,,DATA_VERIFICATION_REQUIRED,,WITHHELD,,"['STALE_UPDATE', 'SOURCE_GAP', 'INSUFFICIENT_HISTORY', 'FEATURES_INSUFFICIENT', 'SCHEMA_VERIFICATION', 'SOURCE_PROVENANCE_VERIFICATION']",Review latest project update and verify missing or inconsistent reporting evidence,2024-03,NOT_ELIGIBLE,,officer-decision-v1,alert-policy-v1
PRH-N16000418,2026-06,,DATA_VERIFICATION_REQUIRED,,WITHHELD,,"['STALE_UPDATE', 'SOURCE_GAP', 'INSUFFICIENT_HISTORY', 'FEATURES_INSUFFICIENT', 'SCHEMA_VERIFICATION', 'SOURCE_PROVENANCE_VERIFICATION']",Review latest project update and verify missing or inconsistent reporting evidence,2024-03,NOT_ELIGIBLE,,officer-decision-v1,alert-policy-v1
PRH-N16000419,2026-06,,DATA_VERIFICATION_REQUIRED,,WITHHELD,,"['STALE_UPDATE', 'SOURCE_GAP', 'INSUFFICIENT_HISTORY', 'FEATURES_INSUFFICIENT', 'SCHEMA_VERIFICATION', 'SOURCE_PROVENANCE_VERIFICATION']",Review latest project update and verify missing or inconsistent reporting evidence,2024-03,NOT_ELIGIBLE,,officer-decision-v1,alert-policy-v1
PRH-N16000420,2026-06,,DATA_VERIFICATION_REQUIRED,,WITHHELD,,"['STALE_UPDATE', 'SOURCE_GAP', 'INSUFFICIENT_HISTORY', 'FEATURES_INSUFFICIENT', 'SCHEMA_VERIFICATION', 'SOURCE_PROVENANCE_VERIFICATION']",Review latest project update and verify missing or inconsistent reporting evidence,2024-03,NOT_ELIGIBLE,,officer-decision-v1,alert-policy-v1
PRH-N16000421,2026-06,,DATA_VERIFICATION_REQUIRED,,WITHHELD,,"['STALE_UPDATE', 'SOURCE_GAP', 'INSUFFICIENT_HISTORY', 'FEATURES_INSUFFICIENT', 'SCHEMA_VERIFICATION', 'SOURCE_PROVENANCE_VERIFICATION']",Review latest project update and verify missing or inconsistent reporting evidence,2024-03,NOT_ELIGIBLE,,officer-decision-v1,alert-policy-v1
PRH-N16000422,2026-06,,DATA_VERIFICATION_REQUIRED,,WITHHELD,,"['STALE_UPDATE', 'SOURCE_GAP', 'INSUFFICIENT_HISTORY', 'FEATURES_INSUFFICIENT', 'SCHEMA_VERIFICATION', 'SOURCE_PROVENANCE_VERIFICATION']",Review latest project update and verify missing or inconsistent reporting evidence,2024-03,NOT_ELIGIBLE,,officer-decision-v1,alert-policy-v1
PRH-N16000423,2026-06,,DATA_VERIFICATION_REQUIRED,,WITHHELD,,"['STALE_UPDATE', 'SOURCE_GAP', 'INSUFFICIENT_HISTORY', 'FEATURES_INSUFFICIENT', 'SCHEMA_VERIFICATION', 'SOURCE_PROVENANCE_VERIFICATION']",Review latest project update and verify missing or inconsistent reporting evidence,2025-06,NOT_ELIGIBLE,,officer-decision-v1,alert-policy-v1
PRH-N16000424,2026-06,,DATA_VERIFICATION_REQUIRED,,WITHHELD,,"['STALE_UPDATE', 'SOURCE_GAP', 'INSUFFICIENT_HISTORY', 'FEATURES_INSUFFICIENT', 'SCHEMA_VERIFICATION', 'SOURCE_PROVENANCE_VERIFICATION']",Review latest project update and verify missing or inconsistent reporting evidence,2024-03,NOT_ELIGIBLE,,officer-decision-v1,alert-policy-v1
PRH-N16000425,2026-06,,DATA_VERIFICATION_REQUIRED,,WITHHELD,,"['STALE_UPDATE', 'SOURCE_GAP', 'INSUFFICIENT_HISTORY', 'FEATURES_INSUFFICIENT', 'SCHEMA_VERIFICATION', 'SOURCE_PROVENANCE_VERIFICATION']",Review latest project update and verify missing or inconsistent reporting evidence,2024-03,NOT_ELIGIBLE,,officer-decision-v1,alert-policy-v1
PRH-N16000426,2026-06,,DATA_VERIFICATION_REQUIRED,,WITHHELD,,"['STALE_UPDATE', 'SOURCE_GAP', 'INSUFFICIENT_HISTORY', 'FEATURES_INSUFFICIENT', 'SCHEMA_VERIFICATION', 'SOURCE_PROVENANCE_VERIFICATION']",Review latest project update and verify missing or inconsistent reporting evidence,2025-05,NOT_ELIGIBLE,,officer-decision-v1,alert-policy-v1
PRH-N16000427,2026-06,,DATA_VERIFICATION_REQUIRED,,WITHHELD,,"['STALE_UPDATE', 'SOURCE_GAP', 'INSUFFICIENT_HISTORY', 'FEATURES_INSUFFICIENT', 'SCHEMA_VERIFICATION', 'SOURCE_PROVENANCE_VERIFICATION']",Review latest project update and verify missing or inconsistent reporting evidence,2024-03,NOT_ELIGIBLE,,officer-decision-v1,alert-policy-v1
PRH-N16000429,2026-06,,DATA_VERIFICATION_REQUIRED,,WITHHELD,,"['STALE_UPDATE', 'SOURCE_GAP', 'INSUFFICIENT_HISTORY', 'FEATURES_INSUFFICIENT', 'SCHEMA_VERIFICATION', 'SOURCE_PROVENANCE_VERIFICATION']",Review latest project update and verify missing or inconsistent reporting evidence,2025-06,NOT_ELIGIBLE,,officer-decision-v1,alert-policy-v1
PRH-N16000433,2026-06,,NO_REVIEW_SIGNAL,,WITHHELD,,['COMPLETED_PROJECT'],,2024-11,NOT_ELIGIBLE,,officer-decision-v1,alert-policy-v1
PRH-N16000436,2026-06,,DATA_VERIFICATION_REQUIRED,,WITHHELD,,"['STALE_UPDATE', 'SOURCE_GAP', 'INSUFFICIENT_HISTORY', 'FEATURES_INSUFFICIENT', 'SCHEMA_VERIFICATION', 'SOURCE_PROVENANCE_VERIFICATION']",Review latest project update and verify missing or inconsistent reporting evidence,2025-01,NOT_ELIGIBLE,,officer-decision-v1,alert-policy-v1
PRH-N16000440,2026-06,,DATA_VERIFICATION_REQUIRED,,WITHHELD,,"['STALE_UPDATE', 'SOURCE_GAP', 'INSUFFICIENT_HISTORY', 'FEATURES_INSUFFICIENT', 'SCHEMA_VERIFICATION', 'SOURCE_PROVENANCE_VERIFICATION']",Review latest project update and verify missing or inconsistent reporting evidence,2025-06,NOT_ELIGIBLE,,officer-decision-v1,alert-policy-v1
PRH-N16000442,2026-06,,DATA_VERIFICATION_REQUIRED,,WITHHELD,,"['STALE_UPDATE', 'SOURCE_GAP', 'INSUFFICIENT_HISTORY', 'FEATURES_INSUFFICIENT', 'SCHEMA_VERIFICATION', 'SOURCE_PROVENANCE_VERIFICATION']",Review latest project update and verify missing or inconsistent reporting evidence,2025-06,NOT_ELIGIBLE,,officer-decision-v1,alert-policy-v1
PRH-N16000443,2026-06,,DATA_VERIFICATION_REQUIRED,,WITHHELD,,"['STALE_UPDATE', 'SOURCE_GAP', 'INSUFFICIENT_HISTORY', 'FEATURES_INSUFFICIENT', 'SCHEMA_VERIFICATION', 'SOURCE_PROVENANCE_VERIFICATION']",Review latest project update and verify missing or inconsistent reporting evidence,2023-10,NOT_ELIGIBLE,,officer-decision-v1,alert-policy-v1
PRH-N16000446,2026-06,,DATA_VERIFICATION_REQUIRED,,WITHHELD,,"['STALE_UPDATE', 'SOURCE_GAP', 'INSUFFICIENT_HISTORY', 'FEATURES_INSUFFICIENT', 'SCHEMA_VERIFICATION', 'SOURCE_PROVENANCE_VERIFICATION']",Review latest project update and verify missing or inconsistent reporting evidence,2025-06,NOT_ELIGIBLE,,officer-decision-v1,alert-policy-v1
PRH-N16000447,2026-06,,DATA_VERIFICATION_REQUIRED,,WITHHELD,,"['STALE_UPDATE', 'SOURCE_GAP', 'INSUFFICIENT_HISTORY', 'FEATURES_INSUFFICIENT', 'SCHEMA_VERIFICATION', 'SOURCE_PROVENANCE_VERIFICATION']",Review latest project update and verify missing or inconsistent reporting evidence,2024-02,NOT_ELIGIBLE,,officer-decision-v1,alert-policy-v1
PRH-N16000451,2026-06,,DATA_VERIFICATION_REQUIRED,,WITHHELD,,"['STALE_UPDATE', 'SOURCE_GAP', 'INSUFFICIENT_HISTORY', 'FEATURES_INSUFFICIENT', 'SCHEMA_VERIFICATION', 'SOURCE_PROVENANCE_VERIFICATION']",Review latest project update and verify missing or inconsistent reporting evidence,2024-11,NOT_ELIGIBLE,,officer-decision-v1,alert-policy-v1
PRH-N16000452,2026-06,,DATA_VERIFICATION_REQUIRED,,WITHHELD,,"['STALE_UPDATE', 'SOURCE_GAP', 'INSUFFICIENT_HISTORY', 'FEATURES_INSUFFICIENT', 'SCHEMA_VERIFICATION', 'SOURCE_PROVENANCE_VERIFICATION']",Review latest project update and verify missing or inconsistent reporting evidence,2025-06,NOT_ELIGIBLE,,officer-decision-v1,alert-policy-v1
PRH-N16000459,2026-06,,DATA_VERIFICATION_REQUIRED,,WITHHELD,,"['STALE_UPDATE', 'SOURCE_GAP', 'INSUFFICIENT_HISTORY', 'FEATURES_INSUFFICIENT', 'SCHEMA_VERIFICATION', 'SOURCE_PROVENANCE_VERIFICATION']",Review latest project update and verify missing or inconsistent reporting evidence,2024-02,NOT_ELIGIBLE,,officer-decision-v1,alert-policy-v1
PRH-N16000460,2026-06,,DATA_VERIFICATION_REQUIRED,,WITHHELD,,"['STALE_UPDATE', 'SOURCE_GAP', 'INSUFFICIENT_HISTORY', 'FEATURES_INSUFFICIENT', 'SCHEMA_VERIFICATION', 'SOURCE_PROVENANCE_VERIFICATION']",Review latest project update and verify missing or inconsistent reporting evidence,2024-02,NOT_ELIGIBLE,,officer-decision-v1,alert-policy-v1
PRH-N16000461,2026-06,,DATA_VERIFICATION_REQUIRED,,WITHHELD,,"['STALE_UPDATE', 'SOURCE_GAP', 'INSUFFICIENT_HISTORY', 'FEATURES_INSUFFICIENT', 'SCHEMA_VERIFICATION', 'SOURCE_PROVENANCE_VERIFICATION']",Review latest project update and verify missing or inconsistent reporting evidence,2024-02,NOT_ELIGIBLE,,officer-decision-v1,alert-policy-v1
PRH-N16000462,2026-06,,DATA_VERIFICATION_REQUIRED,,WITHHELD,,"['STALE_UPDATE', 'SOURCE_GAP', 'INSUFFICIENT_HISTORY', 'FEATURES_INSUFFICIENT', 'SCHEMA_VERIFICATION', 'SOURCE_PROVENANCE_VERIFICATION']",Review latest project update and verify missing or inconsistent reporting evidence,2024-02,NOT_ELIGIBLE,,officer-decision-v1,alert-policy-v1
PRH-N16000463,2026-06,,DATA_VERIFICATION_REQUIRED,,WITHHELD,,"['STALE_UPDATE', 'SOURCE_GAP', 'INSUFFICIENT_HISTORY', 'FEATURES_INSUFFICIENT', 'SCHEMA_VERIFICATION', 'SOURCE_PROVENANCE_VERIFICATION']",Review latest project update and verify missing or inconsistent reporting evidence,2024-02,NOT_ELIGIBLE,,officer-decision-v1,alert-policy-v1
PRH-N16000464,2026-06,,DATA_VERIFICATION_REQUIRED,,WITHHELD,,"['STALE_UPDATE', 'SOURCE_GAP', 'INSUFFICIENT_HISTORY', 'FEATURES_INSUFFICIENT', 'SCHEMA_VERIFICATION', 'SOURCE_PROVENANCE_VERIFICATION']",Review latest project update and verify missing or inconsistent reporting evidence,2024-02,NOT_ELIGIBLE,,officer-decision-v1,alert-policy-v1
PRH-N16000465,2026-06,,DATA_VERIFICATION_REQUIRED,,WITHHELD,,"['STALE_UPDATE', 'SOURCE_GAP', 'INSUFFICIENT_HISTORY', 'FEATURES_INSUFFICIENT', 'SCHEMA_VERIFICATION', 'SOURCE_PROVENANCE_VERIFICATION']",Review latest project update and verify missing or inconsistent reporting evidence,2024-02,NOT_ELIGIBLE,,officer-decision-v1,alert-policy-v1
PRH-N16000466,2026-06,,DATA_VERIFICATION_REQUIRED,,WITHHELD,,"['STALE_UPDATE', 'SOURCE_GAP', 'INSUFFICIENT_HISTORY', 'FEATURES_INSUFFICIENT', 'SCHEMA_VERIFICATION', 'SOURCE_PROVENANCE_VERIFICATION']",Review latest project update and verify missing or inconsistent reporting evidence,2024-02,NOT_ELIGIBLE,,officer-decision-v1,alert-policy-v1
PRH-N16000467,2026-06,,DATA_VERIFICATION_REQUIRED,,WITHHELD,,"['STALE_UPDATE', 'SOURCE_GAP', 'INSUFFICIENT_HISTORY', 'FEATURES_INSUFFICIENT', 'SCHEMA_VERIFICATION', 'SOURCE_PROVENANCE_VERIFICATION']",Review latest project update and verify missing or inconsistent reporting evidence,2024-02,NOT_ELIGIBLE,,officer-decision-v1,alert-policy-v1
PRH-N16000468,2026-06,,DATA_VERIFICATION_REQUIRED,,WITHHELD,,"['STALE_UPDATE', 'SOURCE_GAP', 'INSUFFICIENT_HISTORY', 'FEATURES_INSUFFICIENT', 'SCHEMA_VERIFICATION', 'SOURCE_PROVENANCE_VERIFICATION']",Review latest project update and verify missing or inconsistent reporting evidence,2024-02,NOT_ELIGIBLE,,officer-decision-v1,alert-policy-v1
PRH-N16000469,2026-06,,DATA_VERIFICATION_REQUIRED,,WITHHELD,,"['STALE_UPDATE', 'SOURCE_GAP', 'INSUFFICIENT_HISTORY', 'FEATURES_INSUFFICIENT', 'SCHEMA_VERIFICATION', 'SOURCE_PROVENANCE_VERIFICATION']",Review latest project update and verify missing or inconsistent reporting evidence,2023-11,NOT_ELIGIBLE,,officer-decision-v1,alert-policy-v1
PRH-N16000471,2026-06,,DATA_VERIFICATION_REQUIRED,,WITHHELD,,"['STALE_UPDATE', 'SOURCE_GAP', 'INSUFFICIENT_HISTORY', 'FEATURES_INSUFFICIENT', 'SCHEMA_VERIFICATION', 'SOURCE_PROVENANCE_VERIFICATION']",Review latest project update and verify missing or inconsistent reporting evidence,2023-10,NOT_ELIGIBLE,,officer-decision-v1,alert-policy-v1
PRH-N16000472,2026-06,,DATA_VERIFICATION_REQUIRED,,WITHHELD,,"['STALE_UPDATE', 'SOURCE_GAP', 'INSUFFICIENT_HISTORY', 'FEATURES_INSUFFICIENT', 'SCHEMA_VERIFICATION', 'SOURCE_PROVENANCE_VERIFICATION']",Review latest project update and verify missing or inconsistent reporting evidence,2024-03,NOT_ELIGIBLE,,officer-decision-v1,alert-policy-v1
PRH-N16000473,2026-06,,DATA_VERIFICATION_REQUIRED,,WITHHELD,,"['STALE_UPDATE', 'SOURCE_GAP', 'INSUFFICIENT_HISTORY', 'FEATURES_INSUFFICIENT', 'SCHEMA_VERIFICATION', 'SOURCE_PROVENANCE_VERIFICATION']",Review latest project update and verify missing or inconsistent reporting evidence,2024-02,NOT_ELIGIBLE,,officer-decision-v1,alert-policy-v1
PRH-N16000474,2026-06,,DATA_VERIFICATION_REQUIRED,,WITHHELD,,"['STALE_UPDATE', 'SOURCE_GAP', 'INSUFFICIENT_HISTORY', 'FEATURES_INSUFFICIENT', 'SCHEMA_VERIFICATION', 'SOURCE_PROVENANCE_VERIFICATION']",Review latest project update and verify missing or inconsistent reporting evidence,2024-02,NOT_ELIGIBLE,,officer-decision-v1,alert-policy-v1
PRH-N16000479,2026-06,,DATA_VERIFICATION_REQUIRED,,WITHHELD,,"['STALE_UPDATE', 'SOURCE_GAP', 'INSUFFICIENT_HISTORY', 'FEATURES_INSUFFICIENT', 'SCHEMA_VERIFICATION', 'SOURCE_PROVENANCE_VERIFICATION']",Review latest project update and verify missing or inconsistent reporting evidence,2024-11,NOT_ELIGIBLE,,officer-decision-v1,alert-policy-v1
PRH-N16000482,2026-06,,DATA_VERIFICATION_REQUIRED,,WITHHELD,,"['STALE_UPDATE', 'SOURCE_GAP', 'INSUFFICIENT_HISTORY', 'FEATURES_INSUFFICIENT', 'SCHEMA_VERIFICATION', 'SOURCE_PROVENANCE_VERIFICATION']",Review latest project update and verify missing or inconsistent reporting evidence,2024-07,NOT_ELIGIBLE,,officer-decision-v1,alert-policy-v1
PRH-N16000486,2026-06,,DATA_VERIFICATION_REQUIRED,,WITHHELD,,"['STALE_UPDATE', 'SOURCE_GAP', 'INSUFFICIENT_HISTORY', 'FEATURES_INSUFFICIENT', 'SCHEMA_VERIFICATION', 'SOURCE_PROVENANCE_VERIFICATION']",Review latest project update and verify missing or inconsistent reporting evidence,2025-06,NOT_ELIGIBLE,,officer-decision-v1,alert-policy-v1
PRH-N16000489,2026-06,,DATA_VERIFICATION_REQUIRED,,WITHHELD,,"['STALE_UPDATE', 'SOURCE_GAP', 'INSUFFICIENT_HISTORY', 'FEATURES_INSUFFICIENT', 'SCHEMA_VERIFICATION', 'SOURCE_PROVENANCE_VERIFICATION']",Review latest project update and verify missing or inconsistent reporting evidence,2024-12,NOT_ELIGIBLE,,officer-decision-v1,alert-policy-v1
PRH-N16000490,2026-06,,DATA_VERIFICATION_REQUIRED,,WITHHELD,,"['STALE_UPDATE', 'SOURCE_GAP', 'INSUFFICIENT_HISTORY', 'FEATURES_INSUFFICIENT', 'SCHEMA_VERIFICATION', 'SOURCE_PROVENANCE_VERIFICATION']",Review latest project update and verify missing or inconsistent reporting evidence,2024-12,NOT_ELIGIBLE,,officer-decision-v1,alert-policy-v1
PRH-N16000492,2026-06,,DATA_VERIFICATION_REQUIRED,,WITHHELD,,"['STALE_UPDATE', 'SOURCE_GAP', 'INSUFFICIENT_HISTORY', 'FEATURES_INSUFFICIENT', 'SCHEMA_VERIFICATION', 'SOURCE_PROVENANCE_VERIFICATION']",Review latest project update and verify missing or inconsistent reporting evidence,2024-12,NOT_ELIGIBLE,,officer-decision-v1,alert-policy-v1
PRH-N16000493,2026-06,,DATA_VERIFICATION_REQUIRED,,WITHHELD,,"['STALE_UPDATE', 'SOURCE_GAP', 'INSUFFICIENT_HISTORY', 'FEATURES_INSUFFICIENT', 'SCHEMA_VERIFICATION', 'SOURCE_PROVENANCE_VERIFICATION']",Review latest project update and verify missing or inconsistent reporting evidence,2024-01,NOT_ELIGIBLE,,officer-decision-v1,alert-policy-v1
PRH-N16000496,2026-06,,DATA_VERIFICATION_REQUIRED,,WITHHELD,,"['STALE_UPDATE', 'SOURCE_GAP', 'INSUFFICIENT_HISTORY', 'FEATURES_INSUFFICIENT', 'SCHEMA_VERIFICATION', 'SOURCE_PROVENANCE_VERIFICATION']",Review latest project update and verify missing or inconsistent reporting evidence,2025-05,NOT_ELIGIBLE,,officer-decision-v1,alert-policy-v1
PRH-N16000499,2026-06,,DATA_VERIFICATION_REQUIRED,,WITHHELD,,"['STALE_UPDATE', 'SOURCE_GAP', 'INSUFFICIENT_HISTORY', 'FEATURES_INSUFFICIENT', 'SCHEMA_VERIFICATION', 'SOURCE_PROVENANCE_VERIFICATION']",Review latest project update and verify missing or inconsistent reporting evidence,2025-06,NOT_ELIGIBLE,,officer-decision-v1,alert-policy-v1
PRH-N16000500,2026-06,,DATA_VERIFICATION_REQUIRED,,WITHHELD,,"['STALE_UPDATE', 'SOURCE_GAP', 'INSUFFICIENT_HISTORY', 'FEATURES_INSUFFICIENT', 'SCHEMA_VERIFICATION', 'SOURCE_PROVENANCE_VERIFICATION']",Review latest project update and verify missing or inconsistent reporting evidence,2025-06,NOT_ELIGIBLE,,officer-decision-v1,alert-policy-v1
PRH-N16000501,2026-06,,DATA_VERIFICATION_REQUIRED,,WITHHELD,,"['STALE_UPDATE', 'SOURCE_GAP', 'INSUFFICIENT_HISTORY', 'FEATURES_INSUFFICIENT', 'SCHEMA_VERIFICATION', 'SOURCE_PROVENANCE_VERIFICATION']",Review latest project update and verify missing or inconsistent reporting evidence,2024-03,NOT_ELIGIBLE,,officer-decision-v1,alert-policy-v1
PRH-N16000502,2026-06,,DATA_VERIFICATION_REQUIRED,,WITHHELD,,"['STALE_UPDATE', 'SOURCE_GAP', 'INSUFFICIENT_HISTORY', 'FEATURES_INSUFFICIENT', 'SCHEMA_VERIFICATION', 'SOURCE_PROVENANCE_VERIFICATION']",Review latest project update and verify missing or inconsistent reporting evidence,2025-01,NOT_ELIGIBLE,,officer-decision-v1,alert-policy-v1
PRH-N16000507,2026-06,,DATA_VERIFICATION_REQUIRED,,WITHHELD,,"['STALE_UPDATE', 'SOURCE_GAP', 'INSUFFICIENT_HISTORY', 'FEATURES_INSUFFICIENT', 'SCHEMA_VERIFICATION', 'SOURCE_PROVENANCE_VERIFICATION']",Review latest project update and verify missing or inconsistent reporting evidence,2025-06,NOT_ELIGIBLE,,officer-decision-v1,alert-policy-v1
PRH-N16000508,2026-06,,DATA_VERIFICATION_REQUIRED,,WITHHELD,,"['STALE_UPDATE', 'SOURCE_GAP', 'INSUFFICIENT_HISTORY', 'FEATURES_INSUFFICIENT', 'SCHEMA_VERIFICATION', 'SOURCE_PROVENANCE_VERIFICATION']",Review latest project update and verify missing or inconsistent reporting evidence,2025-06,NOT_ELIGIBLE,,officer-decision-v1,alert-policy-v1
PRH-N16000516,2026-06,,DATA_VERIFICATION_REQUIRED,,WITHHELD,,"['STALE_UPDATE', 'SOURCE_GAP', 'INSUFFICIENT_HISTORY', 'FEATURES_INSUFFICIENT', 'SCHEMA_VERIFICATION', 'SOURCE_PROVENANCE_VERIFICATION']",Review latest project update and verify missing or inconsistent reporting evidence,2024-03,NOT_ELIGIBLE,,officer-decision-v1,alert-policy-v1
PRH-N16000517,2026-06,,DATA_VERIFICATION_REQUIRED,,WITHHELD,,"['STALE_UPDATE', 'SOURCE_GAP', 'INSUFFICIENT_HISTORY', 'FEATURES_INSUFFICIENT', 'SCHEMA_VERIFICATION', 'SOURCE_PROVENANCE_VERIFICATION']",Review latest project update and verify missing or inconsistent reporting evidence,2024-03,NOT_ELIGIBLE,,officer-decision-v1,alert-policy-v1
PRH-N16000535,2026-06,,DATA_VERIFICATION_REQUIRED,,WITHHELD,,"['STALE_UPDATE', 'SOURCE_GAP', 'INSUFFICIENT_HISTORY', 'FEATURES_INSUFFICIENT', 'SCHEMA_VERIFICATION', 'SOURCE_PROVENANCE_VERIFICATION']",Review latest project update and verify missing or inconsistent reporting evidence,2025-06,NOT_ELIGIBLE,,officer-decision-v1,alert-policy-v1
PRH-N18000142,2026-06,,DATA_VERIFICATION_REQUIRED,,WITHHELD,,"['STALE_UPDATE', 'SOURCE_GAP', 'INSUFFICIENT_HISTORY', 'FEATURES_INSUFFICIENT', 'SCHEMA_VERIFICATION', 'SOURCE_PROVENANCE_VERIFICATION']",Review latest project update and verify missing or inconsistent reporting evidence,2025-06,NOT_ELIGIBLE,,officer-decision-v1,alert-policy-v1
PRH-N18000177,2026-06,,DATA_VERIFICATION_REQUIRED,,WITHHELD,,"['STALE_UPDATE', 'SOURCE_GAP', 'INSUFFICIENT_HISTORY', 'FEATURES_INSUFFICIENT', 'SCHEMA_VERIFICATION', 'SOURCE_PROVENANCE_VERIFICATION']",Review latest project update and verify missing or inconsistent reporting evidence,2025-06,NOT_ELIGIBLE,,officer-decision-v1,alert-policy-v1
PRH-N18000184,2026-06,,DATA_VERIFICATION_REQUIRED,,WITHHELD,,"['STALE_UPDATE', 'SOURCE_GAP', 'INSUFFICIENT_HISTORY', 'FEATURES_INSUFFICIENT', 'SCHEMA_VERIFICATION', 'SOURCE_PROVENANCE_VERIFICATION']",Review latest project update and verify missing or inconsistent reporting evidence,2024-11,NOT_ELIGIBLE,,officer-decision-v1,alert-policy-v1
PRH-N18000212,2026-06,,NO_REVIEW_SIGNAL,,WITHHELD,,['COMPLETED_PROJECT'],,2024-12,NOT_ELIGIBLE,,officer-decision-v1,alert-policy-v1
PRH-N18000244,2026-06,,DATA_VERIFICATION_REQUIRED,,WITHHELD,,"['STALE_UPDATE', 'SOURCE_GAP', 'INSUFFICIENT_HISTORY', 'FEATURES_INSUFFICIENT', 'SCHEMA_VERIFICATION', 'SOURCE_PROVENANCE_VERIFICATION']",Review latest project update and verify missing or inconsistent reporting evidence,2024-06,NOT_ELIGIBLE,,officer-decision-v1,alert-policy-v1
PRH-N18000262,2026-06,,NO_REVIEW_SIGNAL,,WITHHELD,,['COMPLETED_PROJECT'],,2024-06,NOT_ELIGIBLE,,officer-decision-v1,alert-policy-v1
PRH-N18000264,2026-06,,DATA_VERIFICATION_REQUIRED,,WITHHELD,,"['STALE_UPDATE', 'SOURCE_GAP', 'INSUFFICIENT_HISTORY', 'FEATURES_INSUFFICIENT', 'SCHEMA_VERIFICATION', 'SOURCE_PROVENANCE_VERIFICATION']",Review latest project update and verify missing or inconsistent reporting evidence,2025-01,NOT_ELIGIBLE,,officer-decision-v1,alert-policy-v1
PRH-N18000265,2026-06,,DATA_VERIFICATION_REQUIRED,,WITHHELD,,"['STALE_UPDATE', 'SOURCE_GAP', 'INSUFFICIENT_HISTORY', 'FEATURES_INSUFFICIENT', 'SCHEMA_VERIFICATION', 'SOURCE_PROVENANCE_VERIFICATION']",Review latest project update and verify missing or inconsistent reporting evidence,2023-11,NOT_ELIGIBLE,,officer-decision-v1,alert-policy-v1
PRH-N18000272,2026-06,,DATA_VERIFICATION_REQUIRED,,WITHHELD,,"['STALE_UPDATE', 'SOURCE_GAP', 'INSUFFICIENT_HISTORY', 'FEATURES_INSUFFICIENT', 'SCHEMA_VERIFICATION', 'SOURCE_PROVENANCE_VERIFICATION']",Review latest project update and verify missing or inconsistent reporting evidence,2025-06,NOT_ELIGIBLE,,officer-decision-v1,alert-policy-v1
PRH-N18000277,2026-06,,DATA_VERIFICATION_REQUIRED,,WITHHELD,,"['STALE_UPDATE', 'SOURCE_GAP', 'INSUFFICIENT_HISTORY', 'FEATURES_INSUFFICIENT', 'SCHEMA_VERIFICATION', 'SOURCE_PROVENANCE_VERIFICATION']",Review latest project update and verify missing or inconsistent reporting evidence,2024-12,NOT_ELIGIBLE,,officer-decision-v1,alert-policy-v1
PRH-N18000286,2026-06,,NO_REVIEW_SIGNAL,,WITHHELD,,['COMPLETED_PROJECT'],,2025-05,NOT_ELIGIBLE,,officer-decision-v1,alert-policy-v1
PRH-N18000292,2026-06,,NO_REVIEW_SIGNAL,,WITHHELD,,['COMPLETED_PROJECT'],,2024-12,NOT_ELIGIBLE,,officer-decision-v1,alert-policy-v1
PRH-N18000293,2026-06,,NO_REVIEW_SIGNAL,,WITHHELD,,['COMPLETED_PROJECT'],,2025-05,NOT_ELIGIBLE,,officer-decision-v1,alert-policy-v1
PRH-N18000294,2026-06,,NO_REVIEW_SIGNAL,,WITHHELD,,['COMPLETED_PROJECT'],,2024-12,NOT_ELIGIBLE,,officer-decision-v1,alert-policy-v1
PRH-N18000295,2026-06,,DATA_VERIFICATION_REQUIRED,,WITHHELD,,"['STALE_UPDATE', 'SOURCE_GAP', 'INSUFFICIENT_HISTORY', 'FEATURES_INSUFFICIENT', 'SCHEMA_VERIFICATION', 'SOURCE_PROVENANCE_VERIFICATION']",Review latest project update and verify missing or inconsistent reporting evidence,2025-06,NOT_ELIGIBLE,,officer-decision-v1,alert-policy-v1
PRH-N18000296,2026-06,,NO_REVIEW_SIGNAL,,WITHHELD,,['COMPLETED_PROJECT'],,2025-05,NOT_ELIGIBLE,,officer-decision-v1,alert-policy-v1
PRH-N18000299,2026-06,,DATA_VERIFICATION_REQUIRED,,WITHHELD,,"['STALE_UPDATE', 'SOURCE_GAP', 'INSUFFICIENT_HISTORY', 'FEATURES_INSUFFICIENT', 'SCHEMA_VERIFICATION', 'SOURCE_PROVENANCE_VERIFICATION']",Review latest project update and verify missing or inconsistent reporting evidence,2024-06,NOT_ELIGIBLE,,officer-decision-v1,alert-policy-v1
PRH-N18000300,2026-06,,DATA_VERIFICATION_REQUIRED,,WITHHELD,,"['STALE_UPDATE', 'SOURCE_GAP', 'INSUFFICIENT_HISTORY', 'FEATURES_INSUFFICIENT', 'SCHEMA_VERIFICATION', 'SOURCE_PROVENANCE_VERIFICATION']",Review latest project update and verify missing or inconsistent reporting evidence,2024-07,NOT_ELIGIBLE,,officer-decision-v1,alert-policy-v1
PRH-N18000302,2026-06,,NO_REVIEW_SIGNAL,,WITHHELD,,['COMPLETED_PROJECT'],,2024-06,NOT_ELIGIBLE,,officer-decision-v1,alert-policy-v1
PRH-N18000303,2026-06,,NO_REVIEW_SIGNAL,,WITHHELD,,['COMPLETED_PROJECT'],,2024-06,NOT_ELIGIBLE,,officer-decision-v1,alert-policy-v1
PRH-N18000304,2026-06,,NO_REVIEW_SIGNAL,,WITHHELD,,['COMPLETED_PROJECT'],,2024-06,NOT_ELIGIBLE,,officer-decision-v1,alert-policy-v1
PRH-N18000305,2026-06,,DATA_VERIFICATION_REQUIRED,,WITHHELD,,"['STALE_UPDATE', 'SOURCE_GAP', 'INSUFFICIENT_HISTORY', 'FEATURES_INSUFFICIENT', 'SCHEMA_VERIFICATION', 'SOURCE_PROVENANCE_VERIFICATION']",Review latest project update and verify missing or inconsistent reporting evidence,2024-07,NOT_ELIGIBLE,,officer-decision-v1,alert-policy-v1
PRH-N18000306,2026-06,,DATA_VERIFICATION_REQUIRED,,WITHHELD,,"['STALE_UPDATE', 'SOURCE_GAP', 'INSUFFICIENT_HISTORY', 'FEATURES_INSUFFICIENT', 'SCHEMA_VERIFICATION', 'SOURCE_PROVENANCE_VERIFICATION']",Review latest project update and verify missing or inconsistent reporting evidence,2024-11,NOT_ELIGIBLE,,officer-decision-v1,alert-policy-v1
PRH-N18000307,2026-06,,NO_REVIEW_SIGNAL,,WITHHELD,,['COMPLETED_PROJECT'],,2024-11,NOT_ELIGIBLE,,officer-decision-v1,alert-policy-v1
PRH-N18000313,2026-06,,DATA_VERIFICATION_REQUIRED,,WITHHELD,,"['STALE_UPDATE', 'SOURCE_GAP', 'INSUFFICIENT_HISTORY', 'FEATURES_INSUFFICIENT', 'SCHEMA_VERIFICATION', 'SOURCE_PROVENANCE_VERIFICATION']",Review latest project update and verify missing or inconsistent reporting evidence,2024-03,NOT_ELIGIBLE,,officer-decision-v1,alert-policy-v1
PRH-N18000314,2026-06,,NO_REVIEW_SIGNAL,,WITHHELD,,['COMPLETED_PROJECT'],,2024-06,NOT_ELIGIBLE,,officer-decision-v1,alert-policy-v1
PRH-N18000316,2026-06,,NO_REVIEW_SIGNAL,,WITHHELD,,['COMPLETED_PROJECT'],,2024-11,NOT_ELIGIBLE,,officer-decision-v1,alert-policy-v1
PRH-N18000317,2026-06,,NO_REVIEW_SIGNAL,,WITHHELD,,['COMPLETED_PROJECT'],,2024-06,NOT_ELIGIBLE,,officer-decision-v1,alert-policy-v1
PRH-N18000319,2026-06,,NO_REVIEW_SIGNAL,,WITHHELD,,['COMPLETED_PROJECT'],,2025-06,NOT_ELIGIBLE,,officer-decision-v1,alert-policy-v1
PRH-N18000320,2026-06,,DATA_VERIFICATION_REQUIRED,,WITHHELD,,"['STALE_UPDATE', 'SOURCE_GAP', 'INSUFFICIENT_HISTORY', 'FEATURES_INSUFFICIENT', 'SCHEMA_VERIFICATION', 'SOURCE_PROVENANCE_VERIFICATION']",Review latest project update and verify missing or inconsistent reporting evidence,2025-04,NOT_ELIGIBLE,,officer-decision-v1,alert-policy-v1
PRH-N18000321,2026-06,,DATA_VERIFICATION_REQUIRED,,WITHHELD,,"['STALE_UPDATE', 'SOURCE_GAP', 'INSUFFICIENT_HISTORY', 'FEATURES_INSUFFICIENT', 'SCHEMA_VERIFICATION', 'SOURCE_PROVENANCE_VERIFICATION']",Review latest project update and verify missing or inconsistent reporting evidence,2025-04,NOT_ELIGIBLE,,officer-decision-v1,alert-policy-v1
PRH-N18000322,2026-06,,DATA_VERIFICATION_REQUIRED,,WITHHELD,,"['STALE_UPDATE', 'SOURCE_GAP', 'INSUFFICIENT_HISTORY', 'FEATURES_INSUFFICIENT', 'SCHEMA_VERIFICATION', 'SOURCE_PROVENANCE_VERIFICATION']",Review latest project update and verify missing or inconsistent reporting evidence,2025-04,NOT_ELIGIBLE,,officer-decision-v1,alert-policy-v1
PRH-N18000323,2026-06,,DATA_VERIFICATION_REQUIRED,,WITHHELD,,"['STALE_UPDATE', 'SOURCE_GAP', 'INSUFFICIENT_HISTORY', 'FEATURES_INSUFFICIENT', 'SCHEMA_VERIFICATION', 'SOURCE_PROVENANCE_VERIFICATION']",Review latest project update and verify missing or inconsistent reporting evidence,2024-11,NOT_ELIGIBLE,,officer-decision-v1,alert-policy-v1
PRH-N18000327,2026-06,,NO_REVIEW_SIGNAL,,WITHHELD,,['COMPLETED_PROJECT'],,2024-06,NOT_ELIGIBLE,,officer-decision-v1,alert-policy-v1
PRH-N18000328,2026-06,,DATA_VERIFICATION_REQUIRED,,WITHHELD,,"['STALE_UPDATE', 'SOURCE_GAP', 'INSUFFICIENT_HISTORY', 'FEATURES_INSUFFICIENT', 'SCHEMA_VERIFICATION', 'SOURCE_PROVENANCE_VERIFICATION']",Review latest project update and verify missing or inconsistent reporting evidence,2025-06,NOT_ELIGIBLE,,officer-decision-v1,alert-policy-v1
PRH-N18000329,2026-06,,NO_REVIEW_SIGNAL,,WITHHELD,,['COMPLETED_PROJECT'],,2024-06,NOT_ELIGIBLE,,officer-decision-v1,alert-policy-v1
PRH-N18000330,2026-06,,DATA_VERIFICATION_REQUIRED,,WITHHELD,,"['STALE_UPDATE', 'SOURCE_GAP', 'INSUFFICIENT_HISTORY', 'FEATURES_INSUFFICIENT', 'SCHEMA_VERIFICATION', 'SOURCE_PROVENANCE_VERIFICATION']",Review latest project update and verify missing or inconsistent reporting evidence,2025-06,NOT_ELIGIBLE,,officer-decision-v1,alert-policy-v1
PRH-N18000331,2026-06,,DATA_VERIFICATION_REQUIRED,,WITHHELD,,"['STALE_UPDATE', 'SOURCE_GAP', 'INSUFFICIENT_HISTORY', 'FEATURES_INSUFFICIENT', 'SCHEMA_VERIFICATION', 'SOURCE_PROVENANCE_VERIFICATION']",Review latest project update and verify missing or inconsistent reporting evidence,2025-06,NOT_ELIGIBLE,,officer-decision-v1,alert-policy-v1
PRH-N18000332,2026-06,,DATA_VERIFICATION_REQUIRED,,WITHHELD,,"['STALE_UPDATE', 'SOURCE_GAP', 'INSUFFICIENT_HISTORY', 'FEATURES_INSUFFICIENT', 'SCHEMA_VERIFICATION', 'SOURCE_PROVENANCE_VERIFICATION']",Review latest project update and verify missing or inconsistent reporting evidence,2025-06,NOT_ELIGIBLE,,officer-decision-v1,alert-policy-v1
PRH-N18000334,2026-06,,DATA_VERIFICATION_REQUIRED,,WITHHELD,,"['STALE_UPDATE', 'SOURCE_GAP', 'INSUFFICIENT_HISTORY', 'FEATURES_INSUFFICIENT', 'SCHEMA_VERIFICATION', 'SOURCE_PROVENANCE_VERIFICATION']",Review latest project update and verify missing or inconsistent reporting evidence,2023-11,NOT_ELIGIBLE,,officer-decision-v1,alert-policy-v1
PRH-N18000335,2026-06,,DATA_VERIFICATION_REQUIRED,,WITHHELD,,"['STALE_UPDATE', 'SOURCE_GAP', 'INSUFFICIENT_HISTORY', 'FEATURES_INSUFFICIENT', 'SCHEMA_VERIFICATION', 'SOURCE_PROVENANCE_VERIFICATION']",Review latest project update and verify missing or inconsistent reporting evidence,2025-06,NOT_ELIGIBLE,,officer-decision-v1,alert-policy-v1
PRH-N18000336,2026-06,,DATA_VERIFICATION_REQUIRED,,WITHHELD,,"['STALE_UPDATE', 'SOURCE_GAP', 'INSUFFICIENT_HISTORY', 'FEATURES_INSUFFICIENT', 'SCHEMA_VERIFICATION', 'SOURCE_PROVENANCE_VERIFICATION']",Review latest project update and verify missing or inconsistent reporting evidence,2024-02,NOT_ELIGIBLE,,officer-decision-v1,alert-policy-v1
PRH-N18000338,2026-06,,NO_REVIEW_SIGNAL,,WITHHELD,,['COMPLETED_PROJECT'],,2025-03,NOT_ELIGIBLE,,officer-decision-v1,alert-policy-v1
PRH-N18000339,2026-06,,NO_REVIEW_SIGNAL,,WITHHELD,,['COMPLETED_PROJECT'],,2024-06,NOT_ELIGIBLE,,officer-decision-v1,alert-policy-v1
PRH-N18000340,2026-06,,DATA_VERIFICATION_REQUIRED,,WITHHELD,,"['STALE_UPDATE', 'SOURCE_GAP', 'INSUFFICIENT_HISTORY', 'FEATURES_INSUFFICIENT', 'SCHEMA_VERIFICATION', 'SOURCE_PROVENANCE_VERIFICATION']",Review latest project update and verify missing or inconsistent reporting evidence,2024-02,NOT_ELIGIBLE,,officer-decision-v1,alert-policy-v1
PRH-N18000341,2026-06,,NO_REVIEW_SIGNAL,,WITHHELD,,['COMPLETED_PROJECT'],,2024-06,NOT_ELIGIBLE,,officer-decision-v1,alert-policy-v1
PRH-N18000342,2026-06,,DATA_VERIFICATION_REQUIRED,,WITHHELD,,"['STALE_UPDATE', 'SOURCE_GAP', 'INSUFFICIENT_HISTORY', 'FEATURES_INSUFFICIENT', 'SCHEMA_VERIFICATION', 'SOURCE_PROVENANCE_VERIFICATION']",Review latest project update and verify missing or inconsistent reporting evidence,2024-07,NOT_ELIGIBLE,,officer-decision-v1,alert-policy-v1
PRH-N18000343,2026-06,,NO_REVIEW_SIGNAL,,WITHHELD,,['COMPLETED_PROJECT'],,2025-06,NOT_ELIGIBLE,,officer-decision-v1,alert-policy-v1
PRH-N18000345,2026-06,,DATA_VERIFICATION_REQUIRED,,WITHHELD,,"['STALE_UPDATE', 'SOURCE_GAP', 'INSUFFICIENT_HISTORY', 'FEATURES_INSUFFICIENT', 'SCHEMA_VERIFICATION', 'SOURCE_PROVENANCE_VERIFICATION']",Review latest project update and verify missing or inconsistent reporting evidence,2025-06,NOT_ELIGIBLE,,officer-decision-v1,alert-policy-v1
PRH-N18000346,2026-06,,DATA_VERIFICATION_REQUIRED,,WITHHELD,,"['STALE_UPDATE', 'SOURCE_GAP', 'INSUFFICIENT_HISTORY', 'FEATURES_INSUFFICIENT', 'SCHEMA_VERIFICATION', 'SOURCE_PROVENANCE_VERIFICATION']",Review latest project update and verify missing or inconsistent reporting evidence,2025-06,NOT_ELIGIBLE,,officer-decision-v1,alert-policy-v1
PRH-N18000347,2026-06,,DATA_VERIFICATION_REQUIRED,,WITHHELD,,"['STALE_UPDATE', 'SOURCE_GAP', 'INSUFFICIENT_HISTORY', 'FEATURES_INSUFFICIENT', 'SCHEMA_VERIFICATION', 'SOURCE_PROVENANCE_VERIFICATION']",Review latest project update and verify missing or inconsistent reporting evidence,2025-06,NOT_ELIGIBLE,,officer-decision-v1,alert-policy-v1
PRH-N18000348,2026-06,,NO_REVIEW_SIGNAL,,WITHHELD,,['COMPLETED_PROJECT'],,2025-06,NOT_ELIGIBLE,,officer-decision-v1,alert-policy-v1
PRH-N18000349,2026-06,,DATA_VERIFICATION_REQUIRED,,WITHHELD,,"['STALE_UPDATE', 'SOURCE_GAP', 'INSUFFICIENT_HISTORY', 'FEATURES_INSUFFICIENT', 'SCHEMA_VERIFICATION', 'SOURCE_PROVENANCE_VERIFICATION']",Review latest project update and verify missing or inconsistent reporting evidence,2025-06,NOT_ELIGIBLE,,officer-decision-v1,alert-policy-v1
PRH-N18000350,2026-06,,DATA_VERIFICATION_REQUIRED,,WITHHELD,,"['STALE_UPDATE', 'SOURCE_GAP', 'INSUFFICIENT_HISTORY', 'FEATURES_INSUFFICIENT', 'SCHEMA_VERIFICATION', 'SOURCE_PROVENANCE_VERIFICATION']",Review latest project update and verify missing or inconsistent reporting evidence,2025-06,NOT_ELIGIBLE,,officer-decision-v1,alert-policy-v1
PRH-N18000351,2026-06,,DATA_VERIFICATION_REQUIRED,,WITHHELD,,"['STALE_UPDATE', 'SOURCE_GAP', 'INSUFFICIENT_HISTORY', 'FEATURES_INSUFFICIENT', 'SCHEMA_VERIFICATION', 'SOURCE_PROVENANCE_VERIFICATION']",Review latest project update and verify missing or inconsistent reporting evidence,2025-06,NOT_ELIGIBLE,,officer-decision-v1,alert-policy-v1
PRH-N18000353,2026-06,,NO_REVIEW_SIGNAL,,WITHHELD,,['COMPLETED_PROJECT'],,2025-06,NOT_ELIGIBLE,,officer-decision-v1,alert-policy-v1
PRH-N18000354,2026-06,,NO_REVIEW_SIGNAL,,WITHHELD,,['COMPLETED_PROJECT'],,2025-03,NOT_ELIGIBLE,,officer-decision-v1,alert-policy-v1
PRH-N18000355,2026-06,,NO_REVIEW_SIGNAL,,WITHHELD,,['COMPLETED_PROJECT'],,2025-03,NOT_ELIGIBLE,,officer-decision-v1,alert-policy-v1
PRH-N18000356,2026-06,,DATA_VERIFICATION_REQUIRED,,WITHHELD,,"['STALE_UPDATE', 'SOURCE_GAP', 'INSUFFICIENT_HISTORY', 'FEATURES_INSUFFICIENT', 'SCHEMA_VERIFICATION', 'SOURCE_PROVENANCE_VERIFICATION']",Review latest project update and verify missing or inconsistent reporting evidence,2025-06,NOT_ELIGIBLE,,officer-decision-v1,alert-policy-v1
PRH-N18000357,2026-06,,DATA_VERIFICATION_REQUIRED,,WITHHELD,,"['STALE_UPDATE', 'SOURCE_GAP', 'INSUFFICIENT_HISTORY', 'FEATURES_INSUFFICIENT', 'SCHEMA_VERIFICATION', 'SOURCE_PROVENANCE_VERIFICATION']",Review latest project update and verify missing or inconsistent reporting evidence,2025-06,NOT_ELIGIBLE,,officer-decision-v1,alert-policy-v1
PRH-N18000358,2026-06,,NO_REVIEW_SIGNAL,,WITHHELD,,['COMPLETED_PROJECT'],,2025-06,NOT_ELIGIBLE,,officer-decision-v1,alert-policy-v1
PRH-N18000359,2026-06,,DATA_VERIFICATION_REQUIRED,,WITHHELD,,"['STALE_UPDATE', 'SOURCE_GAP', 'INSUFFICIENT_HISTORY', 'FEATURES_INSUFFICIENT', 'SCHEMA_VERIFICATION', 'SOURCE_PROVENANCE_VERIFICATION']",Review latest project update and verify missing or inconsistent reporting evidence,2025-06,NOT_ELIGIBLE,,officer-decision-v1,alert-policy-v1
PRH-N18000360,2026-06,,DATA_VERIFICATION_REQUIRED,,WITHHELD,,"['STALE_UPDATE', 'SOURCE_GAP', 'INSUFFICIENT_HISTORY', 'FEATURES_INSUFFICIENT', 'SCHEMA_VERIFICATION', 'SOURCE_PROVENANCE_VERIFICATION']",Review latest project update and verify missing or inconsistent reporting evidence,2025-06,NOT_ELIGIBLE,,officer-decision-v1,alert-policy-v1
PRH-N18000361,2026-06,,DATA_VERIFICATION_REQUIRED,,WITHHELD,,"['STALE_UPDATE', 'SOURCE_GAP', 'INSUFFICIENT_HISTORY', 'FEATURES_INSUFFICIENT', 'SCHEMA_VERIFICATION', 'SOURCE_PROVENANCE_VERIFICATION']",Review latest project update and verify missing or inconsistent reporting evidence,2025-06,NOT_ELIGIBLE,,officer-decision-v1,alert-policy-v1
PRH-N18000365,2026-06,,DATA_VERIFICATION_REQUIRED,,WITHHELD,,"['STALE_UPDATE', 'SOURCE_GAP', 'INSUFFICIENT_HISTORY', 'FEATURES_INSUFFICIENT', 'SCHEMA_VERIFICATION', 'SOURCE_PROVENANCE_VERIFICATION']",Review latest project update and verify missing or inconsistent reporting evidence,2025-06,NOT_ELIGIBLE,,officer-decision-v1,alert-policy-v1
PRH-N18000366,2026-06,,DATA_VERIFICATION_REQUIRED,,WITHHELD,,"['STALE_UPDATE', 'SOURCE_GAP', 'INSUFFICIENT_HISTORY', 'FEATURES_INSUFFICIENT', 'SCHEMA_VERIFICATION', 'SOURCE_PROVENANCE_VERIFICATION']",Review latest project update and verify missing or inconsistent reporting evidence,2025-06,NOT_ELIGIBLE,,officer-decision-v1,alert-policy-v1
PRH-N18000368,2026-06,,DATA_VERIFICATION_REQUIRED,,WITHHELD,,"['STALE_UPDATE', 'SOURCE_GAP', 'INSUFFICIENT_HISTORY', 'FEATURES_INSUFFICIENT', 'SCHEMA_VERIFICATION', 'SOURCE_PROVENANCE_VERIFICATION']",Review latest project update and verify missing or inconsistent reporting evidence,2025-06,NOT_ELIGIBLE,,officer-decision-v1,alert-policy-v1
PRH-N18000369,2026-06,,DATA_VERIFICATION_REQUIRED,,WITHHELD,,"['STALE_UPDATE', 'SOURCE_GAP', 'INSUFFICIENT_HISTORY', 'FEATURES_INSUFFICIENT', 'SCHEMA_VERIFICATION', 'SOURCE_PROVENANCE_VERIFICATION']",Review latest project update and verify missing or inconsistent reporting evidence,2024-03,NOT_ELIGIBLE,,officer-decision-v1,alert-policy-v1
PRH-N18000370,2026-06,,DATA_VERIFICATION_REQUIRED,,WITHHELD,,"['STALE_UPDATE', 'SOURCE_GAP', 'INSUFFICIENT_HISTORY', 'FEATURES_INSUFFICIENT', 'SCHEMA_VERIFICATION', 'SOURCE_PROVENANCE_VERIFICATION']",Review latest project update and verify missing or inconsistent reporting evidence,2025-06,NOT_ELIGIBLE,,officer-decision-v1,alert-policy-v1
PRH-N18000371,2026-06,,NO_REVIEW_SIGNAL,,WITHHELD,,['COMPLETED_PROJECT'],,2024-06,NOT_ELIGIBLE,,officer-decision-v1,alert-policy-v1
PRH-N18000372,2026-06,,NO_REVIEW_SIGNAL,,WITHHELD,,['COMPLETED_PROJECT'],,2025-01,NOT_ELIGIBLE,,officer-decision-v1,alert-policy-v1
PRH-N18000376,2026-06,,DATA_VERIFICATION_REQUIRED,,WITHHELD,,"['STALE_UPDATE', 'SOURCE_GAP', 'INSUFFICIENT_HISTORY', 'FEATURES_INSUFFICIENT', 'SCHEMA_VERIFICATION', 'SOURCE_PROVENANCE_VERIFICATION']",Review latest project update and verify missing or inconsistent reporting evidence,2025-06,NOT_ELIGIBLE,,officer-decision-v1,alert-policy-v1
PRH-N18000406,2026-06,,DATA_VERIFICATION_REQUIRED,,WITHHELD,,"['STALE_UPDATE', 'SOURCE_GAP', 'INSUFFICIENT_HISTORY', 'FEATURES_INSUFFICIENT', 'SCHEMA_VERIFICATION', 'SOURCE_PROVENANCE_VERIFICATION']",Review latest project update and verify missing or inconsistent reporting evidence,2025-06,NOT_ELIGIBLE,,officer-decision-v1,alert-policy-v1
PRH-N18000418,2026-06,,DATA_VERIFICATION_REQUIRED,,WITHHELD,,"['STALE_UPDATE', 'SOURCE_GAP', 'INSUFFICIENT_HISTORY', 'FEATURES_INSUFFICIENT', 'SCHEMA_VERIFICATION', 'SOURCE_PROVENANCE_VERIFICATION']",Review latest project update and verify missing or inconsistent reporting evidence,2025-06,NOT_ELIGIBLE,,officer-decision-v1,alert-policy-v1
PRH-N21000027,2026-06,,DATA_VERIFICATION_REQUIRED,,WITHHELD,,"['STALE_UPDATE', 'SOURCE_GAP', 'INSUFFICIENT_HISTORY', 'FEATURES_INSUFFICIENT', 'SCHEMA_VERIFICATION', 'SOURCE_PROVENANCE_VERIFICATION']",Review latest project update and verify missing or inconsistent reporting evidence,2025-06,NOT_ELIGIBLE,,officer-decision-v1,alert-policy-v1
PRH-N21000029,2026-06,,NO_REVIEW_SIGNAL,,WITHHELD,,['COMPLETED_PROJECT'],,2025-06,NOT_ELIGIBLE,,officer-decision-v1,alert-policy-v1
PRH-N22000079,2026-06,,DATA_VERIFICATION_REQUIRED,,WITHHELD,,"['STALE_UPDATE', 'SOURCE_GAP', 'INSUFFICIENT_HISTORY', 'FEATURES_INSUFFICIENT', 'SCHEMA_VERIFICATION', 'SOURCE_PROVENANCE_VERIFICATION']",Review latest project update and verify missing or inconsistent reporting evidence,2024-07,NOT_ELIGIBLE,,officer-decision-v1,alert-policy-v1
PRH-N22000086,2026-06,,DATA_VERIFICATION_REQUIRED,,WITHHELD,,"['STALE_UPDATE', 'SOURCE_GAP', 'INSUFFICIENT_HISTORY', 'FEATURES_INSUFFICIENT', 'SCHEMA_VERIFICATION', 'SOURCE_PROVENANCE_VERIFICATION']",Review latest project update and verify missing or inconsistent reporting evidence,2023-09,NOT_ELIGIBLE,,officer-decision-v1,alert-policy-v1
PRH-N22000087,2026-06,,DATA_VERIFICATION_REQUIRED,,WITHHELD,,"['STALE_UPDATE', 'SOURCE_GAP', 'INSUFFICIENT_HISTORY', 'FEATURES_INSUFFICIENT', 'SCHEMA_VERIFICATION', 'SOURCE_PROVENANCE_VERIFICATION']",Review latest project update and verify missing or inconsistent reporting evidence,2025-06,NOT_ELIGIBLE,,officer-decision-v1,alert-policy-v1
PRH-N22000100,2026-06,,DATA_VERIFICATION_REQUIRED,,WITHHELD,,"['STALE_UPDATE', 'SOURCE_GAP', 'INSUFFICIENT_HISTORY', 'FEATURES_INSUFFICIENT', 'SCHEMA_VERIFICATION', 'SOURCE_PROVENANCE_VERIFICATION']",Review latest project update and verify missing or inconsistent reporting evidence,2025-06,NOT_ELIGIBLE,,officer-decision-v1,alert-policy-v1
PRH-N22000123,2026-06,,DATA_VERIFICATION_REQUIRED,,WITHHELD,,"['STALE_UPDATE', 'SOURCE_GAP', 'INSUFFICIENT_HISTORY', 'FEATURES_INSUFFICIENT', 'SCHEMA_VERIFICATION', 'SOURCE_PROVENANCE_VERIFICATION']",Review latest project update and verify missing or inconsistent reporting evidence,2024-07,NOT_ELIGIBLE,,officer-decision-v1,alert-policy-v1
PRH-N22000135,2026-06,,DATA_VERIFICATION_REQUIRED,,WITHHELD,,"['STALE_UPDATE', 'SOURCE_GAP', 'INSUFFICIENT_HISTORY', 'FEATURES_INSUFFICIENT', 'SCHEMA_VERIFICATION', 'SOURCE_PROVENANCE_VERIFICATION']",Review latest project update and verify missing or inconsistent reporting evidence,2024-07,NOT_ELIGIBLE,,officer-decision-v1,alert-policy-v1
PRH-N22000171,2026-06,,DATA_VERIFICATION_REQUIRED,,WITHHELD,,"['STALE_UPDATE', 'SOURCE_GAP', 'INSUFFICIENT_HISTORY', 'FEATURES_INSUFFICIENT', 'SCHEMA_VERIFICATION', 'SOURCE_PROVENANCE_VERIFICATION']",Review latest project update and verify missing or inconsistent reporting evidence,2025-06,NOT_ELIGIBLE,,officer-decision-v1,alert-policy-v1
PRH-N22000180,2026-06,,DATA_VERIFICATION_REQUIRED,,WITHHELD,,"['STALE_UPDATE', 'SOURCE_GAP', 'INSUFFICIENT_HISTORY', 'FEATURES_INSUFFICIENT', 'SCHEMA_VERIFICATION', 'SOURCE_PROVENANCE_VERIFICATION']",Review latest project update and verify missing or inconsistent reporting evidence,2024-07,NOT_ELIGIBLE,,officer-decision-v1,alert-policy-v1
PRH-N22000183,2026-06,,DATA_VERIFICATION_REQUIRED,,WITHHELD,,"['STALE_UPDATE', 'SOURCE_GAP', 'INSUFFICIENT_HISTORY', 'FEATURES_INSUFFICIENT', 'SCHEMA_VERIFICATION', 'SOURCE_PROVENANCE_VERIFICATION']",Review latest project update and verify missing or inconsistent reporting evidence,2025-04,NOT_ELIGIBLE,,officer-decision-v1,alert-policy-v1
PRH-N22000195,2026-06,,DATA_VERIFICATION_REQUIRED,,WITHHELD,,"['STALE_UPDATE', 'SOURCE_GAP', 'INSUFFICIENT_HISTORY', 'FEATURES_INSUFFICIENT', 'SCHEMA_VERIFICATION', 'SOURCE_PROVENANCE_VERIFICATION']",Review latest project update and verify missing or inconsistent reporting evidence,2024-07,NOT_ELIGIBLE,,officer-decision-v1,alert-policy-v1
PRH-N22000205,2026-06,,DATA_VERIFICATION_REQUIRED,,WITHHELD,,"['STALE_UPDATE', 'SOURCE_GAP', 'INSUFFICIENT_HISTORY', 'FEATURES_INSUFFICIENT', 'SCHEMA_VERIFICATION', 'SOURCE_PROVENANCE_VERIFICATION']",Review latest project update and verify missing or inconsistent reporting evidence,2024-07,NOT_ELIGIBLE,,officer-decision-v1,alert-policy-v1
PRH-N22000213,2026-06,,DATA_VERIFICATION_REQUIRED,,WITHHELD,,"['STALE_UPDATE', 'SOURCE_GAP', 'INSUFFICIENT_HISTORY', 'FEATURES_INSUFFICIENT', 'SCHEMA_VERIFICATION', 'SOURCE_PROVENANCE_VERIFICATION']",Review latest project update and verify missing or inconsistent reporting evidence,2024-03,NOT_ELIGIBLE,,officer-decision-v1,alert-policy-v1
PRH-N22000215,2026-06,,DATA_VERIFICATION_REQUIRED,,WITHHELD,,"['STALE_UPDATE', 'SOURCE_GAP', 'INSUFFICIENT_HISTORY', 'FEATURES_INSUFFICIENT', 'SCHEMA_VERIFICATION', 'SOURCE_PROVENANCE_VERIFICATION']",Review latest project update and verify missing or inconsistent reporting evidence,2024-07,NOT_ELIGIBLE,,officer-decision-v1,alert-policy-v1
PRH-N22000229,2026-06,,DATA_VERIFICATION_REQUIRED,,WITHHELD,,"['STALE_UPDATE', 'SOURCE_GAP', 'INSUFFICIENT_HISTORY', 'FEATURES_INSUFFICIENT', 'SCHEMA_VERIFICATION', 'SOURCE_PROVENANCE_VERIFICATION']",Review latest project update and verify missing or inconsistent reporting evidence,2023-09,NOT_ELIGIBLE,,officer-decision-v1,alert-policy-v1
PRH-N22000264,2026-06,,DATA_VERIFICATION_REQUIRED,,WITHHELD,,"['STALE_UPDATE', 'SOURCE_GAP', 'INSUFFICIENT_HISTORY', 'FEATURES_INSUFFICIENT', 'SCHEMA_VERIFICATION', 'SOURCE_PROVENANCE_VERIFICATION']",Review latest project update and verify missing or inconsistent reporting evidence,2023-09,NOT_ELIGIBLE,,officer-decision-v1,alert-policy-v1
PRH-N22000272,2026-06,,DATA_VERIFICATION_REQUIRED,,WITHHELD,,"['STALE_UPDATE', 'SOURCE_GAP', 'INSUFFICIENT_HISTORY', 'FEATURES_INSUFFICIENT', 'SCHEMA_VERIFICATION', 'SOURCE_PROVENANCE_VERIFICATION']",Review latest project update and verify missing or inconsistent reporting evidence,2023-09,NOT_ELIGIBLE,,officer-decision-v1,alert-policy-v1
PRH-N22000274,2026-06,,DATA_VERIFICATION_REQUIRED,,WITHHELD,,"['STALE_UPDATE', 'SOURCE_GAP', 'INSUFFICIENT_HISTORY', 'FEATURES_INSUFFICIENT', 'SCHEMA_VERIFICATION', 'SOURCE_PROVENANCE_VERIFICATION']",Review latest project update and verify missing or inconsistent reporting evidence,2025-06,NOT_ELIGIBLE,,officer-decision-v1,alert-policy-v1
PRH-N22000278,2026-06,,DATA_VERIFICATION_REQUIRED,,WITHHELD,,"['STALE_UPDATE', 'SOURCE_GAP', 'INSUFFICIENT_HISTORY', 'FEATURES_INSUFFICIENT', 'SCHEMA_VERIFICATION', 'SOURCE_PROVENANCE_VERIFICATION']",Review latest project update and verify missing or inconsistent reporting evidence,2024-03,NOT_ELIGIBLE,,officer-decision-v1,alert-policy-v1
PRH-N22000301,2026-06,,DATA_VERIFICATION_REQUIRED,,WITHHELD,,"['STALE_UPDATE', 'SOURCE_GAP', 'INSUFFICIENT_HISTORY', 'FEATURES_INSUFFICIENT', 'SCHEMA_VERIFICATION', 'SOURCE_PROVENANCE_VERIFICATION']",Review latest project update and verify missing or inconsistent reporting evidence,2024-03,NOT_ELIGIBLE,,officer-decision-v1,alert-policy-v1
PRH-N22000315,2026-06,,DATA_VERIFICATION_REQUIRED,,WITHHELD,,"['STALE_UPDATE', 'SOURCE_GAP', 'INSUFFICIENT_HISTORY', 'FEATURES_INSUFFICIENT', 'SCHEMA_VERIFICATION', 'SOURCE_PROVENANCE_VERIFICATION']",Review latest project update and verify missing or inconsistent reporting evidence,2023-09,NOT_ELIGIBLE,,officer-decision-v1,alert-policy-v1
PRH-N22000326,2026-06,,NO_REVIEW_SIGNAL,,WITHHELD,,['COMPLETED_PROJECT'],,2024-07,NOT_ELIGIBLE,,officer-decision-v1,alert-policy-v1
PRH-N22000346,2026-06,,DATA_VERIFICATION_REQUIRED,,WITHHELD,,"['STALE_UPDATE', 'SOURCE_GAP', 'INSUFFICIENT_HISTORY', 'FEATURES_INSUFFICIENT', 'SCHEMA_VERIFICATION', 'SOURCE_PROVENANCE_VERIFICATION']",Review latest project update and verify missing or inconsistent reporting evidence,2023-09,NOT_ELIGIBLE,,officer-decision-v1,alert-policy-v1
PRH-N22000347,2026-06,,DATA_VERIFICATION_REQUIRED,,WITHHELD,,"['STALE_UPDATE', 'SOURCE_GAP', 'INSUFFICIENT_HISTORY', 'FEATURES_INSUFFICIENT', 'SCHEMA_VERIFICATION', 'SOURCE_PROVENANCE_VERIFICATION']",Review latest project update and verify missing or inconsistent reporting evidence,2024-03,NOT_ELIGIBLE,,officer-decision-v1,alert-policy-v1
PRH-N22000349,2026-06,,DATA_VERIFICATION_REQUIRED,,WITHHELD,,"['STALE_UPDATE', 'SOURCE_GAP', 'INSUFFICIENT_HISTORY', 'FEATURES_INSUFFICIENT', 'SCHEMA_VERIFICATION', 'SOURCE_PROVENANCE_VERIFICATION']",Review latest project update and verify missing or inconsistent reporting evidence,2025-06,NOT_ELIGIBLE,,officer-decision-v1,alert-policy-v1
PRH-N22000400,2026-06,,DATA_VERIFICATION_REQUIRED,,WITHHELD,,"['STALE_UPDATE', 'SOURCE_GAP', 'INSUFFICIENT_HISTORY', 'FEATURES_INSUFFICIENT', 'SCHEMA_VERIFICATION', 'SOURCE_PROVENANCE_VERIFICATION']",Review latest project update and verify missing or inconsistent reporting evidence,2024-07,NOT_ELIGIBLE,,officer-decision-v1,alert-policy-v1
PRH-N22000401,2026-06,,DATA_VERIFICATION_REQUIRED,,WITHHELD,,"['STALE_UPDATE', 'SOURCE_GAP', 'INSUFFICIENT_HISTORY', 'FEATURES_INSUFFICIENT', 'SCHEMA_VERIFICATION', 'SOURCE_PROVENANCE_VERIFICATION']",Review latest project update and verify missing or inconsistent reporting evidence,2025-04,NOT_ELIGIBLE,,officer-decision-v1,alert-policy-v1
PRH-N22000404,2026-06,,DATA_VERIFICATION_REQUIRED,,WITHHELD,,"['STALE_UPDATE', 'SOURCE_GAP', 'INSUFFICIENT_HISTORY', 'FEATURES_INSUFFICIENT', 'SCHEMA_VERIFICATION', 'SOURCE_PROVENANCE_VERIFICATION']",Review latest project update and verify missing or inconsistent reporting evidence,2024-03,NOT_ELIGIBLE,,officer-decision-v1,alert-policy-v1
PRH-N22000405,2026-06,,DATA_VERIFICATION_REQUIRED,,WITHHELD,,"['STALE_UPDATE', 'SOURCE_GAP', 'INSUFFICIENT_HISTORY', 'FEATURES_INSUFFICIENT', 'SCHEMA_VERIFICATION', 'SOURCE_PROVENANCE_VERIFICATION']",Review latest project update and verify missing or inconsistent reporting evidence,2024-03,NOT_ELIGIBLE,,officer-decision-v1,alert-policy-v1
PRH-N22000412,2026-06,,DATA_VERIFICATION_REQUIRED,,WITHHELD,,"['STALE_UPDATE', 'SOURCE_GAP', 'INSUFFICIENT_HISTORY', 'FEATURES_INSUFFICIENT', 'SCHEMA_VERIFICATION', 'SOURCE_PROVENANCE_VERIFICATION']",Review latest project update and verify missing or inconsistent reporting evidence,2024-03,NOT_ELIGIBLE,,officer-decision-v1,alert-policy-v1
PRH-N22000415,2026-06,,DATA_VERIFICATION_REQUIRED,,WITHHELD,,"['STALE_UPDATE', 'SOURCE_GAP', 'INSUFFICIENT_HISTORY', 'FEATURES_INSUFFICIENT', 'SCHEMA_VERIFICATION', 'SOURCE_PROVENANCE_VERIFICATION']",Review latest project update and verify missing or inconsistent reporting evidence,2024-07,NOT_ELIGIBLE,,officer-decision-v1,alert-policy-v1
PRH-N22000417,2026-06,,NO_REVIEW_SIGNAL,,WITHHELD,,['COMPLETED_PROJECT'],,2025-04,NOT_ELIGIBLE,,officer-decision-v1,alert-policy-v1
PRH-N22000418,2026-06,,DATA_VERIFICATION_REQUIRED,,WITHHELD,,"['STALE_UPDATE', 'SOURCE_GAP', 'INSUFFICIENT_HISTORY', 'FEATURES_INSUFFICIENT', 'SCHEMA_VERIFICATION', 'SOURCE_PROVENANCE_VERIFICATION']",Review latest project update and verify missing or inconsistent reporting evidence,2025-04,NOT_ELIGIBLE,,officer-decision-v1,alert-policy-v1
PRH-N22000419,2026-06,,NO_REVIEW_SIGNAL,,WITHHELD,,['COMPLETED_PROJECT'],,2025-04,NOT_ELIGIBLE,,officer-decision-v1,alert-policy-v1
PRH-N22000428,2026-06,,DATA_VERIFICATION_REQUIRED,,WITHHELD,,"['STALE_UPDATE', 'SOURCE_GAP', 'INSUFFICIENT_HISTORY', 'FEATURES_INSUFFICIENT', 'SCHEMA_VERIFICATION', 'SOURCE_PROVENANCE_VERIFICATION']",Review latest project update and verify missing or inconsistent reporting evidence,2023-09,NOT_ELIGIBLE,,officer-decision-v1,alert-policy-v1
PRH-N22000431,2026-06,,DATA_VERIFICATION_REQUIRED,,WITHHELD,,"['STALE_UPDATE', 'SOURCE_GAP', 'INSUFFICIENT_HISTORY', 'FEATURES_INSUFFICIENT', 'SCHEMA_VERIFICATION', 'SOURCE_PROVENANCE_VERIFICATION']",Review latest project update and verify missing or inconsistent reporting evidence,2023-09,NOT_ELIGIBLE,,officer-decision-v1,alert-policy-v1
PRH-N22000432,2026-06,,DATA_VERIFICATION_REQUIRED,,WITHHELD,,"['STALE_UPDATE', 'SOURCE_GAP', 'INSUFFICIENT_HISTORY', 'FEATURES_INSUFFICIENT', 'SCHEMA_VERIFICATION', 'SOURCE_PROVENANCE_VERIFICATION']",Review latest project update and verify missing or inconsistent reporting evidence,2024-07,NOT_ELIGIBLE,,officer-decision-v1,alert-policy-v1
PRH-N22000435,2026-06,,DATA_VERIFICATION_REQUIRED,,WITHHELD,,"['STALE_UPDATE', 'SOURCE_GAP', 'INSUFFICIENT_HISTORY', 'FEATURES_INSUFFICIENT', 'SCHEMA_VERIFICATION', 'SOURCE_PROVENANCE_VERIFICATION']",Review latest project update and verify missing or inconsistent reporting evidence,2024-03,NOT_ELIGIBLE,,officer-decision-v1,alert-policy-v1
PRH-N22000436,2026-06,,DATA_VERIFICATION_REQUIRED,,WITHHELD,,"['STALE_UPDATE', 'SOURCE_GAP', 'INSUFFICIENT_HISTORY', 'FEATURES_INSUFFICIENT', 'SCHEMA_VERIFICATION', 'SOURCE_PROVENANCE_VERIFICATION']",Review latest project update and verify missing or inconsistent reporting evidence,2024-03,NOT_ELIGIBLE,,officer-decision-v1,alert-policy-v1
PRH-N22000449,2026-06,,DATA_VERIFICATION_REQUIRED,,WITHHELD,,"['STALE_UPDATE', 'SOURCE_GAP', 'INSUFFICIENT_HISTORY', 'FEATURES_INSUFFICIENT', 'SCHEMA_VERIFICATION', 'SOURCE_PROVENANCE_VERIFICATION']",Review latest project update and verify missing or inconsistent reporting evidence,2024-03,NOT_ELIGIBLE,,officer-decision-v1,alert-policy-v1
PRH-N22000451,2026-06,,DATA_VERIFICATION_REQUIRED,,WITHHELD,,"['STALE_UPDATE', 'SOURCE_GAP', 'INSUFFICIENT_HISTORY', 'FEATURES_INSUFFICIENT', 'SCHEMA_VERIFICATION', 'SOURCE_PROVENANCE_VERIFICATION']",Review latest project update and verify missing or inconsistent reporting evidence,2023-09,NOT_ELIGIBLE,,officer-decision-v1,alert-policy-v1
PRH-N22000459,2026-06,,DATA_VERIFICATION_REQUIRED,,WITHHELD,,"['STALE_UPDATE', 'SOURCE_GAP', 'INSUFFICIENT_HISTORY', 'FEATURES_INSUFFICIENT', 'SCHEMA_VERIFICATION', 'SOURCE_PROVENANCE_VERIFICATION']",Review latest project update and verify missing or inconsistent reporting evidence,2023-11,NOT_ELIGIBLE,,officer-decision-v1,alert-policy-v1
PRH-N22000470,2026-06,,DATA_VERIFICATION_REQUIRED,,WITHHELD,,"['STALE_UPDATE', 'SOURCE_GAP', 'INSUFFICIENT_HISTORY', 'FEATURES_INSUFFICIENT', 'SCHEMA_VERIFICATION', 'SOURCE_PROVENANCE_VERIFICATION']",Review latest project update and verify missing or inconsistent reporting evidence,2025-06,NOT_ELIGIBLE,,officer-decision-v1,alert-policy-v1
PRH-N22000485,2026-06,,NO_REVIEW_SIGNAL,,WITHHELD,,['COMPLETED_PROJECT'],,2025-06,NOT_ELIGIBLE,,officer-decision-v1,alert-policy-v1
PRH-N22000493,2026-06,,DATA_VERIFICATION_REQUIRED,,WITHHELD,,"['STALE_UPDATE', 'SOURCE_GAP', 'INSUFFICIENT_HISTORY', 'FEATURES_INSUFFICIENT', 'SCHEMA_VERIFICATION', 'SOURCE_PROVENANCE_VERIFICATION']",Review latest project update and verify missing or inconsistent reporting evidence,2024-03,NOT_ELIGIBLE,,officer-decision-v1,alert-policy-v1
PRH-N22000502,2026-06,,NO_REVIEW_SIGNAL,,WITHHELD,,['COMPLETED_PROJECT'],,2025-04,NOT_ELIGIBLE,,officer-decision-v1,alert-policy-v1
PRH-N22000504,2026-06,,NO_REVIEW_SIGNAL,,WITHHELD,,['COMPLETED_PROJECT'],,2025-06,NOT_ELIGIBLE,,officer-decision-v1,alert-policy-v1
PRH-N22000505,2026-06,,NO_REVIEW_SIGNAL,,WITHHELD,,['COMPLETED_PROJECT'],,2025-04,NOT_ELIGIBLE,,officer-decision-v1,alert-policy-v1
PRH-N22000509,2026-06,,DATA_VERIFICATION_REQUIRED,,WITHHELD,,"['STALE_UPDATE', 'SOURCE_GAP', 'INSUFFICIENT_HISTORY', 'FEATURES_INSUFFICIENT', 'SCHEMA_VERIFICATION', 'SOURCE_PROVENANCE_VERIFICATION']",Review latest project update and verify missing or inconsistent reporting evidence,2023-09,NOT_ELIGIBLE,,officer-decision-v1,alert-policy-v1
PRH-N22000510,2026-06,,NO_REVIEW_SIGNAL,,WITHHELD,,['COMPLETED_PROJECT'],,2025-06,NOT_ELIGIBLE,,officer-decision-v1,alert-policy-v1
PRH-N22000511,2026-06,,DATA_VERIFICATION_REQUIRED,,WITHHELD,,"['STALE_UPDATE', 'SOURCE_GAP', 'INSUFFICIENT_HISTORY', 'FEATURES_INSUFFICIENT', 'SCHEMA_VERIFICATION', 'SOURCE_PROVENANCE_VERIFICATION']",Review latest project update and verify missing or inconsistent reporting evidence,2025-06,NOT_ELIGIBLE,,officer-decision-v1,alert-policy-v1
PRH-N22000515,2026-06,,DATA_VERIFICATION_REQUIRED,,WITHHELD,,"['STALE_UPDATE', 'SOURCE_GAP', 'INSUFFICIENT_HISTORY', 'FEATURES_INSUFFICIENT', 'SCHEMA_VERIFICATION', 'SOURCE_PROVENANCE_VERIFICATION']",Review latest project update and verify missing or inconsistent reporting evidence,2025-06,NOT_ELIGIBLE,,officer-decision-v1,alert-policy-v1
PRH-N22000518,2026-06,,DATA_VERIFICATION_REQUIRED,,WITHHELD,,"['STALE_UPDATE', 'SOURCE_GAP', 'INSUFFICIENT_HISTORY', 'FEATURES_INSUFFICIENT', 'SCHEMA_VERIFICATION', 'SOURCE_PROVENANCE_VERIFICATION']",Review latest project update and verify missing or inconsistent reporting evidence,2025-06,NOT_ELIGIBLE,,officer-decision-v1,alert-policy-v1
PRH-N22000519,2026-06,,DATA_VERIFICATION_REQUIRED,,WITHHELD,,"['STALE_UPDATE', 'SOURCE_GAP', 'INSUFFICIENT_HISTORY', 'FEATURES_INSUFFICIENT', 'SCHEMA_VERIFICATION', 'SOURCE_PROVENANCE_VERIFICATION']",Review latest project update and verify missing or inconsistent reporting evidence,2025-06,NOT_ELIGIBLE,,officer-decision-v1,alert-policy-v1
PRH-N22000522,2026-06,,DATA_VERIFICATION_REQUIRED,,WITHHELD,,"['STALE_UPDATE', 'SOURCE_GAP', 'INSUFFICIENT_HISTORY', 'FEATURES_INSUFFICIENT', 'SCHEMA_VERIFICATION', 'SOURCE_PROVENANCE_VERIFICATION']",Review latest project update and verify missing or inconsistent reporting evidence,2025-06,NOT_ELIGIBLE,,officer-decision-v1,alert-policy-v1
PRH-N22000523,2026-06,,NO_REVIEW_SIGNAL,,WITHHELD,,['COMPLETED_PROJECT'],,2025-04,NOT_ELIGIBLE,,officer-decision-v1,alert-policy-v1
PRH-N22000525,2026-06,,DATA_VERIFICATION_REQUIRED,,WITHHELD,,"['STALE_UPDATE', 'SOURCE_GAP', 'INSUFFICIENT_HISTORY', 'FEATURES_INSUFFICIENT', 'SCHEMA_VERIFICATION', 'SOURCE_PROVENANCE_VERIFICATION']",Review latest project update and verify missing or inconsistent reporting evidence,2025-06,NOT_ELIGIBLE,,officer-decision-v1,alert-policy-v1
PRH-N22000526,2026-06,,DATA_VERIFICATION_REQUIRED,,WITHHELD,,"['STALE_UPDATE', 'SOURCE_GAP', 'INSUFFICIENT_HISTORY', 'FEATURES_INSUFFICIENT', 'SCHEMA_VERIFICATION', 'SOURCE_PROVENANCE_VERIFICATION']",Review latest project update and verify missing or inconsistent reporting evidence,2025-06,NOT_ELIGIBLE,,officer-decision-v1,alert-policy-v1
PRH-N22000527,2026-06,,DATA_VERIFICATION_REQUIRED,,WITHHELD,,"['STALE_UPDATE', 'SOURCE_GAP', 'INSUFFICIENT_HISTORY', 'FEATURES_INSUFFICIENT', 'SCHEMA_VERIFICATION', 'SOURCE_PROVENANCE_VERIFICATION']",Review latest project update and verify missing or inconsistent reporting evidence,2024-03,NOT_ELIGIBLE,,officer-decision-v1,alert-policy-v1
PRH-N22000528,2026-06,,DATA_VERIFICATION_REQUIRED,,WITHHELD,,"['STALE_UPDATE', 'SOURCE_GAP', 'INSUFFICIENT_HISTORY', 'FEATURES_INSUFFICIENT', 'SCHEMA_VERIFICATION', 'SOURCE_PROVENANCE_VERIFICATION']",Review latest project update and verify missing or inconsistent reporting evidence,2025-06,NOT_ELIGIBLE,,officer-decision-v1,alert-policy-v1
PRH-N22000530,2026-06,,DATA_VERIFICATION_REQUIRED,,WITHHELD,,"['STALE_UPDATE', 'SOURCE_GAP', 'INSUFFICIENT_HISTORY', 'FEATURES_INSUFFICIENT', 'SCHEMA_VERIFICATION', 'SOURCE_PROVENANCE_VERIFICATION']",Review latest project update and verify missing or inconsistent reporting evidence,2024-03,NOT_ELIGIBLE,,officer-decision-v1,alert-policy-v1
PRH-N22000531,2026-06,,DATA_VERIFICATION_REQUIRED,,WITHHELD,,"['STALE_UPDATE', 'SOURCE_GAP', 'INSUFFICIENT_HISTORY', 'FEATURES_INSUFFICIENT', 'SCHEMA_VERIFICATION', 'SOURCE_PROVENANCE_VERIFICATION']",Review latest project update and verify missing or inconsistent reporting evidence,2024-03,NOT_ELIGIBLE,,officer-decision-v1,alert-policy-v1
PRH-N22000533,2026-06,,DATA_VERIFICATION_REQUIRED,,WITHHELD,,"['STALE_UPDATE', 'SOURCE_GAP', 'INSUFFICIENT_HISTORY', 'FEATURES_INSUFFICIENT', 'SCHEMA_VERIFICATION', 'SOURCE_PROVENANCE_VERIFICATION']",Review latest project update and verify missing or inconsistent reporting evidence,2025-06,NOT_ELIGIBLE,,officer-decision-v1,alert-policy-v1
PRH-N22000534,2026-06,,DATA_VERIFICATION_REQUIRED,,WITHHELD,,"['STALE_UPDATE', 'SOURCE_GAP', 'INSUFFICIENT_HISTORY', 'FEATURES_INSUFFICIENT', 'SCHEMA_VERIFICATION', 'SOURCE_PROVENANCE_VERIFICATION']",Review latest project update and verify missing or inconsistent reporting evidence,2024-07,NOT_ELIGIBLE,,officer-decision-v1,alert-policy-v1
PRH-N22000537,2026-06,,DATA_VERIFICATION_REQUIRED,,WITHHELD,,"['STALE_UPDATE', 'SOURCE_GAP', 'INSUFFICIENT_HISTORY', 'FEATURES_INSUFFICIENT', 'SCHEMA_VERIFICATION', 'SOURCE_PROVENANCE_VERIFICATION']",Review latest project update and verify missing or inconsistent reporting evidence,2025-06,NOT_ELIGIBLE,,officer-decision-v1,alert-policy-v1
PRH-N22000547,2026-06,,DATA_VERIFICATION_REQUIRED,,WITHHELD,,"['STALE_UPDATE', 'SOURCE_GAP', 'INSUFFICIENT_HISTORY', 'FEATURES_INSUFFICIENT', 'SCHEMA_VERIFICATION', 'SOURCE_PROVENANCE_VERIFICATION']",Review latest project update and verify missing or inconsistent reporting evidence,2025-06,NOT_ELIGIBLE,,officer-decision-v1,alert-policy-v1
PRH-N22000548,2026-06,,DATA_VERIFICATION_REQUIRED,,WITHHELD,,"['STALE_UPDATE', 'SOURCE_GAP', 'INSUFFICIENT_HISTORY', 'FEATURES_INSUFFICIENT', 'SCHEMA_VERIFICATION', 'SOURCE_PROVENANCE_VERIFICATION']",Review latest project update and verify missing or inconsistent reporting evidence,2025-06,NOT_ELIGIBLE,,officer-decision-v1,alert-policy-v1
PRH-N22000549,2026-06,,DATA_VERIFICATION_REQUIRED,,WITHHELD,,"['STALE_UPDATE', 'SOURCE_GAP', 'INSUFFICIENT_HISTORY', 'FEATURES_INSUFFICIENT', 'SCHEMA_VERIFICATION', 'SOURCE_PROVENANCE_VERIFICATION']",Review latest project update and verify missing or inconsistent reporting evidence,2024-07,NOT_ELIGIBLE,,officer-decision-v1,alert-policy-v1
PRH-N22000552,2026-06,,DATA_VERIFICATION_REQUIRED,,WITHHELD,,"['STALE_UPDATE', 'SOURCE_GAP', 'INSUFFICIENT_HISTORY', 'FEATURES_INSUFFICIENT', 'SCHEMA_VERIFICATION', 'SOURCE_PROVENANCE_VERIFICATION']",Review latest project update and verify missing or inconsistent reporting evidence,2024-07,NOT_ELIGIBLE,,officer-decision-v1,alert-policy-v1
PRH-N22000555,2026-06,,DATA_VERIFICATION_REQUIRED,,WITHHELD,,"['STALE_UPDATE', 'SOURCE_GAP', 'INSUFFICIENT_HISTORY', 'FEATURES_INSUFFICIENT', 'SCHEMA_VERIFICATION', 'SOURCE_PROVENANCE_VERIFICATION']",Review latest project update and verify missing or inconsistent reporting evidence,2025-06,NOT_ELIGIBLE,,officer-decision-v1,alert-policy-v1
PRH-N22000556,2026-06,,DATA_VERIFICATION_REQUIRED,,WITHHELD,,"['STALE_UPDATE', 'SOURCE_GAP', 'INSUFFICIENT_HISTORY', 'FEATURES_INSUFFICIENT', 'SCHEMA_VERIFICATION', 'SOURCE_PROVENANCE_VERIFICATION']",Review latest project update and verify missing or inconsistent reporting evidence,2025-06,NOT_ELIGIBLE,,officer-decision-v1,alert-policy-v1
PRH-N22000560,2026-06,,DATA_VERIFICATION_REQUIRED,,WITHHELD,,"['STALE_UPDATE', 'SOURCE_GAP', 'INSUFFICIENT_HISTORY', 'FEATURES_INSUFFICIENT', 'SCHEMA_VERIFICATION', 'SOURCE_PROVENANCE_VERIFICATION']",Review latest project update and verify missing or inconsistent reporting evidence,2024-03,NOT_ELIGIBLE,,officer-decision-v1,alert-policy-v1
PRH-N22000566,2026-06,,DATA_VERIFICATION_REQUIRED,,WITHHELD,,"['STALE_UPDATE', 'SOURCE_GAP', 'INSUFFICIENT_HISTORY', 'FEATURES_INSUFFICIENT', 'SCHEMA_VERIFICATION', 'SOURCE_PROVENANCE_VERIFICATION']",Review latest project update and verify missing or inconsistent reporting evidence,2025-06,NOT_ELIGIBLE,,officer-decision-v1,alert-policy-v1
PRH-N22000567,2026-06,,DATA_VERIFICATION_REQUIRED,,WITHHELD,,"['STALE_UPDATE', 'SOURCE_GAP', 'INSUFFICIENT_HISTORY', 'FEATURES_INSUFFICIENT', 'SCHEMA_VERIFICATION', 'SOURCE_PROVENANCE_VERIFICATION']",Review latest project update and verify missing or inconsistent reporting evidence,2024-07,NOT_ELIGIBLE,,officer-decision-v1,alert-policy-v1
PRH-N22000568,2026-06,,DATA_VERIFICATION_REQUIRED,,WITHHELD,,"['STALE_UPDATE', 'SOURCE_GAP', 'INSUFFICIENT_HISTORY', 'FEATURES_INSUFFICIENT', 'SCHEMA_VERIFICATION', 'SOURCE_PROVENANCE_VERIFICATION']",Review latest project update and verify missing or inconsistent reporting evidence,2025-06,NOT_ELIGIBLE,,officer-decision-v1,alert-policy-v1
PRH-N22000570,2026-06,,DATA_VERIFICATION_REQUIRED,,WITHHELD,,"['STALE_UPDATE', 'SOURCE_GAP', 'INSUFFICIENT_HISTORY', 'FEATURES_INSUFFICIENT', 'SCHEMA_VERIFICATION', 'SOURCE_PROVENANCE_VERIFICATION']",Review latest project update and verify missing or inconsistent reporting evidence,2025-06,NOT_ELIGIBLE,,officer-decision-v1,alert-policy-v1
PRH-N22000571,2026-06,,DATA_VERIFICATION_REQUIRED,,WITHHELD,,"['STALE_UPDATE', 'SOURCE_GAP', 'INSUFFICIENT_HISTORY', 'FEATURES_INSUFFICIENT', 'SCHEMA_VERIFICATION', 'SOURCE_PROVENANCE_VERIFICATION']",Review latest project update and verify missing or inconsistent reporting evidence,2025-06,NOT_ELIGIBLE,,officer-decision-v1,alert-policy-v1
PRH-N22000578,2026-06,,DATA_VERIFICATION_REQUIRED,,WITHHELD,,"['STALE_UPDATE', 'SOURCE_GAP', 'INSUFFICIENT_HISTORY', 'FEATURES_INSUFFICIENT', 'SCHEMA_VERIFICATION', 'SOURCE_PROVENANCE_VERIFICATION']",Review latest project update and verify missing or inconsistent reporting evidence,2024-07,NOT_ELIGIBLE,,officer-decision-v1,alert-policy-v1
PRH-N22000582,2026-06,,DATA_VERIFICATION_REQUIRED,,WITHHELD,,"['STALE_UPDATE', 'SOURCE_GAP', 'INSUFFICIENT_HISTORY', 'FEATURES_INSUFFICIENT', 'SCHEMA_VERIFICATION', 'SOURCE_PROVENANCE_VERIFICATION']",Review latest project update and verify missing or inconsistent reporting evidence,2024-07,NOT_ELIGIBLE,,officer-decision-v1,alert-policy-v1
PRH-N22000588,2026-06,,DATA_VERIFICATION_REQUIRED,,WITHHELD,,"['STALE_UPDATE', 'SOURCE_GAP', 'INSUFFICIENT_HISTORY', 'FEATURES_INSUFFICIENT', 'SCHEMA_VERIFICATION', 'SOURCE_PROVENANCE_VERIFICATION']",Review latest project update and verify missing or inconsistent reporting evidence,2024-03,NOT_ELIGIBLE,,officer-decision-v1,alert-policy-v1
PRH-N22000589,2026-06,,DATA_VERIFICATION_REQUIRED,,WITHHELD,,"['STALE_UPDATE', 'SOURCE_GAP', 'INSUFFICIENT_HISTORY', 'FEATURES_INSUFFICIENT', 'SCHEMA_VERIFICATION', 'SOURCE_PROVENANCE_VERIFICATION']",Review latest project update and verify missing or inconsistent reporting evidence,2025-06,NOT_ELIGIBLE,,officer-decision-v1,alert-policy-v1
PRH-N22000591,2026-06,,DATA_VERIFICATION_REQUIRED,,WITHHELD,,"['STALE_UPDATE', 'SOURCE_GAP', 'INSUFFICIENT_HISTORY', 'FEATURES_INSUFFICIENT', 'SCHEMA_VERIFICATION', 'SOURCE_PROVENANCE_VERIFICATION']",Review latest project update and verify missing or inconsistent reporting evidence,2025-06,NOT_ELIGIBLE,,officer-decision-v1,alert-policy-v1
PRH-N22000594,2026-06,,DATA_VERIFICATION_REQUIRED,,WITHHELD,,"['STALE_UPDATE', 'SOURCE_GAP', 'INSUFFICIENT_HISTORY', 'FEATURES_INSUFFICIENT', 'SCHEMA_VERIFICATION', 'SOURCE_PROVENANCE_VERIFICATION']",Review latest project update and verify missing or inconsistent reporting evidence,2025-06,NOT_ELIGIBLE,,officer-decision-v1,alert-policy-v1
PRH-N22000596,2026-06,,DATA_VERIFICATION_REQUIRED,,WITHHELD,,"['STALE_UPDATE', 'SOURCE_GAP', 'INSUFFICIENT_HISTORY', 'FEATURES_INSUFFICIENT', 'SCHEMA_VERIFICATION', 'SOURCE_PROVENANCE_VERIFICATION']",Review latest project update and verify missing or inconsistent reporting evidence,2025-06,NOT_ELIGIBLE,,officer-decision-v1,alert-policy-v1
PRH-N22000597,2026-06,,DATA_VERIFICATION_REQUIRED,,WITHHELD,,"['STALE_UPDATE', 'SOURCE_GAP', 'INSUFFICIENT_HISTORY', 'FEATURES_INSUFFICIENT', 'SCHEMA_VERIFICATION', 'SOURCE_PROVENANCE_VERIFICATION']",Review latest project update and verify missing or inconsistent reporting evidence,2024-07,NOT_ELIGIBLE,,officer-decision-v1,alert-policy-v1
PRH-N22000599,2026-06,,DATA_VERIFICATION_REQUIRED,,WITHHELD,,"['STALE_UPDATE', 'SOURCE_GAP', 'INSUFFICIENT_HISTORY', 'FEATURES_INSUFFICIENT', 'SCHEMA_VERIFICATION', 'SOURCE_PROVENANCE_VERIFICATION']",Review latest project update and verify missing or inconsistent reporting evidence,2025-06,NOT_ELIGIBLE,,officer-decision-v1,alert-policy-v1
PRH-N22000600,2026-06,,DATA_VERIFICATION_REQUIRED,,WITHHELD,,"['STALE_UPDATE', 'SOURCE_GAP', 'INSUFFICIENT_HISTORY', 'FEATURES_INSUFFICIENT', 'SCHEMA_VERIFICATION', 'SOURCE_PROVENANCE_VERIFICATION']",Review latest project update and verify missing or inconsistent reporting evidence,2025-06,NOT_ELIGIBLE,,officer-decision-v1,alert-policy-v1
PRH-N22000602,2026-06,,DATA_VERIFICATION_REQUIRED,,WITHHELD,,"['STALE_UPDATE', 'SOURCE_GAP', 'INSUFFICIENT_HISTORY', 'FEATURES_INSUFFICIENT', 'SCHEMA_VERIFICATION', 'SOURCE_PROVENANCE_VERIFICATION']",Review latest project update and verify missing or inconsistent reporting evidence,2025-06,NOT_ELIGIBLE,,officer-decision-v1,alert-policy-v1
PRH-N22000605,2026-06,,DATA_VERIFICATION_REQUIRED,,WITHHELD,,"['STALE_UPDATE', 'SOURCE_GAP', 'INSUFFICIENT_HISTORY', 'FEATURES_INSUFFICIENT', 'SCHEMA_VERIFICATION', 'SOURCE_PROVENANCE_VERIFICATION']",Review latest project update and verify missing or inconsistent reporting evidence,2025-06,NOT_ELIGIBLE,,officer-decision-v1,alert-policy-v1
PRH-N22000609,2026-06,,NO_REVIEW_SIGNAL,,WITHHELD,,['COMPLETED_PROJECT'],,2025-04,NOT_ELIGIBLE,,officer-decision-v1,alert-policy-v1
PRH-N22000610,2026-06,,DATA_VERIFICATION_REQUIRED,,WITHHELD,,"['STALE_UPDATE', 'SOURCE_GAP', 'INSUFFICIENT_HISTORY', 'FEATURES_INSUFFICIENT', 'SCHEMA_VERIFICATION', 'SOURCE_PROVENANCE_VERIFICATION']",Review latest project update and verify missing or inconsistent reporting evidence,2025-06,NOT_ELIGIBLE,,officer-decision-v1,alert-policy-v1
PRH-N22000612,2026-06,,DATA_VERIFICATION_REQUIRED,,WITHHELD,,"['STALE_UPDATE', 'SOURCE_GAP', 'INSUFFICIENT_HISTORY', 'FEATURES_INSUFFICIENT', 'SCHEMA_VERIFICATION', 'SOURCE_PROVENANCE_VERIFICATION']",Review latest project update and verify missing or inconsistent reporting evidence,2025-06,NOT_ELIGIBLE,,officer-decision-v1,alert-policy-v1
PRH-N22000613,2026-06,,DATA_VERIFICATION_REQUIRED,,WITHHELD,,"['STALE_UPDATE', 'SOURCE_GAP', 'INSUFFICIENT_HISTORY', 'FEATURES_INSUFFICIENT', 'SCHEMA_VERIFICATION', 'SOURCE_PROVENANCE_VERIFICATION']",Review latest project update and verify missing or inconsistent reporting evidence,2025-06,NOT_ELIGIBLE,,officer-decision-v1,alert-policy-v1
PRH-N22000614,2026-06,,DATA_VERIFICATION_REQUIRED,,WITHHELD,,"['STALE_UPDATE', 'SOURCE_GAP', 'INSUFFICIENT_HISTORY', 'FEATURES_INSUFFICIENT', 'SCHEMA_VERIFICATION', 'SOURCE_PROVENANCE_VERIFICATION']",Review latest project update and verify missing or inconsistent reporting evidence,2025-06,NOT_ELIGIBLE,,officer-decision-v1,alert-policy-v1
PRH-N22000616,2026-06,,DATA_VERIFICATION_REQUIRED,,WITHHELD,,"['STALE_UPDATE', 'SOURCE_GAP', 'INSUFFICIENT_HISTORY', 'FEATURES_INSUFFICIENT', 'SCHEMA_VERIFICATION', 'SOURCE_PROVENANCE_VERIFICATION']",Review latest project update and verify missing or inconsistent reporting evidence,2025-06,NOT_ELIGIBLE,,officer-decision-v1,alert-policy-v1
PRH-N22000617,2026-06,,DATA_VERIFICATION_REQUIRED,,WITHHELD,,"['STALE_UPDATE', 'SOURCE_GAP', 'INSUFFICIENT_HISTORY', 'FEATURES_INSUFFICIENT', 'SCHEMA_VERIFICATION', 'SOURCE_PROVENANCE_VERIFICATION']",Review latest project update and verify missing or inconsistent reporting evidence,2024-03,NOT_ELIGIBLE,,officer-decision-v1,alert-policy-v1
PRH-N22000618,2026-06,,DATA_VERIFICATION_REQUIRED,,WITHHELD,,"['STALE_UPDATE', 'SOURCE_GAP', 'INSUFFICIENT_HISTORY', 'FEATURES_INSUFFICIENT', 'SCHEMA_VERIFICATION', 'SOURCE_PROVENANCE_VERIFICATION']",Review latest project update and verify missing or inconsistent reporting evidence,2025-06,NOT_ELIGIBLE,,officer-decision-v1,alert-policy-v1
PRH-N22000623,2026-06,,DATA_VERIFICATION_REQUIRED,,WITHHELD,,"['STALE_UPDATE', 'SOURCE_GAP', 'INSUFFICIENT_HISTORY', 'FEATURES_INSUFFICIENT', 'SCHEMA_VERIFICATION', 'SOURCE_PROVENANCE_VERIFICATION']",Review latest project update and verify missing or inconsistent reporting evidence,2024-07,NOT_ELIGIBLE,,officer-decision-v1,alert-policy-v1
PRH-N22000625,2026-06,,DATA_VERIFICATION_REQUIRED,,WITHHELD,,"['STALE_UPDATE', 'SOURCE_GAP', 'INSUFFICIENT_HISTORY', 'FEATURES_INSUFFICIENT', 'SCHEMA_VERIFICATION', 'SOURCE_PROVENANCE_VERIFICATION']",Review latest project update and verify missing or inconsistent reporting evidence,2025-05,NOT_ELIGIBLE,,officer-decision-v1,alert-policy-v1
PRH-N22000628,2026-06,,DATA_VERIFICATION_REQUIRED,,WITHHELD,,"['STALE_UPDATE', 'SOURCE_GAP', 'INSUFFICIENT_HISTORY', 'FEATURES_INSUFFICIENT', 'SCHEMA_VERIFICATION', 'SOURCE_PROVENANCE_VERIFICATION']",Review latest project update and verify missing or inconsistent reporting evidence,2025-06,NOT_ELIGIBLE,,officer-decision-v1,alert-policy-v1
PRH-N22000630,2026-06,,DATA_VERIFICATION_REQUIRED,,WITHHELD,,"['STALE_UPDATE', 'SOURCE_GAP', 'INSUFFICIENT_HISTORY', 'FEATURES_INSUFFICIENT', 'SCHEMA_VERIFICATION', 'SOURCE_PROVENANCE_VERIFICATION']",Review latest project update and verify missing or inconsistent reporting evidence,2025-06,NOT_ELIGIBLE,,officer-decision-v1,alert-policy-v1
PRH-N22000632,2026-06,,DATA_VERIFICATION_REQUIRED,,WITHHELD,,"['STALE_UPDATE', 'SOURCE_GAP', 'INSUFFICIENT_HISTORY', 'FEATURES_INSUFFICIENT', 'SCHEMA_VERIFICATION', 'SOURCE_PROVENANCE_VERIFICATION']",Review latest project update and verify missing or inconsistent reporting evidence,2025-06,NOT_ELIGIBLE,,officer-decision-v1,alert-policy-v1
PRH-N24000138,2026-06,,DATA_VERIFICATION_REQUIRED,,WITHHELD,,"['STALE_UPDATE', 'SOURCE_GAP', 'INSUFFICIENT_HISTORY', 'FEATURES_INSUFFICIENT', 'SCHEMA_VERIFICATION', 'SOURCE_PROVENANCE_VERIFICATION']",Review latest project update and verify missing or inconsistent reporting evidence,2023-11,NOT_ELIGIBLE,,officer-decision-v1,alert-policy-v1
PRH-N24000165,2026-06,,DATA_VERIFICATION_REQUIRED,,WITHHELD,,"['STALE_UPDATE', 'SOURCE_GAP', 'INSUFFICIENT_HISTORY', 'FEATURES_INSUFFICIENT', 'SCHEMA_VERIFICATION', 'SOURCE_PROVENANCE_VERIFICATION']",Review latest project update and verify missing or inconsistent reporting evidence,2025-06,NOT_ELIGIBLE,,officer-decision-v1,alert-policy-v1
PRH-N24000203,2026-06,,DATA_VERIFICATION_REQUIRED,,WITHHELD,,"['STALE_UPDATE', 'SOURCE_GAP', 'INSUFFICIENT_HISTORY', 'FEATURES_INSUFFICIENT', 'SCHEMA_VERIFICATION', 'SOURCE_PROVENANCE_VERIFICATION']",Review latest project update and verify missing or inconsistent reporting evidence,2024-01,NOT_ELIGIBLE,,officer-decision-v1,alert-policy-v1
PRH-N24000205,2026-06,,DATA_VERIFICATION_REQUIRED,,WITHHELD,,"['STALE_UPDATE', 'SOURCE_GAP', 'INSUFFICIENT_HISTORY', 'FEATURES_INSUFFICIENT', 'SCHEMA_VERIFICATION', 'SOURCE_PROVENANCE_VERIFICATION']",Review latest project update and verify missing or inconsistent reporting evidence,2023-07,NOT_ELIGIBLE,,officer-decision-v1,alert-policy-v1
PRH-N24000245,2026-06,,DATA_VERIFICATION_REQUIRED,,WITHHELD,,"['STALE_UPDATE', 'SOURCE_GAP', 'INSUFFICIENT_HISTORY', 'FEATURES_INSUFFICIENT', 'SCHEMA_VERIFICATION', 'SOURCE_PROVENANCE_VERIFICATION']",Review latest project update and verify missing or inconsistent reporting evidence,2025-06,NOT_ELIGIBLE,,officer-decision-v1,alert-policy-v1
PRH-N24000247,2026-06,,DATA_VERIFICATION_REQUIRED,,WITHHELD,,"['STALE_UPDATE', 'SOURCE_GAP', 'INSUFFICIENT_HISTORY', 'FEATURES_INSUFFICIENT', 'SCHEMA_VERIFICATION', 'SOURCE_PROVENANCE_VERIFICATION']",Review latest project update and verify missing or inconsistent reporting evidence,2025-06,NOT_ELIGIBLE,,officer-decision-v1,alert-policy-v1
PRH-N24000248,2026-06,,DATA_VERIFICATION_REQUIRED,,WITHHELD,,"['STALE_UPDATE', 'SOURCE_GAP', 'INSUFFICIENT_HISTORY', 'FEATURES_INSUFFICIENT', 'SCHEMA_VERIFICATION', 'SOURCE_PROVENANCE_VERIFICATION']",Review latest project update and verify missing or inconsistent reporting evidence,2025-06,NOT_ELIGIBLE,,officer-decision-v1,alert-policy-v1
PRH-N24000252,2026-06,,DATA_VERIFICATION_REQUIRED,,WITHHELD,,"['STALE_UPDATE', 'SOURCE_GAP', 'INSUFFICIENT_HISTORY', 'FEATURES_INSUFFICIENT', 'SCHEMA_VERIFICATION', 'SOURCE_PROVENANCE_VERIFICATION']",Review latest project update and verify missing or inconsistent reporting evidence,2023-08,NOT_ELIGIBLE,,officer-decision-v1,alert-policy-v1
PRH-N24000257,2026-06,,DATA_VERIFICATION_REQUIRED,,WITHHELD,,"['STALE_UPDATE', 'SOURCE_GAP', 'INSUFFICIENT_HISTORY', 'FEATURES_INSUFFICIENT', 'SCHEMA_VERIFICATION', 'SOURCE_PROVENANCE_VERIFICATION']",Review latest project update and verify missing or inconsistent reporting evidence,2023-11,NOT_ELIGIBLE,,officer-decision-v1,alert-policy-v1
PRH-N24000258,2026-06,,DATA_VERIFICATION_REQUIRED,,WITHHELD,,"['STALE_UPDATE', 'SOURCE_GAP', 'INSUFFICIENT_HISTORY', 'FEATURES_INSUFFICIENT', 'SCHEMA_VERIFICATION', 'SOURCE_PROVENANCE_VERIFICATION']",Review latest project update and verify missing or inconsistent reporting evidence,2023-11,NOT_ELIGIBLE,,officer-decision-v1,alert-policy-v1
PRH-N24000282,2026-06,,DATA_VERIFICATION_REQUIRED,,WITHHELD,,"['STALE_UPDATE', 'SOURCE_GAP', 'INSUFFICIENT_HISTORY', 'FEATURES_INSUFFICIENT', 'SCHEMA_VERIFICATION', 'SOURCE_PROVENANCE_VERIFICATION']",Review latest project update and verify missing or inconsistent reporting evidence,2024-07,NOT_ELIGIBLE,,officer-decision-v1,alert-policy-v1
PRH-N24000301,2026-06,,NO_REVIEW_SIGNAL,,WITHHELD,,['COMPLETED_PROJECT'],,2025-05,NOT_ELIGIBLE,,officer-decision-v1,alert-policy-v1
PRH-N24000305,2026-06,,DATA_VERIFICATION_REQUIRED,,WITHHELD,,"['STALE_UPDATE', 'SOURCE_GAP', 'INSUFFICIENT_HISTORY', 'FEATURES_INSUFFICIENT', 'SCHEMA_VERIFICATION', 'SOURCE_PROVENANCE_VERIFICATION']",Review latest project update and verify missing or inconsistent reporting evidence,2024-06,NOT_ELIGIBLE,,officer-decision-v1,alert-policy-v1
PRH-N24000306,2026-06,,DATA_VERIFICATION_REQUIRED,,WITHHELD,,"['STALE_UPDATE', 'SOURCE_GAP', 'INSUFFICIENT_HISTORY', 'FEATURES_INSUFFICIENT', 'SCHEMA_VERIFICATION', 'SOURCE_PROVENANCE_VERIFICATION']",Review latest project update and verify missing or inconsistent reporting evidence,2023-07,NOT_ELIGIBLE,,officer-decision-v1,alert-policy-v1
PRH-N24000308,2026-06,,DATA_VERIFICATION_REQUIRED,,WITHHELD,,"['STALE_UPDATE', 'SOURCE_GAP', 'INSUFFICIENT_HISTORY', 'FEATURES_INSUFFICIENT', 'SCHEMA_VERIFICATION', 'SOURCE_PROVENANCE_VERIFICATION']",Review latest project update and verify missing or inconsistent reporting evidence,2023-07,NOT_ELIGIBLE,,officer-decision-v1,alert-policy-v1
PRH-N24000319,2026-06,,DATA_VERIFICATION_REQUIRED,,WITHHELD,,"['STALE_UPDATE', 'SOURCE_GAP', 'INSUFFICIENT_HISTORY', 'FEATURES_INSUFFICIENT', 'SCHEMA_VERIFICATION', 'SOURCE_PROVENANCE_VERIFICATION']",Review latest project update and verify missing or inconsistent reporting evidence,2025-06,NOT_ELIGIBLE,,officer-decision-v1,alert-policy-v1
PRH-N24000320,2026-06,,DATA_VERIFICATION_REQUIRED,,WITHHELD,,"['STALE_UPDATE', 'SOURCE_GAP', 'INSUFFICIENT_HISTORY', 'FEATURES_INSUFFICIENT', 'SCHEMA_VERIFICATION', 'SOURCE_PROVENANCE_VERIFICATION']",Review latest project update and verify missing or inconsistent reporting evidence,2025-06,NOT_ELIGIBLE,,officer-decision-v1,alert-policy-v1
PRH-N24000323,2026-06,,DATA_VERIFICATION_REQUIRED,,WITHHELD,,"['STALE_UPDATE', 'SOURCE_GAP', 'INSUFFICIENT_HISTORY', 'FEATURES_INSUFFICIENT', 'SCHEMA_VERIFICATION', 'SOURCE_PROVENANCE_VERIFICATION']",Review latest project update and verify missing or inconsistent reporting evidence,2023-10,NOT_ELIGIBLE,,officer-decision-v1,alert-policy-v1
PRH-N24000332,2026-06,,DATA_VERIFICATION_REQUIRED,,WITHHELD,,"['STALE_UPDATE', 'SOURCE_GAP', 'INSUFFICIENT_HISTORY', 'FEATURES_INSUFFICIENT', 'SCHEMA_VERIFICATION', 'SOURCE_PROVENANCE_VERIFICATION']",Review latest project update and verify missing or inconsistent reporting evidence,2025-05,NOT_ELIGIBLE,,officer-decision-v1,alert-policy-v1
PRH-N24000334,2026-06,,DATA_VERIFICATION_REQUIRED,,WITHHELD,,"['STALE_UPDATE', 'SOURCE_GAP', 'INSUFFICIENT_HISTORY', 'FEATURES_INSUFFICIENT', 'SCHEMA_VERIFICATION', 'SOURCE_PROVENANCE_VERIFICATION']",Review latest project update and verify missing or inconsistent reporting evidence,2025-06,NOT_ELIGIBLE,,officer-decision-v1,alert-policy-v1
PRH-N24000378,2026-06,,DATA_VERIFICATION_REQUIRED,,WITHHELD,,"['STALE_UPDATE', 'SOURCE_GAP', 'INSUFFICIENT_HISTORY', 'FEATURES_INSUFFICIENT', 'SCHEMA_VERIFICATION', 'SOURCE_PROVENANCE_VERIFICATION']",Review latest project update and verify missing or inconsistent reporting evidence,2024-01,NOT_ELIGIBLE,,officer-decision-v1,alert-policy-v1
PRH-N24000412,2026-06,,DATA_VERIFICATION_REQUIRED,,WITHHELD,,"['STALE_UPDATE', 'SOURCE_GAP', 'INSUFFICIENT_HISTORY', 'FEATURES_INSUFFICIENT', 'SCHEMA_VERIFICATION', 'SOURCE_PROVENANCE_VERIFICATION']",Review latest project update and verify missing or inconsistent reporting evidence,2023-08,NOT_ELIGIBLE,,officer-decision-v1,alert-policy-v1
PRH-N24000415,2026-06,,DATA_VERIFICATION_REQUIRED,,WITHHELD,,"['STALE_UPDATE', 'SOURCE_GAP', 'INSUFFICIENT_HISTORY', 'FEATURES_INSUFFICIENT', 'SCHEMA_VERIFICATION', 'SOURCE_PROVENANCE_VERIFICATION']",Review latest project update and verify missing or inconsistent reporting evidence,2023-07,NOT_ELIGIBLE,,officer-decision-v1,alert-policy-v1
PRH-N24000422,2026-06,,NO_REVIEW_SIGNAL,,WITHHELD,,['COMPLETED_PROJECT'],,2024-10,NOT_ELIGIBLE,,officer-decision-v1,alert-policy-v1
PRH-N24000444,2026-06,,NO_REVIEW_SIGNAL,,WITHHELD,,['COMPLETED_PROJECT'],,2024-07,NOT_ELIGIBLE,,officer-decision-v1,alert-policy-v1
PRH-N24000463,2026-06,,NO_REVIEW_SIGNAL,,WITHHELD,,['COMPLETED_PROJECT'],,2025-06,NOT_ELIGIBLE,,officer-decision-v1,alert-policy-v1
PRH-N24000465,2026-06,,DATA_VERIFICATION_REQUIRED,,WITHHELD,,"['STALE_UPDATE', 'SOURCE_GAP', 'INSUFFICIENT_HISTORY', 'FEATURES_INSUFFICIENT', 'SCHEMA_VERIFICATION', 'SOURCE_PROVENANCE_VERIFICATION']",Review latest project update and verify missing or inconsistent reporting evidence,2025-06,NOT_ELIGIBLE,,officer-decision-v1,alert-policy-v1
PRH-N24000475,2026-06,,NO_REVIEW_SIGNAL,,WITHHELD,,['COMPLETED_PROJECT'],,2024-06,NOT_ELIGIBLE,,officer-decision-v1,alert-policy-v1
PRH-N24000488,2026-06,,DATA_VERIFICATION_REQUIRED,,WITHHELD,,"['STALE_UPDATE', 'SOURCE_GAP', 'INSUFFICIENT_HISTORY', 'FEATURES_INSUFFICIENT', 'SCHEMA_VERIFICATION', 'SOURCE_PROVENANCE_VERIFICATION']",Review latest project update and verify missing or inconsistent reporting evidence,2025-06,NOT_ELIGIBLE,,officer-decision-v1,alert-policy-v1
PRH-N24000493,2026-06,,DATA_VERIFICATION_REQUIRED,,WITHHELD,,"['STALE_UPDATE', 'SOURCE_GAP', 'INSUFFICIENT_HISTORY', 'FEATURES_INSUFFICIENT', 'SCHEMA_VERIFICATION', 'SOURCE_PROVENANCE_VERIFICATION']",Review latest project update and verify missing or inconsistent reporting evidence,2024-02,NOT_ELIGIBLE,,officer-decision-v1,alert-policy-v1
PRH-N24000499,2026-06,,DATA_VERIFICATION_REQUIRED,,WITHHELD,,"['STALE_UPDATE', 'SOURCE_GAP', 'INSUFFICIENT_HISTORY', 'FEATURES_INSUFFICIENT', 'SCHEMA_VERIFICATION', 'SOURCE_PROVENANCE_VERIFICATION']",Review latest project update and verify missing or inconsistent reporting evidence,2024-02,NOT_ELIGIBLE,,officer-decision-v1,alert-policy-v1
PRH-N24000501,2026-06,,DATA_VERIFICATION_REQUIRED,,WITHHELD,,"['STALE_UPDATE', 'SOURCE_GAP', 'INSUFFICIENT_HISTORY', 'FEATURES_INSUFFICIENT', 'SCHEMA_VERIFICATION', 'SOURCE_PROVENANCE_VERIFICATION']",Review latest project update and verify missing or inconsistent reporting evidence,2023-07,NOT_ELIGIBLE,,officer-decision-v1,alert-policy-v1
PRH-N24000514,2026-06,,DATA_VERIFICATION_REQUIRED,,WITHHELD,,"['STALE_UPDATE', 'SOURCE_GAP', 'INSUFFICIENT_HISTORY', 'FEATURES_INSUFFICIENT', 'SCHEMA_VERIFICATION', 'SOURCE_PROVENANCE_VERIFICATION']",Review latest project update and verify missing or inconsistent reporting evidence,2023-11,NOT_ELIGIBLE,,officer-decision-v1,alert-policy-v1
PRH-N24000516,2026-06,,DATA_VERIFICATION_REQUIRED,,WITHHELD,,"['STALE_UPDATE', 'SOURCE_GAP', 'INSUFFICIENT_HISTORY', 'FEATURES_INSUFFICIENT', 'SCHEMA_VERIFICATION', 'SOURCE_PROVENANCE_VERIFICATION']",Review latest project update and verify missing or inconsistent reporting evidence,2024-07,NOT_ELIGIBLE,,officer-decision-v1,alert-policy-v1
PRH-N24000531,2026-06,,DATA_VERIFICATION_REQUIRED,,WITHHELD,,"['STALE_UPDATE', 'SOURCE_GAP', 'INSUFFICIENT_HISTORY', 'FEATURES_INSUFFICIENT', 'SCHEMA_VERIFICATION', 'SOURCE_PROVENANCE_VERIFICATION']",Review latest project update and verify missing or inconsistent reporting evidence,2025-06,NOT_ELIGIBLE,,officer-decision-v1,alert-policy-v1
PRH-N24000549,2026-06,,DATA_VERIFICATION_REQUIRED,,WITHHELD,,"['STALE_UPDATE', 'SOURCE_GAP', 'INSUFFICIENT_HISTORY', 'FEATURES_INSUFFICIENT', 'SCHEMA_VERIFICATION', 'SOURCE_PROVENANCE_VERIFICATION']",Review latest project update and verify missing or inconsistent reporting evidence,2024-07,NOT_ELIGIBLE,,officer-decision-v1,alert-policy-v1
PRH-N24000551,2026-06,,DATA_VERIFICATION_REQUIRED,,WITHHELD,,"['STALE_UPDATE', 'SOURCE_GAP', 'INSUFFICIENT_HISTORY', 'FEATURES_INSUFFICIENT', 'SCHEMA_VERIFICATION', 'SOURCE_PROVENANCE_VERIFICATION']",Review latest project update and verify missing or inconsistent reporting evidence,2024-11,NOT_ELIGIBLE,,officer-decision-v1,alert-policy-v1
PRH-N24000552,2026-06,,DATA_VERIFICATION_REQUIRED,,WITHHELD,,"['STALE_UPDATE', 'SOURCE_GAP', 'INSUFFICIENT_HISTORY', 'FEATURES_INSUFFICIENT', 'SCHEMA_VERIFICATION', 'SOURCE_PROVENANCE_VERIFICATION']",Review latest project update and verify missing or inconsistent reporting evidence,2025-03,NOT_ELIGIBLE,,officer-decision-v1,alert-policy-v1
PRH-N24000556,2026-06,,DATA_VERIFICATION_REQUIRED,,WITHHELD,,"['STALE_UPDATE', 'SOURCE_GAP', 'INSUFFICIENT_HISTORY', 'FEATURES_INSUFFICIENT', 'SCHEMA_VERIFICATION', 'SOURCE_PROVENANCE_VERIFICATION']",Review latest project update and verify missing or inconsistent reporting evidence,2025-01,NOT_ELIGIBLE,,officer-decision-v1,alert-policy-v1
PRH-N24000558,2026-06,,NO_REVIEW_SIGNAL,,WITHHELD,,['COMPLETED_PROJECT'],,2024-11,NOT_ELIGIBLE,,officer-decision-v1,alert-policy-v1
PRH-N24000559,2026-06,,DATA_VERIFICATION_REQUIRED,,WITHHELD,,"['STALE_UPDATE', 'SOURCE_GAP', 'INSUFFICIENT_HISTORY', 'FEATURES_INSUFFICIENT', 'SCHEMA_VERIFICATION', 'SOURCE_PROVENANCE_VERIFICATION']",Review latest project update and verify missing or inconsistent reporting evidence,2025-01,NOT_ELIGIBLE,,officer-decision-v1,alert-policy-v1
PRH-N24000560,2026-06,,NO_REVIEW_SIGNAL,,WITHHELD,,['COMPLETED_PROJECT'],,2025-06,NOT_ELIGIBLE,,officer-decision-v1,alert-policy-v1
PRH-N24000564,2026-06,,DATA_VERIFICATION_REQUIRED,,WITHHELD,,"['STALE_UPDATE', 'SOURCE_GAP', 'INSUFFICIENT_HISTORY', 'FEATURES_INSUFFICIENT', 'SCHEMA_VERIFICATION', 'SOURCE_PROVENANCE_VERIFICATION']",Review latest project update and verify missing or inconsistent reporting evidence,2025-06,NOT_ELIGIBLE,,officer-decision-v1,alert-policy-v1
PRH-N24000566,2026-06,,DATA_VERIFICATION_REQUIRED,,WITHHELD,,"['STALE_UPDATE', 'SOURCE_GAP', 'INSUFFICIENT_HISTORY', 'FEATURES_INSUFFICIENT', 'SCHEMA_VERIFICATION', 'SOURCE_PROVENANCE_VERIFICATION']",Review latest project update and verify missing or inconsistent reporting evidence,2024-03,NOT_ELIGIBLE,,officer-decision-v1,alert-policy-v1
PRH-N24000567,2026-06,,NO_REVIEW_SIGNAL,,WITHHELD,,['COMPLETED_PROJECT'],,2025-04,NOT_ELIGIBLE,,officer-decision-v1,alert-policy-v1
PRH-N24000570,2026-06,,DATA_VERIFICATION_REQUIRED,,WITHHELD,,"['STALE_UPDATE', 'SOURCE_GAP', 'INSUFFICIENT_HISTORY', 'FEATURES_INSUFFICIENT', 'SCHEMA_VERIFICATION', 'SOURCE_PROVENANCE_VERIFICATION']",Review latest project update and verify missing or inconsistent reporting evidence,2025-04,NOT_ELIGIBLE,,officer-decision-v1,alert-policy-v1
PRH-N24000574,2026-06,,DATA_VERIFICATION_REQUIRED,,WITHHELD,,"['STALE_UPDATE', 'SOURCE_GAP', 'INSUFFICIENT_HISTORY', 'FEATURES_INSUFFICIENT', 'SCHEMA_VERIFICATION', 'SOURCE_PROVENANCE_VERIFICATION']",Review latest project update and verify missing or inconsistent reporting evidence,2023-09,NOT_ELIGIBLE,,officer-decision-v1,alert-policy-v1
PRH-N24000576,2026-06,,DATA_VERIFICATION_REQUIRED,,WITHHELD,,"['STALE_UPDATE', 'SOURCE_GAP', 'INSUFFICIENT_HISTORY', 'FEATURES_INSUFFICIENT', 'SCHEMA_VERIFICATION', 'SOURCE_PROVENANCE_VERIFICATION']",Review latest project update and verify missing or inconsistent reporting evidence,2025-06,NOT_ELIGIBLE,,officer-decision-v1,alert-policy-v1
PRH-N24000578,2026-06,,DATA_VERIFICATION_REQUIRED,,WITHHELD,,"['STALE_UPDATE', 'SOURCE_GAP', 'INSUFFICIENT_HISTORY', 'FEATURES_INSUFFICIENT', 'SCHEMA_VERIFICATION', 'SOURCE_PROVENANCE_VERIFICATION']",Review latest project update and verify missing or inconsistent reporting evidence,2025-06,NOT_ELIGIBLE,,officer-decision-v1,alert-policy-v1
PRH-N24000603,2026-06,,DATA_VERIFICATION_REQUIRED,,WITHHELD,,"['STALE_UPDATE', 'SOURCE_GAP', 'INSUFFICIENT_HISTORY', 'FEATURES_INSUFFICIENT', 'SCHEMA_VERIFICATION', 'SOURCE_PROVENANCE_VERIFICATION']",Review latest project update and verify missing or inconsistent reporting evidence,2025-04,NOT_ELIGIBLE,,officer-decision-v1,alert-policy-v1
PRH-N24000622,2026-06,,DATA_VERIFICATION_REQUIRED,,WITHHELD,,"['STALE_UPDATE', 'SOURCE_GAP', 'INSUFFICIENT_HISTORY', 'FEATURES_INSUFFICIENT', 'SCHEMA_VERIFICATION', 'SOURCE_PROVENANCE_VERIFICATION']",Review latest project update and verify missing or inconsistent reporting evidence,2024-10,NOT_ELIGIBLE,,officer-decision-v1,alert-policy-v1
PRH-N24000628,2026-06,,DATA_VERIFICATION_REQUIRED,,WITHHELD,,"['STALE_UPDATE', 'SOURCE_GAP', 'INSUFFICIENT_HISTORY', 'FEATURES_INSUFFICIENT', 'SCHEMA_VERIFICATION', 'SOURCE_PROVENANCE_VERIFICATION']",Review latest project update and verify missing or inconsistent reporting evidence,2024-03,NOT_ELIGIBLE,,officer-decision-v1,alert-policy-v1
PRH-N24000629,2026-06,,DATA_VERIFICATION_REQUIRED,,WITHHELD,,"['STALE_UPDATE', 'SOURCE_GAP', 'INSUFFICIENT_HISTORY', 'FEATURES_INSUFFICIENT', 'SCHEMA_VERIFICATION', 'SOURCE_PROVENANCE_VERIFICATION']",Review latest project update and verify missing or inconsistent reporting evidence,2024-01,NOT_ELIGIBLE,,officer-decision-v1,alert-policy-v1
PRH-N24000630,2026-06,,DATA_VERIFICATION_REQUIRED,,WITHHELD,,"['STALE_UPDATE', 'SOURCE_GAP', 'INSUFFICIENT_HISTORY', 'FEATURES_INSUFFICIENT', 'SCHEMA_VERIFICATION', 'SOURCE_PROVENANCE_VERIFICATION']",Review latest project update and verify missing or inconsistent reporting evidence,2024-03,NOT_ELIGIBLE,,officer-decision-v1,alert-policy-v1
PRH-N24000649,2026-06,,DATA_VERIFICATION_REQUIRED,,WITHHELD,,"['STALE_UPDATE', 'SOURCE_GAP', 'INSUFFICIENT_HISTORY', 'FEATURES_INSUFFICIENT', 'SCHEMA_VERIFICATION', 'SOURCE_PROVENANCE_VERIFICATION']",Review latest project update and verify missing or inconsistent reporting evidence,2025-06,NOT_ELIGIBLE,,officer-decision-v1,alert-policy-v1
PRH-N24000652,2026-06,,DATA_VERIFICATION_REQUIRED,,WITHHELD,,"['STALE_UPDATE', 'SOURCE_GAP', 'INSUFFICIENT_HISTORY', 'FEATURES_INSUFFICIENT', 'SCHEMA_VERIFICATION', 'SOURCE_PROVENANCE_VERIFICATION']",Review latest project update and verify missing or inconsistent reporting evidence,2024-10,NOT_ELIGIBLE,,officer-decision-v1,alert-policy-v1
PRH-N24000655,2026-06,,NO_REVIEW_SIGNAL,,WITHHELD,,['COMPLETED_PROJECT'],,2025-01,NOT_ELIGIBLE,,officer-decision-v1,alert-policy-v1
PRH-N24000659,2026-06,,DATA_VERIFICATION_REQUIRED,,WITHHELD,,"['STALE_UPDATE', 'SOURCE_GAP', 'INSUFFICIENT_HISTORY', 'FEATURES_INSUFFICIENT', 'SCHEMA_VERIFICATION', 'SOURCE_PROVENANCE_VERIFICATION']",Review latest project update and verify missing or inconsistent reporting evidence,2025-05,NOT_ELIGIBLE,,officer-decision-v1,alert-policy-v1
PRH-N24000662,2026-06,,DATA_VERIFICATION_REQUIRED,,WITHHELD,,"['STALE_UPDATE', 'SOURCE_GAP', 'INSUFFICIENT_HISTORY', 'FEATURES_INSUFFICIENT', 'SCHEMA_VERIFICATION', 'SOURCE_PROVENANCE_VERIFICATION']",Review latest project update and verify missing or inconsistent reporting evidence,2024-07,NOT_ELIGIBLE,,officer-decision-v1,alert-policy-v1
PRH-N24000683,2026-06,,DATA_VERIFICATION_REQUIRED,,WITHHELD,,"['STALE_UPDATE', 'SOURCE_GAP', 'INSUFFICIENT_HISTORY', 'FEATURES_INSUFFICIENT', 'SCHEMA_VERIFICATION', 'SOURCE_PROVENANCE_VERIFICATION']",Review latest project update and verify missing or inconsistent reporting evidence,2025-06,NOT_ELIGIBLE,,officer-decision-v1,alert-policy-v1
PRH-N24000685,2026-06,,NO_REVIEW_SIGNAL,,WITHHELD,,['COMPLETED_PROJECT'],,2025-01,NOT_ELIGIBLE,,officer-decision-v1,alert-policy-v1
PRH-N24000686,2026-06,,DATA_VERIFICATION_REQUIRED,,WITHHELD,,"['STALE_UPDATE', 'SOURCE_GAP', 'INSUFFICIENT_HISTORY', 'FEATURES_INSUFFICIENT', 'SCHEMA_VERIFICATION', 'SOURCE_PROVENANCE_VERIFICATION']",Review latest project update and verify missing or inconsistent reporting evidence,2025-05,NOT_ELIGIBLE,,officer-decision-v1,alert-policy-v1
PRH-N24000687,2026-06,,DATA_VERIFICATION_REQUIRED,,WITHHELD,,"['STALE_UPDATE', 'SOURCE_GAP', 'INSUFFICIENT_HISTORY', 'FEATURES_INSUFFICIENT', 'SCHEMA_VERIFICATION', 'SOURCE_PROVENANCE_VERIFICATION']",Review latest project update and verify missing or inconsistent reporting evidence,2024-03,NOT_ELIGIBLE,,officer-decision-v1,alert-policy-v1
PRH-N24000688,2026-06,,DATA_VERIFICATION_REQUIRED,,WITHHELD,,"['STALE_UPDATE', 'SOURCE_GAP', 'INSUFFICIENT_HISTORY', 'FEATURES_INSUFFICIENT', 'SCHEMA_VERIFICATION', 'SOURCE_PROVENANCE_VERIFICATION']",Review latest project update and verify missing or inconsistent reporting evidence,2025-06,NOT_ELIGIBLE,,officer-decision-v1,alert-policy-v1
PRH-N24000691,2026-06,,NO_REVIEW_SIGNAL,,WITHHELD,,['COMPLETED_PROJECT'],,2024-07,NOT_ELIGIBLE,,officer-decision-v1,alert-policy-v1
PRH-N24000692,2026-06,,DATA_VERIFICATION_REQUIRED,,WITHHELD,,"['STALE_UPDATE', 'SOURCE_GAP', 'INSUFFICIENT_HISTORY', 'FEATURES_INSUFFICIENT', 'SCHEMA_VERIFICATION', 'SOURCE_PROVENANCE_VERIFICATION']",Review latest project update and verify missing or inconsistent reporting evidence,2024-03,NOT_ELIGIBLE,,officer-decision-v1,alert-policy-v1
PRH-N24000697,2026-06,,DATA_VERIFICATION_REQUIRED,,WITHHELD,,"['STALE_UPDATE', 'SOURCE_GAP', 'INSUFFICIENT_HISTORY', 'FEATURES_INSUFFICIENT', 'SCHEMA_VERIFICATION', 'SOURCE_PROVENANCE_VERIFICATION']",Review latest project update and verify missing or inconsistent reporting evidence,2025-06,NOT_ELIGIBLE,,officer-decision-v1,alert-policy-v1
PRH-N24000699,2026-06,,DATA_VERIFICATION_REQUIRED,,WITHHELD,,"['STALE_UPDATE', 'SOURCE_GAP', 'INSUFFICIENT_HISTORY', 'FEATURES_INSUFFICIENT', 'SCHEMA_VERIFICATION', 'SOURCE_PROVENANCE_VERIFICATION']",Review latest project update and verify missing or inconsistent reporting evidence,2023-07,NOT_ELIGIBLE,,officer-decision-v1,alert-policy-v1
PRH-N24000701,2026-06,,DATA_VERIFICATION_REQUIRED,,WITHHELD,,"['STALE_UPDATE', 'SOURCE_GAP', 'INSUFFICIENT_HISTORY', 'FEATURES_INSUFFICIENT', 'SCHEMA_VERIFICATION', 'SOURCE_PROVENANCE_VERIFICATION']",Review latest project update and verify missing or inconsistent reporting evidence,2024-03,NOT_ELIGIBLE,,officer-decision-v1,alert-policy-v1
PRH-N24000704,2026-06,,NO_REVIEW_SIGNAL,,WITHHELD,,['COMPLETED_PROJECT'],,2025-05,NOT_ELIGIBLE,,officer-decision-v1,alert-policy-v1
PRH-N24000709,2026-06,,DATA_VERIFICATION_REQUIRED,,WITHHELD,,"['STALE_UPDATE', 'SOURCE_GAP', 'INSUFFICIENT_HISTORY', 'FEATURES_INSUFFICIENT', 'SCHEMA_VERIFICATION', 'SOURCE_PROVENANCE_VERIFICATION']",Review latest project update and verify missing or inconsistent reporting evidence,2025-04,NOT_ELIGIBLE,,officer-decision-v1,alert-policy-v1
PRH-N24000711,2026-06,,DATA_VERIFICATION_REQUIRED,,WITHHELD,,"['STALE_UPDATE', 'SOURCE_GAP', 'INSUFFICIENT_HISTORY', 'FEATURES_INSUFFICIENT', 'SCHEMA_VERIFICATION', 'SOURCE_PROVENANCE_VERIFICATION']",Review latest project update and verify missing or inconsistent reporting evidence,2024-07,NOT_ELIGIBLE,,officer-decision-v1,alert-policy-v1
PRH-N24000718,2026-06,,DATA_VERIFICATION_REQUIRED,,WITHHELD,,"['STALE_UPDATE', 'SOURCE_GAP', 'INSUFFICIENT_HISTORY', 'FEATURES_INSUFFICIENT', 'SCHEMA_VERIFICATION', 'SOURCE_PROVENANCE_VERIFICATION']",Review latest project update and verify missing or inconsistent reporting evidence,2023-08,NOT_ELIGIBLE,,officer-decision-v1,alert-policy-v1
PRH-N24000724,2026-06,,DATA_VERIFICATION_REQUIRED,,WITHHELD,,"['STALE_UPDATE', 'SOURCE_GAP', 'INSUFFICIENT_HISTORY', 'FEATURES_INSUFFICIENT', 'SCHEMA_VERIFICATION', 'SOURCE_PROVENANCE_VERIFICATION']",Review latest project update and verify missing or inconsistent reporting evidence,2024-03,NOT_ELIGIBLE,,officer-decision-v1,alert-policy-v1
PRH-N24000725,2026-06,,DATA_VERIFICATION_REQUIRED,,WITHHELD,,"['STALE_UPDATE', 'SOURCE_GAP', 'INSUFFICIENT_HISTORY', 'FEATURES_INSUFFICIENT', 'SCHEMA_VERIFICATION', 'SOURCE_PROVENANCE_VERIFICATION']",Review latest project update and verify missing or inconsistent reporting evidence,2024-11,NOT_ELIGIBLE,,officer-decision-v1,alert-policy-v1
PRH-N24000731,2026-06,,DATA_VERIFICATION_REQUIRED,,WITHHELD,,"['STALE_UPDATE', 'SOURCE_GAP', 'INSUFFICIENT_HISTORY', 'FEATURES_INSUFFICIENT', 'SCHEMA_VERIFICATION', 'SOURCE_PROVENANCE_VERIFICATION']",Review latest project update and verify missing or inconsistent reporting evidence,2023-07,NOT_ELIGIBLE,,officer-decision-v1,alert-policy-v1
PRH-N24000736,2026-06,,DATA_VERIFICATION_REQUIRED,,WITHHELD,,"['STALE_UPDATE', 'SOURCE_GAP', 'INSUFFICIENT_HISTORY', 'FEATURES_INSUFFICIENT', 'SCHEMA_VERIFICATION', 'SOURCE_PROVENANCE_VERIFICATION']",Review latest project update and verify missing or inconsistent reporting evidence,2025-06,NOT_ELIGIBLE,,officer-decision-v1,alert-policy-v1
PRH-N24000741,2026-06,,DATA_VERIFICATION_REQUIRED,,WITHHELD,,"['STALE_UPDATE', 'SOURCE_GAP', 'INSUFFICIENT_HISTORY', 'FEATURES_INSUFFICIENT', 'SCHEMA_VERIFICATION', 'SOURCE_PROVENANCE_VERIFICATION']",Review latest project update and verify missing or inconsistent reporting evidence,2025-05,NOT_ELIGIBLE,,officer-decision-v1,alert-policy-v1
PRH-N24000742,2026-06,,NO_REVIEW_SIGNAL,,WITHHELD,,['COMPLETED_PROJECT'],,2025-06,NOT_ELIGIBLE,,officer-decision-v1,alert-policy-v1
PRH-N24000743,2026-06,,NO_REVIEW_SIGNAL,,WITHHELD,,['COMPLETED_PROJECT'],,2025-06,NOT_ELIGIBLE,,officer-decision-v1,alert-policy-v1
PRH-N24000744,2026-06,,DATA_VERIFICATION_REQUIRED,,WITHHELD,,"['STALE_UPDATE', 'SOURCE_GAP', 'INSUFFICIENT_HISTORY', 'FEATURES_INSUFFICIENT', 'SCHEMA_VERIFICATION', 'SOURCE_PROVENANCE_VERIFICATION']",Review latest project update and verify missing or inconsistent reporting evidence,2024-10,NOT_ELIGIBLE,,officer-decision-v1,alert-policy-v1
PRH-N24000745,2026-06,,DATA_VERIFICATION_REQUIRED,,WITHHELD,,"['STALE_UPDATE', 'SOURCE_GAP', 'INSUFFICIENT_HISTORY', 'FEATURES_INSUFFICIENT', 'SCHEMA_VERIFICATION', 'SOURCE_PROVENANCE_VERIFICATION']",Review latest project update and verify missing or inconsistent reporting evidence,2025-06,NOT_ELIGIBLE,,officer-decision-v1,alert-policy-v1
PRH-N24000748,2026-06,,DATA_VERIFICATION_REQUIRED,,WITHHELD,,"['STALE_UPDATE', 'SOURCE_GAP', 'INSUFFICIENT_HISTORY', 'FEATURES_INSUFFICIENT', 'SCHEMA_VERIFICATION', 'SOURCE_PROVENANCE_VERIFICATION']",Review latest project update and verify missing or inconsistent reporting evidence,2024-10,NOT_ELIGIBLE,,officer-decision-v1,alert-policy-v1
PRH-N24000749,2026-06,,DATA_VERIFICATION_REQUIRED,,WITHHELD,,"['STALE_UPDATE', 'SOURCE_GAP', 'INSUFFICIENT_HISTORY', 'FEATURES_INSUFFICIENT', 'SCHEMA_VERIFICATION', 'SOURCE_PROVENANCE_VERIFICATION']",Review latest project update and verify missing or inconsistent reporting evidence,2025-06,NOT_ELIGIBLE,,officer-decision-v1,alert-policy-v1
PRH-N24000752,2026-06,,NO_REVIEW_SIGNAL,,WITHHELD,,['COMPLETED_PROJECT'],,2025-06,NOT_ELIGIBLE,,officer-decision-v1,alert-policy-v1
PRH-N24000753,2026-06,,NO_REVIEW_SIGNAL,,WITHHELD,,['COMPLETED_PROJECT'],,2025-06,NOT_ELIGIBLE,,officer-decision-v1,alert-policy-v1
PRH-N24000756,2026-06,,DATA_VERIFICATION_REQUIRED,,WITHHELD,,"['STALE_UPDATE', 'SOURCE_GAP', 'INSUFFICIENT_HISTORY', 'FEATURES_INSUFFICIENT', 'SCHEMA_VERIFICATION', 'SOURCE_PROVENANCE_VERIFICATION']",Review latest project update and verify missing or inconsistent reporting evidence,2025-01,NOT_ELIGIBLE,,officer-decision-v1,alert-policy-v1
PRH-N24000757,2026-06,,DATA_VERIFICATION_REQUIRED,,WITHHELD,,"['STALE_UPDATE', 'SOURCE_GAP', 'INSUFFICIENT_HISTORY', 'FEATURES_INSUFFICIENT', 'SCHEMA_VERIFICATION', 'SOURCE_PROVENANCE_VERIFICATION']",Review latest project update and verify missing or inconsistent reporting evidence,2024-01,NOT_ELIGIBLE,,officer-decision-v1,alert-policy-v1
PRH-N24000758,2026-06,,DATA_VERIFICATION_REQUIRED,,WITHHELD,,"['STALE_UPDATE', 'SOURCE_GAP', 'INSUFFICIENT_HISTORY', 'FEATURES_INSUFFICIENT', 'SCHEMA_VERIFICATION', 'SOURCE_PROVENANCE_VERIFICATION']",Review latest project update and verify missing or inconsistent reporting evidence,2023-11,NOT_ELIGIBLE,,officer-decision-v1,alert-policy-v1
PRH-N24000764,2026-06,,DATA_VERIFICATION_REQUIRED,,WITHHELD,,"['STALE_UPDATE', 'SOURCE_GAP', 'INSUFFICIENT_HISTORY', 'FEATURES_INSUFFICIENT', 'SCHEMA_VERIFICATION', 'SOURCE_PROVENANCE_VERIFICATION']",Review latest project update and verify missing or inconsistent reporting evidence,2024-03,NOT_ELIGIBLE,,officer-decision-v1,alert-policy-v1
PRH-N24000767,2026-06,,DATA_VERIFICATION_REQUIRED,,WITHHELD,,"['STALE_UPDATE', 'SOURCE_GAP', 'INSUFFICIENT_HISTORY', 'FEATURES_INSUFFICIENT', 'SCHEMA_VERIFICATION', 'SOURCE_PROVENANCE_VERIFICATION']",Review latest project update and verify missing or inconsistent reporting evidence,2025-06,NOT_ELIGIBLE,,officer-decision-v1,alert-policy-v1
PRH-N24000768,2026-06,,NO_REVIEW_SIGNAL,,WITHHELD,,['COMPLETED_PROJECT'],,2025-05,NOT_ELIGIBLE,,officer-decision-v1,alert-policy-v1
PRH-N24000771,2026-06,,DATA_VERIFICATION_REQUIRED,,WITHHELD,,"['STALE_UPDATE', 'SOURCE_GAP', 'INSUFFICIENT_HISTORY', 'FEATURES_INSUFFICIENT', 'SCHEMA_VERIFICATION', 'SOURCE_PROVENANCE_VERIFICATION']",Review latest project update and verify missing or inconsistent reporting evidence,2025-06,NOT_ELIGIBLE,,officer-decision-v1,alert-policy-v1
PRH-N24000772,2026-06,,NO_REVIEW_SIGNAL,,WITHHELD,,['COMPLETED_PROJECT'],,2025-06,NOT_ELIGIBLE,,officer-decision-v1,alert-policy-v1
PRH-N24000773,2026-06,,NO_REVIEW_SIGNAL,,WITHHELD,,['COMPLETED_PROJECT'],,2025-06,NOT_ELIGIBLE,,officer-decision-v1,alert-policy-v1
PRH-N24000774,2026-06,,NO_REVIEW_SIGNAL,,WITHHELD,,['COMPLETED_PROJECT'],,2025-06,NOT_ELIGIBLE,,officer-decision-v1,alert-policy-v1
PRH-N24000776,2026-06,,NO_REVIEW_SIGNAL,,WITHHELD,,['COMPLETED_PROJECT'],,2025-06,NOT_ELIGIBLE,,officer-decision-v1,alert-policy-v1
PRH-N24000777,2026-06,,NO_REVIEW_SIGNAL,,WITHHELD,,['COMPLETED_PROJECT'],,2025-06,NOT_ELIGIBLE,,officer-decision-v1,alert-policy-v1
PRH-N24000778,2026-06,,NO_REVIEW_SIGNAL,,WITHHELD,,['COMPLETED_PROJECT'],,2025-06,NOT_ELIGIBLE,,officer-decision-v1,alert-policy-v1
PRH-N24000780,2026-06,,NO_REVIEW_SIGNAL,,WITHHELD,,['COMPLETED_PROJECT'],,2025-06,NOT_ELIGIBLE,,officer-decision-v1,alert-policy-v1
PRH-N24000782,2026-06,,DATA_VERIFICATION_REQUIRED,,WITHHELD,,"['STALE_UPDATE', 'SOURCE_GAP', 'INSUFFICIENT_HISTORY', 'FEATURES_INSUFFICIENT', 'SCHEMA_VERIFICATION', 'SOURCE_PROVENANCE_VERIFICATION']",Review latest project update and verify missing or inconsistent reporting evidence,2025-06,NOT_ELIGIBLE,,officer-decision-v1,alert-policy-v1
PRH-N24000796,2026-06,,DATA_VERIFICATION_REQUIRED,,WITHHELD,,"['STALE_UPDATE', 'SOURCE_GAP', 'INSUFFICIENT_HISTORY', 'FEATURES_INSUFFICIENT', 'SCHEMA_VERIFICATION', 'SOURCE_PROVENANCE_VERIFICATION']",Review latest project update and verify missing or inconsistent reporting evidence,2025-03,NOT_ELIGIBLE,,officer-decision-v1,alert-policy-v1
PRH-N24000798,2026-06,,NO_REVIEW_SIGNAL,,WITHHELD,,['COMPLETED_PROJECT'],,2025-06,NOT_ELIGIBLE,,officer-decision-v1,alert-policy-v1
PRH-N24000821,2026-06,,NO_REVIEW_SIGNAL,,WITHHELD,,['COMPLETED_PROJECT'],,2025-06,NOT_ELIGIBLE,,officer-decision-v1,alert-policy-v1
PRH-N24000823,2026-06,,DATA_VERIFICATION_REQUIRED,,WITHHELD,,"['STALE_UPDATE', 'SOURCE_GAP', 'INSUFFICIENT_HISTORY', 'FEATURES_INSUFFICIENT', 'SCHEMA_VERIFICATION', 'SOURCE_PROVENANCE_VERIFICATION']",Review latest project update and verify missing or inconsistent reporting evidence,2024-01,NOT_ELIGIBLE,,officer-decision-v1,alert-policy-v1
PRH-N24000825,2026-06,,DATA_VERIFICATION_REQUIRED,,WITHHELD,,"['STALE_UPDATE', 'SOURCE_GAP', 'INSUFFICIENT_HISTORY', 'FEATURES_INSUFFICIENT', 'SCHEMA_VERIFICATION', 'SOURCE_PROVENANCE_VERIFICATION']",Review latest project update and verify missing or inconsistent reporting evidence,2024-01,NOT_ELIGIBLE,,officer-decision-v1,alert-policy-v1
PRH-N24000827,2026-06,,NO_REVIEW_SIGNAL,,WITHHELD,,['COMPLETED_PROJECT'],,2024-10,NOT_ELIGIBLE,,officer-decision-v1,alert-policy-v1
PRH-N24000828,2026-06,,DATA_VERIFICATION_REQUIRED,,WITHHELD,,"['STALE_UPDATE', 'SOURCE_GAP', 'INSUFFICIENT_HISTORY', 'FEATURES_INSUFFICIENT', 'SCHEMA_VERIFICATION', 'SOURCE_PROVENANCE_VERIFICATION']",Review latest project update and verify missing or inconsistent reporting evidence,2024-03,NOT_ELIGIBLE,,officer-decision-v1,alert-policy-v1
PRH-N24000835,2026-06,,NO_REVIEW_SIGNAL,,WITHHELD,,['COMPLETED_PROJECT'],,2024-12,NOT_ELIGIBLE,,officer-decision-v1,alert-policy-v1
PRH-N24000844,2026-06,,DATA_VERIFICATION_REQUIRED,,WITHHELD,,"['STALE_UPDATE', 'SOURCE_GAP', 'INSUFFICIENT_HISTORY', 'FEATURES_INSUFFICIENT', 'SCHEMA_VERIFICATION', 'SOURCE_PROVENANCE_VERIFICATION']",Review latest project update and verify missing or inconsistent reporting evidence,2023-07,NOT_ELIGIBLE,,officer-decision-v1,alert-policy-v1
PRH-N24000845,2026-06,,DATA_VERIFICATION_REQUIRED,,WITHHELD,,"['STALE_UPDATE', 'SOURCE_GAP', 'INSUFFICIENT_HISTORY', 'FEATURES_INSUFFICIENT', 'SCHEMA_VERIFICATION', 'SOURCE_PROVENANCE_VERIFICATION']",Review latest project update and verify missing or inconsistent reporting evidence,2023-07,NOT_ELIGIBLE,,officer-decision-v1,alert-policy-v1
PRH-N24000851,2026-06,,DATA_VERIFICATION_REQUIRED,,WITHHELD,,"['STALE_UPDATE', 'SOURCE_GAP', 'INSUFFICIENT_HISTORY', 'FEATURES_INSUFFICIENT', 'SCHEMA_VERIFICATION', 'SOURCE_PROVENANCE_VERIFICATION']",Review latest project update and verify missing or inconsistent reporting evidence,2025-06,NOT_ELIGIBLE,,officer-decision-v1,alert-policy-v1
PRH-N24000854,2026-06,,DATA_VERIFICATION_REQUIRED,,WITHHELD,,"['STALE_UPDATE', 'SOURCE_GAP', 'INSUFFICIENT_HISTORY', 'FEATURES_INSUFFICIENT', 'SCHEMA_VERIFICATION', 'SOURCE_PROVENANCE_VERIFICATION']",Review latest project update and verify missing or inconsistent reporting evidence,2024-07,NOT_ELIGIBLE,,officer-decision-v1,alert-policy-v1
PRH-N24000858,2026-06,,DATA_VERIFICATION_REQUIRED,,WITHHELD,,"['STALE_UPDATE', 'SOURCE_GAP', 'INSUFFICIENT_HISTORY', 'FEATURES_INSUFFICIENT', 'SCHEMA_VERIFICATION', 'SOURCE_PROVENANCE_VERIFICATION']",Review latest project update and verify missing or inconsistent reporting evidence,2025-06,NOT_ELIGIBLE,,officer-decision-v1,alert-policy-v1
PRH-N24000859,2026-06,,DATA_VERIFICATION_REQUIRED,,WITHHELD,,"['STALE_UPDATE', 'SOURCE_GAP', 'INSUFFICIENT_HISTORY', 'FEATURES_INSUFFICIENT', 'SCHEMA_VERIFICATION', 'SOURCE_PROVENANCE_VERIFICATION']",Review latest project update and verify missing or inconsistent reporting evidence,2025-03,NOT_ELIGIBLE,,officer-decision-v1,alert-policy-v1
PRH-N24000870,2026-06,,NO_REVIEW_SIGNAL,,WITHHELD,,['COMPLETED_PROJECT'],,2024-06,NOT_ELIGIBLE,,officer-decision-v1,alert-policy-v1
PRH-N24000872,2026-06,,DATA_VERIFICATION_REQUIRED,,WITHHELD,,"['STALE_UPDATE', 'SOURCE_GAP', 'INSUFFICIENT_HISTORY', 'FEATURES_INSUFFICIENT', 'SCHEMA_VERIFICATION', 'SOURCE_PROVENANCE_VERIFICATION']",Review latest project update and verify missing or inconsistent reporting evidence,2023-08,NOT_ELIGIBLE,,officer-decision-v1,alert-policy-v1
PRH-N24000875,2026-06,,DATA_VERIFICATION_REQUIRED,,WITHHELD,,"['STALE_UPDATE', 'SOURCE_GAP', 'INSUFFICIENT_HISTORY', 'FEATURES_INSUFFICIENT', 'SCHEMA_VERIFICATION', 'SOURCE_PROVENANCE_VERIFICATION']",Review latest project update and verify missing or inconsistent reporting evidence,2023-11,NOT_ELIGIBLE,,officer-decision-v1,alert-policy-v1
PRH-N24000876,2026-06,,DATA_VERIFICATION_REQUIRED,,WITHHELD,,"['STALE_UPDATE', 'SOURCE_GAP', 'INSUFFICIENT_HISTORY', 'FEATURES_INSUFFICIENT', 'SCHEMA_VERIFICATION', 'SOURCE_PROVENANCE_VERIFICATION']",Review latest project update and verify missing or inconsistent reporting evidence,2023-07,NOT_ELIGIBLE,,officer-decision-v1,alert-policy-v1
PRH-N24000880,2026-06,,NO_REVIEW_SIGNAL,,WITHHELD,,['COMPLETED_PROJECT'],,2025-06,NOT_ELIGIBLE,,officer-decision-v1,alert-policy-v1
PRH-N24000881,2026-06,,DATA_VERIFICATION_REQUIRED,,WITHHELD,,"['STALE_UPDATE', 'SOURCE_GAP', 'INSUFFICIENT_HISTORY', 'FEATURES_INSUFFICIENT', 'SCHEMA_VERIFICATION', 'SOURCE_PROVENANCE_VERIFICATION']",Review latest project update and verify missing or inconsistent reporting evidence,2023-11,NOT_ELIGIBLE,,officer-decision-v1,alert-policy-v1
PRH-N24000883,2026-06,,DATA_VERIFICATION_REQUIRED,,WITHHELD,,"['STALE_UPDATE', 'SOURCE_GAP', 'INSUFFICIENT_HISTORY', 'FEATURES_INSUFFICIENT', 'SCHEMA_VERIFICATION', 'SOURCE_PROVENANCE_VERIFICATION']",Review latest project update and verify missing or inconsistent reporting evidence,2024-03,NOT_ELIGIBLE,,officer-decision-v1,alert-policy-v1
PRH-N24000885,2026-06,,NO_REVIEW_SIGNAL,,WITHHELD,,['COMPLETED_PROJECT'],,2025-01,NOT_ELIGIBLE,,officer-decision-v1,alert-policy-v1
PRH-N24000886,2026-06,,DATA_VERIFICATION_REQUIRED,,WITHHELD,,"['STALE_UPDATE', 'SOURCE_GAP', 'INSUFFICIENT_HISTORY', 'FEATURES_INSUFFICIENT', 'SCHEMA_VERIFICATION', 'SOURCE_PROVENANCE_VERIFICATION']",Review latest project update and verify missing or inconsistent reporting evidence,2024-02,NOT_ELIGIBLE,,officer-decision-v1,alert-policy-v1
PRH-N24000887,2026-06,,NO_REVIEW_SIGNAL,,WITHHELD,,['COMPLETED_PROJECT'],,2024-12,NOT_ELIGIBLE,,officer-decision-v1,alert-policy-v1
PRH-N24000888,2026-06,,DATA_VERIFICATION_REQUIRED,,WITHHELD,,"['STALE_UPDATE', 'SOURCE_GAP', 'INSUFFICIENT_HISTORY', 'FEATURES_INSUFFICIENT', 'SCHEMA_VERIFICATION', 'SOURCE_PROVENANCE_VERIFICATION']",Review latest project update and verify missing or inconsistent reporting evidence,2023-11,NOT_ELIGIBLE,,officer-decision-v1,alert-policy-v1
PRH-N24000891,2026-06,,DATA_VERIFICATION_REQUIRED,,WITHHELD,,"['STALE_UPDATE', 'SOURCE_GAP', 'INSUFFICIENT_HISTORY', 'FEATURES_INSUFFICIENT', 'SCHEMA_VERIFICATION', 'SOURCE_PROVENANCE_VERIFICATION']",Review latest project update and verify missing or inconsistent reporting evidence,2024-02,NOT_ELIGIBLE,,officer-decision-v1,alert-policy-v1
PRH-N24000892,2026-06,,NO_REVIEW_SIGNAL,,WITHHELD,,['COMPLETED_PROJECT'],,2024-12,NOT_ELIGIBLE,,officer-decision-v1,alert-policy-v1
PRH-N24000894,2026-06,,DATA_VERIFICATION_REQUIRED,,WITHHELD,,"['STALE_UPDATE', 'SOURCE_GAP', 'INSUFFICIENT_HISTORY', 'FEATURES_INSUFFICIENT', 'SCHEMA_VERIFICATION', 'SOURCE_PROVENANCE_VERIFICATION']",Review latest project update and verify missing or inconsistent reporting evidence,2023-08,NOT_ELIGIBLE,,officer-decision-v1,alert-policy-v1
PRH-N24000902,2026-06,,NO_REVIEW_SIGNAL,,WITHHELD,,['COMPLETED_PROJECT'],,2024-11,NOT_ELIGIBLE,,officer-decision-v1,alert-policy-v1
PRH-N24000903,2026-06,,NO_REVIEW_SIGNAL,,WITHHELD,,['COMPLETED_PROJECT'],,2024-07,NOT_ELIGIBLE,,officer-decision-v1,alert-policy-v1
PRH-N24000907,2026-06,,NO_REVIEW_SIGNAL,,WITHHELD,,['COMPLETED_PROJECT'],,2025-06,NOT_ELIGIBLE,,officer-decision-v1,alert-policy-v1
PRH-N24000909,2026-06,,DATA_VERIFICATION_REQUIRED,,WITHHELD,,"['STALE_UPDATE', 'SOURCE_GAP', 'INSUFFICIENT_HISTORY', 'FEATURES_INSUFFICIENT', 'SCHEMA_VERIFICATION', 'SOURCE_PROVENANCE_VERIFICATION']",Review latest project update and verify missing or inconsistent reporting evidence,2025-06,NOT_ELIGIBLE,,officer-decision-v1,alert-policy-v1
PRH-N24000910,2026-06,,DATA_VERIFICATION_REQUIRED,,WITHHELD,,"['STALE_UPDATE', 'SOURCE_GAP', 'INSUFFICIENT_HISTORY', 'FEATURES_INSUFFICIENT', 'SCHEMA_VERIFICATION', 'SOURCE_PROVENANCE_VERIFICATION']",Review latest project update and verify missing or inconsistent reporting evidence,2025-06,NOT_ELIGIBLE,,officer-decision-v1,alert-policy-v1
PRH-N24000912,2026-06,,DATA_VERIFICATION_REQUIRED,,WITHHELD,,"['STALE_UPDATE', 'SOURCE_GAP', 'INSUFFICIENT_HISTORY', 'FEATURES_INSUFFICIENT', 'SCHEMA_VERIFICATION', 'SOURCE_PROVENANCE_VERIFICATION']",Review latest project update and verify missing or inconsistent reporting evidence,2025-06,NOT_ELIGIBLE,,officer-decision-v1,alert-policy-v1
PRH-N24000913,2026-06,,DATA_VERIFICATION_REQUIRED,,WITHHELD,,"['STALE_UPDATE', 'SOURCE_GAP', 'INSUFFICIENT_HISTORY', 'FEATURES_INSUFFICIENT', 'SCHEMA_VERIFICATION', 'SOURCE_PROVENANCE_VERIFICATION']",Review latest project update and verify missing or inconsistent reporting evidence,2023-10,NOT_ELIGIBLE,,officer-decision-v1,alert-policy-v1
PRH-N24000914,2026-06,,NO_REVIEW_SIGNAL,,WITHHELD,,['COMPLETED_PROJECT'],,2025-06,NOT_ELIGIBLE,,officer-decision-v1,alert-policy-v1
PRH-N24000915,2026-06,,DATA_VERIFICATION_REQUIRED,,WITHHELD,,"['STALE_UPDATE', 'SOURCE_GAP', 'INSUFFICIENT_HISTORY', 'FEATURES_INSUFFICIENT', 'SCHEMA_VERIFICATION', 'SOURCE_PROVENANCE_VERIFICATION']",Review latest project update and verify missing or inconsistent reporting evidence,2023-07,NOT_ELIGIBLE,,officer-decision-v1,alert-policy-v1
PRH-N24000916,2026-06,,DATA_VERIFICATION_REQUIRED,,WITHHELD,,"['STALE_UPDATE', 'SOURCE_GAP', 'INSUFFICIENT_HISTORY', 'FEATURES_INSUFFICIENT', 'SCHEMA_VERIFICATION', 'SOURCE_PROVENANCE_VERIFICATION']",Review latest project update and verify missing or inconsistent reporting evidence,2023-07,NOT_ELIGIBLE,,officer-decision-v1,alert-policy-v1
PRH-N24000917,2026-06,,NO_REVIEW_SIGNAL,,WITHHELD,,['COMPLETED_PROJECT'],,2025-06,NOT_ELIGIBLE,,officer-decision-v1,alert-policy-v1
PRH-N24000922,2026-06,,DATA_VERIFICATION_REQUIRED,,WITHHELD,,"['STALE_UPDATE', 'SOURCE_GAP', 'INSUFFICIENT_HISTORY', 'FEATURES_INSUFFICIENT', 'SCHEMA_VERIFICATION', 'SOURCE_PROVENANCE_VERIFICATION']",Review latest project update and verify missing or inconsistent reporting evidence,2024-03,NOT_ELIGIBLE,,officer-decision-v1,alert-policy-v1
PRH-N24000925,2026-06,,DATA_VERIFICATION_REQUIRED,,WITHHELD,,"['STALE_UPDATE', 'SOURCE_GAP', 'INSUFFICIENT_HISTORY', 'FEATURES_INSUFFICIENT', 'SCHEMA_VERIFICATION', 'SOURCE_PROVENANCE_VERIFICATION']",Review latest project update and verify missing or inconsistent reporting evidence,2025-06,NOT_ELIGIBLE,,officer-decision-v1,alert-policy-v1
PRH-N24000926,2026-06,,DATA_VERIFICATION_REQUIRED,,WITHHELD,,"['STALE_UPDATE', 'SOURCE_GAP', 'INSUFFICIENT_HISTORY', 'FEATURES_INSUFFICIENT', 'SCHEMA_VERIFICATION', 'SOURCE_PROVENANCE_VERIFICATION']",Review latest project update and verify missing or inconsistent reporting evidence,2024-03,NOT_ELIGIBLE,,officer-decision-v1,alert-policy-v1
PRH-N24000928,2026-06,,NO_REVIEW_SIGNAL,,WITHHELD,,['COMPLETED_PROJECT'],,2024-07,NOT_ELIGIBLE,,officer-decision-v1,alert-policy-v1
PRH-N24000929,2026-06,,NO_REVIEW_SIGNAL,,WITHHELD,,['COMPLETED_PROJECT'],,2024-07,NOT_ELIGIBLE,,officer-decision-v1,alert-policy-v1
PRH-N24000931,2026-06,,DATA_VERIFICATION_REQUIRED,,WITHHELD,,"['STALE_UPDATE', 'SOURCE_GAP', 'INSUFFICIENT_HISTORY', 'FEATURES_INSUFFICIENT', 'SCHEMA_VERIFICATION', 'SOURCE_PROVENANCE_VERIFICATION']",Review latest project update and verify missing or inconsistent reporting evidence,2025-06,NOT_ELIGIBLE,,officer-decision-v1,alert-policy-v1
PRH-N24000932,2026-06,,NO_REVIEW_SIGNAL,,WITHHELD,,['COMPLETED_PROJECT'],,2024-07,NOT_ELIGIBLE,,officer-decision-v1,alert-policy-v1
PRH-N24000933,2026-06,,DATA_VERIFICATION_REQUIRED,,WITHHELD,,"['STALE_UPDATE', 'SOURCE_GAP', 'INSUFFICIENT_HISTORY', 'FEATURES_INSUFFICIENT', 'SCHEMA_VERIFICATION', 'SOURCE_PROVENANCE_VERIFICATION']",Review latest project update and verify missing or inconsistent reporting evidence,2024-03,NOT_ELIGIBLE,,officer-decision-v1,alert-policy-v1
PRH-N24000934,2026-06,,DATA_VERIFICATION_REQUIRED,,WITHHELD,,"['STALE_UPDATE', 'SOURCE_GAP', 'INSUFFICIENT_HISTORY', 'FEATURES_INSUFFICIENT', 'SCHEMA_VERIFICATION', 'SOURCE_PROVENANCE_VERIFICATION']",Review latest project update and verify missing or inconsistent reporting evidence,2024-03,NOT_ELIGIBLE,,officer-decision-v1,alert-policy-v1
PRH-N24000939,2026-06,,DATA_VERIFICATION_REQUIRED,,WITHHELD,,"['STALE_UPDATE', 'SOURCE_GAP', 'INSUFFICIENT_HISTORY', 'FEATURES_INSUFFICIENT', 'SCHEMA_VERIFICATION', 'SOURCE_PROVENANCE_VERIFICATION']",Review latest project update and verify missing or inconsistent reporting evidence,2024-03,NOT_ELIGIBLE,,officer-decision-v1,alert-policy-v1
PRH-N24000940,2026-06,,DATA_VERIFICATION_REQUIRED,,WITHHELD,,"['STALE_UPDATE', 'SOURCE_GAP', 'INSUFFICIENT_HISTORY', 'FEATURES_INSUFFICIENT', 'SCHEMA_VERIFICATION', 'SOURCE_PROVENANCE_VERIFICATION']",Review latest project update and verify missing or inconsistent reporting evidence,2024-03,NOT_ELIGIBLE,,officer-decision-v1,alert-policy-v1
PRH-N24000941,2026-06,,NO_REVIEW_SIGNAL,,WITHHELD,,['COMPLETED_PROJECT'],,2025-03,NOT_ELIGIBLE,,officer-decision-v1,alert-policy-v1
PRH-N24000944,2026-06,,NO_REVIEW_SIGNAL,,WITHHELD,,['COMPLETED_PROJECT'],,2024-07,NOT_ELIGIBLE,,officer-decision-v1,alert-policy-v1
PRH-N24000948,2026-06,,NO_REVIEW_SIGNAL,,WITHHELD,,['COMPLETED_PROJECT'],,2025-03,NOT_ELIGIBLE,,officer-decision-v1,alert-policy-v1
PRH-N24000950,2026-06,,DATA_VERIFICATION_REQUIRED,,WITHHELD,,"['STALE_UPDATE', 'SOURCE_GAP', 'INSUFFICIENT_HISTORY', 'FEATURES_INSUFFICIENT', 'SCHEMA_VERIFICATION', 'SOURCE_PROVENANCE_VERIFICATION']",Review latest project update and verify missing or inconsistent reporting evidence,2023-09,NOT_ELIGIBLE,,officer-decision-v1,alert-policy-v1
PRH-N24000958,2026-06,,DATA_VERIFICATION_REQUIRED,,WITHHELD,,"['STALE_UPDATE', 'SOURCE_GAP', 'INSUFFICIENT_HISTORY', 'FEATURES_INSUFFICIENT', 'SCHEMA_VERIFICATION', 'SOURCE_PROVENANCE_VERIFICATION']",Review latest project update and verify missing or inconsistent reporting evidence,2023-09,NOT_ELIGIBLE,,officer-decision-v1,alert-policy-v1
PRH-N24000963,2026-06,,NO_REVIEW_SIGNAL,,WITHHELD,,['COMPLETED_PROJECT'],,2024-07,NOT_ELIGIBLE,,officer-decision-v1,alert-policy-v1
PRH-N24000965,2026-06,,DATA_VERIFICATION_REQUIRED,,WITHHELD,,"['STALE_UPDATE', 'SOURCE_GAP', 'INSUFFICIENT_HISTORY', 'FEATURES_INSUFFICIENT', 'SCHEMA_VERIFICATION', 'SOURCE_PROVENANCE_VERIFICATION']",Review latest project update and verify missing or inconsistent reporting evidence,2024-03,NOT_ELIGIBLE,,officer-decision-v1,alert-policy-v1
PRH-N24000966,2026-06,,DATA_VERIFICATION_REQUIRED,,WITHHELD,,"['STALE_UPDATE', 'SOURCE_GAP', 'INSUFFICIENT_HISTORY', 'FEATURES_INSUFFICIENT', 'SCHEMA_VERIFICATION', 'SOURCE_PROVENANCE_VERIFICATION']",Review latest project update and verify missing or inconsistent reporting evidence,2024-03,NOT_ELIGIBLE,,officer-decision-v1,alert-policy-v1
PRH-N24000967,2026-06,,DATA_VERIFICATION_REQUIRED,,WITHHELD,,"['STALE_UPDATE', 'SOURCE_GAP', 'INSUFFICIENT_HISTORY', 'FEATURES_INSUFFICIENT', 'SCHEMA_VERIFICATION', 'SOURCE_PROVENANCE_VERIFICATION']",Review latest project update and verify missing or inconsistent reporting evidence,2024-03,NOT_ELIGIBLE,,officer-decision-v1,alert-policy-v1
PRH-N24000968,2026-06,,DATA_VERIFICATION_REQUIRED,,WITHHELD,,"['STALE_UPDATE', 'SOURCE_GAP', 'INSUFFICIENT_HISTORY', 'FEATURES_INSUFFICIENT', 'SCHEMA_VERIFICATION', 'SOURCE_PROVENANCE_VERIFICATION']",Review latest project update and verify missing or inconsistent reporting evidence,2024-03,NOT_ELIGIBLE,,officer-decision-v1,alert-policy-v1
PRH-N24000970,2026-06,,DATA_VERIFICATION_REQUIRED,,WITHHELD,,"['STALE_UPDATE', 'SOURCE_GAP', 'INSUFFICIENT_HISTORY', 'FEATURES_INSUFFICIENT', 'SCHEMA_VERIFICATION', 'SOURCE_PROVENANCE_VERIFICATION']",Review latest project update and verify missing or inconsistent reporting evidence,2024-03,NOT_ELIGIBLE,,officer-decision-v1,alert-policy-v1
PRH-N24000979,2026-06,,DATA_VERIFICATION_REQUIRED,,WITHHELD,,"['STALE_UPDATE', 'SOURCE_GAP', 'INSUFFICIENT_HISTORY', 'FEATURES_INSUFFICIENT', 'SCHEMA_VERIFICATION', 'SOURCE_PROVENANCE_VERIFICATION']",Review latest project update and verify missing or inconsistent reporting evidence,2025-06,NOT_ELIGIBLE,,officer-decision-v1,alert-policy-v1
PRH-N24000980,2026-06,,DATA_VERIFICATION_REQUIRED,,WITHHELD,,"['STALE_UPDATE', 'SOURCE_GAP', 'INSUFFICIENT_HISTORY', 'FEATURES_INSUFFICIENT', 'SCHEMA_VERIFICATION', 'SOURCE_PROVENANCE_VERIFICATION']",Review latest project update and verify missing or inconsistent reporting evidence,2025-06,NOT_ELIGIBLE,,officer-decision-v1,alert-policy-v1
PRH-N24000982,2026-06,,DATA_VERIFICATION_REQUIRED,,WITHHELD,,"['STALE_UPDATE', 'SOURCE_GAP', 'INSUFFICIENT_HISTORY', 'FEATURES_INSUFFICIENT', 'SCHEMA_VERIFICATION', 'SOURCE_PROVENANCE_VERIFICATION']",Review latest project update and verify missing or inconsistent reporting evidence,2025-06,NOT_ELIGIBLE,,officer-decision-v1,alert-policy-v1
PRH-N24000983,2026-06,,DATA_VERIFICATION_REQUIRED,,WITHHELD,,"['STALE_UPDATE', 'SOURCE_GAP', 'INSUFFICIENT_HISTORY', 'FEATURES_INSUFFICIENT', 'SCHEMA_VERIFICATION', 'SOURCE_PROVENANCE_VERIFICATION']",Review latest project update and verify missing or inconsistent reporting evidence,2025-06,NOT_ELIGIBLE,,officer-decision-v1,alert-policy-v1
PRH-N24000984,2026-06,,DATA_VERIFICATION_REQUIRED,,WITHHELD,,"['STALE_UPDATE', 'SOURCE_GAP', 'INSUFFICIENT_HISTORY', 'FEATURES_INSUFFICIENT', 'SCHEMA_VERIFICATION', 'SOURCE_PROVENANCE_VERIFICATION']",Review latest project update and verify missing or inconsistent reporting evidence,2025-06,NOT_ELIGIBLE,,officer-decision-v1,alert-policy-v1
PRH-N24000986,2026-06,,DATA_VERIFICATION_REQUIRED,,WITHHELD,,"['STALE_UPDATE', 'SOURCE_GAP', 'INSUFFICIENT_HISTORY', 'FEATURES_INSUFFICIENT', 'SCHEMA_VERIFICATION', 'SOURCE_PROVENANCE_VERIFICATION']",Review latest project update and verify missing or inconsistent reporting evidence,2025-06,NOT_ELIGIBLE,,officer-decision-v1,alert-policy-v1
PRH-N24000989,2026-06,,DATA_VERIFICATION_REQUIRED,,WITHHELD,,"['STALE_UPDATE', 'SOURCE_GAP', 'INSUFFICIENT_HISTORY', 'FEATURES_INSUFFICIENT', 'SCHEMA_VERIFICATION', 'SOURCE_PROVENANCE_VERIFICATION']",Review latest project update and verify missing or inconsistent reporting evidence,2025-06,NOT_ELIGIBLE,,officer-decision-v1,alert-policy-v1
PRH-N24000990,2026-06,,DATA_VERIFICATION_REQUIRED,,WITHHELD,,"['STALE_UPDATE', 'SOURCE_GAP', 'INSUFFICIENT_HISTORY', 'FEATURES_INSUFFICIENT', 'SCHEMA_VERIFICATION', 'SOURCE_PROVENANCE_VERIFICATION']",Review latest project update and verify missing or inconsistent reporting evidence,2025-06,NOT_ELIGIBLE,,officer-decision-v1,alert-policy-v1
PRH-N24000993,2026-06,,DATA_VERIFICATION_REQUIRED,,WITHHELD,,"['STALE_UPDATE', 'SOURCE_GAP', 'INSUFFICIENT_HISTORY', 'FEATURES_INSUFFICIENT', 'SCHEMA_VERIFICATION', 'SOURCE_PROVENANCE_VERIFICATION']",Review latest project update and verify missing or inconsistent reporting evidence,2025-06,NOT_ELIGIBLE,,officer-decision-v1,alert-policy-v1
PRH-N24000998,2026-06,,NO_REVIEW_SIGNAL,,WITHHELD,,['COMPLETED_PROJECT'],,2025-06,NOT_ELIGIBLE,,officer-decision-v1,alert-policy-v1
PRH-N24001000,2026-06,,DATA_VERIFICATION_REQUIRED,,WITHHELD,,"['STALE_UPDATE', 'SOURCE_GAP', 'INSUFFICIENT_HISTORY', 'FEATURES_INSUFFICIENT', 'SCHEMA_VERIFICATION', 'SOURCE_PROVENANCE_VERIFICATION']",Review latest project update and verify missing or inconsistent reporting evidence,2023-09,NOT_ELIGIBLE,,officer-decision-v1,alert-policy-v1
PRH-N24001003,2026-06,,DATA_VERIFICATION_REQUIRED,,WITHHELD,,"['STALE_UPDATE', 'SOURCE_GAP', 'INSUFFICIENT_HISTORY', 'FEATURES_INSUFFICIENT', 'SCHEMA_VERIFICATION', 'SOURCE_PROVENANCE_VERIFICATION']",Review latest project update and verify missing or inconsistent reporting evidence,2025-05,NOT_ELIGIBLE,,officer-decision-v1,alert-policy-v1
PRH-N24001004,2026-06,,DATA_VERIFICATION_REQUIRED,,WITHHELD,,"['STALE_UPDATE', 'SOURCE_GAP', 'INSUFFICIENT_HISTORY', 'FEATURES_INSUFFICIENT', 'SCHEMA_VERIFICATION', 'SOURCE_PROVENANCE_VERIFICATION']",Review latest project update and verify missing or inconsistent reporting evidence,2024-03,NOT_ELIGIBLE,,officer-decision-v1,alert-policy-v1
PRH-N24001005,2026-06,,DATA_VERIFICATION_REQUIRED,,WITHHELD,,"['STALE_UPDATE', 'SOURCE_GAP', 'INSUFFICIENT_HISTORY', 'FEATURES_INSUFFICIENT', 'SCHEMA_VERIFICATION', 'SOURCE_PROVENANCE_VERIFICATION']",Review latest project update and verify missing or inconsistent reporting evidence,2024-03,NOT_ELIGIBLE,,officer-decision-v1,alert-policy-v1
PRH-N24001006,2026-06,,DATA_VERIFICATION_REQUIRED,,WITHHELD,,"['STALE_UPDATE', 'SOURCE_GAP', 'INSUFFICIENT_HISTORY', 'FEATURES_INSUFFICIENT', 'SCHEMA_VERIFICATION', 'SOURCE_PROVENANCE_VERIFICATION']",Review latest project update and verify missing or inconsistent reporting evidence,2023-08,NOT_ELIGIBLE,,officer-decision-v1,alert-policy-v1
PRH-N24001007,2026-06,,DATA_VERIFICATION_REQUIRED,,WITHHELD,,"['STALE_UPDATE', 'SOURCE_GAP', 'INSUFFICIENT_HISTORY', 'FEATURES_INSUFFICIENT', 'SCHEMA_VERIFICATION', 'SOURCE_PROVENANCE_VERIFICATION']",Review latest project update and verify missing or inconsistent reporting evidence,2023-11,NOT_ELIGIBLE,,officer-decision-v1,alert-policy-v1
PRH-N24001008,2026-06,,DATA_VERIFICATION_REQUIRED,,WITHHELD,,"['STALE_UPDATE', 'SOURCE_GAP', 'INSUFFICIENT_HISTORY', 'FEATURES_INSUFFICIENT', 'SCHEMA_VERIFICATION', 'SOURCE_PROVENANCE_VERIFICATION']",Review latest project update and verify missing or inconsistent reporting evidence,2025-05,NOT_ELIGIBLE,,officer-decision-v1,alert-policy-v1
PRH-N24001009,2026-06,,DATA_VERIFICATION_REQUIRED,,WITHHELD,,"['STALE_UPDATE', 'SOURCE_GAP', 'INSUFFICIENT_HISTORY', 'FEATURES_INSUFFICIENT', 'SCHEMA_VERIFICATION', 'SOURCE_PROVENANCE_VERIFICATION']",Review latest project update and verify missing or inconsistent reporting evidence,2023-08,NOT_ELIGIBLE,,officer-decision-v1,alert-policy-v1
PRH-N24001010,2026-06,,DATA_VERIFICATION_REQUIRED,,WITHHELD,,"['STALE_UPDATE', 'SOURCE_GAP', 'INSUFFICIENT_HISTORY', 'FEATURES_INSUFFICIENT', 'SCHEMA_VERIFICATION', 'SOURCE_PROVENANCE_VERIFICATION']",Review latest project update and verify missing or inconsistent reporting evidence,2023-08,NOT_ELIGIBLE,,officer-decision-v1,alert-policy-v1
PRH-N24001013,2026-06,,DATA_VERIFICATION_REQUIRED,,WITHHELD,,"['STALE_UPDATE', 'SOURCE_GAP', 'INSUFFICIENT_HISTORY', 'FEATURES_INSUFFICIENT', 'SCHEMA_VERIFICATION', 'SOURCE_PROVENANCE_VERIFICATION']",Review latest project update and verify missing or inconsistent reporting evidence,2025-06,NOT_ELIGIBLE,,officer-decision-v1,alert-policy-v1
PRH-N24001014,2026-06,,DATA_VERIFICATION_REQUIRED,,WITHHELD,,"['STALE_UPDATE', 'SOURCE_GAP', 'INSUFFICIENT_HISTORY', 'FEATURES_INSUFFICIENT', 'SCHEMA_VERIFICATION', 'SOURCE_PROVENANCE_VERIFICATION']",Review latest project update and verify missing or inconsistent reporting evidence,2023-08,NOT_ELIGIBLE,,officer-decision-v1,alert-policy-v1
PRH-N24001015,2026-06,,DATA_VERIFICATION_REQUIRED,,WITHHELD,,"['STALE_UPDATE', 'SOURCE_GAP', 'INSUFFICIENT_HISTORY', 'FEATURES_INSUFFICIENT', 'SCHEMA_VERIFICATION', 'SOURCE_PROVENANCE_VERIFICATION']",Review latest project update and verify missing or inconsistent reporting evidence,2023-08,NOT_ELIGIBLE,,officer-decision-v1,alert-policy-v1
PRH-N24001016,2026-06,,DATA_VERIFICATION_REQUIRED,,WITHHELD,,"['STALE_UPDATE', 'SOURCE_GAP', 'INSUFFICIENT_HISTORY', 'FEATURES_INSUFFICIENT', 'SCHEMA_VERIFICATION', 'SOURCE_PROVENANCE_VERIFICATION']",Review latest project update and verify missing or inconsistent reporting evidence,2023-08,NOT_ELIGIBLE,,officer-decision-v1,alert-policy-v1
PRH-N24001017,2026-06,,DATA_VERIFICATION_REQUIRED,,WITHHELD,,"['STALE_UPDATE', 'SOURCE_GAP', 'INSUFFICIENT_HISTORY', 'FEATURES_INSUFFICIENT', 'SCHEMA_VERIFICATION', 'SOURCE_PROVENANCE_VERIFICATION']",Review latest project update and verify missing or inconsistent reporting evidence,2025-06,NOT_ELIGIBLE,,officer-decision-v1,alert-policy-v1
PRH-N24001018,2026-06,,NO_REVIEW_SIGNAL,,WITHHELD,,['COMPLETED_PROJECT'],,2025-05,NOT_ELIGIBLE,,officer-decision-v1,alert-policy-v1
PRH-N24001019,2026-06,,DATA_VERIFICATION_REQUIRED,,WITHHELD,,"['STALE_UPDATE', 'SOURCE_GAP', 'INSUFFICIENT_HISTORY', 'FEATURES_INSUFFICIENT', 'SCHEMA_VERIFICATION', 'SOURCE_PROVENANCE_VERIFICATION']",Review latest project update and verify missing or inconsistent reporting evidence,2023-08,NOT_ELIGIBLE,,officer-decision-v1,alert-policy-v1
PRH-N24001021,2026-06,,DATA_VERIFICATION_REQUIRED,,WITHHELD,,"['STALE_UPDATE', 'SOURCE_GAP', 'INSUFFICIENT_HISTORY', 'FEATURES_INSUFFICIENT', 'SCHEMA_VERIFICATION', 'SOURCE_PROVENANCE_VERIFICATION']",Review latest project update and verify missing or inconsistent reporting evidence,2025-05,NOT_ELIGIBLE,,officer-decision-v1,alert-policy-v1
PRH-N24001022,2026-06,,DATA_VERIFICATION_REQUIRED,,WITHHELD,,"['STALE_UPDATE', 'SOURCE_GAP', 'INSUFFICIENT_HISTORY', 'FEATURES_INSUFFICIENT', 'SCHEMA_VERIFICATION', 'SOURCE_PROVENANCE_VERIFICATION']",Review latest project update and verify missing or inconsistent reporting evidence,2025-06,NOT_ELIGIBLE,,officer-decision-v1,alert-policy-v1
PRH-N24001023,2026-06,,DATA_VERIFICATION_REQUIRED,,WITHHELD,,"['STALE_UPDATE', 'SOURCE_GAP', 'INSUFFICIENT_HISTORY', 'FEATURES_INSUFFICIENT', 'SCHEMA_VERIFICATION', 'SOURCE_PROVENANCE_VERIFICATION']",Review latest project update and verify missing or inconsistent reporting evidence,2023-11,NOT_ELIGIBLE,,officer-decision-v1,alert-policy-v1
PRH-N24001024,2026-06,,DATA_VERIFICATION_REQUIRED,,WITHHELD,,"['STALE_UPDATE', 'SOURCE_GAP', 'INSUFFICIENT_HISTORY', 'FEATURES_INSUFFICIENT', 'SCHEMA_VERIFICATION', 'SOURCE_PROVENANCE_VERIFICATION']",Review latest project update and verify missing or inconsistent reporting evidence,2023-08,NOT_ELIGIBLE,,officer-decision-v1,alert-policy-v1
PRH-N24001025,2026-06,,DATA_VERIFICATION_REQUIRED,,WITHHELD,,"['STALE_UPDATE', 'SOURCE_GAP', 'INSUFFICIENT_HISTORY', 'FEATURES_INSUFFICIENT', 'SCHEMA_VERIFICATION', 'SOURCE_PROVENANCE_VERIFICATION']",Review latest project update and verify missing or inconsistent reporting evidence,2023-08,NOT_ELIGIBLE,,officer-decision-v1,alert-policy-v1
PRH-N24001026,2026-06,,DATA_VERIFICATION_REQUIRED,,WITHHELD,,"['STALE_UPDATE', 'SOURCE_GAP', 'INSUFFICIENT_HISTORY', 'FEATURES_INSUFFICIENT', 'SCHEMA_VERIFICATION', 'SOURCE_PROVENANCE_VERIFICATION']",Review latest project update and verify missing or inconsistent reporting evidence,2024-07,NOT_ELIGIBLE,,officer-decision-v1,alert-policy-v1
PRH-N24001027,2026-06,,DATA_VERIFICATION_REQUIRED,,WITHHELD,,"['STALE_UPDATE', 'SOURCE_GAP', 'INSUFFICIENT_HISTORY', 'FEATURES_INSUFFICIENT', 'SCHEMA_VERIFICATION', 'SOURCE_PROVENANCE_VERIFICATION']",Review latest project update and verify missing or inconsistent reporting evidence,2025-03,NOT_ELIGIBLE,,officer-decision-v1,alert-policy-v1
PRH-N24001028,2026-06,,DATA_VERIFICATION_REQUIRED,,WITHHELD,,"['STALE_UPDATE', 'SOURCE_GAP', 'INSUFFICIENT_HISTORY', 'FEATURES_INSUFFICIENT', 'SCHEMA_VERIFICATION', 'SOURCE_PROVENANCE_VERIFICATION']",Review latest project update and verify missing or inconsistent reporting evidence,2023-08,NOT_ELIGIBLE,,officer-decision-v1,alert-policy-v1
PRH-N24001029,2026-06,,DATA_VERIFICATION_REQUIRED,,WITHHELD,,"['STALE_UPDATE', 'SOURCE_GAP', 'INSUFFICIENT_HISTORY', 'FEATURES_INSUFFICIENT', 'SCHEMA_VERIFICATION', 'SOURCE_PROVENANCE_VERIFICATION']",Review latest project update and verify missing or inconsistent reporting evidence,2024-07,NOT_ELIGIBLE,,officer-decision-v1,alert-policy-v1
PRH-N24001030,2026-06,,DATA_VERIFICATION_REQUIRED,,WITHHELD,,"['STALE_UPDATE', 'SOURCE_GAP', 'INSUFFICIENT_HISTORY', 'FEATURES_INSUFFICIENT', 'SCHEMA_VERIFICATION', 'SOURCE_PROVENANCE_VERIFICATION']",Review latest project update and verify missing or inconsistent reporting evidence,2024-07,NOT_ELIGIBLE,,officer-decision-v1,alert-policy-v1
PRH-N24001032,2026-06,,DATA_VERIFICATION_REQUIRED,,WITHHELD,,"['STALE_UPDATE', 'SOURCE_GAP', 'INSUFFICIENT_HISTORY', 'FEATURES_INSUFFICIENT', 'SCHEMA_VERIFICATION', 'SOURCE_PROVENANCE_VERIFICATION']",Review latest project update and verify missing or inconsistent reporting evidence,2023-08,NOT_ELIGIBLE,,officer-decision-v1,alert-policy-v1
PRH-N24001033,2026-06,,DATA_VERIFICATION_REQUIRED,,WITHHELD,,"['STALE_UPDATE', 'SOURCE_GAP', 'INSUFFICIENT_HISTORY', 'FEATURES_INSUFFICIENT', 'SCHEMA_VERIFICATION', 'SOURCE_PROVENANCE_VERIFICATION']",Review latest project update and verify missing or inconsistent reporting evidence,2023-11,NOT_ELIGIBLE,,officer-decision-v1,alert-policy-v1
PRH-N24001034,2026-06,,DATA_VERIFICATION_REQUIRED,,WITHHELD,,"['STALE_UPDATE', 'SOURCE_GAP', 'INSUFFICIENT_HISTORY', 'FEATURES_INSUFFICIENT', 'SCHEMA_VERIFICATION', 'SOURCE_PROVENANCE_VERIFICATION']",Review latest project update and verify missing or inconsistent reporting evidence,2023-11,NOT_ELIGIBLE,,officer-decision-v1,alert-policy-v1
PRH-N24001035,2026-06,,DATA_VERIFICATION_REQUIRED,,WITHHELD,,"['STALE_UPDATE', 'SOURCE_GAP', 'INSUFFICIENT_HISTORY', 'FEATURES_INSUFFICIENT', 'SCHEMA_VERIFICATION', 'SOURCE_PROVENANCE_VERIFICATION']",Review latest project update and verify missing or inconsistent reporting evidence,2024-07,NOT_ELIGIBLE,,officer-decision-v1,alert-policy-v1
PRH-N24001038,2026-06,,DATA_VERIFICATION_REQUIRED,,WITHHELD,,"['STALE_UPDATE', 'SOURCE_GAP', 'INSUFFICIENT_HISTORY', 'FEATURES_INSUFFICIENT', 'SCHEMA_VERIFICATION', 'SOURCE_PROVENANCE_VERIFICATION']",Review latest project update and verify missing or inconsistent reporting evidence,2023-11,NOT_ELIGIBLE,,officer-decision-v1,alert-policy-v1
PRH-N24001039,2026-06,,DATA_VERIFICATION_REQUIRED,,WITHHELD,,"['STALE_UPDATE', 'SOURCE_GAP', 'INSUFFICIENT_HISTORY', 'FEATURES_INSUFFICIENT', 'SCHEMA_VERIFICATION', 'SOURCE_PROVENANCE_VERIFICATION']",Review latest project update and verify missing or inconsistent reporting evidence,2025-03,NOT_ELIGIBLE,,officer-decision-v1,alert-policy-v1
PRH-N24001040,2026-06,,DATA_VERIFICATION_REQUIRED,,WITHHELD,,"['STALE_UPDATE', 'SOURCE_GAP', 'INSUFFICIENT_HISTORY', 'FEATURES_INSUFFICIENT', 'SCHEMA_VERIFICATION', 'SOURCE_PROVENANCE_VERIFICATION']",Review latest project update and verify missing or inconsistent reporting evidence,2024-07,NOT_ELIGIBLE,,officer-decision-v1,alert-policy-v1
PRH-N24001041,2026-06,,DATA_VERIFICATION_REQUIRED,,WITHHELD,,"['STALE_UPDATE', 'SOURCE_GAP', 'INSUFFICIENT_HISTORY', 'FEATURES_INSUFFICIENT', 'SCHEMA_VERIFICATION', 'SOURCE_PROVENANCE_VERIFICATION']",Review latest project update and verify missing or inconsistent reporting evidence,2024-07,NOT_ELIGIBLE,,officer-decision-v1,alert-policy-v1
PRH-N24001042,2026-06,,DATA_VERIFICATION_REQUIRED,,WITHHELD,,"['STALE_UPDATE', 'SOURCE_GAP', 'INSUFFICIENT_HISTORY', 'FEATURES_INSUFFICIENT', 'SCHEMA_VERIFICATION', 'SOURCE_PROVENANCE_VERIFICATION']",Review latest project update and verify missing or inconsistent reporting evidence,2024-07,NOT_ELIGIBLE,,officer-decision-v1,alert-policy-v1
PRH-N24001043,2026-06,,DATA_VERIFICATION_REQUIRED,,WITHHELD,,"['STALE_UPDATE', 'SOURCE_GAP', 'INSUFFICIENT_HISTORY', 'FEATURES_INSUFFICIENT', 'SCHEMA_VERIFICATION', 'SOURCE_PROVENANCE_VERIFICATION']",Review latest project update and verify missing or inconsistent reporting evidence,2024-07,NOT_ELIGIBLE,,officer-decision-v1,alert-policy-v1
PRH-N24001046,2026-06,,DATA_VERIFICATION_REQUIRED,,WITHHELD,,"['STALE_UPDATE', 'SOURCE_GAP', 'INSUFFICIENT_HISTORY', 'FEATURES_INSUFFICIENT', 'SCHEMA_VERIFICATION', 'SOURCE_PROVENANCE_VERIFICATION']",Review latest project update and verify missing or inconsistent reporting evidence,2025-05,NOT_ELIGIBLE,,officer-decision-v1,alert-policy-v1
PRH-N24001048,2026-06,,NO_REVIEW_SIGNAL,,WITHHELD,,['COMPLETED_PROJECT'],,2024-07,NOT_ELIGIBLE,,officer-decision-v1,alert-policy-v1
PRH-N24001049,2026-06,,DATA_VERIFICATION_REQUIRED,,WITHHELD,,"['STALE_UPDATE', 'SOURCE_GAP', 'INSUFFICIENT_HISTORY', 'FEATURES_INSUFFICIENT', 'SCHEMA_VERIFICATION', 'SOURCE_PROVENANCE_VERIFICATION']",Review latest project update and verify missing or inconsistent reporting evidence,2023-08,NOT_ELIGIBLE,,officer-decision-v1,alert-policy-v1
PRH-N24001050,2026-06,,DATA_VERIFICATION_REQUIRED,,WITHHELD,,"['STALE_UPDATE', 'SOURCE_GAP', 'INSUFFICIENT_HISTORY', 'FEATURES_INSUFFICIENT', 'SCHEMA_VERIFICATION', 'SOURCE_PROVENANCE_VERIFICATION']",Review latest project update and verify missing or inconsistent reporting evidence,2025-06,NOT_ELIGIBLE,,officer-decision-v1,alert-policy-v1
PRH-N24001051,2026-06,,DATA_VERIFICATION_REQUIRED,,WITHHELD,,"['STALE_UPDATE', 'SOURCE_GAP', 'INSUFFICIENT_HISTORY', 'FEATURES_INSUFFICIENT', 'SCHEMA_VERIFICATION', 'SOURCE_PROVENANCE_VERIFICATION']",Review latest project update and verify missing or inconsistent reporting evidence,2023-11,NOT_ELIGIBLE,,officer-decision-v1,alert-policy-v1
PRH-N24001052,2026-06,,DATA_VERIFICATION_REQUIRED,,WITHHELD,,"['STALE_UPDATE', 'SOURCE_GAP', 'INSUFFICIENT_HISTORY', 'FEATURES_INSUFFICIENT', 'SCHEMA_VERIFICATION', 'SOURCE_PROVENANCE_VERIFICATION']",Review latest project update and verify missing or inconsistent reporting evidence,2023-08,NOT_ELIGIBLE,,officer-decision-v1,alert-policy-v1
PRH-N24001053,2026-06,,DATA_VERIFICATION_REQUIRED,,WITHHELD,,"['STALE_UPDATE', 'SOURCE_GAP', 'INSUFFICIENT_HISTORY', 'FEATURES_INSUFFICIENT', 'SCHEMA_VERIFICATION', 'SOURCE_PROVENANCE_VERIFICATION']",Review latest project update and verify missing or inconsistent reporting evidence,2023-08,NOT_ELIGIBLE,,officer-decision-v1,alert-policy-v1
PRH-N24001055,2026-06,,DATA_VERIFICATION_REQUIRED,,WITHHELD,,"['STALE_UPDATE', 'SOURCE_GAP', 'INSUFFICIENT_HISTORY', 'FEATURES_INSUFFICIENT', 'SCHEMA_VERIFICATION', 'SOURCE_PROVENANCE_VERIFICATION']",Review latest project update and verify missing or inconsistent reporting evidence,2023-11,NOT_ELIGIBLE,,officer-decision-v1,alert-policy-v1
PRH-N24001056,2026-06,,DATA_VERIFICATION_REQUIRED,,WITHHELD,,"['STALE_UPDATE', 'SOURCE_GAP', 'INSUFFICIENT_HISTORY', 'FEATURES_INSUFFICIENT', 'SCHEMA_VERIFICATION', 'SOURCE_PROVENANCE_VERIFICATION']",Review latest project update and verify missing or inconsistent reporting evidence,2023-08,NOT_ELIGIBLE,,officer-decision-v1,alert-policy-v1
PRH-N24001058,2026-06,,DATA_VERIFICATION_REQUIRED,,WITHHELD,,"['STALE_UPDATE', 'SOURCE_GAP', 'INSUFFICIENT_HISTORY', 'FEATURES_INSUFFICIENT', 'SCHEMA_VERIFICATION', 'SOURCE_PROVENANCE_VERIFICATION']",Review latest project update and verify missing or inconsistent reporting evidence,2025-06,NOT_ELIGIBLE,,officer-decision-v1,alert-policy-v1
PRH-N24001059,2026-06,,DATA_VERIFICATION_REQUIRED,,WITHHELD,,"['STALE_UPDATE', 'SOURCE_GAP', 'INSUFFICIENT_HISTORY', 'FEATURES_INSUFFICIENT', 'SCHEMA_VERIFICATION', 'SOURCE_PROVENANCE_VERIFICATION']",Review latest project update and verify missing or inconsistent reporting evidence,2023-08,NOT_ELIGIBLE,,officer-decision-v1,alert-policy-v1
PRH-N24001061,2026-06,,DATA_VERIFICATION_REQUIRED,,WITHHELD,,"['STALE_UPDATE', 'SOURCE_GAP', 'INSUFFICIENT_HISTORY', 'FEATURES_INSUFFICIENT', 'SCHEMA_VERIFICATION', 'SOURCE_PROVENANCE_VERIFICATION']",Review latest project update and verify missing or inconsistent reporting evidence,2024-07,NOT_ELIGIBLE,,officer-decision-v1,alert-policy-v1
PRH-N24001062,2026-06,,DATA_VERIFICATION_REQUIRED,,WITHHELD,,"['STALE_UPDATE', 'SOURCE_GAP', 'INSUFFICIENT_HISTORY', 'FEATURES_INSUFFICIENT', 'SCHEMA_VERIFICATION', 'SOURCE_PROVENANCE_VERIFICATION']",Review latest project update and verify missing or inconsistent reporting evidence,2024-07,NOT_ELIGIBLE,,officer-decision-v1,alert-policy-v1
PRH-N24001063,2026-06,,DATA_VERIFICATION_REQUIRED,,WITHHELD,,"['STALE_UPDATE', 'SOURCE_GAP', 'INSUFFICIENT_HISTORY', 'FEATURES_INSUFFICIENT', 'SCHEMA_VERIFICATION', 'SOURCE_PROVENANCE_VERIFICATION']",Review latest project update and verify missing or inconsistent reporting evidence,2023-11,NOT_ELIGIBLE,,officer-decision-v1,alert-policy-v1
PRH-N24001064,2026-06,,DATA_VERIFICATION_REQUIRED,,WITHHELD,,"['STALE_UPDATE', 'SOURCE_GAP', 'INSUFFICIENT_HISTORY', 'FEATURES_INSUFFICIENT', 'SCHEMA_VERIFICATION', 'SOURCE_PROVENANCE_VERIFICATION']",Review latest project update and verify missing or inconsistent reporting evidence,2023-11,NOT_ELIGIBLE,,officer-decision-v1,alert-policy-v1
PRH-N24001065,2026-06,,DATA_VERIFICATION_REQUIRED,,WITHHELD,,"['STALE_UPDATE', 'SOURCE_GAP', 'INSUFFICIENT_HISTORY', 'FEATURES_INSUFFICIENT', 'SCHEMA_VERIFICATION', 'SOURCE_PROVENANCE_VERIFICATION']",Review latest project update and verify missing or inconsistent reporting evidence,2024-07,NOT_ELIGIBLE,,officer-decision-v1,alert-policy-v1
PRH-N24001066,2026-06,,DATA_VERIFICATION_REQUIRED,,WITHHELD,,"['STALE_UPDATE', 'SOURCE_GAP', 'INSUFFICIENT_HISTORY', 'FEATURES_INSUFFICIENT', 'SCHEMA_VERIFICATION', 'SOURCE_PROVENANCE_VERIFICATION']",Review latest project update and verify missing or inconsistent reporting evidence,2023-08,NOT_ELIGIBLE,,officer-decision-v1,alert-policy-v1
PRH-N24001069,2026-06,,DATA_VERIFICATION_REQUIRED,,WITHHELD,,"['STALE_UPDATE', 'SOURCE_GAP', 'INSUFFICIENT_HISTORY', 'FEATURES_INSUFFICIENT', 'SCHEMA_VERIFICATION', 'SOURCE_PROVENANCE_VERIFICATION']",Review latest project update and verify missing or inconsistent reporting evidence,2025-06,NOT_ELIGIBLE,,officer-decision-v1,alert-policy-v1
PRH-N24001071,2026-06,,DATA_VERIFICATION_REQUIRED,,WITHHELD,,"['STALE_UPDATE', 'SOURCE_GAP', 'INSUFFICIENT_HISTORY', 'FEATURES_INSUFFICIENT', 'SCHEMA_VERIFICATION', 'SOURCE_PROVENANCE_VERIFICATION']",Review latest project update and verify missing or inconsistent reporting evidence,2023-11,NOT_ELIGIBLE,,officer-decision-v1,alert-policy-v1
PRH-N24001073,2026-06,,DATA_VERIFICATION_REQUIRED,,WITHHELD,,"['STALE_UPDATE', 'SOURCE_GAP', 'INSUFFICIENT_HISTORY', 'FEATURES_INSUFFICIENT', 'SCHEMA_VERIFICATION', 'SOURCE_PROVENANCE_VERIFICATION']",Review latest project update and verify missing or inconsistent reporting evidence,2024-07,NOT_ELIGIBLE,,officer-decision-v1,alert-policy-v1
PRH-N24001074,2026-06,,DATA_VERIFICATION_REQUIRED,,WITHHELD,,"['STALE_UPDATE', 'SOURCE_GAP', 'INSUFFICIENT_HISTORY', 'FEATURES_INSUFFICIENT', 'SCHEMA_VERIFICATION', 'SOURCE_PROVENANCE_VERIFICATION']",Review latest project update and verify missing or inconsistent reporting evidence,2023-11,NOT_ELIGIBLE,,officer-decision-v1,alert-policy-v1
PRH-N24001075,2026-06,,DATA_VERIFICATION_REQUIRED,,WITHHELD,,"['STALE_UPDATE', 'SOURCE_GAP', 'INSUFFICIENT_HISTORY', 'FEATURES_INSUFFICIENT', 'SCHEMA_VERIFICATION', 'SOURCE_PROVENANCE_VERIFICATION']",Review latest project update and verify missing or inconsistent reporting evidence,2024-07,NOT_ELIGIBLE,,officer-decision-v1,alert-policy-v1
PRH-N24001078,2026-06,,DATA_VERIFICATION_REQUIRED,,WITHHELD,,"['STALE_UPDATE', 'SOURCE_GAP', 'INSUFFICIENT_HISTORY', 'FEATURES_INSUFFICIENT', 'SCHEMA_VERIFICATION', 'SOURCE_PROVENANCE_VERIFICATION']",Review latest project update and verify missing or inconsistent reporting evidence,2025-05,NOT_ELIGIBLE,,officer-decision-v1,alert-policy-v1
PRH-N24001079,2026-06,,DATA_VERIFICATION_REQUIRED,,WITHHELD,,"['STALE_UPDATE', 'SOURCE_GAP', 'INSUFFICIENT_HISTORY', 'FEATURES_INSUFFICIENT', 'SCHEMA_VERIFICATION', 'SOURCE_PROVENANCE_VERIFICATION']",Review latest project update and verify missing or inconsistent reporting evidence,2025-05,NOT_ELIGIBLE,,officer-decision-v1,alert-policy-v1
PRH-N24001080,2026-06,,DATA_VERIFICATION_REQUIRED,,WITHHELD,,"['STALE_UPDATE', 'SOURCE_GAP', 'INSUFFICIENT_HISTORY', 'FEATURES_INSUFFICIENT', 'SCHEMA_VERIFICATION', 'SOURCE_PROVENANCE_VERIFICATION']",Review latest project update and verify missing or inconsistent reporting evidence,2025-05,NOT_ELIGIBLE,,officer-decision-v1,alert-policy-v1
PRH-N24001081,2026-06,,DATA_VERIFICATION_REQUIRED,,WITHHELD,,"['STALE_UPDATE', 'SOURCE_GAP', 'INSUFFICIENT_HISTORY', 'FEATURES_INSUFFICIENT', 'SCHEMA_VERIFICATION', 'SOURCE_PROVENANCE_VERIFICATION']",Review latest project update and verify missing or inconsistent reporting evidence,2025-03,NOT_ELIGIBLE,,officer-decision-v1,alert-policy-v1
PRH-N24001083,2026-06,,DATA_VERIFICATION_REQUIRED,,WITHHELD,,"['STALE_UPDATE', 'SOURCE_GAP', 'INSUFFICIENT_HISTORY', 'FEATURES_INSUFFICIENT', 'SCHEMA_VERIFICATION', 'SOURCE_PROVENANCE_VERIFICATION']",Review latest project update and verify missing or inconsistent reporting evidence,2023-08,NOT_ELIGIBLE,,officer-decision-v1,alert-policy-v1
PRH-N24001086,2026-06,,DATA_VERIFICATION_REQUIRED,,WITHHELD,,"['STALE_UPDATE', 'SOURCE_GAP', 'INSUFFICIENT_HISTORY', 'FEATURES_INSUFFICIENT', 'SCHEMA_VERIFICATION', 'SOURCE_PROVENANCE_VERIFICATION']",Review latest project update and verify missing or inconsistent reporting evidence,2023-08,NOT_ELIGIBLE,,officer-decision-v1,alert-policy-v1
PRH-N24001088,2026-06,,DATA_VERIFICATION_REQUIRED,,WITHHELD,,"['STALE_UPDATE', 'SOURCE_GAP', 'INSUFFICIENT_HISTORY', 'FEATURES_INSUFFICIENT', 'SCHEMA_VERIFICATION', 'SOURCE_PROVENANCE_VERIFICATION']",Review latest project update and verify missing or inconsistent reporting evidence,2023-11,NOT_ELIGIBLE,,officer-decision-v1,alert-policy-v1
PRH-N24001089,2026-06,,DATA_VERIFICATION_REQUIRED,,WITHHELD,,"['STALE_UPDATE', 'SOURCE_GAP', 'INSUFFICIENT_HISTORY', 'FEATURES_INSUFFICIENT', 'SCHEMA_VERIFICATION', 'SOURCE_PROVENANCE_VERIFICATION']",Review latest project update and verify missing or inconsistent reporting evidence,2023-08,NOT_ELIGIBLE,,officer-decision-v1,alert-policy-v1
PRH-N24001090,2026-06,,DATA_VERIFICATION_REQUIRED,,WITHHELD,,"['STALE_UPDATE', 'SOURCE_GAP', 'INSUFFICIENT_HISTORY', 'FEATURES_INSUFFICIENT', 'SCHEMA_VERIFICATION', 'SOURCE_PROVENANCE_VERIFICATION']",Review latest project update and verify missing or inconsistent reporting evidence,2025-05,NOT_ELIGIBLE,,officer-decision-v1,alert-policy-v1
PRH-N24001092,2026-06,,DATA_VERIFICATION_REQUIRED,,WITHHELD,,"['STALE_UPDATE', 'SOURCE_GAP', 'INSUFFICIENT_HISTORY', 'FEATURES_INSUFFICIENT', 'SCHEMA_VERIFICATION', 'SOURCE_PROVENANCE_VERIFICATION']",Review latest project update and verify missing or inconsistent reporting evidence,2025-06,NOT_ELIGIBLE,,officer-decision-v1,alert-policy-v1
PRH-N24001093,2026-06,,DATA_VERIFICATION_REQUIRED,,WITHHELD,,"['STALE_UPDATE', 'SOURCE_GAP', 'INSUFFICIENT_HISTORY', 'FEATURES_INSUFFICIENT', 'SCHEMA_VERIFICATION', 'SOURCE_PROVENANCE_VERIFICATION']",Review latest project update and verify missing or inconsistent reporting evidence,2023-08,NOT_ELIGIBLE,,officer-decision-v1,alert-policy-v1
PRH-N24001094,2026-06,,DATA_VERIFICATION_REQUIRED,,WITHHELD,,"['STALE_UPDATE', 'SOURCE_GAP', 'INSUFFICIENT_HISTORY', 'FEATURES_INSUFFICIENT', 'SCHEMA_VERIFICATION', 'SOURCE_PROVENANCE_VERIFICATION']",Review latest project update and verify missing or inconsistent reporting evidence,2023-08,NOT_ELIGIBLE,,officer-decision-v1,alert-policy-v1
PRH-N24001095,2026-06,,DATA_VERIFICATION_REQUIRED,,WITHHELD,,"['STALE_UPDATE', 'SOURCE_GAP', 'INSUFFICIENT_HISTORY', 'FEATURES_INSUFFICIENT', 'SCHEMA_VERIFICATION', 'SOURCE_PROVENANCE_VERIFICATION']",Review latest project update and verify missing or inconsistent reporting evidence,2025-03,NOT_ELIGIBLE,,officer-decision-v1,alert-policy-v1
PRH-N24001096,2026-06,,DATA_VERIFICATION_REQUIRED,,WITHHELD,,"['STALE_UPDATE', 'SOURCE_GAP', 'INSUFFICIENT_HISTORY', 'FEATURES_INSUFFICIENT', 'SCHEMA_VERIFICATION', 'SOURCE_PROVENANCE_VERIFICATION']",Review latest project update and verify missing or inconsistent reporting evidence,2023-08,NOT_ELIGIBLE,,officer-decision-v1,alert-policy-v1
PRH-N24001097,2026-06,,DATA_VERIFICATION_REQUIRED,,WITHHELD,,"['STALE_UPDATE', 'SOURCE_GAP', 'INSUFFICIENT_HISTORY', 'FEATURES_INSUFFICIENT', 'SCHEMA_VERIFICATION', 'SOURCE_PROVENANCE_VERIFICATION']",Review latest project update and verify missing or inconsistent reporting evidence,2025-03,NOT_ELIGIBLE,,officer-decision-v1,alert-policy-v1
PRH-N24001098,2026-06,,DATA_VERIFICATION_REQUIRED,,WITHHELD,,"['STALE_UPDATE', 'SOURCE_GAP', 'INSUFFICIENT_HISTORY', 'FEATURES_INSUFFICIENT', 'SCHEMA_VERIFICATION', 'SOURCE_PROVENANCE_VERIFICATION']",Review latest project update and verify missing or inconsistent reporting evidence,2023-08,NOT_ELIGIBLE,,officer-decision-v1,alert-policy-v1
PRH-N24001099,2026-06,,DATA_VERIFICATION_REQUIRED,,WITHHELD,,"['STALE_UPDATE', 'SOURCE_GAP', 'INSUFFICIENT_HISTORY', 'FEATURES_INSUFFICIENT', 'SCHEMA_VERIFICATION', 'SOURCE_PROVENANCE_VERIFICATION']",Review latest project update and verify missing or inconsistent reporting evidence,2025-06,NOT_ELIGIBLE,,officer-decision-v1,alert-policy-v1
PRH-N24001101,2026-06,,DATA_VERIFICATION_REQUIRED,,WITHHELD,,"['STALE_UPDATE', 'SOURCE_GAP', 'INSUFFICIENT_HISTORY', 'FEATURES_INSUFFICIENT', 'SCHEMA_VERIFICATION', 'SOURCE_PROVENANCE_VERIFICATION']",Review latest project update and verify missing or inconsistent reporting evidence,2025-05,NOT_ELIGIBLE,,officer-decision-v1,alert-policy-v1
PRH-N24001102,2026-06,,DATA_VERIFICATION_REQUIRED,,WITHHELD,,"['STALE_UPDATE', 'SOURCE_GAP', 'INSUFFICIENT_HISTORY', 'FEATURES_INSUFFICIENT', 'SCHEMA_VERIFICATION', 'SOURCE_PROVENANCE_VERIFICATION']",Review latest project update and verify missing or inconsistent reporting evidence,2025-05,NOT_ELIGIBLE,,officer-decision-v1,alert-policy-v1
PRH-N24001103,2026-06,,DATA_VERIFICATION_REQUIRED,,WITHHELD,,"['STALE_UPDATE', 'SOURCE_GAP', 'INSUFFICIENT_HISTORY', 'FEATURES_INSUFFICIENT', 'SCHEMA_VERIFICATION', 'SOURCE_PROVENANCE_VERIFICATION']",Review latest project update and verify missing or inconsistent reporting evidence,2023-08,NOT_ELIGIBLE,,officer-decision-v1,alert-policy-v1
PRH-N24001104,2026-06,,DATA_VERIFICATION_REQUIRED,,WITHHELD,,"['STALE_UPDATE', 'SOURCE_GAP', 'INSUFFICIENT_HISTORY', 'FEATURES_INSUFFICIENT', 'SCHEMA_VERIFICATION', 'SOURCE_PROVENANCE_VERIFICATION']",Review latest project update and verify missing or inconsistent reporting evidence,2023-11,NOT_ELIGIBLE,,officer-decision-v1,alert-policy-v1
PRH-N24001105,2026-06,,NO_REVIEW_SIGNAL,,WITHHELD,,['COMPLETED_PROJECT'],,2024-07,NOT_ELIGIBLE,,officer-decision-v1,alert-policy-v1
PRH-N24001111,2026-06,,DATA_VERIFICATION_REQUIRED,,WITHHELD,,"['STALE_UPDATE', 'SOURCE_GAP', 'INSUFFICIENT_HISTORY', 'FEATURES_INSUFFICIENT', 'SCHEMA_VERIFICATION', 'SOURCE_PROVENANCE_VERIFICATION']",Review latest project update and verify missing or inconsistent reporting evidence,2025-03,NOT_ELIGIBLE,,officer-decision-v1,alert-policy-v1
PRH-N24001113,2026-06,,DATA_VERIFICATION_REQUIRED,,WITHHELD,,"['STALE_UPDATE', 'SOURCE_GAP', 'INSUFFICIENT_HISTORY', 'FEATURES_INSUFFICIENT', 'SCHEMA_VERIFICATION', 'SOURCE_PROVENANCE_VERIFICATION']",Review latest project update and verify missing or inconsistent reporting evidence,2024-07,NOT_ELIGIBLE,,officer-decision-v1,alert-policy-v1
PRH-N24001114,2026-06,,DATA_VERIFICATION_REQUIRED,,WITHHELD,,"['STALE_UPDATE', 'SOURCE_GAP', 'INSUFFICIENT_HISTORY', 'FEATURES_INSUFFICIENT', 'SCHEMA_VERIFICATION', 'SOURCE_PROVENANCE_VERIFICATION']",Review latest project update and verify missing or inconsistent reporting evidence,2025-06,NOT_ELIGIBLE,,officer-decision-v1,alert-policy-v1
PRH-N24001115,2026-06,,DATA_VERIFICATION_REQUIRED,,WITHHELD,,"['STALE_UPDATE', 'SOURCE_GAP', 'INSUFFICIENT_HISTORY', 'FEATURES_INSUFFICIENT', 'SCHEMA_VERIFICATION', 'SOURCE_PROVENANCE_VERIFICATION']",Review latest project update and verify missing or inconsistent reporting evidence,2023-08,NOT_ELIGIBLE,,officer-decision-v1,alert-policy-v1
PRH-N24001116,2026-06,,DATA_VERIFICATION_REQUIRED,,WITHHELD,,"['STALE_UPDATE', 'SOURCE_GAP', 'INSUFFICIENT_HISTORY', 'FEATURES_INSUFFICIENT', 'SCHEMA_VERIFICATION', 'SOURCE_PROVENANCE_VERIFICATION']",Review latest project update and verify missing or inconsistent reporting evidence,2023-08,NOT_ELIGIBLE,,officer-decision-v1,alert-policy-v1
PRH-N24001117,2026-06,,DATA_VERIFICATION_REQUIRED,,WITHHELD,,"['STALE_UPDATE', 'SOURCE_GAP', 'INSUFFICIENT_HISTORY', 'FEATURES_INSUFFICIENT', 'SCHEMA_VERIFICATION', 'SOURCE_PROVENANCE_VERIFICATION']",Review latest project update and verify missing or inconsistent reporting evidence,2023-08,NOT_ELIGIBLE,,officer-decision-v1,alert-policy-v1
PRH-N24001118,2026-06,,DATA_VERIFICATION_REQUIRED,,WITHHELD,,"['STALE_UPDATE', 'SOURCE_GAP', 'INSUFFICIENT_HISTORY', 'FEATURES_INSUFFICIENT', 'SCHEMA_VERIFICATION', 'SOURCE_PROVENANCE_VERIFICATION']",Review latest project update and verify missing or inconsistent reporting evidence,2023-08,NOT_ELIGIBLE,,officer-decision-v1,alert-policy-v1
PRH-N24001124,2026-06,,DATA_VERIFICATION_REQUIRED,,WITHHELD,,"['STALE_UPDATE', 'SOURCE_GAP', 'INSUFFICIENT_HISTORY', 'FEATURES_INSUFFICIENT', 'SCHEMA_VERIFICATION', 'SOURCE_PROVENANCE_VERIFICATION']",Review latest project update and verify missing or inconsistent reporting evidence,2025-06,NOT_ELIGIBLE,,officer-decision-v1,alert-policy-v1
PRH-N24001125,2026-06,,DATA_VERIFICATION_REQUIRED,,WITHHELD,,"['STALE_UPDATE', 'SOURCE_GAP', 'INSUFFICIENT_HISTORY', 'FEATURES_INSUFFICIENT', 'SCHEMA_VERIFICATION', 'SOURCE_PROVENANCE_VERIFICATION']",Review latest project update and verify missing or inconsistent reporting evidence,2025-06,NOT_ELIGIBLE,,officer-decision-v1,alert-policy-v1
PRH-N24001126,2026-06,,DATA_VERIFICATION_REQUIRED,,WITHHELD,,"['STALE_UPDATE', 'SOURCE_GAP', 'INSUFFICIENT_HISTORY', 'FEATURES_INSUFFICIENT', 'SCHEMA_VERIFICATION', 'SOURCE_PROVENANCE_VERIFICATION']",Review latest project update and verify missing or inconsistent reporting evidence,2024-07,NOT_ELIGIBLE,,officer-decision-v1,alert-policy-v1
PRH-N24001127,2026-06,,DATA_VERIFICATION_REQUIRED,,WITHHELD,,"['STALE_UPDATE', 'SOURCE_GAP', 'INSUFFICIENT_HISTORY', 'FEATURES_INSUFFICIENT', 'SCHEMA_VERIFICATION', 'SOURCE_PROVENANCE_VERIFICATION']",Review latest project update and verify missing or inconsistent reporting evidence,2025-03,NOT_ELIGIBLE,,officer-decision-v1,alert-policy-v1
PRH-N24001128,2026-06,,DATA_VERIFICATION_REQUIRED,,WITHHELD,,"['STALE_UPDATE', 'SOURCE_GAP', 'INSUFFICIENT_HISTORY', 'FEATURES_INSUFFICIENT', 'SCHEMA_VERIFICATION', 'SOURCE_PROVENANCE_VERIFICATION']",Review latest project update and verify missing or inconsistent reporting evidence,2023-08,NOT_ELIGIBLE,,officer-decision-v1,alert-policy-v1
PRH-N24001130,2026-06,,NO_REVIEW_SIGNAL,,WITHHELD,,['COMPLETED_PROJECT'],,2025-06,NOT_ELIGIBLE,,officer-decision-v1,alert-policy-v1
PRH-N24001133,2026-06,,DATA_VERIFICATION_REQUIRED,,WITHHELD,,"['STALE_UPDATE', 'SOURCE_GAP', 'INSUFFICIENT_HISTORY', 'FEATURES_INSUFFICIENT', 'SCHEMA_VERIFICATION', 'SOURCE_PROVENANCE_VERIFICATION']",Review latest project update and verify missing or inconsistent reporting evidence,2023-08,NOT_ELIGIBLE,,officer-decision-v1,alert-policy-v1
PRH-N24001135,2026-06,,DATA_VERIFICATION_REQUIRED,,WITHHELD,,"['STALE_UPDATE', 'SOURCE_GAP', 'INSUFFICIENT_HISTORY', 'FEATURES_INSUFFICIENT', 'SCHEMA_VERIFICATION', 'SOURCE_PROVENANCE_VERIFICATION']",Review latest project update and verify missing or inconsistent reporting evidence,2023-08,NOT_ELIGIBLE,,officer-decision-v1,alert-policy-v1
PRH-N24001137,2026-06,,DATA_VERIFICATION_REQUIRED,,WITHHELD,,"['STALE_UPDATE', 'SOURCE_GAP', 'INSUFFICIENT_HISTORY', 'FEATURES_INSUFFICIENT', 'SCHEMA_VERIFICATION', 'SOURCE_PROVENANCE_VERIFICATION']",Review latest project update and verify missing or inconsistent reporting evidence,2023-08,NOT_ELIGIBLE,,officer-decision-v1,alert-policy-v1
PRH-N24001138,2026-06,,NO_REVIEW_SIGNAL,,WITHHELD,,['COMPLETED_PROJECT'],,2025-05,NOT_ELIGIBLE,,officer-decision-v1,alert-policy-v1
PRH-N24001149,2026-06,,DATA_VERIFICATION_REQUIRED,,WITHHELD,,"['STALE_UPDATE', 'SOURCE_GAP', 'INSUFFICIENT_HISTORY', 'FEATURES_INSUFFICIENT', 'SCHEMA_VERIFICATION', 'SOURCE_PROVENANCE_VERIFICATION']",Review latest project update and verify missing or inconsistent reporting evidence,2023-08,NOT_ELIGIBLE,,officer-decision-v1,alert-policy-v1
PRH-N24001150,2026-06,,DATA_VERIFICATION_REQUIRED,,WITHHELD,,"['STALE_UPDATE', 'SOURCE_GAP', 'INSUFFICIENT_HISTORY', 'FEATURES_INSUFFICIENT', 'SCHEMA_VERIFICATION', 'SOURCE_PROVENANCE_VERIFICATION']",Review latest project update and verify missing or inconsistent reporting evidence,2024-07,NOT_ELIGIBLE,,officer-decision-v1,alert-policy-v1
PRH-N24001151,2026-06,,DATA_VERIFICATION_REQUIRED,,WITHHELD,,"['STALE_UPDATE', 'SOURCE_GAP', 'INSUFFICIENT_HISTORY', 'FEATURES_INSUFFICIENT', 'SCHEMA_VERIFICATION', 'SOURCE_PROVENANCE_VERIFICATION']",Review latest project update and verify missing or inconsistent reporting evidence,2024-03,NOT_ELIGIBLE,,officer-decision-v1,alert-policy-v1
PRH-N24001156,2026-06,,NO_REVIEW_SIGNAL,,WITHHELD,,['COMPLETED_PROJECT'],,2025-06,NOT_ELIGIBLE,,officer-decision-v1,alert-policy-v1
PRH-N24001157,2026-06,,DATA_VERIFICATION_REQUIRED,,WITHHELD,,"['STALE_UPDATE', 'SOURCE_GAP', 'INSUFFICIENT_HISTORY', 'FEATURES_INSUFFICIENT', 'SCHEMA_VERIFICATION', 'SOURCE_PROVENANCE_VERIFICATION']",Review latest project update and verify missing or inconsistent reporting evidence,2025-06,NOT_ELIGIBLE,,officer-decision-v1,alert-policy-v1
PRH-N24001158,2026-06,,NO_REVIEW_SIGNAL,,WITHHELD,,['COMPLETED_PROJECT'],,2025-06,NOT_ELIGIBLE,,officer-decision-v1,alert-policy-v1
PRH-N24001159,2026-06,,NO_REVIEW_SIGNAL,,WITHHELD,,['COMPLETED_PROJECT'],,2025-06,NOT_ELIGIBLE,,officer-decision-v1,alert-policy-v1
PRH-N24001160,2026-06,,NO_REVIEW_SIGNAL,,WITHHELD,,['COMPLETED_PROJECT'],,2025-06,NOT_ELIGIBLE,,officer-decision-v1,alert-policy-v1
PRH-N24001161,2026-06,,NO_REVIEW_SIGNAL,,WITHHELD,,['COMPLETED_PROJECT'],,2025-06,NOT_ELIGIBLE,,officer-decision-v1,alert-policy-v1
PRH-N24001162,2026-06,,NO_REVIEW_SIGNAL,,WITHHELD,,['COMPLETED_PROJECT'],,2025-06,NOT_ELIGIBLE,,officer-decision-v1,alert-policy-v1
PRH-N24001164,2026-06,,NO_REVIEW_SIGNAL,,WITHHELD,,['COMPLETED_PROJECT'],,2025-06,NOT_ELIGIBLE,,officer-decision-v1,alert-policy-v1
PRH-N24001165,2026-06,,NO_REVIEW_SIGNAL,,WITHHELD,,['COMPLETED_PROJECT'],,2025-06,NOT_ELIGIBLE,,officer-decision-v1,alert-policy-v1
PRH-N24001166,2026-06,,DATA_VERIFICATION_REQUIRED,,WITHHELD,,"['STALE_UPDATE', 'SOURCE_GAP', 'INSUFFICIENT_HISTORY', 'FEATURES_INSUFFICIENT', 'SCHEMA_VERIFICATION', 'SOURCE_PROVENANCE_VERIFICATION']",Review latest project update and verify missing or inconsistent reporting evidence,2025-06,NOT_ELIGIBLE,,officer-decision-v1,alert-policy-v1
PRH-N24001168,2026-06,,NO_REVIEW_SIGNAL,,WITHHELD,,['COMPLETED_PROJECT'],,2025-06,NOT_ELIGIBLE,,officer-decision-v1,alert-policy-v1
PRH-N24001172,2026-06,,NO_REVIEW_SIGNAL,,WITHHELD,,['COMPLETED_PROJECT'],,2025-06,NOT_ELIGIBLE,,officer-decision-v1,alert-policy-v1
PRH-N24001173,2026-06,,DATA_VERIFICATION_REQUIRED,,WITHHELD,,"['STALE_UPDATE', 'SOURCE_GAP', 'INSUFFICIENT_HISTORY', 'FEATURES_INSUFFICIENT', 'SCHEMA_VERIFICATION', 'SOURCE_PROVENANCE_VERIFICATION']",Review latest project update and verify missing or inconsistent reporting evidence,2025-06,NOT_ELIGIBLE,,officer-decision-v1,alert-policy-v1
PRH-N24001179,2026-06,,NO_REVIEW_SIGNAL,,WITHHELD,,['COMPLETED_PROJECT'],,2025-04,NOT_ELIGIBLE,,officer-decision-v1,alert-policy-v1
PRH-N24001180,2026-06,,NO_REVIEW_SIGNAL,,WITHHELD,,['COMPLETED_PROJECT'],,2025-04,NOT_ELIGIBLE,,officer-decision-v1,alert-policy-v1
PRH-N24001181,2026-06,,DATA_VERIFICATION_REQUIRED,,WITHHELD,,"['STALE_UPDATE', 'SOURCE_GAP', 'INSUFFICIENT_HISTORY', 'FEATURES_INSUFFICIENT', 'SCHEMA_VERIFICATION', 'SOURCE_PROVENANCE_VERIFICATION']",Review latest project update and verify missing or inconsistent reporting evidence,2023-07,NOT_ELIGIBLE,,officer-decision-v1,alert-policy-v1
PRH-N24001185,2026-06,,NO_REVIEW_SIGNAL,,WITHHELD,,['COMPLETED_PROJECT'],,2024-12,NOT_ELIGIBLE,,officer-decision-v1,alert-policy-v1
PRH-N24001194,2026-06,,DATA_VERIFICATION_REQUIRED,,WITHHELD,,"['STALE_UPDATE', 'SOURCE_GAP', 'INSUFFICIENT_HISTORY', 'FEATURES_INSUFFICIENT', 'SCHEMA_VERIFICATION', 'SOURCE_PROVENANCE_VERIFICATION']",Review latest project update and verify missing or inconsistent reporting evidence,2023-09,NOT_ELIGIBLE,,officer-decision-v1,alert-policy-v1
PRH-N24001196,2026-06,,DATA_VERIFICATION_REQUIRED,,WITHHELD,,"['STALE_UPDATE', 'SOURCE_GAP', 'INSUFFICIENT_HISTORY', 'FEATURES_INSUFFICIENT', 'SCHEMA_VERIFICATION', 'SOURCE_PROVENANCE_VERIFICATION']",Review latest project update and verify missing or inconsistent reporting evidence,2024-01,NOT_ELIGIBLE,,officer-decision-v1,alert-policy-v1
PRH-N24001197,2026-06,,DATA_VERIFICATION_REQUIRED,,WITHHELD,,"['STALE_UPDATE', 'SOURCE_GAP', 'INSUFFICIENT_HISTORY', 'FEATURES_INSUFFICIENT', 'SCHEMA_VERIFICATION', 'SOURCE_PROVENANCE_VERIFICATION']",Review latest project update and verify missing or inconsistent reporting evidence,2024-03,NOT_ELIGIBLE,,officer-decision-v1,alert-policy-v1
PRH-N24001198,2026-06,,DATA_VERIFICATION_REQUIRED,,WITHHELD,,"['STALE_UPDATE', 'SOURCE_GAP', 'INSUFFICIENT_HISTORY', 'FEATURES_INSUFFICIENT', 'SCHEMA_VERIFICATION', 'SOURCE_PROVENANCE_VERIFICATION']",Review latest project update and verify missing or inconsistent reporting evidence,2023-08,NOT_ELIGIBLE,,officer-decision-v1,alert-policy-v1
PRH-N24001199,2026-06,,DATA_VERIFICATION_REQUIRED,,WITHHELD,,"['STALE_UPDATE', 'SOURCE_GAP', 'INSUFFICIENT_HISTORY', 'FEATURES_INSUFFICIENT', 'SCHEMA_VERIFICATION', 'SOURCE_PROVENANCE_VERIFICATION']",Review latest project update and verify missing or inconsistent reporting evidence,2024-03,NOT_ELIGIBLE,,officer-decision-v1,alert-policy-v1
PRH-N24001210,2026-06,,DATA_VERIFICATION_REQUIRED,,WITHHELD,,"['STALE_UPDATE', 'SOURCE_GAP', 'INSUFFICIENT_HISTORY', 'FEATURES_INSUFFICIENT', 'SCHEMA_VERIFICATION', 'SOURCE_PROVENANCE_VERIFICATION']",Review latest project update and verify missing or inconsistent reporting evidence,2024-02,NOT_ELIGIBLE,,officer-decision-v1,alert-policy-v1
PRH-N24001212,2026-06,,DATA_VERIFICATION_REQUIRED,,WITHHELD,,"['STALE_UPDATE', 'SOURCE_GAP', 'INSUFFICIENT_HISTORY', 'FEATURES_INSUFFICIENT', 'SCHEMA_VERIFICATION', 'SOURCE_PROVENANCE_VERIFICATION']",Review latest project update and verify missing or inconsistent reporting evidence,2024-07,NOT_ELIGIBLE,,officer-decision-v1,alert-policy-v1
PRH-N24001213,2026-06,,DATA_VERIFICATION_REQUIRED,,WITHHELD,,"['STALE_UPDATE', 'SOURCE_GAP', 'INSUFFICIENT_HISTORY', 'FEATURES_INSUFFICIENT', 'SCHEMA_VERIFICATION', 'SOURCE_PROVENANCE_VERIFICATION']",Review latest project update and verify missing or inconsistent reporting evidence,2024-03,NOT_ELIGIBLE,,officer-decision-v1,alert-policy-v1
PRH-N24001214,2026-06,,DATA_VERIFICATION_REQUIRED,,WITHHELD,,"['STALE_UPDATE', 'SOURCE_GAP', 'INSUFFICIENT_HISTORY', 'FEATURES_INSUFFICIENT', 'SCHEMA_VERIFICATION', 'SOURCE_PROVENANCE_VERIFICATION']",Review latest project update and verify missing or inconsistent reporting evidence,2024-07,NOT_ELIGIBLE,,officer-decision-v1,alert-policy-v1
PRH-N24001216,2026-06,,DATA_VERIFICATION_REQUIRED,,WITHHELD,,"['STALE_UPDATE', 'SOURCE_GAP', 'INSUFFICIENT_HISTORY', 'FEATURES_INSUFFICIENT', 'SCHEMA_VERIFICATION', 'SOURCE_PROVENANCE_VERIFICATION']",Review latest project update and verify missing or inconsistent reporting evidence,2025-06,NOT_ELIGIBLE,,officer-decision-v1,alert-policy-v1
PRH-N24001217,2026-06,,DATA_VERIFICATION_REQUIRED,,WITHHELD,,"['STALE_UPDATE', 'SOURCE_GAP', 'INSUFFICIENT_HISTORY', 'FEATURES_INSUFFICIENT', 'SCHEMA_VERIFICATION', 'SOURCE_PROVENANCE_VERIFICATION']",Review latest project update and verify missing or inconsistent reporting evidence,2025-06,NOT_ELIGIBLE,,officer-decision-v1,alert-policy-v1
PRH-N24001218,2026-06,,NO_REVIEW_SIGNAL,,WITHHELD,,['COMPLETED_PROJECT'],,2024-07,NOT_ELIGIBLE,,officer-decision-v1,alert-policy-v1
PRH-N24001219,2026-06,,NO_REVIEW_SIGNAL,,WITHHELD,,['COMPLETED_PROJECT'],,2024-07,NOT_ELIGIBLE,,officer-decision-v1,alert-policy-v1
PRH-N24001221,2026-06,,NO_REVIEW_SIGNAL,,WITHHELD,,['COMPLETED_PROJECT'],,2025-06,NOT_ELIGIBLE,,officer-decision-v1,alert-policy-v1
PRH-N24001222,2026-06,,DATA_VERIFICATION_REQUIRED,,WITHHELD,,"['STALE_UPDATE', 'SOURCE_GAP', 'INSUFFICIENT_HISTORY', 'FEATURES_INSUFFICIENT', 'SCHEMA_VERIFICATION', 'SOURCE_PROVENANCE_VERIFICATION']",Review latest project update and verify missing or inconsistent reporting evidence,2025-06,NOT_ELIGIBLE,,officer-decision-v1,alert-policy-v1
PRH-N24001224,2026-06,,DATA_VERIFICATION_REQUIRED,,WITHHELD,,"['STALE_UPDATE', 'SOURCE_GAP', 'INSUFFICIENT_HISTORY', 'FEATURES_INSUFFICIENT', 'SCHEMA_VERIFICATION', 'SOURCE_PROVENANCE_VERIFICATION']",Review latest project update and verify missing or inconsistent reporting evidence,2024-03,NOT_ELIGIBLE,,officer-decision-v1,alert-policy-v1
PRH-N24001226,2026-06,,DATA_VERIFICATION_REQUIRED,,WITHHELD,,"['STALE_UPDATE', 'SOURCE_GAP', 'INSUFFICIENT_HISTORY', 'FEATURES_INSUFFICIENT', 'SCHEMA_VERIFICATION', 'SOURCE_PROVENANCE_VERIFICATION']",Review latest project update and verify missing or inconsistent reporting evidence,2024-03,NOT_ELIGIBLE,,officer-decision-v1,alert-policy-v1
PRH-N24001231,2026-06,,DATA_VERIFICATION_REQUIRED,,WITHHELD,,"['STALE_UPDATE', 'SOURCE_GAP', 'INSUFFICIENT_HISTORY', 'FEATURES_INSUFFICIENT', 'SCHEMA_VERIFICATION', 'SOURCE_PROVENANCE_VERIFICATION']",Review latest project update and verify missing or inconsistent reporting evidence,2024-03,NOT_ELIGIBLE,,officer-decision-v1,alert-policy-v1
PRH-N24001232,2026-06,,DATA_VERIFICATION_REQUIRED,,WITHHELD,,"['STALE_UPDATE', 'SOURCE_GAP', 'INSUFFICIENT_HISTORY', 'FEATURES_INSUFFICIENT', 'SCHEMA_VERIFICATION', 'SOURCE_PROVENANCE_VERIFICATION']",Review latest project update and verify missing or inconsistent reporting evidence,2024-03,NOT_ELIGIBLE,,officer-decision-v1,alert-policy-v1
PRH-N24001233,2026-06,,DATA_VERIFICATION_REQUIRED,,WITHHELD,,"['STALE_UPDATE', 'SOURCE_GAP', 'INSUFFICIENT_HISTORY', 'FEATURES_INSUFFICIENT', 'SCHEMA_VERIFICATION', 'SOURCE_PROVENANCE_VERIFICATION']",Review latest project update and verify missing or inconsistent reporting evidence,2024-03,NOT_ELIGIBLE,,officer-decision-v1,alert-policy-v1
PRH-N24001234,2026-06,,DATA_VERIFICATION_REQUIRED,,WITHHELD,,"['STALE_UPDATE', 'SOURCE_GAP', 'INSUFFICIENT_HISTORY', 'FEATURES_INSUFFICIENT', 'SCHEMA_VERIFICATION', 'SOURCE_PROVENANCE_VERIFICATION']",Review latest project update and verify missing or inconsistent reporting evidence,2024-03,NOT_ELIGIBLE,,officer-decision-v1,alert-policy-v1
PRH-N24001236,2026-06,,DATA_VERIFICATION_REQUIRED,,WITHHELD,,"['STALE_UPDATE', 'SOURCE_GAP', 'INSUFFICIENT_HISTORY', 'FEATURES_INSUFFICIENT', 'SCHEMA_VERIFICATION', 'SOURCE_PROVENANCE_VERIFICATION']",Review latest project update and verify missing or inconsistent reporting evidence,2023-08,NOT_ELIGIBLE,,officer-decision-v1,alert-policy-v1
PRH-N24001241,2026-06,,DATA_VERIFICATION_REQUIRED,,WITHHELD,,"['STALE_UPDATE', 'SOURCE_GAP', 'INSUFFICIENT_HISTORY', 'FEATURES_INSUFFICIENT', 'SCHEMA_VERIFICATION', 'SOURCE_PROVENANCE_VERIFICATION']",Review latest project update and verify missing or inconsistent reporting evidence,2025-01,NOT_ELIGIBLE,,officer-decision-v1,alert-policy-v1
PRH-N24001242,2026-06,,DATA_VERIFICATION_REQUIRED,,WITHHELD,,"['STALE_UPDATE', 'SOURCE_GAP', 'INSUFFICIENT_HISTORY', 'FEATURES_INSUFFICIENT', 'SCHEMA_VERIFICATION', 'SOURCE_PROVENANCE_VERIFICATION']",Review latest project update and verify missing or inconsistent reporting evidence,2024-03,NOT_ELIGIBLE,,officer-decision-v1,alert-policy-v1
PRH-N24001244,2026-06,,NO_REVIEW_SIGNAL,,WITHHELD,,['COMPLETED_PROJECT'],,2025-06,NOT_ELIGIBLE,,officer-decision-v1,alert-policy-v1
PRH-N24001245,2026-06,,DATA_VERIFICATION_REQUIRED,,WITHHELD,,"['STALE_UPDATE', 'SOURCE_GAP', 'INSUFFICIENT_HISTORY', 'FEATURES_INSUFFICIENT', 'SCHEMA_VERIFICATION', 'SOURCE_PROVENANCE_VERIFICATION']",Review latest project update and verify missing or inconsistent reporting evidence,2024-11,NOT_ELIGIBLE,,officer-decision-v1,alert-policy-v1
PRH-N24001247,2026-06,,DATA_VERIFICATION_REQUIRED,,WITHHELD,,"['STALE_UPDATE', 'SOURCE_GAP', 'INSUFFICIENT_HISTORY', 'FEATURES_INSUFFICIENT', 'SCHEMA_VERIFICATION', 'SOURCE_PROVENANCE_VERIFICATION']",Review latest project update and verify missing or inconsistent reporting evidence,2024-03,NOT_ELIGIBLE,,officer-decision-v1,alert-policy-v1
PRH-N24001248,2026-06,,NO_REVIEW_SIGNAL,,WITHHELD,,['COMPLETED_PROJECT'],,2024-12,NOT_ELIGIBLE,,officer-decision-v1,alert-policy-v1
PRH-N24001249,2026-06,,DATA_VERIFICATION_REQUIRED,,WITHHELD,,"['STALE_UPDATE', 'SOURCE_GAP', 'INSUFFICIENT_HISTORY', 'FEATURES_INSUFFICIENT', 'SCHEMA_VERIFICATION', 'SOURCE_PROVENANCE_VERIFICATION']",Review latest project update and verify missing or inconsistent reporting evidence,2023-10,NOT_ELIGIBLE,,officer-decision-v1,alert-policy-v1
PRH-N24001253,2026-06,,DATA_VERIFICATION_REQUIRED,,WITHHELD,,"['STALE_UPDATE', 'SOURCE_GAP', 'INSUFFICIENT_HISTORY', 'FEATURES_INSUFFICIENT', 'SCHEMA_VERIFICATION', 'SOURCE_PROVENANCE_VERIFICATION']",Review latest project update and verify missing or inconsistent reporting evidence,2024-11,NOT_ELIGIBLE,,officer-decision-v1,alert-policy-v1
PRH-N24001254,2026-06,,NO_REVIEW_SIGNAL,,WITHHELD,,['COMPLETED_PROJECT'],,2025-05,NOT_ELIGIBLE,,officer-decision-v1,alert-policy-v1
PRH-N24001259,2026-06,,DATA_VERIFICATION_REQUIRED,,WITHHELD,,"['STALE_UPDATE', 'SOURCE_GAP', 'INSUFFICIENT_HISTORY', 'FEATURES_INSUFFICIENT', 'SCHEMA_VERIFICATION', 'SOURCE_PROVENANCE_VERIFICATION']",Review latest project update and verify missing or inconsistent reporting evidence,2025-04,NOT_ELIGIBLE,,officer-decision-v1,alert-policy-v1
PRH-N24001260,2026-06,,DATA_VERIFICATION_REQUIRED,,WITHHELD,,"['STALE_UPDATE', 'SOURCE_GAP', 'INSUFFICIENT_HISTORY', 'FEATURES_INSUFFICIENT', 'SCHEMA_VERIFICATION', 'SOURCE_PROVENANCE_VERIFICATION']",Review latest project update and verify missing or inconsistent reporting evidence,2023-10,NOT_ELIGIBLE,,officer-decision-v1,alert-policy-v1
PRH-N24001263,2026-06,,DATA_VERIFICATION_REQUIRED,,WITHHELD,,"['STALE_UPDATE', 'SOURCE_GAP', 'INSUFFICIENT_HISTORY', 'FEATURES_INSUFFICIENT', 'SCHEMA_VERIFICATION', 'SOURCE_PROVENANCE_VERIFICATION']",Review latest project update and verify missing or inconsistent reporting evidence,2025-06,NOT_ELIGIBLE,,officer-decision-v1,alert-policy-v1
PRH-N24001265,2026-06,,DATA_VERIFICATION_REQUIRED,,WITHHELD,,"['STALE_UPDATE', 'SOURCE_GAP', 'INSUFFICIENT_HISTORY', 'FEATURES_INSUFFICIENT', 'SCHEMA_VERIFICATION', 'SOURCE_PROVENANCE_VERIFICATION']",Review latest project update and verify missing or inconsistent reporting evidence,2024-03,NOT_ELIGIBLE,,officer-decision-v1,alert-policy-v1
PRH-N24001267,2026-06,,DATA_VERIFICATION_REQUIRED,,WITHHELD,,"['STALE_UPDATE', 'SOURCE_GAP', 'INSUFFICIENT_HISTORY', 'FEATURES_INSUFFICIENT', 'SCHEMA_VERIFICATION', 'SOURCE_PROVENANCE_VERIFICATION']",Review latest project update and verify missing or inconsistent reporting evidence,2024-03,NOT_ELIGIBLE,,officer-decision-v1,alert-policy-v1
PRH-N24001268,2026-06,,DATA_VERIFICATION_REQUIRED,,WITHHELD,,"['STALE_UPDATE', 'SOURCE_GAP', 'INSUFFICIENT_HISTORY', 'FEATURES_INSUFFICIENT', 'SCHEMA_VERIFICATION', 'SOURCE_PROVENANCE_VERIFICATION']",Review latest project update and verify missing or inconsistent reporting evidence,2023-11,NOT_ELIGIBLE,,officer-decision-v1,alert-policy-v1
PRH-N24001271,2026-06,,DATA_VERIFICATION_REQUIRED,,WITHHELD,,"['STALE_UPDATE', 'SOURCE_GAP', 'INSUFFICIENT_HISTORY', 'FEATURES_INSUFFICIENT', 'SCHEMA_VERIFICATION', 'SOURCE_PROVENANCE_VERIFICATION']",Review latest project update and verify missing or inconsistent reporting evidence,2025-06,NOT_ELIGIBLE,,officer-decision-v1,alert-policy-v1
PRH-N24001272,2026-06,,DATA_VERIFICATION_REQUIRED,,WITHHELD,,"['STALE_UPDATE', 'SOURCE_GAP', 'INSUFFICIENT_HISTORY', 'FEATURES_INSUFFICIENT', 'SCHEMA_VERIFICATION', 'SOURCE_PROVENANCE_VERIFICATION']",Review latest project update and verify missing or inconsistent reporting evidence,2025-05,NOT_ELIGIBLE,,officer-decision-v1,alert-policy-v1
PRH-N24001273,2026-06,,DATA_VERIFICATION_REQUIRED,,WITHHELD,,"['STALE_UPDATE', 'SOURCE_GAP', 'INSUFFICIENT_HISTORY', 'FEATURES_INSUFFICIENT', 'SCHEMA_VERIFICATION', 'SOURCE_PROVENANCE_VERIFICATION']",Review latest project update and verify missing or inconsistent reporting evidence,2025-05,NOT_ELIGIBLE,,officer-decision-v1,alert-policy-v1
PRH-N24001275,2026-06,,DATA_VERIFICATION_REQUIRED,,WITHHELD,,"['STALE_UPDATE', 'SOURCE_GAP', 'INSUFFICIENT_HISTORY', 'FEATURES_INSUFFICIENT', 'SCHEMA_VERIFICATION', 'SOURCE_PROVENANCE_VERIFICATION']",Review latest project update and verify missing or inconsistent reporting evidence,2024-11,NOT_ELIGIBLE,,officer-decision-v1,alert-policy-v1
PRH-N24001276,2026-06,,DATA_VERIFICATION_REQUIRED,,WITHHELD,,"['STALE_UPDATE', 'SOURCE_GAP', 'INSUFFICIENT_HISTORY', 'FEATURES_INSUFFICIENT', 'SCHEMA_VERIFICATION', 'SOURCE_PROVENANCE_VERIFICATION']",Review latest project update and verify missing or inconsistent reporting evidence,2025-01,NOT_ELIGIBLE,,officer-decision-v1,alert-policy-v1
PRH-N24001277,2026-06,,DATA_VERIFICATION_REQUIRED,,WITHHELD,,"['STALE_UPDATE', 'SOURCE_GAP', 'INSUFFICIENT_HISTORY', 'FEATURES_INSUFFICIENT', 'SCHEMA_VERIFICATION', 'SOURCE_PROVENANCE_VERIFICATION']",Review latest project update and verify missing or inconsistent reporting evidence,2025-03,NOT_ELIGIBLE,,officer-decision-v1,alert-policy-v1
PRH-N24001278,2026-06,,NO_REVIEW_SIGNAL,,WITHHELD,,['COMPLETED_PROJECT'],,2025-06,NOT_ELIGIBLE,,officer-decision-v1,alert-policy-v1
PRH-N24001280,2026-06,,NO_REVIEW_SIGNAL,,WITHHELD,,['COMPLETED_PROJECT'],,2024-07,NOT_ELIGIBLE,,officer-decision-v1,alert-policy-v1
PRH-N24001281,2026-06,,DATA_VERIFICATION_REQUIRED,,WITHHELD,,"['STALE_UPDATE', 'SOURCE_GAP', 'INSUFFICIENT_HISTORY', 'FEATURES_INSUFFICIENT', 'SCHEMA_VERIFICATION', 'SOURCE_PROVENANCE_VERIFICATION']",Review latest project update and verify missing or inconsistent reporting evidence,2025-06,NOT_ELIGIBLE,,officer-decision-v1,alert-policy-v1
PRH-N24001283,2026-06,,NO_REVIEW_SIGNAL,,WITHHELD,,['COMPLETED_PROJECT'],,2024-07,NOT_ELIGIBLE,,officer-decision-v1,alert-policy-v1
PRH-N24001284,2026-06,,DATA_VERIFICATION_REQUIRED,,WITHHELD,,"['STALE_UPDATE', 'SOURCE_GAP', 'INSUFFICIENT_HISTORY', 'FEATURES_INSUFFICIENT', 'SCHEMA_VERIFICATION', 'SOURCE_PROVENANCE_VERIFICATION']",Review latest project update and verify missing or inconsistent reporting evidence,2024-07,NOT_ELIGIBLE,,officer-decision-v1,alert-policy-v1
PRH-N24001285,2026-06,,DATA_VERIFICATION_REQUIRED,,WITHHELD,,"['STALE_UPDATE', 'SOURCE_GAP', 'INSUFFICIENT_HISTORY', 'FEATURES_INSUFFICIENT', 'SCHEMA_VERIFICATION', 'SOURCE_PROVENANCE_VERIFICATION']",Review latest project update and verify missing or inconsistent reporting evidence,2024-03,NOT_ELIGIBLE,,officer-decision-v1,alert-policy-v1
PRH-N24001286,2026-06,,NO_REVIEW_SIGNAL,,WITHHELD,,['COMPLETED_PROJECT'],,2025-05,NOT_ELIGIBLE,,officer-decision-v1,alert-policy-v1
PRH-N24001289,2026-06,,DATA_VERIFICATION_REQUIRED,,WITHHELD,,"['STALE_UPDATE', 'SOURCE_GAP', 'INSUFFICIENT_HISTORY', 'FEATURES_INSUFFICIENT', 'SCHEMA_VERIFICATION', 'SOURCE_PROVENANCE_VERIFICATION']",Review latest project update and verify missing or inconsistent reporting evidence,2023-09,NOT_ELIGIBLE,,officer-decision-v1,alert-policy-v1
PRH-N24001291,2026-06,,NO_REVIEW_SIGNAL,,WITHHELD,,['COMPLETED_PROJECT'],,2025-01,NOT_ELIGIBLE,,officer-decision-v1,alert-policy-v1
PRH-N24001292,2026-06,,NO_REVIEW_SIGNAL,,WITHHELD,,['COMPLETED_PROJECT'],,2025-01,NOT_ELIGIBLE,,officer-decision-v1,alert-policy-v1
PRH-N24001293,2026-06,,NO_REVIEW_SIGNAL,,WITHHELD,,['COMPLETED_PROJECT'],,2025-01,NOT_ELIGIBLE,,officer-decision-v1,alert-policy-v1
PRH-N24001294,2026-06,,DATA_VERIFICATION_REQUIRED,,WITHHELD,,"['STALE_UPDATE', 'SOURCE_GAP', 'INSUFFICIENT_HISTORY', 'FEATURES_INSUFFICIENT', 'SCHEMA_VERIFICATION', 'SOURCE_PROVENANCE_VERIFICATION']",Review latest project update and verify missing or inconsistent reporting evidence,2024-03,NOT_ELIGIBLE,,officer-decision-v1,alert-policy-v1
PRH-N24001296,2026-06,,DATA_VERIFICATION_REQUIRED,,WITHHELD,,"['STALE_UPDATE', 'SOURCE_GAP', 'INSUFFICIENT_HISTORY', 'FEATURES_INSUFFICIENT', 'SCHEMA_VERIFICATION', 'SOURCE_PROVENANCE_VERIFICATION']",Review latest project update and verify missing or inconsistent reporting evidence,2023-09,NOT_ELIGIBLE,,officer-decision-v1,alert-policy-v1
PRH-N24001298,2026-06,,DATA_VERIFICATION_REQUIRED,,WITHHELD,,"['STALE_UPDATE', 'SOURCE_GAP', 'INSUFFICIENT_HISTORY', 'FEATURES_INSUFFICIENT', 'SCHEMA_VERIFICATION', 'SOURCE_PROVENANCE_VERIFICATION']",Review latest project update and verify missing or inconsistent reporting evidence,2023-08,NOT_ELIGIBLE,,officer-decision-v1,alert-policy-v1
PRH-N24001300,2026-06,,DATA_VERIFICATION_REQUIRED,,WITHHELD,,"['STALE_UPDATE', 'SOURCE_GAP', 'INSUFFICIENT_HISTORY', 'FEATURES_INSUFFICIENT', 'SCHEMA_VERIFICATION', 'SOURCE_PROVENANCE_VERIFICATION']",Review latest project update and verify missing or inconsistent reporting evidence,2024-07,NOT_ELIGIBLE,,officer-decision-v1,alert-policy-v1
PRH-N24001303,2026-06,,DATA_VERIFICATION_REQUIRED,,WITHHELD,,"['STALE_UPDATE', 'SOURCE_GAP', 'INSUFFICIENT_HISTORY', 'FEATURES_INSUFFICIENT', 'SCHEMA_VERIFICATION', 'SOURCE_PROVENANCE_VERIFICATION']",Review latest project update and verify missing or inconsistent reporting evidence,2025-06,NOT_ELIGIBLE,,officer-decision-v1,alert-policy-v1
PRH-N24001307,2026-06,,DATA_VERIFICATION_REQUIRED,,WITHHELD,,"['STALE_UPDATE', 'SOURCE_GAP', 'INSUFFICIENT_HISTORY', 'FEATURES_INSUFFICIENT', 'SCHEMA_VERIFICATION', 'SOURCE_PROVENANCE_VERIFICATION']",Review latest project update and verify missing or inconsistent reporting evidence,2023-07,NOT_ELIGIBLE,,officer-decision-v1,alert-policy-v1
PRH-N24001308,2026-06,,DATA_VERIFICATION_REQUIRED,,WITHHELD,,"['STALE_UPDATE', 'SOURCE_GAP', 'INSUFFICIENT_HISTORY', 'FEATURES_INSUFFICIENT', 'SCHEMA_VERIFICATION', 'SOURCE_PROVENANCE_VERIFICATION']",Review latest project update and verify missing or inconsistent reporting evidence,2023-10,NOT_ELIGIBLE,,officer-decision-v1,alert-policy-v1
PRH-N24001309,2026-06,,NO_REVIEW_SIGNAL,,WITHHELD,,['COMPLETED_PROJECT'],,2025-06,NOT_ELIGIBLE,,officer-decision-v1,alert-policy-v1
PRH-N24001310,2026-06,,DATA_VERIFICATION_REQUIRED,,WITHHELD,,"['STALE_UPDATE', 'SOURCE_GAP', 'INSUFFICIENT_HISTORY', 'FEATURES_INSUFFICIENT', 'SCHEMA_VERIFICATION', 'SOURCE_PROVENANCE_VERIFICATION']",Review latest project update and verify missing or inconsistent reporting evidence,2023-10,NOT_ELIGIBLE,,officer-decision-v1,alert-policy-v1
PRH-N24001312,2026-06,,DATA_VERIFICATION_REQUIRED,,WITHHELD,,"['STALE_UPDATE', 'SOURCE_GAP', 'INSUFFICIENT_HISTORY', 'FEATURES_INSUFFICIENT', 'SCHEMA_VERIFICATION', 'SOURCE_PROVENANCE_VERIFICATION']",Review latest project update and verify missing or inconsistent reporting evidence,2023-08,NOT_ELIGIBLE,,officer-decision-v1,alert-policy-v1
PRH-N24001315,2026-06,,DATA_VERIFICATION_REQUIRED,,WITHHELD,,"['STALE_UPDATE', 'SOURCE_GAP', 'INSUFFICIENT_HISTORY', 'FEATURES_INSUFFICIENT', 'SCHEMA_VERIFICATION', 'SOURCE_PROVENANCE_VERIFICATION']",Review latest project update and verify missing or inconsistent reporting evidence,2024-11,NOT_ELIGIBLE,,officer-decision-v1,alert-policy-v1
PRH-N24001316,2026-06,,DATA_VERIFICATION_REQUIRED,,WITHHELD,,"['STALE_UPDATE', 'SOURCE_GAP', 'INSUFFICIENT_HISTORY', 'FEATURES_INSUFFICIENT', 'SCHEMA_VERIFICATION', 'SOURCE_PROVENANCE_VERIFICATION']",Review latest project update and verify missing or inconsistent reporting evidence,2024-11,NOT_ELIGIBLE,,officer-decision-v1,alert-policy-v1
PRH-N24001317,2026-06,,NO_REVIEW_SIGNAL,,WITHHELD,,['COMPLETED_PROJECT'],,2025-06,NOT_ELIGIBLE,,officer-decision-v1,alert-policy-v1
PRH-N24001318,2026-06,,NO_REVIEW_SIGNAL,,WITHHELD,,['COMPLETED_PROJECT'],,2024-11,NOT_ELIGIBLE,,officer-decision-v1,alert-policy-v1
PRH-N24001320,2026-06,,DATA_VERIFICATION_REQUIRED,,WITHHELD,,"['STALE_UPDATE', 'SOURCE_GAP', 'INSUFFICIENT_HISTORY', 'FEATURES_INSUFFICIENT', 'SCHEMA_VERIFICATION', 'SOURCE_PROVENANCE_VERIFICATION']",Review latest project update and verify missing or inconsistent reporting evidence,2024-11,NOT_ELIGIBLE,,officer-decision-v1,alert-policy-v1
PRH-N24001321,2026-06,,DATA_VERIFICATION_REQUIRED,,WITHHELD,,"['STALE_UPDATE', 'SOURCE_GAP', 'INSUFFICIENT_HISTORY', 'FEATURES_INSUFFICIENT', 'SCHEMA_VERIFICATION', 'SOURCE_PROVENANCE_VERIFICATION']",Review latest project update and verify missing or inconsistent reporting evidence,2024-01,NOT_ELIGIBLE,,officer-decision-v1,alert-policy-v1
PRH-N24001322,2026-06,,DATA_VERIFICATION_REQUIRED,,WITHHELD,,"['STALE_UPDATE', 'SOURCE_GAP', 'INSUFFICIENT_HISTORY', 'FEATURES_INSUFFICIENT', 'SCHEMA_VERIFICATION', 'SOURCE_PROVENANCE_VERIFICATION']",Review latest project update and verify missing or inconsistent reporting evidence,2025-06,NOT_ELIGIBLE,,officer-decision-v1,alert-policy-v1
PRH-N24001323,2026-06,,DATA_VERIFICATION_REQUIRED,,WITHHELD,,"['STALE_UPDATE', 'SOURCE_GAP', 'INSUFFICIENT_HISTORY', 'FEATURES_INSUFFICIENT', 'SCHEMA_VERIFICATION', 'SOURCE_PROVENANCE_VERIFICATION']",Review latest project update and verify missing or inconsistent reporting evidence,2025-06,NOT_ELIGIBLE,,officer-decision-v1,alert-policy-v1
PRH-N24001324,2026-06,,DATA_VERIFICATION_REQUIRED,,WITHHELD,,"['STALE_UPDATE', 'SOURCE_GAP', 'INSUFFICIENT_HISTORY', 'FEATURES_INSUFFICIENT', 'SCHEMA_VERIFICATION', 'SOURCE_PROVENANCE_VERIFICATION']",Review latest project update and verify missing or inconsistent reporting evidence,2023-10,NOT_ELIGIBLE,,officer-decision-v1,alert-policy-v1
PRH-N24001325,2026-06,,DATA_VERIFICATION_REQUIRED,,WITHHELD,,"['STALE_UPDATE', 'SOURCE_GAP', 'INSUFFICIENT_HISTORY', 'FEATURES_INSUFFICIENT', 'SCHEMA_VERIFICATION', 'SOURCE_PROVENANCE_VERIFICATION']",Review latest project update and verify missing or inconsistent reporting evidence,2025-06,NOT_ELIGIBLE,,officer-decision-v1,alert-policy-v1
PRH-N24001328,2026-06,,DATA_VERIFICATION_REQUIRED,,WITHHELD,,"['STALE_UPDATE', 'SOURCE_GAP', 'INSUFFICIENT_HISTORY', 'FEATURES_INSUFFICIENT', 'SCHEMA_VERIFICATION', 'SOURCE_PROVENANCE_VERIFICATION']",Review latest project update and verify missing or inconsistent reporting evidence,2024-01,NOT_ELIGIBLE,,officer-decision-v1,alert-policy-v1
PRH-N24001329,2026-06,,DATA_VERIFICATION_REQUIRED,,WITHHELD,,"['STALE_UPDATE', 'SOURCE_GAP', 'INSUFFICIENT_HISTORY', 'FEATURES_INSUFFICIENT', 'SCHEMA_VERIFICATION', 'SOURCE_PROVENANCE_VERIFICATION']",Review latest project update and verify missing or inconsistent reporting evidence,2023-10,NOT_ELIGIBLE,,officer-decision-v1,alert-policy-v1
PRH-N24001330,2026-06,,DATA_VERIFICATION_REQUIRED,,WITHHELD,,"['STALE_UPDATE', 'SOURCE_GAP', 'INSUFFICIENT_HISTORY', 'FEATURES_INSUFFICIENT', 'SCHEMA_VERIFICATION', 'SOURCE_PROVENANCE_VERIFICATION']",Review latest project update and verify missing or inconsistent reporting evidence,2024-02,NOT_ELIGIBLE,,officer-decision-v1,alert-policy-v1
PRH-N24001333,2026-06,,NO_REVIEW_SIGNAL,,WITHHELD,,['COMPLETED_PROJECT'],,2024-07,NOT_ELIGIBLE,,officer-decision-v1,alert-policy-v1
PRH-N24001339,2026-06,,NO_REVIEW_SIGNAL,,WITHHELD,,['COMPLETED_PROJECT'],,2025-05,NOT_ELIGIBLE,,officer-decision-v1,alert-policy-v1
PRH-N24001340,2026-06,,DATA_VERIFICATION_REQUIRED,,WITHHELD,,"['STALE_UPDATE', 'SOURCE_GAP', 'INSUFFICIENT_HISTORY', 'FEATURES_INSUFFICIENT', 'SCHEMA_VERIFICATION', 'SOURCE_PROVENANCE_VERIFICATION']",Review latest project update and verify missing or inconsistent reporting evidence,2023-08,NOT_ELIGIBLE,,officer-decision-v1,alert-policy-v1
PRH-N24001342,2026-06,,DATA_VERIFICATION_REQUIRED,,WITHHELD,,"['STALE_UPDATE', 'SOURCE_GAP', 'INSUFFICIENT_HISTORY', 'FEATURES_INSUFFICIENT', 'SCHEMA_VERIFICATION', 'SOURCE_PROVENANCE_VERIFICATION']",Review latest project update and verify missing or inconsistent reporting evidence,2025-01,NOT_ELIGIBLE,,officer-decision-v1,alert-policy-v1
PRH-N24001343,2026-06,,DATA_VERIFICATION_REQUIRED,,WITHHELD,,"['STALE_UPDATE', 'SOURCE_GAP', 'INSUFFICIENT_HISTORY', 'FEATURES_INSUFFICIENT', 'SCHEMA_VERIFICATION', 'SOURCE_PROVENANCE_VERIFICATION']",Review latest project update and verify missing or inconsistent reporting evidence,2025-06,NOT_ELIGIBLE,,officer-decision-v1,alert-policy-v1
PRH-N24001346,2026-06,,DATA_VERIFICATION_REQUIRED,,WITHHELD,,"['STALE_UPDATE', 'SOURCE_GAP', 'INSUFFICIENT_HISTORY', 'FEATURES_INSUFFICIENT', 'SCHEMA_VERIFICATION', 'SOURCE_PROVENANCE_VERIFICATION']",Review latest project update and verify missing or inconsistent reporting evidence,2024-03,NOT_ELIGIBLE,,officer-decision-v1,alert-policy-v1
PRH-N24001347,2026-06,,DATA_VERIFICATION_REQUIRED,,WITHHELD,,"['STALE_UPDATE', 'SOURCE_GAP', 'INSUFFICIENT_HISTORY', 'FEATURES_INSUFFICIENT', 'SCHEMA_VERIFICATION', 'SOURCE_PROVENANCE_VERIFICATION']",Review latest project update and verify missing or inconsistent reporting evidence,2024-03,NOT_ELIGIBLE,,officer-decision-v1,alert-policy-v1
PRH-N24001351,2026-06,,NO_REVIEW_SIGNAL,,WITHHELD,,['COMPLETED_PROJECT'],,2024-07,NOT_ELIGIBLE,,officer-decision-v1,alert-policy-v1
PRH-N24001352,2026-06,,NO_REVIEW_SIGNAL,,WITHHELD,,['COMPLETED_PROJECT'],,2024-12,NOT_ELIGIBLE,,officer-decision-v1,alert-policy-v1
PRH-N24001353,2026-06,,DATA_VERIFICATION_REQUIRED,,WITHHELD,,"['STALE_UPDATE', 'SOURCE_GAP', 'INSUFFICIENT_HISTORY', 'FEATURES_INSUFFICIENT', 'SCHEMA_VERIFICATION', 'SOURCE_PROVENANCE_VERIFICATION']",Review latest project update and verify missing or inconsistent reporting evidence,2025-04,NOT_ELIGIBLE,,officer-decision-v1,alert-policy-v1
PRH-N24001355,2026-06,,NO_REVIEW_SIGNAL,,WITHHELD,,['COMPLETED_PROJECT'],,2025-01,NOT_ELIGIBLE,,officer-decision-v1,alert-policy-v1
PRH-N24001356,2026-06,,NO_REVIEW_SIGNAL,,WITHHELD,,['COMPLETED_PROJECT'],,2025-06,NOT_ELIGIBLE,,officer-decision-v1,alert-policy-v1
PRH-N24001357,2026-06,,NO_REVIEW_SIGNAL,,WITHHELD,,['COMPLETED_PROJECT'],,2024-07,NOT_ELIGIBLE,,officer-decision-v1,alert-policy-v1
PRH-N24001360,2026-06,,NO_REVIEW_SIGNAL,,WITHHELD,,['COMPLETED_PROJECT'],,2025-04,NOT_ELIGIBLE,,officer-decision-v1,alert-policy-v1
PRH-N24001361,2026-06,,DATA_VERIFICATION_REQUIRED,,WITHHELD,,"['STALE_UPDATE', 'SOURCE_GAP', 'INSUFFICIENT_HISTORY', 'FEATURES_INSUFFICIENT', 'SCHEMA_VERIFICATION', 'SOURCE_PROVENANCE_VERIFICATION']",Review latest project update and verify missing or inconsistent reporting evidence,2025-04,NOT_ELIGIBLE,,officer-decision-v1,alert-policy-v1
PRH-N24001363,2026-06,,DATA_VERIFICATION_REQUIRED,,WITHHELD,,"['STALE_UPDATE', 'SOURCE_GAP', 'INSUFFICIENT_HISTORY', 'FEATURES_INSUFFICIENT', 'SCHEMA_VERIFICATION', 'SOURCE_PROVENANCE_VERIFICATION']",Review latest project update and verify missing or inconsistent reporting evidence,2025-06,NOT_ELIGIBLE,,officer-decision-v1,alert-policy-v1
PRH-N24001364,2026-06,,DATA_VERIFICATION_REQUIRED,,WITHHELD,,"['STALE_UPDATE', 'SOURCE_GAP', 'INSUFFICIENT_HISTORY', 'FEATURES_INSUFFICIENT', 'SCHEMA_VERIFICATION', 'SOURCE_PROVENANCE_VERIFICATION']",Review latest project update and verify missing or inconsistent reporting evidence,2023-10,NOT_ELIGIBLE,,officer-decision-v1,alert-policy-v1
PRH-N24001365,2026-06,,DATA_VERIFICATION_REQUIRED,,WITHHELD,,"['STALE_UPDATE', 'SOURCE_GAP', 'INSUFFICIENT_HISTORY', 'FEATURES_INSUFFICIENT', 'SCHEMA_VERIFICATION', 'SOURCE_PROVENANCE_VERIFICATION']",Review latest project update and verify missing or inconsistent reporting evidence,2023-10,NOT_ELIGIBLE,,officer-decision-v1,alert-policy-v1
PRH-N24001366,2026-06,,NO_REVIEW_SIGNAL,,WITHHELD,,['COMPLETED_PROJECT'],,2025-06,NOT_ELIGIBLE,,officer-decision-v1,alert-policy-v1
PRH-N24001367,2026-06,,DATA_VERIFICATION_REQUIRED,,WITHHELD,,"['STALE_UPDATE', 'SOURCE_GAP', 'INSUFFICIENT_HISTORY', 'FEATURES_INSUFFICIENT', 'SCHEMA_VERIFICATION', 'SOURCE_PROVENANCE_VERIFICATION']",Review latest project update and verify missing or inconsistent reporting evidence,2024-03,NOT_ELIGIBLE,,officer-decision-v1,alert-policy-v1
PRH-N24001370,2026-06,,NO_REVIEW_SIGNAL,,WITHHELD,,['COMPLETED_PROJECT'],,2025-06,NOT_ELIGIBLE,,officer-decision-v1,alert-policy-v1
PRH-N24001372,2026-06,,NO_REVIEW_SIGNAL,,WITHHELD,,['COMPLETED_PROJECT'],,2025-01,NOT_ELIGIBLE,,officer-decision-v1,alert-policy-v1
PRH-N24001373,2026-06,,DATA_VERIFICATION_REQUIRED,,WITHHELD,,"['STALE_UPDATE', 'SOURCE_GAP', 'INSUFFICIENT_HISTORY', 'FEATURES_INSUFFICIENT', 'SCHEMA_VERIFICATION', 'SOURCE_PROVENANCE_VERIFICATION']",Review latest project update and verify missing or inconsistent reporting evidence,2023-09,NOT_ELIGIBLE,,officer-decision-v1,alert-policy-v1
PRH-N24001374,2026-06,,NO_REVIEW_SIGNAL,,WITHHELD,,['COMPLETED_PROJECT'],,2025-01,NOT_ELIGIBLE,,officer-decision-v1,alert-policy-v1
PRH-N24001376,2026-06,,NO_REVIEW_SIGNAL,,WITHHELD,,['COMPLETED_PROJECT'],,2024-06,NOT_ELIGIBLE,,officer-decision-v1,alert-policy-v1
PRH-N24001377,2026-06,,DATA_VERIFICATION_REQUIRED,,WITHHELD,,"['STALE_UPDATE', 'SOURCE_GAP', 'INSUFFICIENT_HISTORY', 'FEATURES_INSUFFICIENT', 'SCHEMA_VERIFICATION', 'SOURCE_PROVENANCE_VERIFICATION']",Review latest project update and verify missing or inconsistent reporting evidence,2025-01,NOT_ELIGIBLE,,officer-decision-v1,alert-policy-v1
PRH-N24001378,2026-06,,DATA_VERIFICATION_REQUIRED,,WITHHELD,,"['STALE_UPDATE', 'SOURCE_GAP', 'INSUFFICIENT_HISTORY', 'FEATURES_INSUFFICIENT', 'SCHEMA_VERIFICATION', 'SOURCE_PROVENANCE_VERIFICATION']",Review latest project update and verify missing or inconsistent reporting evidence,2025-01,NOT_ELIGIBLE,,officer-decision-v1,alert-policy-v1
PRH-N24001379,2026-06,,DATA_VERIFICATION_REQUIRED,,WITHHELD,,"['STALE_UPDATE', 'SOURCE_GAP', 'INSUFFICIENT_HISTORY', 'FEATURES_INSUFFICIENT', 'SCHEMA_VERIFICATION', 'SOURCE_PROVENANCE_VERIFICATION']",Review latest project update and verify missing or inconsistent reporting evidence,2025-01,NOT_ELIGIBLE,,officer-decision-v1,alert-policy-v1
PRH-N24001380,2026-06,,NO_REVIEW_SIGNAL,,WITHHELD,,['COMPLETED_PROJECT'],,2024-06,NOT_ELIGIBLE,,officer-decision-v1,alert-policy-v1
PRH-N24001381,2026-06,,NO_REVIEW_SIGNAL,,WITHHELD,,['COMPLETED_PROJECT'],,2025-06,NOT_ELIGIBLE,,officer-decision-v1,alert-policy-v1
PRH-N24001382,2026-06,,DATA_VERIFICATION_REQUIRED,,WITHHELD,,"['STALE_UPDATE', 'SOURCE_GAP', 'INSUFFICIENT_HISTORY', 'FEATURES_INSUFFICIENT', 'SCHEMA_VERIFICATION', 'SOURCE_PROVENANCE_VERIFICATION']",Review latest project update and verify missing or inconsistent reporting evidence,2025-06,NOT_ELIGIBLE,,officer-decision-v1,alert-policy-v1
PRH-N24001383,2026-06,,NO_REVIEW_SIGNAL,,WITHHELD,,['COMPLETED_PROJECT'],,2025-06,NOT_ELIGIBLE,,officer-decision-v1,alert-policy-v1
PRH-N24001384,2026-06,,DATA_VERIFICATION_REQUIRED,,WITHHELD,,"['STALE_UPDATE', 'SOURCE_GAP', 'INSUFFICIENT_HISTORY', 'FEATURES_INSUFFICIENT', 'SCHEMA_VERIFICATION', 'SOURCE_PROVENANCE_VERIFICATION']",Review latest project update and verify missing or inconsistent reporting evidence,2024-03,NOT_ELIGIBLE,,officer-decision-v1,alert-policy-v1
PRH-N24001385,2026-06,,DATA_VERIFICATION_REQUIRED,,WITHHELD,,"['STALE_UPDATE', 'SOURCE_GAP', 'INSUFFICIENT_HISTORY', 'FEATURES_INSUFFICIENT', 'SCHEMA_VERIFICATION', 'SOURCE_PROVENANCE_VERIFICATION']",Review latest project update and verify missing or inconsistent reporting evidence,2024-03,NOT_ELIGIBLE,,officer-decision-v1,alert-policy-v1
PRH-N24001387,2026-06,,NO_REVIEW_SIGNAL,,WITHHELD,,['COMPLETED_PROJECT'],,2025-06,NOT_ELIGIBLE,,officer-decision-v1,alert-policy-v1
PRH-N24001388,2026-06,,DATA_VERIFICATION_REQUIRED,,WITHHELD,,"['STALE_UPDATE', 'SOURCE_GAP', 'INSUFFICIENT_HISTORY', 'FEATURES_INSUFFICIENT', 'SCHEMA_VERIFICATION', 'SOURCE_PROVENANCE_VERIFICATION']",Review latest project update and verify missing or inconsistent reporting evidence,2025-06,NOT_ELIGIBLE,,officer-decision-v1,alert-policy-v1
PRH-N24001389,2026-06,,DATA_VERIFICATION_REQUIRED,,WITHHELD,,"['STALE_UPDATE', 'SOURCE_GAP', 'INSUFFICIENT_HISTORY', 'FEATURES_INSUFFICIENT', 'SCHEMA_VERIFICATION', 'SOURCE_PROVENANCE_VERIFICATION']",Review latest project update and verify missing or inconsistent reporting evidence,2025-04,NOT_ELIGIBLE,,officer-decision-v1,alert-policy-v1
PRH-N24001390,2026-06,,DATA_VERIFICATION_REQUIRED,,WITHHELD,,"['STALE_UPDATE', 'SOURCE_GAP', 'INSUFFICIENT_HISTORY', 'FEATURES_INSUFFICIENT', 'SCHEMA_VERIFICATION', 'SOURCE_PROVENANCE_VERIFICATION']",Review latest project update and verify missing or inconsistent reporting evidence,2025-06,NOT_ELIGIBLE,,officer-decision-v1,alert-policy-v1
PRH-N24001391,2026-06,,NO_REVIEW_SIGNAL,,WITHHELD,,['COMPLETED_PROJECT'],,2025-04,NOT_ELIGIBLE,,officer-decision-v1,alert-policy-v1
PRH-N24001392,2026-06,,DATA_VERIFICATION_REQUIRED,,WITHHELD,,"['STALE_UPDATE', 'SOURCE_GAP', 'INSUFFICIENT_HISTORY', 'FEATURES_INSUFFICIENT', 'SCHEMA_VERIFICATION', 'SOURCE_PROVENANCE_VERIFICATION']",Review latest project update and verify missing or inconsistent reporting evidence,2024-07,NOT_ELIGIBLE,,officer-decision-v1,alert-policy-v1
PRH-N24001397,2026-06,,NO_REVIEW_SIGNAL,,WITHHELD,,['COMPLETED_PROJECT'],,2025-06,NOT_ELIGIBLE,,officer-decision-v1,alert-policy-v1
PRH-N24001398,2026-06,,NO_REVIEW_SIGNAL,,WITHHELD,,['COMPLETED_PROJECT'],,2024-06,NOT_ELIGIBLE,,officer-decision-v1,alert-policy-v1
PRH-N24001399,2026-06,,NO_REVIEW_SIGNAL,,WITHHELD,,['COMPLETED_PROJECT'],,2024-11,NOT_ELIGIBLE,,officer-decision-v1,alert-policy-v1
PRH-N24001401,2026-06,,DATA_VERIFICATION_REQUIRED,,WITHHELD,,"['STALE_UPDATE', 'SOURCE_GAP', 'INSUFFICIENT_HISTORY', 'FEATURES_INSUFFICIENT', 'SCHEMA_VERIFICATION', 'SOURCE_PROVENANCE_VERIFICATION']",Review latest project update and verify missing or inconsistent reporting evidence,2025-06,NOT_ELIGIBLE,,officer-decision-v1,alert-policy-v1
PRH-N24001402,2026-06,,NO_REVIEW_SIGNAL,,WITHHELD,,['COMPLETED_PROJECT'],,2025-06,NOT_ELIGIBLE,,officer-decision-v1,alert-policy-v1
PRH-N24001404,2026-06,,NO_REVIEW_SIGNAL,,WITHHELD,,['COMPLETED_PROJECT'],,2025-06,NOT_ELIGIBLE,,officer-decision-v1,alert-policy-v1
PRH-N24001405,2026-06,,DATA_VERIFICATION_REQUIRED,,WITHHELD,,"['STALE_UPDATE', 'SOURCE_GAP', 'INSUFFICIENT_HISTORY', 'FEATURES_INSUFFICIENT', 'SCHEMA_VERIFICATION', 'SOURCE_PROVENANCE_VERIFICATION']",Review latest project update and verify missing or inconsistent reporting evidence,2025-06,NOT_ELIGIBLE,,officer-decision-v1,alert-policy-v1
PRH-N24001407,2026-06,,DATA_VERIFICATION_REQUIRED,,WITHHELD,,"['STALE_UPDATE', 'SOURCE_GAP', 'INSUFFICIENT_HISTORY', 'FEATURES_INSUFFICIENT', 'SCHEMA_VERIFICATION', 'SOURCE_PROVENANCE_VERIFICATION']",Review latest project update and verify missing or inconsistent reporting evidence,2024-11,NOT_ELIGIBLE,,officer-decision-v1,alert-policy-v1
PRH-N24001408,2026-06,,DATA_VERIFICATION_REQUIRED,,WITHHELD,,"['STALE_UPDATE', 'SOURCE_GAP', 'INSUFFICIENT_HISTORY', 'FEATURES_INSUFFICIENT', 'SCHEMA_VERIFICATION', 'SOURCE_PROVENANCE_VERIFICATION']",Review latest project update and verify missing or inconsistent reporting evidence,2025-06,NOT_ELIGIBLE,,officer-decision-v1,alert-policy-v1
PRH-N24001409,2026-06,,DATA_VERIFICATION_REQUIRED,,WITHHELD,,"['STALE_UPDATE', 'SOURCE_GAP', 'INSUFFICIENT_HISTORY', 'FEATURES_INSUFFICIENT', 'SCHEMA_VERIFICATION', 'SOURCE_PROVENANCE_VERIFICATION']",Review latest project update and verify missing or inconsistent reporting evidence,2024-07,NOT_ELIGIBLE,,officer-decision-v1,alert-policy-v1
PRH-N24001410,2026-06,,DATA_VERIFICATION_REQUIRED,,WITHHELD,,"['STALE_UPDATE', 'SOURCE_GAP', 'INSUFFICIENT_HISTORY', 'FEATURES_INSUFFICIENT', 'SCHEMA_VERIFICATION', 'SOURCE_PROVENANCE_VERIFICATION']",Review latest project update and verify missing or inconsistent reporting evidence,2024-03,NOT_ELIGIBLE,,officer-decision-v1,alert-policy-v1
PRH-N24001412,2026-06,,DATA_VERIFICATION_REQUIRED,,WITHHELD,,"['STALE_UPDATE', 'SOURCE_GAP', 'INSUFFICIENT_HISTORY', 'FEATURES_INSUFFICIENT', 'SCHEMA_VERIFICATION', 'SOURCE_PROVENANCE_VERIFICATION']",Review latest project update and verify missing or inconsistent reporting evidence,2024-07,NOT_ELIGIBLE,,officer-decision-v1,alert-policy-v1
PRH-N24001413,2026-06,,DATA_VERIFICATION_REQUIRED,,WITHHELD,,"['STALE_UPDATE', 'SOURCE_GAP', 'INSUFFICIENT_HISTORY', 'FEATURES_INSUFFICIENT', 'SCHEMA_VERIFICATION', 'SOURCE_PROVENANCE_VERIFICATION']",Review latest project update and verify missing or inconsistent reporting evidence,2024-07,NOT_ELIGIBLE,,officer-decision-v1,alert-policy-v1
PRH-N24001414,2026-06,,DATA_VERIFICATION_REQUIRED,,WITHHELD,,"['STALE_UPDATE', 'SOURCE_GAP', 'INSUFFICIENT_HISTORY', 'FEATURES_INSUFFICIENT', 'SCHEMA_VERIFICATION', 'SOURCE_PROVENANCE_VERIFICATION']",Review latest project update and verify missing or inconsistent reporting evidence,2024-07,NOT_ELIGIBLE,,officer-decision-v1,alert-policy-v1
PRH-N24001416,2026-06,,DATA_VERIFICATION_REQUIRED,,WITHHELD,,"['STALE_UPDATE', 'SOURCE_GAP', 'INSUFFICIENT_HISTORY', 'FEATURES_INSUFFICIENT', 'SCHEMA_VERIFICATION', 'SOURCE_PROVENANCE_VERIFICATION']",Review latest project update and verify missing or inconsistent reporting evidence,2025-06,NOT_ELIGIBLE,,officer-decision-v1,alert-policy-v1
PRH-N24001418,2026-06,,DATA_VERIFICATION_REQUIRED,,WITHHELD,,"['STALE_UPDATE', 'SOURCE_GAP', 'INSUFFICIENT_HISTORY', 'FEATURES_INSUFFICIENT', 'SCHEMA_VERIFICATION', 'SOURCE_PROVENANCE_VERIFICATION']",Review latest project update and verify missing or inconsistent reporting evidence,2025-06,NOT_ELIGIBLE,,officer-decision-v1,alert-policy-v1
PRH-N24001419,2026-06,,DATA_VERIFICATION_REQUIRED,,WITHHELD,,"['STALE_UPDATE', 'SOURCE_GAP', 'INSUFFICIENT_HISTORY', 'FEATURES_INSUFFICIENT', 'SCHEMA_VERIFICATION', 'SOURCE_PROVENANCE_VERIFICATION']",Review latest project update and verify missing or inconsistent reporting evidence,2025-06,NOT_ELIGIBLE,,officer-decision-v1,alert-policy-v1
PRH-N24001423,2026-06,,DATA_VERIFICATION_REQUIRED,,WITHHELD,,"['STALE_UPDATE', 'SOURCE_GAP', 'INSUFFICIENT_HISTORY', 'FEATURES_INSUFFICIENT', 'SCHEMA_VERIFICATION', 'SOURCE_PROVENANCE_VERIFICATION']",Review latest project update and verify missing or inconsistent reporting evidence,2024-10,NOT_ELIGIBLE,,officer-decision-v1,alert-policy-v1
PRH-N24001424,2026-06,,NO_REVIEW_SIGNAL,,WITHHELD,,['COMPLETED_PROJECT'],,2025-06,NOT_ELIGIBLE,,officer-decision-v1,alert-policy-v1
PRH-N24001426,2026-06,,DATA_VERIFICATION_REQUIRED,,WITHHELD,,"['STALE_UPDATE', 'SOURCE_GAP', 'INSUFFICIENT_HISTORY', 'FEATURES_INSUFFICIENT', 'SCHEMA_VERIFICATION', 'SOURCE_PROVENANCE_VERIFICATION']",Review latest project update and verify missing or inconsistent reporting evidence,2025-06,NOT_ELIGIBLE,,officer-decision-v1,alert-policy-v1
PRH-N24001427,2026-06,,DATA_VERIFICATION_REQUIRED,,WITHHELD,,"['STALE_UPDATE', 'SOURCE_GAP', 'INSUFFICIENT_HISTORY', 'FEATURES_INSUFFICIENT', 'SCHEMA_VERIFICATION', 'SOURCE_PROVENANCE_VERIFICATION']",Review latest project update and verify missing or inconsistent reporting evidence,2025-06,NOT_ELIGIBLE,,officer-decision-v1,alert-policy-v1
PRH-N24001428,2026-06,,DATA_VERIFICATION_REQUIRED,,WITHHELD,,"['STALE_UPDATE', 'SOURCE_GAP', 'INSUFFICIENT_HISTORY', 'FEATURES_INSUFFICIENT', 'SCHEMA_VERIFICATION', 'SOURCE_PROVENANCE_VERIFICATION']",Review latest project update and verify missing or inconsistent reporting evidence,2025-04,NOT_ELIGIBLE,,officer-decision-v1,alert-policy-v1
PRH-N24001430,2026-06,,DATA_VERIFICATION_REQUIRED,,WITHHELD,,"['STALE_UPDATE', 'SOURCE_GAP', 'INSUFFICIENT_HISTORY', 'FEATURES_INSUFFICIENT', 'SCHEMA_VERIFICATION', 'SOURCE_PROVENANCE_VERIFICATION']",Review latest project update and verify missing or inconsistent reporting evidence,2025-04,NOT_ELIGIBLE,,officer-decision-v1,alert-policy-v1
PRH-N24001432,2026-06,,NO_REVIEW_SIGNAL,,WITHHELD,,['COMPLETED_PROJECT'],,2025-01,NOT_ELIGIBLE,,officer-decision-v1,alert-policy-v1
PRH-N24001435,2026-06,,DATA_VERIFICATION_REQUIRED,,WITHHELD,,"['STALE_UPDATE', 'SOURCE_GAP', 'INSUFFICIENT_HISTORY', 'FEATURES_INSUFFICIENT', 'SCHEMA_VERIFICATION', 'SOURCE_PROVENANCE_VERIFICATION']",Review latest project update and verify missing or inconsistent reporting evidence,2024-03,NOT_ELIGIBLE,,officer-decision-v1,alert-policy-v1
PRH-N24001439,2026-06,,NO_REVIEW_SIGNAL,,WITHHELD,,['COMPLETED_PROJECT'],,2025-06,NOT_ELIGIBLE,,officer-decision-v1,alert-policy-v1
PRH-N24001440,2026-06,,DATA_VERIFICATION_REQUIRED,,WITHHELD,,"['STALE_UPDATE', 'SOURCE_GAP', 'INSUFFICIENT_HISTORY', 'FEATURES_INSUFFICIENT', 'SCHEMA_VERIFICATION', 'SOURCE_PROVENANCE_VERIFICATION']",Review latest project update and verify missing or inconsistent reporting evidence,2025-05,NOT_ELIGIBLE,,officer-decision-v1,alert-policy-v1
PRH-N24001448,2026-06,,DATA_VERIFICATION_REQUIRED,,WITHHELD,,"['STALE_UPDATE', 'SOURCE_GAP', 'INSUFFICIENT_HISTORY', 'FEATURES_INSUFFICIENT', 'SCHEMA_VERIFICATION', 'SOURCE_PROVENANCE_VERIFICATION']",Review latest project update and verify missing or inconsistent reporting evidence,2025-06,NOT_ELIGIBLE,,officer-decision-v1,alert-policy-v1
PRH-N24001450,2026-06,,NO_REVIEW_SIGNAL,,WITHHELD,,['COMPLETED_PROJECT'],,2025-06,NOT_ELIGIBLE,,officer-decision-v1,alert-policy-v1
PRH-N24001451,2026-06,,NO_REVIEW_SIGNAL,,WITHHELD,,['COMPLETED_PROJECT'],,2025-03,NOT_ELIGIBLE,,officer-decision-v1,alert-policy-v1
PRH-N24001452,2026-06,,NO_REVIEW_SIGNAL,,WITHHELD,,['COMPLETED_PROJECT'],,2024-11,NOT_ELIGIBLE,,officer-decision-v1,alert-policy-v1
PRH-N24001453,2026-06,,DATA_VERIFICATION_REQUIRED,,WITHHELD,,"['STALE_UPDATE', 'SOURCE_GAP', 'INSUFFICIENT_HISTORY', 'FEATURES_INSUFFICIENT', 'SCHEMA_VERIFICATION', 'SOURCE_PROVENANCE_VERIFICATION']",Review latest project update and verify missing or inconsistent reporting evidence,2025-06,NOT_ELIGIBLE,,officer-decision-v1,alert-policy-v1
PRH-N24001454,2026-06,,DATA_VERIFICATION_REQUIRED,,WITHHELD,,"['STALE_UPDATE', 'SOURCE_GAP', 'INSUFFICIENT_HISTORY', 'FEATURES_INSUFFICIENT', 'SCHEMA_VERIFICATION', 'SOURCE_PROVENANCE_VERIFICATION']",Review latest project update and verify missing or inconsistent reporting evidence,2024-03,NOT_ELIGIBLE,,officer-decision-v1,alert-policy-v1
PRH-N24001455,2026-06,,NO_REVIEW_SIGNAL,,WITHHELD,,['COMPLETED_PROJECT'],,2025-06,NOT_ELIGIBLE,,officer-decision-v1,alert-policy-v1
PRH-N24001456,2026-06,,NO_REVIEW_SIGNAL,,WITHHELD,,['COMPLETED_PROJECT'],,2025-06,NOT_ELIGIBLE,,officer-decision-v1,alert-policy-v1
PRH-N24001458,2026-06,,DATA_VERIFICATION_REQUIRED,,WITHHELD,,"['STALE_UPDATE', 'SOURCE_GAP', 'INSUFFICIENT_HISTORY', 'FEATURES_INSUFFICIENT', 'SCHEMA_VERIFICATION', 'SOURCE_PROVENANCE_VERIFICATION']",Review latest project update and verify missing or inconsistent reporting evidence,2024-07,NOT_ELIGIBLE,,officer-decision-v1,alert-policy-v1
PRH-N24001459,2026-06,,DATA_VERIFICATION_REQUIRED,,WITHHELD,,"['STALE_UPDATE', 'SOURCE_GAP', 'INSUFFICIENT_HISTORY', 'FEATURES_INSUFFICIENT', 'SCHEMA_VERIFICATION', 'SOURCE_PROVENANCE_VERIFICATION']",Review latest project update and verify missing or inconsistent reporting evidence,2023-11,NOT_ELIGIBLE,,officer-decision-v1,alert-policy-v1
PRH-N24001460,2026-06,,NO_REVIEW_SIGNAL,,WITHHELD,,['COMPLETED_PROJECT'],,2024-07,NOT_ELIGIBLE,,officer-decision-v1,alert-policy-v1
PRH-N24001463,2026-06,,NO_REVIEW_SIGNAL,,WITHHELD,,['COMPLETED_PROJECT'],,2024-12,NOT_ELIGIBLE,,officer-decision-v1,alert-policy-v1
PRH-N24001464,2026-06,,DATA_VERIFICATION_REQUIRED,,WITHHELD,,"['STALE_UPDATE', 'SOURCE_GAP', 'INSUFFICIENT_HISTORY', 'FEATURES_INSUFFICIENT', 'SCHEMA_VERIFICATION', 'SOURCE_PROVENANCE_VERIFICATION']",Review latest project update and verify missing or inconsistent reporting evidence,2025-06,NOT_ELIGIBLE,,officer-decision-v1,alert-policy-v1
PRH-N24001467,2026-06,,NO_REVIEW_SIGNAL,,WITHHELD,,['COMPLETED_PROJECT'],,2025-06,NOT_ELIGIBLE,,officer-decision-v1,alert-policy-v1
PRH-N24001468,2026-06,,DATA_VERIFICATION_REQUIRED,,WITHHELD,,"['STALE_UPDATE', 'SOURCE_GAP', 'INSUFFICIENT_HISTORY', 'FEATURES_INSUFFICIENT', 'SCHEMA_VERIFICATION', 'SOURCE_PROVENANCE_VERIFICATION']",Review latest project update and verify missing or inconsistent reporting evidence,2025-06,NOT_ELIGIBLE,,officer-decision-v1,alert-policy-v1
PRH-N24001472,2026-06,,DATA_VERIFICATION_REQUIRED,,WITHHELD,,"['STALE_UPDATE', 'SOURCE_GAP', 'INSUFFICIENT_HISTORY', 'FEATURES_INSUFFICIENT', 'SCHEMA_VERIFICATION', 'SOURCE_PROVENANCE_VERIFICATION']",Review latest project update and verify missing or inconsistent reporting evidence,2025-06,NOT_ELIGIBLE,,officer-decision-v1,alert-policy-v1
PRH-N24001475,2026-06,,NO_REVIEW_SIGNAL,,WITHHELD,,['COMPLETED_PROJECT'],,2025-04,NOT_ELIGIBLE,,officer-decision-v1,alert-policy-v1
PRH-N24001478,2026-06,,DATA_VERIFICATION_REQUIRED,,WITHHELD,,"['STALE_UPDATE', 'SOURCE_GAP', 'INSUFFICIENT_HISTORY', 'FEATURES_INSUFFICIENT', 'SCHEMA_VERIFICATION', 'SOURCE_PROVENANCE_VERIFICATION']",Review latest project update and verify missing or inconsistent reporting evidence,2024-03,NOT_ELIGIBLE,,officer-decision-v1,alert-policy-v1
PRH-N24001480,2026-06,,NO_REVIEW_SIGNAL,,WITHHELD,,['COMPLETED_PROJECT'],,2025-06,NOT_ELIGIBLE,,officer-decision-v1,alert-policy-v1
PRH-N24001485,2026-06,,NO_REVIEW_SIGNAL,,WITHHELD,,['COMPLETED_PROJECT'],,2024-06,NOT_ELIGIBLE,,officer-decision-v1,alert-policy-v1
PRH-N24001487,2026-06,,DATA_VERIFICATION_REQUIRED,,WITHHELD,,"['STALE_UPDATE', 'SOURCE_GAP', 'INSUFFICIENT_HISTORY', 'FEATURES_INSUFFICIENT', 'SCHEMA_VERIFICATION', 'SOURCE_PROVENANCE_VERIFICATION']",Review latest project update and verify missing or inconsistent reporting evidence,2024-01,NOT_ELIGIBLE,,officer-decision-v1,alert-policy-v1
PRH-N24001488,2026-06,,DATA_VERIFICATION_REQUIRED,,WITHHELD,,"['STALE_UPDATE', 'SOURCE_GAP', 'INSUFFICIENT_HISTORY', 'FEATURES_INSUFFICIENT', 'SCHEMA_VERIFICATION', 'SOURCE_PROVENANCE_VERIFICATION']",Review latest project update and verify missing or inconsistent reporting evidence,2025-06,NOT_ELIGIBLE,,officer-decision-v1,alert-policy-v1
PRH-N24001489,2026-06,,DATA_VERIFICATION_REQUIRED,,WITHHELD,,"['STALE_UPDATE', 'SOURCE_GAP', 'INSUFFICIENT_HISTORY', 'FEATURES_INSUFFICIENT', 'SCHEMA_VERIFICATION', 'SOURCE_PROVENANCE_VERIFICATION']",Review latest project update and verify missing or inconsistent reporting evidence,2024-03,NOT_ELIGIBLE,,officer-decision-v1,alert-policy-v1
PRH-N24001497,2026-06,,DATA_VERIFICATION_REQUIRED,,WITHHELD,,"['STALE_UPDATE', 'SOURCE_GAP', 'INSUFFICIENT_HISTORY', 'FEATURES_INSUFFICIENT', 'SCHEMA_VERIFICATION', 'SOURCE_PROVENANCE_VERIFICATION']",Review latest project update and verify missing or inconsistent reporting evidence,2024-02,NOT_ELIGIBLE,,officer-decision-v1,alert-policy-v1
PRH-N24001498,2026-06,,DATA_VERIFICATION_REQUIRED,,WITHHELD,,"['STALE_UPDATE', 'SOURCE_GAP', 'INSUFFICIENT_HISTORY', 'FEATURES_INSUFFICIENT', 'SCHEMA_VERIFICATION', 'SOURCE_PROVENANCE_VERIFICATION']",Review latest project update and verify missing or inconsistent reporting evidence,2024-01,NOT_ELIGIBLE,,officer-decision-v1,alert-policy-v1
PRH-N24001499,2026-06,,DATA_VERIFICATION_REQUIRED,,WITHHELD,,"['STALE_UPDATE', 'SOURCE_GAP', 'INSUFFICIENT_HISTORY', 'FEATURES_INSUFFICIENT', 'SCHEMA_VERIFICATION', 'SOURCE_PROVENANCE_VERIFICATION']",Review latest project update and verify missing or inconsistent reporting evidence,2024-01,NOT_ELIGIBLE,,officer-decision-v1,alert-policy-v1
PRH-N24001501,2026-06,,DATA_VERIFICATION_REQUIRED,,WITHHELD,,"['STALE_UPDATE', 'SOURCE_GAP', 'INSUFFICIENT_HISTORY', 'FEATURES_INSUFFICIENT', 'SCHEMA_VERIFICATION', 'SOURCE_PROVENANCE_VERIFICATION']",Review latest project update and verify missing or inconsistent reporting evidence,2025-01,NOT_ELIGIBLE,,officer-decision-v1,alert-policy-v1
PRH-N24001503,2026-06,,DATA_VERIFICATION_REQUIRED,,WITHHELD,,"['STALE_UPDATE', 'SOURCE_GAP', 'INSUFFICIENT_HISTORY', 'FEATURES_INSUFFICIENT', 'SCHEMA_VERIFICATION', 'SOURCE_PROVENANCE_VERIFICATION']",Review latest project update and verify missing or inconsistent reporting evidence,2025-06,NOT_ELIGIBLE,,officer-decision-v1,alert-policy-v1
PRH-N24001505,2026-06,,DATA_VERIFICATION_REQUIRED,,WITHHELD,,"['STALE_UPDATE', 'SOURCE_GAP', 'INSUFFICIENT_HISTORY', 'FEATURES_INSUFFICIENT', 'SCHEMA_VERIFICATION', 'SOURCE_PROVENANCE_VERIFICATION']",Review latest project update and verify missing or inconsistent reporting evidence,2025-06,NOT_ELIGIBLE,,officer-decision-v1,alert-policy-v1
PRH-N24001509,2026-06,,DATA_VERIFICATION_REQUIRED,,WITHHELD,,"['STALE_UPDATE', 'SOURCE_GAP', 'INSUFFICIENT_HISTORY', 'FEATURES_INSUFFICIENT', 'SCHEMA_VERIFICATION', 'SOURCE_PROVENANCE_VERIFICATION']",Review latest project update and verify missing or inconsistent reporting evidence,2024-01,NOT_ELIGIBLE,,officer-decision-v1,alert-policy-v1
PRH-N24001513,2026-06,,DATA_VERIFICATION_REQUIRED,,WITHHELD,,"['STALE_UPDATE', 'SOURCE_GAP', 'INSUFFICIENT_HISTORY', 'FEATURES_INSUFFICIENT', 'SCHEMA_VERIFICATION', 'SOURCE_PROVENANCE_VERIFICATION']",Review latest project update and verify missing or inconsistent reporting evidence,2024-03,NOT_ELIGIBLE,,officer-decision-v1,alert-policy-v1
PRH-N24001514,2026-06,,DATA_VERIFICATION_REQUIRED,,WITHHELD,,"['STALE_UPDATE', 'SOURCE_GAP', 'INSUFFICIENT_HISTORY', 'FEATURES_INSUFFICIENT', 'SCHEMA_VERIFICATION', 'SOURCE_PROVENANCE_VERIFICATION']",Review latest project update and verify missing or inconsistent reporting evidence,2024-07,NOT_ELIGIBLE,,officer-decision-v1,alert-policy-v1
PRH-N24001516,2026-06,,DATA_VERIFICATION_REQUIRED,,WITHHELD,,"['STALE_UPDATE', 'SOURCE_GAP', 'INSUFFICIENT_HISTORY', 'FEATURES_INSUFFICIENT', 'SCHEMA_VERIFICATION', 'SOURCE_PROVENANCE_VERIFICATION']",Review latest project update and verify missing or inconsistent reporting evidence,2025-06,NOT_ELIGIBLE,,officer-decision-v1,alert-policy-v1
PRH-N24001517,2026-06,,DATA_VERIFICATION_REQUIRED,,WITHHELD,,"['STALE_UPDATE', 'SOURCE_GAP', 'INSUFFICIENT_HISTORY', 'FEATURES_INSUFFICIENT', 'SCHEMA_VERIFICATION', 'SOURCE_PROVENANCE_VERIFICATION']",Review latest project update and verify missing or inconsistent reporting evidence,2023-08,NOT_ELIGIBLE,,officer-decision-v1,alert-policy-v1
PRH-N24001523,2026-06,,DATA_VERIFICATION_REQUIRED,,WITHHELD,,"['STALE_UPDATE', 'SOURCE_GAP', 'INSUFFICIENT_HISTORY', 'FEATURES_INSUFFICIENT', 'SCHEMA_VERIFICATION', 'SOURCE_PROVENANCE_VERIFICATION']",Review latest project update and verify missing or inconsistent reporting evidence,2025-06,NOT_ELIGIBLE,,officer-decision-v1,alert-policy-v1
PRH-N24001524,2026-06,,DATA_VERIFICATION_REQUIRED,,WITHHELD,,"['STALE_UPDATE', 'SOURCE_GAP', 'INSUFFICIENT_HISTORY', 'FEATURES_INSUFFICIENT', 'SCHEMA_VERIFICATION', 'SOURCE_PROVENANCE_VERIFICATION']",Review latest project update and verify missing or inconsistent reporting evidence,2025-06,NOT_ELIGIBLE,,officer-decision-v1,alert-policy-v1
PRH-N24001525,2026-06,,DATA_VERIFICATION_REQUIRED,,WITHHELD,,"['STALE_UPDATE', 'SOURCE_GAP', 'INSUFFICIENT_HISTORY', 'FEATURES_INSUFFICIENT', 'SCHEMA_VERIFICATION', 'SOURCE_PROVENANCE_VERIFICATION']",Review latest project update and verify missing or inconsistent reporting evidence,2025-06,NOT_ELIGIBLE,,officer-decision-v1,alert-policy-v1
PRH-N24001529,2026-06,,DATA_VERIFICATION_REQUIRED,,WITHHELD,,"['STALE_UPDATE', 'SOURCE_GAP', 'INSUFFICIENT_HISTORY', 'FEATURES_INSUFFICIENT', 'SCHEMA_VERIFICATION', 'SOURCE_PROVENANCE_VERIFICATION']",Review latest project update and verify missing or inconsistent reporting evidence,2025-06,NOT_ELIGIBLE,,officer-decision-v1,alert-policy-v1
PRH-N24001531,2026-06,,NO_REVIEW_SIGNAL,,WITHHELD,,['COMPLETED_PROJECT'],,2024-07,NOT_ELIGIBLE,,officer-decision-v1,alert-policy-v1
PRH-N24001532,2026-06,,NO_REVIEW_SIGNAL,,WITHHELD,,['COMPLETED_PROJECT'],,2025-04,NOT_ELIGIBLE,,officer-decision-v1,alert-policy-v1
PRH-N24001533,2026-06,,DATA_VERIFICATION_REQUIRED,,WITHHELD,,"['STALE_UPDATE', 'SOURCE_GAP', 'INSUFFICIENT_HISTORY', 'FEATURES_INSUFFICIENT', 'SCHEMA_VERIFICATION', 'SOURCE_PROVENANCE_VERIFICATION']",Review latest project update and verify missing or inconsistent reporting evidence,2025-04,NOT_ELIGIBLE,,officer-decision-v1,alert-policy-v1
PRH-N24001534,2026-06,,DATA_VERIFICATION_REQUIRED,,WITHHELD,,"['STALE_UPDATE', 'SOURCE_GAP', 'INSUFFICIENT_HISTORY', 'FEATURES_INSUFFICIENT', 'SCHEMA_VERIFICATION', 'SOURCE_PROVENANCE_VERIFICATION']",Review latest project update and verify missing or inconsistent reporting evidence,2025-04,NOT_ELIGIBLE,,officer-decision-v1,alert-policy-v1
PRH-N24001536,2026-06,,DATA_VERIFICATION_REQUIRED,,WITHHELD,,"['STALE_UPDATE', 'SOURCE_GAP', 'INSUFFICIENT_HISTORY', 'FEATURES_INSUFFICIENT', 'SCHEMA_VERIFICATION', 'SOURCE_PROVENANCE_VERIFICATION']",Review latest project update and verify missing or inconsistent reporting evidence,2025-04,NOT_ELIGIBLE,,officer-decision-v1,alert-policy-v1
PRH-N24001537,2026-06,,DATA_VERIFICATION_REQUIRED,,WITHHELD,,"['STALE_UPDATE', 'SOURCE_GAP', 'INSUFFICIENT_HISTORY', 'FEATURES_INSUFFICIENT', 'SCHEMA_VERIFICATION', 'SOURCE_PROVENANCE_VERIFICATION']",Review latest project update and verify missing or inconsistent reporting evidence,2025-06,NOT_ELIGIBLE,,officer-decision-v1,alert-policy-v1
PRH-N24001538,2026-06,,DATA_VERIFICATION_REQUIRED,,WITHHELD,,"['STALE_UPDATE', 'SOURCE_GAP', 'INSUFFICIENT_HISTORY', 'FEATURES_INSUFFICIENT', 'SCHEMA_VERIFICATION', 'SOURCE_PROVENANCE_VERIFICATION']",Review latest project update and verify missing or inconsistent reporting evidence,2025-06,NOT_ELIGIBLE,,officer-decision-v1,alert-policy-v1
PRH-N24001539,2026-06,,DATA_VERIFICATION_REQUIRED,,WITHHELD,,"['STALE_UPDATE', 'SOURCE_GAP', 'INSUFFICIENT_HISTORY', 'FEATURES_INSUFFICIENT', 'SCHEMA_VERIFICATION', 'SOURCE_PROVENANCE_VERIFICATION']",Review latest project update and verify missing or inconsistent reporting evidence,2025-06,NOT_ELIGIBLE,,officer-decision-v1,alert-policy-v1
PRH-N24001540,2026-06,,NO_REVIEW_SIGNAL,,WITHHELD,,['COMPLETED_PROJECT'],,2025-06,NOT_ELIGIBLE,,officer-decision-v1,alert-policy-v1
PRH-N24001541,2026-06,,NO_REVIEW_SIGNAL,,WITHHELD,,['COMPLETED_PROJECT'],,2025-06,NOT_ELIGIBLE,,officer-decision-v1,alert-policy-v1
PRH-N24001542,2026-06,,DATA_VERIFICATION_REQUIRED,,WITHHELD,,"['STALE_UPDATE', 'SOURCE_GAP', 'INSUFFICIENT_HISTORY', 'FEATURES_INSUFFICIENT', 'SCHEMA_VERIFICATION', 'SOURCE_PROVENANCE_VERIFICATION']",Review latest project update and verify missing or inconsistent reporting evidence,2025-06,NOT_ELIGIBLE,,officer-decision-v1,alert-policy-v1
PRH-N24001545,2026-06,,NO_REVIEW_SIGNAL,,WITHHELD,,['COMPLETED_PROJECT'],,2025-06,NOT_ELIGIBLE,,officer-decision-v1,alert-policy-v1
PRH-N24001549,2026-06,,NO_REVIEW_SIGNAL,,WITHHELD,,['COMPLETED_PROJECT'],,2024-07,NOT_ELIGIBLE,,officer-decision-v1,alert-policy-v1
PRH-N24001553,2026-06,,DATA_VERIFICATION_REQUIRED,,WITHHELD,,"['STALE_UPDATE', 'SOURCE_GAP', 'INSUFFICIENT_HISTORY', 'FEATURES_INSUFFICIENT', 'SCHEMA_VERIFICATION', 'SOURCE_PROVENANCE_VERIFICATION']",Review latest project update and verify missing or inconsistent reporting evidence,2025-06,NOT_ELIGIBLE,,officer-decision-v1,alert-policy-v1
PRH-N24001554,2026-06,,DATA_VERIFICATION_REQUIRED,,WITHHELD,,"['STALE_UPDATE', 'SOURCE_GAP', 'INSUFFICIENT_HISTORY', 'FEATURES_INSUFFICIENT', 'SCHEMA_VERIFICATION', 'SOURCE_PROVENANCE_VERIFICATION']",Review latest project update and verify missing or inconsistent reporting evidence,2023-10,NOT_ELIGIBLE,,officer-decision-v1,alert-policy-v1
PRH-N24001559,2026-06,,DATA_VERIFICATION_REQUIRED,,WITHHELD,,"['STALE_UPDATE', 'SOURCE_GAP', 'INSUFFICIENT_HISTORY', 'FEATURES_INSUFFICIENT', 'SCHEMA_VERIFICATION', 'SOURCE_PROVENANCE_VERIFICATION']",Review latest project update and verify missing or inconsistent reporting evidence,2025-06,NOT_ELIGIBLE,,officer-decision-v1,alert-policy-v1
PRH-N24001560,2026-06,,NO_REVIEW_SIGNAL,,WITHHELD,,['COMPLETED_PROJECT'],,2024-07,NOT_ELIGIBLE,,officer-decision-v1,alert-policy-v1
PRH-N24001561,2026-06,,NO_REVIEW_SIGNAL,,WITHHELD,,['COMPLETED_PROJECT'],,2025-01,NOT_ELIGIBLE,,officer-decision-v1,alert-policy-v1
PRH-N24001562,2026-06,,NO_REVIEW_SIGNAL,,WITHHELD,,['COMPLETED_PROJECT'],,2024-07,NOT_ELIGIBLE,,officer-decision-v1,alert-policy-v1
PRH-N24001565,2026-06,,DATA_VERIFICATION_REQUIRED,,WITHHELD,,"['STALE_UPDATE', 'SOURCE_GAP', 'INSUFFICIENT_HISTORY', 'FEATURES_INSUFFICIENT', 'SCHEMA_VERIFICATION', 'SOURCE_PROVENANCE_VERIFICATION']",Review latest project update and verify missing or inconsistent reporting evidence,2023-09,NOT_ELIGIBLE,,officer-decision-v1,alert-policy-v1
PRH-N24001566,2026-06,,NO_REVIEW_SIGNAL,,WITHHELD,,['COMPLETED_PROJECT'],,2025-01,NOT_ELIGIBLE,,officer-decision-v1,alert-policy-v1
PRH-N24001569,2026-06,,NO_REVIEW_SIGNAL,,WITHHELD,,['COMPLETED_PROJECT'],,2025-01,NOT_ELIGIBLE,,officer-decision-v1,alert-policy-v1
PRH-N24001571,2026-06,,DATA_VERIFICATION_REQUIRED,,WITHHELD,,"['STALE_UPDATE', 'SOURCE_GAP', 'INSUFFICIENT_HISTORY', 'FEATURES_INSUFFICIENT', 'SCHEMA_VERIFICATION', 'SOURCE_PROVENANCE_VERIFICATION']",Review latest project update and verify missing or inconsistent reporting evidence,2025-01,NOT_ELIGIBLE,,officer-decision-v1,alert-policy-v1
PRH-N24001572,2026-06,,NO_REVIEW_SIGNAL,,WITHHELD,,['COMPLETED_PROJECT'],,2024-07,NOT_ELIGIBLE,,officer-decision-v1,alert-policy-v1
PRH-N24001573,2026-06,,DATA_VERIFICATION_REQUIRED,,WITHHELD,,"['STALE_UPDATE', 'SOURCE_GAP', 'INSUFFICIENT_HISTORY', 'FEATURES_INSUFFICIENT', 'SCHEMA_VERIFICATION', 'SOURCE_PROVENANCE_VERIFICATION']",Review latest project update and verify missing or inconsistent reporting evidence,2025-06,NOT_ELIGIBLE,,officer-decision-v1,alert-policy-v1
PRH-N24001574,2026-06,,DATA_VERIFICATION_REQUIRED,,WITHHELD,,"['STALE_UPDATE', 'SOURCE_GAP', 'INSUFFICIENT_HISTORY', 'FEATURES_INSUFFICIENT', 'SCHEMA_VERIFICATION', 'SOURCE_PROVENANCE_VERIFICATION']",Review latest project update and verify missing or inconsistent reporting evidence,2023-09,NOT_ELIGIBLE,,officer-decision-v1,alert-policy-v1
PRH-N24001575,2026-06,,DATA_VERIFICATION_REQUIRED,,WITHHELD,,"['STALE_UPDATE', 'SOURCE_GAP', 'INSUFFICIENT_HISTORY', 'FEATURES_INSUFFICIENT', 'SCHEMA_VERIFICATION', 'SOURCE_PROVENANCE_VERIFICATION']",Review latest project update and verify missing or inconsistent reporting evidence,2023-09,NOT_ELIGIBLE,,officer-decision-v1,alert-policy-v1
PRH-N24001576,2026-06,,DATA_VERIFICATION_REQUIRED,,WITHHELD,,"['STALE_UPDATE', 'SOURCE_GAP', 'INSUFFICIENT_HISTORY', 'FEATURES_INSUFFICIENT', 'SCHEMA_VERIFICATION', 'SOURCE_PROVENANCE_VERIFICATION']",Review latest project update and verify missing or inconsistent reporting evidence,2023-09,NOT_ELIGIBLE,,officer-decision-v1,alert-policy-v1
PRH-N24001579,2026-06,,DATA_VERIFICATION_REQUIRED,,WITHHELD,,"['STALE_UPDATE', 'SOURCE_GAP', 'INSUFFICIENT_HISTORY', 'FEATURES_INSUFFICIENT', 'SCHEMA_VERIFICATION', 'SOURCE_PROVENANCE_VERIFICATION']",Review latest project update and verify missing or inconsistent reporting evidence,2023-09,NOT_ELIGIBLE,,officer-decision-v1,alert-policy-v1
PRH-N24001580,2026-06,,DATA_VERIFICATION_REQUIRED,,WITHHELD,,"['STALE_UPDATE', 'SOURCE_GAP', 'INSUFFICIENT_HISTORY', 'FEATURES_INSUFFICIENT', 'SCHEMA_VERIFICATION', 'SOURCE_PROVENANCE_VERIFICATION']",Review latest project update and verify missing or inconsistent reporting evidence,2023-09,NOT_ELIGIBLE,,officer-decision-v1,alert-policy-v1
PRH-N24001581,2026-06,,DATA_VERIFICATION_REQUIRED,,WITHHELD,,"['STALE_UPDATE', 'SOURCE_GAP', 'INSUFFICIENT_HISTORY', 'FEATURES_INSUFFICIENT', 'SCHEMA_VERIFICATION', 'SOURCE_PROVENANCE_VERIFICATION']",Review latest project update and verify missing or inconsistent reporting evidence,2023-09,NOT_ELIGIBLE,,officer-decision-v1,alert-policy-v1
PRH-N24001582,2026-06,,DATA_VERIFICATION_REQUIRED,,WITHHELD,,"['STALE_UPDATE', 'SOURCE_GAP', 'INSUFFICIENT_HISTORY', 'FEATURES_INSUFFICIENT', 'SCHEMA_VERIFICATION', 'SOURCE_PROVENANCE_VERIFICATION']",Review latest project update and verify missing or inconsistent reporting evidence,2023-09,NOT_ELIGIBLE,,officer-decision-v1,alert-policy-v1
PRH-N24001584,2026-06,,DATA_VERIFICATION_REQUIRED,,WITHHELD,,"['STALE_UPDATE', 'SOURCE_GAP', 'INSUFFICIENT_HISTORY', 'FEATURES_INSUFFICIENT', 'SCHEMA_VERIFICATION', 'SOURCE_PROVENANCE_VERIFICATION']",Review latest project update and verify missing or inconsistent reporting evidence,2023-09,NOT_ELIGIBLE,,officer-decision-v1,alert-policy-v1
PRH-N24001586,2026-06,,DATA_VERIFICATION_REQUIRED,,WITHHELD,,"['STALE_UPDATE', 'SOURCE_GAP', 'INSUFFICIENT_HISTORY', 'FEATURES_INSUFFICIENT', 'SCHEMA_VERIFICATION', 'SOURCE_PROVENANCE_VERIFICATION']",Review latest project update and verify missing or inconsistent reporting evidence,2023-09,NOT_ELIGIBLE,,officer-decision-v1,alert-policy-v1
PRH-N24001590,2026-06,,NO_REVIEW_SIGNAL,,WITHHELD,,['COMPLETED_PROJECT'],,2025-06,NOT_ELIGIBLE,,officer-decision-v1,alert-policy-v1
PRH-N24001591,2026-06,,DATA_VERIFICATION_REQUIRED,,WITHHELD,,"['STALE_UPDATE', 'SOURCE_GAP', 'INSUFFICIENT_HISTORY', 'FEATURES_INSUFFICIENT', 'SCHEMA_VERIFICATION', 'SOURCE_PROVENANCE_VERIFICATION']",Review latest project update and verify missing or inconsistent reporting evidence,2024-03,NOT_ELIGIBLE,,officer-decision-v1,alert-policy-v1
PRH-N24001592,2026-06,,DATA_VERIFICATION_REQUIRED,,WITHHELD,,"['STALE_UPDATE', 'SOURCE_GAP', 'INSUFFICIENT_HISTORY', 'FEATURES_INSUFFICIENT', 'SCHEMA_VERIFICATION', 'SOURCE_PROVENANCE_VERIFICATION']",Review latest project update and verify missing or inconsistent reporting evidence,2023-08,NOT_ELIGIBLE,,officer-decision-v1,alert-policy-v1
PRH-N24001594,2026-06,,DATA_VERIFICATION_REQUIRED,,WITHHELD,,"['STALE_UPDATE', 'SOURCE_GAP', 'INSUFFICIENT_HISTORY', 'FEATURES_INSUFFICIENT', 'SCHEMA_VERIFICATION', 'SOURCE_PROVENANCE_VERIFICATION']",Review latest project update and verify missing or inconsistent reporting evidence,2025-06,NOT_ELIGIBLE,,officer-decision-v1,alert-policy-v1
PRH-N24001597,2026-06,,NO_REVIEW_SIGNAL,,WITHHELD,,['COMPLETED_PROJECT'],,2024-10,NOT_ELIGIBLE,,officer-decision-v1,alert-policy-v1
PRH-N24001600,2026-06,,NO_REVIEW_SIGNAL,,WITHHELD,,['COMPLETED_PROJECT'],,2025-05,NOT_ELIGIBLE,,officer-decision-v1,alert-policy-v1
PRH-N24001603,2026-06,,NO_REVIEW_SIGNAL,,WITHHELD,,['COMPLETED_PROJECT'],,2025-05,NOT_ELIGIBLE,,officer-decision-v1,alert-policy-v1
PRH-N24001604,2026-06,,NO_REVIEW_SIGNAL,,WITHHELD,,['COMPLETED_PROJECT'],,2025-01,NOT_ELIGIBLE,,officer-decision-v1,alert-policy-v1
PRH-N24001610,2026-06,,DATA_VERIFICATION_REQUIRED,,WITHHELD,,"['STALE_UPDATE', 'SOURCE_GAP', 'INSUFFICIENT_HISTORY', 'FEATURES_INSUFFICIENT', 'SCHEMA_VERIFICATION', 'SOURCE_PROVENANCE_VERIFICATION']",Review latest project update and verify missing or inconsistent reporting evidence,2025-06,NOT_ELIGIBLE,,officer-decision-v1,alert-policy-v1
PRH-N24001613,2026-06,,DATA_VERIFICATION_REQUIRED,,WITHHELD,,"['STALE_UPDATE', 'SOURCE_GAP', 'INSUFFICIENT_HISTORY', 'FEATURES_INSUFFICIENT', 'SCHEMA_VERIFICATION', 'SOURCE_PROVENANCE_VERIFICATION']",Review latest project update and verify missing or inconsistent reporting evidence,2023-09,NOT_ELIGIBLE,,officer-decision-v1,alert-policy-v1
PRH-N24001616,2026-06,,NO_REVIEW_SIGNAL,,WITHHELD,,['COMPLETED_PROJECT'],,2025-04,NOT_ELIGIBLE,,officer-decision-v1,alert-policy-v1
PRH-N24001617,2026-06,,DATA_VERIFICATION_REQUIRED,,WITHHELD,,"['STALE_UPDATE', 'SOURCE_GAP', 'INSUFFICIENT_HISTORY', 'FEATURES_INSUFFICIENT', 'SCHEMA_VERIFICATION', 'SOURCE_PROVENANCE_VERIFICATION']",Review latest project update and verify missing or inconsistent reporting evidence,2023-09,NOT_ELIGIBLE,,officer-decision-v1,alert-policy-v1
PRH-N24001618,2026-06,,DATA_VERIFICATION_REQUIRED,,WITHHELD,,"['STALE_UPDATE', 'SOURCE_GAP', 'INSUFFICIENT_HISTORY', 'FEATURES_INSUFFICIENT', 'SCHEMA_VERIFICATION', 'SOURCE_PROVENANCE_VERIFICATION']",Review latest project update and verify missing or inconsistent reporting evidence,2025-06,NOT_ELIGIBLE,,officer-decision-v1,alert-policy-v1
PRH-N24001623,2026-06,,DATA_VERIFICATION_REQUIRED,,WITHHELD,,"['STALE_UPDATE', 'SOURCE_GAP', 'INSUFFICIENT_HISTORY', 'FEATURES_INSUFFICIENT', 'SCHEMA_VERIFICATION', 'SOURCE_PROVENANCE_VERIFICATION']",Review latest project update and verify missing or inconsistent reporting evidence,2025-06,NOT_ELIGIBLE,,officer-decision-v1,alert-policy-v1
PRH-N24001624,2026-06,,NO_REVIEW_SIGNAL,,WITHHELD,,['COMPLETED_PROJECT'],,2025-06,NOT_ELIGIBLE,,officer-decision-v1,alert-policy-v1
PRH-N24001625,2026-06,,DATA_VERIFICATION_REQUIRED,,WITHHELD,,"['STALE_UPDATE', 'SOURCE_GAP', 'INSUFFICIENT_HISTORY', 'FEATURES_INSUFFICIENT', 'SCHEMA_VERIFICATION', 'SOURCE_PROVENANCE_VERIFICATION']",Review latest project update and verify missing or inconsistent reporting evidence,2025-06,NOT_ELIGIBLE,,officer-decision-v1,alert-policy-v1
PRH-N24001636,2026-06,,DATA_VERIFICATION_REQUIRED,,WITHHELD,,"['STALE_UPDATE', 'SOURCE_GAP', 'INSUFFICIENT_HISTORY', 'FEATURES_INSUFFICIENT', 'SCHEMA_VERIFICATION', 'SOURCE_PROVENANCE_VERIFICATION']",Review latest project update and verify missing or inconsistent reporting evidence,2025-06,NOT_ELIGIBLE,,officer-decision-v1,alert-policy-v1
PRH-N24001641,2026-06,,DATA_VERIFICATION_REQUIRED,,WITHHELD,,"['STALE_UPDATE', 'SOURCE_GAP', 'INSUFFICIENT_HISTORY', 'FEATURES_INSUFFICIENT', 'SCHEMA_VERIFICATION', 'SOURCE_PROVENANCE_VERIFICATION']",Review latest project update and verify missing or inconsistent reporting evidence,2025-06,NOT_ELIGIBLE,,officer-decision-v1,alert-policy-v1
PRH-N24001645,2026-06,,NO_REVIEW_SIGNAL,,WITHHELD,,['COMPLETED_PROJECT'],,2024-07,NOT_ELIGIBLE,,officer-decision-v1,alert-policy-v1
PRH-N24001647,2026-06,,NO_REVIEW_SIGNAL,,WITHHELD,,['COMPLETED_PROJECT'],,2025-06,NOT_ELIGIBLE,,officer-decision-v1,alert-policy-v1
PRH-N24001650,2026-06,,DATA_VERIFICATION_REQUIRED,,WITHHELD,,"['STALE_UPDATE', 'SOURCE_GAP', 'INSUFFICIENT_HISTORY', 'FEATURES_INSUFFICIENT', 'SCHEMA_VERIFICATION', 'SOURCE_PROVENANCE_VERIFICATION']",Review latest project update and verify missing or inconsistent reporting evidence,2025-06,NOT_ELIGIBLE,,officer-decision-v1,alert-policy-v1
PRH-N24001654,2026-06,,DATA_VERIFICATION_REQUIRED,,WITHHELD,,"['STALE_UPDATE', 'SOURCE_GAP', 'INSUFFICIENT_HISTORY', 'FEATURES_INSUFFICIENT', 'SCHEMA_VERIFICATION', 'SOURCE_PROVENANCE_VERIFICATION']",Review latest project update and verify missing or inconsistent reporting evidence,2025-06,NOT_ELIGIBLE,,officer-decision-v1,alert-policy-v1
PRH-N24001662,2026-06,,DATA_VERIFICATION_REQUIRED,,WITHHELD,,"['STALE_UPDATE', 'SOURCE_GAP', 'INSUFFICIENT_HISTORY', 'FEATURES_INSUFFICIENT', 'SCHEMA_VERIFICATION', 'SOURCE_PROVENANCE_VERIFICATION']",Review latest project update and verify missing or inconsistent reporting evidence,2025-06,NOT_ELIGIBLE,,officer-decision-v1,alert-policy-v1
PRH-N24001663,2026-06,,DATA_VERIFICATION_REQUIRED,,WITHHELD,,"['STALE_UPDATE', 'SOURCE_GAP', 'INSUFFICIENT_HISTORY', 'FEATURES_INSUFFICIENT', 'SCHEMA_VERIFICATION', 'SOURCE_PROVENANCE_VERIFICATION']",Review latest project update and verify missing or inconsistent reporting evidence,2025-06,NOT_ELIGIBLE,,officer-decision-v1,alert-policy-v1
PRH-N24001666,2026-06,,DATA_VERIFICATION_REQUIRED,,WITHHELD,,"['STALE_UPDATE', 'SOURCE_GAP', 'INSUFFICIENT_HISTORY', 'FEATURES_INSUFFICIENT', 'SCHEMA_VERIFICATION', 'SOURCE_PROVENANCE_VERIFICATION']",Review latest project update and verify missing or inconsistent reporting evidence,2025-06,NOT_ELIGIBLE,,officer-decision-v1,alert-policy-v1
PRH-N24001670,2026-06,,DATA_VERIFICATION_REQUIRED,,WITHHELD,,"['STALE_UPDATE', 'SOURCE_GAP', 'INSUFFICIENT_HISTORY', 'FEATURES_INSUFFICIENT', 'SCHEMA_VERIFICATION', 'SOURCE_PROVENANCE_VERIFICATION']",Review latest project update and verify missing or inconsistent reporting evidence,2025-06,NOT_ELIGIBLE,,officer-decision-v1,alert-policy-v1
PRH-N24001671,2026-06,,DATA_VERIFICATION_REQUIRED,,WITHHELD,,"['STALE_UPDATE', 'SOURCE_GAP', 'INSUFFICIENT_HISTORY', 'FEATURES_INSUFFICIENT', 'SCHEMA_VERIFICATION', 'SOURCE_PROVENANCE_VERIFICATION']",Review latest project update and verify missing or inconsistent reporting evidence,2025-06,NOT_ELIGIBLE,,officer-decision-v1,alert-policy-v1
PRH-N24001672,2026-06,,DATA_VERIFICATION_REQUIRED,,WITHHELD,,"['STALE_UPDATE', 'SOURCE_GAP', 'INSUFFICIENT_HISTORY', 'FEATURES_INSUFFICIENT', 'SCHEMA_VERIFICATION', 'SOURCE_PROVENANCE_VERIFICATION']",Review latest project update and verify missing or inconsistent reporting evidence,2024-07,NOT_ELIGIBLE,,officer-decision-v1,alert-policy-v1
PRH-N24001673,2026-06,,DATA_VERIFICATION_REQUIRED,,WITHHELD,,"['STALE_UPDATE', 'SOURCE_GAP', 'INSUFFICIENT_HISTORY', 'FEATURES_INSUFFICIENT', 'SCHEMA_VERIFICATION', 'SOURCE_PROVENANCE_VERIFICATION']",Review latest project update and verify missing or inconsistent reporting evidence,2025-06,NOT_ELIGIBLE,,officer-decision-v1,alert-policy-v1
PRH-N24001675,2026-06,,DATA_VERIFICATION_REQUIRED,,WITHHELD,,"['STALE_UPDATE', 'SOURCE_GAP', 'INSUFFICIENT_HISTORY', 'FEATURES_INSUFFICIENT', 'SCHEMA_VERIFICATION', 'SOURCE_PROVENANCE_VERIFICATION']",Review latest project update and verify missing or inconsistent reporting evidence,2025-03,NOT_ELIGIBLE,,officer-decision-v1,alert-policy-v1
PRH-N24001683,2026-06,,NO_REVIEW_SIGNAL,,WITHHELD,,['COMPLETED_PROJECT'],,2025-03,NOT_ELIGIBLE,,officer-decision-v1,alert-policy-v1
PRH-N24001684,2026-06,,DATA_VERIFICATION_REQUIRED,,WITHHELD,,"['STALE_UPDATE', 'SOURCE_GAP', 'INSUFFICIENT_HISTORY', 'FEATURES_INSUFFICIENT', 'SCHEMA_VERIFICATION', 'SOURCE_PROVENANCE_VERIFICATION']",Review latest project update and verify missing or inconsistent reporting evidence,2025-06,NOT_ELIGIBLE,,officer-decision-v1,alert-policy-v1
PRH-N24001685,2026-06,,DATA_VERIFICATION_REQUIRED,,WITHHELD,,"['STALE_UPDATE', 'SOURCE_GAP', 'INSUFFICIENT_HISTORY', 'FEATURES_INSUFFICIENT', 'SCHEMA_VERIFICATION', 'SOURCE_PROVENANCE_VERIFICATION']",Review latest project update and verify missing or inconsistent reporting evidence,2024-07,NOT_ELIGIBLE,,officer-decision-v1,alert-policy-v1
PRH-N24001686,2026-06,,DATA_VERIFICATION_REQUIRED,,WITHHELD,,"['STALE_UPDATE', 'SOURCE_GAP', 'INSUFFICIENT_HISTORY', 'FEATURES_INSUFFICIENT', 'SCHEMA_VERIFICATION', 'SOURCE_PROVENANCE_VERIFICATION']",Review latest project update and verify missing or inconsistent reporting evidence,2025-03,NOT_ELIGIBLE,,officer-decision-v1,alert-policy-v1
PRH-N24001688,2026-06,,DATA_VERIFICATION_REQUIRED,,WITHHELD,,"['STALE_UPDATE', 'SOURCE_GAP', 'INSUFFICIENT_HISTORY', 'FEATURES_INSUFFICIENT', 'SCHEMA_VERIFICATION', 'SOURCE_PROVENANCE_VERIFICATION']",Review latest project update and verify missing or inconsistent reporting evidence,2024-07,NOT_ELIGIBLE,,officer-decision-v1,alert-policy-v1
PRH-N24001689,2026-06,,DATA_VERIFICATION_REQUIRED,,WITHHELD,,"['STALE_UPDATE', 'SOURCE_GAP', 'INSUFFICIENT_HISTORY', 'FEATURES_INSUFFICIENT', 'SCHEMA_VERIFICATION', 'SOURCE_PROVENANCE_VERIFICATION']",Review latest project update and verify missing or inconsistent reporting evidence,2024-07,NOT_ELIGIBLE,,officer-decision-v1,alert-policy-v1
PRH-N24001690,2026-06,,DATA_VERIFICATION_REQUIRED,,WITHHELD,,"['STALE_UPDATE', 'SOURCE_GAP', 'INSUFFICIENT_HISTORY', 'FEATURES_INSUFFICIENT', 'SCHEMA_VERIFICATION', 'SOURCE_PROVENANCE_VERIFICATION']",Review latest project update and verify missing or inconsistent reporting evidence,2024-07,NOT_ELIGIBLE,,officer-decision-v1,alert-policy-v1
PRH-N24001691,2026-06,,DATA_VERIFICATION_REQUIRED,,WITHHELD,,"['STALE_UPDATE', 'SOURCE_GAP', 'INSUFFICIENT_HISTORY', 'FEATURES_INSUFFICIENT', 'SCHEMA_VERIFICATION', 'SOURCE_PROVENANCE_VERIFICATION']",Review latest project update and verify missing or inconsistent reporting evidence,2025-03,NOT_ELIGIBLE,,officer-decision-v1,alert-policy-v1
PRH-N24001692,2026-06,,DATA_VERIFICATION_REQUIRED,,WITHHELD,,"['STALE_UPDATE', 'SOURCE_GAP', 'INSUFFICIENT_HISTORY', 'FEATURES_INSUFFICIENT', 'SCHEMA_VERIFICATION', 'SOURCE_PROVENANCE_VERIFICATION']",Review latest project update and verify missing or inconsistent reporting evidence,2025-06,NOT_ELIGIBLE,,officer-decision-v1,alert-policy-v1
PRH-N24001695,2026-06,,DATA_VERIFICATION_REQUIRED,,WITHHELD,,"['STALE_UPDATE', 'SOURCE_GAP', 'INSUFFICIENT_HISTORY', 'FEATURES_INSUFFICIENT', 'SCHEMA_VERIFICATION', 'SOURCE_PROVENANCE_VERIFICATION']",Review latest project update and verify missing or inconsistent reporting evidence,2024-03,NOT_ELIGIBLE,,officer-decision-v1,alert-policy-v1
PRH-N24001696,2026-06,,DATA_VERIFICATION_REQUIRED,,WITHHELD,,"['STALE_UPDATE', 'SOURCE_GAP', 'INSUFFICIENT_HISTORY', 'FEATURES_INSUFFICIENT', 'SCHEMA_VERIFICATION', 'SOURCE_PROVENANCE_VERIFICATION']",Review latest project update and verify missing or inconsistent reporting evidence,2025-06,NOT_ELIGIBLE,,officer-decision-v1,alert-policy-v1
PRH-N24001698,2026-06,,DATA_VERIFICATION_REQUIRED,,WITHHELD,,"['STALE_UPDATE', 'SOURCE_GAP', 'INSUFFICIENT_HISTORY', 'FEATURES_INSUFFICIENT', 'SCHEMA_VERIFICATION', 'SOURCE_PROVENANCE_VERIFICATION']",Review latest project update and verify missing or inconsistent reporting evidence,2025-06,NOT_ELIGIBLE,,officer-decision-v1,alert-policy-v1
PRH-N24001701,2026-06,,DATA_VERIFICATION_REQUIRED,,WITHHELD,,"['STALE_UPDATE', 'SOURCE_GAP', 'INSUFFICIENT_HISTORY', 'FEATURES_INSUFFICIENT', 'SCHEMA_VERIFICATION', 'SOURCE_PROVENANCE_VERIFICATION']",Review latest project update and verify missing or inconsistent reporting evidence,2025-06,NOT_ELIGIBLE,,officer-decision-v1,alert-policy-v1
PRH-N24001704,2026-06,,DATA_VERIFICATION_REQUIRED,,WITHHELD,,"['STALE_UPDATE', 'SOURCE_GAP', 'INSUFFICIENT_HISTORY', 'FEATURES_INSUFFICIENT', 'SCHEMA_VERIFICATION', 'SOURCE_PROVENANCE_VERIFICATION']",Review latest project update and verify missing or inconsistent reporting evidence,2025-06,NOT_ELIGIBLE,,officer-decision-v1,alert-policy-v1
PRH-N24001705,2026-06,,DATA_VERIFICATION_REQUIRED,,WITHHELD,,"['STALE_UPDATE', 'SOURCE_GAP', 'INSUFFICIENT_HISTORY', 'FEATURES_INSUFFICIENT', 'SCHEMA_VERIFICATION', 'SOURCE_PROVENANCE_VERIFICATION']",Review latest project update and verify missing or inconsistent reporting evidence,2025-06,NOT_ELIGIBLE,,officer-decision-v1,alert-policy-v1
PRH-N24001706,2026-06,,DATA_VERIFICATION_REQUIRED,,WITHHELD,,"['STALE_UPDATE', 'SOURCE_GAP', 'INSUFFICIENT_HISTORY', 'FEATURES_INSUFFICIENT', 'SCHEMA_VERIFICATION', 'SOURCE_PROVENANCE_VERIFICATION']",Review latest project update and verify missing or inconsistent reporting evidence,2024-10,NOT_ELIGIBLE,,officer-decision-v1,alert-policy-v1
PRH-N24001707,2026-06,,DATA_VERIFICATION_REQUIRED,,WITHHELD,,"['STALE_UPDATE', 'SOURCE_GAP', 'INSUFFICIENT_HISTORY', 'FEATURES_INSUFFICIENT', 'SCHEMA_VERIFICATION', 'SOURCE_PROVENANCE_VERIFICATION']",Review latest project update and verify missing or inconsistent reporting evidence,2024-10,NOT_ELIGIBLE,,officer-decision-v1,alert-policy-v1
PRH-N24001708,2026-06,,DATA_VERIFICATION_REQUIRED,,WITHHELD,,"['STALE_UPDATE', 'SOURCE_GAP', 'INSUFFICIENT_HISTORY', 'FEATURES_INSUFFICIENT', 'SCHEMA_VERIFICATION', 'SOURCE_PROVENANCE_VERIFICATION']",Review latest project update and verify missing or inconsistent reporting evidence,2025-04,NOT_ELIGIBLE,,officer-decision-v1,alert-policy-v1
PRH-N24001710,2026-06,,DATA_VERIFICATION_REQUIRED,,WITHHELD,,"['STALE_UPDATE', 'SOURCE_GAP', 'INSUFFICIENT_HISTORY', 'FEATURES_INSUFFICIENT', 'SCHEMA_VERIFICATION', 'SOURCE_PROVENANCE_VERIFICATION']",Review latest project update and verify missing or inconsistent reporting evidence,2024-10,NOT_ELIGIBLE,,officer-decision-v1,alert-policy-v1
PRH-N24001711,2026-06,,NO_REVIEW_SIGNAL,,WITHHELD,,['COMPLETED_PROJECT'],,2025-04,NOT_ELIGIBLE,,officer-decision-v1,alert-policy-v1
PRH-N24001713,2026-06,,DATA_VERIFICATION_REQUIRED,,WITHHELD,,"['STALE_UPDATE', 'SOURCE_GAP', 'INSUFFICIENT_HISTORY', 'FEATURES_INSUFFICIENT', 'SCHEMA_VERIFICATION', 'SOURCE_PROVENANCE_VERIFICATION']",Review latest project update and verify missing or inconsistent reporting evidence,2023-07,NOT_ELIGIBLE,,officer-decision-v1,alert-policy-v1
PRH-N24001715,2026-06,,NO_REVIEW_SIGNAL,,WITHHELD,,['COMPLETED_PROJECT'],,2025-06,NOT_ELIGIBLE,,officer-decision-v1,alert-policy-v1
PRH-N24001716,2026-06,,NO_REVIEW_SIGNAL,,WITHHELD,,['COMPLETED_PROJECT'],,2025-06,NOT_ELIGIBLE,,officer-decision-v1,alert-policy-v1
PRH-N24001722,2026-06,,DATA_VERIFICATION_REQUIRED,,WITHHELD,,"['STALE_UPDATE', 'SOURCE_GAP', 'INSUFFICIENT_HISTORY', 'FEATURES_INSUFFICIENT', 'SCHEMA_VERIFICATION', 'SOURCE_PROVENANCE_VERIFICATION']",Review latest project update and verify missing or inconsistent reporting evidence,2025-06,NOT_ELIGIBLE,,officer-decision-v1,alert-policy-v1
PRH-N24001724,2026-06,,DATA_VERIFICATION_REQUIRED,,WITHHELD,,"['STALE_UPDATE', 'SOURCE_GAP', 'INSUFFICIENT_HISTORY', 'FEATURES_INSUFFICIENT', 'SCHEMA_VERIFICATION', 'SOURCE_PROVENANCE_VERIFICATION']",Review latest project update and verify missing or inconsistent reporting evidence,2024-03,NOT_ELIGIBLE,,officer-decision-v1,alert-policy-v1
PRH-N24001725,2026-06,,DATA_VERIFICATION_REQUIRED,,WITHHELD,,"['STALE_UPDATE', 'SOURCE_GAP', 'INSUFFICIENT_HISTORY', 'FEATURES_INSUFFICIENT', 'SCHEMA_VERIFICATION', 'SOURCE_PROVENANCE_VERIFICATION']",Review latest project update and verify missing or inconsistent reporting evidence,2025-06,NOT_ELIGIBLE,,officer-decision-v1,alert-policy-v1
PRH-N24001726,2026-06,,DATA_VERIFICATION_REQUIRED,,WITHHELD,,"['STALE_UPDATE', 'SOURCE_GAP', 'INSUFFICIENT_HISTORY', 'FEATURES_INSUFFICIENT', 'SCHEMA_VERIFICATION', 'SOURCE_PROVENANCE_VERIFICATION']",Review latest project update and verify missing or inconsistent reporting evidence,2025-06,NOT_ELIGIBLE,,officer-decision-v1,alert-policy-v1
PRH-N24001728,2026-06,,DATA_VERIFICATION_REQUIRED,,WITHHELD,,"['STALE_UPDATE', 'SOURCE_GAP', 'INSUFFICIENT_HISTORY', 'FEATURES_INSUFFICIENT', 'SCHEMA_VERIFICATION', 'SOURCE_PROVENANCE_VERIFICATION']",Review latest project update and verify missing or inconsistent reporting evidence,2025-03,NOT_ELIGIBLE,,officer-decision-v1,alert-policy-v1
PRH-N24001730,2026-06,,DATA_VERIFICATION_REQUIRED,,WITHHELD,,"['STALE_UPDATE', 'SOURCE_GAP', 'INSUFFICIENT_HISTORY', 'FEATURES_INSUFFICIENT', 'SCHEMA_VERIFICATION', 'SOURCE_PROVENANCE_VERIFICATION']",Review latest project update and verify missing or inconsistent reporting evidence,2025-06,NOT_ELIGIBLE,,officer-decision-v1,alert-policy-v1
PRH-N24001736,2026-06,,DATA_VERIFICATION_REQUIRED,,WITHHELD,,"['STALE_UPDATE', 'SOURCE_GAP', 'INSUFFICIENT_HISTORY', 'FEATURES_INSUFFICIENT', 'SCHEMA_VERIFICATION', 'SOURCE_PROVENANCE_VERIFICATION']",Review latest project update and verify missing or inconsistent reporting evidence,2025-06,NOT_ELIGIBLE,,officer-decision-v1,alert-policy-v1
PRH-N24001737,2026-06,,NO_REVIEW_SIGNAL,,WITHHELD,,['COMPLETED_PROJECT'],,2025-06,NOT_ELIGIBLE,,officer-decision-v1,alert-policy-v1
PRH-N24001739,2026-06,,NO_REVIEW_SIGNAL,,WITHHELD,,['COMPLETED_PROJECT'],,2025-06,NOT_ELIGIBLE,,officer-decision-v1,alert-policy-v1
PRH-N24001740,2026-06,,DATA_VERIFICATION_REQUIRED,,WITHHELD,,"['STALE_UPDATE', 'SOURCE_GAP', 'INSUFFICIENT_HISTORY', 'FEATURES_INSUFFICIENT', 'SCHEMA_VERIFICATION', 'SOURCE_PROVENANCE_VERIFICATION']",Review latest project update and verify missing or inconsistent reporting evidence,2024-01,NOT_ELIGIBLE,,officer-decision-v1,alert-policy-v1
PRH-N24001741,2026-06,,DATA_VERIFICATION_REQUIRED,,WITHHELD,,"['STALE_UPDATE', 'SOURCE_GAP', 'INSUFFICIENT_HISTORY', 'FEATURES_INSUFFICIENT', 'SCHEMA_VERIFICATION', 'SOURCE_PROVENANCE_VERIFICATION']",Review latest project update and verify missing or inconsistent reporting evidence,2023-11,NOT_ELIGIBLE,,officer-decision-v1,alert-policy-v1
PRH-N24001742,2026-06,,DATA_VERIFICATION_REQUIRED,,WITHHELD,,"['STALE_UPDATE', 'SOURCE_GAP', 'INSUFFICIENT_HISTORY', 'FEATURES_INSUFFICIENT', 'SCHEMA_VERIFICATION', 'SOURCE_PROVENANCE_VERIFICATION']",Review latest project update and verify missing or inconsistent reporting evidence,2024-03,NOT_ELIGIBLE,,officer-decision-v1,alert-policy-v1
PRH-N24001743,2026-06,,DATA_VERIFICATION_REQUIRED,,WITHHELD,,"['STALE_UPDATE', 'SOURCE_GAP', 'INSUFFICIENT_HISTORY', 'FEATURES_INSUFFICIENT', 'SCHEMA_VERIFICATION', 'SOURCE_PROVENANCE_VERIFICATION']",Review latest project update and verify missing or inconsistent reporting evidence,2024-01,NOT_ELIGIBLE,,officer-decision-v1,alert-policy-v1
PRH-N24001744,2026-06,,DATA_VERIFICATION_REQUIRED,,WITHHELD,,"['STALE_UPDATE', 'SOURCE_GAP', 'INSUFFICIENT_HISTORY', 'FEATURES_INSUFFICIENT', 'SCHEMA_VERIFICATION', 'SOURCE_PROVENANCE_VERIFICATION']",Review latest project update and verify missing or inconsistent reporting evidence,2025-06,NOT_ELIGIBLE,,officer-decision-v1,alert-policy-v1
PRH-N24001747,2026-06,,DATA_VERIFICATION_REQUIRED,,WITHHELD,,"['STALE_UPDATE', 'SOURCE_GAP', 'INSUFFICIENT_HISTORY', 'FEATURES_INSUFFICIENT', 'SCHEMA_VERIFICATION', 'SOURCE_PROVENANCE_VERIFICATION']",Review latest project update and verify missing or inconsistent reporting evidence,2025-06,NOT_ELIGIBLE,,officer-decision-v1,alert-policy-v1
PRH-N24001748,2026-06,,DATA_VERIFICATION_REQUIRED,,WITHHELD,,"['STALE_UPDATE', 'SOURCE_GAP', 'INSUFFICIENT_HISTORY', 'FEATURES_INSUFFICIENT', 'SCHEMA_VERIFICATION', 'SOURCE_PROVENANCE_VERIFICATION']",Review latest project update and verify missing or inconsistent reporting evidence,2025-06,NOT_ELIGIBLE,,officer-decision-v1,alert-policy-v1
PRH-N24001751,2026-06,,DATA_VERIFICATION_REQUIRED,,WITHHELD,,"['STALE_UPDATE', 'SOURCE_GAP', 'INSUFFICIENT_HISTORY', 'FEATURES_INSUFFICIENT', 'SCHEMA_VERIFICATION', 'SOURCE_PROVENANCE_VERIFICATION']",Review latest project update and verify missing or inconsistent reporting evidence,2024-01,NOT_ELIGIBLE,,officer-decision-v1,alert-policy-v1
PRH-N24001752,2026-06,,NO_REVIEW_SIGNAL,,WITHHELD,,['COMPLETED_PROJECT'],,2024-10,NOT_ELIGIBLE,,officer-decision-v1,alert-policy-v1
PRH-N24001755,2026-06,,NO_REVIEW_SIGNAL,,WITHHELD,,['COMPLETED_PROJECT'],,2025-06,NOT_ELIGIBLE,,officer-decision-v1,alert-policy-v1
PRH-N24001756,2026-06,,DATA_VERIFICATION_REQUIRED,,WITHHELD,,"['STALE_UPDATE', 'SOURCE_GAP', 'INSUFFICIENT_HISTORY', 'FEATURES_INSUFFICIENT', 'SCHEMA_VERIFICATION', 'SOURCE_PROVENANCE_VERIFICATION']",Review latest project update and verify missing or inconsistent reporting evidence,2025-01,NOT_ELIGIBLE,,officer-decision-v1,alert-policy-v1
PRH-N24001757,2026-06,,DATA_VERIFICATION_REQUIRED,,WITHHELD,,"['STALE_UPDATE', 'SOURCE_GAP', 'INSUFFICIENT_HISTORY', 'FEATURES_INSUFFICIENT', 'SCHEMA_VERIFICATION', 'SOURCE_PROVENANCE_VERIFICATION']",Review latest project update and verify missing or inconsistent reporting evidence,2024-03,NOT_ELIGIBLE,,officer-decision-v1,alert-policy-v1
PRH-N24001758,2026-06,,NO_REVIEW_SIGNAL,,WITHHELD,,['COMPLETED_PROJECT'],,2025-01,NOT_ELIGIBLE,,officer-decision-v1,alert-policy-v1
PRH-N24001760,2026-06,,DATA_VERIFICATION_REQUIRED,,WITHHELD,,"['STALE_UPDATE', 'SOURCE_GAP', 'INSUFFICIENT_HISTORY', 'FEATURES_INSUFFICIENT', 'SCHEMA_VERIFICATION', 'SOURCE_PROVENANCE_VERIFICATION']",Review latest project update and verify missing or inconsistent reporting evidence,2024-01,NOT_ELIGIBLE,,officer-decision-v1,alert-policy-v1
PRH-N24001761,2026-06,,NO_REVIEW_SIGNAL,,WITHHELD,,['COMPLETED_PROJECT'],,2025-01,NOT_ELIGIBLE,,officer-decision-v1,alert-policy-v1
PRH-N24001763,2026-06,,NO_REVIEW_SIGNAL,,WITHHELD,,['COMPLETED_PROJECT'],,2024-07,NOT_ELIGIBLE,,officer-decision-v1,alert-policy-v1
PRH-N24001764,2026-06,,DATA_VERIFICATION_REQUIRED,,WITHHELD,,"['STALE_UPDATE', 'SOURCE_GAP', 'INSUFFICIENT_HISTORY', 'FEATURES_INSUFFICIENT', 'SCHEMA_VERIFICATION', 'SOURCE_PROVENANCE_VERIFICATION']",Review latest project update and verify missing or inconsistent reporting evidence,2024-07,NOT_ELIGIBLE,,officer-decision-v1,alert-policy-v1
PRH-N24001765,2026-06,,DATA_VERIFICATION_REQUIRED,,WITHHELD,,"['STALE_UPDATE', 'SOURCE_GAP', 'INSUFFICIENT_HISTORY', 'FEATURES_INSUFFICIENT', 'SCHEMA_VERIFICATION', 'SOURCE_PROVENANCE_VERIFICATION']",Review latest project update and verify missing or inconsistent reporting evidence,2025-04,NOT_ELIGIBLE,,officer-decision-v1,alert-policy-v1
PRH-N24001768,2026-06,,NO_REVIEW_SIGNAL,,WITHHELD,,['COMPLETED_PROJECT'],,2025-04,NOT_ELIGIBLE,,officer-decision-v1,alert-policy-v1
PRH-N24001769,2026-06,,DATA_VERIFICATION_REQUIRED,,WITHHELD,,"['STALE_UPDATE', 'SOURCE_GAP', 'INSUFFICIENT_HISTORY', 'FEATURES_INSUFFICIENT', 'SCHEMA_VERIFICATION', 'SOURCE_PROVENANCE_VERIFICATION']",Review latest project update and verify missing or inconsistent reporting evidence,2024-10,NOT_ELIGIBLE,,officer-decision-v1,alert-policy-v1
PRH-N24001770,2026-06,,NO_REVIEW_SIGNAL,,WITHHELD,,['COMPLETED_PROJECT'],,2025-06,NOT_ELIGIBLE,,officer-decision-v1,alert-policy-v1
PRH-N24001775,2026-06,,NO_REVIEW_SIGNAL,,WITHHELD,,['COMPLETED_PROJECT'],,2025-06,NOT_ELIGIBLE,,officer-decision-v1,alert-policy-v1
PRH-N24001776,2026-06,,DATA_VERIFICATION_REQUIRED,,WITHHELD,,"['STALE_UPDATE', 'SOURCE_GAP', 'INSUFFICIENT_HISTORY', 'FEATURES_INSUFFICIENT', 'SCHEMA_VERIFICATION', 'SOURCE_PROVENANCE_VERIFICATION']",Review latest project update and verify missing or inconsistent reporting evidence,2023-11,NOT_ELIGIBLE,,officer-decision-v1,alert-policy-v1
PRH-N24001778,2026-06,,DATA_VERIFICATION_REQUIRED,,WITHHELD,,"['STALE_UPDATE', 'SOURCE_GAP', 'INSUFFICIENT_HISTORY', 'FEATURES_INSUFFICIENT', 'SCHEMA_VERIFICATION', 'SOURCE_PROVENANCE_VERIFICATION']",Review latest project update and verify missing or inconsistent reporting evidence,2025-01,NOT_ELIGIBLE,,officer-decision-v1,alert-policy-v1
PRH-N24001779,2026-06,,DATA_VERIFICATION_REQUIRED,,WITHHELD,,"['STALE_UPDATE', 'SOURCE_GAP', 'INSUFFICIENT_HISTORY', 'FEATURES_INSUFFICIENT', 'SCHEMA_VERIFICATION', 'SOURCE_PROVENANCE_VERIFICATION']",Review latest project update and verify missing or inconsistent reporting evidence,2025-06,NOT_ELIGIBLE,,officer-decision-v1,alert-policy-v1
PRH-N24001780,2026-06,,NO_REVIEW_SIGNAL,,WITHHELD,,['COMPLETED_PROJECT'],,2024-12,NOT_ELIGIBLE,,officer-decision-v1,alert-policy-v1
PRH-N24001782,2026-06,,DATA_VERIFICATION_REQUIRED,,WITHHELD,,"['STALE_UPDATE', 'SOURCE_GAP', 'INSUFFICIENT_HISTORY', 'FEATURES_INSUFFICIENT', 'SCHEMA_VERIFICATION', 'SOURCE_PROVENANCE_VERIFICATION']",Review latest project update and verify missing or inconsistent reporting evidence,2024-03,NOT_ELIGIBLE,,officer-decision-v1,alert-policy-v1
PRH-N24001783,2026-06,,DATA_VERIFICATION_REQUIRED,,WITHHELD,,"['STALE_UPDATE', 'SOURCE_GAP', 'INSUFFICIENT_HISTORY', 'FEATURES_INSUFFICIENT', 'SCHEMA_VERIFICATION', 'SOURCE_PROVENANCE_VERIFICATION']",Review latest project update and verify missing or inconsistent reporting evidence,2025-03,NOT_ELIGIBLE,,officer-decision-v1,alert-policy-v1
PRH-N24001784,2026-06,,DATA_VERIFICATION_REQUIRED,,WITHHELD,,"['STALE_UPDATE', 'SOURCE_GAP', 'INSUFFICIENT_HISTORY', 'FEATURES_INSUFFICIENT', 'SCHEMA_VERIFICATION', 'SOURCE_PROVENANCE_VERIFICATION']",Review latest project update and verify missing or inconsistent reporting evidence,2024-07,NOT_ELIGIBLE,,officer-decision-v1,alert-policy-v1
PRH-N24001787,2026-06,,DATA_VERIFICATION_REQUIRED,,WITHHELD,,"['STALE_UPDATE', 'SOURCE_GAP', 'INSUFFICIENT_HISTORY', 'FEATURES_INSUFFICIENT', 'SCHEMA_VERIFICATION', 'SOURCE_PROVENANCE_VERIFICATION']",Review latest project update and verify missing or inconsistent reporting evidence,2024-03,NOT_ELIGIBLE,,officer-decision-v1,alert-policy-v1
PRH-N24001788,2026-06,,DATA_VERIFICATION_REQUIRED,,WITHHELD,,"['STALE_UPDATE', 'SOURCE_GAP', 'INSUFFICIENT_HISTORY', 'FEATURES_INSUFFICIENT', 'SCHEMA_VERIFICATION', 'SOURCE_PROVENANCE_VERIFICATION']",Review latest project update and verify missing or inconsistent reporting evidence,2025-04,NOT_ELIGIBLE,,officer-decision-v1,alert-policy-v1
PRH-N24001791,2026-06,,DATA_VERIFICATION_REQUIRED,,WITHHELD,,"['STALE_UPDATE', 'SOURCE_GAP', 'INSUFFICIENT_HISTORY', 'FEATURES_INSUFFICIENT', 'SCHEMA_VERIFICATION', 'SOURCE_PROVENANCE_VERIFICATION']",Review latest project update and verify missing or inconsistent reporting evidence,2025-03,NOT_ELIGIBLE,,officer-decision-v1,alert-policy-v1
PRH-N24001792,2026-06,,NO_REVIEW_SIGNAL,,WITHHELD,,['COMPLETED_PROJECT'],,2025-06,NOT_ELIGIBLE,,officer-decision-v1,alert-policy-v1
PRH-N24001797,2026-06,,NO_REVIEW_SIGNAL,,WITHHELD,,['COMPLETED_PROJECT'],,2025-06,NOT_ELIGIBLE,,officer-decision-v1,alert-policy-v1
PRH-N24001800,2026-06,,DATA_VERIFICATION_REQUIRED,,WITHHELD,,"['STALE_UPDATE', 'SOURCE_GAP', 'INSUFFICIENT_HISTORY', 'FEATURES_INSUFFICIENT', 'SCHEMA_VERIFICATION', 'SOURCE_PROVENANCE_VERIFICATION']",Review latest project update and verify missing or inconsistent reporting evidence,2023-11,NOT_ELIGIBLE,,officer-decision-v1,alert-policy-v1
PRH-N24001801,2026-06,,DATA_VERIFICATION_REQUIRED,,WITHHELD,,"['STALE_UPDATE', 'SOURCE_GAP', 'INSUFFICIENT_HISTORY', 'FEATURES_INSUFFICIENT', 'SCHEMA_VERIFICATION', 'SOURCE_PROVENANCE_VERIFICATION']",Review latest project update and verify missing or inconsistent reporting evidence,2023-11,NOT_ELIGIBLE,,officer-decision-v1,alert-policy-v1
PRH-N24001802,2026-06,,DATA_VERIFICATION_REQUIRED,,WITHHELD,,"['STALE_UPDATE', 'SOURCE_GAP', 'INSUFFICIENT_HISTORY', 'FEATURES_INSUFFICIENT', 'SCHEMA_VERIFICATION', 'SOURCE_PROVENANCE_VERIFICATION']",Review latest project update and verify missing or inconsistent reporting evidence,2023-09,NOT_ELIGIBLE,,officer-decision-v1,alert-policy-v1
PRH-N24001803,2026-06,,DATA_VERIFICATION_REQUIRED,,WITHHELD,,"['STALE_UPDATE', 'SOURCE_GAP', 'INSUFFICIENT_HISTORY', 'FEATURES_INSUFFICIENT', 'SCHEMA_VERIFICATION', 'SOURCE_PROVENANCE_VERIFICATION']",Review latest project update and verify missing or inconsistent reporting evidence,2024-03,NOT_ELIGIBLE,,officer-decision-v1,alert-policy-v1
PRH-N24001805,2026-06,,DATA_VERIFICATION_REQUIRED,,WITHHELD,,"['STALE_UPDATE', 'SOURCE_GAP', 'INSUFFICIENT_HISTORY', 'FEATURES_INSUFFICIENT', 'SCHEMA_VERIFICATION', 'SOURCE_PROVENANCE_VERIFICATION']",Review latest project update and verify missing or inconsistent reporting evidence,2024-03,NOT_ELIGIBLE,,officer-decision-v1,alert-policy-v1
PRH-N24001806,2026-06,,DATA_VERIFICATION_REQUIRED,,WITHHELD,,"['STALE_UPDATE', 'SOURCE_GAP', 'INSUFFICIENT_HISTORY', 'FEATURES_INSUFFICIENT', 'SCHEMA_VERIFICATION', 'SOURCE_PROVENANCE_VERIFICATION']",Review latest project update and verify missing or inconsistent reporting evidence,2024-03,NOT_ELIGIBLE,,officer-decision-v1,alert-policy-v1
PRH-N24001807,2026-06,,DATA_VERIFICATION_REQUIRED,,WITHHELD,,"['STALE_UPDATE', 'SOURCE_GAP', 'INSUFFICIENT_HISTORY', 'FEATURES_INSUFFICIENT', 'SCHEMA_VERIFICATION', 'SOURCE_PROVENANCE_VERIFICATION']",Review latest project update and verify missing or inconsistent reporting evidence,2024-03,NOT_ELIGIBLE,,officer-decision-v1,alert-policy-v1
PRH-N24001811,2026-06,,NO_REVIEW_SIGNAL,,WITHHELD,,['COMPLETED_PROJECT'],,2025-06,NOT_ELIGIBLE,,officer-decision-v1,alert-policy-v1
PRH-N24001813,2026-06,,DATA_VERIFICATION_REQUIRED,,WITHHELD,,"['STALE_UPDATE', 'SOURCE_GAP', 'INSUFFICIENT_HISTORY', 'FEATURES_INSUFFICIENT', 'SCHEMA_VERIFICATION', 'SOURCE_PROVENANCE_VERIFICATION']",Review latest project update and verify missing or inconsistent reporting evidence,2025-06,NOT_ELIGIBLE,,officer-decision-v1,alert-policy-v1
PRH-N24001815,2026-06,,NO_REVIEW_SIGNAL,,WITHHELD,,['COMPLETED_PROJECT'],,2025-04,NOT_ELIGIBLE,,officer-decision-v1,alert-policy-v1
PRH-N24001816,2026-06,,DATA_VERIFICATION_REQUIRED,,WITHHELD,,"['STALE_UPDATE', 'SOURCE_GAP', 'INSUFFICIENT_HISTORY', 'FEATURES_INSUFFICIENT', 'SCHEMA_VERIFICATION', 'SOURCE_PROVENANCE_VERIFICATION']",Review latest project update and verify missing or inconsistent reporting evidence,2024-03,NOT_ELIGIBLE,,officer-decision-v1,alert-policy-v1
PRH-N24001817,2026-06,,DATA_VERIFICATION_REQUIRED,,WITHHELD,,"['STALE_UPDATE', 'SOURCE_GAP', 'INSUFFICIENT_HISTORY', 'FEATURES_INSUFFICIENT', 'SCHEMA_VERIFICATION', 'SOURCE_PROVENANCE_VERIFICATION']",Review latest project update and verify missing or inconsistent reporting evidence,2025-06,NOT_ELIGIBLE,,officer-decision-v1,alert-policy-v1
PRH-N24001822,2026-06,,DATA_VERIFICATION_REQUIRED,,WITHHELD,,"['STALE_UPDATE', 'SOURCE_GAP', 'INSUFFICIENT_HISTORY', 'FEATURES_INSUFFICIENT', 'SCHEMA_VERIFICATION', 'SOURCE_PROVENANCE_VERIFICATION']",Review latest project update and verify missing or inconsistent reporting evidence,2025-06,NOT_ELIGIBLE,,officer-decision-v1,alert-policy-v1
PRH-N24001825,2026-06,,DATA_VERIFICATION_REQUIRED,,WITHHELD,,"['STALE_UPDATE', 'SOURCE_GAP', 'INSUFFICIENT_HISTORY', 'FEATURES_INSUFFICIENT', 'SCHEMA_VERIFICATION', 'SOURCE_PROVENANCE_VERIFICATION']",Review latest project update and verify missing or inconsistent reporting evidence,2025-06,NOT_ELIGIBLE,,officer-decision-v1,alert-policy-v1
PRH-N24001828,2026-06,,NO_REVIEW_SIGNAL,,WITHHELD,,['COMPLETED_PROJECT'],,2025-06,NOT_ELIGIBLE,,officer-decision-v1,alert-policy-v1
PRH-N24001829,2026-06,,NO_REVIEW_SIGNAL,,WITHHELD,,['COMPLETED_PROJECT'],,2025-06,NOT_ELIGIBLE,,officer-decision-v1,alert-policy-v1
PRH-N24001832,2026-06,,DATA_VERIFICATION_REQUIRED,,WITHHELD,,"['STALE_UPDATE', 'SOURCE_GAP', 'INSUFFICIENT_HISTORY', 'FEATURES_INSUFFICIENT', 'SCHEMA_VERIFICATION', 'SOURCE_PROVENANCE_VERIFICATION']",Review latest project update and verify missing or inconsistent reporting evidence,2025-06,NOT_ELIGIBLE,,officer-decision-v1,alert-policy-v1
PRH-N24001833,2026-06,,DATA_VERIFICATION_REQUIRED,,WITHHELD,,"['STALE_UPDATE', 'SOURCE_GAP', 'INSUFFICIENT_HISTORY', 'FEATURES_INSUFFICIENT', 'SCHEMA_VERIFICATION', 'SOURCE_PROVENANCE_VERIFICATION']",Review latest project update and verify missing or inconsistent reporting evidence,2025-06,NOT_ELIGIBLE,,officer-decision-v1,alert-policy-v1
PRH-N24001839,2026-06,,DATA_VERIFICATION_REQUIRED,,WITHHELD,,"['STALE_UPDATE', 'SOURCE_GAP', 'INSUFFICIENT_HISTORY', 'FEATURES_INSUFFICIENT', 'SCHEMA_VERIFICATION', 'SOURCE_PROVENANCE_VERIFICATION']",Review latest project update and verify missing or inconsistent reporting evidence,2024-03,NOT_ELIGIBLE,,officer-decision-v1,alert-policy-v1
PRH-N24001855,2026-06,,DATA_VERIFICATION_REQUIRED,,WITHHELD,,"['STALE_UPDATE', 'SOURCE_GAP', 'INSUFFICIENT_HISTORY', 'FEATURES_INSUFFICIENT', 'SCHEMA_VERIFICATION', 'SOURCE_PROVENANCE_VERIFICATION']",Review latest project update and verify missing or inconsistent reporting evidence,2025-06,NOT_ELIGIBLE,,officer-decision-v1,alert-policy-v1
PRH-N24001857,2026-06,,DATA_VERIFICATION_REQUIRED,,WITHHELD,,"['STALE_UPDATE', 'SOURCE_GAP', 'INSUFFICIENT_HISTORY', 'FEATURES_INSUFFICIENT', 'SCHEMA_VERIFICATION', 'SOURCE_PROVENANCE_VERIFICATION']",Review latest project update and verify missing or inconsistent reporting evidence,2025-06,NOT_ELIGIBLE,,officer-decision-v1,alert-policy-v1
PRH-N24001863,2026-06,,DATA_VERIFICATION_REQUIRED,,WITHHELD,,"['STALE_UPDATE', 'SOURCE_GAP', 'INSUFFICIENT_HISTORY', 'FEATURES_INSUFFICIENT', 'SCHEMA_VERIFICATION', 'SOURCE_PROVENANCE_VERIFICATION']",Review latest project update and verify missing or inconsistent reporting evidence,2025-06,NOT_ELIGIBLE,,officer-decision-v1,alert-policy-v1
PRH-N24001864,2026-06,,DATA_VERIFICATION_REQUIRED,,WITHHELD,,"['STALE_UPDATE', 'SOURCE_GAP', 'INSUFFICIENT_HISTORY', 'FEATURES_INSUFFICIENT', 'SCHEMA_VERIFICATION', 'SOURCE_PROVENANCE_VERIFICATION']",Review latest project update and verify missing or inconsistent reporting evidence,2025-06,NOT_ELIGIBLE,,officer-decision-v1,alert-policy-v1
PRH-N24001868,2026-06,,DATA_VERIFICATION_REQUIRED,,WITHHELD,,"['STALE_UPDATE', 'SOURCE_GAP', 'INSUFFICIENT_HISTORY', 'FEATURES_INSUFFICIENT', 'SCHEMA_VERIFICATION', 'SOURCE_PROVENANCE_VERIFICATION']",Review latest project update and verify missing or inconsistent reporting evidence,2025-06,NOT_ELIGIBLE,,officer-decision-v1,alert-policy-v1
PRH-N24001869,2026-06,,DATA_VERIFICATION_REQUIRED,,WITHHELD,,"['STALE_UPDATE', 'SOURCE_GAP', 'INSUFFICIENT_HISTORY', 'FEATURES_INSUFFICIENT', 'SCHEMA_VERIFICATION', 'SOURCE_PROVENANCE_VERIFICATION']",Review latest project update and verify missing or inconsistent reporting evidence,2025-04,NOT_ELIGIBLE,,officer-decision-v1,alert-policy-v1
PRH-N24001880,2026-06,,DATA_VERIFICATION_REQUIRED,,WITHHELD,,"['STALE_UPDATE', 'SOURCE_GAP', 'INSUFFICIENT_HISTORY', 'FEATURES_INSUFFICIENT', 'SCHEMA_VERIFICATION', 'SOURCE_PROVENANCE_VERIFICATION']",Review latest project update and verify missing or inconsistent reporting evidence,2025-06,NOT_ELIGIBLE,,officer-decision-v1,alert-policy-v1
PRH-N24001881,2026-06,,DATA_VERIFICATION_REQUIRED,,WITHHELD,,"['STALE_UPDATE', 'SOURCE_GAP', 'INSUFFICIENT_HISTORY', 'FEATURES_INSUFFICIENT', 'SCHEMA_VERIFICATION', 'SOURCE_PROVENANCE_VERIFICATION']",Review latest project update and verify missing or inconsistent reporting evidence,2024-07,NOT_ELIGIBLE,,officer-decision-v1,alert-policy-v1
PRH-N24001885,2026-06,,DATA_VERIFICATION_REQUIRED,,WITHHELD,,"['STALE_UPDATE', 'SOURCE_GAP', 'INSUFFICIENT_HISTORY', 'FEATURES_INSUFFICIENT', 'SCHEMA_VERIFICATION', 'SOURCE_PROVENANCE_VERIFICATION']",Review latest project update and verify missing or inconsistent reporting evidence,2025-06,NOT_ELIGIBLE,,officer-decision-v1,alert-policy-v1
PRH-N24001886,2026-06,,DATA_VERIFICATION_REQUIRED,,WITHHELD,,"['STALE_UPDATE', 'SOURCE_GAP', 'INSUFFICIENT_HISTORY', 'FEATURES_INSUFFICIENT', 'SCHEMA_VERIFICATION', 'SOURCE_PROVENANCE_VERIFICATION']",Review latest project update and verify missing or inconsistent reporting evidence,2025-06,NOT_ELIGIBLE,,officer-decision-v1,alert-policy-v1
PRH-N24001887,2026-06,,DATA_VERIFICATION_REQUIRED,,WITHHELD,,"['STALE_UPDATE', 'SOURCE_GAP', 'INSUFFICIENT_HISTORY', 'FEATURES_INSUFFICIENT', 'SCHEMA_VERIFICATION', 'SOURCE_PROVENANCE_VERIFICATION']",Review latest project update and verify missing or inconsistent reporting evidence,2025-05,NOT_ELIGIBLE,,officer-decision-v1,alert-policy-v1
PRH-N24001888,2026-06,,DATA_VERIFICATION_REQUIRED,,WITHHELD,,"['STALE_UPDATE', 'SOURCE_GAP', 'INSUFFICIENT_HISTORY', 'FEATURES_INSUFFICIENT', 'SCHEMA_VERIFICATION', 'SOURCE_PROVENANCE_VERIFICATION']",Review latest project update and verify missing or inconsistent reporting evidence,2025-05,NOT_ELIGIBLE,,officer-decision-v1,alert-policy-v1
PRH-N24001889,2026-06,,DATA_VERIFICATION_REQUIRED,,WITHHELD,,"['STALE_UPDATE', 'SOURCE_GAP', 'INSUFFICIENT_HISTORY', 'FEATURES_INSUFFICIENT', 'SCHEMA_VERIFICATION', 'SOURCE_PROVENANCE_VERIFICATION']",Review latest project update and verify missing or inconsistent reporting evidence,2025-05,NOT_ELIGIBLE,,officer-decision-v1,alert-policy-v1
PRH-N24001890,2026-06,,DATA_VERIFICATION_REQUIRED,,WITHHELD,,"['STALE_UPDATE', 'SOURCE_GAP', 'INSUFFICIENT_HISTORY', 'FEATURES_INSUFFICIENT', 'SCHEMA_VERIFICATION', 'SOURCE_PROVENANCE_VERIFICATION']",Review latest project update and verify missing or inconsistent reporting evidence,2025-06,NOT_ELIGIBLE,,officer-decision-v1,alert-policy-v1
PRH-N24001891,2026-06,,DATA_VERIFICATION_REQUIRED,,WITHHELD,,"['STALE_UPDATE', 'SOURCE_GAP', 'INSUFFICIENT_HISTORY', 'FEATURES_INSUFFICIENT', 'SCHEMA_VERIFICATION', 'SOURCE_PROVENANCE_VERIFICATION']",Review latest project update and verify missing or inconsistent reporting evidence,2025-06,NOT_ELIGIBLE,,officer-decision-v1,alert-policy-v1
PRH-N24001892,2026-06,,DATA_VERIFICATION_REQUIRED,,WITHHELD,,"['STALE_UPDATE', 'SOURCE_GAP', 'INSUFFICIENT_HISTORY', 'FEATURES_INSUFFICIENT', 'SCHEMA_VERIFICATION', 'SOURCE_PROVENANCE_VERIFICATION']",Review latest project update and verify missing or inconsistent reporting evidence,2025-06,NOT_ELIGIBLE,,officer-decision-v1,alert-policy-v1
PRH-N24001893,2026-06,,DATA_VERIFICATION_REQUIRED,,WITHHELD,,"['STALE_UPDATE', 'SOURCE_GAP', 'INSUFFICIENT_HISTORY', 'FEATURES_INSUFFICIENT', 'SCHEMA_VERIFICATION', 'SOURCE_PROVENANCE_VERIFICATION']",Review latest project update and verify missing or inconsistent reporting evidence,2024-07,NOT_ELIGIBLE,,officer-decision-v1,alert-policy-v1
PRH-N24001894,2026-06,,DATA_VERIFICATION_REQUIRED,,WITHHELD,,"['STALE_UPDATE', 'SOURCE_GAP', 'INSUFFICIENT_HISTORY', 'FEATURES_INSUFFICIENT', 'SCHEMA_VERIFICATION', 'SOURCE_PROVENANCE_VERIFICATION']",Review latest project update and verify missing or inconsistent reporting evidence,2025-05,NOT_ELIGIBLE,,officer-decision-v1,alert-policy-v1
PRH-N24001895,2026-06,,DATA_VERIFICATION_REQUIRED,,WITHHELD,,"['STALE_UPDATE', 'SOURCE_GAP', 'INSUFFICIENT_HISTORY', 'FEATURES_INSUFFICIENT', 'SCHEMA_VERIFICATION', 'SOURCE_PROVENANCE_VERIFICATION']",Review latest project update and verify missing or inconsistent reporting evidence,2025-05,NOT_ELIGIBLE,,officer-decision-v1,alert-policy-v1
PRH-N24001896,2026-06,,DATA_VERIFICATION_REQUIRED,,WITHHELD,,"['STALE_UPDATE', 'SOURCE_GAP', 'INSUFFICIENT_HISTORY', 'FEATURES_INSUFFICIENT', 'SCHEMA_VERIFICATION', 'SOURCE_PROVENANCE_VERIFICATION']",Review latest project update and verify missing or inconsistent reporting evidence,2025-06,NOT_ELIGIBLE,,officer-decision-v1,alert-policy-v1
PRH-N24001900,2026-06,,DATA_VERIFICATION_REQUIRED,,WITHHELD,,"['STALE_UPDATE', 'SOURCE_GAP', 'INSUFFICIENT_HISTORY', 'FEATURES_INSUFFICIENT', 'SCHEMA_VERIFICATION', 'SOURCE_PROVENANCE_VERIFICATION']",Review latest project update and verify missing or inconsistent reporting evidence,2025-06,NOT_ELIGIBLE,,officer-decision-v1,alert-policy-v1
PRH-N24001901,2026-06,,DATA_VERIFICATION_REQUIRED,,WITHHELD,,"['STALE_UPDATE', 'SOURCE_GAP', 'INSUFFICIENT_HISTORY', 'FEATURES_INSUFFICIENT', 'SCHEMA_VERIFICATION', 'SOURCE_PROVENANCE_VERIFICATION']",Review latest project update and verify missing or inconsistent reporting evidence,2025-06,NOT_ELIGIBLE,,officer-decision-v1,alert-policy-v1
PRH-N24001905,2026-06,,DATA_VERIFICATION_REQUIRED,,WITHHELD,,"['STALE_UPDATE', 'SOURCE_GAP', 'INSUFFICIENT_HISTORY', 'FEATURES_INSUFFICIENT', 'SCHEMA_VERIFICATION', 'SOURCE_PROVENANCE_VERIFICATION']",Review latest project update and verify missing or inconsistent reporting evidence,2025-05,NOT_ELIGIBLE,,officer-decision-v1,alert-policy-v1
PRH-N24001906,2026-06,,DATA_VERIFICATION_REQUIRED,,WITHHELD,,"['STALE_UPDATE', 'SOURCE_GAP', 'INSUFFICIENT_HISTORY', 'FEATURES_INSUFFICIENT', 'SCHEMA_VERIFICATION', 'SOURCE_PROVENANCE_VERIFICATION']",Review latest project update and verify missing or inconsistent reporting evidence,2025-06,NOT_ELIGIBLE,,officer-decision-v1,alert-policy-v1
PRH-N24001909,2026-06,,DATA_VERIFICATION_REQUIRED,,WITHHELD,,"['STALE_UPDATE', 'SOURCE_GAP', 'INSUFFICIENT_HISTORY', 'FEATURES_INSUFFICIENT', 'SCHEMA_VERIFICATION', 'SOURCE_PROVENANCE_VERIFICATION']",Review latest project update and verify missing or inconsistent reporting evidence,2025-05,NOT_ELIGIBLE,,officer-decision-v1,alert-policy-v1
PRH-N24001910,2026-06,,DATA_VERIFICATION_REQUIRED,,WITHHELD,,"['STALE_UPDATE', 'SOURCE_GAP', 'INSUFFICIENT_HISTORY', 'FEATURES_INSUFFICIENT', 'SCHEMA_VERIFICATION', 'SOURCE_PROVENANCE_VERIFICATION']",Review latest project update and verify missing or inconsistent reporting evidence,2025-06,NOT_ELIGIBLE,,officer-decision-v1,alert-policy-v1
PRH-N24001911,2026-06,,DATA_VERIFICATION_REQUIRED,,WITHHELD,,"['STALE_UPDATE', 'SOURCE_GAP', 'INSUFFICIENT_HISTORY', 'FEATURES_INSUFFICIENT', 'SCHEMA_VERIFICATION', 'SOURCE_PROVENANCE_VERIFICATION']",Review latest project update and verify missing or inconsistent reporting evidence,2025-06,NOT_ELIGIBLE,,officer-decision-v1,alert-policy-v1
PRH-N24001913,2026-06,,DATA_VERIFICATION_REQUIRED,,WITHHELD,,"['STALE_UPDATE', 'SOURCE_GAP', 'INSUFFICIENT_HISTORY', 'FEATURES_INSUFFICIENT', 'SCHEMA_VERIFICATION', 'SOURCE_PROVENANCE_VERIFICATION']",Review latest project update and verify missing or inconsistent reporting evidence,2024-11,NOT_ELIGIBLE,,officer-decision-v1,alert-policy-v1
PRH-N24001918,2026-06,,NO_REVIEW_SIGNAL,,WITHHELD,,['COMPLETED_PROJECT'],,2024-07,NOT_ELIGIBLE,,officer-decision-v1,alert-policy-v1
PRH-N24001920,2026-06,,DATA_VERIFICATION_REQUIRED,,WITHHELD,,"['STALE_UPDATE', 'SOURCE_GAP', 'INSUFFICIENT_HISTORY', 'FEATURES_INSUFFICIENT', 'SCHEMA_VERIFICATION', 'SOURCE_PROVENANCE_VERIFICATION']",Review latest project update and verify missing or inconsistent reporting evidence,2025-06,NOT_ELIGIBLE,,officer-decision-v1,alert-policy-v1
PRH-N24001924,2026-06,,DATA_VERIFICATION_REQUIRED,,WITHHELD,,"['STALE_UPDATE', 'SOURCE_GAP', 'INSUFFICIENT_HISTORY', 'FEATURES_INSUFFICIENT', 'SCHEMA_VERIFICATION', 'SOURCE_PROVENANCE_VERIFICATION']",Review latest project update and verify missing or inconsistent reporting evidence,2025-06,NOT_ELIGIBLE,,officer-decision-v1,alert-policy-v1
PRH-N24001925,2026-06,,DATA_VERIFICATION_REQUIRED,,WITHHELD,,"['STALE_UPDATE', 'SOURCE_GAP', 'INSUFFICIENT_HISTORY', 'FEATURES_INSUFFICIENT', 'SCHEMA_VERIFICATION', 'SOURCE_PROVENANCE_VERIFICATION']",Review latest project update and verify missing or inconsistent reporting evidence,2025-06,NOT_ELIGIBLE,,officer-decision-v1,alert-policy-v1
PRH-N24001929,2026-06,,DATA_VERIFICATION_REQUIRED,,WITHHELD,,"['STALE_UPDATE', 'SOURCE_GAP', 'INSUFFICIENT_HISTORY', 'FEATURES_INSUFFICIENT', 'SCHEMA_VERIFICATION', 'SOURCE_PROVENANCE_VERIFICATION']",Review latest project update and verify missing or inconsistent reporting evidence,2025-06,NOT_ELIGIBLE,,officer-decision-v1,alert-policy-v1
PRH-N24001930,2026-06,,DATA_VERIFICATION_REQUIRED,,WITHHELD,,"['STALE_UPDATE', 'SOURCE_GAP', 'INSUFFICIENT_HISTORY', 'FEATURES_INSUFFICIENT', 'SCHEMA_VERIFICATION', 'SOURCE_PROVENANCE_VERIFICATION']",Review latest project update and verify missing or inconsistent reporting evidence,2024-03,NOT_ELIGIBLE,,officer-decision-v1,alert-policy-v1
PRH-N24001931,2026-06,,DATA_VERIFICATION_REQUIRED,,WITHHELD,,"['STALE_UPDATE', 'SOURCE_GAP', 'INSUFFICIENT_HISTORY', 'FEATURES_INSUFFICIENT', 'SCHEMA_VERIFICATION', 'SOURCE_PROVENANCE_VERIFICATION']",Review latest project update and verify missing or inconsistent reporting evidence,2025-03,NOT_ELIGIBLE,,officer-decision-v1,alert-policy-v1
PRH-N24001932,2026-06,,DATA_VERIFICATION_REQUIRED,,WITHHELD,,"['STALE_UPDATE', 'SOURCE_GAP', 'INSUFFICIENT_HISTORY', 'FEATURES_INSUFFICIENT', 'SCHEMA_VERIFICATION', 'SOURCE_PROVENANCE_VERIFICATION']",Review latest project update and verify missing or inconsistent reporting evidence,2025-06,NOT_ELIGIBLE,,officer-decision-v1,alert-policy-v1
PRH-N24001933,2026-06,,DATA_VERIFICATION_REQUIRED,,WITHHELD,,"['STALE_UPDATE', 'SOURCE_GAP', 'INSUFFICIENT_HISTORY', 'FEATURES_INSUFFICIENT', 'SCHEMA_VERIFICATION', 'SOURCE_PROVENANCE_VERIFICATION']",Review latest project update and verify missing or inconsistent reporting evidence,2024-12,NOT_ELIGIBLE,,officer-decision-v1,alert-policy-v1
PRH-N24001935,2026-06,,DATA_VERIFICATION_REQUIRED,,WITHHELD,,"['STALE_UPDATE', 'SOURCE_GAP', 'INSUFFICIENT_HISTORY', 'FEATURES_INSUFFICIENT', 'SCHEMA_VERIFICATION', 'SOURCE_PROVENANCE_VERIFICATION']",Review latest project update and verify missing or inconsistent reporting evidence,2025-06,NOT_ELIGIBLE,,officer-decision-v1,alert-policy-v1
PRH-N24001936,2026-06,,DATA_VERIFICATION_REQUIRED,,WITHHELD,,"['STALE_UPDATE', 'SOURCE_GAP', 'INSUFFICIENT_HISTORY', 'FEATURES_INSUFFICIENT', 'SCHEMA_VERIFICATION', 'SOURCE_PROVENANCE_VERIFICATION']",Review latest project update and verify missing or inconsistent reporting evidence,2025-06,NOT_ELIGIBLE,,officer-decision-v1,alert-policy-v1
PRH-N24001939,2026-06,,DATA_VERIFICATION_REQUIRED,,WITHHELD,,"['STALE_UPDATE', 'SOURCE_GAP', 'INSUFFICIENT_HISTORY', 'FEATURES_INSUFFICIENT', 'SCHEMA_VERIFICATION', 'SOURCE_PROVENANCE_VERIFICATION']",Review latest project update and verify missing or inconsistent reporting evidence,2025-06,NOT_ELIGIBLE,,officer-decision-v1,alert-policy-v1
PRH-N24001943,2026-06,,DATA_VERIFICATION_REQUIRED,,WITHHELD,,"['STALE_UPDATE', 'SOURCE_GAP', 'INSUFFICIENT_HISTORY', 'FEATURES_INSUFFICIENT', 'SCHEMA_VERIFICATION', 'SOURCE_PROVENANCE_VERIFICATION']",Review latest project update and verify missing or inconsistent reporting evidence,2025-06,NOT_ELIGIBLE,,officer-decision-v1,alert-policy-v1
PRH-N24001945,2026-06,,DATA_VERIFICATION_REQUIRED,,WITHHELD,,"['STALE_UPDATE', 'SOURCE_GAP', 'INSUFFICIENT_HISTORY', 'FEATURES_INSUFFICIENT', 'SCHEMA_VERIFICATION', 'SOURCE_PROVENANCE_VERIFICATION']",Review latest project update and verify missing or inconsistent reporting evidence,2025-06,NOT_ELIGIBLE,,officer-decision-v1,alert-policy-v1
PRH-N24001946,2026-06,,DATA_VERIFICATION_REQUIRED,,WITHHELD,,"['STALE_UPDATE', 'SOURCE_GAP', 'INSUFFICIENT_HISTORY', 'FEATURES_INSUFFICIENT', 'SCHEMA_VERIFICATION', 'SOURCE_PROVENANCE_VERIFICATION']",Review latest project update and verify missing or inconsistent reporting evidence,2025-06,NOT_ELIGIBLE,,officer-decision-v1,alert-policy-v1
PRH-N24001947,2026-06,,DATA_VERIFICATION_REQUIRED,,WITHHELD,,"['STALE_UPDATE', 'SOURCE_GAP', 'INSUFFICIENT_HISTORY', 'FEATURES_INSUFFICIENT', 'SCHEMA_VERIFICATION', 'SOURCE_PROVENANCE_VERIFICATION']",Review latest project update and verify missing or inconsistent reporting evidence,2025-06,NOT_ELIGIBLE,,officer-decision-v1,alert-policy-v1
PRH-N24001949,2026-06,,DATA_VERIFICATION_REQUIRED,,WITHHELD,,"['STALE_UPDATE', 'SOURCE_GAP', 'INSUFFICIENT_HISTORY', 'FEATURES_INSUFFICIENT', 'SCHEMA_VERIFICATION', 'SOURCE_PROVENANCE_VERIFICATION']",Review latest project update and verify missing or inconsistent reporting evidence,2025-03,NOT_ELIGIBLE,,officer-decision-v1,alert-policy-v1
PRH-N24001950,2026-06,,DATA_VERIFICATION_REQUIRED,,WITHHELD,,"['STALE_UPDATE', 'SOURCE_GAP', 'INSUFFICIENT_HISTORY', 'FEATURES_INSUFFICIENT', 'SCHEMA_VERIFICATION', 'SOURCE_PROVENANCE_VERIFICATION']",Review latest project update and verify missing or inconsistent reporting evidence,2025-03,NOT_ELIGIBLE,,officer-decision-v1,alert-policy-v1
PRH-N24001952,2026-06,,DATA_VERIFICATION_REQUIRED,,WITHHELD,,"['STALE_UPDATE', 'SOURCE_GAP', 'INSUFFICIENT_HISTORY', 'FEATURES_INSUFFICIENT', 'SCHEMA_VERIFICATION', 'SOURCE_PROVENANCE_VERIFICATION']",Review latest project update and verify missing or inconsistent reporting evidence,2025-06,NOT_ELIGIBLE,,officer-decision-v1,alert-policy-v1
PRH-N24001954,2026-06,,DATA_VERIFICATION_REQUIRED,,WITHHELD,,"['STALE_UPDATE', 'SOURCE_GAP', 'INSUFFICIENT_HISTORY', 'FEATURES_INSUFFICIENT', 'SCHEMA_VERIFICATION', 'SOURCE_PROVENANCE_VERIFICATION']",Review latest project update and verify missing or inconsistent reporting evidence,2025-06,NOT_ELIGIBLE,,officer-decision-v1,alert-policy-v1
PRH-N24001955,2026-06,,DATA_VERIFICATION_REQUIRED,,WITHHELD,,"['STALE_UPDATE', 'SOURCE_GAP', 'INSUFFICIENT_HISTORY', 'FEATURES_INSUFFICIENT', 'SCHEMA_VERIFICATION', 'SOURCE_PROVENANCE_VERIFICATION']",Review latest project update and verify missing or inconsistent reporting evidence,2025-06,NOT_ELIGIBLE,,officer-decision-v1,alert-policy-v1
PRH-N24001959,2026-06,,DATA_VERIFICATION_REQUIRED,,WITHHELD,,"['STALE_UPDATE', 'SOURCE_GAP', 'INSUFFICIENT_HISTORY', 'FEATURES_INSUFFICIENT', 'SCHEMA_VERIFICATION', 'SOURCE_PROVENANCE_VERIFICATION']",Review latest project update and verify missing or inconsistent reporting evidence,2025-06,NOT_ELIGIBLE,,officer-decision-v1,alert-policy-v1
PRH-N24001966,2026-06,,DATA_VERIFICATION_REQUIRED,,WITHHELD,,"['STALE_UPDATE', 'SOURCE_GAP', 'INSUFFICIENT_HISTORY', 'FEATURES_INSUFFICIENT', 'SCHEMA_VERIFICATION', 'SOURCE_PROVENANCE_VERIFICATION']",Review latest project update and verify missing or inconsistent reporting evidence,2025-05,NOT_ELIGIBLE,,officer-decision-v1,alert-policy-v1
PRH-N24001972,2026-06,,DATA_VERIFICATION_REQUIRED,,WITHHELD,,"['STALE_UPDATE', 'SOURCE_GAP', 'INSUFFICIENT_HISTORY', 'FEATURES_INSUFFICIENT', 'SCHEMA_VERIFICATION', 'SOURCE_PROVENANCE_VERIFICATION']",Review latest project update and verify missing or inconsistent reporting evidence,2025-06,NOT_ELIGIBLE,,officer-decision-v1,alert-policy-v1
PRH-N24001973,2026-06,,DATA_VERIFICATION_REQUIRED,,WITHHELD,,"['STALE_UPDATE', 'SOURCE_GAP', 'INSUFFICIENT_HISTORY', 'FEATURES_INSUFFICIENT', 'SCHEMA_VERIFICATION', 'SOURCE_PROVENANCE_VERIFICATION']",Review latest project update and verify missing or inconsistent reporting evidence,2025-06,NOT_ELIGIBLE,,officer-decision-v1,alert-policy-v1
PRH-N24001975,2026-06,,DATA_VERIFICATION_REQUIRED,,WITHHELD,,"['STALE_UPDATE', 'SOURCE_GAP', 'INSUFFICIENT_HISTORY', 'FEATURES_INSUFFICIENT', 'SCHEMA_VERIFICATION', 'SOURCE_PROVENANCE_VERIFICATION']",Review latest project update and verify missing or inconsistent reporting evidence,2025-06,NOT_ELIGIBLE,,officer-decision-v1,alert-policy-v1
PRH-N24001982,2026-06,,DATA_VERIFICATION_REQUIRED,,WITHHELD,,"['STALE_UPDATE', 'SOURCE_GAP', 'INSUFFICIENT_HISTORY', 'FEATURES_INSUFFICIENT', 'SCHEMA_VERIFICATION', 'SOURCE_PROVENANCE_VERIFICATION']",Review latest project update and verify missing or inconsistent reporting evidence,2025-06,NOT_ELIGIBLE,,officer-decision-v1,alert-policy-v1
PRH-N24001987,2026-06,,DATA_VERIFICATION_REQUIRED,,WITHHELD,,"['STALE_UPDATE', 'SOURCE_GAP', 'INSUFFICIENT_HISTORY', 'FEATURES_INSUFFICIENT', 'SCHEMA_VERIFICATION', 'SOURCE_PROVENANCE_VERIFICATION']",Review latest project update and verify missing or inconsistent reporting evidence,2025-06,NOT_ELIGIBLE,,officer-decision-v1,alert-policy-v1
PRH-N24001990,2026-06,,DATA_VERIFICATION_REQUIRED,,WITHHELD,,"['STALE_UPDATE', 'SOURCE_GAP', 'INSUFFICIENT_HISTORY', 'FEATURES_INSUFFICIENT', 'SCHEMA_VERIFICATION', 'SOURCE_PROVENANCE_VERIFICATION']",Review latest project update and verify missing or inconsistent reporting evidence,2025-06,NOT_ELIGIBLE,,officer-decision-v1,alert-policy-v1
PRH-N24001991,2026-06,,DATA_VERIFICATION_REQUIRED,,WITHHELD,,"['STALE_UPDATE', 'SOURCE_GAP', 'INSUFFICIENT_HISTORY', 'FEATURES_INSUFFICIENT', 'SCHEMA_VERIFICATION', 'SOURCE_PROVENANCE_VERIFICATION']",Review latest project update and verify missing or inconsistent reporting evidence,2025-06,NOT_ELIGIBLE,,officer-decision-v1,alert-policy-v1
PRH-N24001992,2026-06,,DATA_VERIFICATION_REQUIRED,,WITHHELD,,"['STALE_UPDATE', 'SOURCE_GAP', 'INSUFFICIENT_HISTORY', 'FEATURES_INSUFFICIENT', 'SCHEMA_VERIFICATION', 'SOURCE_PROVENANCE_VERIFICATION']",Review latest project update and verify missing or inconsistent reporting evidence,2025-06,NOT_ELIGIBLE,,officer-decision-v1,alert-policy-v1
PRH-N24001993,2026-06,,DATA_VERIFICATION_REQUIRED,,WITHHELD,,"['STALE_UPDATE', 'SOURCE_GAP', 'INSUFFICIENT_HISTORY', 'FEATURES_INSUFFICIENT', 'SCHEMA_VERIFICATION', 'SOURCE_PROVENANCE_VERIFICATION']",Review latest project update and verify missing or inconsistent reporting evidence,2025-06,NOT_ELIGIBLE,,officer-decision-v1,alert-policy-v1
PRH-N24001995,2026-06,,NO_REVIEW_SIGNAL,,WITHHELD,,['COMPLETED_PROJECT'],,2024-10,NOT_ELIGIBLE,,officer-decision-v1,alert-policy-v1
PRH-N24001996,2026-06,,DATA_VERIFICATION_REQUIRED,,WITHHELD,,"['STALE_UPDATE', 'SOURCE_GAP', 'INSUFFICIENT_HISTORY', 'FEATURES_INSUFFICIENT', 'SCHEMA_VERIFICATION', 'SOURCE_PROVENANCE_VERIFICATION']",Review latest project update and verify missing or inconsistent reporting evidence,2025-06,NOT_ELIGIBLE,,officer-decision-v1,alert-policy-v1
PRH-N24002000,2026-06,,DATA_VERIFICATION_REQUIRED,,WITHHELD,,"['STALE_UPDATE', 'SOURCE_GAP', 'INSUFFICIENT_HISTORY', 'FEATURES_INSUFFICIENT', 'SCHEMA_VERIFICATION', 'SOURCE_PROVENANCE_VERIFICATION']",Review latest project update and verify missing or inconsistent reporting evidence,2025-06,NOT_ELIGIBLE,,officer-decision-v1,alert-policy-v1
PRH-N24002002,2026-06,,DATA_VERIFICATION_REQUIRED,,WITHHELD,,"['STALE_UPDATE', 'SOURCE_GAP', 'INSUFFICIENT_HISTORY', 'FEATURES_INSUFFICIENT', 'SCHEMA_VERIFICATION', 'SOURCE_PROVENANCE_VERIFICATION']",Review latest project update and verify missing or inconsistent reporting evidence,2025-06,NOT_ELIGIBLE,,officer-decision-v1,alert-policy-v1
PRH-N24002006,2026-06,,DATA_VERIFICATION_REQUIRED,,WITHHELD,,"['STALE_UPDATE', 'SOURCE_GAP', 'INSUFFICIENT_HISTORY', 'FEATURES_INSUFFICIENT', 'SCHEMA_VERIFICATION', 'SOURCE_PROVENANCE_VERIFICATION']",Review latest project update and verify missing or inconsistent reporting evidence,2025-06,NOT_ELIGIBLE,,officer-decision-v1,alert-policy-v1
PRH-N24002013,2026-06,,DATA_VERIFICATION_REQUIRED,,WITHHELD,,"['STALE_UPDATE', 'SOURCE_GAP', 'INSUFFICIENT_HISTORY', 'FEATURES_INSUFFICIENT', 'SCHEMA_VERIFICATION', 'SOURCE_PROVENANCE_VERIFICATION']",Review latest project update and verify missing or inconsistent reporting evidence,2025-06,NOT_ELIGIBLE,,officer-decision-v1,alert-policy-v1
PRH-N24002018,2026-06,,NO_REVIEW_SIGNAL,,WITHHELD,,['COMPLETED_PROJECT'],,2025-06,NOT_ELIGIBLE,,officer-decision-v1,alert-policy-v1
PRH-N24002024,2026-06,,DATA_VERIFICATION_REQUIRED,,WITHHELD,,"['STALE_UPDATE', 'SOURCE_GAP', 'INSUFFICIENT_HISTORY', 'FEATURES_INSUFFICIENT', 'SCHEMA_VERIFICATION', 'SOURCE_PROVENANCE_VERIFICATION']",Review latest project update and verify missing or inconsistent reporting evidence,2025-06,NOT_ELIGIBLE,,officer-decision-v1,alert-policy-v1
PRH-N24002025,2026-06,,DATA_VERIFICATION_REQUIRED,,WITHHELD,,"['STALE_UPDATE', 'SOURCE_GAP', 'INSUFFICIENT_HISTORY', 'FEATURES_INSUFFICIENT', 'SCHEMA_VERIFICATION', 'SOURCE_PROVENANCE_VERIFICATION']",Review latest project update and verify missing or inconsistent reporting evidence,2025-06,NOT_ELIGIBLE,,officer-decision-v1,alert-policy-v1
PRH-N24002026,2026-06,,DATA_VERIFICATION_REQUIRED,,WITHHELD,,"['STALE_UPDATE', 'SOURCE_GAP', 'INSUFFICIENT_HISTORY', 'FEATURES_INSUFFICIENT', 'SCHEMA_VERIFICATION', 'SOURCE_PROVENANCE_VERIFICATION']",Review latest project update and verify missing or inconsistent reporting evidence,2025-04,NOT_ELIGIBLE,,officer-decision-v1,alert-policy-v1
PRH-N24002028,2026-06,,DATA_VERIFICATION_REQUIRED,,WITHHELD,,"['STALE_UPDATE', 'SOURCE_GAP', 'INSUFFICIENT_HISTORY', 'FEATURES_INSUFFICIENT', 'SCHEMA_VERIFICATION', 'SOURCE_PROVENANCE_VERIFICATION']",Review latest project update and verify missing or inconsistent reporting evidence,2025-06,NOT_ELIGIBLE,,officer-decision-v1,alert-policy-v1
PRH-N24002029,2026-06,,DATA_VERIFICATION_REQUIRED,,WITHHELD,,"['STALE_UPDATE', 'SOURCE_GAP', 'INSUFFICIENT_HISTORY', 'FEATURES_INSUFFICIENT', 'SCHEMA_VERIFICATION', 'SOURCE_PROVENANCE_VERIFICATION']",Review latest project update and verify missing or inconsistent reporting evidence,2025-06,NOT_ELIGIBLE,,officer-decision-v1,alert-policy-v1
PRH-N24002030,2026-06,,NO_REVIEW_SIGNAL,,WITHHELD,,['COMPLETED_PROJECT'],,2025-06,NOT_ELIGIBLE,,officer-decision-v1,alert-policy-v1
PRH-N24002032,2026-06,,DATA_VERIFICATION_REQUIRED,,WITHHELD,,"['STALE_UPDATE', 'SOURCE_GAP', 'INSUFFICIENT_HISTORY', 'FEATURES_INSUFFICIENT', 'SCHEMA_VERIFICATION', 'SOURCE_PROVENANCE_VERIFICATION']",Review latest project update and verify missing or inconsistent reporting evidence,2025-06,NOT_ELIGIBLE,,officer-decision-v1,alert-policy-v1
PRH-N24002034,2026-06,,DATA_VERIFICATION_REQUIRED,,WITHHELD,,"['STALE_UPDATE', 'SOURCE_GAP', 'INSUFFICIENT_HISTORY', 'FEATURES_INSUFFICIENT', 'SCHEMA_VERIFICATION', 'SOURCE_PROVENANCE_VERIFICATION']",Review latest project update and verify missing or inconsistent reporting evidence,2025-06,NOT_ELIGIBLE,,officer-decision-v1,alert-policy-v1
PRH-N24002037,2026-06,,DATA_VERIFICATION_REQUIRED,,WITHHELD,,"['STALE_UPDATE', 'SOURCE_GAP', 'INSUFFICIENT_HISTORY', 'FEATURES_INSUFFICIENT', 'SCHEMA_VERIFICATION', 'SOURCE_PROVENANCE_VERIFICATION']",Review latest project update and verify missing or inconsistent reporting evidence,2025-06,NOT_ELIGIBLE,,officer-decision-v1,alert-policy-v1
PRH-N24002038,2026-06,,DATA_VERIFICATION_REQUIRED,,WITHHELD,,"['STALE_UPDATE', 'SOURCE_GAP', 'INSUFFICIENT_HISTORY', 'FEATURES_INSUFFICIENT', 'SCHEMA_VERIFICATION', 'SOURCE_PROVENANCE_VERIFICATION']",Review latest project update and verify missing or inconsistent reporting evidence,2025-06,NOT_ELIGIBLE,,officer-decision-v1,alert-policy-v1
PRH-N24002039,2026-06,,DATA_VERIFICATION_REQUIRED,,WITHHELD,,"['STALE_UPDATE', 'SOURCE_GAP', 'INSUFFICIENT_HISTORY', 'FEATURES_INSUFFICIENT', 'SCHEMA_VERIFICATION', 'SOURCE_PROVENANCE_VERIFICATION']",Review latest project update and verify missing or inconsistent reporting evidence,2025-06,NOT_ELIGIBLE,,officer-decision-v1,alert-policy-v1
PRH-N24002041,2026-06,,DATA_VERIFICATION_REQUIRED,,WITHHELD,,"['STALE_UPDATE', 'SOURCE_GAP', 'INSUFFICIENT_HISTORY', 'FEATURES_INSUFFICIENT', 'SCHEMA_VERIFICATION', 'SOURCE_PROVENANCE_VERIFICATION']",Review latest project update and verify missing or inconsistent reporting evidence,2025-06,NOT_ELIGIBLE,,officer-decision-v1,alert-policy-v1
PRH-N24002047,2026-06,,NO_REVIEW_SIGNAL,,WITHHELD,,['COMPLETED_PROJECT'],,2024-10,NOT_ELIGIBLE,,officer-decision-v1,alert-policy-v1
PRH-N24002069,2026-06,,NO_REVIEW_SIGNAL,,WITHHELD,,['COMPLETED_PROJECT'],,2025-06,NOT_ELIGIBLE,,officer-decision-v1,alert-policy-v1
PRH-N24002072,2026-06,,DATA_VERIFICATION_REQUIRED,,WITHHELD,,"['STALE_UPDATE', 'SOURCE_GAP', 'INSUFFICIENT_HISTORY', 'FEATURES_INSUFFICIENT', 'SCHEMA_VERIFICATION', 'SOURCE_PROVENANCE_VERIFICATION']",Review latest project update and verify missing or inconsistent reporting evidence,2025-06,NOT_ELIGIBLE,,officer-decision-v1,alert-policy-v1
PRH-N24002073,2026-06,,DATA_VERIFICATION_REQUIRED,,WITHHELD,,"['STALE_UPDATE', 'SOURCE_GAP', 'INSUFFICIENT_HISTORY', 'FEATURES_INSUFFICIENT', 'SCHEMA_VERIFICATION', 'SOURCE_PROVENANCE_VERIFICATION']",Review latest project update and verify missing or inconsistent reporting evidence,2025-06,NOT_ELIGIBLE,,officer-decision-v1,alert-policy-v1
PRH-N24002078,2026-06,,DATA_VERIFICATION_REQUIRED,,WITHHELD,,"['STALE_UPDATE', 'SOURCE_GAP', 'INSUFFICIENT_HISTORY', 'FEATURES_INSUFFICIENT', 'SCHEMA_VERIFICATION', 'SOURCE_PROVENANCE_VERIFICATION']",Review latest project update and verify missing or inconsistent reporting evidence,2025-06,NOT_ELIGIBLE,,officer-decision-v1,alert-policy-v1
PRH-N24002085,2026-06,,NO_REVIEW_SIGNAL,,WITHHELD,,['COMPLETED_PROJECT'],,2025-04,NOT_ELIGIBLE,,officer-decision-v1,alert-policy-v1
PRH-N24002088,2026-06,,DATA_VERIFICATION_REQUIRED,,WITHHELD,,"['STALE_UPDATE', 'SOURCE_GAP', 'INSUFFICIENT_HISTORY', 'FEATURES_INSUFFICIENT', 'SCHEMA_VERIFICATION', 'SOURCE_PROVENANCE_VERIFICATION']",Review latest project update and verify missing or inconsistent reporting evidence,2025-06,NOT_ELIGIBLE,,officer-decision-v1,alert-policy-v1
PRH-N24002092,2026-06,,DATA_VERIFICATION_REQUIRED,,WITHHELD,,"['STALE_UPDATE', 'SOURCE_GAP', 'INSUFFICIENT_HISTORY', 'FEATURES_INSUFFICIENT', 'SCHEMA_VERIFICATION', 'SOURCE_PROVENANCE_VERIFICATION']",Review latest project update and verify missing or inconsistent reporting evidence,2025-06,NOT_ELIGIBLE,,officer-decision-v1,alert-policy-v1
PRH-N24002103,2026-06,,DATA_VERIFICATION_REQUIRED,,WITHHELD,,"['STALE_UPDATE', 'SOURCE_GAP', 'INSUFFICIENT_HISTORY', 'FEATURES_INSUFFICIENT', 'SCHEMA_VERIFICATION', 'SOURCE_PROVENANCE_VERIFICATION']",Review latest project update and verify missing or inconsistent reporting evidence,2025-06,NOT_ELIGIBLE,,officer-decision-v1,alert-policy-v1
PRH-N24002107,2026-06,,DATA_VERIFICATION_REQUIRED,,WITHHELD,,"['STALE_UPDATE', 'SOURCE_GAP', 'INSUFFICIENT_HISTORY', 'FEATURES_INSUFFICIENT', 'SCHEMA_VERIFICATION', 'SOURCE_PROVENANCE_VERIFICATION']",Review latest project update and verify missing or inconsistent reporting evidence,2025-06,NOT_ELIGIBLE,,officer-decision-v1,alert-policy-v1
PRH-N24002108,2026-06,,DATA_VERIFICATION_REQUIRED,,WITHHELD,,"['STALE_UPDATE', 'SOURCE_GAP', 'INSUFFICIENT_HISTORY', 'FEATURES_INSUFFICIENT', 'SCHEMA_VERIFICATION', 'SOURCE_PROVENANCE_VERIFICATION']",Review latest project update and verify missing or inconsistent reporting evidence,2025-06,NOT_ELIGIBLE,,officer-decision-v1,alert-policy-v1
PRH-N24002112,2026-06,,DATA_VERIFICATION_REQUIRED,,WITHHELD,,"['STALE_UPDATE', 'SOURCE_GAP', 'INSUFFICIENT_HISTORY', 'FEATURES_INSUFFICIENT', 'SCHEMA_VERIFICATION', 'SOURCE_PROVENANCE_VERIFICATION']",Review latest project update and verify missing or inconsistent reporting evidence,2025-06,NOT_ELIGIBLE,,officer-decision-v1,alert-policy-v1
PRH-N24002117,2026-06,,DATA_VERIFICATION_REQUIRED,,WITHHELD,,"['STALE_UPDATE', 'SOURCE_GAP', 'INSUFFICIENT_HISTORY', 'FEATURES_INSUFFICIENT', 'SCHEMA_VERIFICATION', 'SOURCE_PROVENANCE_VERIFICATION']",Review latest project update and verify missing or inconsistent reporting evidence,2025-06,NOT_ELIGIBLE,,officer-decision-v1,alert-policy-v1
PRH-N24002118,2026-06,,DATA_VERIFICATION_REQUIRED,,WITHHELD,,"['STALE_UPDATE', 'SOURCE_GAP', 'INSUFFICIENT_HISTORY', 'FEATURES_INSUFFICIENT', 'SCHEMA_VERIFICATION', 'SOURCE_PROVENANCE_VERIFICATION']",Review latest project update and verify missing or inconsistent reporting evidence,2025-06,NOT_ELIGIBLE,,officer-decision-v1,alert-policy-v1
PRH-N24002132,2026-06,,DATA_VERIFICATION_REQUIRED,,WITHHELD,,"['STALE_UPDATE', 'SOURCE_GAP', 'INSUFFICIENT_HISTORY', 'FEATURES_INSUFFICIENT', 'SCHEMA_VERIFICATION', 'SOURCE_PROVENANCE_VERIFICATION']",Review latest project update and verify missing or inconsistent reporting evidence,2025-06,NOT_ELIGIBLE,,officer-decision-v1,alert-policy-v1
PRH-N24002133,2026-06,,DATA_VERIFICATION_REQUIRED,,WITHHELD,,"['STALE_UPDATE', 'SOURCE_GAP', 'INSUFFICIENT_HISTORY', 'FEATURES_INSUFFICIENT', 'SCHEMA_VERIFICATION', 'SOURCE_PROVENANCE_VERIFICATION']",Review latest project update and verify missing or inconsistent reporting evidence,2025-06,NOT_ELIGIBLE,,officer-decision-v1,alert-policy-v1
PRH-N24002134,2026-06,,DATA_VERIFICATION_REQUIRED,,WITHHELD,,"['STALE_UPDATE', 'SOURCE_GAP', 'INSUFFICIENT_HISTORY', 'FEATURES_INSUFFICIENT', 'SCHEMA_VERIFICATION', 'SOURCE_PROVENANCE_VERIFICATION']",Review latest project update and verify missing or inconsistent reporting evidence,2025-06,NOT_ELIGIBLE,,officer-decision-v1,alert-policy-v1
PRH-N24002137,2026-06,,NO_REVIEW_SIGNAL,,WITHHELD,,['COMPLETED_PROJECT'],,2025-05,NOT_ELIGIBLE,,officer-decision-v1,alert-policy-v1
PRH-N24002138,2026-06,,DATA_VERIFICATION_REQUIRED,,WITHHELD,,"['STALE_UPDATE', 'SOURCE_GAP', 'INSUFFICIENT_HISTORY', 'FEATURES_INSUFFICIENT', 'SCHEMA_VERIFICATION', 'SOURCE_PROVENANCE_VERIFICATION']",Review latest project update and verify missing or inconsistent reporting evidence,2025-06,NOT_ELIGIBLE,,officer-decision-v1,alert-policy-v1
PRH-N24002139,2026-06,,DATA_VERIFICATION_REQUIRED,,WITHHELD,,"['STALE_UPDATE', 'SOURCE_GAP', 'INSUFFICIENT_HISTORY', 'FEATURES_INSUFFICIENT', 'SCHEMA_VERIFICATION', 'SOURCE_PROVENANCE_VERIFICATION']",Review latest project update and verify missing or inconsistent reporting evidence,2025-06,NOT_ELIGIBLE,,officer-decision-v1,alert-policy-v1
PRH-N24002140,2026-06,,DATA_VERIFICATION_REQUIRED,,WITHHELD,,"['STALE_UPDATE', 'SOURCE_GAP', 'INSUFFICIENT_HISTORY', 'FEATURES_INSUFFICIENT', 'SCHEMA_VERIFICATION', 'SOURCE_PROVENANCE_VERIFICATION']",Review latest project update and verify missing or inconsistent reporting evidence,2025-06,NOT_ELIGIBLE,,officer-decision-v1,alert-policy-v1
PRH-N24002141,2026-06,,DATA_VERIFICATION_REQUIRED,,WITHHELD,,"['STALE_UPDATE', 'SOURCE_GAP', 'INSUFFICIENT_HISTORY', 'FEATURES_INSUFFICIENT', 'SCHEMA_VERIFICATION', 'SOURCE_PROVENANCE_VERIFICATION']",Review latest project update and verify missing or inconsistent reporting evidence,2025-03,NOT_ELIGIBLE,,officer-decision-v1,alert-policy-v1
PRH-N24002143,2026-06,,DATA_VERIFICATION_REQUIRED,,WITHHELD,,"['STALE_UPDATE', 'SOURCE_GAP', 'INSUFFICIENT_HISTORY', 'FEATURES_INSUFFICIENT', 'SCHEMA_VERIFICATION', 'SOURCE_PROVENANCE_VERIFICATION']",Review latest project update and verify missing or inconsistent reporting evidence,2025-06,NOT_ELIGIBLE,,officer-decision-v1,alert-policy-v1
PRH-N24002144,2026-06,,DATA_VERIFICATION_REQUIRED,,WITHHELD,,"['STALE_UPDATE', 'SOURCE_GAP', 'INSUFFICIENT_HISTORY', 'FEATURES_INSUFFICIENT', 'SCHEMA_VERIFICATION', 'SOURCE_PROVENANCE_VERIFICATION']",Review latest project update and verify missing or inconsistent reporting evidence,2025-06,NOT_ELIGIBLE,,officer-decision-v1,alert-policy-v1
PRH-N24002146,2026-06,,DATA_VERIFICATION_REQUIRED,,WITHHELD,,"['STALE_UPDATE', 'SOURCE_GAP', 'INSUFFICIENT_HISTORY', 'FEATURES_INSUFFICIENT', 'SCHEMA_VERIFICATION', 'SOURCE_PROVENANCE_VERIFICATION']",Review latest project update and verify missing or inconsistent reporting evidence,2025-06,NOT_ELIGIBLE,,officer-decision-v1,alert-policy-v1
PRH-N24002149,2026-06,,DATA_VERIFICATION_REQUIRED,,WITHHELD,,"['STALE_UPDATE', 'SOURCE_GAP', 'INSUFFICIENT_HISTORY', 'FEATURES_INSUFFICIENT', 'SCHEMA_VERIFICATION', 'SOURCE_PROVENANCE_VERIFICATION']",Review latest project update and verify missing or inconsistent reporting evidence,2025-06,NOT_ELIGIBLE,,officer-decision-v1,alert-policy-v1
PRH-N24002151,2026-06,,DATA_VERIFICATION_REQUIRED,,WITHHELD,,"['STALE_UPDATE', 'SOURCE_GAP', 'INSUFFICIENT_HISTORY', 'FEATURES_INSUFFICIENT', 'SCHEMA_VERIFICATION', 'SOURCE_PROVENANCE_VERIFICATION']",Review latest project update and verify missing or inconsistent reporting evidence,2025-06,NOT_ELIGIBLE,,officer-decision-v1,alert-policy-v1
PRH-N24002152,2026-06,,NO_REVIEW_SIGNAL,,WITHHELD,,['COMPLETED_PROJECT'],,2025-06,NOT_ELIGIBLE,,officer-decision-v1,alert-policy-v1
PRH-N24002153,2026-06,,NO_REVIEW_SIGNAL,,WITHHELD,,['COMPLETED_PROJECT'],,2025-06,NOT_ELIGIBLE,,officer-decision-v1,alert-policy-v1
PRH-N24002166,2026-06,,DATA_VERIFICATION_REQUIRED,,WITHHELD,,"['STALE_UPDATE', 'SOURCE_GAP', 'INSUFFICIENT_HISTORY', 'FEATURES_INSUFFICIENT', 'SCHEMA_VERIFICATION', 'SOURCE_PROVENANCE_VERIFICATION']",Review latest project update and verify missing or inconsistent reporting evidence,2025-06,NOT_ELIGIBLE,,officer-decision-v1,alert-policy-v1
PRH-N24002171,2026-06,,DATA_VERIFICATION_REQUIRED,,WITHHELD,,"['STALE_UPDATE', 'SOURCE_GAP', 'INSUFFICIENT_HISTORY', 'FEATURES_INSUFFICIENT', 'SCHEMA_VERIFICATION', 'SOURCE_PROVENANCE_VERIFICATION']",Review latest project update and verify missing or inconsistent reporting evidence,2025-06,NOT_ELIGIBLE,,officer-decision-v1,alert-policy-v1
PRH-N24002172,2026-06,,DATA_VERIFICATION_REQUIRED,,WITHHELD,,"['STALE_UPDATE', 'SOURCE_GAP', 'INSUFFICIENT_HISTORY', 'FEATURES_INSUFFICIENT', 'SCHEMA_VERIFICATION', 'SOURCE_PROVENANCE_VERIFICATION']",Review latest project update and verify missing or inconsistent reporting evidence,2025-06,NOT_ELIGIBLE,,officer-decision-v1,alert-policy-v1
PRH-N24002176,2026-06,,DATA_VERIFICATION_REQUIRED,,WITHHELD,,"['STALE_UPDATE', 'SOURCE_GAP', 'INSUFFICIENT_HISTORY', 'FEATURES_INSUFFICIENT', 'SCHEMA_VERIFICATION', 'SOURCE_PROVENANCE_VERIFICATION']",Review latest project update and verify missing or inconsistent reporting evidence,2025-06,NOT_ELIGIBLE,,officer-decision-v1,alert-policy-v1
PRH-N24002184,2026-06,,DATA_VERIFICATION_REQUIRED,,WITHHELD,,"['STALE_UPDATE', 'SOURCE_GAP', 'INSUFFICIENT_HISTORY', 'FEATURES_INSUFFICIENT', 'SCHEMA_VERIFICATION', 'SOURCE_PROVENANCE_VERIFICATION']",Review latest project update and verify missing or inconsistent reporting evidence,2025-06,NOT_ELIGIBLE,,officer-decision-v1,alert-policy-v1
PRH-N24002186,2026-06,,DATA_VERIFICATION_REQUIRED,,WITHHELD,,"['STALE_UPDATE', 'SOURCE_GAP', 'INSUFFICIENT_HISTORY', 'FEATURES_INSUFFICIENT', 'SCHEMA_VERIFICATION', 'SOURCE_PROVENANCE_VERIFICATION']",Review latest project update and verify missing or inconsistent reporting evidence,2025-06,NOT_ELIGIBLE,,officer-decision-v1,alert-policy-v1
PRH-N24002187,2026-06,,DATA_VERIFICATION_REQUIRED,,WITHHELD,,"['STALE_UPDATE', 'SOURCE_GAP', 'INSUFFICIENT_HISTORY', 'FEATURES_INSUFFICIENT', 'SCHEMA_VERIFICATION', 'SOURCE_PROVENANCE_VERIFICATION']",Review latest project update and verify missing or inconsistent reporting evidence,2025-06,NOT_ELIGIBLE,,officer-decision-v1,alert-policy-v1
PRH-N24002188,2026-06,,DATA_VERIFICATION_REQUIRED,,WITHHELD,,"['STALE_UPDATE', 'SOURCE_GAP', 'INSUFFICIENT_HISTORY', 'FEATURES_INSUFFICIENT', 'SCHEMA_VERIFICATION', 'SOURCE_PROVENANCE_VERIFICATION']",Review latest project update and verify missing or inconsistent reporting evidence,2025-06,NOT_ELIGIBLE,,officer-decision-v1,alert-policy-v1
PRH-N24002189,2026-06,,DATA_VERIFICATION_REQUIRED,,WITHHELD,,"['STALE_UPDATE', 'SOURCE_GAP', 'INSUFFICIENT_HISTORY', 'FEATURES_INSUFFICIENT', 'SCHEMA_VERIFICATION', 'SOURCE_PROVENANCE_VERIFICATION']",Review latest project update and verify missing or inconsistent reporting evidence,2025-06,NOT_ELIGIBLE,,officer-decision-v1,alert-policy-v1
PRH-N24002190,2026-06,,DATA_VERIFICATION_REQUIRED,,WITHHELD,,"['STALE_UPDATE', 'SOURCE_GAP', 'INSUFFICIENT_HISTORY', 'FEATURES_INSUFFICIENT', 'SCHEMA_VERIFICATION', 'SOURCE_PROVENANCE_VERIFICATION']",Review latest project update and verify missing or inconsistent reporting evidence,2025-06,NOT_ELIGIBLE,,officer-decision-v1,alert-policy-v1
PRH-N24002191,2026-06,,DATA_VERIFICATION_REQUIRED,,WITHHELD,,"['STALE_UPDATE', 'SOURCE_GAP', 'INSUFFICIENT_HISTORY', 'FEATURES_INSUFFICIENT', 'SCHEMA_VERIFICATION', 'SOURCE_PROVENANCE_VERIFICATION']",Review latest project update and verify missing or inconsistent reporting evidence,2025-06,NOT_ELIGIBLE,,officer-decision-v1,alert-policy-v1
PRH-N24002192,2026-06,,DATA_VERIFICATION_REQUIRED,,WITHHELD,,"['STALE_UPDATE', 'SOURCE_GAP', 'INSUFFICIENT_HISTORY', 'FEATURES_INSUFFICIENT', 'SCHEMA_VERIFICATION', 'SOURCE_PROVENANCE_VERIFICATION']",Review latest project update and verify missing or inconsistent reporting evidence,2025-06,NOT_ELIGIBLE,,officer-decision-v1,alert-policy-v1
PRH-N24002195,2026-06,,DATA_VERIFICATION_REQUIRED,,WITHHELD,,"['STALE_UPDATE', 'SOURCE_GAP', 'INSUFFICIENT_HISTORY', 'FEATURES_INSUFFICIENT', 'SCHEMA_VERIFICATION', 'SOURCE_PROVENANCE_VERIFICATION']",Review latest project update and verify missing or inconsistent reporting evidence,2025-06,NOT_ELIGIBLE,,officer-decision-v1,alert-policy-v1
PRH-N24002196,2026-06,,DATA_VERIFICATION_REQUIRED,,WITHHELD,,"['STALE_UPDATE', 'SOURCE_GAP', 'INSUFFICIENT_HISTORY', 'FEATURES_INSUFFICIENT', 'SCHEMA_VERIFICATION', 'SOURCE_PROVENANCE_VERIFICATION']",Review latest project update and verify missing or inconsistent reporting evidence,2025-06,NOT_ELIGIBLE,,officer-decision-v1,alert-policy-v1
PRH-N24002200,2026-06,,DATA_VERIFICATION_REQUIRED,,WITHHELD,,"['STALE_UPDATE', 'SOURCE_GAP', 'INSUFFICIENT_HISTORY', 'FEATURES_INSUFFICIENT', 'SCHEMA_VERIFICATION', 'SOURCE_PROVENANCE_VERIFICATION']",Review latest project update and verify missing or inconsistent reporting evidence,2025-06,NOT_ELIGIBLE,,officer-decision-v1,alert-policy-v1
PRH-N24002203,2026-06,,DATA_VERIFICATION_REQUIRED,,WITHHELD,,"['STALE_UPDATE', 'SOURCE_GAP', 'INSUFFICIENT_HISTORY', 'FEATURES_INSUFFICIENT', 'SCHEMA_VERIFICATION', 'SOURCE_PROVENANCE_VERIFICATION']",Review latest project update and verify missing or inconsistent reporting evidence,2025-06,NOT_ELIGIBLE,,officer-decision-v1,alert-policy-v1
PRH-N24002207,2026-06,,DATA_VERIFICATION_REQUIRED,,WITHHELD,,"['STALE_UPDATE', 'SOURCE_GAP', 'INSUFFICIENT_HISTORY', 'FEATURES_INSUFFICIENT', 'SCHEMA_VERIFICATION', 'SOURCE_PROVENANCE_VERIFICATION']",Review latest project update and verify missing or inconsistent reporting evidence,2025-06,NOT_ELIGIBLE,,officer-decision-v1,alert-policy-v1
PRH-N24002208,2026-06,,DATA_VERIFICATION_REQUIRED,,WITHHELD,,"['STALE_UPDATE', 'SOURCE_GAP', 'INSUFFICIENT_HISTORY', 'FEATURES_INSUFFICIENT', 'SCHEMA_VERIFICATION', 'SOURCE_PROVENANCE_VERIFICATION']",Review latest project update and verify missing or inconsistent reporting evidence,2025-06,NOT_ELIGIBLE,,officer-decision-v1,alert-policy-v1
PRH-N24002209,2026-06,,DATA_VERIFICATION_REQUIRED,,WITHHELD,,"['STALE_UPDATE', 'SOURCE_GAP', 'INSUFFICIENT_HISTORY', 'FEATURES_INSUFFICIENT', 'SCHEMA_VERIFICATION', 'SOURCE_PROVENANCE_VERIFICATION']",Review latest project update and verify missing or inconsistent reporting evidence,2025-06,NOT_ELIGIBLE,,officer-decision-v1,alert-policy-v1
PRH-N24002210,2026-06,,DATA_VERIFICATION_REQUIRED,,WITHHELD,,"['STALE_UPDATE', 'SOURCE_GAP', 'INSUFFICIENT_HISTORY', 'FEATURES_INSUFFICIENT', 'SCHEMA_VERIFICATION', 'SOURCE_PROVENANCE_VERIFICATION']",Review latest project update and verify missing or inconsistent reporting evidence,2025-06,NOT_ELIGIBLE,,officer-decision-v1,alert-policy-v1
PRH-N24002212,2026-06,,DATA_VERIFICATION_REQUIRED,,WITHHELD,,"['STALE_UPDATE', 'SOURCE_GAP', 'INSUFFICIENT_HISTORY', 'FEATURES_INSUFFICIENT', 'SCHEMA_VERIFICATION', 'SOURCE_PROVENANCE_VERIFICATION']",Review latest project update and verify missing or inconsistent reporting evidence,2025-06,NOT_ELIGIBLE,,officer-decision-v1,alert-policy-v1
PRH-N24002215,2026-06,,DATA_VERIFICATION_REQUIRED,,WITHHELD,,"['STALE_UPDATE', 'SOURCE_GAP', 'INSUFFICIENT_HISTORY', 'FEATURES_INSUFFICIENT', 'SCHEMA_VERIFICATION', 'SOURCE_PROVENANCE_VERIFICATION']",Review latest project update and verify missing or inconsistent reporting evidence,2025-06,NOT_ELIGIBLE,,officer-decision-v1,alert-policy-v1
PRH-N24002216,2026-06,,DATA_VERIFICATION_REQUIRED,,WITHHELD,,"['STALE_UPDATE', 'SOURCE_GAP', 'INSUFFICIENT_HISTORY', 'FEATURES_INSUFFICIENT', 'SCHEMA_VERIFICATION', 'SOURCE_PROVENANCE_VERIFICATION']",Review latest project update and verify missing or inconsistent reporting evidence,2025-06,NOT_ELIGIBLE,,officer-decision-v1,alert-policy-v1
PRH-N24002217,2026-06,,DATA_VERIFICATION_REQUIRED,,WITHHELD,,"['STALE_UPDATE', 'SOURCE_GAP', 'INSUFFICIENT_HISTORY', 'FEATURES_INSUFFICIENT', 'SCHEMA_VERIFICATION', 'SOURCE_PROVENANCE_VERIFICATION']",Review latest project update and verify missing or inconsistent reporting evidence,2025-06,NOT_ELIGIBLE,,officer-decision-v1,alert-policy-v1
PRH-N24002219,2026-06,,DATA_VERIFICATION_REQUIRED,,WITHHELD,,"['STALE_UPDATE', 'SOURCE_GAP', 'INSUFFICIENT_HISTORY', 'FEATURES_INSUFFICIENT', 'SCHEMA_VERIFICATION', 'SOURCE_PROVENANCE_VERIFICATION']",Review latest project update and verify missing or inconsistent reporting evidence,2025-06,NOT_ELIGIBLE,,officer-decision-v1,alert-policy-v1
PRH-N24002220,2026-06,,DATA_VERIFICATION_REQUIRED,,WITHHELD,,"['STALE_UPDATE', 'SOURCE_GAP', 'INSUFFICIENT_HISTORY', 'FEATURES_INSUFFICIENT', 'SCHEMA_VERIFICATION', 'SOURCE_PROVENANCE_VERIFICATION']",Review latest project update and verify missing or inconsistent reporting evidence,2025-06,NOT_ELIGIBLE,,officer-decision-v1,alert-policy-v1
PRH-N24002221,2026-06,,DATA_VERIFICATION_REQUIRED,,WITHHELD,,"['STALE_UPDATE', 'SOURCE_GAP', 'INSUFFICIENT_HISTORY', 'FEATURES_INSUFFICIENT', 'SCHEMA_VERIFICATION', 'SOURCE_PROVENANCE_VERIFICATION']",Review latest project update and verify missing or inconsistent reporting evidence,2025-06,NOT_ELIGIBLE,,officer-decision-v1,alert-policy-v1
PRH-N24002232,2026-06,,DATA_VERIFICATION_REQUIRED,,WITHHELD,,"['STALE_UPDATE', 'SOURCE_GAP', 'INSUFFICIENT_HISTORY', 'FEATURES_INSUFFICIENT', 'SCHEMA_VERIFICATION', 'SOURCE_PROVENANCE_VERIFICATION']",Review latest project update and verify missing or inconsistent reporting evidence,2025-06,NOT_ELIGIBLE,,officer-decision-v1,alert-policy-v1
PRH-N24002236,2026-06,,DATA_VERIFICATION_REQUIRED,,WITHHELD,,"['STALE_UPDATE', 'SOURCE_GAP', 'INSUFFICIENT_HISTORY', 'FEATURES_INSUFFICIENT', 'SCHEMA_VERIFICATION', 'SOURCE_PROVENANCE_VERIFICATION']",Review latest project update and verify missing or inconsistent reporting evidence,2025-06,NOT_ELIGIBLE,,officer-decision-v1,alert-policy-v1
PRH-N26000101,2026-06,,DATA_VERIFICATION_REQUIRED,,WITHHELD,,"['STALE_UPDATE', 'SOURCE_GAP', 'INSUFFICIENT_HISTORY', 'FEATURES_INSUFFICIENT', 'SCHEMA_VERIFICATION', 'SOURCE_PROVENANCE_VERIFICATION']",Review latest project update and verify missing or inconsistent reporting evidence,2024-07,NOT_ELIGIBLE,,officer-decision-v1,alert-policy-v1
PRH-N26000115,2026-06,,NO_REVIEW_SIGNAL,,WITHHELD,,['COMPLETED_PROJECT'],,2025-06,NOT_ELIGIBLE,,officer-decision-v1,alert-policy-v1
PRH-N26000118,2026-06,,NO_REVIEW_SIGNAL,,WITHHELD,,['COMPLETED_PROJECT'],,2025-06,NOT_ELIGIBLE,,officer-decision-v1,alert-policy-v1
PRH-N28000056,2026-06,,NO_REVIEW_SIGNAL,,WITHHELD,,['COMPLETED_PROJECT'],,2025-06,NOT_ELIGIBLE,,officer-decision-v1,alert-policy-v1
PRH-N28000067,2026-06,,DATA_VERIFICATION_REQUIRED,,WITHHELD,,"['STALE_UPDATE', 'SOURCE_GAP', 'INSUFFICIENT_HISTORY', 'FEATURES_INSUFFICIENT', 'SCHEMA_VERIFICATION', 'SOURCE_PROVENANCE_VERIFICATION']",Review latest project update and verify missing or inconsistent reporting evidence,2025-06,NOT_ELIGIBLE,,officer-decision-v1,alert-policy-v1
PRH-N28000071,2026-06,,NO_REVIEW_SIGNAL,,WITHHELD,,['COMPLETED_PROJECT'],,2025-06,NOT_ELIGIBLE,,officer-decision-v1,alert-policy-v1
PRH-N28000075,2026-06,,DATA_VERIFICATION_REQUIRED,,WITHHELD,,"['STALE_UPDATE', 'SOURCE_GAP', 'INSUFFICIENT_HISTORY', 'FEATURES_INSUFFICIENT', 'SCHEMA_VERIFICATION', 'SOURCE_PROVENANCE_VERIFICATION']",Review latest project update and verify missing or inconsistent reporting evidence,2024-03,NOT_ELIGIBLE,,officer-decision-v1,alert-policy-v1
PRH-N28000081,2026-06,,NO_REVIEW_SIGNAL,,WITHHELD,,['COMPLETED_PROJECT'],,2024-11,NOT_ELIGIBLE,,officer-decision-v1,alert-policy-v1
PRH-N28000084,2026-06,,NO_REVIEW_SIGNAL,,WITHHELD,,['COMPLETED_PROJECT'],,2024-11,NOT_ELIGIBLE,,officer-decision-v1,alert-policy-v1
PRH-N28000089,2026-06,,DATA_VERIFICATION_REQUIRED,,WITHHELD,,"['STALE_UPDATE', 'SOURCE_GAP', 'INSUFFICIENT_HISTORY', 'FEATURES_INSUFFICIENT', 'SCHEMA_VERIFICATION', 'SOURCE_PROVENANCE_VERIFICATION']",Review latest project update and verify missing or inconsistent reporting evidence,2024-03,NOT_ELIGIBLE,,officer-decision-v1,alert-policy-v1
PRH-N28000097,2026-06,,NO_REVIEW_SIGNAL,,WITHHELD,,['COMPLETED_PROJECT'],,2024-11,NOT_ELIGIBLE,,officer-decision-v1,alert-policy-v1
PRH-N28000098,2026-06,,DATA_VERIFICATION_REQUIRED,,WITHHELD,,"['STALE_UPDATE', 'SOURCE_GAP', 'INSUFFICIENT_HISTORY', 'FEATURES_INSUFFICIENT', 'SCHEMA_VERIFICATION', 'SOURCE_PROVENANCE_VERIFICATION']",Review latest project update and verify missing or inconsistent reporting evidence,2025-06,NOT_ELIGIBLE,,officer-decision-v1,alert-policy-v1
PRH-N28000100,2026-06,,NO_REVIEW_SIGNAL,,WITHHELD,,['COMPLETED_PROJECT'],,2025-06,NOT_ELIGIBLE,,officer-decision-v1,alert-policy-v1
PRH-N28000103,2026-06,,DATA_VERIFICATION_REQUIRED,,WITHHELD,,"['STALE_UPDATE', 'SOURCE_GAP', 'INSUFFICIENT_HISTORY', 'FEATURES_INSUFFICIENT', 'SCHEMA_VERIFICATION', 'SOURCE_PROVENANCE_VERIFICATION']",Review latest project update and verify missing or inconsistent reporting evidence,2024-03,NOT_ELIGIBLE,,officer-decision-v1,alert-policy-v1
PRH-N28000104,2026-06,,DATA_VERIFICATION_REQUIRED,,WITHHELD,,"['STALE_UPDATE', 'SOURCE_GAP', 'INSUFFICIENT_HISTORY', 'FEATURES_INSUFFICIENT', 'SCHEMA_VERIFICATION', 'SOURCE_PROVENANCE_VERIFICATION']",Review latest project update and verify missing or inconsistent reporting evidence,2025-04,NOT_ELIGIBLE,,officer-decision-v1,alert-policy-v1
PRH-N28000105,2026-06,,DATA_VERIFICATION_REQUIRED,,WITHHELD,,"['STALE_UPDATE', 'SOURCE_GAP', 'INSUFFICIENT_HISTORY', 'FEATURES_INSUFFICIENT', 'SCHEMA_VERIFICATION', 'SOURCE_PROVENANCE_VERIFICATION']",Review latest project update and verify missing or inconsistent reporting evidence,2025-06,NOT_ELIGIBLE,,officer-decision-v1,alert-policy-v1
PRH-N28000109,2026-06,,NO_REVIEW_SIGNAL,,WITHHELD,,['COMPLETED_PROJECT'],,2025-06,NOT_ELIGIBLE,,officer-decision-v1,alert-policy-v1
PRH-N28000112,2026-06,,NO_REVIEW_SIGNAL,,WITHHELD,,['COMPLETED_PROJECT'],,2025-04,NOT_ELIGIBLE,,officer-decision-v1,alert-policy-v1
PRH-N28000117,2026-06,,NO_REVIEW_SIGNAL,,WITHHELD,,['COMPLETED_PROJECT'],,2025-06,NOT_ELIGIBLE,,officer-decision-v1,alert-policy-v1
PRH-N28000118,2026-06,,DATA_VERIFICATION_REQUIRED,,WITHHELD,,"['STALE_UPDATE', 'SOURCE_GAP', 'INSUFFICIENT_HISTORY', 'FEATURES_INSUFFICIENT', 'SCHEMA_VERIFICATION', 'SOURCE_PROVENANCE_VERIFICATION']",Review latest project update and verify missing or inconsistent reporting evidence,2024-03,NOT_ELIGIBLE,,officer-decision-v1,alert-policy-v1
PRH-N28000120,2026-06,,DATA_VERIFICATION_REQUIRED,,WITHHELD,,"['STALE_UPDATE', 'SOURCE_GAP', 'INSUFFICIENT_HISTORY', 'FEATURES_INSUFFICIENT', 'SCHEMA_VERIFICATION', 'SOURCE_PROVENANCE_VERIFICATION']",Review latest project update and verify missing or inconsistent reporting evidence,2023-09,NOT_ELIGIBLE,,officer-decision-v1,alert-policy-v1
PRH-N28000121,2026-06,,NO_REVIEW_SIGNAL,,WITHHELD,,['COMPLETED_PROJECT'],,2025-05,NOT_ELIGIBLE,,officer-decision-v1,alert-policy-v1
PRH-N28000127,2026-06,,DATA_VERIFICATION_REQUIRED,,WITHHELD,,"['STALE_UPDATE', 'SOURCE_GAP', 'INSUFFICIENT_HISTORY', 'FEATURES_INSUFFICIENT', 'SCHEMA_VERIFICATION', 'SOURCE_PROVENANCE_VERIFICATION']",Review latest project update and verify missing or inconsistent reporting evidence,2024-11,NOT_ELIGIBLE,,officer-decision-v1,alert-policy-v1
PRH-N28000128,2026-06,,DATA_VERIFICATION_REQUIRED,,WITHHELD,,"['STALE_UPDATE', 'SOURCE_GAP', 'INSUFFICIENT_HISTORY', 'FEATURES_INSUFFICIENT', 'SCHEMA_VERIFICATION', 'SOURCE_PROVENANCE_VERIFICATION']",Review latest project update and verify missing or inconsistent reporting evidence,2025-06,NOT_ELIGIBLE,,officer-decision-v1,alert-policy-v1
PRH-N28000129,2026-06,,DATA_VERIFICATION_REQUIRED,,WITHHELD,,"['STALE_UPDATE', 'SOURCE_GAP', 'INSUFFICIENT_HISTORY', 'FEATURES_INSUFFICIENT', 'SCHEMA_VERIFICATION', 'SOURCE_PROVENANCE_VERIFICATION']",Review latest project update and verify missing or inconsistent reporting evidence,2025-06,NOT_ELIGIBLE,,officer-decision-v1,alert-policy-v1
PRH-N28000131,2026-06,,NO_REVIEW_SIGNAL,,WITHHELD,,['COMPLETED_PROJECT'],,2025-06,NOT_ELIGIBLE,,officer-decision-v1,alert-policy-v1
PRH-N28000136,2026-06,,NO_REVIEW_SIGNAL,,WITHHELD,,['COMPLETED_PROJECT'],,2024-11,NOT_ELIGIBLE,,officer-decision-v1,alert-policy-v1
PRH-N28000139,2026-06,,DATA_VERIFICATION_REQUIRED,,WITHHELD,,"['STALE_UPDATE', 'SOURCE_GAP', 'INSUFFICIENT_HISTORY', 'FEATURES_INSUFFICIENT', 'SCHEMA_VERIFICATION', 'SOURCE_PROVENANCE_VERIFICATION']",Review latest project update and verify missing or inconsistent reporting evidence,2024-01,NOT_ELIGIBLE,,officer-decision-v1,alert-policy-v1
PRH-N28000141,2026-06,,NO_REVIEW_SIGNAL,,WITHHELD,,['COMPLETED_PROJECT'],,2025-06,NOT_ELIGIBLE,,officer-decision-v1,alert-policy-v1
PRH-N28000147,2026-06,,DATA_VERIFICATION_REQUIRED,,WITHHELD,,"['STALE_UPDATE', 'SOURCE_GAP', 'INSUFFICIENT_HISTORY', 'FEATURES_INSUFFICIENT', 'SCHEMA_VERIFICATION', 'SOURCE_PROVENANCE_VERIFICATION']",Review latest project update and verify missing or inconsistent reporting evidence,2025-06,NOT_ELIGIBLE,,officer-decision-v1,alert-policy-v1
PRH-N28000149,2026-06,,DATA_VERIFICATION_REQUIRED,,WITHHELD,,"['STALE_UPDATE', 'SOURCE_GAP', 'INSUFFICIENT_HISTORY', 'FEATURES_INSUFFICIENT', 'SCHEMA_VERIFICATION', 'SOURCE_PROVENANCE_VERIFICATION']",Review latest project update and verify missing or inconsistent reporting evidence,2025-06,NOT_ELIGIBLE,,officer-decision-v1,alert-policy-v1
PRH-N28000153,2026-06,,DATA_VERIFICATION_REQUIRED,,WITHHELD,,"['STALE_UPDATE', 'SOURCE_GAP', 'INSUFFICIENT_HISTORY', 'FEATURES_INSUFFICIENT', 'SCHEMA_VERIFICATION', 'SOURCE_PROVENANCE_VERIFICATION']",Review latest project update and verify missing or inconsistent reporting evidence,2025-06,NOT_ELIGIBLE,,officer-decision-v1,alert-policy-v1
PRH-N28000154,2026-06,,DATA_VERIFICATION_REQUIRED,,WITHHELD,,"['STALE_UPDATE', 'SOURCE_GAP', 'INSUFFICIENT_HISTORY', 'FEATURES_INSUFFICIENT', 'SCHEMA_VERIFICATION', 'SOURCE_PROVENANCE_VERIFICATION']",Review latest project update and verify missing or inconsistent reporting evidence,2025-05,NOT_ELIGIBLE,,officer-decision-v1,alert-policy-v1
PRH-N28000156,2026-06,,DATA_VERIFICATION_REQUIRED,,WITHHELD,,"['STALE_UPDATE', 'SOURCE_GAP', 'INSUFFICIENT_HISTORY', 'FEATURES_INSUFFICIENT', 'SCHEMA_VERIFICATION', 'SOURCE_PROVENANCE_VERIFICATION']",Review latest project update and verify missing or inconsistent reporting evidence,2025-06,NOT_ELIGIBLE,,officer-decision-v1,alert-policy-v1
PRH-N28000159,2026-06,,NO_REVIEW_SIGNAL,,WITHHELD,,['COMPLETED_PROJECT'],,2025-05,NOT_ELIGIBLE,,officer-decision-v1,alert-policy-v1
PRH-N30000001,2026-06,,DATA_VERIFICATION_REQUIRED,,WITHHELD,,"['STALE_UPDATE', 'SOURCE_GAP', 'INSUFFICIENT_HISTORY', 'FEATURES_INSUFFICIENT', 'SCHEMA_VERIFICATION', 'SOURCE_PROVENANCE_VERIFICATION']",Review latest project update and verify missing or inconsistent reporting evidence,2024-11,NOT_ELIGIBLE,,officer-decision-v1,alert-policy-v1
PRH-N30000004,2026-06,,NO_REVIEW_SIGNAL,,WITHHELD,,['COMPLETED_PROJECT'],,2025-01,NOT_ELIGIBLE,,officer-decision-v1,alert-policy-v1
PRH-N30000006,2026-06,,NO_REVIEW_SIGNAL,,WITHHELD,,['COMPLETED_PROJECT'],,2025-01,NOT_ELIGIBLE,,officer-decision-v1,alert-policy-v1
PRH-N30000008,2026-06,,NO_REVIEW_SIGNAL,,WITHHELD,,['COMPLETED_PROJECT'],,2025-01,NOT_ELIGIBLE,,officer-decision-v1,alert-policy-v1
PRH-N30000010,2026-06,,NO_REVIEW_SIGNAL,,WITHHELD,,['COMPLETED_PROJECT'],,2025-01,NOT_ELIGIBLE,,officer-decision-v1,alert-policy-v1
PRH-N30000013,2026-06,,NO_REVIEW_SIGNAL,,WITHHELD,,['COMPLETED_PROJECT'],,2025-01,NOT_ELIGIBLE,,officer-decision-v1,alert-policy-v1
PRH-N30000014,2026-06,,NO_REVIEW_SIGNAL,,WITHHELD,,['COMPLETED_PROJECT'],,2025-06,NOT_ELIGIBLE,,officer-decision-v1,alert-policy-v1
PRH-N30000015,2026-06,,NO_REVIEW_SIGNAL,,WITHHELD,,['COMPLETED_PROJECT'],,2025-01,NOT_ELIGIBLE,,officer-decision-v1,alert-policy-v1
PRH-N30000016,2026-06,,NO_REVIEW_SIGNAL,,WITHHELD,,['COMPLETED_PROJECT'],,2025-01,NOT_ELIGIBLE,,officer-decision-v1,alert-policy-v1
PRH-N30000017,2026-06,,NO_REVIEW_SIGNAL,,WITHHELD,,['COMPLETED_PROJECT'],,2025-01,NOT_ELIGIBLE,,officer-decision-v1,alert-policy-v1
PRH-N30000018,2026-06,,DATA_VERIFICATION_REQUIRED,,WITHHELD,,"['STALE_UPDATE', 'SOURCE_GAP', 'INSUFFICIENT_HISTORY', 'FEATURES_INSUFFICIENT', 'SCHEMA_VERIFICATION', 'SOURCE_PROVENANCE_VERIFICATION']",Review latest project update and verify missing or inconsistent reporting evidence,2024-10,NOT_ELIGIBLE,,officer-decision-v1,alert-policy-v1
PRH-N30000019,2026-06,,NO_REVIEW_SIGNAL,,WITHHELD,,['COMPLETED_PROJECT'],,2025-01,NOT_ELIGIBLE,,officer-decision-v1,alert-policy-v1
PRH-N30000021,2026-06,,NO_REVIEW_SIGNAL,,WITHHELD,,['COMPLETED_PROJECT'],,2025-06,NOT_ELIGIBLE,,officer-decision-v1,alert-policy-v1
PRH-N30000022,2026-06,,NO_REVIEW_SIGNAL,,WITHHELD,,['COMPLETED_PROJECT'],,2025-01,NOT_ELIGIBLE,,officer-decision-v1,alert-policy-v1
PRH-N30000024,2026-06,,DATA_VERIFICATION_REQUIRED,,WITHHELD,,"['STALE_UPDATE', 'SOURCE_GAP', 'INSUFFICIENT_HISTORY', 'FEATURES_INSUFFICIENT', 'SCHEMA_VERIFICATION', 'SOURCE_PROVENANCE_VERIFICATION']",Review latest project update and verify missing or inconsistent reporting evidence,2025-06,NOT_ELIGIBLE,,officer-decision-v1,alert-policy-v1
PRH-N30000025,2026-06,,NO_REVIEW_SIGNAL,,WITHHELD,,['COMPLETED_PROJECT'],,2025-01,NOT_ELIGIBLE,,officer-decision-v1,alert-policy-v1
PRH-N30000028,2026-06,,NO_REVIEW_SIGNAL,,WITHHELD,,['COMPLETED_PROJECT'],,2025-01,NOT_ELIGIBLE,,officer-decision-v1,alert-policy-v1
PRH-N30000029,2026-06,,DATA_VERIFICATION_REQUIRED,,WITHHELD,,"['STALE_UPDATE', 'SOURCE_GAP', 'INSUFFICIENT_HISTORY', 'FEATURES_INSUFFICIENT', 'SCHEMA_VERIFICATION', 'SOURCE_PROVENANCE_VERIFICATION']",Review latest project update and verify missing or inconsistent reporting evidence,2024-10,NOT_ELIGIBLE,,officer-decision-v1,alert-policy-v1
PRH-N30000030,2026-06,,DATA_VERIFICATION_REQUIRED,,WITHHELD,,"['STALE_UPDATE', 'SOURCE_GAP', 'INSUFFICIENT_HISTORY', 'FEATURES_INSUFFICIENT', 'SCHEMA_VERIFICATION', 'SOURCE_PROVENANCE_VERIFICATION']",Review latest project update and verify missing or inconsistent reporting evidence,2024-10,NOT_ELIGIBLE,,officer-decision-v1,alert-policy-v1
PRH-N30000031,2026-06,,DATA_VERIFICATION_REQUIRED,,WITHHELD,,"['STALE_UPDATE', 'SOURCE_GAP', 'INSUFFICIENT_HISTORY', 'FEATURES_INSUFFICIENT', 'SCHEMA_VERIFICATION', 'SOURCE_PROVENANCE_VERIFICATION']",Review latest project update and verify missing or inconsistent reporting evidence,2024-10,NOT_ELIGIBLE,,officer-decision-v1,alert-policy-v1
PRH-N30000032,2026-06,,DATA_VERIFICATION_REQUIRED,,WITHHELD,,"['STALE_UPDATE', 'SOURCE_GAP', 'INSUFFICIENT_HISTORY', 'FEATURES_INSUFFICIENT', 'SCHEMA_VERIFICATION', 'SOURCE_PROVENANCE_VERIFICATION']",Review latest project update and verify missing or inconsistent reporting evidence,2025-06,NOT_ELIGIBLE,,officer-decision-v1,alert-policy-v1
PRH-N30000033,2026-06,,DATA_VERIFICATION_REQUIRED,,WITHHELD,,"['STALE_UPDATE', 'SOURCE_GAP', 'INSUFFICIENT_HISTORY', 'FEATURES_INSUFFICIENT', 'SCHEMA_VERIFICATION', 'SOURCE_PROVENANCE_VERIFICATION']",Review latest project update and verify missing or inconsistent reporting evidence,2024-11,NOT_ELIGIBLE,,officer-decision-v1,alert-policy-v1
PRH-N30000034,2026-06,,DATA_VERIFICATION_REQUIRED,,WITHHELD,,"['STALE_UPDATE', 'SOURCE_GAP', 'INSUFFICIENT_HISTORY', 'FEATURES_INSUFFICIENT', 'SCHEMA_VERIFICATION', 'SOURCE_PROVENANCE_VERIFICATION']",Review latest project update and verify missing or inconsistent reporting evidence,2025-06,NOT_ELIGIBLE,,officer-decision-v1,alert-policy-v1
PRH-N30000036,2026-06,,NO_REVIEW_SIGNAL,,WITHHELD,,['COMPLETED_PROJECT'],,2025-06,NOT_ELIGIBLE,,officer-decision-v1,alert-policy-v1
PRH-N30000037,2026-06,,NO_REVIEW_SIGNAL,,WITHHELD,,['COMPLETED_PROJECT'],,2025-01,NOT_ELIGIBLE,,officer-decision-v1,alert-policy-v1
PRH-N30000039,2026-06,,NO_REVIEW_SIGNAL,,WITHHELD,,['COMPLETED_PROJECT'],,2025-06,NOT_ELIGIBLE,,officer-decision-v1,alert-policy-v1
PRH-N30000040,2026-06,,NO_REVIEW_SIGNAL,,WITHHELD,,['COMPLETED_PROJECT'],,2025-01,NOT_ELIGIBLE,,officer-decision-v1,alert-policy-v1
PRH-N30000043,2026-06,,NO_REVIEW_SIGNAL,,WITHHELD,,['COMPLETED_PROJECT'],,2025-01,NOT_ELIGIBLE,,officer-decision-v1,alert-policy-v1
PRH-N30000044,2026-06,,NO_REVIEW_SIGNAL,,WITHHELD,,['COMPLETED_PROJECT'],,2025-06,NOT_ELIGIBLE,,officer-decision-v1,alert-policy-v1
PRH-N30000045,2026-06,,NO_REVIEW_SIGNAL,,WITHHELD,,['COMPLETED_PROJECT'],,2025-01,NOT_ELIGIBLE,,officer-decision-v1,alert-policy-v1
PRH-N30000046,2026-06,,NO_REVIEW_SIGNAL,,WITHHELD,,['COMPLETED_PROJECT'],,2025-01,NOT_ELIGIBLE,,officer-decision-v1,alert-policy-v1
PRH-N30000047,2026-06,,NO_REVIEW_SIGNAL,,WITHHELD,,['COMPLETED_PROJECT'],,2025-01,NOT_ELIGIBLE,,officer-decision-v1,alert-policy-v1
PRH-N30000048,2026-06,,NO_REVIEW_SIGNAL,,WITHHELD,,['COMPLETED_PROJECT'],,2025-01,NOT_ELIGIBLE,,officer-decision-v1,alert-policy-v1
PRH-N30000049,2026-06,,NO_REVIEW_SIGNAL,,WITHHELD,,['COMPLETED_PROJECT'],,2025-01,NOT_ELIGIBLE,,officer-decision-v1,alert-policy-v1
PRH-N38000001,2026-06,,DATA_VERIFICATION_REQUIRED,,WITHHELD,,"['STALE_UPDATE', 'SOURCE_GAP', 'INSUFFICIENT_HISTORY', 'FEATURES_INSUFFICIENT', 'SCHEMA_VERIFICATION', 'SOURCE_PROVENANCE_VERIFICATION']",Review latest project update and verify missing or inconsistent reporting evidence,2025-05,NOT_ELIGIBLE,,officer-decision-v1,alert-policy-v1
PRH-N40000001,2026-06,,DATA_VERIFICATION_REQUIRED,,WITHHELD,,"['STALE_UPDATE', 'SOURCE_GAP', 'INSUFFICIENT_HISTORY', 'FEATURES_INSUFFICIENT', 'SCHEMA_VERIFICATION', 'SOURCE_PROVENANCE_VERIFICATION']",Review latest project update and verify missing or inconsistent reporting evidence,2025-06,NOT_ELIGIBLE,,officer-decision-v1,alert-policy-v1
PRH-N40000002,2026-06,,NO_REVIEW_SIGNAL,,WITHHELD,,['COMPLETED_PROJECT'],,2025-06,NOT_ELIGIBLE,,officer-decision-v1,alert-policy-v1
PRH-N40000003,2026-06,,DATA_VERIFICATION_REQUIRED,,WITHHELD,,"['STALE_UPDATE', 'SOURCE_GAP', 'INSUFFICIENT_HISTORY', 'FEATURES_INSUFFICIENT', 'SCHEMA_VERIFICATION', 'SOURCE_PROVENANCE_VERIFICATION']",Review latest project update and verify missing or inconsistent reporting evidence,2023-10,NOT_ELIGIBLE,,officer-decision-v1,alert-policy-v1
PRH-N42000002,2026-06,,DATA_VERIFICATION_REQUIRED,,WITHHELD,,"['STALE_UPDATE', 'SOURCE_GAP', 'INSUFFICIENT_HISTORY', 'FEATURES_INSUFFICIENT', 'SCHEMA_VERIFICATION', 'SOURCE_PROVENANCE_VERIFICATION']",Review latest project update and verify missing or inconsistent reporting evidence,2025-06,NOT_ELIGIBLE,,officer-decision-v1,alert-policy-v1
PRH-N42000005,2026-06,,DATA_VERIFICATION_REQUIRED,,WITHHELD,,"['STALE_UPDATE', 'SOURCE_GAP', 'INSUFFICIENT_HISTORY', 'FEATURES_INSUFFICIENT', 'SCHEMA_VERIFICATION', 'SOURCE_PROVENANCE_VERIFICATION']",Review latest project update and verify missing or inconsistent reporting evidence,2025-06,NOT_ELIGIBLE,,officer-decision-v1,alert-policy-v1
PRH-N42000006,2026-06,,DATA_VERIFICATION_REQUIRED,,WITHHELD,,"['STALE_UPDATE', 'SOURCE_GAP', 'INSUFFICIENT_HISTORY', 'FEATURES_INSUFFICIENT', 'SCHEMA_VERIFICATION', 'SOURCE_PROVENANCE_VERIFICATION']",Review latest project update and verify missing or inconsistent reporting evidence,2025-06,NOT_ELIGIBLE,,officer-decision-v1,alert-policy-v1
PRH-N42000007,2026-06,,NO_REVIEW_SIGNAL,,WITHHELD,,['COMPLETED_PROJECT'],,2025-06,NOT_ELIGIBLE,,officer-decision-v1,alert-policy-v1
PRH-N42000009,2026-06,,NO_REVIEW_SIGNAL,,WITHHELD,,['COMPLETED_PROJECT'],,2025-06,NOT_ELIGIBLE,,officer-decision-v1,alert-policy-v1
PRH-N42000010,2026-06,,DATA_VERIFICATION_REQUIRED,,WITHHELD,,"['STALE_UPDATE', 'SOURCE_GAP', 'INSUFFICIENT_HISTORY', 'FEATURES_INSUFFICIENT', 'SCHEMA_VERIFICATION', 'SOURCE_PROVENANCE_VERIFICATION']",Review latest project update and verify missing or inconsistent reporting evidence,2025-06,NOT_ELIGIBLE,,officer-decision-v1,alert-policy-v1
PRH-N45000002,2026-06,,DATA_VERIFICATION_REQUIRED,,WITHHELD,,"['STALE_UPDATE', 'SOURCE_GAP', 'INSUFFICIENT_HISTORY', 'FEATURES_INSUFFICIENT', 'SCHEMA_VERIFICATION', 'SOURCE_PROVENANCE_VERIFICATION']",Review latest project update and verify missing or inconsistent reporting evidence,2025-06,NOT_ELIGIBLE,,officer-decision-v1,alert-policy-v1
PRH-N45000003,2026-06,,DATA_VERIFICATION_REQUIRED,,WITHHELD,,"['STALE_UPDATE', 'SOURCE_GAP', 'INSUFFICIENT_HISTORY', 'FEATURES_INSUFFICIENT', 'SCHEMA_VERIFICATION', 'SOURCE_PROVENANCE_VERIFICATION']",Review latest project update and verify missing or inconsistent reporting evidence,2025-04,NOT_ELIGIBLE,,officer-decision-v1,alert-policy-v1
